ISO-10303-21;
HEADER;

/* File generated by Shapr3D Version 26.10.10376.0 */

FILE_DESCRIPTION(('HOOPS Exchange Step'),'2;1');

FILE_NAME('C:\\Users\\sanya\\AppData\\Local\\Packages\\Shapr3D.Shapr3D_dvv5p1vgwv6mp\\TempState\\export\\temp_export',
'2026-02-15T11:52:46+11:00',
('sanya'),
('Shapr3D Limited'),
'HOOPS Exchange 2025.9',
'Shapr3D',
'Authorized');

FILE_SCHEMA( ('AP242_MANAGED_MODEL_BASED_3D_ENGINEERING_MIM_LF {1 0 10303 442 1 1 4}') );

ENDSEC;

DATA;
#3=(NAMED_UNIT(*)PLANE_ANGLE_UNIT()SI_UNIT($,.RADIAN.));
#4=PLANE_ANGLE_MEASURE_WITH_UNIT(PLANE_ANGLE_MEASURE(0.0174532925),#3);
#5=(CONVERSION_BASED_UNIT('DEGREE',#4)NAMED_UNIT(#6)PLANE_ANGLE_UNIT());
#6=DIMENSIONAL_EXPONENTS(0.,0.,0.,0.,0.,0.,0.);
#7=(NAMED_UNIT(*)SI_UNIT($,.STERADIAN.)SOLID_ANGLE_UNIT());
#8=(LENGTH_UNIT()NAMED_UNIT(*)SI_UNIT(.MILLI.,.METRE.));
#9=UNCERTAINTY_MEASURE_WITH_UNIT(LENGTH_MEASURE(1.000000E-05),#8,'DISTANCE_ACCURACY_VALUE','Maximum Tolerance applied to model');
#10=(GEOMETRIC_REPRESENTATION_CONTEXT(3)GLOBAL_UNCERTAINTY_ASSIGNED_CONTEXT((#9))GLOBAL_UNIT_ASSIGNED_CONTEXT((#8,#5,#7))REPRESENTATION_CONTEXT('','main case (battery)'));
#12=CARTESIAN_POINT('',(0.,0.,0.));
#13=DIRECTION('',(0.,0.,1.));
#14=DIRECTION('',(1.,0.,0.));
#15=AXIS2_PLACEMENT_3D('',#12,#13,#14);
#27=CARTESIAN_POINT('',(41.080504823,0.,-30.736182445));
#28=DIRECTION('',(0.866025404,-0.,0.5));
#29=DIRECTION('',(-0.5,-0.,0.866025404));
#30=AXIS2_PLACEMENT_3D('',#27,#28,#29);
#31=PLANE('',#30);
#32=CARTESIAN_POINT('',(32.68829382,15.082699176,-16.200446624));
#33=VERTEX_POINT('',#32);
#34=CARTESIAN_POINT('',(33.292856355,16.395550829,-17.247579628));
#35=VERTEX_POINT('',#34);
#36=CARTESIAN_POINT('',(33.346944232,15.082699176,-17.341262602));
#37=DIRECTION('',(-0.866025404,0.,-0.5));
#38=DIRECTION('',(0.5,0.,-0.866025404));
#39=AXIS2_PLACEMENT_3D('',#36,#37,#38);
#40=CIRCLE('',#39,1.317300824);
#41=EDGE_CURVE('',#33,#35,#40,.T.);
#42=ORIENTED_EDGE('',*,*,#41,.T.);
#43=CARTESIAN_POINT('',(34.263867291,17.351146923,-18.929419905));
#44=VERTEX_POINT('',#43);
#45=CARTESIAN_POINT('',(34.263867281,14.9,-18.92941991));
#46=DIRECTION('',(0.866025404,0.,0.5));
#47=DIRECTION('',(0.5,0.,-0.866025404));
#48=AXIS2_PLACEMENT_3D('',#45,#46,#47);
#49=CIRCLE('',#48,2.451146923);
#50=EDGE_CURVE('',#44,#35,#49,.T.);
#51=ORIENTED_EDGE('',*,*,#50,.F.);
#52=CARTESIAN_POINT('',(38.72871728,17.351146922,-26.662766959));
#53=VERTEX_POINT('',#52);
#54=CARTESIAN_POINT('',(38.72871728,17.351146922,-26.662766959));
#55=DIRECTION('',(-0.5,0.,0.866025404));
#56=VECTOR('',#55,8.9297);
#57=LINE('',#54,#56);
#58=EDGE_CURVE('',#53,#44,#57,.T.);
#59=ORIENTED_EDGE('',*,*,#58,.F.);
#60=CARTESIAN_POINT('',(39.698010996,16.4,-28.341632923));
#61=VERTEX_POINT('',#60);
#62=CARTESIAN_POINT('',(38.72871728,14.9,-26.662766959));
#63=DIRECTION('',(0.866025404,0.,0.5));
#64=DIRECTION('',(0.5,0.,-0.866025404));
#65=AXIS2_PLACEMENT_3D('',#62,#63,#64);
#66=CIRCLE('',#65,2.451146922);
#67=EDGE_CURVE('',#61,#53,#66,.T.);
#68=ORIENTED_EDGE('',*,*,#67,.F.);
#69=CARTESIAN_POINT('',(39.722291534,16.4,-28.383688021));
#70=VERTEX_POINT('',#69);
#71=CARTESIAN_POINT('',(39.722291534,16.4,-28.383688021));
#72=DIRECTION('',(-0.5,-0.,0.866025404));
#73=VECTOR('',#72,0.048561052);
#74=LINE('',#71,#73);
#75=EDGE_CURVE('',#70,#61,#74,.T.);
#76=ORIENTED_EDGE('',*,*,#75,.F.);
#77=CARTESIAN_POINT('',(39.731180257,16.399950914,-28.399083741));
#78=VERTEX_POINT('',#77);
#79=CARTESIAN_POINT('',(39.722291534,13.180758401,-28.383688021));
#80=DIRECTION('',(-0.866025404,0.,-0.5));
#81=DIRECTION('',(0.5,0.,-0.866025404));
#82=AXIS2_PLACEMENT_3D('',#79,#80,#81);
#83=CIRCLE('',#82,3.219241599);
#84=EDGE_CURVE('',#70,#78,#83,.T.);
#85=ORIENTED_EDGE('',*,*,#84,.T.);
#86=CARTESIAN_POINT('',(40.278132551,15.29318017,-29.346432903));
#87=VERTEX_POINT('',#86);
#88=CARTESIAN_POINT('',(39.728143021,15.299967686,-28.393823094));
#89=DIRECTION('',(-0.866025404,0.,-0.5));
#90=DIRECTION('',(0.5,0.,-0.866025404));
#91=AXIS2_PLACEMENT_3D('',#88,#89,#90);
#92=CIRCLE('',#91,1.1);
#93=EDGE_CURVE('',#78,#87,#92,.T.);
#94=ORIENTED_EDGE('',*,*,#93,.T.);
#95=CARTESIAN_POINT('',(40.262504792,10.227938193,-29.31936483));
#96=VERTEX_POINT('',#95);
#97=CARTESIAN_POINT('',(40.262504792,10.227938193,-29.31936483));
#98=DIRECTION('',(0.003085235,0.999980962,-0.005343784));
#99=VECTOR('',#98,5.065338408);
#100=LINE('',#97,#99);
#101=EDGE_CURVE('',#96,#87,#100,.T.);
#102=ORIENTED_EDGE('',*,*,#101,.F.);
#103=CARTESIAN_POINT('',(40.262504792,9.227938193,-29.31936483));
#104=VERTEX_POINT('',#103);
#105=CARTESIAN_POINT('',(40.262504792,9.227938193,-29.31936483));
#106=DIRECTION('',(0.,1.,-0.));
#107=VECTOR('',#106,1.);
#108=LINE('',#105,#107);
#109=EDGE_CURVE('',#104,#96,#108,.T.);
#110=ORIENTED_EDGE('',*,*,#109,.F.);
#111=CARTESIAN_POINT('',(39.846292292,9.227938193,-28.598463634));
#112=VERTEX_POINT('',#111);
#113=CARTESIAN_POINT('',(39.846292292,9.227938193,-28.598463634));
#114=DIRECTION('',(0.5,0.,-0.866025404));
#115=VECTOR('',#114,0.832425);
#116=LINE('',#113,#115);
#117=EDGE_CURVE('',#112,#104,#116,.T.);
#118=ORIENTED_EDGE('',*,*,#117,.F.);
#119=CARTESIAN_POINT('',(39.846292292,-14.044834029,-28.598463634));
#120=VERTEX_POINT('',#119);
#121=CARTESIAN_POINT('',(39.846292292,-14.044834029,-28.598463634));
#122=DIRECTION('',(0.,1.,0.));
#123=VECTOR('',#122,23.272772222);
#124=LINE('',#121,#123);
#125=EDGE_CURVE('',#120,#112,#124,.T.);
#126=ORIENTED_EDGE('',*,*,#125,.F.);
#127=CARTESIAN_POINT('',(39.954290741,-14.4,-28.785522462));
#128=VERTEX_POINT('',#127);
#129=CARTESIAN_POINT('',(39.754290753,-14.4,-28.439112294));
#130=DIRECTION('',(-0.866025404,0.,-0.5));
#131=DIRECTION('',(0.5,0.,-0.866025404));
#132=AXIS2_PLACEMENT_3D('',#129,#130,#131);
#133=CIRCLE('',#132,0.4);
#134=EDGE_CURVE('',#120,#128,#133,.T.);
#135=ORIENTED_EDGE('',*,*,#134,.T.);
#136=CARTESIAN_POINT('',(39.954290741,-14.9,-28.785522462));
#137=VERTEX_POINT('',#136);
#138=CARTESIAN_POINT('',(39.954290741,-14.9,-28.785522462));
#139=DIRECTION('',(0.,1.,-0.));
#140=VECTOR('',#139,0.5);
#141=LINE('',#138,#140);
#142=EDGE_CURVE('',#137,#128,#141,.T.);
#143=ORIENTED_EDGE('',*,*,#142,.F.);
#144=CARTESIAN_POINT('',(38.728717291,-17.351146922,-26.662766952));
#145=VERTEX_POINT('',#144);
#146=CARTESIAN_POINT('',(38.72871728,-14.9,-26.662766959));
#147=DIRECTION('',(0.866025404,0.,0.5));
#148=DIRECTION('',(0.5,0.,-0.866025404));
#149=AXIS2_PLACEMENT_3D('',#146,#147,#148);
#150=CIRCLE('',#149,2.451146922);
#151=EDGE_CURVE('',#145,#137,#150,.T.);
#152=ORIENTED_EDGE('',*,*,#151,.F.);
#153=CARTESIAN_POINT('',(34.263867281,-17.351146923,-18.92941991));
#154=VERTEX_POINT('',#153);
#155=CARTESIAN_POINT('',(34.263867281,-17.351146923,-18.92941991));
#156=DIRECTION('',(0.5,0.,-0.866025404));
#157=VECTOR('',#156,8.9297);
#158=LINE('',#155,#157);
#159=EDGE_CURVE('',#154,#145,#158,.T.);
#160=ORIENTED_EDGE('',*,*,#159,.F.);
#161=CARTESIAN_POINT('',(33.183964478,-16.0590345,-17.058973386));
#162=VERTEX_POINT('',#161);
#163=CARTESIAN_POINT('',(34.263867281,-14.9,-18.92941991));
#164=DIRECTION('',(0.866025404,0.,0.5));
#165=DIRECTION('',(0.5,0.,-0.866025404));
#166=AXIS2_PLACEMENT_3D('',#163,#164,#165);
#167=CIRCLE('',#166,2.451146923);
#168=EDGE_CURVE('',#162,#154,#167,.T.);
#169=ORIENTED_EDGE('',*,*,#168,.F.);
#170=CARTESIAN_POINT('',(32.68829382,-14.782699176,-16.200446624));
#171=VERTEX_POINT('',#170);
#172=CARTESIAN_POINT('',(33.346944232,-14.782699176,-17.341262602));
#173=DIRECTION('',(0.866025404,0.,0.5));
#174=DIRECTION('',(0.5,0.,-0.866025404));
#175=AXIS2_PLACEMENT_3D('',#172,#173,#174);
#176=CIRCLE('',#175,1.317300824);
#177=EDGE_CURVE('',#171,#162,#176,.T.);
#178=ORIENTED_EDGE('',*,*,#177,.F.);
#179=CARTESIAN_POINT('',(32.68829382,-8.417085318,-16.200446624));
#180=VERTEX_POINT('',#179);
#181=CARTESIAN_POINT('',(32.68829382,-14.782699176,-16.200446624));
#182=DIRECTION('',(0.,1.,-0.));
#183=VECTOR('',#182,6.365613858);
#184=LINE('',#181,#183);
#185=EDGE_CURVE('',#171,#180,#184,.T.);
#186=ORIENTED_EDGE('',*,*,#185,.T.);
#187=CARTESIAN_POINT('',(32.899928515,-8.236869561,-16.567008667));
#188=VERTEX_POINT('',#187);
#189=CARTESIAN_POINT('',(32.813293829,-8.417085318,-16.41695297));
#190=DIRECTION('',(-0.866025404,0.,-0.5));
#191=DIRECTION('',(0.5,0.,-0.866025404));
#192=AXIS2_PLACEMENT_3D('',#189,#190,#191);
#193=CIRCLE('',#192,0.25);
#194=EDGE_CURVE('',#180,#188,#193,.T.);
#195=ORIENTED_EDGE('',*,*,#194,.T.);
#196=CARTESIAN_POINT('',(33.116085373,-8.763079024,-16.941403329));
#197=VERTEX_POINT('',#196);
#198=CARTESIAN_POINT('',(31.891611291,-10.334350861,-14.820552006));
#199=DIRECTION('',(0.866025404,0.,0.5));
#200=DIRECTION('',(0.5,0.,-0.866025404));
#201=AXIS2_PLACEMENT_3D('',#198,#199,#200);
#202=CIRCLE('',#201,2.90968079);
#203=EDGE_CURVE('',#197,#188,#202,.T.);
#204=ORIENTED_EDGE('',*,*,#203,.F.);
#205=CARTESIAN_POINT('',(33.34629229,-8.628075225,-17.340133385));
#206=VERTEX_POINT('',#205);
#207=CARTESIAN_POINT('',(33.221292281,-8.628075225,-17.123627039));
#208=DIRECTION('',(0.866025404,-0.,0.5));
#209=DIRECTION('',(0.5,0.,-0.866025404));
#210=AXIS2_PLACEMENT_3D('',#207,#208,#209);
#211=CIRCLE('',#210,0.25);
#212=EDGE_CURVE('',#197,#206,#211,.T.);
#213=ORIENTED_EDGE('',*,*,#212,.T.);
#214=CARTESIAN_POINT('',(33.34629229,8.628075225,-17.340133385));
#215=VERTEX_POINT('',#214);
#216=CARTESIAN_POINT('',(33.34629229,-8.628075225,-17.340133385));
#217=DIRECTION('',(0.,1.,0.));
#218=VECTOR('',#217,17.25615045);
#219=LINE('',#216,#218);
#220=EDGE_CURVE('',#206,#215,#219,.T.);
#221=ORIENTED_EDGE('',*,*,#220,.T.);
#222=CARTESIAN_POINT('',(33.116085373,8.763079024,-16.941403329));
#223=VERTEX_POINT('',#222);
#224=CARTESIAN_POINT('',(33.22129229,8.628075225,-17.123627034));
#225=DIRECTION('',(0.866025404,-0.,0.5));
#226=DIRECTION('',(0.5,0.,-0.866025404));
#227=AXIS2_PLACEMENT_3D('',#224,#225,#226);
#228=CIRCLE('',#227,0.25);
#229=EDGE_CURVE('',#215,#223,#228,.T.);
#230=ORIENTED_EDGE('',*,*,#229,.T.);
#231=CARTESIAN_POINT('',(32.899928515,8.236869561,-16.567008667));
#232=VERTEX_POINT('',#231);
#233=CARTESIAN_POINT('',(31.891611291,10.334350861,-14.820552006));
#234=DIRECTION('',(-0.866025404,0.,-0.5));
#235=DIRECTION('',(0.5,0.,-0.866025404));
#236=AXIS2_PLACEMENT_3D('',#233,#234,#235);
#237=CIRCLE('',#236,2.90968079);
#238=EDGE_CURVE('',#223,#232,#237,.T.);
#239=ORIENTED_EDGE('',*,*,#238,.T.);
#240=CARTESIAN_POINT('',(32.68829382,8.417085318,-16.200446624));
#241=VERTEX_POINT('',#240);
#242=CARTESIAN_POINT('',(32.813293829,8.417085318,-16.41695297));
#243=DIRECTION('',(-0.866025404,0.,-0.5));
#244=DIRECTION('',(0.5,0.,-0.866025404));
#245=AXIS2_PLACEMENT_3D('',#242,#243,#244);
#246=CIRCLE('',#245,0.25);
#247=EDGE_CURVE('',#232,#241,#246,.T.);
#248=ORIENTED_EDGE('',*,*,#247,.T.);
#249=CARTESIAN_POINT('',(32.68829382,15.082699176,-16.200446624));
#250=DIRECTION('',(0.,-1.,-0.));
#251=VECTOR('',#250,6.665613858);
#252=LINE('',#249,#251);
#253=EDGE_CURVE('',#33,#241,#252,.T.);
#254=ORIENTED_EDGE('',*,*,#253,.F.);
#255=EDGE_LOOP('',(#42,#51,#59,#68,#76,#85,#94,#102,#110,#118,#126,#135,#143,#152,#160,#169,#178,#186,#195,#204,#213,#221,#230,#239,#248,#254));
#256=FACE_BOUND('',#255,.T.);
#257=CARTESIAN_POINT('',(34.263867291,-18.351146923,-18.929419905));
#258=VERTEX_POINT('',#257);
#259=CARTESIAN_POINT('',(32.538293829,-14.9,-15.940638998));
#260=VERTEX_POINT('',#259);
#261=CARTESIAN_POINT('',(34.263867291,-14.9,-18.929419905));
#262=DIRECTION('',(-0.866025404,0.,-0.5));
#263=DIRECTION('',(0.5,0.,-0.866025404));
#264=AXIS2_PLACEMENT_3D('',#261,#262,#263);
#265=CIRCLE('',#264,3.451146923);
#266=EDGE_CURVE('',#258,#260,#265,.T.);
#267=ORIENTED_EDGE('',*,*,#266,.F.);
#268=CARTESIAN_POINT('',(38.728717291,-18.351146922,-26.662766953));
#269=VERTEX_POINT('',#268);
#270=CARTESIAN_POINT('',(38.728717291,-18.351146922,-26.662766953));
#271=CARTESIAN_POINT('',(37.240433958,-18.351146922,-24.084984603));
#272=CARTESIAN_POINT('',(35.752150624,-18.351146922,-21.507202254));
#273=CARTESIAN_POINT('',(34.263867291,-18.351146923,-18.929419905));
#274=B_SPLINE_CURVE_WITH_KNOTS('',3,(#270,#271,#272,#273),.UNSPECIFIED.,.F.,.F.,(4,4),(0.008985718,0.017915418),.UNSPECIFIED.);
#275=EDGE_CURVE('',#269,#258,#274,.T.);
#276=ORIENTED_EDGE('',*,*,#275,.F.);
#277=CARTESIAN_POINT('',(40.454290753,-14.9,-29.651547859));
#278=VERTEX_POINT('',#277);
#279=CARTESIAN_POINT('',(38.728717291,-14.9,-26.662766952));
#280=DIRECTION('',(-0.866025404,0.,-0.5));
#281=DIRECTION('',(0.5,0.,-0.866025404));
#282=AXIS2_PLACEMENT_3D('',#279,#280,#281);
#283=CIRCLE('',#282,3.451146922);
#284=EDGE_CURVE('',#278,#269,#283,.T.);
#285=ORIENTED_EDGE('',*,*,#284,.F.);
#286=CARTESIAN_POINT('',(40.454290753,14.9,-29.651547859));
#287=VERTEX_POINT('',#286);
#288=CARTESIAN_POINT('',(40.454290753,14.9,-29.651547859));
#289=DIRECTION('',(0.,-1.,-0.));
#290=VECTOR('',#289,29.8);
#291=LINE('',#288,#290);
#292=EDGE_CURVE('',#287,#278,#291,.T.);
#293=ORIENTED_EDGE('',*,*,#292,.F.);
#294=CARTESIAN_POINT('',(38.728717291,18.351146922,-26.662766953));
#295=VERTEX_POINT('',#294);
#296=CARTESIAN_POINT('',(38.728717291,14.9,-26.662766952));
#297=DIRECTION('',(-0.866025404,0.,-0.5));
#298=DIRECTION('',(0.5,0.,-0.866025404));
#299=AXIS2_PLACEMENT_3D('',#296,#297,#298);
#300=CIRCLE('',#299,3.451146922);
#301=EDGE_CURVE('',#295,#287,#300,.T.);
#302=ORIENTED_EDGE('',*,*,#301,.F.);
#303=CARTESIAN_POINT('',(34.263867291,18.351146923,-18.929419905));
#304=VERTEX_POINT('',#303);
#305=CARTESIAN_POINT('',(34.263867291,18.351146923,-18.929419905));
#306=CARTESIAN_POINT('',(35.752150624,18.351146922,-21.507202254));
#307=CARTESIAN_POINT('',(37.240433958,18.351146922,-24.084984603));
#308=CARTESIAN_POINT('',(38.728717291,18.351146922,-26.662766953));
#309=B_SPLINE_CURVE_WITH_KNOTS('',3,(#305,#306,#307,#308),.UNSPECIFIED.,.F.,.F.,(4,4),(0.008985718,0.017915418),.UNSPECIFIED.);
#310=EDGE_CURVE('',#304,#295,#309,.T.);
#311=ORIENTED_EDGE('',*,*,#310,.F.);
#312=CARTESIAN_POINT('',(32.538293829,14.9,-15.940638998));
#313=VERTEX_POINT('',#312);
#314=CARTESIAN_POINT('',(34.263867291,14.9,-18.929419905));
#315=DIRECTION('',(-0.866025404,0.,-0.5));
#316=DIRECTION('',(0.5,0.,-0.866025404));
#317=AXIS2_PLACEMENT_3D('',#314,#315,#316);
#318=CIRCLE('',#317,3.451146923);
#319=EDGE_CURVE('',#313,#304,#318,.T.);
#320=ORIENTED_EDGE('',*,*,#319,.F.);
#321=CARTESIAN_POINT('',(32.538293829,-14.9,-15.940638998));
#322=DIRECTION('',(-0.,1.,0.));
#323=VECTOR('',#322,29.8);
#324=LINE('',#321,#323);
#325=EDGE_CURVE('',#260,#313,#324,.T.);
#326=ORIENTED_EDGE('',*,*,#325,.F.);
#327=EDGE_LOOP('',(#267,#276,#285,#293,#302,#311,#320,#326));
#328=FACE_BOUND('',#327,.T.);
#329=ADVANCED_FACE('',(#256,#328),#31,.T.);
#330=CARTESIAN_POINT('',(30.739568122,-14.782699176,-18.846631901));
#331=DIRECTION('',(0.866025404,0.,0.5));
#332=DIRECTION('',(0.5,0.,-0.866025404));
#333=AXIS2_PLACEMENT_3D('',#330,#331,#332);
#334=CYLINDRICAL_SURFACE('',#333,1.317300824);
#335=ORIENTED_EDGE('',*,*,#177,.T.);
#336=CARTESIAN_POINT('',(32.750951776,-16.0590345,-17.308973386));
#337=VERTEX_POINT('',#336);
#338=CARTESIAN_POINT('',(32.750951776,-16.0590345,-17.308973386));
#339=DIRECTION('',(0.866025404,0.,0.5));
#340=VECTOR('',#339,0.5);
#341=LINE('',#338,#340);
#342=EDGE_CURVE('',#337,#162,#341,.T.);
#343=ORIENTED_EDGE('',*,*,#342,.F.);
#344=CARTESIAN_POINT('',(32.91393153,-16.1,-17.591262602));
#345=VERTEX_POINT('',#344);
#346=CARTESIAN_POINT('',(32.91393153,-14.782699176,-17.591262602));
#347=DIRECTION('',(-0.866025404,-0.,-0.5));
#348=DIRECTION('',(0.5,0.,-0.866025404));
#349=AXIS2_PLACEMENT_3D('',#346,#347,#348);
#350=CIRCLE('',#349,1.317300824);
#351=EDGE_CURVE('',#345,#337,#350,.T.);
#352=ORIENTED_EDGE('',*,*,#351,.F.);
#353=CARTESIAN_POINT('',(30.741300173,-16.1,-18.845631901));
#354=VERTEX_POINT('',#353);
#355=CARTESIAN_POINT('',(30.741300173,-16.1,-18.845631901));
#356=DIRECTION('',(0.866025404,0.,0.5));
#357=VECTOR('',#356,2.508738598);
#358=LINE('',#355,#357);
#359=EDGE_CURVE('',#354,#345,#358,.T.);
#360=ORIENTED_EDGE('',*,*,#359,.F.);
#361=CARTESIAN_POINT('',(30.082649761,-14.782699176,-17.704815923));
#362=VERTEX_POINT('',#361);
#363=CARTESIAN_POINT('',(30.741300173,-14.782699176,-18.845631901));
#364=DIRECTION('',(0.866025404,0.,0.5));
#365=DIRECTION('',(-0.5,-0.,0.866025404));
#366=AXIS2_PLACEMENT_3D('',#363,#364,#365);
#367=CIRCLE('',#366,1.317300824);
#368=EDGE_CURVE('',#362,#354,#367,.T.);
#369=ORIENTED_EDGE('',*,*,#368,.F.);
#370=CARTESIAN_POINT('',(30.082649761,-14.782699176,-17.704815923));
#371=DIRECTION('',(0.866025404,0.,0.5));
#372=VECTOR('',#371,3.008738598);
#373=LINE('',#370,#372);
#374=EDGE_CURVE('',#362,#171,#373,.T.);
#375=ORIENTED_EDGE('',*,*,#374,.T.);
#376=EDGE_LOOP('',(#335,#343,#352,#360,#369,#375));
#377=FACE_BOUND('',#376,.T.);
#378=ADVANCED_FACE('',(#377),#334,.F.);
#379=CARTESIAN_POINT('',(10.756839838,0.,15.168468749));
#380=DIRECTION('',(-0.866025404,0.,-0.5));
#381=DIRECTION('',(0.5,0.,-0.866025404));
#382=AXIS2_PLACEMENT_3D('',#379,#380,#381);
#383=PLANE('',#382);
#384=CARTESIAN_POINT('',(36.980840596,-15.5,-30.252832941));
#385=VERTEX_POINT('',#384);
#386=CARTESIAN_POINT('',(36.880840596,-15.5,-30.07962786));
#387=VERTEX_POINT('',#386);
#388=CARTESIAN_POINT('',(36.980840596,-15.5,-30.252832941));
#389=DIRECTION('',(-0.5,0.,0.866025404));
#390=VECTOR('',#389,0.2);
#391=LINE('',#388,#390);
#392=EDGE_CURVE('',#385,#387,#391,.T.);
#393=ORIENTED_EDGE('',*,*,#392,.F.);
#394=CARTESIAN_POINT('',(36.980840596,15.5,-30.252832941));
#395=VERTEX_POINT('',#394);
#396=CARTESIAN_POINT('',(36.980840596,-15.5,-30.252832941));
#397=DIRECTION('',(0.,1.,0.));
#398=VECTOR('',#397,31.);
#399=LINE('',#396,#398);
#400=EDGE_CURVE('',#385,#395,#399,.T.);
#401=ORIENTED_EDGE('',*,*,#400,.T.);
#402=CARTESIAN_POINT('',(36.880840596,15.5,-30.07962786));
#403=VERTEX_POINT('',#402);
#404=CARTESIAN_POINT('',(36.880840596,15.5,-30.07962786));
#405=DIRECTION('',(0.5,0.,-0.866025404));
#406=VECTOR('',#405,0.2);
#407=LINE('',#404,#406);
#408=EDGE_CURVE('',#403,#395,#407,.T.);
#409=ORIENTED_EDGE('',*,*,#408,.F.);
#410=CARTESIAN_POINT('',(36.880840596,-15.5,-30.07962786));
#411=DIRECTION('',(0.,1.,0.));
#412=VECTOR('',#411,31.);
#413=LINE('',#410,#412);
#414=EDGE_CURVE('',#387,#403,#413,.T.);
#415=ORIENTED_EDGE('',*,*,#414,.F.);
#416=EDGE_LOOP('',(#393,#401,#409,#415));
#417=FACE_BOUND('',#416,.T.);
#418=ADVANCED_FACE('',(#417),#383,.F.);
#419=CARTESIAN_POINT('',(38.043474168,-12.5,-29.408381054));
#420=DIRECTION('',(-0.5,0.,0.866025404));
#421=DIRECTION('',(-0.866025404,0.,-0.5));
#422=AXIS2_PLACEMENT_3D('',#419,#420,#421);
#423=PLANE('',#422);
#424=ORIENTED_EDGE('',*,*,#414,.T.);
#425=CARTESIAN_POINT('',(36.65783906,15.5,-30.208377857));
#426=VERTEX_POINT('',#425);
#427=CARTESIAN_POINT('',(36.880840596,15.5,-30.07962786));
#428=DIRECTION('',(-0.866025404,0.,-0.5));
#429=VECTOR('',#428,0.257499994);
#430=LINE('',#427,#429);
#431=EDGE_CURVE('',#403,#426,#430,.T.);
#432=ORIENTED_EDGE('',*,*,#431,.T.);
#433=CARTESIAN_POINT('',(36.65783906,-15.5,-30.208377857));
#434=VERTEX_POINT('',#433);
#435=CARTESIAN_POINT('',(36.65783906,-15.5,-30.208377857));
#436=DIRECTION('',(0.,1.,0.));
#437=VECTOR('',#436,31.);
#438=LINE('',#435,#437);
#439=EDGE_CURVE('',#434,#426,#438,.T.);
#440=ORIENTED_EDGE('',*,*,#439,.F.);
#441=CARTESIAN_POINT('',(36.880840596,-15.5,-30.07962786));
#442=DIRECTION('',(-0.866025404,0.,-0.5));
#443=VECTOR('',#442,0.257499994);
#444=LINE('',#441,#443);
#445=EDGE_CURVE('',#387,#434,#444,.T.);
#446=ORIENTED_EDGE('',*,*,#445,.F.);
#447=EDGE_LOOP('',(#424,#432,#440,#446));
#448=FACE_BOUND('',#447,.T.);
#449=ADVANCED_FACE('',(#448),#423,.T.);
#450=CARTESIAN_POINT('',(31.643474168,-12.5,-18.323255886));
#451=DIRECTION('',(0.5,0.,-0.866025404));
#452=DIRECTION('',(0.866025404,0.,0.5));
#453=AXIS2_PLACEMENT_3D('',#450,#451,#452);
#454=PLANE('',#453);
#455=CARTESIAN_POINT('',(30.257839059,15.5,-19.12325269));
#456=VERTEX_POINT('',#455);
#457=CARTESIAN_POINT('',(30.740648222,15.5,-18.844502689));
#458=VERTEX_POINT('',#457);
#459=CARTESIAN_POINT('',(30.257839059,15.5,-19.12325269));
#460=DIRECTION('',(0.866025404,0.,0.5));
#461=VECTOR('',#460,0.557500001);
#462=LINE('',#459,#461);
#463=EDGE_CURVE('',#456,#458,#462,.T.);
#464=ORIENTED_EDGE('',*,*,#463,.T.);
#465=CARTESIAN_POINT('',(30.740648222,8.227926275,-18.84450269));
#466=VERTEX_POINT('',#465);
#467=CARTESIAN_POINT('',(30.740648222,15.5,-18.844502689));
#468=DIRECTION('',(-0.,-1.,-0.));
#469=VECTOR('',#468,7.272073725);
#470=LINE('',#467,#469);
#471=EDGE_CURVE('',#458,#466,#470,.T.);
#472=ORIENTED_EDGE('',*,*,#471,.T.);
#473=CARTESIAN_POINT('',(30.827250758,7.927926282,-18.794502692));
#474=VERTEX_POINT('',#473);
#475=CARTESIAN_POINT('',(30.827250758,7.927926282,-18.794502692));
#476=CARTESIAN_POINT('',(30.771257547,8.014133471,-18.826830387));
#477=CARTESIAN_POINT('',(30.740648222,8.120137411,-18.84450269));
#478=CARTESIAN_POINT('',(30.740648222,8.227926275,-18.84450269));
#479=B_SPLINE_CURVE_WITH_KNOTS('',3,(#475,#476,#477,#478),.UNSPECIFIED.,.F.,.F.,(4,4),(0.,0.000322066),.UNSPECIFIED.);
#480=EDGE_CURVE('',#474,#466,#479,.T.);
#481=ORIENTED_EDGE('',*,*,#480,.F.);
#482=CARTESIAN_POINT('',(31.606673625,8.227926275,-18.34450269));
#483=VERTEX_POINT('',#482);
#484=CARTESIAN_POINT('',(31.173660924,8.227926275,-18.59450269));
#485=DIRECTION('',(0.5,-0.,-0.866025404));
#486=DIRECTION('',(0.866025404,0.,0.5));
#487=AXIS2_PLACEMENT_3D('',#484,#485,#486);
#488=CIRCLE('',#487,0.5);
#489=EDGE_CURVE('',#483,#474,#488,.T.);
#490=ORIENTED_EDGE('',*,*,#489,.F.);
#491=CARTESIAN_POINT('',(31.606673625,8.628075226,-18.34450269));
#492=VERTEX_POINT('',#491);
#493=CARTESIAN_POINT('',(31.606673625,8.227926275,-18.34450269));
#494=DIRECTION('',(0.,1.,0.));
#495=VECTOR('',#494,0.400148951);
#496=LINE('',#493,#495);
#497=EDGE_CURVE('',#483,#492,#496,.T.);
#498=ORIENTED_EDGE('',*,*,#497,.T.);
#499=CARTESIAN_POINT('',(31.606673625,8.628075226,-18.34450269));
#500=CARTESIAN_POINT('',(32.186546514,8.628075225,-18.009712922));
#501=CARTESIAN_POINT('',(32.766419402,8.628075225,-17.674923153));
#502=CARTESIAN_POINT('',(33.34629229,8.628075225,-17.340133385));
#503=B_SPLINE_CURVE_WITH_KNOTS('',3,(#499,#500,#501,#502),.UNSPECIFIED.,.F.,.F.,(4,4),(0.005814992,0.007823731),.UNSPECIFIED.);
#504=EDGE_CURVE('',#492,#215,#503,.T.);
#505=ORIENTED_EDGE('',*,*,#504,.T.);
#506=ORIENTED_EDGE('',*,*,#220,.F.);
#507=CARTESIAN_POINT('',(31.606673626,-8.628075226,-18.344502689));
#508=VERTEX_POINT('',#507);
#509=CARTESIAN_POINT('',(33.34629229,-8.628075225,-17.340133385));
#510=CARTESIAN_POINT('',(32.766419402,-8.628075225,-17.674923153));
#511=CARTESIAN_POINT('',(32.186546514,-8.628075225,-18.009712921));
#512=CARTESIAN_POINT('',(31.606673626,-8.628075226,-18.344502689));
#513=B_SPLINE_CURVE_WITH_KNOTS('',3,(#509,#510,#511,#512),.UNSPECIFIED.,.F.,.F.,(4,4),(0.005814992,0.007823731),.UNSPECIFIED.);
#514=EDGE_CURVE('',#206,#508,#513,.T.);
#515=ORIENTED_EDGE('',*,*,#514,.T.);
#516=CARTESIAN_POINT('',(31.606673626,-8.227926275,-18.34450269));
#517=VERTEX_POINT('',#516);
#518=CARTESIAN_POINT('',(31.606673626,-8.227926275,-18.34450269));
#519=DIRECTION('',(0.,-1.,0.));
#520=VECTOR('',#519,0.400148951);
#521=LINE('',#518,#520);
#522=EDGE_CURVE('',#517,#508,#521,.T.);
#523=ORIENTED_EDGE('',*,*,#522,.F.);
#524=CARTESIAN_POINT('',(30.827250758,-7.927926282,-18.794502692));
#525=VERTEX_POINT('',#524);
#526=CARTESIAN_POINT('',(31.173660924,-8.227926275,-18.59450269));
#527=DIRECTION('',(-0.5,0.,0.866025404));
#528=DIRECTION('',(0.866025404,0.,0.5));
#529=AXIS2_PLACEMENT_3D('',#526,#527,#528);
#530=CIRCLE('',#529,0.5);
#531=EDGE_CURVE('',#517,#525,#530,.T.);
#532=ORIENTED_EDGE('',*,*,#531,.T.);
#533=CARTESIAN_POINT('',(30.740648222,-8.227926275,-18.84450269));
#534=VERTEX_POINT('',#533);
#535=CARTESIAN_POINT('',(30.740648222,-8.227926275,-18.84450269));
#536=CARTESIAN_POINT('',(30.740648222,-8.120167289,-18.84450269));
#537=CARTESIAN_POINT('',(30.771242023,-8.014157374,-18.82683935));
#538=CARTESIAN_POINT('',(30.827250758,-7.927926282,-18.794502692));
#539=B_SPLINE_CURVE_WITH_KNOTS('',3,(#535,#536,#537,#538),.UNSPECIFIED.,.F.,.F.,(4,4),(0.,0.000322066),.UNSPECIFIED.);
#540=EDGE_CURVE('',#534,#525,#539,.T.);
#541=ORIENTED_EDGE('',*,*,#540,.F.);
#542=CARTESIAN_POINT('',(30.740648222,-15.5,-18.844502689));
#543=VERTEX_POINT('',#542);
#544=CARTESIAN_POINT('',(30.740648222,-15.5,-18.844502689));
#545=DIRECTION('',(-0.,1.,-0.));
#546=VECTOR('',#545,7.272073725);
#547=LINE('',#544,#546);
#548=EDGE_CURVE('',#543,#534,#547,.T.);
#549=ORIENTED_EDGE('',*,*,#548,.F.);
#550=CARTESIAN_POINT('',(30.257839059,-15.5,-19.12325269));
#551=VERTEX_POINT('',#550);
#552=CARTESIAN_POINT('',(30.257839059,-15.5,-19.12325269));
#553=DIRECTION('',(0.866025404,0.,0.5));
#554=VECTOR('',#553,0.557500001);
#555=LINE('',#552,#554);
#556=EDGE_CURVE('',#551,#543,#555,.T.);
#557=ORIENTED_EDGE('',*,*,#556,.F.);
#558=CARTESIAN_POINT('',(30.257839059,-15.5,-19.12325269));
#559=DIRECTION('',(0.,1.,0.));
#560=VECTOR('',#559,31.);
#561=LINE('',#558,#560);
#562=EDGE_CURVE('',#551,#456,#561,.T.);
#563=ORIENTED_EDGE('',*,*,#562,.T.);
#564=EDGE_LOOP('',(#464,#472,#481,#490,#498,#505,#506,#515,#523,#532,#541,#549,#557,#563));
#565=FACE_BOUND('',#564,.T.);
#566=ADVANCED_FACE('',(#565),#454,.T.);
#567=CARTESIAN_POINT('',(-9.373566781,-15.5,-18.849129537));
#568=DIRECTION('',(0.,-1.,0.));
#569=DIRECTION('',(-0.866025404,0.,-0.5));
#570=AXIS2_PLACEMENT_3D('',#567,#568,#569);
#571=PLANE('',#570);
#572=CARTESIAN_POINT('',(39.413279578,-15.5,-28.84846364));
#573=VERTEX_POINT('',#572);
#574=CARTESIAN_POINT('',(33.898118611,-15.5,-19.295924631));
#575=VERTEX_POINT('',#574);
#576=CARTESIAN_POINT('',(39.413279578,-15.5,-28.84846364));
#577=DIRECTION('',(-0.5,0.,0.866025404));
#578=VECTOR('',#577,11.030321937);
#579=LINE('',#576,#578);
#580=EDGE_CURVE('',#573,#575,#579,.T.);
#581=ORIENTED_EDGE('',*,*,#580,.F.);
#582=CARTESIAN_POINT('',(39.413279578,-15.5,-28.84846364));
#583=DIRECTION('',(-0.866025404,0.,-0.5));
#584=VECTOR('',#583,2.808738602);
#585=LINE('',#582,#584);
#586=EDGE_CURVE('',#573,#385,#585,.T.);
#587=ORIENTED_EDGE('',*,*,#586,.T.);
#588=ORIENTED_EDGE('',*,*,#392,.T.);
#589=ORIENTED_EDGE('',*,*,#445,.T.);
#590=CARTESIAN_POINT('',(36.65783906,-15.5,-30.208377857));
#591=DIRECTION('',(-0.5,0.,0.866025404));
#592=VECTOR('',#591,12.8);
#593=LINE('',#590,#592);
#594=EDGE_CURVE('',#434,#551,#593,.T.);
#595=ORIENTED_EDGE('',*,*,#594,.T.);
#596=ORIENTED_EDGE('',*,*,#556,.T.);
#597=CARTESIAN_POINT('',(31.725487254,-15.5,-20.550293929));
#598=VERTEX_POINT('',#597);
#599=CARTESIAN_POINT('',(31.725487254,-15.5,-20.550293929));
#600=DIRECTION('',(-0.5,0.,0.866025404));
#601=VECTOR('',#600,1.969678063);
#602=LINE('',#599,#601);
#603=EDGE_CURVE('',#598,#543,#602,.T.);
#604=ORIENTED_EDGE('',*,*,#603,.F.);
#605=CARTESIAN_POINT('',(31.725487254,-15.5,-20.550293929));
#606=DIRECTION('',(0.866025404,0.,0.5));
#607=VECTOR('',#606,2.508738598);
#608=LINE('',#605,#607);
#609=EDGE_CURVE('',#598,#575,#608,.T.);
#610=ORIENTED_EDGE('',*,*,#609,.T.);
#611=EDGE_LOOP('',(#581,#587,#588,#589,#595,#596,#604,#610));
#612=FACE_BOUND('',#611,.T.);
#613=ADVANCED_FACE('',(#612),#571,.F.);
#614=CARTESIAN_POINT('',(-9.373566781,15.5,-18.849129537));
#615=DIRECTION('',(0.,1.,0.));
#616=DIRECTION('',(-0.866025404,0.,-0.5));
#617=AXIS2_PLACEMENT_3D('',#614,#615,#616);
#618=PLANE('',#617);
#619=ORIENTED_EDGE('',*,*,#463,.F.);
#620=CARTESIAN_POINT('',(36.65783906,15.5,-30.208377857));
#621=DIRECTION('',(-0.5,0.,0.866025404));
#622=VECTOR('',#621,12.8);
#623=LINE('',#620,#622);
#624=EDGE_CURVE('',#426,#456,#623,.T.);
#625=ORIENTED_EDGE('',*,*,#624,.F.);
#626=ORIENTED_EDGE('',*,*,#431,.F.);
#627=ORIENTED_EDGE('',*,*,#408,.T.);
#628=CARTESIAN_POINT('',(37.240648224,15.5,-30.102832938));
#629=VERTEX_POINT('',#628);
#630=CARTESIAN_POINT('',(37.240648224,15.5,-30.102832938));
#631=DIRECTION('',(-0.866025404,0.,-0.5));
#632=VECTOR('',#631,0.300000007);
#633=LINE('',#630,#632);
#634=EDGE_CURVE('',#629,#395,#633,.T.);
#635=ORIENTED_EDGE('',*,*,#634,.F.);
#636=CARTESIAN_POINT('',(37.240648224,15.5,-30.102832938));
#637=DIRECTION('',(-0.5,0.,0.866025404));
#638=VECTOR('',#637,13.);
#639=LINE('',#636,#638);
#640=EDGE_CURVE('',#629,#458,#639,.T.);
#641=ORIENTED_EDGE('',*,*,#640,.T.);
#642=EDGE_LOOP('',(#619,#625,#626,#627,#635,#641));
#643=FACE_BOUND('',#642,.T.);
#644=ADVANCED_FACE('',(#643),#618,.F.);
#645=CARTESIAN_POINT('',(35.15783906,-12.5,-27.610301646));
#646=DIRECTION('',(0.866025404,0.,0.5));
#647=DIRECTION('',(-0.5,0.,0.866025404));
#648=AXIS2_PLACEMENT_3D('',#645,#646,#647);
#649=PLANE('',#648);
#650=ORIENTED_EDGE('',*,*,#439,.T.);
#651=ORIENTED_EDGE('',*,*,#624,.T.);
#652=ORIENTED_EDGE('',*,*,#562,.F.);
#653=ORIENTED_EDGE('',*,*,#594,.F.);
#654=EDGE_LOOP('',(#650,#651,#652,#653));
#655=FACE_BOUND('',#654,.T.);
#656=ADVANCED_FACE('',(#655),#649,.T.);
#657=CARTESIAN_POINT('',(37.096674262,18.4,-22.449462736));
#658=DIRECTION('',(-0.,1.,0.));
#659=DIRECTION('',(-0.5,-0.,0.866025404));
#660=AXIS2_PLACEMENT_3D('',#657,#658,#659);
#661=PLANE('',#660);
#662=CARTESIAN_POINT('',(37.850490171,18.4,-27.169811617));
#663=VERTEX_POINT('',#662);
#664=CARTESIAN_POINT('',(36.820527394,18.4,-27.764460903));
#665=VERTEX_POINT('',#664);
#666=CARTESIAN_POINT('',(37.375484482,18.4,-27.536376203));
#667=DIRECTION('',(0.,-1.,-0.));
#668=DIRECTION('',(-0.5,-0.,0.866025404));
#669=AXIS2_PLACEMENT_3D('',#666,#667,#668);
#670=CIRCLE('',#669,0.6);
#671=EDGE_CURVE('',#663,#665,#670,.T.);
#672=ORIENTED_EDGE('',*,*,#671,.F.);
#673=CARTESIAN_POINT('',(37.850490171,18.4,-27.169811617));
#674=DIRECTION('',(-0.866025404,0.,-0.5));
#675=VECTOR('',#674,1.189298573);
#676=LINE('',#673,#675);
#677=EDGE_CURVE('',#663,#665,#676,.T.);
#678=ORIENTED_EDGE('',*,*,#677,.T.);
#679=EDGE_LOOP('',(#672,#678));
#680=FACE_BOUND('',#679,.T.);
#681=ADVANCED_FACE('',(#680),#661,.T.);
#682=CARTESIAN_POINT('',(37.096674262,-18.4,-22.449462736));
#683=DIRECTION('',(0.,-1.,0.));
#684=DIRECTION('',(-0.866025404,0.,-0.5));
#685=AXIS2_PLACEMENT_3D('',#682,#683,#684);
#686=PLANE('',#685);
#687=CARTESIAN_POINT('',(36.820527394,-18.4,-27.764460903));
#688=VERTEX_POINT('',#687);
#689=CARTESIAN_POINT('',(37.850490171,-18.4,-27.169811617));
#690=VERTEX_POINT('',#689);
#691=CARTESIAN_POINT('',(37.375484482,-18.4,-27.536376203));
#692=DIRECTION('',(-0.,1.,0.));
#693=DIRECTION('',(-0.866025404,0.,-0.5));
#694=AXIS2_PLACEMENT_3D('',#691,#692,#693);
#695=CIRCLE('',#694,0.6);
#696=EDGE_CURVE('',#688,#690,#695,.T.);
#697=ORIENTED_EDGE('',*,*,#696,.F.);
#698=CARTESIAN_POINT('',(37.850490171,-18.4,-27.169811617));
#699=DIRECTION('',(-0.866025404,0.,-0.5));
#700=VECTOR('',#699,1.189298573);
#701=LINE('',#698,#700);
#702=EDGE_CURVE('',#690,#688,#701,.T.);
#703=ORIENTED_EDGE('',*,*,#702,.F.);
#704=EDGE_LOOP('',(#697,#703));
#705=FACE_BOUND('',#704,.T.);
#706=ADVANCED_FACE('',(#705),#686,.T.);
#707=CARTESIAN_POINT('',(30.20591771,8.417085318,-17.922322274));
#708=DIRECTION('',(0.866025404,0.,0.5));
#709=DIRECTION('',(0.5,0.,-0.866025404));
#710=AXIS2_PLACEMENT_3D('',#707,#708,#709);
#711=CYLINDRICAL_SURFACE('',#710,0.25);
#712=CARTESIAN_POINT('',(30.289379279,8.227926275,-18.062881952));
#713=VERTEX_POINT('',#712);
#714=CARTESIAN_POINT('',(30.125920242,8.227926275,-17.779762596));
#715=VERTEX_POINT('',#714);
#716=CARTESIAN_POINT('',(30.289379278,8.227926275,-18.062881952));
#717=CARTESIAN_POINT('',(30.266697945,8.188726787,-18.023596731));
#718=CARTESIAN_POINT('',(30.240749337,8.167092685,-17.971055503));
#719=CARTESIAN_POINT('',(30.210955553,8.16708532,-17.919449319));
#720=CARTESIAN_POINT('',(30.18116177,8.167077954,-17.867843134));
#721=CARTESIAN_POINT('',(30.148599137,8.188731051,-17.819043527));
#722=CARTESIAN_POINT('',(30.125920242,8.227926275,-17.779762596));
#723=B_SPLINE_CURVE_WITH_KNOTS('',3,(#716,#717,#718,#719,#720,#721,#722),.UNSPECIFIED.,.F.,.F.,(4,3,4),(0.,0.00017727,0.000354539),.UNSPECIFIED.);
#724=EDGE_CURVE('',#713,#715,#723,.T.);
#725=ORIENTED_EDGE('',*,*,#724,.F.);
#726=CARTESIAN_POINT('',(30.207649761,8.417085318,-17.921322274));
#727=DIRECTION('',(0.866025404,-0.,0.5));
#728=DIRECTION('',(-0.5,0.,0.866025404));
#729=AXIS2_PLACEMENT_3D('',#726,#727,#728);
#730=CIRCLE('',#729,0.25);
#731=EDGE_CURVE('',#715,#713,#730,.T.);
#732=ORIENTED_EDGE('',*,*,#731,.F.);
#733=EDGE_LOOP('',(#725,#732));
#734=FACE_BOUND('',#733,.T.);
#735=ADVANCED_FACE('',(#734),#711,.F.);
#736=CARTESIAN_POINT('',(30.08091771,9.813822865,-17.705815923));
#737=DIRECTION('',(0.5,0.,-0.866025404));
#738=DIRECTION('',(-0.866025404,-0.,-0.5));
#739=AXIS2_PLACEMENT_3D('',#736,#737,#738);
#740=PLANE('',#739);
#741=CARTESIAN_POINT('',(30.948675164,8.417085318,-17.204815923));
#742=VERTEX_POINT('',#741);
#743=CARTESIAN_POINT('',(32.68829382,8.417085318,-16.200446624));
#744=DIRECTION('',(-0.866025404,-0.,-0.5));
#745=VECTOR('',#744,2.008738599);
#746=LINE('',#743,#745);
#747=EDGE_CURVE('',#241,#742,#746,.T.);
#748=ORIENTED_EDGE('',*,*,#747,.T.);
#749=CARTESIAN_POINT('',(30.948675164,11.227926275,-17.204815923));
#750=VERTEX_POINT('',#749);
#751=CARTESIAN_POINT('',(30.948675164,8.417085318,-17.204815923));
#752=DIRECTION('',(-0.,1.,0.));
#753=VECTOR('',#752,2.810840957);
#754=LINE('',#751,#753);
#755=EDGE_CURVE('',#742,#750,#754,.T.);
#756=ORIENTED_EDGE('',*,*,#755,.T.);
#757=CARTESIAN_POINT('',(30.169252296,11.527926268,-17.654815926));
#758=VERTEX_POINT('',#757);
#759=CARTESIAN_POINT('',(30.515662462,11.227926275,-17.454815923));
#760=DIRECTION('',(0.5,0.,-0.866025404));
#761=DIRECTION('',(-0.866025404,-0.,-0.5));
#762=AXIS2_PLACEMENT_3D('',#759,#760,#761);
#763=CIRCLE('',#762,0.5);
#764=EDGE_CURVE('',#758,#750,#763,.T.);
#765=ORIENTED_EDGE('',*,*,#764,.F.);
#766=CARTESIAN_POINT('',(30.08264976,11.227926275,-17.704815923));
#767=VERTEX_POINT('',#766);
#768=CARTESIAN_POINT('',(30.08264976,11.227926275,-17.704815923));
#769=CARTESIAN_POINT('',(30.08264976,11.335169152,-17.704815923));
#770=CARTESIAN_POINT('',(30.113527264,11.442131965,-17.686988788));
#771=CARTESIAN_POINT('',(30.169252296,11.527926268,-17.654815926));
#772=B_SPLINE_CURVE_WITH_KNOTS('',3,(#768,#769,#770,#771),.UNSPECIFIED.,.F.,.F.,(4,4),(0.,0.000320023),.UNSPECIFIED.);
#773=EDGE_CURVE('',#767,#758,#772,.T.);
#774=ORIENTED_EDGE('',*,*,#773,.F.);
#775=CARTESIAN_POINT('',(30.082649761,15.082699176,-17.704815923));
#776=VERTEX_POINT('',#775);
#777=CARTESIAN_POINT('',(30.082649761,15.082699176,-17.704815923));
#778=DIRECTION('',(0.,-1.,-0.));
#779=VECTOR('',#778,3.854772901);
#780=LINE('',#777,#779);
#781=EDGE_CURVE('',#776,#767,#780,.T.);
#782=ORIENTED_EDGE('',*,*,#781,.F.);
#783=CARTESIAN_POINT('',(30.082649761,15.082699176,-17.704815923));
#784=DIRECTION('',(0.866025404,0.,0.5));
#785=VECTOR('',#784,3.008738598);
#786=LINE('',#783,#785);
#787=EDGE_CURVE('',#776,#33,#786,.T.);
#788=ORIENTED_EDGE('',*,*,#787,.T.);
#789=ORIENTED_EDGE('',*,*,#253,.T.);
#790=EDGE_LOOP('',(#748,#756,#765,#774,#782,#788,#789));
#791=FACE_BOUND('',#790,.T.);
#792=ADVANCED_FACE('',(#791),#740,.T.);
#793=CARTESIAN_POINT('',(-16.994507879,0.,68.852690205));
#794=DIRECTION('',(0.866025404,0.,0.5));
#795=DIRECTION('',(0.,1.,0.));
#796=AXIS2_PLACEMENT_3D('',#793,#794,#795);
#797=PLANE('',#796);
#798=CARTESIAN_POINT('',(39.264998294,16.4,-28.591632923));
#799=VERTEX_POINT('',#798);
#800=CARTESIAN_POINT('',(32.91393153,16.4,-17.591262602));
#801=VERTEX_POINT('',#800);
#802=CARTESIAN_POINT('',(39.264998294,16.4,-28.591632923));
#803=DIRECTION('',(-0.5,-0.,0.866025404));
#804=VECTOR('',#803,12.702133531);
#805=LINE('',#802,#804);
#806=EDGE_CURVE('',#799,#801,#805,.T.);
#807=ORIENTED_EDGE('',*,*,#806,.F.);
#808=CARTESIAN_POINT('',(38.295704578,17.351146922,-26.912766959));
#809=VERTEX_POINT('',#808);
#810=CARTESIAN_POINT('',(38.295704578,14.9,-26.912766959));
#811=DIRECTION('',(0.866025404,0.,0.5));
#812=DIRECTION('',(0.5,0.,-0.866025404));
#813=AXIS2_PLACEMENT_3D('',#810,#811,#812);
#814=CIRCLE('',#813,2.451146922);
#815=EDGE_CURVE('',#799,#809,#814,.T.);
#816=ORIENTED_EDGE('',*,*,#815,.T.);
#817=CARTESIAN_POINT('',(33.830854579,17.351146923,-19.17941991));
#818=VERTEX_POINT('',#817);
#819=CARTESIAN_POINT('',(38.295704578,17.351146922,-26.912766959));
#820=DIRECTION('',(-0.5,0.,0.866025404));
#821=VECTOR('',#820,8.9297);
#822=LINE('',#819,#821);
#823=EDGE_CURVE('',#809,#818,#822,.T.);
#824=ORIENTED_EDGE('',*,*,#823,.T.);
#825=CARTESIAN_POINT('',(32.859843643,16.395550829,-17.497579634));
#826=VERTEX_POINT('',#825);
#827=CARTESIAN_POINT('',(33.830854579,14.9,-19.17941991));
#828=DIRECTION('',(0.866025404,0.,0.5));
#829=DIRECTION('',(0.5,0.,-0.866025404));
#830=AXIS2_PLACEMENT_3D('',#827,#828,#829);
#831=CIRCLE('',#830,2.451146923);
#832=EDGE_CURVE('',#818,#826,#831,.T.);
#833=ORIENTED_EDGE('',*,*,#832,.T.);
#834=CARTESIAN_POINT('',(32.91393153,15.082699176,-17.591262602));
#835=DIRECTION('',(0.866025404,0.,0.5));
#836=DIRECTION('',(0.5,0.,-0.866025404));
#837=AXIS2_PLACEMENT_3D('',#834,#835,#836);
#838=CIRCLE('',#837,1.317300824);
#839=EDGE_CURVE('',#801,#826,#838,.T.);
#840=ORIENTED_EDGE('',*,*,#839,.F.);
#841=EDGE_LOOP('',(#807,#816,#824,#833,#840));
#842=FACE_BOUND('',#841,.T.);
#843=ADVANCED_FACE('',(#842),#797,.T.);
#844=CARTESIAN_POINT('',(41.079099262,0.,-29.347225173));
#845=DIRECTION('',(0.5,0.,-0.866025404));
#846=DIRECTION('',(-0.,1.,0.));
#847=AXIS2_PLACEMENT_3D('',#844,#845,#846);
#848=PLANE('',#847);
#849=CARTESIAN_POINT('',(37.959675758,10.023279202,-31.148225173));
#850=VERTEX_POINT('',#849);
#851=CARTESIAN_POINT('',(38.309075624,10.227938193,-30.946499067));
#852=VERTEX_POINT('',#851);
#853=CARTESIAN_POINT('',(38.309075624,9.727938193,-30.946499067));
#854=DIRECTION('',(0.5,0.,-0.866025404));
#855=DIRECTION('',(-0.,1.,0.));
#856=AXIS2_PLACEMENT_3D('',#853,#854,#855);
#857=CIRCLE('',#856,0.5);
#858=EDGE_CURVE('',#850,#852,#857,.T.);
#859=ORIENTED_EDGE('',*,*,#858,.F.);
#860=CARTESIAN_POINT('',(37.959675758,14.9,-31.148225173));
#861=VERTEX_POINT('',#860);
#862=CARTESIAN_POINT('',(37.959675758,10.023279202,-31.148225173));
#863=DIRECTION('',(-0.,1.,0.));
#864=VECTOR('',#863,4.876720798);
#865=LINE('',#862,#864);
#866=EDGE_CURVE('',#850,#861,#865,.T.);
#867=ORIENTED_EDGE('',*,*,#866,.T.);
#868=CARTESIAN_POINT('',(40.211341808,14.9,-29.848225173));
#869=VERTEX_POINT('',#868);
#870=CARTESIAN_POINT('',(40.211341808,14.9,-29.848225173));
#871=DIRECTION('',(-0.866025404,0.,-0.5));
#872=VECTOR('',#871,2.6);
#873=LINE('',#870,#872);
#874=EDGE_CURVE('',#869,#861,#873,.T.);
#875=ORIENTED_EDGE('',*,*,#874,.F.);
#876=CARTESIAN_POINT('',(40.211341808,9.956416564,-29.848225173));
#877=VERTEX_POINT('',#876);
#878=CARTESIAN_POINT('',(40.211341808,14.9,-29.848225173));
#879=DIRECTION('',(0.,-1.,-0.));
#880=VECTOR('',#879,4.943583436);
#881=LINE('',#878,#880);
#882=EDGE_CURVE('',#869,#877,#881,.T.);
#883=ORIENTED_EDGE('',*,*,#882,.T.);
#884=CARTESIAN_POINT('',(39.826181808,10.227938193,-30.070597403));
#885=VERTEX_POINT('',#884);
#886=CARTESIAN_POINT('',(39.826181808,9.727938193,-30.070597403));
#887=DIRECTION('',(0.5,0.,-0.866025404));
#888=DIRECTION('',(-0.,1.,0.));
#889=AXIS2_PLACEMENT_3D('',#886,#887,#888);
#890=CIRCLE('',#889,0.5);
#891=EDGE_CURVE('',#885,#877,#890,.T.);
#892=ORIENTED_EDGE('',*,*,#891,.F.);
#893=CARTESIAN_POINT('',(38.309075624,10.227938193,-30.946499067));
#894=DIRECTION('',(0.866025404,0.,0.5));
#895=VECTOR('',#894,1.751803327);
#896=LINE('',#893,#895);
#897=EDGE_CURVE('',#852,#885,#896,.T.);
#898=ORIENTED_EDGE('',*,*,#897,.F.);
#899=EDGE_LOOP('',(#859,#867,#875,#883,#892,#898));
#900=FACE_BOUND('',#899,.T.);
#901=ADVANCED_FACE('',(#900),#848,.T.);
#902=CARTESIAN_POINT('',(30.444825758,0.,-18.132123162));
#903=DIRECTION('',(-0.,1.,0.));
#904=DIRECTION('',(-0.5,-0.,0.866025404));
#905=AXIS2_PLACEMENT_3D('',#902,#903,#904);
#906=CYLINDRICAL_SURFACE('',#905,0.9);
#907=CARTESIAN_POINT('',(29.911009626,8.227926275,-17.40752649));
#908=VERTEX_POINT('',#907);
#909=CARTESIAN_POINT('',(29.994825758,7.927926282,-17.352700299));
#910=VERTEX_POINT('',#909);
#911=CARTESIAN_POINT('',(29.911009626,8.227926275,-17.40752649));
#912=CARTESIAN_POINT('',(29.911009626,8.174035671,-17.40752649));
#913=CARTESIAN_POINT('',(29.918194618,8.120536876,-17.402087253));
#914=CARTESIAN_POINT('',(29.932259475,8.069509503,-17.392342245));
#915=CARTESIAN_POINT('',(29.946324331,8.01848213,-17.382597237));
#916=CARTESIAN_POINT('',(29.966811895,7.971056446,-17.36887411));
#917=CARTESIAN_POINT('',(29.994825758,7.927926282,-17.352700299));
#918=B_SPLINE_CURVE_WITH_KNOTS('',3,(#911,#912,#913,#914,#915,#916,#917),.UNSPECIFIED.,.F.,.F.,(4,3,4),(0.,0.000161059,0.000322119),.UNSPECIFIED.);
#919=EDGE_CURVE('',#908,#910,#918,.T.);
#920=ORIENTED_EDGE('',*,*,#919,.F.);
#921=CARTESIAN_POINT('',(29.911009626,11.227926275,-17.40752649));
#922=VERTEX_POINT('',#921);
#923=CARTESIAN_POINT('',(29.911009626,11.227926275,-17.40752649));
#924=DIRECTION('',(0.,-1.,-0.));
#925=VECTOR('',#924,3.);
#926=LINE('',#923,#925);
#927=EDGE_CURVE('',#922,#908,#926,.T.);
#928=ORIENTED_EDGE('',*,*,#927,.F.);
#929=CARTESIAN_POINT('',(29.994825758,11.527926268,-17.352700299));
#930=VERTEX_POINT('',#929);
#931=CARTESIAN_POINT('',(29.994825758,11.527926268,-17.352700299));
#932=CARTESIAN_POINT('',(29.966822295,11.484812115,-17.368868105));
#933=CARTESIAN_POINT('',(29.946054326,11.436657308,-17.382778664));
#934=CARTESIAN_POINT('',(29.932056336,11.385604115,-17.392483033));
#935=CARTESIAN_POINT('',(29.918058345,11.334550921,-17.402187403));
#936=CARTESIAN_POINT('',(29.911009626,11.281834729,-17.40752649));
#937=CARTESIAN_POINT('',(29.911009626,11.227926275,-17.40752649));
#938=B_SPLINE_CURVE_WITH_KNOTS('',3,(#931,#932,#933,#934,#935,#936,#937),.UNSPECIFIED.,.F.,.F.,(4,3,4),(0.,0.000161059,0.000322117),.UNSPECIFIED.);
#939=EDGE_CURVE('',#930,#922,#938,.T.);
#940=ORIENTED_EDGE('',*,*,#939,.F.);
#941=CARTESIAN_POINT('',(29.994825758,14.9,-17.352700299));
#942=VERTEX_POINT('',#941);
#943=CARTESIAN_POINT('',(29.994825758,14.9,-17.352700299));
#944=DIRECTION('',(0.,-1.,-0.));
#945=VECTOR('',#944,3.372073732);
#946=LINE('',#943,#945);
#947=EDGE_CURVE('',#942,#930,#946,.T.);
#948=ORIENTED_EDGE('',*,*,#947,.F.);
#949=CARTESIAN_POINT('',(29.665402894,14.9,-18.582123162));
#950=VERTEX_POINT('',#949);
#951=CARTESIAN_POINT('',(30.444825758,14.9,-18.132123162));
#952=DIRECTION('',(-0.,1.,0.));
#953=DIRECTION('',(-0.5,-0.,0.866025404));
#954=AXIS2_PLACEMENT_3D('',#951,#952,#953);
#955=CIRCLE('',#954,0.9);
#956=EDGE_CURVE('',#950,#942,#955,.T.);
#957=ORIENTED_EDGE('',*,*,#956,.F.);
#958=CARTESIAN_POINT('',(29.665402894,-14.9,-18.582123162));
#959=VERTEX_POINT('',#958);
#960=CARTESIAN_POINT('',(29.665402894,-14.9,-18.582123162));
#961=DIRECTION('',(-0.,1.,0.));
#962=VECTOR('',#961,29.8);
#963=LINE('',#960,#962);
#964=EDGE_CURVE('',#959,#950,#963,.T.);
#965=ORIENTED_EDGE('',*,*,#964,.F.);
#966=CARTESIAN_POINT('',(29.994825758,-14.9,-17.352700299));
#967=VERTEX_POINT('',#966);
#968=CARTESIAN_POINT('',(30.444825758,-14.9,-18.132123162));
#969=DIRECTION('',(0.,-1.,-0.));
#970=DIRECTION('',(-0.866025404,0.,-0.5));
#971=AXIS2_PLACEMENT_3D('',#968,#969,#970);
#972=CIRCLE('',#971,0.9);
#973=EDGE_CURVE('',#967,#959,#972,.T.);
#974=ORIENTED_EDGE('',*,*,#973,.F.);
#975=CARTESIAN_POINT('',(29.994825758,-11.527926268,-17.352700299));
#976=VERTEX_POINT('',#975);
#977=CARTESIAN_POINT('',(29.994825758,-11.527926268,-17.352700299));
#978=DIRECTION('',(0.,-1.,-0.));
#979=VECTOR('',#978,3.372073732);
#980=LINE('',#977,#979);
#981=EDGE_CURVE('',#976,#967,#980,.T.);
#982=ORIENTED_EDGE('',*,*,#981,.F.);
#983=CARTESIAN_POINT('',(29.911009626,-11.227926275,-17.40752649));
#984=VERTEX_POINT('',#983);
#985=CARTESIAN_POINT('',(29.994825758,-11.527926268,-17.352700299));
#986=CARTESIAN_POINT('',(29.966822295,-11.484812115,-17.368868105));
#987=CARTESIAN_POINT('',(29.946054326,-11.436657308,-17.382778664));
#988=CARTESIAN_POINT('',(29.932056336,-11.385604114,-17.392483033));
#989=CARTESIAN_POINT('',(29.918058345,-11.334550921,-17.402187403));
#990=CARTESIAN_POINT('',(29.911009626,-11.281834728,-17.40752649));
#991=CARTESIAN_POINT('',(29.911009626,-11.227926275,-17.40752649));
#992=B_SPLINE_CURVE_WITH_KNOTS('',3,(#985,#986,#987,#988,#989,#990,#991),.UNSPECIFIED.,.F.,.F.,(4,3,4),(0.,0.000161059,0.000322117),.UNSPECIFIED.);
#993=EDGE_CURVE('',#976,#984,#992,.T.);
#994=ORIENTED_EDGE('',*,*,#993,.T.);
#995=CARTESIAN_POINT('',(29.911009626,-8.227926275,-17.40752649));
#996=VERTEX_POINT('',#995);
#997=CARTESIAN_POINT('',(29.911009626,-11.227926275,-17.40752649));
#998=DIRECTION('',(-0.,1.,0.));
#999=VECTOR('',#998,3.);
#1000=LINE('',#997,#999);
#1001=EDGE_CURVE('',#984,#996,#1000,.T.);
#1002=ORIENTED_EDGE('',*,*,#1001,.T.);
#1003=CARTESIAN_POINT('',(29.994825758,-7.927926282,-17.352700299));
#1004=VERTEX_POINT('',#1003);
#1005=CARTESIAN_POINT('',(29.911009626,-8.227926275,-17.40752649));
#1006=CARTESIAN_POINT('',(29.911009626,-8.174035671,-17.40752649));
#1007=CARTESIAN_POINT('',(29.918194619,-8.120536876,-17.402087253));
#1008=CARTESIAN_POINT('',(29.932259475,-8.069509503,-17.392342245));
#1009=CARTESIAN_POINT('',(29.946324331,-8.01848213,-17.382597237));
#1010=CARTESIAN_POINT('',(29.966811896,-7.971056446,-17.36887411));
#1011=CARTESIAN_POINT('',(29.994825758,-7.927926282,-17.352700299));
#1012=B_SPLINE_CURVE_WITH_KNOTS('',3,(#1005,#1006,#1007,#1008,#1009,#1010,#1011),.UNSPECIFIED.,.F.,.F.,(4,3,4),(0.,0.000161059,0.000322119),.UNSPECIFIED.);
#1013=EDGE_CURVE('',#996,#1004,#1012,.T.);
#1014=ORIENTED_EDGE('',*,*,#1013,.T.);
#1015=CARTESIAN_POINT('',(29.994825758,7.927926282,-17.352700299));
#1016=DIRECTION('',(0.,-1.,-0.));
#1017=VECTOR('',#1016,15.855852563);
#1018=LINE('',#1015,#1017);
#1019=EDGE_CURVE('',#910,#1004,#1018,.T.);
#1020=ORIENTED_EDGE('',*,*,#1019,.F.);
#1021=EDGE_LOOP('',(#920,#928,#940,#948,#957,#965,#974,#982,#994,#1002,#1014,#1020));
#1022=FACE_BOUND('',#1021,.T.);
#1023=ADVANCED_FACE('',(#1022),#906,.T.);
#1024=CARTESIAN_POINT('',(29.284235181,-10.334350861,-16.325921305));
#1025=DIRECTION('',(0.866025404,0.,0.5));
#1026=DIRECTION('',(0.5,0.,-0.866025404));
#1027=AXIS2_PLACEMENT_3D('',#1024,#1025,#1026);
#1028=CYLINDRICAL_SURFACE('',#1027,2.90968079);
#1029=CARTESIAN_POINT('',(31.376466717,-8.763079024,-17.945772628));
#1030=VERTEX_POINT('',#1029);
#1031=CARTESIAN_POINT('',(31.160309859,-8.236869561,-17.571377966));
#1032=VERTEX_POINT('',#1031);
#1033=CARTESIAN_POINT('',(30.151992635,-10.334350861,-15.824921305));
#1034=DIRECTION('',(0.866025404,0.,0.5));
#1035=DIRECTION('',(-0.,1.,-0.));
#1036=AXIS2_PLACEMENT_3D('',#1033,#1034,#1035);
#1037=CIRCLE('',#1036,2.90968079);
#1038=EDGE_CURVE('',#1030,#1032,#1037,.T.);
#1039=ORIENTED_EDGE('',*,*,#1038,.F.);
#1040=CARTESIAN_POINT('',(31.376466717,-8.763079024,-17.945772628));
#1041=CARTESIAN_POINT('',(31.956339603,-8.763079024,-17.610982861));
#1042=CARTESIAN_POINT('',(32.536212488,-8.763079024,-17.276193095));
#1043=CARTESIAN_POINT('',(33.116085373,-8.763079024,-16.941403329));
#1044=B_SPLINE_CURVE_WITH_KNOTS('',3,(#1040,#1041,#1042,#1043),.UNSPECIFIED.,.F.,.F.,(4,4),(0.005814992,0.007823731),.UNSPECIFIED.);
#1045=EDGE_CURVE('',#1030,#197,#1044,.T.);
#1046=ORIENTED_EDGE('',*,*,#1045,.T.);
#1047=ORIENTED_EDGE('',*,*,#203,.T.);
#1048=CARTESIAN_POINT('',(32.899928515,-8.236869561,-16.567008667));
#1049=DIRECTION('',(-0.866025404,-0.,-0.5));
#1050=VECTOR('',#1049,2.008738598);
#1051=LINE('',#1048,#1050);
#1052=EDGE_CURVE('',#188,#1032,#1051,.T.);
#1053=ORIENTED_EDGE('',*,*,#1052,.T.);
#1054=EDGE_LOOP('',(#1039,#1046,#1047,#1053));
#1055=FACE_BOUND('',#1054,.T.);
#1056=ADVANCED_FACE('',(#1055),#1028,.F.);
#1057=CARTESIAN_POINT('',(30.08091771,-9.813822865,-17.705815923));
#1058=DIRECTION('',(0.5,-0.,-0.866025404));
#1059=DIRECTION('',(-0.866025404,0.,-0.5));
#1060=AXIS2_PLACEMENT_3D('',#1057,#1058,#1059);
#1061=PLANE('',#1060);
#1062=CARTESIAN_POINT('',(30.08264976,-11.227926275,-17.704815923));
#1063=VERTEX_POINT('',#1062);
#1064=CARTESIAN_POINT('',(30.082649761,-14.782699176,-17.704815923));
#1065=DIRECTION('',(0.,1.,-0.));
#1066=VECTOR('',#1065,3.554772901);
#1067=LINE('',#1064,#1066);
#1068=EDGE_CURVE('',#362,#1063,#1067,.T.);
#1069=ORIENTED_EDGE('',*,*,#1068,.T.);
#1070=CARTESIAN_POINT('',(30.169252296,-11.527926268,-17.654815925));
#1071=VERTEX_POINT('',#1070);
#1072=CARTESIAN_POINT('',(30.08264976,-11.227926275,-17.704815923));
#1073=CARTESIAN_POINT('',(30.08264976,-11.335685261,-17.704815923));
#1074=CARTESIAN_POINT('',(30.113243561,-11.441695176,-17.687152584));
#1075=CARTESIAN_POINT('',(30.169252296,-11.527926268,-17.654815925));
#1076=B_SPLINE_CURVE_WITH_KNOTS('',3,(#1072,#1073,#1074,#1075),.UNSPECIFIED.,.F.,.F.,(4,4),(0.,0.000322066),.UNSPECIFIED.);
#1077=EDGE_CURVE('',#1063,#1071,#1076,.T.);
#1078=ORIENTED_EDGE('',*,*,#1077,.T.);
#1079=CARTESIAN_POINT('',(30.515662462,-11.727926275,-17.454815923));
#1080=VERTEX_POINT('',#1079);
#1081=CARTESIAN_POINT('',(30.515662462,-11.227926275,-17.454815923));
#1082=DIRECTION('',(0.5,-0.,-0.866025404));
#1083=DIRECTION('',(-0.866025404,0.,-0.5));
#1084=AXIS2_PLACEMENT_3D('',#1081,#1082,#1083);
#1085=CIRCLE('',#1084,0.5);
#1086=EDGE_CURVE('',#1080,#1071,#1085,.T.);
#1087=ORIENTED_EDGE('',*,*,#1086,.F.);
#1088=CARTESIAN_POINT('',(30.948675164,-11.227926275,-17.204815923));
#1089=VERTEX_POINT('',#1088);
#1090=CARTESIAN_POINT('',(30.515662462,-11.227926275,-17.454815923));
#1091=DIRECTION('',(0.5,-0.,-0.866025404));
#1092=DIRECTION('',(-0.866025404,0.,-0.5));
#1093=AXIS2_PLACEMENT_3D('',#1090,#1091,#1092);
#1094=CIRCLE('',#1093,0.5);
#1095=EDGE_CURVE('',#1089,#1080,#1094,.T.);
#1096=ORIENTED_EDGE('',*,*,#1095,.F.);
#1097=CARTESIAN_POINT('',(30.948675164,-8.417085318,-17.204815923));
#1098=VERTEX_POINT('',#1097);
#1099=CARTESIAN_POINT('',(30.948675164,-11.227926275,-17.204815923));
#1100=DIRECTION('',(0.,1.,-0.));
#1101=VECTOR('',#1100,2.810840957);
#1102=LINE('',#1099,#1101);
#1103=EDGE_CURVE('',#1089,#1098,#1102,.T.);
#1104=ORIENTED_EDGE('',*,*,#1103,.T.);
#1105=CARTESIAN_POINT('',(30.948675164,-8.417085318,-17.204815923));
#1106=DIRECTION('',(0.866025404,0.,0.5));
#1107=VECTOR('',#1106,2.008738598);
#1108=LINE('',#1105,#1107);
#1109=EDGE_CURVE('',#1098,#180,#1108,.T.);
#1110=ORIENTED_EDGE('',*,*,#1109,.T.);
#1111=ORIENTED_EDGE('',*,*,#185,.F.);
#1112=ORIENTED_EDGE('',*,*,#374,.F.);
#1113=EDGE_LOOP('',(#1069,#1078,#1087,#1096,#1104,#1110,#1111,#1112));
#1114=FACE_BOUND('',#1113,.T.);
#1115=ADVANCED_FACE('',(#1114),#1061,.T.);
#1116=CARTESIAN_POINT('',(30.20591771,-8.417085318,-17.922322274));
#1117=DIRECTION('',(0.866025404,0.,0.5));
#1118=DIRECTION('',(0.5,0.,-0.866025404));
#1119=AXIS2_PLACEMENT_3D('',#1116,#1117,#1118);
#1120=CYLINDRICAL_SURFACE('',#1119,0.25);
#1121=CARTESIAN_POINT('',(30.991945646,-8.227926275,-17.279762596));
#1122=VERTEX_POINT('',#1121);
#1123=CARTESIAN_POINT('',(31.073675164,-8.417085318,-17.421322274));
#1124=DIRECTION('',(0.866025404,0.,0.5));
#1125=DIRECTION('',(-0.,1.,-0.));
#1126=AXIS2_PLACEMENT_3D('',#1123,#1124,#1125);
#1127=CIRCLE('',#1126,0.25);
#1128=EDGE_CURVE('',#1122,#1098,#1127,.T.);
#1129=ORIENTED_EDGE('',*,*,#1128,.F.);
#1130=CARTESIAN_POINT('',(31.155404682,-8.227926275,-17.562881952));
#1131=VERTEX_POINT('',#1130);
#1132=CARTESIAN_POINT('',(30.991945646,-8.227926275,-17.279762596));
#1133=CARTESIAN_POINT('',(31.01462651,-8.188727598,-17.319047004));
#1134=CARTESIAN_POINT('',(31.040648429,-8.167092622,-17.371547352));
#1135=CARTESIAN_POINT('',(31.070442206,-8.16708532,-17.423153479));
#1136=CARTESIAN_POINT('',(31.100235984,-8.167078017,-17.474759606));
#1137=CARTESIAN_POINT('',(31.132726112,-8.188731561,-17.523601515));
#1138=CARTESIAN_POINT('',(31.155404682,-8.227926275,-17.562881952));
#1139=B_SPLINE_CURVE_WITH_KNOTS('',3,(#1132,#1133,#1134,#1135,#1136,#1137,#1138),.UNSPECIFIED.,.F.,.F.,(4,3,4),(0.,0.000177268,0.000354535),.UNSPECIFIED.);
#1140=EDGE_CURVE('',#1122,#1131,#1139,.T.);
#1141=ORIENTED_EDGE('',*,*,#1140,.T.);
#1142=CARTESIAN_POINT('',(31.073675164,-8.417085318,-17.421322274));
#1143=DIRECTION('',(0.866025404,0.,0.5));
#1144=DIRECTION('',(-0.,1.,-0.));
#1145=AXIS2_PLACEMENT_3D('',#1142,#1143,#1144);
#1146=CIRCLE('',#1145,0.25);
#1147=EDGE_CURVE('',#1032,#1131,#1146,.T.);
#1148=ORIENTED_EDGE('',*,*,#1147,.F.);
#1149=ORIENTED_EDGE('',*,*,#1052,.F.);
#1150=ORIENTED_EDGE('',*,*,#194,.F.);
#1151=ORIENTED_EDGE('',*,*,#1109,.F.);
#1152=EDGE_LOOP('',(#1129,#1141,#1148,#1149,#1150,#1151));
#1153=FACE_BOUND('',#1152,.T.);
#1154=ADVANCED_FACE('',(#1153),#1120,.F.);
#1155=CARTESIAN_POINT('',(30.20591771,-8.417085318,-17.922322274));
#1156=DIRECTION('',(0.866025404,0.,0.5));
#1157=DIRECTION('',(0.5,0.,-0.866025404));
#1158=AXIS2_PLACEMENT_3D('',#1155,#1156,#1157);
#1159=CYLINDRICAL_SURFACE('',#1158,0.25);
#1160=CARTESIAN_POINT('',(30.125920242,-8.227926275,-17.779762596));
#1161=VERTEX_POINT('',#1160);
#1162=CARTESIAN_POINT('',(30.289379279,-8.227926275,-18.062881952));
#1163=VERTEX_POINT('',#1162);
#1164=CARTESIAN_POINT('',(30.125920242,-8.227926275,-17.779762596));
#1165=CARTESIAN_POINT('',(30.148601575,-8.188726787,-17.819047817));
#1166=CARTESIAN_POINT('',(30.181129309,-8.167092685,-17.867790585));
#1167=CARTESIAN_POINT('',(30.210924684,-8.16708532,-17.919395851));
#1168=CARTESIAN_POINT('',(30.240720059,-8.167077954,-17.971001116));
#1169=CARTESIAN_POINT('',(30.266700442,-8.188731051,-18.023600987));
#1170=CARTESIAN_POINT('',(30.289379279,-8.227926275,-18.062881952));
#1171=B_SPLINE_CURVE_WITH_KNOTS('',3,(#1164,#1165,#1166,#1167,#1168,#1169,#1170),.UNSPECIFIED.,.F.,.F.,(4,3,4),(0.,0.00017727,0.000354539),.UNSPECIFIED.);
#1172=EDGE_CURVE('',#1161,#1163,#1171,.T.);
#1173=ORIENTED_EDGE('',*,*,#1172,.F.);
#1174=CARTESIAN_POINT('',(30.207649761,-8.417085318,-17.921322274));
#1175=DIRECTION('',(0.866025404,0.,0.5));
#1176=DIRECTION('',(-0.5,-0.,0.866025404));
#1177=AXIS2_PLACEMENT_3D('',#1174,#1175,#1176);
#1178=CIRCLE('',#1177,0.25);
#1179=EDGE_CURVE('',#1163,#1161,#1178,.T.);
#1180=ORIENTED_EDGE('',*,*,#1179,.F.);
#1181=EDGE_LOOP('',(#1173,#1180));
#1182=FACE_BOUND('',#1181,.T.);
#1183=ADVANCED_FACE('',(#1182),#1159,.F.);
#1184=CARTESIAN_POINT('',(31.606673626,-8.628075226,-18.34450269));
#1185=CARTESIAN_POINT('',(31.606673626,-8.68164059,-18.34450269));
#1186=CARTESIAN_POINT('',(31.597781604,-8.735056524,-18.329101255));
#1187=CARTESIAN_POINT('',(31.565673107,-8.820807156,-18.273487708));
#1188=CARTESIAN_POINT('',(31.542546205,-8.852902636,-18.233430739));
#1189=CARTESIAN_POINT('',(31.491145008,-8.883046636,-18.144401253));
#1190=CARTESIAN_POINT('',(31.463014105,-8.881011062,-18.095677101));
#1191=CARTESIAN_POINT('',(31.412836498,-8.843516743,-18.008766936));
#1192=CARTESIAN_POINT('',(31.390929773,-8.808162595,-17.970823374));
#1193=CARTESIAN_POINT('',(31.376466717,-8.763079024,-17.945772628));
#1194=CARTESIAN_POINT('',(32.186546514,-8.628075225,-18.009712921));
#1195=CARTESIAN_POINT('',(32.186546514,-8.68164059,-18.009712921));
#1196=CARTESIAN_POINT('',(32.177654492,-8.735056524,-17.994311487));
#1197=CARTESIAN_POINT('',(32.145545995,-8.820807156,-17.93869794));
#1198=CARTESIAN_POINT('',(32.122419093,-8.852902636,-17.898640971));
#1199=CARTESIAN_POINT('',(32.071017896,-8.883046636,-17.809611485));
#1200=CARTESIAN_POINT('',(32.042886993,-8.881011062,-17.760887333));
#1201=CARTESIAN_POINT('',(31.992709386,-8.843516743,-17.673977168));
#1202=CARTESIAN_POINT('',(31.970802661,-8.808162595,-17.636033606));
#1203=CARTESIAN_POINT('',(31.956339605,-8.763079024,-17.61098286));
#1204=CARTESIAN_POINT('',(32.766419402,-8.628075225,-17.674923153));
#1205=CARTESIAN_POINT('',(32.766419402,-8.68164059,-17.674923153));
#1206=CARTESIAN_POINT('',(32.75752738,-8.735056524,-17.659521719));
#1207=CARTESIAN_POINT('',(32.725418883,-8.820807155,-17.603908172));
#1208=CARTESIAN_POINT('',(32.702291981,-8.852902636,-17.563851202));
#1209=CARTESIAN_POINT('',(32.650890784,-8.883046635,-17.474821717));
#1210=CARTESIAN_POINT('',(32.622759882,-8.881011062,-17.426097565));
#1211=CARTESIAN_POINT('',(32.572582274,-8.843516743,-17.3391874));
#1212=CARTESIAN_POINT('',(32.550675549,-8.808162595,-17.301243838));
#1213=CARTESIAN_POINT('',(32.536212494,-8.763079024,-17.276193092));
#1214=CARTESIAN_POINT('',(33.34629229,-8.628075225,-17.340133385));
#1215=CARTESIAN_POINT('',(33.34629229,-8.68164059,-17.340133385));
#1216=CARTESIAN_POINT('',(33.337400268,-8.735056524,-17.324731951));
#1217=CARTESIAN_POINT('',(33.305291772,-8.820807155,-17.269118403));
#1218=CARTESIAN_POINT('',(33.28216487,-8.852902636,-17.229061434));
#1219=CARTESIAN_POINT('',(33.230763672,-8.883046635,-17.140031949));
#1220=CARTESIAN_POINT('',(33.20263277,-8.881011062,-17.091307797));
#1221=CARTESIAN_POINT('',(33.152455163,-8.843516743,-17.004397631));
#1222=CARTESIAN_POINT('',(33.130548437,-8.808162595,-16.96645407));
#1223=CARTESIAN_POINT('',(33.116085382,-8.763079024,-16.941403323));
#1224=B_SPLINE_SURFACE_WITH_KNOTS('',3,3,((#1184,#1185,#1186,#1187,#1188,#1189,#1190,#1191,#1192,#1193),(#1194,#1195,#1196,#1197,#1198,#1199,#1200,#1201,#1202,#1203),(#1204,#1205,#1206,#1207,#1208,#1209,#1210,#1211,#1212,#1213),(#1214,#1215,#1216,#1217,#1218,#1219,#1220,#1221,#1222,#1223)),.UNSPECIFIED.,.F.,.F.,.U.,(4,4),(4,2,2,2,4),(0.005814992,0.007823731),(0.,0.25,0.5,0.75,1.),.UNSPECIFIED.);
#1225=ORIENTED_EDGE('',*,*,#1045,.F.);
#1226=CARTESIAN_POINT('',(31.481673626,-8.628075226,-18.127996339));
#1227=DIRECTION('',(0.866025404,0.,0.5));
#1228=DIRECTION('',(-0.,1.,-0.));
#1229=AXIS2_PLACEMENT_3D('',#1226,#1227,#1228);
#1230=CIRCLE('',#1229,0.25);
#1231=EDGE_CURVE('',#1030,#508,#1230,.T.);
#1232=ORIENTED_EDGE('',*,*,#1231,.T.);
#1233=ORIENTED_EDGE('',*,*,#514,.F.);
#1234=ORIENTED_EDGE('',*,*,#212,.F.);
#1235=EDGE_LOOP('',(#1225,#1232,#1233,#1234));
#1236=FACE_BOUND('',#1235,.T.);
#1237=ADVANCED_FACE('',(#1236),#1224,.T.);
#1238=CARTESIAN_POINT('',(40.446674262,0.,-28.251832941));
#1239=DIRECTION('',(-0.5,0.,0.866025404));
#1240=DIRECTION('',(0.866025404,0.,0.5));
#1241=AXIS2_PLACEMENT_3D('',#1238,#1239,#1240);
#1242=PLANE('',#1241);
#1243=CARTESIAN_POINT('',(39.413279578,-14.044834029,-28.84846364));
#1244=VERTEX_POINT('',#1243);
#1245=CARTESIAN_POINT('',(39.413279578,-14.044834029,-28.84846364));
#1246=DIRECTION('',(0.,-1.,0.));
#1247=VECTOR('',#1246,1.455165971);
#1248=LINE('',#1245,#1247);
#1249=EDGE_CURVE('',#1244,#573,#1248,.T.);
#1250=ORIENTED_EDGE('',*,*,#1249,.F.);
#1251=CARTESIAN_POINT('',(39.413279578,-14.044834029,-28.84846364));
#1252=CARTESIAN_POINT('',(39.557617149,-14.044834029,-28.765130305));
#1253=CARTESIAN_POINT('',(39.701954721,-14.044834029,-28.681796969));
#1254=CARTESIAN_POINT('',(39.846292292,-14.044834029,-28.598463634));
#1255=B_SPLINE_CURVE_WITH_KNOTS('',3,(#1251,#1252,#1253,#1254),.UNSPECIFIED.,.F.,.F.,(4,4),(0.000291619,0.000791619),.UNSPECIFIED.);
#1256=EDGE_CURVE('',#1244,#120,#1255,.T.);
#1257=ORIENTED_EDGE('',*,*,#1256,.T.);
#1258=ORIENTED_EDGE('',*,*,#125,.T.);
#1259=CARTESIAN_POINT('',(37.240648224,9.227938193,-30.102832938));
#1260=VERTEX_POINT('',#1259);
#1261=CARTESIAN_POINT('',(37.240648224,9.227938193,-30.102832938));
#1262=DIRECTION('',(0.866025404,0.,0.5));
#1263=VECTOR('',#1262,3.008738608);
#1264=LINE('',#1261,#1263);
#1265=EDGE_CURVE('',#1260,#112,#1264,.T.);
#1266=ORIENTED_EDGE('',*,*,#1265,.F.);
#1267=CARTESIAN_POINT('',(37.240648224,9.227938193,-30.102832938));
#1268=DIRECTION('',(0.,1.,0.));
#1269=VECTOR('',#1268,6.272061807);
#1270=LINE('',#1267,#1269);
#1271=EDGE_CURVE('',#1260,#629,#1270,.T.);
#1272=ORIENTED_EDGE('',*,*,#1271,.T.);
#1273=ORIENTED_EDGE('',*,*,#634,.T.);
#1274=ORIENTED_EDGE('',*,*,#400,.F.);
#1275=ORIENTED_EDGE('',*,*,#586,.F.);
#1276=EDGE_LOOP('',(#1250,#1257,#1258,#1266,#1272,#1273,#1274,#1275));
#1277=FACE_BOUND('',#1276,.T.);
#1278=ADVANCED_FACE('',(#1277),#1242,.T.);
#1279=CARTESIAN_POINT('',(33.996491808,-14.9,-19.083789212));
#1280=DIRECTION('',(0.866025404,0.,0.5));
#1281=DIRECTION('',(0.5,0.,-0.866025404));
#1282=AXIS2_PLACEMENT_3D('',#1279,#1280,#1281);
#1283=TOROIDAL_SURFACE('',#1282,2.5,1.);
#1284=CARTESIAN_POINT('',(33.996491808,-18.4,-19.083789212));
#1285=VERTEX_POINT('',#1284);
#1286=CARTESIAN_POINT('',(33.996491808,-17.4,-19.083789212));
#1287=DIRECTION('',(0.5,0.,-0.866025404));
#1288=DIRECTION('',(-0.866025404,0.,-0.5));
#1289=AXIS2_PLACEMENT_3D('',#1286,#1287,#1288);
#1290=CIRCLE('',#1289,1.);
#1291=EDGE_CURVE('',#258,#1285,#1290,.T.);
#1292=ORIENTED_EDGE('',*,*,#1291,.F.);
#1293=ORIENTED_EDGE('',*,*,#266,.T.);
#1294=CARTESIAN_POINT('',(32.246491808,-14.9,-16.052700299));
#1295=VERTEX_POINT('',#1294);
#1296=CARTESIAN_POINT('',(32.746491808,-14.9,-16.918725702));
#1297=DIRECTION('',(-0.,1.,0.));
#1298=DIRECTION('',(0.866025404,0.,0.5));
#1299=AXIS2_PLACEMENT_3D('',#1296,#1297,#1298);
#1300=CIRCLE('',#1299,1.);
#1301=EDGE_CURVE('',#1295,#260,#1300,.T.);
#1302=ORIENTED_EDGE('',*,*,#1301,.F.);
#1303=CARTESIAN_POINT('',(33.996491808,-14.9,-19.083789212));
#1304=DIRECTION('',(-0.866025404,-0.,-0.5));
#1305=DIRECTION('',(0.5,0.,-0.866025404));
#1306=AXIS2_PLACEMENT_3D('',#1303,#1304,#1305);
#1307=CIRCLE('',#1306,3.5);
#1308=EDGE_CURVE('',#1285,#1295,#1307,.T.);
#1309=ORIENTED_EDGE('',*,*,#1308,.F.);
#1310=EDGE_LOOP('',(#1292,#1293,#1302,#1309));
#1311=FACE_BOUND('',#1310,.T.);
#1312=ADVANCED_FACE('',(#1311),#1283,.T.);
#1313=CARTESIAN_POINT('',(32.746491808,-0.,-16.918725702));
#1314=DIRECTION('',(-0.,1.,0.));
#1315=DIRECTION('',(-0.5,-0.,0.866025404));
#1316=AXIS2_PLACEMENT_3D('',#1313,#1314,#1315);
#1317=CYLINDRICAL_SURFACE('',#1316,1.);
#1318=ORIENTED_EDGE('',*,*,#1301,.T.);
#1319=ORIENTED_EDGE('',*,*,#325,.T.);
#1320=CARTESIAN_POINT('',(32.246491808,14.9,-16.052700299));
#1321=VERTEX_POINT('',#1320);
#1322=CARTESIAN_POINT('',(32.746491808,14.9,-16.918725702));
#1323=DIRECTION('',(-0.,1.,-0.));
#1324=DIRECTION('',(0.866025404,0.,0.5));
#1325=AXIS2_PLACEMENT_3D('',#1322,#1323,#1324);
#1326=CIRCLE('',#1325,1.);
#1327=EDGE_CURVE('',#1321,#313,#1326,.T.);
#1328=ORIENTED_EDGE('',*,*,#1327,.F.);
#1329=CARTESIAN_POINT('',(32.246491808,-14.9,-16.052700299));
#1330=DIRECTION('',(-0.,1.,0.));
#1331=VECTOR('',#1330,29.8);
#1332=LINE('',#1329,#1331);
#1333=EDGE_CURVE('',#1295,#1321,#1332,.T.);
#1334=ORIENTED_EDGE('',*,*,#1333,.F.);
#1335=EDGE_LOOP('',(#1318,#1319,#1328,#1334));
#1336=FACE_BOUND('',#1335,.T.);
#1337=ADVANCED_FACE('',(#1336),#1317,.T.);
#1338=CARTESIAN_POINT('',(36.228916808,-17.4,-22.950462736));
#1339=DIRECTION('',(-0.5,0.,0.866025404));
#1340=DIRECTION('',(0.866025404,0.,0.5));
#1341=AXIS2_PLACEMENT_3D('',#1338,#1339,#1340);
#1342=CYLINDRICAL_SURFACE('',#1341,1.);
#1343=CARTESIAN_POINT('',(38.461341808,-18.4,-26.81713626));
#1344=VERTEX_POINT('',#1343);
#1345=CARTESIAN_POINT('',(38.461341808,-17.4,-26.81713626));
#1346=DIRECTION('',(0.5,0.,-0.866025404));
#1347=DIRECTION('',(-0.866025404,0.,-0.5));
#1348=AXIS2_PLACEMENT_3D('',#1345,#1346,#1347);
#1349=CIRCLE('',#1348,1.);
#1350=EDGE_CURVE('',#269,#1344,#1349,.T.);
#1351=ORIENTED_EDGE('',*,*,#1350,.F.);
#1352=ORIENTED_EDGE('',*,*,#275,.T.);
#1353=ORIENTED_EDGE('',*,*,#1291,.T.);
#1354=CARTESIAN_POINT('',(38.461341808,-18.4,-26.81713626));
#1355=DIRECTION('',(-0.5,0.,0.866025404));
#1356=VECTOR('',#1355,8.9297);
#1357=LINE('',#1354,#1356);
#1358=EDGE_CURVE('',#1344,#1285,#1357,.T.);
#1359=ORIENTED_EDGE('',*,*,#1358,.F.);
#1360=EDGE_LOOP('',(#1351,#1352,#1353,#1359));
#1361=FACE_BOUND('',#1360,.T.);
#1362=ADVANCED_FACE('',(#1361),#1342,.T.);
#1363=CARTESIAN_POINT('',(33.996491808,14.9,-19.083789212));
#1364=DIRECTION('',(0.866025404,0.,0.5));
#1365=DIRECTION('',(0.5,0.,-0.866025404));
#1366=AXIS2_PLACEMENT_3D('',#1363,#1364,#1365);
#1367=TOROIDAL_SURFACE('',#1366,2.5,1.);
#1368=ORIENTED_EDGE('',*,*,#1327,.T.);
#1369=ORIENTED_EDGE('',*,*,#319,.T.);
#1370=CARTESIAN_POINT('',(33.996491808,18.4,-19.083789212));
#1371=VERTEX_POINT('',#1370);
#1372=CARTESIAN_POINT('',(33.996491808,17.4,-19.083789212));
#1373=DIRECTION('',(0.5,0.,-0.866025404));
#1374=DIRECTION('',(-0.866025404,0.,-0.5));
#1375=AXIS2_PLACEMENT_3D('',#1372,#1373,#1374);
#1376=CIRCLE('',#1375,1.);
#1377=EDGE_CURVE('',#1371,#304,#1376,.T.);
#1378=ORIENTED_EDGE('',*,*,#1377,.F.);
#1379=CARTESIAN_POINT('',(33.996491808,14.9,-19.083789212));
#1380=DIRECTION('',(-0.866025404,-0.,-0.5));
#1381=DIRECTION('',(0.5,0.,-0.866025404));
#1382=AXIS2_PLACEMENT_3D('',#1379,#1380,#1381);
#1383=CIRCLE('',#1382,3.5);
#1384=EDGE_CURVE('',#1321,#1371,#1383,.T.);
#1385=ORIENTED_EDGE('',*,*,#1384,.F.);
#1386=EDGE_LOOP('',(#1368,#1369,#1378,#1385));
#1387=FACE_BOUND('',#1386,.T.);
#1388=ADVANCED_FACE('',(#1387),#1367,.T.);
#1389=CARTESIAN_POINT('',(38.461341808,-14.9,-26.81713626));
#1390=DIRECTION('',(0.866025404,0.,0.5));
#1391=DIRECTION('',(0.5,0.,-0.866025404));
#1392=AXIS2_PLACEMENT_3D('',#1389,#1390,#1391);
#1393=TOROIDAL_SURFACE('',#1392,2.5,1.);
#1394=CARTESIAN_POINT('',(40.211341808,-14.9,-29.848225173));
#1395=VERTEX_POINT('',#1394);
#1396=CARTESIAN_POINT('',(39.711341808,-14.9,-28.982199769));
#1397=DIRECTION('',(-0.,1.,0.));
#1398=DIRECTION('',(-0.5,-0.,0.866025404));
#1399=AXIS2_PLACEMENT_3D('',#1396,#1397,#1398);
#1400=CIRCLE('',#1399,1.);
#1401=EDGE_CURVE('',#278,#1395,#1400,.T.);
#1402=ORIENTED_EDGE('',*,*,#1401,.F.);
#1403=ORIENTED_EDGE('',*,*,#284,.T.);
#1404=ORIENTED_EDGE('',*,*,#1350,.T.);
#1405=CARTESIAN_POINT('',(38.461341808,-14.9,-26.81713626));
#1406=DIRECTION('',(-0.866025404,-0.,-0.5));
#1407=DIRECTION('',(0.5,0.,-0.866025404));
#1408=AXIS2_PLACEMENT_3D('',#1405,#1406,#1407);
#1409=CIRCLE('',#1408,3.5);
#1410=EDGE_CURVE('',#1395,#1344,#1409,.T.);
#1411=ORIENTED_EDGE('',*,*,#1410,.F.);
#1412=EDGE_LOOP('',(#1402,#1403,#1404,#1411));
#1413=FACE_BOUND('',#1412,.T.);
#1414=ADVANCED_FACE('',(#1413),#1393,.T.);
#1415=CARTESIAN_POINT('',(36.228916808,17.4,-22.950462736));
#1416=DIRECTION('',(0.5,0.,-0.866025404));
#1417=DIRECTION('',(-0.,1.,0.));
#1418=AXIS2_PLACEMENT_3D('',#1415,#1416,#1417);
#1419=CYLINDRICAL_SURFACE('',#1418,1.);
#1420=ORIENTED_EDGE('',*,*,#1377,.T.);
#1421=ORIENTED_EDGE('',*,*,#310,.T.);
#1422=CARTESIAN_POINT('',(38.461341808,18.4,-26.81713626));
#1423=VERTEX_POINT('',#1422);
#1424=CARTESIAN_POINT('',(38.461341808,17.4,-26.81713626));
#1425=DIRECTION('',(0.5,0.,-0.866025404));
#1426=DIRECTION('',(-0.866025404,0.,-0.5));
#1427=AXIS2_PLACEMENT_3D('',#1424,#1425,#1426);
#1428=CIRCLE('',#1427,1.);
#1429=EDGE_CURVE('',#1423,#295,#1428,.T.);
#1430=ORIENTED_EDGE('',*,*,#1429,.F.);
#1431=CARTESIAN_POINT('',(33.996491808,18.4,-19.083789212));
#1432=DIRECTION('',(0.5,0.,-0.866025404));
#1433=VECTOR('',#1432,8.9297);
#1434=LINE('',#1431,#1433);
#1435=EDGE_CURVE('',#1371,#1423,#1434,.T.);
#1436=ORIENTED_EDGE('',*,*,#1435,.F.);
#1437=EDGE_LOOP('',(#1420,#1421,#1430,#1436));
#1438=FACE_BOUND('',#1437,.T.);
#1439=ADVANCED_FACE('',(#1438),#1419,.T.);
#1440=CARTESIAN_POINT('',(39.711341808,0.,-28.982199769));
#1441=DIRECTION('',(0.,-1.,-0.));
#1442=DIRECTION('',(0.5,0.,-0.866025404));
#1443=AXIS2_PLACEMENT_3D('',#1440,#1441,#1442);
#1444=CYLINDRICAL_SURFACE('',#1443,1.);
#1445=CARTESIAN_POINT('',(39.711341808,14.9,-28.982199769));
#1446=DIRECTION('',(-0.,1.,0.));
#1447=DIRECTION('',(0.866025404,0.,0.5));
#1448=AXIS2_PLACEMENT_3D('',#1445,#1446,#1447);
#1449=CIRCLE('',#1448,1.);
#1450=EDGE_CURVE('',#287,#869,#1449,.T.);
#1451=ORIENTED_EDGE('',*,*,#1450,.F.);
#1452=ORIENTED_EDGE('',*,*,#292,.T.);
#1453=ORIENTED_EDGE('',*,*,#1401,.T.);
#1454=CARTESIAN_POINT('',(40.211341808,9.499459822,-29.848225173));
#1455=VERTEX_POINT('',#1454);
#1456=CARTESIAN_POINT('',(40.211341808,9.499459822,-29.848225173));
#1457=DIRECTION('',(0.,-1.,-0.));
#1458=VECTOR('',#1457,24.399459822);
#1459=LINE('',#1456,#1458);
#1460=EDGE_CURVE('',#1455,#1395,#1459,.T.);
#1461=ORIENTED_EDGE('',*,*,#1460,.F.);
#1462=CARTESIAN_POINT('',(40.211341808,9.956416564,-29.848225173));
#1463=DIRECTION('',(0.,-1.,-0.));
#1464=VECTOR('',#1463,0.456956742);
#1465=LINE('',#1462,#1464);
#1466=EDGE_CURVE('',#877,#1455,#1465,.T.);
#1467=ORIENTED_EDGE('',*,*,#1466,.F.);
#1468=ORIENTED_EDGE('',*,*,#882,.F.);
#1469=EDGE_LOOP('',(#1451,#1452,#1453,#1461,#1467,#1468));
#1470=FACE_BOUND('',#1469,.T.);
#1471=ADVANCED_FACE('',(#1470),#1444,.T.);
#1472=CARTESIAN_POINT('',(38.461341808,14.9,-26.81713626));
#1473=DIRECTION('',(0.866025404,0.,0.5));
#1474=DIRECTION('',(0.5,0.,-0.866025404));
#1475=AXIS2_PLACEMENT_3D('',#1472,#1473,#1474);
#1476=TOROIDAL_SURFACE('',#1475,2.5,1.);
#1477=ORIENTED_EDGE('',*,*,#1429,.T.);
#1478=ORIENTED_EDGE('',*,*,#301,.T.);
#1479=ORIENTED_EDGE('',*,*,#1450,.T.);
#1480=CARTESIAN_POINT('',(38.461341808,14.9,-26.81713626));
#1481=DIRECTION('',(-0.866025404,-0.,-0.5));
#1482=DIRECTION('',(0.5,0.,-0.866025404));
#1483=AXIS2_PLACEMENT_3D('',#1480,#1481,#1482);
#1484=CIRCLE('',#1483,3.5);
#1485=EDGE_CURVE('',#1423,#869,#1484,.T.);
#1486=ORIENTED_EDGE('',*,*,#1485,.F.);
#1487=EDGE_LOOP('',(#1477,#1478,#1479,#1486));
#1488=FACE_BOUND('',#1487,.T.);
#1489=ADVANCED_FACE('',(#1488),#1476,.T.);
#1490=CARTESIAN_POINT('',(39.329099262,-14.9,-26.31613626));
#1491=DIRECTION('',(-0.866025404,0.,-0.5));
#1492=DIRECTION('',(-0.5,0.,0.866025404));
#1493=AXIS2_PLACEMENT_3D('',#1490,#1491,#1492);
#1494=CYLINDRICAL_SURFACE('',#1493,3.5);
#1495=CARTESIAN_POINT('',(37.868059629,-18.399875296,-27.193783551));
#1496=VERTEX_POINT('',#1495);
#1497=CARTESIAN_POINT('',(37.850490171,-18.4,-27.169811617));
#1498=CARTESIAN_POINT('',(37.856544733,-18.4,-27.177657305));
#1499=CARTESIAN_POINT('',(37.862401212,-18.399958657,-27.185647955));
#1500=CARTESIAN_POINT('',(37.868059629,-18.399875296,-27.193783551));
#1501=B_SPLINE_CURVE_WITH_KNOTS('',3,(#1497,#1498,#1499,#1500),.UNSPECIFIED.,.F.,.F.,(4,4),(0.,0.000029721),.UNSPECIFIED.);
#1502=EDGE_CURVE('',#690,#1496,#1501,.T.);
#1503=ORIENTED_EDGE('',*,*,#1502,.F.);
#1504=ORIENTED_EDGE('',*,*,#702,.T.);
#1505=CARTESIAN_POINT('',(37.462944999,-18.341406543,-28.129967525));
#1506=VERTEX_POINT('',#1505);
#1507=CARTESIAN_POINT('',(37.462944999,-18.341406543,-28.129967525));
#1508=CARTESIAN_POINT('',(37.33030423,-18.35056026,-28.149510988));
#1509=CARTESIAN_POINT('',(37.195481263,-18.366190377,-28.124097117));
#1510=CARTESIAN_POINT('',(37.079386882,-18.378889075,-28.058225042));
#1511=CARTESIAN_POINT('',(36.963292502,-18.391587773,-27.992352967));
#1512=CARTESIAN_POINT('',(36.871616498,-18.4,-27.888766742));
#1513=CARTESIAN_POINT('',(36.820527394,-18.4,-27.764460903));
#1514=B_SPLINE_CURVE_WITH_KNOTS('',3,(#1507,#1508,#1509,#1510,#1511,#1512,#1513),.UNSPECIFIED.,.F.,.F.,(4,3,4),(0.,0.000397368,0.000794736),.UNSPECIFIED.);
#1515=EDGE_CURVE('',#1506,#688,#1514,.T.);
#1516=ORIENTED_EDGE('',*,*,#1515,.F.);
#1517=CARTESIAN_POINT('',(37.817072526,-18.26487525,-28.30122913));
#1518=VERTEX_POINT('',#1517);
#1519=CARTESIAN_POINT('',(37.817072526,-18.26487525,-28.30122913));
#1520=CARTESIAN_POINT('',(37.782696632,-18.284554059,-28.241688335));
#1521=CARTESIAN_POINT('',(37.73084468,-18.301607008,-28.192877827));
#1522=CARTESIAN_POINT('',(37.668519581,-18.314598569,-28.162202922));
#1523=CARTESIAN_POINT('',(37.606194483,-18.32759013,-28.131528016));
#1524=CARTESIAN_POINT('',(37.533586881,-18.336531452,-28.119559058));
#1525=CARTESIAN_POINT('',(37.462944999,-18.341406543,-28.129967525));
#1526=B_SPLINE_CURVE_WITH_KNOTS('',3,(#1519,#1520,#1521,#1522,#1523,#1524,#1525),.UNSPECIFIED.,.F.,.F.,(4,3,4),(0.,0.000211577,0.000423155),.UNSPECIFIED.);
#1527=EDGE_CURVE('',#1518,#1506,#1526,.T.);
#1528=ORIENTED_EDGE('',*,*,#1527,.F.);
#1529=CARTESIAN_POINT('',(37.825098971,-18.260238949,-28.31513134));
#1530=VERTEX_POINT('',#1529);
#1531=CARTESIAN_POINT('',(37.335508783,-14.9,-27.46713626));
#1532=DIRECTION('',(0.866025404,-0.,0.5));
#1533=DIRECTION('',(-0.5,0.,0.866025404));
#1534=AXIS2_PLACEMENT_3D('',#1531,#1532,#1533);
#1535=CIRCLE('',#1534,3.5);
#1536=EDGE_CURVE('',#1518,#1530,#1535,.T.);
#1537=ORIENTED_EDGE('',*,*,#1536,.T.);
#1538=CARTESIAN_POINT('',(37.796352108,-18.147787015,-28.707445576));
#1539=VERTEX_POINT('',#1538);
#1540=CARTESIAN_POINT('',(37.796352108,-18.147787015,-28.707445576));
#1541=CARTESIAN_POINT('',(37.841081942,-18.158448028,-28.650973583));
#1542=CARTESIAN_POINT('',(37.8663962,-18.17655277,-28.583262364));
#1543=CARTESIAN_POINT('',(37.871159868,-18.197005305,-28.514224043));
#1544=CARTESIAN_POINT('',(37.875923537,-18.21745784,-28.445185721));
#1545=CARTESIAN_POINT('',(37.860017002,-18.23988858,-28.375611145));
#1546=CARTESIAN_POINT('',(37.825098971,-18.260238949,-28.31513134));
#1547=B_SPLINE_CURVE_WITH_KNOTS('',3,(#1540,#1541,#1542,#1543,#1544,#1545,#1546),.UNSPECIFIED.,.F.,.F.,(4,3,4),(0.,0.000215185,0.000430369),.UNSPECIFIED.);
#1548=EDGE_CURVE('',#1539,#1530,#1547,.T.);
#1549=ORIENTED_EDGE('',*,*,#1548,.F.);
#1550=CARTESIAN_POINT('',(37.719849608,-17.9,-29.326902981));
#1551=VERTEX_POINT('',#1550);
#1552=CARTESIAN_POINT('',(37.719849608,-17.9,-29.326902981));
#1553=CARTESIAN_POINT('',(37.698866146,-17.930488984,-29.280432052));
#1554=CARTESIAN_POINT('',(37.683711473,-17.958850117,-29.231317839));
#1555=CARTESIAN_POINT('',(37.674995243,-17.985229304,-29.179487276));
#1556=CARTESIAN_POINT('',(37.666279013,-18.011608491,-29.127656713));
#1557=CARTESIAN_POINT('',(37.664258436,-18.036000808,-29.072844431));
#1558=CARTESIAN_POINT('',(37.669833286,-18.057138747,-29.018619554));
#1559=CARTESIAN_POINT('',(37.675408137,-18.078276685,-28.964394676));
#1560=CARTESIAN_POINT('',(37.688761967,-18.096866824,-28.908990501));
#1561=CARTESIAN_POINT('',(37.709979356,-18.112060001,-28.856206288));
#1562=CARTESIAN_POINT('',(37.731196746,-18.127253179,-28.803422074));
#1563=CARTESIAN_POINT('',(37.759735221,-18.139059661,-28.753674868));
#1564=CARTESIAN_POINT('',(37.796352108,-18.147787015,-28.707445576));
#1565=B_SPLINE_CURVE_WITH_KNOTS('',3,(#1552,#1553,#1554,#1555,#1556,#1557,#1558,#1559,#1560,#1561,#1562,#1563,#1564),.UNSPECIFIED.,.F.,.F.,(4,3,3,3,4),(0.,0.000175912,0.000351825,0.000527737,0.000703649),.UNSPECIFIED.);
#1566=EDGE_CURVE('',#1551,#1539,#1565,.T.);
#1567=ORIENTED_EDGE('',*,*,#1566,.F.);
#1568=CARTESIAN_POINT('',(37.111063577,-17.9,-29.67838576));
#1569=VERTEX_POINT('',#1568);
#1570=CARTESIAN_POINT('',(37.111063577,-17.9,-29.67838576));
#1571=DIRECTION('',(0.866025404,-0.,0.5));
#1572=VECTOR('',#1571,0.702965558);
#1573=LINE('',#1570,#1572);
#1574=EDGE_CURVE('',#1569,#1551,#1573,.T.);
#1575=ORIENTED_EDGE('',*,*,#1574,.F.);
#1576=CARTESIAN_POINT('',(37.959675758,-14.9,-31.148225173));
#1577=VERTEX_POINT('',#1576);
#1578=CARTESIAN_POINT('',(36.209675758,-14.9,-28.11713626));
#1579=DIRECTION('',(0.866025404,-0.,0.5));
#1580=DIRECTION('',(-0.5,0.,0.866025404));
#1581=AXIS2_PLACEMENT_3D('',#1578,#1579,#1580);
#1582=CIRCLE('',#1581,3.5);
#1583=EDGE_CURVE('',#1569,#1577,#1582,.T.);
#1584=ORIENTED_EDGE('',*,*,#1583,.T.);
#1585=CARTESIAN_POINT('',(40.211341808,-14.9,-29.848225173));
#1586=DIRECTION('',(-0.866025404,0.,-0.5));
#1587=VECTOR('',#1586,2.6);
#1588=LINE('',#1585,#1587);
#1589=EDGE_CURVE('',#1395,#1577,#1588,.T.);
#1590=ORIENTED_EDGE('',*,*,#1589,.F.);
#1591=ORIENTED_EDGE('',*,*,#1410,.T.);
#1592=CARTESIAN_POINT('',(37.868059629,-18.399875296,-27.193783551));
#1593=CARTESIAN_POINT('',(37.919757289,-18.399113677,-27.268113758));
#1594=CARTESIAN_POINT('',(37.999820575,-18.394501984,-27.320145647));
#1595=CARTESIAN_POINT('',(38.087475481,-18.390033493,-27.337763895));
#1596=CARTESIAN_POINT('',(38.175130388,-18.385565001,-27.355382142));
#1597=CARTESIAN_POINT('',(38.269982565,-18.381937752,-27.337697006));
#1598=CARTESIAN_POINT('',(38.345327773,-18.382318254,-27.28984199));
#1599=CARTESIAN_POINT('',(38.42067298,-18.382698755,-27.241986973));
#1600=CARTESIAN_POINT('',(38.476957914,-18.387018403,-27.163855069));
#1601=CARTESIAN_POINT('',(38.498323024,-18.391528812,-27.076798919));
#1602=CARTESIAN_POINT('',(38.519688134,-18.39603922,-26.989742769));
#1603=CARTESIAN_POINT('',(38.506614189,-18.4,-26.895550325));
#1604=CARTESIAN_POINT('',(38.461341808,-18.4,-26.81713626));
#1605=B_SPLINE_CURVE_WITH_KNOTS('',3,(#1592,#1593,#1594,#1595,#1596,#1597,#1598,#1599,#1600,#1601,#1602,#1603,#1604),.UNSPECIFIED.,.F.,.F.,(4,3,3,3,4),(0.,0.000267761,0.000535522,0.000803283,0.001071044),.UNSPECIFIED.);
#1606=EDGE_CURVE('',#1496,#1344,#1605,.T.);
#1607=ORIENTED_EDGE('',*,*,#1606,.F.);
#1608=EDGE_LOOP('',(#1503,#1504,#1516,#1528,#1537,#1549,#1567,#1575,#1584,#1590,#1591,#1607));
#1609=FACE_BOUND('',#1608,.T.);
#1610=ADVANCED_FACE('',(#1609),#1494,.T.);
#1611=CARTESIAN_POINT('',(37.096674262,-18.4,-22.449462736));
#1612=DIRECTION('',(0.,-1.,0.));
#1613=DIRECTION('',(-0.866025404,0.,-0.5));
#1614=AXIS2_PLACEMENT_3D('',#1611,#1612,#1613);
#1615=PLANE('',#1614);
#1616=CARTESIAN_POINT('',(33.439087066,-18.4,-19.518335879));
#1617=VERTEX_POINT('',#1616);
#1618=CARTESIAN_POINT('',(32.357967978,-18.4,-20.029791386));
#1619=VERTEX_POINT('',#1618);
#1620=CARTESIAN_POINT('',(32.919471824,-18.4,-19.818335879));
#1621=DIRECTION('',(-0.,1.,0.));
#1622=DIRECTION('',(-0.866025404,0.,-0.5));
#1623=AXIS2_PLACEMENT_3D('',#1620,#1621,#1622);
#1624=CIRCLE('',#1623,0.6);
#1625=EDGE_CURVE('',#1617,#1619,#1624,.T.);
#1626=ORIENTED_EDGE('',*,*,#1625,.F.);
#1627=CARTESIAN_POINT('',(33.405602482,-18.4,-19.466658494));
#1628=VERTEX_POINT('',#1627);
#1629=CARTESIAN_POINT('',(32.919471824,-18.4,-19.818335879));
#1630=DIRECTION('',(-0.,1.,0.));
#1631=DIRECTION('',(-0.866025404,0.,-0.5));
#1632=AXIS2_PLACEMENT_3D('',#1629,#1630,#1631);
#1633=CIRCLE('',#1632,0.6);
#1634=EDGE_CURVE('',#1628,#1617,#1633,.T.);
#1635=ORIENTED_EDGE('',*,*,#1634,.F.);
#1636=CARTESIAN_POINT('',(33.385929836,-18.4,-19.436297331));
#1637=VERTEX_POINT('',#1636);
#1638=CARTESIAN_POINT('',(33.691210822,-18.4,-19.260043271));
#1639=DIRECTION('',(0.,-1.,-0.));
#1640=DIRECTION('',(-0.866025404,0.,-0.5));
#1641=AXIS2_PLACEMENT_3D('',#1638,#1639,#1640);
#1642=CIRCLE('',#1641,0.352508119);
#1643=EDGE_CURVE('',#1637,#1628,#1642,.T.);
#1644=ORIENTED_EDGE('',*,*,#1643,.F.);
#1645=CARTESIAN_POINT('',(33.385929836,-18.4,-19.436297331));
#1646=DIRECTION('',(-0.866025404,0.,-0.5));
#1647=VECTOR('',#1646,1.18698811);
#1648=LINE('',#1645,#1647);
#1649=EDGE_CURVE('',#1637,#1619,#1648,.T.);
#1650=ORIENTED_EDGE('',*,*,#1649,.T.);
#1651=EDGE_LOOP('',(#1626,#1635,#1644,#1650));
#1652=FACE_BOUND('',#1651,.T.);
#1653=ADVANCED_FACE('',(#1652),#1615,.T.);
#1654=CARTESIAN_POINT('',(34.864249262,-14.9,-18.582789212));
#1655=DIRECTION('',(-0.866025404,0.,-0.5));
#1656=DIRECTION('',(-0.5,0.,0.866025404));
#1657=AXIS2_PLACEMENT_3D('',#1654,#1655,#1656);
#1658=CYLINDRICAL_SURFACE('',#1657,3.5);
#1659=CARTESIAN_POINT('',(33.996491808,-18.4,-19.083789212));
#1660=CARTESIAN_POINT('',(33.97319004,-18.4,-19.043429366));
#1661=CARTESIAN_POINT('',(33.942372282,-18.399042587,-19.008419584));
#1662=CARTESIAN_POINT('',(33.905708504,-18.397395058,-18.980306398));
#1663=CARTESIAN_POINT('',(33.869044726,-18.39574753,-18.952193212));
#1664=CARTESIAN_POINT('',(33.826827774,-18.393432537,-18.931437444));
#1665=CARTESIAN_POINT('',(33.782439399,-18.391112483,-18.919544636));
#1666=CARTESIAN_POINT('',(33.693662649,-18.386472376,-18.895759021));
#1667=CARTESIAN_POINT('',(33.594889227,-18.382209663,-18.908688781));
#1668=CARTESIAN_POINT('',(33.515173541,-18.382203051,-18.95463723));
#1669=CARTESIAN_POINT('',(33.435457856,-18.382196439,-19.000585679));
#1670=CARTESIAN_POINT('',(33.374926144,-18.386402247,-19.078690156));
#1671=CARTESIAN_POINT('',(33.350776262,-18.391100756,-19.168575874));
#1672=CARTESIAN_POINT('',(33.326626381,-18.395799265,-19.258461591));
#1673=CARTESIAN_POINT('',(33.33932638,-18.4,-19.355577778));
#1674=CARTESIAN_POINT('',(33.385929836,-18.4,-19.436297331));
#1675=B_SPLINE_CURVE_WITH_KNOTS('',3,(#1659,#1660,#1661,#1662,#1663,#1664,#1665,#1666,#1667,#1668,#1669,#1670,#1671,#1672,#1673,#1674),.UNSPECIFIED.,.F.,.F.,(4,3,3,3,3,4),(0.,0.000137819,0.000275639,0.000551278,0.000826917,0.001102556),.UNSPECIFIED.);
#1676=EDGE_CURVE('',#1285,#1637,#1675,.T.);
#1677=ORIENTED_EDGE('',*,*,#1676,.F.);
#1678=ORIENTED_EDGE('',*,*,#1308,.T.);
#1679=CARTESIAN_POINT('',(32.246491808,-14.9,-16.052700299));
#1680=DIRECTION('',(-0.866025404,0.,-0.5));
#1681=VECTOR('',#1680,2.6);
#1682=LINE('',#1679,#1681);
#1683=EDGE_CURVE('',#1295,#967,#1682,.T.);
#1684=ORIENTED_EDGE('',*,*,#1683,.T.);
#1685=CARTESIAN_POINT('',(30.843437939,-17.9,-18.822539712));
#1686=VERTEX_POINT('',#1685);
#1687=CARTESIAN_POINT('',(31.744825758,-14.9,-20.383789212));
#1688=DIRECTION('',(0.866025404,-0.,0.5));
#1689=DIRECTION('',(-0.5,0.,0.866025404));
#1690=AXIS2_PLACEMENT_3D('',#1687,#1688,#1689);
#1691=CIRCLE('',#1690,3.5);
#1692=EDGE_CURVE('',#967,#1686,#1691,.T.);
#1693=ORIENTED_EDGE('',*,*,#1692,.T.);
#1694=CARTESIAN_POINT('',(31.459803014,-17.9,-18.46668117));
#1695=VERTEX_POINT('',#1694);
#1696=CARTESIAN_POINT('',(31.459803014,-17.9,-18.46668117));
#1697=DIRECTION('',(-0.866025404,0.,-0.5));
#1698=VECTOR('',#1697,0.711717084);
#1699=LINE('',#1696,#1698);
#1700=EDGE_CURVE('',#1695,#1686,#1699,.T.);
#1701=ORIENTED_EDGE('',*,*,#1700,.F.);
#1702=CARTESIAN_POINT('',(32.115729809,-18.213594432,-18.868319137));
#1703=VERTEX_POINT('',#1702);
#1704=CARTESIAN_POINT('',(32.115729809,-18.213594432,-18.868319137));
#1705=CARTESIAN_POINT('',(32.04153544,-18.204197257,-18.879251032));
#1706=CARTESIAN_POINT('',(31.967548686,-18.190329342,-18.876062579));
#1707=CARTESIAN_POINT('',(31.89658654,-18.171586053,-18.860099195));
#1708=CARTESIAN_POINT('',(31.825624394,-18.152842764,-18.844135811));
#1709=CARTESIAN_POINT('',(31.759288931,-18.12950219,-18.815558798));
#1710=CARTESIAN_POINT('',(31.700932811,-18.102109984,-18.777570562));
#1711=CARTESIAN_POINT('',(31.642576691,-18.074717778,-18.739582325));
#1712=CARTESIAN_POINT('',(31.592166476,-18.043210994,-18.692140271));
#1713=CARTESIAN_POINT('',(31.551770024,-18.009135413,-18.639348778));
#1714=CARTESIAN_POINT('',(31.511373571,-17.975059831,-18.586557286));
#1715=CARTESIAN_POINT('',(31.480582485,-17.938268852,-18.528219185));
#1716=CARTESIAN_POINT('',(31.459803014,-17.9,-18.46668117));
#1717=B_SPLINE_CURVE_WITH_KNOTS('',3,(#1704,#1705,#1706,#1707,#1708,#1709,#1710,#1711,#1712,#1713,#1714,#1715,#1716),.UNSPECIFIED.,.F.,.F.,(4,3,3,3,4),(0.,0.000223403,0.000446805,0.000670208,0.00089361),.UNSPECIFIED.);
#1718=EDGE_CURVE('',#1703,#1695,#1717,.T.);
#1719=ORIENTED_EDGE('',*,*,#1718,.F.);
#1720=CARTESIAN_POINT('',(32.469857336,-18.306968271,-19.039580742));
#1721=VERTEX_POINT('',#1720);
#1722=CARTESIAN_POINT('',(32.469857336,-18.306968271,-19.039580742));
#1723=CARTESIAN_POINT('',(32.434809244,-18.290475807,-18.978875667));
#1724=CARTESIAN_POINT('',(32.382485914,-18.271995371,-18.930450307));
#1725=CARTESIAN_POINT('',(32.320415563,-18.254964766,-18.900118635));
#1726=CARTESIAN_POINT('',(32.258345212,-18.237934161,-18.869786963));
#1727=CARTESIAN_POINT('',(32.186459584,-18.222552795,-18.85789772));
#1728=CARTESIAN_POINT('',(32.115729809,-18.213594432,-18.868319137));
#1729=B_SPLINE_CURVE_WITH_KNOTS('',3,(#1722,#1723,#1724,#1725,#1726,#1727,#1728),.UNSPECIFIED.,.F.,.F.,(4,3,4),(0.,0.000212939,0.000425878),.UNSPECIFIED.);
#1730=EDGE_CURVE('',#1721,#1703,#1729,.T.);
#1731=ORIENTED_EDGE('',*,*,#1730,.F.);
#1732=CARTESIAN_POINT('',(32.477883781,-18.31070538,-19.053482952));
#1733=VERTEX_POINT('',#1732);
#1734=CARTESIAN_POINT('',(32.870658783,-14.9,-19.733789212));
#1735=DIRECTION('',(0.866025404,-0.,0.5));
#1736=DIRECTION('',(-0.5,0.,0.866025404));
#1737=AXIS2_PLACEMENT_3D('',#1734,#1735,#1736);
#1738=CIRCLE('',#1737,3.5);
#1739=EDGE_CURVE('',#1721,#1733,#1738,.T.);
#1740=ORIENTED_EDGE('',*,*,#1739,.T.);
#1741=CARTESIAN_POINT('',(32.449136918,-18.369617296,-19.445797189));
#1742=VERTEX_POINT('',#1741);
#1743=CARTESIAN_POINT('',(32.449136918,-18.369617296,-19.445797189));
#1744=CARTESIAN_POINT('',(32.493175838,-18.366151547,-19.390197483));
#1745=CARTESIAN_POINT('',(32.519032272,-18.359826776,-19.322494842));
#1746=CARTESIAN_POINT('',(32.523914131,-18.349958256,-19.253014358));
#1747=CARTESIAN_POINT('',(32.528795991,-18.340089735,-19.183533873));
#1748=CARTESIAN_POINT('',(32.512470089,-18.326637143,-19.113388195));
#1749=CARTESIAN_POINT('',(32.477883781,-18.31070538,-19.053482952));
#1750=B_SPLINE_CURVE_WITH_KNOTS('',3,(#1743,#1744,#1745,#1746,#1747,#1748,#1749),.UNSPECIFIED.,.F.,.F.,(4,3,4),(0.,0.000209998,0.000419995),.UNSPECIFIED.);
#1751=EDGE_CURVE('',#1742,#1733,#1750,.T.);
#1752=ORIENTED_EDGE('',*,*,#1751,.F.);
#1753=CARTESIAN_POINT('',(32.357967978,-18.4,-20.029791386));
#1754=CARTESIAN_POINT('',(32.339607552,-18.4,-19.981036685));
#1755=CARTESIAN_POINT('',(32.327899131,-18.398871161,-19.931014725));
#1756=CARTESIAN_POINT('',(32.322624307,-18.39688628,-19.879760965));
#1757=CARTESIAN_POINT('',(32.317349482,-18.394901398,-19.828507206));
#1758=CARTESIAN_POINT('',(32.318764612,-18.39204212,-19.776155364));
#1759=CARTESIAN_POINT('',(32.326696558,-18.388849734,-19.725505476));
#1760=CARTESIAN_POINT('',(32.334628503,-18.385657348,-19.674855588));
#1761=CARTESIAN_POINT('',(32.349342234,-18.382050555,-19.624472824));
#1762=CARTESIAN_POINT('',(32.369929715,-18.378681046,-19.577496783));
#1763=CARTESIAN_POINT('',(32.390517196,-18.375311536,-19.530520742));
#1764=CARTESIAN_POINT('',(32.416831613,-18.372159639,-19.486583053));
#1765=CARTESIAN_POINT('',(32.449136918,-18.369617296,-19.445797189));
#1766=B_SPLINE_CURVE_WITH_KNOTS('',3,(#1753,#1754,#1755,#1756,#1757,#1758,#1759,#1760,#1761,#1762,#1763,#1764,#1765),.UNSPECIFIED.,.F.,.F.,(4,3,3,3,4),(0.,0.00015405,0.000308101,0.000462151,0.000616201),.UNSPECIFIED.);
#1767=EDGE_CURVE('',#1619,#1742,#1766,.T.);
#1768=ORIENTED_EDGE('',*,*,#1767,.F.);
#1769=ORIENTED_EDGE('',*,*,#1649,.F.);
#1770=EDGE_LOOP('',(#1677,#1678,#1684,#1693,#1701,#1719,#1731,#1740,#1752,#1768,#1769));
#1771=FACE_BOUND('',#1770,.T.);
#1772=ADVANCED_FACE('',(#1771),#1658,.T.);
#1773=CARTESIAN_POINT('',(33.114249262,-0.,-15.551700299));
#1774=DIRECTION('',(-0.5,-0.,0.866025404));
#1775=DIRECTION('',(0.,-1.,-0.));
#1776=AXIS2_PLACEMENT_3D('',#1773,#1774,#1775);
#1777=PLANE('',#1776);
#1778=CARTESIAN_POINT('',(30.774248626,8.227926275,-16.902700296));
#1779=VERTEX_POINT('',#1778);
#1780=CARTESIAN_POINT('',(30.341235924,8.227926275,-17.152700296));
#1781=DIRECTION('',(-0.5,-0.,0.866025404));
#1782=DIRECTION('',(0.,-1.,-0.));
#1783=AXIS2_PLACEMENT_3D('',#1780,#1781,#1782);
#1784=CIRCLE('',#1783,0.5);
#1785=EDGE_CURVE('',#910,#1779,#1784,.T.);
#1786=ORIENTED_EDGE('',*,*,#1785,.F.);
#1787=ORIENTED_EDGE('',*,*,#1019,.T.);
#1788=CARTESIAN_POINT('',(30.774248626,-8.227926275,-16.902700296));
#1789=VERTEX_POINT('',#1788);
#1790=CARTESIAN_POINT('',(30.341235924,-8.227926275,-17.152700296));
#1791=DIRECTION('',(-0.5,-0.,0.866025404));
#1792=DIRECTION('',(0.,-1.,-0.));
#1793=AXIS2_PLACEMENT_3D('',#1790,#1791,#1792);
#1794=CIRCLE('',#1793,0.5);
#1795=EDGE_CURVE('',#1789,#1004,#1794,.T.);
#1796=ORIENTED_EDGE('',*,*,#1795,.F.);
#1797=CARTESIAN_POINT('',(30.774248626,-11.227926275,-16.902700296));
#1798=VERTEX_POINT('',#1797);
#1799=CARTESIAN_POINT('',(30.774248626,-8.227926275,-16.902700296));
#1800=DIRECTION('',(0.,-1.,-0.));
#1801=VECTOR('',#1800,3.);
#1802=LINE('',#1799,#1801);
#1803=EDGE_CURVE('',#1789,#1798,#1802,.T.);
#1804=ORIENTED_EDGE('',*,*,#1803,.T.);
#1805=CARTESIAN_POINT('',(30.341235924,-11.727926275,-17.152700296));
#1806=VERTEX_POINT('',#1805);
#1807=CARTESIAN_POINT('',(30.341235924,-11.227926275,-17.152700296));
#1808=DIRECTION('',(-0.5,-0.,0.866025404));
#1809=DIRECTION('',(0.,-1.,-0.));
#1810=AXIS2_PLACEMENT_3D('',#1807,#1808,#1809);
#1811=CIRCLE('',#1810,0.5);
#1812=EDGE_CURVE('',#1806,#1798,#1811,.T.);
#1813=ORIENTED_EDGE('',*,*,#1812,.F.);
#1814=CARTESIAN_POINT('',(30.341235924,-11.227926275,-17.152700296));
#1815=DIRECTION('',(-0.5,-0.,0.866025404));
#1816=DIRECTION('',(0.,-1.,-0.));
#1817=AXIS2_PLACEMENT_3D('',#1814,#1815,#1816);
#1818=CIRCLE('',#1817,0.5);
#1819=EDGE_CURVE('',#976,#1806,#1818,.T.);
#1820=ORIENTED_EDGE('',*,*,#1819,.F.);
#1821=ORIENTED_EDGE('',*,*,#981,.T.);
#1822=ORIENTED_EDGE('',*,*,#1683,.F.);
#1823=ORIENTED_EDGE('',*,*,#1333,.T.);
#1824=CARTESIAN_POINT('',(32.246491808,14.9,-16.052700299));
#1825=DIRECTION('',(-0.866025404,0.,-0.5));
#1826=VECTOR('',#1825,2.6);
#1827=LINE('',#1824,#1826);
#1828=EDGE_CURVE('',#1321,#942,#1827,.T.);
#1829=ORIENTED_EDGE('',*,*,#1828,.T.);
#1830=ORIENTED_EDGE('',*,*,#947,.T.);
#1831=CARTESIAN_POINT('',(30.774248626,11.227926275,-16.902700296));
#1832=VERTEX_POINT('',#1831);
#1833=CARTESIAN_POINT('',(30.341235924,11.227926275,-17.152700296));
#1834=DIRECTION('',(-0.5,-0.,0.866025404));
#1835=DIRECTION('',(0.,-1.,-0.));
#1836=AXIS2_PLACEMENT_3D('',#1833,#1834,#1835);
#1837=CIRCLE('',#1836,0.5);
#1838=EDGE_CURVE('',#1832,#930,#1837,.T.);
#1839=ORIENTED_EDGE('',*,*,#1838,.F.);
#1840=CARTESIAN_POINT('',(30.774248626,11.227926275,-16.902700296));
#1841=DIRECTION('',(-0.,-1.,-0.));
#1842=VECTOR('',#1841,3.);
#1843=LINE('',#1840,#1842);
#1844=EDGE_CURVE('',#1832,#1779,#1843,.T.);
#1845=ORIENTED_EDGE('',*,*,#1844,.T.);
#1846=EDGE_LOOP('',(#1786,#1787,#1796,#1804,#1813,#1820,#1821,#1822,#1823,#1829,#1830,#1839,#1845));
#1847=FACE_BOUND('',#1846,.T.);
#1848=ADVANCED_FACE('',(#1847),#1777,.T.);
#1849=CARTESIAN_POINT('',(34.864249262,14.9,-18.582789212));
#1850=DIRECTION('',(-0.866025404,0.,-0.5));
#1851=DIRECTION('',(-0.5,0.,0.866025404));
#1852=AXIS2_PLACEMENT_3D('',#1849,#1850,#1851);
#1853=CYLINDRICAL_SURFACE('',#1852,3.5);
#1854=CARTESIAN_POINT('',(33.385929836,18.4,-19.436297331));
#1855=VERTEX_POINT('',#1854);
#1856=CARTESIAN_POINT('',(33.385929836,18.4,-19.436297331));
#1857=CARTESIAN_POINT('',(33.362628067,18.4,-19.395937484));
#1858=CARTESIAN_POINT('',(33.347717586,18.399042587,-19.351743633));
#1859=CARTESIAN_POINT('',(33.341702742,18.397395058,-19.305935277));
#1860=CARTESIAN_POINT('',(33.335687898,18.39574753,-19.260126921));
#1861=CARTESIAN_POINT('',(33.338821351,18.393432537,-19.213188083));
#1862=CARTESIAN_POINT('',(33.350716065,18.391112483,-19.168800219));
#1863=CARTESIAN_POINT('',(33.374505493,18.386472376,-19.080024491));
#1864=CARTESIAN_POINT('',(33.435089705,18.382209663,-19.000949078));
#1865=CARTESIAN_POINT('',(33.514740072,18.382203051,-18.954887494));
#1866=CARTESIAN_POINT('',(33.594390439,18.382196439,-18.90882591));
#1867=CARTESIAN_POINT('',(33.692296756,18.386402247,-18.895456148));
#1868=CARTESIAN_POINT('',(33.782215011,18.391100756,-18.919484596));
#1869=CARTESIAN_POINT('',(33.872133266,18.395799265,-18.943513044));
#1870=CARTESIAN_POINT('',(33.949888352,18.4,-19.003069659));
#1871=CARTESIAN_POINT('',(33.996491808,18.4,-19.083789212));
#1872=B_SPLINE_CURVE_WITH_KNOTS('',3,(#1856,#1857,#1858,#1859,#1860,#1861,#1862,#1863,#1864,#1865,#1866,#1867,#1868,#1869,#1870,#1871),.UNSPECIFIED.,.F.,.F.,(4,3,3,3,3,4),(0.,0.000137819,0.000275639,0.000551278,0.000826917,0.001102556),.UNSPECIFIED.);
#1873=EDGE_CURVE('',#1855,#1371,#1872,.T.);
#1874=ORIENTED_EDGE('',*,*,#1873,.F.);
#1875=CARTESIAN_POINT('',(32.357967978,18.4,-20.029791386));
#1876=VERTEX_POINT('',#1875);
#1877=CARTESIAN_POINT('',(33.385929836,18.4,-19.436297331));
#1878=DIRECTION('',(-0.866025404,0.,-0.5));
#1879=VECTOR('',#1878,1.18698811);
#1880=LINE('',#1877,#1879);
#1881=EDGE_CURVE('',#1855,#1876,#1880,.T.);
#1882=ORIENTED_EDGE('',*,*,#1881,.T.);
#1883=CARTESIAN_POINT('',(32.449136918,18.369617296,-19.445797189));
#1884=VERTEX_POINT('',#1883);
#1885=CARTESIAN_POINT('',(32.449136918,18.369617296,-19.445797189));
#1886=CARTESIAN_POINT('',(32.416832389,18.372159578,-19.486582073));
#1887=CARTESIAN_POINT('',(32.390471092,18.375315721,-19.530578904));
#1888=CARTESIAN_POINT('',(32.369841223,18.378695537,-19.577698804));
#1889=CARTESIAN_POINT('',(32.349211353,18.382075352,-19.624818704));
#1890=CARTESIAN_POINT('',(32.334577347,18.385671981,-19.675070024));
#1891=CARTESIAN_POINT('',(32.326665075,18.388862417,-19.725706738));
#1892=CARTESIAN_POINT('',(32.318752802,18.392052852,-19.776343452));
#1893=CARTESIAN_POINT('',(32.317366485,18.394916263,-19.828837733));
#1894=CARTESIAN_POINT('',(32.322644608,18.396893902,-19.879957904));
#1895=CARTESIAN_POINT('',(32.327922731,18.398871542,-19.931078076));
#1896=CARTESIAN_POINT('',(32.339607523,18.4,-19.981036608));
#1897=CARTESIAN_POINT('',(32.357967978,18.4,-20.029791386));
#1898=B_SPLINE_CURVE_WITH_KNOTS('',3,(#1885,#1886,#1887,#1888,#1889,#1890,#1891,#1892,#1893,#1894,#1895,#1896,#1897),.UNSPECIFIED.,.F.,.F.,(4,3,3,3,4),(0.,0.000154045,0.000308089,0.000462134,0.000616179),.UNSPECIFIED.);
#1899=EDGE_CURVE('',#1884,#1876,#1898,.T.);
#1900=ORIENTED_EDGE('',*,*,#1899,.F.);
#1901=CARTESIAN_POINT('',(32.477883781,18.31070538,-19.053482952));
#1902=VERTEX_POINT('',#1901);
#1903=CARTESIAN_POINT('',(32.477883781,18.31070538,-19.053482952));
#1904=CARTESIAN_POINT('',(32.512478027,18.3266408,-19.113401944));
#1905=CARTESIAN_POINT('',(32.528702004,18.339994856,-19.183010547));
#1906=CARTESIAN_POINT('',(32.523959336,18.349865542,-19.252362274));
#1907=CARTESIAN_POINT('',(32.519216668,18.359736228,-19.321714001));
#1908=CARTESIAN_POINT('',(32.49319036,18.366150404,-19.390179149));
#1909=CARTESIAN_POINT('',(32.449136918,18.369617296,-19.445797189));
#1910=B_SPLINE_CURVE_WITH_KNOTS('',3,(#1903,#1904,#1905,#1906,#1907,#1908,#1909),.UNSPECIFIED.,.F.,.F.,(4,3,4),(0.,0.000210038,0.000420075),.UNSPECIFIED.);
#1911=EDGE_CURVE('',#1902,#1884,#1910,.T.);
#1912=ORIENTED_EDGE('',*,*,#1911,.F.);
#1913=CARTESIAN_POINT('',(32.469857336,18.306968271,-19.039580742));
#1914=VERTEX_POINT('',#1913);
#1915=CARTESIAN_POINT('',(32.870658783,14.9,-19.733789212));
#1916=DIRECTION('',(0.866025404,-0.,0.5));
#1917=DIRECTION('',(-0.5,0.,0.866025404));
#1918=AXIS2_PLACEMENT_3D('',#1915,#1916,#1917);
#1919=CIRCLE('',#1918,3.5);
#1920=EDGE_CURVE('',#1902,#1914,#1919,.T.);
#1921=ORIENTED_EDGE('',*,*,#1920,.T.);
#1922=CARTESIAN_POINT('',(32.115729809,18.213594432,-18.868319137));
#1923=VERTEX_POINT('',#1922);
#1924=CARTESIAN_POINT('',(32.115729809,18.213594432,-18.868319137));
#1925=CARTESIAN_POINT('',(32.186430018,18.22254905,-18.857902076));
#1926=CARTESIAN_POINT('',(32.25760823,18.237756036,-18.869555402));
#1927=CARTESIAN_POINT('',(32.319893075,18.254821509,-18.89986385));
#1928=CARTESIAN_POINT('',(32.382177919,18.271886982,-18.930172297));
#1929=CARTESIAN_POINT('',(32.434831284,18.290486178,-18.978913841));
#1930=CARTESIAN_POINT('',(32.469857336,18.306968271,-19.039580742));
#1931=B_SPLINE_CURVE_WITH_KNOTS('',3,(#1924,#1925,#1926,#1927,#1928,#1929,#1930),.UNSPECIFIED.,.F.,.F.,(4,3,4),(0.,0.000212863,0.000425726),.UNSPECIFIED.);
#1932=EDGE_CURVE('',#1923,#1914,#1931,.T.);
#1933=ORIENTED_EDGE('',*,*,#1932,.F.);
#1934=CARTESIAN_POINT('',(31.459803014,17.9,-18.46668117));
#1935=VERTEX_POINT('',#1934);
#1936=CARTESIAN_POINT('',(31.459803014,17.9,-18.46668117));
#1937=CARTESIAN_POINT('',(31.480614936,17.938328617,-18.528315289));
#1938=CARTESIAN_POINT('',(31.510929278,17.974638335,-18.585897995));
#1939=CARTESIAN_POINT('',(31.551510155,18.008916056,-18.639008921));
#1940=CARTESIAN_POINT('',(31.592091031,18.043193778,-18.692119847));
#1941=CARTESIAN_POINT('',(31.642049223,18.074405668,-18.739117526));
#1942=CARTESIAN_POINT('',(31.700201309,18.101766216,-18.777093616));
#1943=CARTESIAN_POINT('',(31.758353395,18.129126765,-18.815069706));
#1944=CARTESIAN_POINT('',(31.825097921,18.152649116,-18.843888425));
#1945=CARTESIAN_POINT('',(31.895576134,18.171318786,-18.859870982));
#1946=CARTESIAN_POINT('',(31.966054347,18.189988455,-18.875853538));
#1947=CARTESIAN_POINT('',(32.041347297,18.204173428,-18.879278753));
#1948=CARTESIAN_POINT('',(32.115729809,18.213594432,-18.868319137));
#1949=B_SPLINE_CURVE_WITH_KNOTS('',3,(#1936,#1937,#1938,#1939,#1940,#1941,#1942,#1943,#1944,#1945,#1946,#1947,#1948),.UNSPECIFIED.,.F.,.F.,(4,3,3,3,4),(0.,0.000223495,0.000446991,0.000670486,0.000893981),.UNSPECIFIED.);
#1950=EDGE_CURVE('',#1935,#1923,#1949,.T.);
#1951=ORIENTED_EDGE('',*,*,#1950,.F.);
#1952=CARTESIAN_POINT('',(30.843437939,17.9,-18.822539712));
#1953=VERTEX_POINT('',#1952);
#1954=CARTESIAN_POINT('',(30.843437939,17.9,-18.822539712));
#1955=DIRECTION('',(0.866025404,-0.,0.5));
#1956=VECTOR('',#1955,0.711717084);
#1957=LINE('',#1954,#1956);
#1958=EDGE_CURVE('',#1953,#1935,#1957,.T.);
#1959=ORIENTED_EDGE('',*,*,#1958,.F.);
#1960=CARTESIAN_POINT('',(31.744825758,14.9,-20.383789212));
#1961=DIRECTION('',(0.866025404,-0.,0.5));
#1962=DIRECTION('',(-0.5,0.,0.866025404));
#1963=AXIS2_PLACEMENT_3D('',#1960,#1961,#1962);
#1964=CIRCLE('',#1963,3.5);
#1965=EDGE_CURVE('',#1953,#942,#1964,.T.);
#1966=ORIENTED_EDGE('',*,*,#1965,.T.);
#1967=ORIENTED_EDGE('',*,*,#1828,.F.);
#1968=ORIENTED_EDGE('',*,*,#1384,.T.);
#1969=EDGE_LOOP('',(#1874,#1882,#1900,#1912,#1921,#1933,#1951,#1959,#1966,#1967,#1968));
#1970=FACE_BOUND('',#1969,.T.);
#1971=ADVANCED_FACE('',(#1970),#1853,.T.);
#1972=CARTESIAN_POINT('',(41.079099262,0.,-29.347225173));
#1973=DIRECTION('',(0.5,0.,-0.866025404));
#1974=DIRECTION('',(-0.,1.,0.));
#1975=AXIS2_PLACEMENT_3D('',#1972,#1973,#1974);
#1976=PLANE('',#1975);
#1977=CARTESIAN_POINT('',(39.826181761,9.227938193,-30.07059743));
#1978=VERTEX_POINT('',#1977);
#1979=CARTESIAN_POINT('',(39.826181808,9.727938193,-30.070597403));
#1980=DIRECTION('',(0.5,0.,-0.866025404));
#1981=DIRECTION('',(-0.,1.,0.));
#1982=AXIS2_PLACEMENT_3D('',#1979,#1980,#1981);
#1983=CIRCLE('',#1982,0.5);
#1984=EDGE_CURVE('',#1455,#1978,#1983,.T.);
#1985=ORIENTED_EDGE('',*,*,#1984,.F.);
#1986=ORIENTED_EDGE('',*,*,#1460,.T.);
#1987=ORIENTED_EDGE('',*,*,#1589,.T.);
#1988=CARTESIAN_POINT('',(37.959675758,9.432597184,-31.148225173));
#1989=VERTEX_POINT('',#1988);
#1990=CARTESIAN_POINT('',(37.959675758,-14.9,-31.148225173));
#1991=DIRECTION('',(-0.,1.,0.));
#1992=VECTOR('',#1991,24.332597184);
#1993=LINE('',#1990,#1992);
#1994=EDGE_CURVE('',#1577,#1989,#1993,.T.);
#1995=ORIENTED_EDGE('',*,*,#1994,.T.);
#1996=CARTESIAN_POINT('',(38.309075624,9.227938193,-30.946499067));
#1997=VERTEX_POINT('',#1996);
#1998=CARTESIAN_POINT('',(38.309075624,9.727938193,-30.946499067));
#1999=DIRECTION('',(0.5,0.,-0.866025404));
#2000=DIRECTION('',(-0.,1.,0.));
#2001=AXIS2_PLACEMENT_3D('',#1998,#1999,#2000);
#2002=CIRCLE('',#2001,0.5);
#2003=EDGE_CURVE('',#1997,#1989,#2002,.T.);
#2004=ORIENTED_EDGE('',*,*,#2003,.F.);
#2005=CARTESIAN_POINT('',(39.826181761,9.227938193,-30.07059743));
#2006=DIRECTION('',(-0.866025404,0.,-0.5));
#2007=VECTOR('',#2006,1.751803274);
#2008=LINE('',#2005,#2007);
#2009=EDGE_CURVE('',#1978,#1997,#2008,.T.);
#2010=ORIENTED_EDGE('',*,*,#2009,.F.);
#2011=EDGE_LOOP('',(#1985,#1986,#1987,#1995,#2004,#2010));
#2012=FACE_BOUND('',#2011,.T.);
#2013=ADVANCED_FACE('',(#2012),#1976,.T.);
#2014=CARTESIAN_POINT('',(37.096674262,18.4,-22.449462736));
#2015=DIRECTION('',(-0.,1.,0.));
#2016=DIRECTION('',(-0.5,-0.,0.866025404));
#2017=AXIS2_PLACEMENT_3D('',#2014,#2015,#2016);
#2018=PLANE('',#2017);
#2019=CARTESIAN_POINT('',(33.439087066,18.4,-19.518335879));
#2020=VERTEX_POINT('',#2019);
#2021=CARTESIAN_POINT('',(33.405602482,18.4,-19.466658494));
#2022=VERTEX_POINT('',#2021);
#2023=CARTESIAN_POINT('',(32.919471824,18.4,-19.818335879));
#2024=DIRECTION('',(0.,-1.,-0.));
#2025=DIRECTION('',(-0.5,-0.,0.866025404));
#2026=AXIS2_PLACEMENT_3D('',#2023,#2024,#2025);
#2027=CIRCLE('',#2026,0.6);
#2028=EDGE_CURVE('',#2020,#2022,#2027,.T.);
#2029=ORIENTED_EDGE('',*,*,#2028,.F.);
#2030=CARTESIAN_POINT('',(32.919471824,18.4,-19.818335879));
#2031=DIRECTION('',(0.,-1.,-0.));
#2032=DIRECTION('',(-0.5,-0.,0.866025404));
#2033=AXIS2_PLACEMENT_3D('',#2030,#2031,#2032);
#2034=CIRCLE('',#2033,0.6);
#2035=EDGE_CURVE('',#1876,#2020,#2034,.T.);
#2036=ORIENTED_EDGE('',*,*,#2035,.F.);
#2037=ORIENTED_EDGE('',*,*,#1881,.F.);
#2038=CARTESIAN_POINT('',(33.691210822,18.4,-19.260043271));
#2039=DIRECTION('',(-0.,1.,0.));
#2040=DIRECTION('',(-0.5,-0.,0.866025404));
#2041=AXIS2_PLACEMENT_3D('',#2038,#2039,#2040);
#2042=CIRCLE('',#2041,0.352508119);
#2043=EDGE_CURVE('',#2022,#1855,#2042,.T.);
#2044=ORIENTED_EDGE('',*,*,#2043,.F.);
#2045=EDGE_LOOP('',(#2029,#2036,#2037,#2044));
#2046=FACE_BOUND('',#2045,.T.);
#2047=ADVANCED_FACE('',(#2046),#2018,.T.);
#2048=CARTESIAN_POINT('',(39.329099262,14.9,-26.31613626));
#2049=DIRECTION('',(-0.866025404,0.,-0.5));
#2050=DIRECTION('',(-0.5,0.,0.866025404));
#2051=AXIS2_PLACEMENT_3D('',#2048,#2049,#2050);
#2052=CYLINDRICAL_SURFACE('',#2051,3.5);
#2053=CARTESIAN_POINT('',(37.868059629,18.399875296,-27.193783551));
#2054=VERTEX_POINT('',#2053);
#2055=CARTESIAN_POINT('',(37.868059629,18.399875296,-27.193783551));
#2056=CARTESIAN_POINT('',(37.862401212,18.399958657,-27.185647955));
#2057=CARTESIAN_POINT('',(37.856544733,18.4,-27.177657305));
#2058=CARTESIAN_POINT('',(37.850490171,18.4,-27.169811617));
#2059=B_SPLINE_CURVE_WITH_KNOTS('',3,(#2055,#2056,#2057,#2058),.UNSPECIFIED.,.F.,.F.,(4,4),(0.,0.000029721),.UNSPECIFIED.);
#2060=EDGE_CURVE('',#2054,#663,#2059,.T.);
#2061=ORIENTED_EDGE('',*,*,#2060,.F.);
#2062=CARTESIAN_POINT('',(38.461341808,18.4,-26.81713626));
#2063=CARTESIAN_POINT('',(38.506613929,18.4,-26.895549874));
#2064=CARTESIAN_POINT('',(38.519633683,18.396017207,-26.990184672));
#2065=CARTESIAN_POINT('',(38.498273745,18.391518421,-27.076999461));
#2066=CARTESIAN_POINT('',(38.476913807,18.387019635,-27.163814251));
#2067=CARTESIAN_POINT('',(38.420565854,18.382694318,-27.242099677));
#2068=CARTESIAN_POINT('',(38.345202264,18.382317623,-27.289921669));
#2069=CARTESIAN_POINT('',(38.269838673,18.381940928,-27.33774366));
#2070=CARTESIAN_POINT('',(38.175152544,18.385562677,-27.355440706));
#2071=CARTESIAN_POINT('',(38.087271256,18.390043905,-27.337722783));
#2072=CARTESIAN_POINT('',(37.999389968,18.394525133,-27.32000486));
#2073=CARTESIAN_POINT('',(37.919757808,18.399113669,-27.268114504));
#2074=CARTESIAN_POINT('',(37.868059629,18.399875296,-27.193783551));
#2075=B_SPLINE_CURVE_WITH_KNOTS('',3,(#2062,#2063,#2064,#2065,#2066,#2067,#2068,#2069,#2070,#2071,#2072,#2073,#2074),.UNSPECIFIED.,.F.,.F.,(4,3,3,3,4),(0.,0.000267764,0.000535528,0.000803293,0.001071057),.UNSPECIFIED.);
#2076=EDGE_CURVE('',#1423,#2054,#2075,.T.);
#2077=ORIENTED_EDGE('',*,*,#2076,.F.);
#2078=ORIENTED_EDGE('',*,*,#1485,.T.);
#2079=ORIENTED_EDGE('',*,*,#874,.T.);
#2080=CARTESIAN_POINT('',(37.111063577,17.9,-29.67838576));
#2081=VERTEX_POINT('',#2080);
#2082=CARTESIAN_POINT('',(36.209675758,14.9,-28.11713626));
#2083=DIRECTION('',(0.866025404,-0.,0.5));
#2084=DIRECTION('',(-0.5,0.,0.866025404));
#2085=AXIS2_PLACEMENT_3D('',#2082,#2083,#2084);
#2086=CIRCLE('',#2085,3.5);
#2087=EDGE_CURVE('',#861,#2081,#2086,.T.);
#2088=ORIENTED_EDGE('',*,*,#2087,.T.);
#2089=CARTESIAN_POINT('',(37.719849608,17.9,-29.326902981));
#2090=VERTEX_POINT('',#2089);
#2091=CARTESIAN_POINT('',(37.719849608,17.9,-29.326902981));
#2092=DIRECTION('',(-0.866025404,0.,-0.5));
#2093=VECTOR('',#2092,0.702965558);
#2094=LINE('',#2091,#2093);
#2095=EDGE_CURVE('',#2090,#2081,#2094,.T.);
#2096=ORIENTED_EDGE('',*,*,#2095,.F.);
#2097=CARTESIAN_POINT('',(37.796352108,18.147787015,-28.707445576));
#2098=VERTEX_POINT('',#2097);
#2099=CARTESIAN_POINT('',(37.796352108,18.147787015,-28.707445576));
#2100=CARTESIAN_POINT('',(37.723402125,18.130399947,-28.799545871));
#2101=CARTESIAN_POINT('',(37.68115035,18.099764152,-28.909204902));
#2102=CARTESIAN_POINT('',(37.669871118,18.057281707,-29.018252703));
#2103=CARTESIAN_POINT('',(37.658591885,18.014799263,-29.127300504));
#2104=CARTESIAN_POINT('',(37.677995458,17.960814106,-29.23421088));
#2105=CARTESIAN_POINT('',(37.719849608,17.9,-29.326902981));
#2106=B_SPLINE_CURVE_WITH_KNOTS('',3,(#2099,#2100,#2101,#2102,#2103,#2104,#2105),.UNSPECIFIED.,.F.,.F.,(4,3,4),(0.,0.000350976,0.000701953),.UNSPECIFIED.);
#2107=EDGE_CURVE('',#2098,#2090,#2106,.T.);
#2108=ORIENTED_EDGE('',*,*,#2107,.F.);
#2109=CARTESIAN_POINT('',(37.825098971,18.260238949,-28.31513134));
#2110=VERTEX_POINT('',#2109);
#2111=CARTESIAN_POINT('',(37.825098971,18.260238949,-28.31513134));
#2112=CARTESIAN_POINT('',(37.860050295,18.239869176,-28.37566881));
#2113=CARTESIAN_POINT('',(37.875835262,18.217554296,-28.444895185));
#2114=CARTESIAN_POINT('',(37.871197065,18.197166884,-28.513678765));
#2115=CARTESIAN_POINT('',(37.866558867,18.176779472,-28.582462345));
#2116=CARTESIAN_POINT('',(37.84111518,18.15845595,-28.650931619));
#2117=CARTESIAN_POINT('',(37.796352108,18.147787015,-28.707445576));
#2118=B_SPLINE_CURVE_WITH_KNOTS('',3,(#2111,#2112,#2113,#2114,#2115,#2116,#2117),.UNSPECIFIED.,.F.,.F.,(4,3,4),(0.,0.000215307,0.000430613),.UNSPECIFIED.);
#2119=EDGE_CURVE('',#2110,#2098,#2118,.T.);
#2120=ORIENTED_EDGE('',*,*,#2119,.F.);
#2121=CARTESIAN_POINT('',(37.817072526,18.26487525,-28.30122913));
#2122=VERTEX_POINT('',#2121);
#2123=CARTESIAN_POINT('',(37.335508783,14.9,-27.46713626));
#2124=DIRECTION('',(0.866025404,-0.,0.5));
#2125=DIRECTION('',(-0.5,0.,0.866025404));
#2126=AXIS2_PLACEMENT_3D('',#2123,#2124,#2125);
#2127=CIRCLE('',#2126,3.5);
#2128=EDGE_CURVE('',#2110,#2122,#2127,.T.);
#2129=ORIENTED_EDGE('',*,*,#2128,.T.);
#2130=CARTESIAN_POINT('',(37.462944999,18.341406543,-28.129967525));
#2131=VERTEX_POINT('',#2130);
#2132=CARTESIAN_POINT('',(37.462944999,18.341406543,-28.129967525));
#2133=CARTESIAN_POINT('',(37.533547205,18.33653419,-28.119564904));
#2134=CARTESIAN_POINT('',(37.605353808,18.327727637,-28.131258547));
#2135=CARTESIAN_POINT('',(37.667938717,18.314719475,-28.161917701));
#2136=CARTESIAN_POINT('',(37.730523625,18.301711313,-28.192576855));
#2137=CARTESIAN_POINT('',(37.782711065,18.284545796,-28.241713334));
#2138=CARTESIAN_POINT('',(37.817072526,18.26487525,-28.30122913));
#2139=B_SPLINE_CURVE_WITH_KNOTS('',3,(#2132,#2133,#2134,#2135,#2136,#2137,#2138),.UNSPECIFIED.,.F.,.F.,(4,3,4),(0.,0.00021151,0.00042302),.UNSPECIFIED.);
#2140=EDGE_CURVE('',#2131,#2122,#2139,.T.);
#2141=ORIENTED_EDGE('',*,*,#2140,.F.);
#2142=CARTESIAN_POINT('',(36.820527394,18.4,-27.764460903));
#2143=CARTESIAN_POINT('',(36.871615433,18.4,-27.888764151));
#2144=CARTESIAN_POINT('',(36.962915553,18.391627944,-27.992078005));
#2145=CARTESIAN_POINT('',(37.079179755,18.37891173,-28.058107463));
#2146=CARTESIAN_POINT('',(37.195443956,18.366195517,-28.124136921));
#2147=CARTESIAN_POINT('',(37.33030842,18.350559971,-28.149510371));
#2148=CARTESIAN_POINT('',(37.462944999,18.341406543,-28.129967525));
#2149=B_SPLINE_CURVE_WITH_KNOTS('',3,(#2142,#2143,#2144,#2145,#2146,#2147,#2148),.UNSPECIFIED.,.F.,.F.,(4,3,4),(0.,0.000397409,0.000794818),.UNSPECIFIED.);
#2150=EDGE_CURVE('',#665,#2131,#2149,.T.);
#2151=ORIENTED_EDGE('',*,*,#2150,.F.);
#2152=ORIENTED_EDGE('',*,*,#677,.F.);
#2153=EDGE_LOOP('',(#2061,#2077,#2078,#2079,#2088,#2096,#2108,#2120,#2129,#2141,#2151,#2152));
#2154=FACE_BOUND('',#2153,.T.);
#2155=ADVANCED_FACE('',(#2154),#2052,.T.);
#2156=CARTESIAN_POINT('',(31.744825758,14.9,-20.383789212));
#2157=DIRECTION('',(-0.866025404,0.,-0.5));
#2158=DIRECTION('',(-0.5,0.,0.866025404));
#2159=AXIS2_PLACEMENT_3D('',#2156,#2157,#2158);
#2160=TOROIDAL_SURFACE('',#2159,2.6,0.9);
#2161=ORIENTED_EDGE('',*,*,#956,.T.);
#2162=ORIENTED_EDGE('',*,*,#1965,.F.);
#2163=CARTESIAN_POINT('',(31.744825758,18.4,-20.383789212));
#2164=VERTEX_POINT('',#2163);
#2165=CARTESIAN_POINT('',(31.744825758,14.9,-20.383789212));
#2166=DIRECTION('',(0.866025404,-0.,0.5));
#2167=DIRECTION('',(-0.5,0.,0.866025404));
#2168=AXIS2_PLACEMENT_3D('',#2165,#2166,#2167);
#2169=CIRCLE('',#2168,3.5);
#2170=EDGE_CURVE('',#2164,#1953,#2169,.T.);
#2171=ORIENTED_EDGE('',*,*,#2170,.F.);
#2172=CARTESIAN_POINT('',(30.965402894,17.5,-20.833789212));
#2173=VERTEX_POINT('',#2172);
#2174=CARTESIAN_POINT('',(31.744825758,17.5,-20.383789212));
#2175=DIRECTION('',(0.5,0.,-0.866025404));
#2176=DIRECTION('',(-0.866025404,0.,-0.5));
#2177=AXIS2_PLACEMENT_3D('',#2174,#2175,#2176);
#2178=CIRCLE('',#2177,0.9);
#2179=EDGE_CURVE('',#2173,#2164,#2178,.T.);
#2180=ORIENTED_EDGE('',*,*,#2179,.F.);
#2181=CARTESIAN_POINT('',(30.965402894,14.9,-20.833789212));
#2182=DIRECTION('',(-0.866025404,0.,-0.5));
#2183=DIRECTION('',(-0.5,0.,0.866025404));
#2184=AXIS2_PLACEMENT_3D('',#2181,#2182,#2183);
#2185=CIRCLE('',#2184,2.6);
#2186=EDGE_CURVE('',#950,#2173,#2185,.T.);
#2187=ORIENTED_EDGE('',*,*,#2186,.F.);
#2188=EDGE_LOOP('',(#2161,#2162,#2171,#2180,#2187));
#2189=FACE_BOUND('',#2188,.T.);
#2190=ADVANCED_FACE('',(#2189),#2160,.T.);
#2191=CARTESIAN_POINT('',(31.744825758,-14.9,-20.383789212));
#2192=DIRECTION('',(-0.866025404,0.,-0.5));
#2193=DIRECTION('',(-0.5,0.,0.866025404));
#2194=AXIS2_PLACEMENT_3D('',#2191,#2192,#2193);
#2195=TOROIDAL_SURFACE('',#2194,2.6,0.9);
#2196=ORIENTED_EDGE('',*,*,#973,.T.);
#2197=CARTESIAN_POINT('',(30.965402894,-17.5,-20.833789212));
#2198=VERTEX_POINT('',#2197);
#2199=CARTESIAN_POINT('',(30.965402894,-14.9,-20.833789212));
#2200=DIRECTION('',(-0.866025404,0.,-0.5));
#2201=DIRECTION('',(-0.5,0.,0.866025404));
#2202=AXIS2_PLACEMENT_3D('',#2199,#2200,#2201);
#2203=CIRCLE('',#2202,2.6);
#2204=EDGE_CURVE('',#2198,#959,#2203,.T.);
#2205=ORIENTED_EDGE('',*,*,#2204,.F.);
#2206=CARTESIAN_POINT('',(31.744825758,-18.4,-20.383789212));
#2207=VERTEX_POINT('',#2206);
#2208=CARTESIAN_POINT('',(31.744825758,-17.5,-20.383789212));
#2209=DIRECTION('',(0.5,0.,-0.866025404));
#2210=DIRECTION('',(-0.866025404,0.,-0.5));
#2211=AXIS2_PLACEMENT_3D('',#2208,#2209,#2210);
#2212=CIRCLE('',#2211,0.9);
#2213=EDGE_CURVE('',#2207,#2198,#2212,.T.);
#2214=ORIENTED_EDGE('',*,*,#2213,.F.);
#2215=CARTESIAN_POINT('',(31.744825758,-14.9,-20.383789212));
#2216=DIRECTION('',(-0.866025404,-0.,-0.5));
#2217=DIRECTION('',(0.5,0.,-0.866025404));
#2218=AXIS2_PLACEMENT_3D('',#2215,#2216,#2217);
#2219=CIRCLE('',#2218,3.5);
#2220=EDGE_CURVE('',#2207,#1686,#2219,.T.);
#2221=ORIENTED_EDGE('',*,*,#2220,.T.);
#2222=ORIENTED_EDGE('',*,*,#1692,.F.);
#2223=EDGE_LOOP('',(#2196,#2205,#2214,#2221,#2222));
#2224=FACE_BOUND('',#2223,.T.);
#2225=ADVANCED_FACE('',(#2224),#2195,.T.);
#2226=CARTESIAN_POINT('',(11.10325,17.5,15.368468749));
#2227=DIRECTION('',(0.5,0.,-0.866025404));
#2228=DIRECTION('',(-0.,1.,0.));
#2229=AXIS2_PLACEMENT_3D('',#2226,#2227,#2228);
#2230=CYLINDRICAL_SURFACE('',#2229,0.9);
#2231=ORIENTED_EDGE('',*,*,#2179,.T.);
#2232=CARTESIAN_POINT('',(36.209675758,18.4,-28.11713626));
#2233=VERTEX_POINT('',#2232);
#2234=CARTESIAN_POINT('',(36.209675758,18.4,-28.11713626));
#2235=DIRECTION('',(-0.5,-0.,0.866025404));
#2236=VECTOR('',#2235,8.9297);
#2237=LINE('',#2234,#2236);
#2238=EDGE_CURVE('',#2233,#2164,#2237,.T.);
#2239=ORIENTED_EDGE('',*,*,#2238,.F.);
#2240=CARTESIAN_POINT('',(35.430252894,17.5,-28.56713626));
#2241=VERTEX_POINT('',#2240);
#2242=CARTESIAN_POINT('',(36.209675758,17.5,-28.11713626));
#2243=DIRECTION('',(0.5,0.,-0.866025404));
#2244=DIRECTION('',(-0.866025404,0.,-0.5));
#2245=AXIS2_PLACEMENT_3D('',#2242,#2243,#2244);
#2246=CIRCLE('',#2245,0.9);
#2247=EDGE_CURVE('',#2241,#2233,#2246,.T.);
#2248=ORIENTED_EDGE('',*,*,#2247,.F.);
#2249=CARTESIAN_POINT('',(30.965402894,17.5,-20.833789212));
#2250=DIRECTION('',(0.5,0.,-0.866025404));
#2251=VECTOR('',#2250,8.9297);
#2252=LINE('',#2249,#2251);
#2253=EDGE_CURVE('',#2173,#2241,#2252,.T.);
#2254=ORIENTED_EDGE('',*,*,#2253,.F.);
#2255=EDGE_LOOP('',(#2231,#2239,#2248,#2254));
#2256=FACE_BOUND('',#2255,.T.);
#2257=ADVANCED_FACE('',(#2256),#2230,.T.);
#2258=CARTESIAN_POINT('',(11.10325,-17.5,15.368468749));
#2259=DIRECTION('',(-0.5,0.,0.866025404));
#2260=DIRECTION('',(0.866025404,0.,0.5));
#2261=AXIS2_PLACEMENT_3D('',#2258,#2259,#2260);
#2262=CYLINDRICAL_SURFACE('',#2261,0.9);
#2263=ORIENTED_EDGE('',*,*,#2213,.T.);
#2264=CARTESIAN_POINT('',(35.430252894,-17.5,-28.56713626));
#2265=VERTEX_POINT('',#2264);
#2266=CARTESIAN_POINT('',(35.430252894,-17.5,-28.56713626));
#2267=DIRECTION('',(-0.5,0.,0.866025404));
#2268=VECTOR('',#2267,8.9297);
#2269=LINE('',#2266,#2268);
#2270=EDGE_CURVE('',#2265,#2198,#2269,.T.);
#2271=ORIENTED_EDGE('',*,*,#2270,.F.);
#2272=CARTESIAN_POINT('',(36.209675758,-18.4,-28.11713626));
#2273=VERTEX_POINT('',#2272);
#2274=CARTESIAN_POINT('',(36.209675758,-17.5,-28.11713626));
#2275=DIRECTION('',(0.5,0.,-0.866025404));
#2276=DIRECTION('',(-0.866025404,0.,-0.5));
#2277=AXIS2_PLACEMENT_3D('',#2274,#2275,#2276);
#2278=CIRCLE('',#2277,0.9);
#2279=EDGE_CURVE('',#2273,#2265,#2278,.T.);
#2280=ORIENTED_EDGE('',*,*,#2279,.F.);
#2281=CARTESIAN_POINT('',(31.744825758,-18.4,-20.383789212));
#2282=DIRECTION('',(0.5,-0.,-0.866025404));
#2283=VECTOR('',#2282,8.9297);
#2284=LINE('',#2281,#2283);
#2285=EDGE_CURVE('',#2207,#2273,#2284,.T.);
#2286=ORIENTED_EDGE('',*,*,#2285,.F.);
#2287=EDGE_LOOP('',(#2263,#2271,#2280,#2286));
#2288=FACE_BOUND('',#2287,.T.);
#2289=ADVANCED_FACE('',(#2288),#2262,.T.);
#2290=CARTESIAN_POINT('',(36.209675758,14.9,-28.11713626));
#2291=DIRECTION('',(-0.866025404,0.,-0.5));
#2292=DIRECTION('',(-0.5,0.,0.866025404));
#2293=AXIS2_PLACEMENT_3D('',#2290,#2291,#2292);
#2294=TOROIDAL_SURFACE('',#2293,2.6,0.9);
#2295=ORIENTED_EDGE('',*,*,#2247,.T.);
#2296=CARTESIAN_POINT('',(36.209675758,14.9,-28.11713626));
#2297=DIRECTION('',(0.866025404,-0.,0.5));
#2298=DIRECTION('',(-0.5,0.,0.866025404));
#2299=AXIS2_PLACEMENT_3D('',#2296,#2297,#2298);
#2300=CIRCLE('',#2299,3.5);
#2301=EDGE_CURVE('',#2081,#2233,#2300,.T.);
#2302=ORIENTED_EDGE('',*,*,#2301,.F.);
#2303=ORIENTED_EDGE('',*,*,#2087,.F.);
#2304=CARTESIAN_POINT('',(36.730252894,14.9,-30.81880231));
#2305=VERTEX_POINT('',#2304);
#2306=CARTESIAN_POINT('',(37.509675758,14.9,-30.36880231));
#2307=DIRECTION('',(0.,-1.,-0.));
#2308=DIRECTION('',(-0.866025404,0.,-0.5));
#2309=AXIS2_PLACEMENT_3D('',#2306,#2307,#2308);
#2310=CIRCLE('',#2309,0.9);
#2311=EDGE_CURVE('',#2305,#861,#2310,.T.);
#2312=ORIENTED_EDGE('',*,*,#2311,.F.);
#2313=CARTESIAN_POINT('',(35.430252894,14.9,-28.56713626));
#2314=DIRECTION('',(-0.866025404,0.,-0.5));
#2315=DIRECTION('',(-0.5,0.,0.866025404));
#2316=AXIS2_PLACEMENT_3D('',#2313,#2314,#2315);
#2317=CIRCLE('',#2316,2.6);
#2318=EDGE_CURVE('',#2241,#2305,#2317,.T.);
#2319=ORIENTED_EDGE('',*,*,#2318,.F.);
#2320=EDGE_LOOP('',(#2295,#2302,#2303,#2312,#2319));
#2321=FACE_BOUND('',#2320,.T.);
#2322=ADVANCED_FACE('',(#2321),#2294,.T.);
#2323=CARTESIAN_POINT('',(36.209675758,-14.9,-28.11713626));
#2324=DIRECTION('',(-0.866025404,0.,-0.5));
#2325=DIRECTION('',(-0.5,0.,0.866025404));
#2326=AXIS2_PLACEMENT_3D('',#2323,#2324,#2325);
#2327=TOROIDAL_SURFACE('',#2326,2.6,0.9);
#2328=ORIENTED_EDGE('',*,*,#2279,.T.);
#2329=CARTESIAN_POINT('',(36.730252894,-14.9,-30.81880231));
#2330=VERTEX_POINT('',#2329);
#2331=CARTESIAN_POINT('',(35.430252894,-14.9,-28.56713626));
#2332=DIRECTION('',(-0.866025404,0.,-0.5));
#2333=DIRECTION('',(-0.5,0.,0.866025404));
#2334=AXIS2_PLACEMENT_3D('',#2331,#2332,#2333);
#2335=CIRCLE('',#2334,2.6);
#2336=EDGE_CURVE('',#2330,#2265,#2335,.T.);
#2337=ORIENTED_EDGE('',*,*,#2336,.F.);
#2338=CARTESIAN_POINT('',(37.509675758,-14.9,-30.36880231));
#2339=DIRECTION('',(0.,1.,0.));
#2340=DIRECTION('',(-0.5,-0.,0.866025404));
#2341=AXIS2_PLACEMENT_3D('',#2338,#2339,#2340);
#2342=CIRCLE('',#2341,0.9);
#2343=EDGE_CURVE('',#1577,#2330,#2342,.T.);
#2344=ORIENTED_EDGE('',*,*,#2343,.F.);
#2345=ORIENTED_EDGE('',*,*,#1583,.F.);
#2346=CARTESIAN_POINT('',(36.209675758,-14.9,-28.11713626));
#2347=DIRECTION('',(0.866025404,-0.,0.5));
#2348=DIRECTION('',(-0.5,0.,0.866025404));
#2349=AXIS2_PLACEMENT_3D('',#2346,#2347,#2348);
#2350=CIRCLE('',#2349,3.5);
#2351=EDGE_CURVE('',#2273,#1569,#2350,.T.);
#2352=ORIENTED_EDGE('',*,*,#2351,.F.);
#2353=EDGE_LOOP('',(#2328,#2337,#2344,#2345,#2352));
#2354=FACE_BOUND('',#2353,.T.);
#2355=ADVANCED_FACE('',(#2354),#2327,.T.);
#2356=CARTESIAN_POINT('',(37.509675758,0.,-30.36880231));
#2357=DIRECTION('',(0.,-1.,-0.));
#2358=DIRECTION('',(0.5,0.,-0.866025404));
#2359=AXIS2_PLACEMENT_3D('',#2356,#2357,#2358);
#2360=CYLINDRICAL_SURFACE('',#2359,0.9);
#2361=ORIENTED_EDGE('',*,*,#2311,.T.);
#2362=ORIENTED_EDGE('',*,*,#866,.F.);
#2363=CARTESIAN_POINT('',(37.959675758,9.432597184,-31.148225173));
#2364=DIRECTION('',(-0.,1.,0.));
#2365=VECTOR('',#2364,0.590682018);
#2366=LINE('',#2363,#2365);
#2367=EDGE_CURVE('',#1989,#850,#2366,.T.);
#2368=ORIENTED_EDGE('',*,*,#2367,.F.);
#2369=ORIENTED_EDGE('',*,*,#1994,.F.);
#2370=ORIENTED_EDGE('',*,*,#2343,.T.);
#2371=CARTESIAN_POINT('',(36.730252894,14.9,-30.81880231));
#2372=DIRECTION('',(0.,-1.,-0.));
#2373=VECTOR('',#2372,29.8);
#2374=LINE('',#2371,#2373);
#2375=EDGE_CURVE('',#2305,#2330,#2374,.T.);
#2376=ORIENTED_EDGE('',*,*,#2375,.F.);
#2377=EDGE_LOOP('',(#2361,#2362,#2368,#2369,#2370,#2376));
#2378=FACE_BOUND('',#2377,.T.);
#2379=ADVANCED_FACE('',(#2378),#2360,.T.);
#2380=CARTESIAN_POINT('',(38.295704578,14.9,-26.912766959));
#2381=DIRECTION('',(0.866025404,0.,0.5));
#2382=DIRECTION('',(0.5,0.,-0.866025404));
#2383=AXIS2_PLACEMENT_3D('',#2380,#2381,#2382);
#2384=CYLINDRICAL_SURFACE('',#2383,2.451146922);
#2385=ORIENTED_EDGE('',*,*,#815,.F.);
#2386=CARTESIAN_POINT('',(39.264998294,16.4,-28.591632923));
#2387=DIRECTION('',(0.866025404,0.,0.5));
#2388=VECTOR('',#2387,0.5);
#2389=LINE('',#2386,#2388);
#2390=EDGE_CURVE('',#799,#61,#2389,.T.);
#2391=ORIENTED_EDGE('',*,*,#2390,.T.);
#2392=ORIENTED_EDGE('',*,*,#67,.T.);
#2393=CARTESIAN_POINT('',(38.295704578,17.351146922,-26.912766959));
#2394=DIRECTION('',(0.866025404,0.,0.5));
#2395=VECTOR('',#2394,0.5);
#2396=LINE('',#2393,#2395);
#2397=EDGE_CURVE('',#809,#53,#2396,.T.);
#2398=ORIENTED_EDGE('',*,*,#2397,.F.);
#2399=EDGE_LOOP('',(#2385,#2391,#2392,#2398));
#2400=FACE_BOUND('',#2399,.T.);
#2401=ADVANCED_FACE('',(#2400),#2384,.F.);
#2402=CARTESIAN_POINT('',(36.063279579,17.351146922,-23.046093435));
#2403=DIRECTION('',(0.,1.,-0.));
#2404=DIRECTION('',(-0.5,0.,0.866025404));
#2405=AXIS2_PLACEMENT_3D('',#2402,#2403,#2404);
#2406=PLANE('',#2405);
#2407=ORIENTED_EDGE('',*,*,#58,.T.);
#2408=CARTESIAN_POINT('',(33.830854579,17.351146923,-19.17941991));
#2409=DIRECTION('',(0.866025404,0.,0.5));
#2410=VECTOR('',#2409,0.500000011);
#2411=LINE('',#2408,#2410);
#2412=EDGE_CURVE('',#818,#44,#2411,.T.);
#2413=ORIENTED_EDGE('',*,*,#2412,.F.);
#2414=ORIENTED_EDGE('',*,*,#823,.F.);
#2415=ORIENTED_EDGE('',*,*,#2397,.T.);
#2416=EDGE_LOOP('',(#2407,#2413,#2414,#2415));
#2417=FACE_BOUND('',#2416,.T.);
#2418=ADVANCED_FACE('',(#2417),#2406,.F.);
#2419=CARTESIAN_POINT('',(33.830854579,14.9,-19.17941991));
#2420=DIRECTION('',(0.866025404,0.,0.5));
#2421=DIRECTION('',(0.5,0.,-0.866025404));
#2422=AXIS2_PLACEMENT_3D('',#2419,#2420,#2421);
#2423=CYLINDRICAL_SURFACE('',#2422,2.451146923);
#2424=ORIENTED_EDGE('',*,*,#50,.T.);
#2425=CARTESIAN_POINT('',(33.292856355,16.395550829,-17.247579628));
#2426=DIRECTION('',(-0.866025404,-0.,-0.5));
#2427=VECTOR('',#2426,0.500000012);
#2428=LINE('',#2425,#2427);
#2429=EDGE_CURVE('',#35,#826,#2428,.T.);
#2430=ORIENTED_EDGE('',*,*,#2429,.T.);
#2431=ORIENTED_EDGE('',*,*,#832,.F.);
#2432=ORIENTED_EDGE('',*,*,#2412,.T.);
#2433=EDGE_LOOP('',(#2424,#2430,#2431,#2432));
#2434=FACE_BOUND('',#2433,.T.);
#2435=ADVANCED_FACE('',(#2434),#2423,.F.);
#2436=CARTESIAN_POINT('',(39.521278039,-14.45,-29.035522462));
#2437=DIRECTION('',(0.5,-0.,-0.866025404));
#2438=DIRECTION('',(-0.866025404,0.,-0.5));
#2439=AXIS2_PLACEMENT_3D('',#2436,#2437,#2438);
#2440=PLANE('',#2439);
#2441=ORIENTED_EDGE('',*,*,#142,.T.);
#2442=CARTESIAN_POINT('',(39.521278039,-14.4,-29.035522462));
#2443=VERTEX_POINT('',#2442);
#2444=CARTESIAN_POINT('',(39.954290741,-14.4,-28.785522462));
#2445=DIRECTION('',(-0.866025404,-0.,-0.5));
#2446=VECTOR('',#2445,0.5);
#2447=LINE('',#2444,#2446);
#2448=EDGE_CURVE('',#128,#2443,#2447,.T.);
#2449=ORIENTED_EDGE('',*,*,#2448,.T.);
#2450=CARTESIAN_POINT('',(39.521278039,-14.9,-29.035522462));
#2451=VERTEX_POINT('',#2450);
#2452=CARTESIAN_POINT('',(39.521278039,-14.9,-29.035522462));
#2453=DIRECTION('',(0.,1.,-0.));
#2454=VECTOR('',#2453,0.5);
#2455=LINE('',#2452,#2454);
#2456=EDGE_CURVE('',#2451,#2443,#2455,.T.);
#2457=ORIENTED_EDGE('',*,*,#2456,.F.);
#2458=CARTESIAN_POINT('',(39.521278039,-14.9,-29.035522462));
#2459=DIRECTION('',(0.866025404,0.,0.5));
#2460=VECTOR('',#2459,0.5);
#2461=LINE('',#2458,#2460);
#2462=EDGE_CURVE('',#2451,#137,#2461,.T.);
#2463=ORIENTED_EDGE('',*,*,#2462,.T.);
#2464=EDGE_LOOP('',(#2441,#2449,#2457,#2463));
#2465=FACE_BOUND('',#2464,.T.);
#2466=ADVANCED_FACE('',(#2465),#2440,.F.);
#2467=CARTESIAN_POINT('',(33.830854579,-14.9,-19.17941991));
#2468=DIRECTION('',(0.866025404,0.,0.5));
#2469=DIRECTION('',(0.5,0.,-0.866025404));
#2470=AXIS2_PLACEMENT_3D('',#2467,#2468,#2469);
#2471=CYLINDRICAL_SURFACE('',#2470,2.451146923);
#2472=CARTESIAN_POINT('',(33.830854579,-17.351146923,-19.17941991));
#2473=VERTEX_POINT('',#2472);
#2474=CARTESIAN_POINT('',(33.830854579,-14.9,-19.17941991));
#2475=DIRECTION('',(0.866025404,0.,0.5));
#2476=DIRECTION('',(0.5,0.,-0.866025404));
#2477=AXIS2_PLACEMENT_3D('',#2474,#2475,#2476);
#2478=CIRCLE('',#2477,2.451146923);
#2479=EDGE_CURVE('',#337,#2473,#2478,.T.);
#2480=ORIENTED_EDGE('',*,*,#2479,.F.);
#2481=ORIENTED_EDGE('',*,*,#342,.T.);
#2482=ORIENTED_EDGE('',*,*,#168,.T.);
#2483=CARTESIAN_POINT('',(33.830854579,-17.351146923,-19.17941991));
#2484=DIRECTION('',(0.866025404,0.,0.5));
#2485=VECTOR('',#2484,0.5);
#2486=LINE('',#2483,#2485);
#2487=EDGE_CURVE('',#2473,#154,#2486,.T.);
#2488=ORIENTED_EDGE('',*,*,#2487,.F.);
#2489=EDGE_LOOP('',(#2480,#2481,#2482,#2488));
#2490=FACE_BOUND('',#2489,.T.);
#2491=ADVANCED_FACE('',(#2490),#2471,.F.);
#2492=CARTESIAN_POINT('',(36.063279579,-17.351146922,-23.046093435));
#2493=DIRECTION('',(0.,-1.,-0.));
#2494=DIRECTION('',(0.5,0.,-0.866025404));
#2495=AXIS2_PLACEMENT_3D('',#2492,#2493,#2494);
#2496=PLANE('',#2495);
#2497=ORIENTED_EDGE('',*,*,#159,.T.);
#2498=CARTESIAN_POINT('',(38.295704578,-17.351146922,-26.912766959));
#2499=VERTEX_POINT('',#2498);
#2500=CARTESIAN_POINT('',(38.295704578,-17.351146922,-26.912766959));
#2501=DIRECTION('',(0.866025404,0.,0.5));
#2502=VECTOR('',#2501,0.500000013);
#2503=LINE('',#2500,#2502);
#2504=EDGE_CURVE('',#2499,#145,#2503,.T.);
#2505=ORIENTED_EDGE('',*,*,#2504,.F.);
#2506=CARTESIAN_POINT('',(33.830854579,-17.351146923,-19.17941991));
#2507=DIRECTION('',(0.5,0.,-0.866025404));
#2508=VECTOR('',#2507,8.9297);
#2509=LINE('',#2506,#2508);
#2510=EDGE_CURVE('',#2473,#2499,#2509,.T.);
#2511=ORIENTED_EDGE('',*,*,#2510,.F.);
#2512=ORIENTED_EDGE('',*,*,#2487,.T.);
#2513=EDGE_LOOP('',(#2497,#2505,#2511,#2512));
#2514=FACE_BOUND('',#2513,.T.);
#2515=ADVANCED_FACE('',(#2514),#2496,.F.);
#2516=CARTESIAN_POINT('',(38.295704578,-14.9,-26.912766959));
#2517=DIRECTION('',(0.866025404,0.,0.5));
#2518=DIRECTION('',(0.5,0.,-0.866025404));
#2519=AXIS2_PLACEMENT_3D('',#2516,#2517,#2518);
#2520=CYLINDRICAL_SURFACE('',#2519,2.451146922);
#2521=ORIENTED_EDGE('',*,*,#151,.T.);
#2522=ORIENTED_EDGE('',*,*,#2462,.F.);
#2523=CARTESIAN_POINT('',(38.295704578,-14.9,-26.912766959));
#2524=DIRECTION('',(0.866025404,0.,0.5));
#2525=DIRECTION('',(0.5,0.,-0.866025404));
#2526=AXIS2_PLACEMENT_3D('',#2523,#2524,#2525);
#2527=CIRCLE('',#2526,2.451146922);
#2528=EDGE_CURVE('',#2499,#2451,#2527,.T.);
#2529=ORIENTED_EDGE('',*,*,#2528,.F.);
#2530=ORIENTED_EDGE('',*,*,#2504,.T.);
#2531=EDGE_LOOP('',(#2521,#2522,#2529,#2530));
#2532=FACE_BOUND('',#2531,.T.);
#2533=ADVANCED_FACE('',(#2532),#2520,.F.);
#2534=CARTESIAN_POINT('',(-16.994507879,0.,68.852690205));
#2535=DIRECTION('',(0.866025404,0.,0.5));
#2536=DIRECTION('',(0.,1.,0.));
#2537=AXIS2_PLACEMENT_3D('',#2534,#2535,#2536);
#2538=PLANE('',#2537);
#2539=CARTESIAN_POINT('',(39.321278039,-14.4,-28.6891123));
#2540=DIRECTION('',(0.866025404,0.,0.5));
#2541=DIRECTION('',(0.5,0.,-0.866025404));
#2542=AXIS2_PLACEMENT_3D('',#2539,#2540,#2541);
#2543=CIRCLE('',#2542,0.4);
#2544=EDGE_CURVE('',#2443,#1244,#2543,.T.);
#2545=ORIENTED_EDGE('',*,*,#2544,.T.);
#2546=ORIENTED_EDGE('',*,*,#1249,.T.);
#2547=ORIENTED_EDGE('',*,*,#580,.T.);
#2548=CARTESIAN_POINT('',(33.532614303,-16.1,-18.662852599));
#2549=VERTEX_POINT('',#2548);
#2550=CARTESIAN_POINT('',(33.532614303,-16.1,-18.662852599));
#2551=DIRECTION('',(0.386485331,0.634441767,-0.66941223));
#2552=VECTOR('',#2551,0.945713274);
#2553=LINE('',#2550,#2552);
#2554=EDGE_CURVE('',#2549,#575,#2553,.T.);
#2555=ORIENTED_EDGE('',*,*,#2554,.F.);
#2556=CARTESIAN_POINT('',(32.91393153,-16.1,-17.591262602));
#2557=DIRECTION('',(0.5,-0.,-0.866025404));
#2558=VECTOR('',#2557,1.237365547);
#2559=LINE('',#2556,#2558);
#2560=EDGE_CURVE('',#345,#2549,#2559,.T.);
#2561=ORIENTED_EDGE('',*,*,#2560,.F.);
#2562=ORIENTED_EDGE('',*,*,#351,.T.);
#2563=ORIENTED_EDGE('',*,*,#2479,.T.);
#2564=ORIENTED_EDGE('',*,*,#2510,.T.);
#2565=ORIENTED_EDGE('',*,*,#2528,.T.);
#2566=ORIENTED_EDGE('',*,*,#2456,.T.);
#2567=EDGE_LOOP('',(#2545,#2546,#2547,#2555,#2561,#2562,#2563,#2564,#2565,#2566));
#2568=FACE_BOUND('',#2567,.T.);
#2569=ADVANCED_FACE('',(#2568),#2538,.T.);
#2570=CARTESIAN_POINT('',(39.321278039,-14.4,-28.6891123));
#2571=DIRECTION('',(-0.866025404,0.,-0.5));
#2572=DIRECTION('',(-0.5,0.,0.866025404));
#2573=AXIS2_PLACEMENT_3D('',#2570,#2571,#2572);
#2574=CYLINDRICAL_SURFACE('',#2573,0.4);
#2575=ORIENTED_EDGE('',*,*,#1256,.F.);
#2576=ORIENTED_EDGE('',*,*,#2544,.F.);
#2577=ORIENTED_EDGE('',*,*,#2448,.F.);
#2578=ORIENTED_EDGE('',*,*,#134,.F.);
#2579=EDGE_LOOP('',(#2575,#2576,#2577,#2578));
#2580=FACE_BOUND('',#2579,.T.);
#2581=ADVANCED_FACE('',(#2580),#2574,.F.);
#2582=CARTESIAN_POINT('',(29.576862969,-9.727926275,-16.828767502));
#2583=DIRECTION('',(-0.866025404,-0.,-0.5));
#2584=DIRECTION('',(0.5,0.,-0.866025404));
#2585=AXIS2_PLACEMENT_3D('',#2582,#2583,#2584);
#2586=PLANE('',#2585);
#2587=CARTESIAN_POINT('',(30.740648222,-8.227926275,-18.84450269));
#2588=DIRECTION('',(-0.5,-0.,0.866025404));
#2589=VECTOR('',#2588,0.902537887);
#2590=LINE('',#2587,#2589);
#2591=EDGE_CURVE('',#534,#1163,#2590,.T.);
#2592=ORIENTED_EDGE('',*,*,#2591,.T.);
#2593=ORIENTED_EDGE('',*,*,#1179,.T.);
#2594=CARTESIAN_POINT('',(30.125920242,-8.227926275,-17.779762596));
#2595=DIRECTION('',(-0.5,-0.,0.866025404));
#2596=VECTOR('',#2595,0.429821232);
#2597=LINE('',#2594,#2596);
#2598=EDGE_CURVE('',#1161,#996,#2597,.T.);
#2599=ORIENTED_EDGE('',*,*,#2598,.T.);
#2600=ORIENTED_EDGE('',*,*,#1001,.F.);
#2601=CARTESIAN_POINT('',(30.08264976,-11.227926275,-17.704815923));
#2602=DIRECTION('',(-0.5,-0.,0.866025404));
#2603=VECTOR('',#2602,0.343280269);
#2604=LINE('',#2601,#2603);
#2605=EDGE_CURVE('',#1063,#984,#2604,.T.);
#2606=ORIENTED_EDGE('',*,*,#2605,.F.);
#2607=ORIENTED_EDGE('',*,*,#1068,.F.);
#2608=ORIENTED_EDGE('',*,*,#368,.T.);
#2609=CARTESIAN_POINT('',(31.359982946,-16.1,-19.917221898));
#2610=VERTEX_POINT('',#2609);
#2611=CARTESIAN_POINT('',(30.741300173,-16.1,-18.845631901));
#2612=DIRECTION('',(0.5,-0.,-0.866025404));
#2613=VECTOR('',#2612,1.237365547);
#2614=LINE('',#2611,#2613);
#2615=EDGE_CURVE('',#354,#2610,#2614,.T.);
#2616=ORIENTED_EDGE('',*,*,#2615,.T.);
#2617=CARTESIAN_POINT('',(31.359982946,-16.1,-19.917221898));
#2618=DIRECTION('',(0.386485331,0.634441767,-0.66941223));
#2619=VECTOR('',#2618,0.945713274);
#2620=LINE('',#2617,#2619);
#2621=EDGE_CURVE('',#2610,#598,#2620,.T.);
#2622=ORIENTED_EDGE('',*,*,#2621,.T.);
#2623=ORIENTED_EDGE('',*,*,#603,.T.);
#2624=ORIENTED_EDGE('',*,*,#548,.T.);
#2625=EDGE_LOOP('',(#2592,#2593,#2599,#2600,#2606,#2607,#2608,#2616,#2622,#2623,#2624));
#2626=FACE_BOUND('',#2625,.T.);
#2627=ADVANCED_FACE('',(#2626),#2586,.F.);
#2628=CARTESIAN_POINT('',(33.063937663,-13.3,-22.872558044));
#2629=DIRECTION('',(0.317220883,-0.772970662,-0.549442687));
#2630=DIRECTION('',(0.386485331,0.634441767,-0.66941223));
#2631=AXIS2_PLACEMENT_3D('',#2628,#2629,#2630);
#2632=PLANE('',#2631);
#2633=CARTESIAN_POINT('',(31.359982946,-16.1,-19.917221898));
#2634=DIRECTION('',(0.866025404,0.,0.5));
#2635=VECTOR('',#2634,2.508738598);
#2636=LINE('',#2633,#2635);
#2637=EDGE_CURVE('',#2610,#2549,#2636,.T.);
#2638=ORIENTED_EDGE('',*,*,#2637,.T.);
#2639=ORIENTED_EDGE('',*,*,#2554,.T.);
#2640=ORIENTED_EDGE('',*,*,#609,.F.);
#2641=ORIENTED_EDGE('',*,*,#2621,.F.);
#2642=EDGE_LOOP('',(#2638,#2639,#2640,#2641));
#2643=FACE_BOUND('',#2642,.T.);
#2644=ADVANCED_FACE('',(#2643),#2632,.F.);
#2645=CARTESIAN_POINT('',(31.810376816,-16.1,-20.701326965));
#2646=DIRECTION('',(-0.,-1.,0.));
#2647=DIRECTION('',(0.5,-0.,-0.866025404));
#2648=AXIS2_PLACEMENT_3D('',#2645,#2646,#2647);
#2649=PLANE('',#2648);
#2650=ORIENTED_EDGE('',*,*,#359,.T.);
#2651=ORIENTED_EDGE('',*,*,#2560,.T.);
#2652=ORIENTED_EDGE('',*,*,#2637,.F.);
#2653=ORIENTED_EDGE('',*,*,#2615,.F.);
#2654=EDGE_LOOP('',(#2650,#2651,#2652,#2653));
#2655=FACE_BOUND('',#2654,.T.);
#2656=ADVANCED_FACE('',(#2655),#2649,.F.);
#2657=CARTESIAN_POINT('',(31.241235924,-8.227926275,-18.711546023));
#2658=DIRECTION('',(-0.5,-0.,0.866025404));
#2659=DIRECTION('',(0.,-1.,-0.));
#2660=AXIS2_PLACEMENT_3D('',#2657,#2658,#2659);
#2661=CYLINDRICAL_SURFACE('',#2660,0.5);
#2662=CARTESIAN_POINT('',(31.606673626,-8.227926275,-18.34450269));
#2663=DIRECTION('',(-0.5,-0.,0.866025404));
#2664=VECTOR('',#2663,0.902537887);
#2665=LINE('',#2662,#2664);
#2666=EDGE_CURVE('',#517,#1131,#2665,.T.);
#2667=ORIENTED_EDGE('',*,*,#2666,.T.);
#2668=ORIENTED_EDGE('',*,*,#1140,.F.);
#2669=CARTESIAN_POINT('',(30.991945646,-8.227926275,-17.279762596));
#2670=DIRECTION('',(-0.5,-0.,0.866025404));
#2671=VECTOR('',#2670,0.435394041);
#2672=LINE('',#2669,#2671);
#2673=EDGE_CURVE('',#1122,#1789,#2672,.T.);
#2674=ORIENTED_EDGE('',*,*,#2673,.T.);
#2675=ORIENTED_EDGE('',*,*,#1795,.T.);
#2676=CARTESIAN_POINT('',(30.827250758,-7.927926282,-18.794502692));
#2677=DIRECTION('',(-0.5,-0.,0.866025404));
#2678=VECTOR('',#2677,1.66485);
#2679=LINE('',#2676,#2678);
#2680=EDGE_CURVE('',#525,#1004,#2679,.T.);
#2681=ORIENTED_EDGE('',*,*,#2680,.F.);
#2682=ORIENTED_EDGE('',*,*,#531,.F.);
#2683=EDGE_LOOP('',(#2667,#2668,#2674,#2675,#2681,#2682));
#2684=FACE_BOUND('',#2683,.T.);
#2685=ADVANCED_FACE('',(#2684),#2661,.F.);
#2686=CARTESIAN_POINT('',(30.740648222,-8.227926275,-18.84450269));
#2687=CARTESIAN_POINT('',(29.908223222,-8.227926275,-17.402700296));
#2688=CARTESIAN_POINT('',(30.740648222,-8.120683398,-18.84450269));
#2689=CARTESIAN_POINT('',(29.908223222,-8.120683398,-17.402700296));
#2690=CARTESIAN_POINT('',(30.771525726,-8.013720585,-18.826675555));
#2691=CARTESIAN_POINT('',(29.939100726,-8.013720585,-17.384873161));
#2692=CARTESIAN_POINT('',(30.827250758,-7.927926282,-18.794502692));
#2693=CARTESIAN_POINT('',(29.994825758,-7.927926282,-17.352700299));
#2694=B_SPLINE_SURFACE_WITH_KNOTS('',3,1,((#2686,#2687),(#2688,#2689),(#2690,#2691),(#2692,#2693)),.UNSPECIFIED.,.F.,.F.,.U.,(4,4),(2,2),(0.,0.000320023),(0.075083333,1.),.UNSPECIFIED.);
#2695=ORIENTED_EDGE('',*,*,#540,.T.);
#2696=ORIENTED_EDGE('',*,*,#2680,.T.);
#2697=ORIENTED_EDGE('',*,*,#1013,.F.);
#2698=ORIENTED_EDGE('',*,*,#2598,.F.);
#2699=ORIENTED_EDGE('',*,*,#1172,.T.);
#2700=ORIENTED_EDGE('',*,*,#2591,.F.);
#2701=EDGE_LOOP('',(#2695,#2696,#2697,#2698,#2699,#2700));
#2702=FACE_BOUND('',#2701,.T.);
#2703=ADVANCED_FACE('',(#2702),#2694,.T.);
#2704=CARTESIAN_POINT('',(31.674248626,-9.727926275,-18.461546023));
#2705=DIRECTION('',(-0.866025404,-0.,-0.5));
#2706=DIRECTION('',(-0.,1.,-0.));
#2707=AXIS2_PLACEMENT_3D('',#2704,#2705,#2706);
#2708=PLANE('',#2707);
#2709=ORIENTED_EDGE('',*,*,#1147,.T.);
#2710=ORIENTED_EDGE('',*,*,#2666,.F.);
#2711=ORIENTED_EDGE('',*,*,#522,.T.);
#2712=ORIENTED_EDGE('',*,*,#1231,.F.);
#2713=ORIENTED_EDGE('',*,*,#1038,.T.);
#2714=EDGE_LOOP('',(#2709,#2710,#2711,#2712,#2713));
#2715=FACE_BOUND('',#2714,.T.);
#2716=ADVANCED_FACE('',(#2715),#2708,.T.);
#2717=CARTESIAN_POINT('',(30.169252296,-11.527926268,-17.654815925));
#2718=CARTESIAN_POINT('',(29.994825758,-11.527926268,-17.352700299));
#2719=CARTESIAN_POINT('',(30.113527264,-11.442131965,-17.686988788));
#2720=CARTESIAN_POINT('',(29.939100726,-11.442131965,-17.384873161));
#2721=CARTESIAN_POINT('',(30.08264976,-11.335169152,-17.704815923));
#2722=CARTESIAN_POINT('',(29.908223222,-11.335169152,-17.402700296));
#2723=CARTESIAN_POINT('',(30.08264976,-11.227926275,-17.704815923));
#2724=CARTESIAN_POINT('',(29.908223222,-11.227926275,-17.402700296));
#2725=B_SPLINE_SURFACE_WITH_KNOTS('',3,1,((#2717,#2718),(#2719,#2720),(#2721,#2722),(#2723,#2724)),.UNSPECIFIED.,.F.,.F.,.U.,(4,4),(2,2),(0.,0.000320036),(0.806192735,1.),.UNSPECIFIED.);
#2726=CARTESIAN_POINT('',(30.169252296,-11.527926268,-17.654815925));
#2727=DIRECTION('',(-0.5,-0.,0.866025404));
#2728=VECTOR('',#2727,0.348853077);
#2729=LINE('',#2726,#2728);
#2730=EDGE_CURVE('',#1071,#976,#2729,.T.);
#2731=ORIENTED_EDGE('',*,*,#2730,.F.);
#2732=ORIENTED_EDGE('',*,*,#1077,.F.);
#2733=ORIENTED_EDGE('',*,*,#2605,.T.);
#2734=ORIENTED_EDGE('',*,*,#993,.F.);
#2735=EDGE_LOOP('',(#2731,#2732,#2733,#2734));
#2736=FACE_BOUND('',#2735,.T.);
#2737=ADVANCED_FACE('',(#2736),#2725,.T.);
#2738=CARTESIAN_POINT('',(31.241235924,-11.227926275,-18.711546023));
#2739=DIRECTION('',(-0.5,-0.,0.866025404));
#2740=DIRECTION('',(0.,-1.,-0.));
#2741=AXIS2_PLACEMENT_3D('',#2738,#2739,#2740);
#2742=CYLINDRICAL_SURFACE('',#2741,0.5);
#2743=CARTESIAN_POINT('',(30.341235924,-11.727926275,-17.152700296));
#2744=DIRECTION('',(0.5,0.,-0.866025404));
#2745=VECTOR('',#2744,0.348853077);
#2746=LINE('',#2743,#2745);
#2747=EDGE_CURVE('',#1806,#1080,#2746,.T.);
#2748=ORIENTED_EDGE('',*,*,#2747,.F.);
#2749=ORIENTED_EDGE('',*,*,#1812,.T.);
#2750=CARTESIAN_POINT('',(30.948675164,-11.227926275,-17.204815923));
#2751=DIRECTION('',(-0.5,-0.,0.866025404));
#2752=VECTOR('',#2751,0.348853077);
#2753=LINE('',#2750,#2752);
#2754=EDGE_CURVE('',#1089,#1798,#2753,.T.);
#2755=ORIENTED_EDGE('',*,*,#2754,.F.);
#2756=ORIENTED_EDGE('',*,*,#1095,.T.);
#2757=EDGE_LOOP('',(#2748,#2749,#2755,#2756));
#2758=FACE_BOUND('',#2757,.T.);
#2759=ADVANCED_FACE('',(#2758),#2742,.F.);
#2760=CARTESIAN_POINT('',(31.674248626,-9.727926275,-18.461546023));
#2761=DIRECTION('',(-0.866025404,-0.,-0.5));
#2762=DIRECTION('',(-0.,1.,-0.));
#2763=AXIS2_PLACEMENT_3D('',#2760,#2761,#2762);
#2764=PLANE('',#2763);
#2765=ORIENTED_EDGE('',*,*,#2754,.T.);
#2766=ORIENTED_EDGE('',*,*,#1803,.F.);
#2767=ORIENTED_EDGE('',*,*,#2673,.F.);
#2768=ORIENTED_EDGE('',*,*,#1128,.T.);
#2769=ORIENTED_EDGE('',*,*,#1103,.F.);
#2770=EDGE_LOOP('',(#2765,#2766,#2767,#2768,#2769));
#2771=FACE_BOUND('',#2770,.T.);
#2772=ADVANCED_FACE('',(#2771),#2764,.T.);
#2773=CARTESIAN_POINT('',(29.576862969,9.727926275,-16.828767502));
#2774=DIRECTION('',(-0.866025404,0.,-0.5));
#2775=DIRECTION('',(0.5,-0.,-0.866025404));
#2776=AXIS2_PLACEMENT_3D('',#2773,#2774,#2775);
#2777=PLANE('',#2776);
#2778=CARTESIAN_POINT('',(37.672488483,15.29318017,-30.850802207));
#2779=VERTEX_POINT('',#2778);
#2780=CARTESIAN_POINT('',(37.656860724,10.227938193,-30.823734135));
#2781=VERTEX_POINT('',#2780);
#2782=CARTESIAN_POINT('',(37.672488483,15.29318017,-30.850802207));
#2783=DIRECTION('',(-0.003085235,-0.999980962,0.005343784));
#2784=VECTOR('',#2783,5.065338408);
#2785=LINE('',#2782,#2784);
#2786=EDGE_CURVE('',#2779,#2781,#2785,.T.);
#2787=ORIENTED_EDGE('',*,*,#2786,.F.);
#2788=CARTESIAN_POINT('',(37.125536189,16.399950914,-29.903453045));
#2789=VERTEX_POINT('',#2788);
#2790=CARTESIAN_POINT('',(37.122498953,15.299967686,-29.898192399));
#2791=DIRECTION('',(0.866025404,-0.,0.5));
#2792=DIRECTION('',(-0.5,0.,0.866025404));
#2793=AXIS2_PLACEMENT_3D('',#2790,#2791,#2792);
#2794=CIRCLE('',#2793,1.1);
#2795=EDGE_CURVE('',#2779,#2789,#2794,.T.);
#2796=ORIENTED_EDGE('',*,*,#2795,.T.);
#2797=CARTESIAN_POINT('',(37.116647466,16.4,-29.888057325));
#2798=VERTEX_POINT('',#2797);
#2799=CARTESIAN_POINT('',(37.116647466,13.180758401,-29.888057325));
#2800=DIRECTION('',(0.866025404,-0.,0.5));
#2801=DIRECTION('',(-0.5,0.,0.866025404));
#2802=AXIS2_PLACEMENT_3D('',#2799,#2800,#2801);
#2803=CIRCLE('',#2802,3.219241599);
#2804=EDGE_CURVE('',#2789,#2798,#2803,.T.);
#2805=ORIENTED_EDGE('',*,*,#2804,.T.);
#2806=CARTESIAN_POINT('',(30.741300173,16.4,-18.845631901));
#2807=VERTEX_POINT('',#2806);
#2808=CARTESIAN_POINT('',(30.741300173,16.4,-18.845631901));
#2809=DIRECTION('',(0.5,0.,-0.866025404));
#2810=VECTOR('',#2809,12.750694584);
#2811=LINE('',#2808,#2810);
#2812=EDGE_CURVE('',#2807,#2798,#2811,.T.);
#2813=ORIENTED_EDGE('',*,*,#2812,.F.);
#2814=CARTESIAN_POINT('',(30.741300173,15.082699176,-18.845631901));
#2815=DIRECTION('',(-0.866025404,0.,-0.5));
#2816=DIRECTION('',(-0.5,0.,0.866025404));
#2817=AXIS2_PLACEMENT_3D('',#2814,#2815,#2816);
#2818=CIRCLE('',#2817,1.317300824);
#2819=EDGE_CURVE('',#776,#2807,#2818,.T.);
#2820=ORIENTED_EDGE('',*,*,#2819,.F.);
#2821=ORIENTED_EDGE('',*,*,#781,.T.);
#2822=CARTESIAN_POINT('',(29.911009626,11.227926275,-17.40752649));
#2823=DIRECTION('',(0.5,0.,-0.866025404));
#2824=VECTOR('',#2823,0.343280269);
#2825=LINE('',#2822,#2824);
#2826=EDGE_CURVE('',#922,#767,#2825,.T.);
#2827=ORIENTED_EDGE('',*,*,#2826,.F.);
#2828=ORIENTED_EDGE('',*,*,#927,.T.);
#2829=CARTESIAN_POINT('',(30.08264976,8.227926275,-17.704815923));
#2830=VERTEX_POINT('',#2829);
#2831=CARTESIAN_POINT('',(29.911009626,8.227926275,-17.40752649));
#2832=DIRECTION('',(0.5,0.,-0.866025404));
#2833=VECTOR('',#2832,0.343280269);
#2834=LINE('',#2831,#2833);
#2835=EDGE_CURVE('',#908,#2830,#2834,.T.);
#2836=ORIENTED_EDGE('',*,*,#2835,.T.);
#2837=CARTESIAN_POINT('',(30.125920242,8.227926275,-17.779762596));
#2838=DIRECTION('',(-0.5,-0.,0.866025404));
#2839=VECTOR('',#2838,0.086540964);
#2840=LINE('',#2837,#2839);
#2841=EDGE_CURVE('',#715,#2830,#2840,.T.);
#2842=ORIENTED_EDGE('',*,*,#2841,.F.);
#2843=ORIENTED_EDGE('',*,*,#731,.T.);
#2844=CARTESIAN_POINT('',(30.740648222,8.227926275,-18.84450269));
#2845=DIRECTION('',(-0.5,-0.,0.866025404));
#2846=VECTOR('',#2845,0.902537887);
#2847=LINE('',#2844,#2846);
#2848=EDGE_CURVE('',#466,#713,#2847,.T.);
#2849=ORIENTED_EDGE('',*,*,#2848,.F.);
#2850=ORIENTED_EDGE('',*,*,#471,.F.);
#2851=ORIENTED_EDGE('',*,*,#640,.F.);
#2852=ORIENTED_EDGE('',*,*,#1271,.F.);
#2853=CARTESIAN_POINT('',(37.656860724,9.227938193,-30.823734135));
#2854=VERTEX_POINT('',#2853);
#2855=CARTESIAN_POINT('',(37.656860724,9.227938193,-30.823734135));
#2856=DIRECTION('',(-0.5,-0.,0.866025404));
#2857=VECTOR('',#2856,0.832425);
#2858=LINE('',#2855,#2857);
#2859=EDGE_CURVE('',#2854,#1260,#2858,.T.);
#2860=ORIENTED_EDGE('',*,*,#2859,.F.);
#2861=CARTESIAN_POINT('',(37.656860724,10.227938193,-30.823734135));
#2862=DIRECTION('',(-0.,-1.,-0.));
#2863=VECTOR('',#2862,1.);
#2864=LINE('',#2861,#2863);
#2865=EDGE_CURVE('',#2781,#2854,#2864,.T.);
#2866=ORIENTED_EDGE('',*,*,#2865,.F.);
#2867=EDGE_LOOP('',(#2787,#2796,#2805,#2813,#2820,#2821,#2827,#2828,#2836,#2842,#2843,#2849,#2850,#2851,#2852,#2860,#2866));
#2868=FACE_BOUND('',#2867,.T.);
#2869=ADVANCED_FACE('',(#2868),#2777,.F.);
#2870=CARTESIAN_POINT('',(29.284235181,10.334350861,-16.325921305));
#2871=DIRECTION('',(0.866025404,0.,0.5));
#2872=DIRECTION('',(0.5,0.,-0.866025404));
#2873=AXIS2_PLACEMENT_3D('',#2870,#2871,#2872);
#2874=CYLINDRICAL_SURFACE('',#2873,2.90968079);
#2875=CARTESIAN_POINT('',(31.376466717,8.763079024,-17.945772628));
#2876=VERTEX_POINT('',#2875);
#2877=CARTESIAN_POINT('',(33.116085373,8.763079024,-16.941403329));
#2878=CARTESIAN_POINT('',(32.536212488,8.763079024,-17.276193095));
#2879=CARTESIAN_POINT('',(31.956339602,8.763079024,-17.610982861));
#2880=CARTESIAN_POINT('',(31.376466717,8.763079024,-17.945772628));
#2881=B_SPLINE_CURVE_WITH_KNOTS('',3,(#2877,#2878,#2879,#2880),.UNSPECIFIED.,.F.,.F.,(4,4),(0.005814992,0.007823731),.UNSPECIFIED.);
#2882=EDGE_CURVE('',#223,#2876,#2881,.T.);
#2883=ORIENTED_EDGE('',*,*,#2882,.T.);
#2884=CARTESIAN_POINT('',(31.160309858,8.236869561,-17.571377966));
#2885=VERTEX_POINT('',#2884);
#2886=CARTESIAN_POINT('',(30.151992635,10.334350861,-15.824921305));
#2887=DIRECTION('',(-0.866025404,0.,-0.5));
#2888=DIRECTION('',(0.5,-0.,-0.866025404));
#2889=AXIS2_PLACEMENT_3D('',#2886,#2887,#2888);
#2890=CIRCLE('',#2889,2.90968079);
#2891=EDGE_CURVE('',#2876,#2885,#2890,.T.);
#2892=ORIENTED_EDGE('',*,*,#2891,.T.);
#2893=CARTESIAN_POINT('',(31.160309858,8.236869561,-17.571377966));
#2894=DIRECTION('',(0.866025404,0.,0.5));
#2895=VECTOR('',#2894,2.008738599);
#2896=LINE('',#2893,#2895);
#2897=EDGE_CURVE('',#2885,#232,#2896,.T.);
#2898=ORIENTED_EDGE('',*,*,#2897,.T.);
#2899=ORIENTED_EDGE('',*,*,#238,.F.);
#2900=EDGE_LOOP('',(#2883,#2892,#2898,#2899));
#2901=FACE_BOUND('',#2900,.T.);
#2902=ADVANCED_FACE('',(#2901),#2874,.F.);
#2903=CARTESIAN_POINT('',(30.739568122,15.082699176,-18.846631901));
#2904=DIRECTION('',(0.866025404,0.,0.5));
#2905=DIRECTION('',(0.5,0.,-0.866025404));
#2906=AXIS2_PLACEMENT_3D('',#2903,#2904,#2905);
#2907=CYLINDRICAL_SURFACE('',#2906,1.317300824);
#2908=ORIENTED_EDGE('',*,*,#2429,.F.);
#2909=ORIENTED_EDGE('',*,*,#41,.F.);
#2910=ORIENTED_EDGE('',*,*,#787,.F.);
#2911=ORIENTED_EDGE('',*,*,#2819,.T.);
#2912=CARTESIAN_POINT('',(30.741300173,16.4,-18.845631901));
#2913=DIRECTION('',(0.866025404,0.,0.5));
#2914=VECTOR('',#2913,2.508738597);
#2915=LINE('',#2912,#2914);
#2916=EDGE_CURVE('',#2807,#801,#2915,.T.);
#2917=ORIENTED_EDGE('',*,*,#2916,.T.);
#2918=ORIENTED_EDGE('',*,*,#839,.T.);
#2919=EDGE_LOOP('',(#2908,#2909,#2910,#2911,#2917,#2918));
#2920=FACE_BOUND('',#2919,.T.);
#2921=ADVANCED_FACE('',(#2920),#2907,.F.);
#2922=CARTESIAN_POINT('',(31.810376816,16.4,-20.701326965));
#2923=DIRECTION('',(-0.,1.,0.));
#2924=DIRECTION('',(0.5,0.,-0.866025404));
#2925=AXIS2_PLACEMENT_3D('',#2922,#2923,#2924);
#2926=PLANE('',#2925);
#2927=ORIENTED_EDGE('',*,*,#806,.T.);
#2928=ORIENTED_EDGE('',*,*,#2916,.F.);
#2929=ORIENTED_EDGE('',*,*,#2812,.T.);
#2930=CARTESIAN_POINT('',(39.722291534,16.4,-28.383688021));
#2931=DIRECTION('',(-0.866025404,0.,-0.5));
#2932=VECTOR('',#2931,3.008738608);
#2933=LINE('',#2930,#2932);
#2934=EDGE_CURVE('',#70,#2798,#2933,.T.);
#2935=ORIENTED_EDGE('',*,*,#2934,.F.);
#2936=ORIENTED_EDGE('',*,*,#75,.T.);
#2937=ORIENTED_EDGE('',*,*,#2390,.F.);
#2938=EDGE_LOOP('',(#2927,#2928,#2929,#2935,#2936,#2937));
#2939=FACE_BOUND('',#2938,.T.);
#2940=ADVANCED_FACE('',(#2939),#2926,.F.);
#2941=CARTESIAN_POINT('',(31.376466717,8.763079024,-17.945772628));
#2942=CARTESIAN_POINT('',(31.390929772,8.808162595,-17.970823375));
#2943=CARTESIAN_POINT('',(31.412836498,8.843516743,-18.008766936));
#2944=CARTESIAN_POINT('',(31.463014105,8.881011062,-18.095677101));
#2945=CARTESIAN_POINT('',(31.491145007,8.883046636,-18.144401253));
#2946=CARTESIAN_POINT('',(31.542546205,8.852902636,-18.233430739));
#2947=CARTESIAN_POINT('',(31.565673107,8.820807156,-18.273487708));
#2948=CARTESIAN_POINT('',(31.597781603,8.735056524,-18.329101255));
#2949=CARTESIAN_POINT('',(31.606673625,8.68164059,-18.34450269));
#2950=CARTESIAN_POINT('',(31.606673625,8.628075226,-18.34450269));
#2951=CARTESIAN_POINT('',(31.956339605,8.763079024,-17.61098286));
#2952=CARTESIAN_POINT('',(31.970802661,8.808162595,-17.636033606));
#2953=CARTESIAN_POINT('',(31.992709386,8.843516743,-17.673977168));
#2954=CARTESIAN_POINT('',(32.042886993,8.881011062,-17.760887333));
#2955=CARTESIAN_POINT('',(32.071017896,8.883046636,-17.809611485));
#2956=CARTESIAN_POINT('',(32.122419093,8.852902636,-17.898640971));
#2957=CARTESIAN_POINT('',(32.145545995,8.820807156,-17.93869794));
#2958=CARTESIAN_POINT('',(32.177654492,8.735056524,-17.994311487));
#2959=CARTESIAN_POINT('',(32.186546514,8.68164059,-18.009712922));
#2960=CARTESIAN_POINT('',(32.186546514,8.628075225,-18.009712922));
#2961=CARTESIAN_POINT('',(32.536212494,8.763079024,-17.276193092));
#2962=CARTESIAN_POINT('',(32.550675549,8.808162595,-17.301243838));
#2963=CARTESIAN_POINT('',(32.572582274,8.843516743,-17.3391874));
#2964=CARTESIAN_POINT('',(32.622759882,8.881011062,-17.426097565));
#2965=CARTESIAN_POINT('',(32.650890784,8.883046635,-17.474821717));
#2966=CARTESIAN_POINT('',(32.702291981,8.852902636,-17.563851203));
#2967=CARTESIAN_POINT('',(32.725418883,8.820807155,-17.603908172));
#2968=CARTESIAN_POINT('',(32.75752738,8.735056524,-17.659521719));
#2969=CARTESIAN_POINT('',(32.766419402,8.68164059,-17.674923153));
#2970=CARTESIAN_POINT('',(32.766419402,8.628075225,-17.674923153));
#2971=CARTESIAN_POINT('',(33.116085382,8.763079024,-16.941403323));
#2972=CARTESIAN_POINT('',(33.130548437,8.808162595,-16.96645407));
#2973=CARTESIAN_POINT('',(33.152455163,8.843516743,-17.004397631));
#2974=CARTESIAN_POINT('',(33.20263277,8.881011062,-17.091307797));
#2975=CARTESIAN_POINT('',(33.230763672,8.883046635,-17.140031949));
#2976=CARTESIAN_POINT('',(33.28216487,8.852902636,-17.229061434));
#2977=CARTESIAN_POINT('',(33.305291772,8.820807155,-17.269118403));
#2978=CARTESIAN_POINT('',(33.337400268,8.735056524,-17.324731951));
#2979=CARTESIAN_POINT('',(33.34629229,8.68164059,-17.340133385));
#2980=CARTESIAN_POINT('',(33.34629229,8.628075225,-17.340133385));
#2981=B_SPLINE_SURFACE_WITH_KNOTS('',3,3,((#2941,#2942,#2943,#2944,#2945,#2946,#2947,#2948,#2949,#2950),(#2951,#2952,#2953,#2954,#2955,#2956,#2957,#2958,#2959,#2960),(#2961,#2962,#2963,#2964,#2965,#2966,#2967,#2968,#2969,#2970),(#2971,#2972,#2973,#2974,#2975,#2976,#2977,#2978,#2979,#2980)),.UNSPECIFIED.,.F.,.F.,.U.,(4,4),(4,2,2,2,4),(0.005814992,0.007823731),(0.,0.25,0.5,0.75,1.),.UNSPECIFIED.);
#2982=CARTESIAN_POINT('',(31.481673625,8.628075226,-18.127996339));
#2983=DIRECTION('',(-0.866025404,0.,-0.5));
#2984=DIRECTION('',(0.5,-0.,-0.866025404));
#2985=AXIS2_PLACEMENT_3D('',#2982,#2983,#2984);
#2986=CIRCLE('',#2985,0.25);
#2987=EDGE_CURVE('',#2876,#492,#2986,.T.);
#2988=ORIENTED_EDGE('',*,*,#2987,.F.);
#2989=ORIENTED_EDGE('',*,*,#2882,.F.);
#2990=ORIENTED_EDGE('',*,*,#229,.F.);
#2991=ORIENTED_EDGE('',*,*,#504,.F.);
#2992=EDGE_LOOP('',(#2988,#2989,#2990,#2991));
#2993=FACE_BOUND('',#2992,.T.);
#2994=ADVANCED_FACE('',(#2993),#2981,.T.);
#2995=CARTESIAN_POINT('',(30.20591771,8.417085318,-17.922322274));
#2996=DIRECTION('',(0.866025404,0.,0.5));
#2997=DIRECTION('',(0.5,0.,-0.866025404));
#2998=AXIS2_PLACEMENT_3D('',#2995,#2996,#2997);
#2999=CYLINDRICAL_SURFACE('',#2998,0.25);
#3000=CARTESIAN_POINT('',(30.991945646,8.227926275,-17.279762596));
#3001=VERTEX_POINT('',#3000);
#3002=CARTESIAN_POINT('',(31.155404682,8.227926275,-17.562881952));
#3003=VERTEX_POINT('',#3002);
#3004=CARTESIAN_POINT('',(30.991945646,8.227926275,-17.279762596));
#3005=CARTESIAN_POINT('',(31.014626509,8.188727598,-17.319047004));
#3006=CARTESIAN_POINT('',(31.040648429,8.167092622,-17.371547352));
#3007=CARTESIAN_POINT('',(31.070442206,8.16708532,-17.423153479));
#3008=CARTESIAN_POINT('',(31.100235984,8.167078017,-17.474759606));
#3009=CARTESIAN_POINT('',(31.132726112,8.188731561,-17.523601515));
#3010=CARTESIAN_POINT('',(31.155404682,8.227926275,-17.562881952));
#3011=B_SPLINE_CURVE_WITH_KNOTS('',3,(#3004,#3005,#3006,#3007,#3008,#3009,#3010),.UNSPECIFIED.,.F.,.F.,(4,3,4),(0.,0.000177268,0.000354535),.UNSPECIFIED.);
#3012=EDGE_CURVE('',#3001,#3003,#3011,.T.);
#3013=ORIENTED_EDGE('',*,*,#3012,.F.);
#3014=CARTESIAN_POINT('',(31.073675164,8.417085318,-17.421322274));
#3015=DIRECTION('',(-0.866025404,0.,-0.5));
#3016=DIRECTION('',(0.5,-0.,-0.866025404));
#3017=AXIS2_PLACEMENT_3D('',#3014,#3015,#3016);
#3018=CIRCLE('',#3017,0.25);
#3019=EDGE_CURVE('',#3001,#742,#3018,.T.);
#3020=ORIENTED_EDGE('',*,*,#3019,.T.);
#3021=ORIENTED_EDGE('',*,*,#747,.F.);
#3022=ORIENTED_EDGE('',*,*,#247,.F.);
#3023=ORIENTED_EDGE('',*,*,#2897,.F.);
#3024=CARTESIAN_POINT('',(31.073675164,8.417085318,-17.421322274));
#3025=DIRECTION('',(-0.866025404,0.,-0.5));
#3026=DIRECTION('',(0.5,-0.,-0.866025404));
#3027=AXIS2_PLACEMENT_3D('',#3024,#3025,#3026);
#3028=CIRCLE('',#3027,0.25);
#3029=EDGE_CURVE('',#2885,#3003,#3028,.T.);
#3030=ORIENTED_EDGE('',*,*,#3029,.T.);
#3031=EDGE_LOOP('',(#3013,#3020,#3021,#3022,#3023,#3030));
#3032=FACE_BOUND('',#3031,.T.);
#3033=ADVANCED_FACE('',(#3032),#2999,.F.);
#3034=CARTESIAN_POINT('',(37.609075624,9.727938193,-29.734063501));
#3035=DIRECTION('',(0.5,0.,-0.866025404));
#3036=DIRECTION('',(-0.,1.,0.));
#3037=AXIS2_PLACEMENT_3D('',#3034,#3035,#3036);
#3038=CYLINDRICAL_SURFACE('',#3037,0.5);
#3039=CARTESIAN_POINT('',(38.092863124,10.227938193,-30.572008032));
#3040=VERTEX_POINT('',#3039);
#3041=CARTESIAN_POINT('',(38.092863124,10.227938193,-30.572008032));
#3042=DIRECTION('',(0.5,0.,-0.866025404));
#3043=VECTOR('',#3042,0.432425);
#3044=LINE('',#3041,#3043);
#3045=EDGE_CURVE('',#3040,#852,#3044,.T.);
#3046=ORIENTED_EDGE('',*,*,#3045,.F.);
#3047=CARTESIAN_POINT('',(37.743463258,10.023279202,-30.773734138));
#3048=VERTEX_POINT('',#3047);
#3049=CARTESIAN_POINT('',(38.092863124,9.727938193,-30.572008032));
#3050=DIRECTION('',(-0.5,0.,0.866025404));
#3051=DIRECTION('',(-0.866025404,0.,-0.5));
#3052=AXIS2_PLACEMENT_3D('',#3049,#3050,#3051);
#3053=CIRCLE('',#3052,0.5);
#3054=EDGE_CURVE('',#3040,#3048,#3053,.T.);
#3055=ORIENTED_EDGE('',*,*,#3054,.T.);
#3056=CARTESIAN_POINT('',(37.743463258,10.023279202,-30.773734138));
#3057=DIRECTION('',(0.5,0.,-0.866025404));
#3058=VECTOR('',#3057,0.432425);
#3059=LINE('',#3056,#3058);
#3060=EDGE_CURVE('',#3048,#850,#3059,.T.);
#3061=ORIENTED_EDGE('',*,*,#3060,.T.);
#3062=ORIENTED_EDGE('',*,*,#858,.T.);
#3063=EDGE_LOOP('',(#3046,#3055,#3061,#3062));
#3064=FACE_BOUND('',#3063,.T.);
#3065=ADVANCED_FACE('',(#3064),#3038,.F.);
#3066=CARTESIAN_POINT('',(38.584135067,10.227938193,-29.171112669));
#3067=DIRECTION('',(-0.,1.,0.));
#3068=DIRECTION('',(-0.5,-0.,0.866025404));
#3069=AXIS2_PLACEMENT_3D('',#3066,#3067,#3068);
#3070=PLANE('',#3069);
#3071=CARTESIAN_POINT('',(39.609969308,10.227938193,-29.696106368));
#3072=VERTEX_POINT('',#3071);
#3073=CARTESIAN_POINT('',(39.609969308,10.227938193,-29.696106368));
#3074=DIRECTION('',(0.5,0.,-0.866025404));
#3075=VECTOR('',#3074,0.432425);
#3076=LINE('',#3073,#3075);
#3077=EDGE_CURVE('',#3072,#885,#3076,.T.);
#3078=ORIENTED_EDGE('',*,*,#3077,.F.);
#3079=CARTESIAN_POINT('',(39.609969308,10.227938193,-29.696106368));
#3080=DIRECTION('',(-0.866025404,0.,-0.5));
#3081=VECTOR('',#3080,1.751803327);
#3082=LINE('',#3079,#3081);
#3083=EDGE_CURVE('',#3072,#3040,#3082,.T.);
#3084=ORIENTED_EDGE('',*,*,#3083,.T.);
#3085=ORIENTED_EDGE('',*,*,#3045,.T.);
#3086=ORIENTED_EDGE('',*,*,#897,.T.);
#3087=EDGE_LOOP('',(#3078,#3084,#3085,#3086));
#3088=FACE_BOUND('',#3087,.T.);
#3089=ADVANCED_FACE('',(#3088),#3070,.F.);
#3090=CARTESIAN_POINT('',(39.126181808,9.727938193,-28.858161838));
#3091=DIRECTION('',(0.5,0.,-0.866025404));
#3092=DIRECTION('',(-0.,1.,0.));
#3093=AXIS2_PLACEMENT_3D('',#3090,#3091,#3092);
#3094=CYLINDRICAL_SURFACE('',#3093,0.5);
#3095=CARTESIAN_POINT('',(39.995129308,9.956416564,-29.473734138));
#3096=VERTEX_POINT('',#3095);
#3097=CARTESIAN_POINT('',(39.995129308,9.956416564,-29.473734138));
#3098=DIRECTION('',(0.5,0.,-0.866025404));
#3099=VECTOR('',#3098,0.432425);
#3100=LINE('',#3097,#3099);
#3101=EDGE_CURVE('',#3096,#877,#3100,.T.);
#3102=ORIENTED_EDGE('',*,*,#3101,.F.);
#3103=CARTESIAN_POINT('',(39.609969308,9.727938193,-29.696106368));
#3104=DIRECTION('',(-0.5,0.,0.866025404));
#3105=DIRECTION('',(-0.866025404,0.,-0.5));
#3106=AXIS2_PLACEMENT_3D('',#3103,#3104,#3105);
#3107=CIRCLE('',#3106,0.5);
#3108=EDGE_CURVE('',#3096,#3072,#3107,.T.);
#3109=ORIENTED_EDGE('',*,*,#3108,.T.);
#3110=ORIENTED_EDGE('',*,*,#3077,.T.);
#3111=ORIENTED_EDGE('',*,*,#891,.T.);
#3112=EDGE_LOOP('',(#3102,#3109,#3110,#3111));
#3113=FACE_BOUND('',#3112,.T.);
#3114=ADVANCED_FACE('',(#3113),#3094,.F.);
#3115=CARTESIAN_POINT('',(39.511341808,9.727938193,-28.635789608));
#3116=DIRECTION('',(0.866025404,0.,0.5));
#3117=DIRECTION('',(0.5,0.,-0.866025404));
#3118=AXIS2_PLACEMENT_3D('',#3115,#3116,#3117);
#3119=PLANE('',#3118);
#3120=CARTESIAN_POINT('',(39.995129308,9.499459822,-29.473734138));
#3121=VERTEX_POINT('',#3120);
#3122=CARTESIAN_POINT('',(39.995129308,9.499459822,-29.473734138));
#3123=DIRECTION('',(0.5,0.,-0.866025404));
#3124=VECTOR('',#3123,0.432425);
#3125=LINE('',#3122,#3124);
#3126=EDGE_CURVE('',#3121,#1455,#3125,.T.);
#3127=ORIENTED_EDGE('',*,*,#3126,.F.);
#3128=CARTESIAN_POINT('',(39.995129308,9.499459822,-29.473734138));
#3129=DIRECTION('',(0.,1.,-0.));
#3130=VECTOR('',#3129,0.456956742);
#3131=LINE('',#3128,#3130);
#3132=EDGE_CURVE('',#3121,#3096,#3131,.T.);
#3133=ORIENTED_EDGE('',*,*,#3132,.T.);
#3134=ORIENTED_EDGE('',*,*,#3101,.T.);
#3135=ORIENTED_EDGE('',*,*,#1466,.T.);
#3136=EDGE_LOOP('',(#3127,#3133,#3134,#3135));
#3137=FACE_BOUND('',#3136,.T.);
#3138=ADVANCED_FACE('',(#3137),#3119,.F.);
#3139=CARTESIAN_POINT('',(39.126181808,9.727938193,-28.858161838));
#3140=DIRECTION('',(0.5,0.,-0.866025404));
#3141=DIRECTION('',(-0.,1.,0.));
#3142=AXIS2_PLACEMENT_3D('',#3139,#3140,#3141);
#3143=CYLINDRICAL_SURFACE('',#3142,0.5);
#3144=CARTESIAN_POINT('',(39.609969308,9.227938193,-29.696106368));
#3145=VERTEX_POINT('',#3144);
#3146=CARTESIAN_POINT('',(39.609969261,9.227938193,-29.696106395));
#3147=DIRECTION('',(0.5,0.,-0.866025404));
#3148=VECTOR('',#3147,0.432425);
#3149=LINE('',#3146,#3148);
#3150=EDGE_CURVE('',#3145,#1978,#3149,.T.);
#3151=ORIENTED_EDGE('',*,*,#3150,.F.);
#3152=CARTESIAN_POINT('',(39.609969308,9.727938193,-29.696106368));
#3153=DIRECTION('',(-0.5,0.,0.866025404));
#3154=DIRECTION('',(-0.866025404,0.,-0.5));
#3155=AXIS2_PLACEMENT_3D('',#3152,#3153,#3154);
#3156=CIRCLE('',#3155,0.5);
#3157=EDGE_CURVE('',#3145,#3121,#3156,.T.);
#3158=ORIENTED_EDGE('',*,*,#3157,.T.);
#3159=ORIENTED_EDGE('',*,*,#3126,.T.);
#3160=ORIENTED_EDGE('',*,*,#1984,.T.);
#3161=EDGE_LOOP('',(#3151,#3158,#3159,#3160));
#3162=FACE_BOUND('',#3161,.T.);
#3163=ADVANCED_FACE('',(#3162),#3143,.F.);
#3164=CARTESIAN_POINT('',(37.825581997,9.227938193,-29.609063488));
#3165=DIRECTION('',(0.,-1.,-0.));
#3166=DIRECTION('',(0.5,0.,-0.866025404));
#3167=AXIS2_PLACEMENT_3D('',#3164,#3165,#3166);
#3168=PLANE('',#3167);
#3169=ORIENTED_EDGE('',*,*,#1265,.T.);
#3170=ORIENTED_EDGE('',*,*,#117,.T.);
#3171=CARTESIAN_POINT('',(40.262504792,9.227938193,-29.31936483));
#3172=DIRECTION('',(-0.866025404,0.,-0.5));
#3173=VECTOR('',#3172,0.753483075);
#3174=LINE('',#3171,#3173);
#3175=EDGE_CURVE('',#104,#3145,#3174,.T.);
#3176=ORIENTED_EDGE('',*,*,#3175,.T.);
#3177=ORIENTED_EDGE('',*,*,#3150,.T.);
#3178=ORIENTED_EDGE('',*,*,#2009,.T.);
#3179=CARTESIAN_POINT('',(38.092863124,9.227938193,-30.572008032));
#3180=VERTEX_POINT('',#3179);
#3181=CARTESIAN_POINT('',(38.092863124,9.227938193,-30.572008032));
#3182=DIRECTION('',(0.5,0.,-0.866025404));
#3183=VECTOR('',#3182,0.432425);
#3184=LINE('',#3181,#3183);
#3185=EDGE_CURVE('',#3180,#1997,#3184,.T.);
#3186=ORIENTED_EDGE('',*,*,#3185,.F.);
#3187=CARTESIAN_POINT('',(38.092863124,9.227938193,-30.572008032));
#3188=DIRECTION('',(-0.866025404,0.,-0.5));
#3189=VECTOR('',#3188,0.503452206);
#3190=LINE('',#3187,#3189);
#3191=EDGE_CURVE('',#3180,#2854,#3190,.T.);
#3192=ORIENTED_EDGE('',*,*,#3191,.T.);
#3193=ORIENTED_EDGE('',*,*,#2859,.T.);
#3194=EDGE_LOOP('',(#3169,#3170,#3176,#3177,#3178,#3186,#3192,#3193));
#3195=FACE_BOUND('',#3194,.T.);
#3196=ADVANCED_FACE('',(#3195),#3168,.F.);
#3197=CARTESIAN_POINT('',(37.609075624,9.727938193,-29.734063501));
#3198=DIRECTION('',(0.5,0.,-0.866025404));
#3199=DIRECTION('',(-0.,1.,0.));
#3200=AXIS2_PLACEMENT_3D('',#3197,#3198,#3199);
#3201=CYLINDRICAL_SURFACE('',#3200,0.5);
#3202=CARTESIAN_POINT('',(37.743463258,9.432597184,-30.773734138));
#3203=VERTEX_POINT('',#3202);
#3204=CARTESIAN_POINT('',(37.743463258,9.432597184,-30.773734138));
#3205=DIRECTION('',(0.5,0.,-0.866025404));
#3206=VECTOR('',#3205,0.432425);
#3207=LINE('',#3204,#3206);
#3208=EDGE_CURVE('',#3203,#1989,#3207,.T.);
#3209=ORIENTED_EDGE('',*,*,#3208,.F.);
#3210=CARTESIAN_POINT('',(38.092863124,9.727938193,-30.572008032));
#3211=DIRECTION('',(-0.5,0.,0.866025404));
#3212=DIRECTION('',(-0.866025404,0.,-0.5));
#3213=AXIS2_PLACEMENT_3D('',#3210,#3211,#3212);
#3214=CIRCLE('',#3213,0.5);
#3215=EDGE_CURVE('',#3203,#3180,#3214,.T.);
#3216=ORIENTED_EDGE('',*,*,#3215,.T.);
#3217=ORIENTED_EDGE('',*,*,#3185,.T.);
#3218=ORIENTED_EDGE('',*,*,#2003,.T.);
#3219=EDGE_LOOP('',(#3209,#3216,#3217,#3218));
#3220=FACE_BOUND('',#3219,.T.);
#3221=ADVANCED_FACE('',(#3220),#3201,.F.);
#3222=CARTESIAN_POINT('',(37.259675758,9.359311756,-29.935789608));
#3223=DIRECTION('',(-0.866025404,0.,-0.5));
#3224=DIRECTION('',(-0.5,0.,0.866025404));
#3225=AXIS2_PLACEMENT_3D('',#3222,#3223,#3224);
#3226=PLANE('',#3225);
#3227=ORIENTED_EDGE('',*,*,#3060,.F.);
#3228=CARTESIAN_POINT('',(37.743463258,10.023279202,-30.773734138));
#3229=DIRECTION('',(-0.,-1.,0.));
#3230=VECTOR('',#3229,0.590682018);
#3231=LINE('',#3228,#3230);
#3232=EDGE_CURVE('',#3048,#3203,#3231,.T.);
#3233=ORIENTED_EDGE('',*,*,#3232,.T.);
#3234=ORIENTED_EDGE('',*,*,#3208,.T.);
#3235=ORIENTED_EDGE('',*,*,#2367,.T.);
#3236=EDGE_LOOP('',(#3227,#3233,#3234,#3235));
#3237=FACE_BOUND('',#3236,.T.);
#3238=ADVANCED_FACE('',(#3237),#3226,.F.);
#3239=CARTESIAN_POINT('',(40.861154718,9.727938193,-28.973734134));
#3240=DIRECTION('',(0.5,-0.,-0.866025404));
#3241=DIRECTION('',(-0.866025404,0.,-0.5));
#3242=AXIS2_PLACEMENT_3D('',#3239,#3240,#3241);
#3243=PLANE('',#3242);
#3244=ORIENTED_EDGE('',*,*,#109,.T.);
#3245=CARTESIAN_POINT('',(40.262504792,10.227938193,-29.31936483));
#3246=DIRECTION('',(-0.866025404,0.,-0.5));
#3247=VECTOR('',#3246,0.753483075);
#3248=LINE('',#3245,#3247);
#3249=EDGE_CURVE('',#96,#3072,#3248,.T.);
#3250=ORIENTED_EDGE('',*,*,#3249,.T.);
#3251=ORIENTED_EDGE('',*,*,#3108,.F.);
#3252=ORIENTED_EDGE('',*,*,#3132,.F.);
#3253=ORIENTED_EDGE('',*,*,#3157,.F.);
#3254=ORIENTED_EDGE('',*,*,#3175,.F.);
#3255=EDGE_LOOP('',(#3244,#3250,#3251,#3252,#3253,#3254));
#3256=FACE_BOUND('',#3255,.T.);
#3257=ADVANCED_FACE('',(#3256),#3243,.F.);
#3258=CARTESIAN_POINT('',(40.861154718,9.727938193,-28.973734134));
#3259=DIRECTION('',(0.5,-0.,-0.866025404));
#3260=DIRECTION('',(-0.866025404,0.,-0.5));
#3261=AXIS2_PLACEMENT_3D('',#3258,#3259,#3260);
#3262=PLANE('',#3261);
#3263=CARTESIAN_POINT('',(38.092863124,10.227938193,-30.572008032));
#3264=DIRECTION('',(-0.866025404,0.,-0.5));
#3265=VECTOR('',#3264,0.503452206);
#3266=LINE('',#3263,#3265);
#3267=EDGE_CURVE('',#3040,#2781,#3266,.T.);
#3268=ORIENTED_EDGE('',*,*,#3267,.T.);
#3269=ORIENTED_EDGE('',*,*,#2865,.T.);
#3270=ORIENTED_EDGE('',*,*,#3191,.F.);
#3271=ORIENTED_EDGE('',*,*,#3215,.F.);
#3272=ORIENTED_EDGE('',*,*,#3232,.F.);
#3273=ORIENTED_EDGE('',*,*,#3054,.F.);
#3274=EDGE_LOOP('',(#3268,#3269,#3270,#3271,#3272,#3273));
#3275=FACE_BOUND('',#3274,.T.);
#3276=ADVANCED_FACE('',(#3275),#3262,.F.);
#3277=CARTESIAN_POINT('',(40.866029273,11.807870437,-28.982177111));
#3278=DIRECTION('',(0.499990481,-0.00617047,-0.866008917));
#3279=DIRECTION('',(0.003085235,0.999980962,-0.005343784));
#3280=AXIS2_PLACEMENT_3D('',#3277,#3278,#3279);
#3281=PLANE('',#3280);
#3282=ORIENTED_EDGE('',*,*,#101,.T.);
#3283=CARTESIAN_POINT('',(40.278132551,15.29318017,-29.346432903));
#3284=DIRECTION('',(-0.866025404,0.,-0.5));
#3285=VECTOR('',#3284,3.008738608);
#3286=LINE('',#3283,#3285);
#3287=EDGE_CURVE('',#87,#2779,#3286,.T.);
#3288=ORIENTED_EDGE('',*,*,#3287,.T.);
#3289=ORIENTED_EDGE('',*,*,#2786,.T.);
#3290=ORIENTED_EDGE('',*,*,#3267,.F.);
#3291=ORIENTED_EDGE('',*,*,#3083,.F.);
#3292=ORIENTED_EDGE('',*,*,#3249,.F.);
#3293=EDGE_LOOP('',(#3282,#3288,#3289,#3290,#3291,#3292));
#3294=FACE_BOUND('',#3293,.T.);
#3295=ADVANCED_FACE('',(#3294),#3281,.F.);
#3296=CARTESIAN_POINT('',(40.32094146,13.180758401,-28.038057325));
#3297=DIRECTION('',(-0.866025404,0.,-0.5));
#3298=DIRECTION('',(-0.5,0.,0.866025404));
#3299=AXIS2_PLACEMENT_3D('',#3296,#3297,#3298);
#3300=CYLINDRICAL_SURFACE('',#3299,3.219241599);
#3301=ORIENTED_EDGE('',*,*,#2804,.F.);
#3302=CARTESIAN_POINT('',(37.125536189,16.399950914,-29.903453045));
#3303=DIRECTION('',(0.866025404,-0.,0.5));
#3304=VECTOR('',#3303,3.008738608);
#3305=LINE('',#3302,#3304);
#3306=EDGE_CURVE('',#2789,#78,#3305,.T.);
#3307=ORIENTED_EDGE('',*,*,#3306,.T.);
#3308=ORIENTED_EDGE('',*,*,#84,.F.);
#3309=ORIENTED_EDGE('',*,*,#2934,.T.);
#3310=EDGE_LOOP('',(#3301,#3307,#3308,#3309));
#3311=FACE_BOUND('',#3310,.T.);
#3312=ADVANCED_FACE('',(#3311),#3300,.F.);
#3313=CARTESIAN_POINT('',(30.548675164,9.727926275,-16.5119956));
#3314=DIRECTION('',(-0.866025404,0.,-0.5));
#3315=DIRECTION('',(-0.5,0.,0.866025404));
#3316=AXIS2_PLACEMENT_3D('',#3313,#3314,#3315);
#3317=PLANE('',#3316);
#3318=CARTESIAN_POINT('',(30.774248626,11.227926275,-16.902700296));
#3319=DIRECTION('',(0.5,0.,-0.866025404));
#3320=VECTOR('',#3319,0.348853077);
#3321=LINE('',#3318,#3320);
#3322=EDGE_CURVE('',#1832,#750,#3321,.T.);
#3323=ORIENTED_EDGE('',*,*,#3322,.T.);
#3324=ORIENTED_EDGE('',*,*,#755,.F.);
#3325=ORIENTED_EDGE('',*,*,#3019,.F.);
#3326=CARTESIAN_POINT('',(30.774248626,8.227926275,-16.902700296));
#3327=DIRECTION('',(0.5,0.,-0.866025404));
#3328=VECTOR('',#3327,0.435394041);
#3329=LINE('',#3326,#3328);
#3330=EDGE_CURVE('',#1779,#3001,#3329,.T.);
#3331=ORIENTED_EDGE('',*,*,#3330,.F.);
#3332=ORIENTED_EDGE('',*,*,#1844,.F.);
#3333=EDGE_LOOP('',(#3323,#3324,#3325,#3331,#3332));
#3334=FACE_BOUND('',#3333,.T.);
#3335=ADVANCED_FACE('',(#3334),#3317,.T.);
#3336=CARTESIAN_POINT('',(30.115662462,8.227926275,-16.7619956));
#3337=DIRECTION('',(0.5,0.,-0.866025404));
#3338=DIRECTION('',(-0.866025404,0.,-0.5));
#3339=AXIS2_PLACEMENT_3D('',#3336,#3337,#3338);
#3340=CYLINDRICAL_SURFACE('',#3339,0.5);
#3341=ORIENTED_EDGE('',*,*,#1785,.T.);
#3342=ORIENTED_EDGE('',*,*,#3330,.T.);
#3343=ORIENTED_EDGE('',*,*,#3012,.T.);
#3344=CARTESIAN_POINT('',(31.606673625,8.227926275,-18.34450269));
#3345=DIRECTION('',(-0.5,-0.,0.866025404));
#3346=VECTOR('',#3345,0.902537887);
#3347=LINE('',#3344,#3346);
#3348=EDGE_CURVE('',#483,#3003,#3347,.T.);
#3349=ORIENTED_EDGE('',*,*,#3348,.F.);
#3350=ORIENTED_EDGE('',*,*,#489,.T.);
#3351=CARTESIAN_POINT('',(30.169252296,7.927926282,-17.654815926));
#3352=VERTEX_POINT('',#3351);
#3353=CARTESIAN_POINT('',(30.827250758,7.927926282,-18.794502692));
#3354=DIRECTION('',(-0.5,-0.,0.866025404));
#3355=VECTOR('',#3354,1.315996923);
#3356=LINE('',#3353,#3355);
#3357=EDGE_CURVE('',#474,#3352,#3356,.T.);
#3358=ORIENTED_EDGE('',*,*,#3357,.T.);
#3359=CARTESIAN_POINT('',(29.994825758,7.927926282,-17.352700299));
#3360=DIRECTION('',(0.5,0.,-0.866025404));
#3361=VECTOR('',#3360,0.348853077);
#3362=LINE('',#3359,#3361);
#3363=EDGE_CURVE('',#910,#3352,#3362,.T.);
#3364=ORIENTED_EDGE('',*,*,#3363,.F.);
#3365=EDGE_LOOP('',(#3341,#3342,#3343,#3349,#3350,#3358,#3364));
#3366=FACE_BOUND('',#3365,.T.);
#3367=ADVANCED_FACE('',(#3366),#3340,.F.);
#3368=CARTESIAN_POINT('',(29.994825758,7.927926282,-17.352700299));
#3369=CARTESIAN_POINT('',(30.169252296,7.927926282,-17.654815926));
#3370=CARTESIAN_POINT('',(29.939100725,8.013720585,-17.384873161));
#3371=CARTESIAN_POINT('',(30.113527264,8.013720585,-17.686988788));
#3372=CARTESIAN_POINT('',(29.908223222,8.120683398,-17.402700296));
#3373=CARTESIAN_POINT('',(30.08264976,8.120683398,-17.704815923));
#3374=CARTESIAN_POINT('',(29.908223222,8.227926275,-17.402700296));
#3375=CARTESIAN_POINT('',(30.08264976,8.227926275,-17.704815923));
#3376=B_SPLINE_SURFACE_WITH_KNOTS('',3,1,((#3368,#3369),(#3370,#3371),(#3372,#3373),(#3374,#3375)),.UNSPECIFIED.,.F.,.F.,.U.,(4,4),(2,2),(0.,0.000320036),(0.563933654,1.),.UNSPECIFIED.);
#3377=ORIENTED_EDGE('',*,*,#919,.T.);
#3378=ORIENTED_EDGE('',*,*,#3363,.T.);
#3379=CARTESIAN_POINT('',(30.169252296,7.927926282,-17.654815926));
#3380=CARTESIAN_POINT('',(30.113527264,8.013720585,-17.686988788));
#3381=CARTESIAN_POINT('',(30.08264976,8.120683398,-17.704815923));
#3382=CARTESIAN_POINT('',(30.08264976,8.227926275,-17.704815923));
#3383=B_SPLINE_CURVE_WITH_KNOTS('',3,(#3379,#3380,#3381,#3382),.UNSPECIFIED.,.F.,.F.,(4,4),(0.,0.000320036),.UNSPECIFIED.);
#3384=EDGE_CURVE('',#3352,#2830,#3383,.T.);
#3385=ORIENTED_EDGE('',*,*,#3384,.T.);
#3386=ORIENTED_EDGE('',*,*,#2835,.F.);
#3387=EDGE_LOOP('',(#3377,#3378,#3385,#3386));
#3388=FACE_BOUND('',#3387,.T.);
#3389=ADVANCED_FACE('',(#3388),#3376,.F.);
#3390=CARTESIAN_POINT('',(29.908223222,11.227926275,-17.402700296));
#3391=CARTESIAN_POINT('',(30.08264976,11.227926275,-17.704815923));
#3392=CARTESIAN_POINT('',(29.908223222,11.335169152,-17.402700296));
#3393=CARTESIAN_POINT('',(30.08264976,11.335169152,-17.704815923));
#3394=CARTESIAN_POINT('',(29.939100725,11.442131965,-17.384873161));
#3395=CARTESIAN_POINT('',(30.113527264,11.442131965,-17.686988788));
#3396=CARTESIAN_POINT('',(29.994825758,11.527926268,-17.352700299));
#3397=CARTESIAN_POINT('',(30.169252296,11.527926268,-17.654815926));
#3398=B_SPLINE_SURFACE_WITH_KNOTS('',3,1,((#3390,#3391),(#3392,#3393),(#3394,#3395),(#3396,#3397)),.UNSPECIFIED.,.F.,.F.,.U.,(4,4),(2,2),(0.,0.000320023),(0.563933654,1.),.UNSPECIFIED.);
#3399=ORIENTED_EDGE('',*,*,#939,.T.);
#3400=ORIENTED_EDGE('',*,*,#2826,.T.);
#3401=ORIENTED_EDGE('',*,*,#773,.T.);
#3402=CARTESIAN_POINT('',(29.994825758,11.527926268,-17.352700299));
#3403=DIRECTION('',(0.5,0.,-0.866025404));
#3404=VECTOR('',#3403,0.348853077);
#3405=LINE('',#3402,#3404);
#3406=EDGE_CURVE('',#930,#758,#3405,.T.);
#3407=ORIENTED_EDGE('',*,*,#3406,.F.);
#3408=EDGE_LOOP('',(#3399,#3400,#3401,#3407));
#3409=FACE_BOUND('',#3408,.T.);
#3410=ADVANCED_FACE('',(#3409),#3398,.F.);
#3411=CARTESIAN_POINT('',(30.115662462,11.227926275,-16.7619956));
#3412=DIRECTION('',(0.5,0.,-0.866025404));
#3413=DIRECTION('',(-0.866025404,0.,-0.5));
#3414=AXIS2_PLACEMENT_3D('',#3411,#3412,#3413);
#3415=CYLINDRICAL_SURFACE('',#3414,0.5);
#3416=ORIENTED_EDGE('',*,*,#1838,.T.);
#3417=ORIENTED_EDGE('',*,*,#3406,.T.);
#3418=ORIENTED_EDGE('',*,*,#764,.T.);
#3419=ORIENTED_EDGE('',*,*,#3322,.F.);
#3420=EDGE_LOOP('',(#3416,#3417,#3418,#3419));
#3421=FACE_BOUND('',#3420,.T.);
#3422=ADVANCED_FACE('',(#3421),#3415,.F.);
#3423=CARTESIAN_POINT('',(31.698675164,9.727926275,-18.503854029));
#3424=DIRECTION('',(0.866025404,-0.,0.5));
#3425=DIRECTION('',(0.5,-0.,-0.866025404));
#3426=AXIS2_PLACEMENT_3D('',#3423,#3424,#3425);
#3427=PLANE('',#3426);
#3428=ORIENTED_EDGE('',*,*,#3348,.T.);
#3429=ORIENTED_EDGE('',*,*,#3029,.F.);
#3430=ORIENTED_EDGE('',*,*,#2891,.F.);
#3431=ORIENTED_EDGE('',*,*,#2987,.T.);
#3432=ORIENTED_EDGE('',*,*,#497,.F.);
#3433=EDGE_LOOP('',(#3428,#3429,#3430,#3431,#3432));
#3434=FACE_BOUND('',#3433,.T.);
#3435=ADVANCED_FACE('',(#3434),#3427,.F.);
#3436=CARTESIAN_POINT('',(30.827250758,7.927926282,-18.794502692));
#3437=CARTESIAN_POINT('',(30.169252296,7.927926282,-17.654815926));
#3438=CARTESIAN_POINT('',(30.771525725,8.013720585,-18.826675555));
#3439=CARTESIAN_POINT('',(30.113527264,8.013720585,-17.686988788));
#3440=CARTESIAN_POINT('',(30.740648222,8.120683398,-18.84450269));
#3441=CARTESIAN_POINT('',(30.08264976,8.120683398,-17.704815923));
#3442=CARTESIAN_POINT('',(30.740648222,8.227926275,-18.84450269));
#3443=CARTESIAN_POINT('',(30.08264976,8.227926275,-17.704815923));
#3444=B_SPLINE_SURFACE_WITH_KNOTS('',3,1,((#3436,#3437),(#3438,#3439),(#3440,#3441),(#3442,#3443)),.UNSPECIFIED.,.F.,.F.,.U.,(4,4),(2,2),(0.,0.000320036),(0.122668718,1.),.UNSPECIFIED.);
#3445=ORIENTED_EDGE('',*,*,#480,.T.);
#3446=ORIENTED_EDGE('',*,*,#2848,.T.);
#3447=ORIENTED_EDGE('',*,*,#724,.T.);
#3448=ORIENTED_EDGE('',*,*,#2841,.T.);
#3449=ORIENTED_EDGE('',*,*,#3384,.F.);
#3450=ORIENTED_EDGE('',*,*,#3357,.F.);
#3451=EDGE_LOOP('',(#3445,#3446,#3447,#3448,#3449,#3450));
#3452=FACE_BOUND('',#3451,.T.);
#3453=ADVANCED_FACE('',(#3452),#3444,.T.);
#3454=CARTESIAN_POINT('',(11.835640646,-17.9,17.299930939));
#3455=DIRECTION('',(0.,1.,0.));
#3456=DIRECTION('',(0.5,0.,-0.866025404));
#3457=AXIS2_PLACEMENT_3D('',#3454,#3455,#3456);
#3458=PLANE('',#3457);
#3459=ORIENTED_EDGE('',*,*,#1574,.T.);
#3460=CARTESIAN_POINT('',(37.796352108,-17.9,-28.707445576));
#3461=VERTEX_POINT('',#3460);
#3462=CARTESIAN_POINT('',(38.266687014,-17.9,-29.079984267));
#3463=DIRECTION('',(0.,-1.,-0.));
#3464=DIRECTION('',(-0.866025404,0.,-0.5));
#3465=AXIS2_PLACEMENT_3D('',#3462,#3463,#3464);
#3466=CIRCLE('',#3465,0.6);
#3467=EDGE_CURVE('',#3461,#1551,#3466,.T.);
#3468=ORIENTED_EDGE('',*,*,#3467,.F.);
#3469=CARTESIAN_POINT('',(37.825098971,-17.9,-28.31513134));
#3470=VERTEX_POINT('',#3469);
#3471=CARTESIAN_POINT('',(37.521990079,-17.9,-28.49013134));
#3472=DIRECTION('',(-0.,1.,0.));
#3473=DIRECTION('',(0.866025404,0.,0.5));
#3474=AXIS2_PLACEMENT_3D('',#3471,#3472,#3473);
#3475=CIRCLE('',#3474,0.35);
#3476=EDGE_CURVE('',#3470,#3461,#3475,.T.);
#3477=ORIENTED_EDGE('',*,*,#3476,.F.);
#3478=CARTESIAN_POINT('',(37.817072526,-17.9,-28.30122913));
#3479=VERTEX_POINT('',#3478);
#3480=CARTESIAN_POINT('',(37.817072526,-17.9,-28.30122913));
#3481=DIRECTION('',(0.5,0.,-0.866025404));
#3482=VECTOR('',#3481,0.01605289);
#3483=LINE('',#3480,#3482);
#3484=EDGE_CURVE('',#3479,#3470,#3483,.T.);
#3485=ORIENTED_EDGE('',*,*,#3484,.F.);
#3486=CARTESIAN_POINT('',(37.462944999,-17.9,-28.129967525));
#3487=VERTEX_POINT('',#3486);
#3488=CARTESIAN_POINT('',(37.513963634,-17.9,-28.47622913));
#3489=DIRECTION('',(-0.,1.,0.));
#3490=DIRECTION('',(0.866025404,0.,0.5));
#3491=AXIS2_PLACEMENT_3D('',#3488,#3489,#3490);
#3492=CIRCLE('',#3491,0.35);
#3493=EDGE_CURVE('',#3487,#3479,#3492,.T.);
#3494=ORIENTED_EDGE('',*,*,#3493,.F.);
#3495=CARTESIAN_POINT('',(37.868059629,-17.9,-27.193783551));
#3496=VERTEX_POINT('',#3495);
#3497=CARTESIAN_POINT('',(37.375484482,-17.9,-27.536376203));
#3498=DIRECTION('',(0.,-1.,-0.));
#3499=DIRECTION('',(-0.866025404,0.,-0.5));
#3500=AXIS2_PLACEMENT_3D('',#3497,#3498,#3499);
#3501=CIRCLE('',#3500,0.6);
#3502=EDGE_CURVE('',#3496,#3487,#3501,.T.);
#3503=ORIENTED_EDGE('',*,*,#3502,.F.);
#3504=CARTESIAN_POINT('',(38.461341808,-17.9,-26.81713626));
#3505=VERTEX_POINT('',#3504);
#3506=CARTESIAN_POINT('',(38.156776119,-17.9,-26.992977342));
#3507=DIRECTION('',(0.,-1.,-0.));
#3508=DIRECTION('',(-0.866025404,0.,-0.5));
#3509=AXIS2_PLACEMENT_3D('',#3506,#3507,#3508);
#3510=CIRCLE('',#3509,0.351682165);
#3511=EDGE_CURVE('',#3496,#3505,#3510,.T.);
#3512=ORIENTED_EDGE('',*,*,#3511,.T.);
#3513=CARTESIAN_POINT('',(33.996491808,-17.9,-19.083789212));
#3514=VERTEX_POINT('',#3513);
#3515=CARTESIAN_POINT('',(38.461341808,-17.9,-26.81713626));
#3516=DIRECTION('',(-0.5,0.,0.866025404));
#3517=VECTOR('',#3516,8.9297);
#3518=LINE('',#3515,#3517);
#3519=EDGE_CURVE('',#3505,#3514,#3518,.T.);
#3520=ORIENTED_EDGE('',*,*,#3519,.T.);
#3521=CARTESIAN_POINT('',(33.385929836,-17.9,-19.436297331));
#3522=VERTEX_POINT('',#3521);
#3523=CARTESIAN_POINT('',(33.691210822,-17.9,-19.260043271));
#3524=DIRECTION('',(0.,-1.,-0.));
#3525=DIRECTION('',(-0.866025404,0.,-0.5));
#3526=AXIS2_PLACEMENT_3D('',#3523,#3524,#3525);
#3527=CIRCLE('',#3526,0.352508119);
#3528=EDGE_CURVE('',#3514,#3522,#3527,.T.);
#3529=ORIENTED_EDGE('',*,*,#3528,.T.);
#3530=CARTESIAN_POINT('',(33.405602482,-17.9,-19.466658494));
#3531=VERTEX_POINT('',#3530);
#3532=CARTESIAN_POINT('',(33.691210822,-17.9,-19.260043271));
#3533=DIRECTION('',(0.,-1.,-0.));
#3534=DIRECTION('',(-0.866025404,0.,-0.5));
#3535=AXIS2_PLACEMENT_3D('',#3532,#3533,#3534);
#3536=CIRCLE('',#3535,0.352508119);
#3537=EDGE_CURVE('',#3522,#3531,#3536,.T.);
#3538=ORIENTED_EDGE('',*,*,#3537,.T.);
#3539=CARTESIAN_POINT('',(33.439087066,-17.9,-19.518335879));
#3540=VERTEX_POINT('',#3539);
#3541=CARTESIAN_POINT('',(32.919471824,-17.9,-19.818335879));
#3542=DIRECTION('',(0.,-1.,-0.));
#3543=DIRECTION('',(-0.866025404,0.,-0.5));
#3544=AXIS2_PLACEMENT_3D('',#3541,#3542,#3543);
#3545=CIRCLE('',#3544,0.6);
#3546=EDGE_CURVE('',#3540,#3531,#3545,.T.);
#3547=ORIENTED_EDGE('',*,*,#3546,.F.);
#3548=CARTESIAN_POINT('',(32.449136918,-17.9,-19.445797189));
#3549=VERTEX_POINT('',#3548);
#3550=CARTESIAN_POINT('',(32.919471824,-17.9,-19.818335879));
#3551=DIRECTION('',(0.,-1.,-0.));
#3552=DIRECTION('',(-0.866025404,0.,-0.5));
#3553=AXIS2_PLACEMENT_3D('',#3550,#3551,#3552);
#3554=CIRCLE('',#3553,0.6);
#3555=EDGE_CURVE('',#3549,#3540,#3554,.T.);
#3556=ORIENTED_EDGE('',*,*,#3555,.F.);
#3557=CARTESIAN_POINT('',(32.477883781,-17.9,-19.053482952));
#3558=VERTEX_POINT('',#3557);
#3559=CARTESIAN_POINT('',(32.174774889,-17.9,-19.228482952));
#3560=DIRECTION('',(-0.,1.,0.));
#3561=DIRECTION('',(0.866025404,0.,0.5));
#3562=AXIS2_PLACEMENT_3D('',#3559,#3560,#3561);
#3563=CIRCLE('',#3562,0.35);
#3564=EDGE_CURVE('',#3558,#3549,#3563,.T.);
#3565=ORIENTED_EDGE('',*,*,#3564,.F.);
#3566=CARTESIAN_POINT('',(32.469857336,-17.9,-19.039580742));
#3567=VERTEX_POINT('',#3566);
#3568=CARTESIAN_POINT('',(32.469857336,-17.9,-19.039580742));
#3569=DIRECTION('',(0.5,0.,-0.866025404));
#3570=VECTOR('',#3569,0.01605289);
#3571=LINE('',#3568,#3570);
#3572=EDGE_CURVE('',#3567,#3558,#3571,.T.);
#3573=ORIENTED_EDGE('',*,*,#3572,.F.);
#3574=CARTESIAN_POINT('',(32.115729809,-17.9,-18.868319137));
#3575=VERTEX_POINT('',#3574);
#3576=CARTESIAN_POINT('',(32.166748444,-17.9,-19.214580742));
#3577=DIRECTION('',(-0.,1.,0.));
#3578=DIRECTION('',(0.866025404,0.,0.5));
#3579=AXIS2_PLACEMENT_3D('',#3576,#3577,#3578);
#3580=CIRCLE('',#3579,0.35);
#3581=EDGE_CURVE('',#3575,#3567,#3580,.T.);
#3582=ORIENTED_EDGE('',*,*,#3581,.F.);
#3583=CARTESIAN_POINT('',(32.028269292,-17.9,-18.274727815));
#3584=DIRECTION('',(0.,-1.,-0.));
#3585=DIRECTION('',(-0.866025404,0.,-0.5));
#3586=AXIS2_PLACEMENT_3D('',#3583,#3584,#3585);
#3587=CIRCLE('',#3586,0.6);
#3588=EDGE_CURVE('',#1695,#3575,#3587,.T.);
#3589=ORIENTED_EDGE('',*,*,#3588,.F.);
#3590=ORIENTED_EDGE('',*,*,#1700,.T.);
#3591=CARTESIAN_POINT('',(30.843437939,-17.9,-18.822539712));
#3592=DIRECTION('',(0.5,0.,-0.866025404));
#3593=VECTOR('',#3592,12.535251275);
#3594=LINE('',#3591,#3593);
#3595=EDGE_CURVE('',#1686,#1569,#3594,.T.);
#3596=ORIENTED_EDGE('',*,*,#3595,.T.);
#3597=EDGE_LOOP('',(#3459,#3468,#3477,#3485,#3494,#3503,#3512,#3520,#3529,#3538,#3547,#3556,#3565,#3573,#3582,#3589,#3590,#3596));
#3598=FACE_BOUND('',#3597,.T.);
#3599=CARTESIAN_POINT('',(37.003897193,-17.9,-25.692768138));
#3600=VERTEX_POINT('',#3599);
#3601=CARTESIAN_POINT('',(35.964666708,-17.9,-26.292768138));
#3602=VERTEX_POINT('',#3601);
#3603=CARTESIAN_POINT('',(36.484281951,-17.9,-25.992768138));
#3604=DIRECTION('',(0.,-1.,-0.));
#3605=DIRECTION('',(-0.866025404,0.,-0.5));
#3606=AXIS2_PLACEMENT_3D('',#3603,#3604,#3605);
#3607=CIRCLE('',#3606,0.6);
#3608=EDGE_CURVE('',#3600,#3602,#3607,.T.);
#3609=ORIENTED_EDGE('',*,*,#3608,.F.);
#3610=CARTESIAN_POINT('',(36.484281951,-17.9,-25.992768138));
#3611=DIRECTION('',(0.,-1.,-0.));
#3612=DIRECTION('',(-0.866025404,0.,-0.5));
#3613=AXIS2_PLACEMENT_3D('',#3610,#3611,#3612);
#3614=CIRCLE('',#3613,0.6);
#3615=EDGE_CURVE('',#3602,#3600,#3614,.T.);
#3616=ORIENTED_EDGE('',*,*,#3615,.F.);
#3617=EDGE_LOOP('',(#3609,#3616));
#3618=FACE_BOUND('',#3617,.T.);
#3619=CARTESIAN_POINT('',(36.112694661,-17.9,-24.149160073));
#3620=VERTEX_POINT('',#3619);
#3621=CARTESIAN_POINT('',(35.073464177,-17.9,-24.749160073));
#3622=VERTEX_POINT('',#3621);
#3623=CARTESIAN_POINT('',(35.593079419,-17.9,-24.449160073));
#3624=DIRECTION('',(0.,-1.,-0.));
#3625=DIRECTION('',(-0.866025404,0.,-0.5));
#3626=AXIS2_PLACEMENT_3D('',#3623,#3624,#3625);
#3627=CIRCLE('',#3626,0.6);
#3628=EDGE_CURVE('',#3620,#3622,#3627,.T.);
#3629=ORIENTED_EDGE('',*,*,#3628,.F.);
#3630=CARTESIAN_POINT('',(35.593079419,-17.9,-24.449160073));
#3631=DIRECTION('',(0.,-1.,-0.));
#3632=DIRECTION('',(-0.866025404,0.,-0.5));
#3633=AXIS2_PLACEMENT_3D('',#3630,#3631,#3632);
#3634=CIRCLE('',#3633,0.6);
#3635=EDGE_CURVE('',#3622,#3620,#3634,.T.);
#3636=ORIENTED_EDGE('',*,*,#3635,.F.);
#3637=EDGE_LOOP('',(#3629,#3636));
#3638=FACE_BOUND('',#3637,.T.);
#3639=CARTESIAN_POINT('',(35.22149213,-17.9,-22.605552009));
#3640=VERTEX_POINT('',#3639);
#3641=CARTESIAN_POINT('',(34.182261645,-17.9,-23.205552009));
#3642=VERTEX_POINT('',#3641);
#3643=CARTESIAN_POINT('',(34.701876887,-17.9,-22.905552009));
#3644=DIRECTION('',(0.,-1.,-0.));
#3645=DIRECTION('',(-0.866025404,0.,-0.5));
#3646=AXIS2_PLACEMENT_3D('',#3643,#3644,#3645);
#3647=CIRCLE('',#3646,0.6);
#3648=EDGE_CURVE('',#3640,#3642,#3647,.T.);
#3649=ORIENTED_EDGE('',*,*,#3648,.F.);
#3650=CARTESIAN_POINT('',(34.701876887,-17.9,-22.905552009));
#3651=DIRECTION('',(0.,-1.,-0.));
#3652=DIRECTION('',(-0.866025404,0.,-0.5));
#3653=AXIS2_PLACEMENT_3D('',#3650,#3651,#3652);
#3654=CIRCLE('',#3653,0.6);
#3655=EDGE_CURVE('',#3642,#3640,#3654,.T.);
#3656=ORIENTED_EDGE('',*,*,#3655,.F.);
#3657=EDGE_LOOP('',(#3649,#3656));
#3658=FACE_BOUND('',#3657,.T.);
#3659=CARTESIAN_POINT('',(34.330289598,-17.9,-21.061943944));
#3660=VERTEX_POINT('',#3659);
#3661=CARTESIAN_POINT('',(33.291059113,-17.9,-21.661943944));
#3662=VERTEX_POINT('',#3661);
#3663=CARTESIAN_POINT('',(33.810674356,-17.9,-21.361943944));
#3664=DIRECTION('',(0.,-1.,-0.));
#3665=DIRECTION('',(-0.866025404,0.,-0.5));
#3666=AXIS2_PLACEMENT_3D('',#3663,#3664,#3665);
#3667=CIRCLE('',#3666,0.6);
#3668=EDGE_CURVE('',#3660,#3662,#3667,.T.);
#3669=ORIENTED_EDGE('',*,*,#3668,.F.);
#3670=CARTESIAN_POINT('',(33.810674356,-17.9,-21.361943944));
#3671=DIRECTION('',(0.,-1.,-0.));
#3672=DIRECTION('',(-0.866025404,0.,-0.5));
#3673=AXIS2_PLACEMENT_3D('',#3670,#3671,#3672);
#3674=CIRCLE('',#3673,0.6);
#3675=EDGE_CURVE('',#3662,#3660,#3674,.T.);
#3676=ORIENTED_EDGE('',*,*,#3675,.F.);
#3677=EDGE_LOOP('',(#3669,#3676));
#3678=FACE_BOUND('',#3677,.T.);
#3679=ADVANCED_FACE('',(#3598,#3618,#3638,#3658,#3678),#3458,.F.);
#3680=CARTESIAN_POINT('',(32.028269292,-18.9,-18.274727815));
#3681=DIRECTION('',(-0.,1.,0.));
#3682=DIRECTION('',(0.866025404,0.,0.5));
#3683=AXIS2_PLACEMENT_3D('',#3680,#3681,#3682);
#3684=CYLINDRICAL_SURFACE('',#3683,0.6);
#3685=ORIENTED_EDGE('',*,*,#1718,.T.);
#3686=ORIENTED_EDGE('',*,*,#3588,.T.);
#3687=CARTESIAN_POINT('',(32.115729809,-18.213594432,-18.868319137));
#3688=DIRECTION('',(0.,1.,0.));
#3689=VECTOR('',#3688,0.313594432);
#3690=LINE('',#3687,#3689);
#3691=EDGE_CURVE('',#1703,#3575,#3690,.T.);
#3692=ORIENTED_EDGE('',*,*,#3691,.F.);
#3693=EDGE_LOOP('',(#3685,#3686,#3692));
#3694=FACE_BOUND('',#3693,.T.);
#3695=ADVANCED_FACE('',(#3694),#3684,.T.);
#3696=CARTESIAN_POINT('',(32.919471824,-18.9,-19.818335879));
#3697=DIRECTION('',(-0.,1.,0.));
#3698=DIRECTION('',(0.866025404,0.,0.5));
#3699=AXIS2_PLACEMENT_3D('',#3696,#3697,#3698);
#3700=CYLINDRICAL_SURFACE('',#3699,0.6);
#3701=CARTESIAN_POINT('',(33.439087066,-17.9,-19.518335879));
#3702=DIRECTION('',(-0.,-1.,-0.));
#3703=VECTOR('',#3702,0.5);
#3704=LINE('',#3701,#3703);
#3705=EDGE_CURVE('',#3540,#1617,#3704,.T.);
#3706=ORIENTED_EDGE('',*,*,#3705,.T.);
#3707=ORIENTED_EDGE('',*,*,#1625,.T.);
#3708=ORIENTED_EDGE('',*,*,#1767,.T.);
#3709=CARTESIAN_POINT('',(32.449136918,-17.9,-19.445797189));
#3710=DIRECTION('',(-0.,-1.,-0.));
#3711=VECTOR('',#3710,0.469617296);
#3712=LINE('',#3709,#3711);
#3713=EDGE_CURVE('',#3549,#1742,#3712,.T.);
#3714=ORIENTED_EDGE('',*,*,#3713,.F.);
#3715=ORIENTED_EDGE('',*,*,#3555,.T.);
#3716=EDGE_LOOP('',(#3706,#3707,#3708,#3714,#3715));
#3717=FACE_BOUND('',#3716,.T.);
#3718=ADVANCED_FACE('',(#3717),#3700,.T.);
#3719=CARTESIAN_POINT('',(12.11287855,-18.9,18.819740804));
#3720=DIRECTION('',(-0.866025404,0.,-0.5));
#3721=DIRECTION('',(-0.5,0.,0.866025404));
#3722=AXIS2_PLACEMENT_3D('',#3719,#3720,#3721);
#3723=PLANE('',#3722);
#3724=CARTESIAN_POINT('',(33.996491808,-17.9,-19.083789212));
#3725=DIRECTION('',(0.,-1.,0.));
#3726=VECTOR('',#3725,0.5);
#3727=LINE('',#3724,#3726);
#3728=EDGE_CURVE('',#3514,#1285,#3727,.T.);
#3729=ORIENTED_EDGE('',*,*,#3728,.F.);
#3730=ORIENTED_EDGE('',*,*,#3519,.F.);
#3731=CARTESIAN_POINT('',(38.461341808,-17.9,-26.81713626));
#3732=DIRECTION('',(0.,-1.,0.));
#3733=VECTOR('',#3732,0.5);
#3734=LINE('',#3731,#3733);
#3735=EDGE_CURVE('',#3505,#1344,#3734,.T.);
#3736=ORIENTED_EDGE('',*,*,#3735,.T.);
#3737=ORIENTED_EDGE('',*,*,#1358,.T.);
#3738=EDGE_LOOP('',(#3729,#3730,#3736,#3737));
#3739=FACE_BOUND('',#3738,.T.);
#3740=ADVANCED_FACE('',(#3739),#3723,.T.);
#3741=CARTESIAN_POINT('',(37.375484482,-18.9,-27.536376203));
#3742=DIRECTION('',(-0.,1.,0.));
#3743=DIRECTION('',(0.866025404,0.,0.5));
#3744=AXIS2_PLACEMENT_3D('',#3741,#3742,#3743);
#3745=CYLINDRICAL_SURFACE('',#3744,0.6);
#3746=ORIENTED_EDGE('',*,*,#1502,.T.);
#3747=CARTESIAN_POINT('',(37.868059629,-17.9,-27.193783551));
#3748=DIRECTION('',(0.,-1.,0.));
#3749=VECTOR('',#3748,0.499875296);
#3750=LINE('',#3747,#3749);
#3751=EDGE_CURVE('',#3496,#1496,#3750,.T.);
#3752=ORIENTED_EDGE('',*,*,#3751,.F.);
#3753=ORIENTED_EDGE('',*,*,#3502,.T.);
#3754=CARTESIAN_POINT('',(37.462944999,-18.341406543,-28.129967525));
#3755=DIRECTION('',(0.,1.,0.));
#3756=VECTOR('',#3755,0.441406543);
#3757=LINE('',#3754,#3756);
#3758=EDGE_CURVE('',#1506,#3487,#3757,.T.);
#3759=ORIENTED_EDGE('',*,*,#3758,.F.);
#3760=ORIENTED_EDGE('',*,*,#1515,.T.);
#3761=ORIENTED_EDGE('',*,*,#696,.T.);
#3762=EDGE_LOOP('',(#3746,#3752,#3753,#3759,#3760,#3761));
#3763=FACE_BOUND('',#3762,.T.);
#3764=ADVANCED_FACE('',(#3763),#3745,.T.);
#3765=CARTESIAN_POINT('',(38.266687014,-18.9,-29.079984267));
#3766=DIRECTION('',(-0.,1.,0.));
#3767=DIRECTION('',(0.866025404,0.,0.5));
#3768=AXIS2_PLACEMENT_3D('',#3765,#3766,#3767);
#3769=CYLINDRICAL_SURFACE('',#3768,0.6);
#3770=ORIENTED_EDGE('',*,*,#1566,.T.);
#3771=CARTESIAN_POINT('',(37.796352108,-17.9,-28.707445576));
#3772=DIRECTION('',(-0.,-1.,-0.));
#3773=VECTOR('',#3772,0.247787015);
#3774=LINE('',#3771,#3773);
#3775=EDGE_CURVE('',#3461,#1539,#3774,.T.);
#3776=ORIENTED_EDGE('',*,*,#3775,.F.);
#3777=ORIENTED_EDGE('',*,*,#3467,.T.);
#3778=EDGE_LOOP('',(#3770,#3776,#3777));
#3779=FACE_BOUND('',#3778,.T.);
#3780=ADVANCED_FACE('',(#3779),#3769,.T.);
#3781=CARTESIAN_POINT('',(33.810674356,-18.9,-21.361943944));
#3782=DIRECTION('',(-0.,1.,0.));
#3783=DIRECTION('',(0.866025404,0.,0.5));
#3784=AXIS2_PLACEMENT_3D('',#3781,#3782,#3783);
#3785=CYLINDRICAL_SURFACE('',#3784,0.6);
#3786=CARTESIAN_POINT('',(34.330289598,-18.4,-21.061943944));
#3787=VERTEX_POINT('',#3786);
#3788=CARTESIAN_POINT('',(34.330289598,-17.9,-21.061943944));
#3789=DIRECTION('',(-0.,-1.,-0.));
#3790=VECTOR('',#3789,0.5);
#3791=LINE('',#3788,#3790);
#3792=EDGE_CURVE('',#3660,#3787,#3791,.T.);
#3793=ORIENTED_EDGE('',*,*,#3792,.T.);
#3794=CARTESIAN_POINT('',(33.291059113,-18.4,-21.661943944));
#3795=VERTEX_POINT('',#3794);
#3796=CARTESIAN_POINT('',(33.810674356,-18.4,-21.361943944));
#3797=DIRECTION('',(-0.,1.,0.));
#3798=DIRECTION('',(-0.866025404,0.,-0.5));
#3799=AXIS2_PLACEMENT_3D('',#3796,#3797,#3798);
#3800=CIRCLE('',#3799,0.6);
#3801=EDGE_CURVE('',#3787,#3795,#3800,.T.);
#3802=ORIENTED_EDGE('',*,*,#3801,.T.);
#3803=CARTESIAN_POINT('',(33.810674356,-18.4,-21.361943944));
#3804=DIRECTION('',(-0.,1.,0.));
#3805=DIRECTION('',(-0.866025404,0.,-0.5));
#3806=AXIS2_PLACEMENT_3D('',#3803,#3804,#3805);
#3807=CIRCLE('',#3806,0.6);
#3808=EDGE_CURVE('',#3795,#3787,#3807,.T.);
#3809=ORIENTED_EDGE('',*,*,#3808,.T.);
#3810=ORIENTED_EDGE('',*,*,#3792,.F.);
#3811=ORIENTED_EDGE('',*,*,#3668,.T.);
#3812=ORIENTED_EDGE('',*,*,#3675,.T.);
#3813=EDGE_LOOP('',(#3793,#3802,#3809,#3810,#3811,#3812));
#3814=FACE_BOUND('',#3813,.T.);
#3815=ADVANCED_FACE('',(#3814),#3785,.T.);
#3816=CARTESIAN_POINT('',(34.701876887,-18.9,-22.905552009));
#3817=DIRECTION('',(-0.,1.,0.));
#3818=DIRECTION('',(0.866025404,0.,0.5));
#3819=AXIS2_PLACEMENT_3D('',#3816,#3817,#3818);
#3820=CYLINDRICAL_SURFACE('',#3819,0.6);
#3821=CARTESIAN_POINT('',(35.22149213,-18.4,-22.605552009));
#3822=VERTEX_POINT('',#3821);
#3823=CARTESIAN_POINT('',(35.22149213,-17.9,-22.605552009));
#3824=DIRECTION('',(-0.,-1.,-0.));
#3825=VECTOR('',#3824,0.5);
#3826=LINE('',#3823,#3825);
#3827=EDGE_CURVE('',#3640,#3822,#3826,.T.);
#3828=ORIENTED_EDGE('',*,*,#3827,.T.);
#3829=CARTESIAN_POINT('',(34.182261645,-18.4,-23.205552009));
#3830=VERTEX_POINT('',#3829);
#3831=CARTESIAN_POINT('',(34.701876887,-18.4,-22.905552009));
#3832=DIRECTION('',(-0.,1.,0.));
#3833=DIRECTION('',(-0.866025404,0.,-0.5));
#3834=AXIS2_PLACEMENT_3D('',#3831,#3832,#3833);
#3835=CIRCLE('',#3834,0.6);
#3836=EDGE_CURVE('',#3822,#3830,#3835,.T.);
#3837=ORIENTED_EDGE('',*,*,#3836,.T.);
#3838=CARTESIAN_POINT('',(34.701876887,-18.4,-22.905552009));
#3839=DIRECTION('',(-0.,1.,0.));
#3840=DIRECTION('',(-0.866025404,0.,-0.5));
#3841=AXIS2_PLACEMENT_3D('',#3838,#3839,#3840);
#3842=CIRCLE('',#3841,0.6);
#3843=EDGE_CURVE('',#3830,#3822,#3842,.T.);
#3844=ORIENTED_EDGE('',*,*,#3843,.T.);
#3845=ORIENTED_EDGE('',*,*,#3827,.F.);
#3846=ORIENTED_EDGE('',*,*,#3648,.T.);
#3847=ORIENTED_EDGE('',*,*,#3655,.T.);
#3848=EDGE_LOOP('',(#3828,#3837,#3844,#3845,#3846,#3847));
#3849=FACE_BOUND('',#3848,.T.);
#3850=ADVANCED_FACE('',(#3849),#3820,.T.);
#3851=CARTESIAN_POINT('',(35.593079419,-18.9,-24.449160073));
#3852=DIRECTION('',(-0.,1.,0.));
#3853=DIRECTION('',(0.866025404,0.,0.5));
#3854=AXIS2_PLACEMENT_3D('',#3851,#3852,#3853);
#3855=CYLINDRICAL_SURFACE('',#3854,0.6);
#3856=CARTESIAN_POINT('',(36.112694661,-18.4,-24.149160073));
#3857=VERTEX_POINT('',#3856);
#3858=CARTESIAN_POINT('',(36.112694661,-17.9,-24.149160073));
#3859=DIRECTION('',(-0.,-1.,-0.));
#3860=VECTOR('',#3859,0.5);
#3861=LINE('',#3858,#3860);
#3862=EDGE_CURVE('',#3620,#3857,#3861,.T.);
#3863=ORIENTED_EDGE('',*,*,#3862,.T.);
#3864=CARTESIAN_POINT('',(35.073464177,-18.4,-24.749160073));
#3865=VERTEX_POINT('',#3864);
#3866=CARTESIAN_POINT('',(35.593079419,-18.4,-24.449160073));
#3867=DIRECTION('',(-0.,1.,0.));
#3868=DIRECTION('',(-0.866025404,0.,-0.5));
#3869=AXIS2_PLACEMENT_3D('',#3866,#3867,#3868);
#3870=CIRCLE('',#3869,0.6);
#3871=EDGE_CURVE('',#3857,#3865,#3870,.T.);
#3872=ORIENTED_EDGE('',*,*,#3871,.T.);
#3873=CARTESIAN_POINT('',(35.593079419,-18.4,-24.449160073));
#3874=DIRECTION('',(-0.,1.,0.));
#3875=DIRECTION('',(-0.866025404,0.,-0.5));
#3876=AXIS2_PLACEMENT_3D('',#3873,#3874,#3875);
#3877=CIRCLE('',#3876,0.6);
#3878=EDGE_CURVE('',#3865,#3857,#3877,.T.);
#3879=ORIENTED_EDGE('',*,*,#3878,.T.);
#3880=ORIENTED_EDGE('',*,*,#3862,.F.);
#3881=ORIENTED_EDGE('',*,*,#3628,.T.);
#3882=ORIENTED_EDGE('',*,*,#3635,.T.);
#3883=EDGE_LOOP('',(#3863,#3872,#3879,#3880,#3881,#3882));
#3884=FACE_BOUND('',#3883,.T.);
#3885=ADVANCED_FACE('',(#3884),#3855,.T.);
#3886=CARTESIAN_POINT('',(36.484281951,-18.9,-25.992768138));
#3887=DIRECTION('',(-0.,1.,0.));
#3888=DIRECTION('',(0.866025404,0.,0.5));
#3889=AXIS2_PLACEMENT_3D('',#3886,#3887,#3888);
#3890=CYLINDRICAL_SURFACE('',#3889,0.6);
#3891=CARTESIAN_POINT('',(37.003897193,-18.4,-25.692768138));
#3892=VERTEX_POINT('',#3891);
#3893=CARTESIAN_POINT('',(37.003897193,-17.9,-25.692768138));
#3894=DIRECTION('',(-0.,-1.,-0.));
#3895=VECTOR('',#3894,0.5);
#3896=LINE('',#3893,#3895);
#3897=EDGE_CURVE('',#3600,#3892,#3896,.T.);
#3898=ORIENTED_EDGE('',*,*,#3897,.T.);
#3899=CARTESIAN_POINT('',(35.964666708,-18.4,-26.292768138));
#3900=VERTEX_POINT('',#3899);
#3901=CARTESIAN_POINT('',(36.484281951,-18.4,-25.992768138));
#3902=DIRECTION('',(-0.,1.,0.));
#3903=DIRECTION('',(-0.866025404,0.,-0.5));
#3904=AXIS2_PLACEMENT_3D('',#3901,#3902,#3903);
#3905=CIRCLE('',#3904,0.6);
#3906=EDGE_CURVE('',#3892,#3900,#3905,.T.);
#3907=ORIENTED_EDGE('',*,*,#3906,.T.);
#3908=CARTESIAN_POINT('',(36.484281951,-18.4,-25.992768138));
#3909=DIRECTION('',(-0.,1.,0.));
#3910=DIRECTION('',(-0.866025404,0.,-0.5));
#3911=AXIS2_PLACEMENT_3D('',#3908,#3909,#3910);
#3912=CIRCLE('',#3911,0.6);
#3913=EDGE_CURVE('',#3900,#3892,#3912,.T.);
#3914=ORIENTED_EDGE('',*,*,#3913,.T.);
#3915=ORIENTED_EDGE('',*,*,#3897,.F.);
#3916=ORIENTED_EDGE('',*,*,#3608,.T.);
#3917=ORIENTED_EDGE('',*,*,#3615,.T.);
#3918=EDGE_LOOP('',(#3898,#3907,#3914,#3915,#3916,#3917));
#3919=FACE_BOUND('',#3918,.T.);
#3920=ADVANCED_FACE('',(#3919),#3890,.T.);
#3921=CARTESIAN_POINT('',(9.07,-18.9,18.890161054));
#3922=DIRECTION('',(0.866025404,0.,0.5));
#3923=DIRECTION('',(0.5,0.,-0.866025404));
#3924=AXIS2_PLACEMENT_3D('',#3921,#3922,#3923);
#3925=PLANE('',#3924);
#3926=ORIENTED_EDGE('',*,*,#2285,.T.);
#3927=ORIENTED_EDGE('',*,*,#2351,.T.);
#3928=ORIENTED_EDGE('',*,*,#3595,.F.);
#3929=ORIENTED_EDGE('',*,*,#2220,.F.);
#3930=EDGE_LOOP('',(#3926,#3927,#3928,#3929));
#3931=FACE_BOUND('',#3930,.T.);
#3932=ADVANCED_FACE('',(#3931),#3925,.T.);
#3933=CARTESIAN_POINT('',(38.156776119,-17.9,-26.992977342));
#3934=DIRECTION('',(0.,-1.,-0.));
#3935=DIRECTION('',(-0.866025404,0.,-0.5));
#3936=AXIS2_PLACEMENT_3D('',#3933,#3934,#3935);
#3937=CYLINDRICAL_SURFACE('',#3936,0.351682165);
#3938=ORIENTED_EDGE('',*,*,#1606,.T.);
#3939=ORIENTED_EDGE('',*,*,#3735,.F.);
#3940=ORIENTED_EDGE('',*,*,#3511,.F.);
#3941=ORIENTED_EDGE('',*,*,#3751,.T.);
#3942=EDGE_LOOP('',(#3938,#3939,#3940,#3941));
#3943=FACE_BOUND('',#3942,.T.);
#3944=ADVANCED_FACE('',(#3943),#3937,.F.);
#3945=CARTESIAN_POINT('',(37.821085748,-17.9,-28.308180235));
#3946=DIRECTION('',(-0.866025404,0.,-0.5));
#3947=DIRECTION('',(-0.5,0.,0.866025404));
#3948=AXIS2_PLACEMENT_3D('',#3945,#3946,#3947);
#3949=PLANE('',#3948);
#3950=CARTESIAN_POINT('',(37.817072526,-17.9,-28.30122913));
#3951=DIRECTION('',(0.,-1.,0.));
#3952=VECTOR('',#3951,0.36487525);
#3953=LINE('',#3950,#3952);
#3954=EDGE_CURVE('',#3479,#1518,#3953,.T.);
#3955=ORIENTED_EDGE('',*,*,#3954,.F.);
#3956=ORIENTED_EDGE('',*,*,#3484,.T.);
#3957=CARTESIAN_POINT('',(37.825098971,-18.260238949,-28.31513134));
#3958=DIRECTION('',(-0.,1.,-0.));
#3959=VECTOR('',#3958,0.360238949);
#3960=LINE('',#3957,#3959);
#3961=EDGE_CURVE('',#1530,#3470,#3960,.T.);
#3962=ORIENTED_EDGE('',*,*,#3961,.F.);
#3963=ORIENTED_EDGE('',*,*,#1536,.F.);
#3964=EDGE_LOOP('',(#3955,#3956,#3962,#3963));
#3965=FACE_BOUND('',#3964,.T.);
#3966=ADVANCED_FACE('',(#3965),#3949,.T.);
#3967=CARTESIAN_POINT('',(33.691210822,-17.9,-19.260043271));
#3968=DIRECTION('',(0.,-1.,-0.));
#3969=DIRECTION('',(-0.866025404,0.,-0.5));
#3970=AXIS2_PLACEMENT_3D('',#3967,#3968,#3969);
#3971=CYLINDRICAL_SURFACE('',#3970,0.352508119);
#3972=CARTESIAN_POINT('',(33.385929836,-18.4,-19.436297331));
#3973=DIRECTION('',(-0.,1.,-0.));
#3974=VECTOR('',#3973,0.5);
#3975=LINE('',#3972,#3974);
#3976=EDGE_CURVE('',#1637,#3522,#3975,.T.);
#3977=ORIENTED_EDGE('',*,*,#3976,.F.);
#3978=ORIENTED_EDGE('',*,*,#1643,.T.);
#3979=CARTESIAN_POINT('',(33.405602482,-17.9,-19.466658494));
#3980=DIRECTION('',(0.,-1.,0.));
#3981=VECTOR('',#3980,0.5);
#3982=LINE('',#3979,#3981);
#3983=EDGE_CURVE('',#3531,#1628,#3982,.T.);
#3984=ORIENTED_EDGE('',*,*,#3983,.F.);
#3985=ORIENTED_EDGE('',*,*,#3537,.F.);
#3986=EDGE_LOOP('',(#3977,#3978,#3984,#3985));
#3987=FACE_BOUND('',#3986,.T.);
#3988=ADVANCED_FACE('',(#3987),#3971,.F.);
#3989=CARTESIAN_POINT('',(32.473870558,-17.9,-19.046531847));
#3990=DIRECTION('',(-0.866025404,0.,-0.5));
#3991=DIRECTION('',(-0.5,0.,0.866025404));
#3992=AXIS2_PLACEMENT_3D('',#3989,#3990,#3991);
#3993=PLANE('',#3992);
#3994=CARTESIAN_POINT('',(32.469857336,-17.9,-19.039580742));
#3995=DIRECTION('',(0.,-1.,0.));
#3996=VECTOR('',#3995,0.406968271);
#3997=LINE('',#3994,#3996);
#3998=EDGE_CURVE('',#3567,#1721,#3997,.T.);
#3999=ORIENTED_EDGE('',*,*,#3998,.F.);
#4000=ORIENTED_EDGE('',*,*,#3572,.T.);
#4001=CARTESIAN_POINT('',(32.477883781,-18.31070538,-19.053482952));
#4002=DIRECTION('',(-0.,1.,-0.));
#4003=VECTOR('',#4002,0.41070538);
#4004=LINE('',#4001,#4003);
#4005=EDGE_CURVE('',#1733,#3558,#4004,.T.);
#4006=ORIENTED_EDGE('',*,*,#4005,.F.);
#4007=ORIENTED_EDGE('',*,*,#1739,.F.);
#4008=EDGE_LOOP('',(#3999,#4000,#4006,#4007));
#4009=FACE_BOUND('',#4008,.T.);
#4010=ADVANCED_FACE('',(#4009),#3993,.T.);
#4011=CARTESIAN_POINT('',(32.174774889,-18.9,-19.228482952));
#4012=DIRECTION('',(-0.,1.,0.));
#4013=DIRECTION('',(0.866025404,0.,0.5));
#4014=AXIS2_PLACEMENT_3D('',#4011,#4012,#4013);
#4015=CYLINDRICAL_SURFACE('',#4014,0.35);
#4016=ORIENTED_EDGE('',*,*,#1751,.T.);
#4017=ORIENTED_EDGE('',*,*,#4005,.T.);
#4018=ORIENTED_EDGE('',*,*,#3564,.T.);
#4019=ORIENTED_EDGE('',*,*,#3713,.T.);
#4020=EDGE_LOOP('',(#4016,#4017,#4018,#4019));
#4021=FACE_BOUND('',#4020,.T.);
#4022=ADVANCED_FACE('',(#4021),#4015,.F.);
#4023=CARTESIAN_POINT('',(37.521990079,-18.9,-28.49013134));
#4024=DIRECTION('',(-0.,1.,0.));
#4025=DIRECTION('',(0.866025404,0.,0.5));
#4026=AXIS2_PLACEMENT_3D('',#4023,#4024,#4025);
#4027=CYLINDRICAL_SURFACE('',#4026,0.35);
#4028=ORIENTED_EDGE('',*,*,#1548,.T.);
#4029=ORIENTED_EDGE('',*,*,#3961,.T.);
#4030=ORIENTED_EDGE('',*,*,#3476,.T.);
#4031=ORIENTED_EDGE('',*,*,#3775,.T.);
#4032=EDGE_LOOP('',(#4028,#4029,#4030,#4031));
#4033=FACE_BOUND('',#4032,.T.);
#4034=ADVANCED_FACE('',(#4033),#4027,.F.);
#4035=CARTESIAN_POINT('',(32.166748444,-18.9,-19.214580742));
#4036=DIRECTION('',(-0.,1.,0.));
#4037=DIRECTION('',(0.866025404,0.,0.5));
#4038=AXIS2_PLACEMENT_3D('',#4035,#4036,#4037);
#4039=CYLINDRICAL_SURFACE('',#4038,0.35);
#4040=ORIENTED_EDGE('',*,*,#1730,.T.);
#4041=ORIENTED_EDGE('',*,*,#3691,.T.);
#4042=ORIENTED_EDGE('',*,*,#3581,.T.);
#4043=ORIENTED_EDGE('',*,*,#3998,.T.);
#4044=EDGE_LOOP('',(#4040,#4041,#4042,#4043));
#4045=FACE_BOUND('',#4044,.T.);
#4046=ADVANCED_FACE('',(#4045),#4039,.F.);
#4047=CARTESIAN_POINT('',(37.513963634,-18.9,-28.47622913));
#4048=DIRECTION('',(-0.,1.,0.));
#4049=DIRECTION('',(0.866025404,0.,0.5));
#4050=AXIS2_PLACEMENT_3D('',#4047,#4048,#4049);
#4051=CYLINDRICAL_SURFACE('',#4050,0.35);
#4052=ORIENTED_EDGE('',*,*,#1527,.T.);
#4053=ORIENTED_EDGE('',*,*,#3758,.T.);
#4054=ORIENTED_EDGE('',*,*,#3493,.T.);
#4055=ORIENTED_EDGE('',*,*,#3954,.T.);
#4056=EDGE_LOOP('',(#4052,#4053,#4054,#4055));
#4057=FACE_BOUND('',#4056,.T.);
#4058=ADVANCED_FACE('',(#4057),#4051,.F.);
#4059=CARTESIAN_POINT('',(37.096674262,-18.4,-22.449462736));
#4060=DIRECTION('',(0.,-1.,0.));
#4061=DIRECTION('',(-0.866025404,0.,-0.5));
#4062=AXIS2_PLACEMENT_3D('',#4059,#4060,#4061);
#4063=PLANE('',#4062);
#4064=ORIENTED_EDGE('',*,*,#3906,.F.);
#4065=ORIENTED_EDGE('',*,*,#3913,.F.);
#4066=EDGE_LOOP('',(#4064,#4065));
#4067=FACE_BOUND('',#4066,.T.);
#4068=ADVANCED_FACE('',(#4067),#4063,.T.);
#4069=CARTESIAN_POINT('',(37.096674262,-18.4,-22.449462736));
#4070=DIRECTION('',(0.,-1.,0.));
#4071=DIRECTION('',(-0.866025404,0.,-0.5));
#4072=AXIS2_PLACEMENT_3D('',#4069,#4070,#4071);
#4073=PLANE('',#4072);
#4074=ORIENTED_EDGE('',*,*,#3871,.F.);
#4075=ORIENTED_EDGE('',*,*,#3878,.F.);
#4076=EDGE_LOOP('',(#4074,#4075));
#4077=FACE_BOUND('',#4076,.T.);
#4078=ADVANCED_FACE('',(#4077),#4073,.T.);
#4079=CARTESIAN_POINT('',(37.096674262,-18.4,-22.449462736));
#4080=DIRECTION('',(0.,-1.,0.));
#4081=DIRECTION('',(-0.866025404,0.,-0.5));
#4082=AXIS2_PLACEMENT_3D('',#4079,#4080,#4081);
#4083=PLANE('',#4082);
#4084=ORIENTED_EDGE('',*,*,#3836,.F.);
#4085=ORIENTED_EDGE('',*,*,#3843,.F.);
#4086=EDGE_LOOP('',(#4084,#4085));
#4087=FACE_BOUND('',#4086,.T.);
#4088=ADVANCED_FACE('',(#4087),#4083,.T.);
#4089=CARTESIAN_POINT('',(37.096674262,-18.4,-22.449462736));
#4090=DIRECTION('',(0.,-1.,0.));
#4091=DIRECTION('',(-0.866025404,0.,-0.5));
#4092=AXIS2_PLACEMENT_3D('',#4089,#4090,#4091);
#4093=PLANE('',#4092);
#4094=ORIENTED_EDGE('',*,*,#3801,.F.);
#4095=ORIENTED_EDGE('',*,*,#3808,.F.);
#4096=EDGE_LOOP('',(#4094,#4095));
#4097=FACE_BOUND('',#4096,.T.);
#4098=ADVANCED_FACE('',(#4097),#4093,.T.);
#4099=CARTESIAN_POINT('',(11.835640646,17.9,17.299930939));
#4100=DIRECTION('',(0.,-1.,0.));
#4101=DIRECTION('',(0.5,0.,-0.866025404));
#4102=AXIS2_PLACEMENT_3D('',#4099,#4100,#4101);
#4103=PLANE('',#4102);
#4104=ORIENTED_EDGE('',*,*,#1958,.T.);
#4105=CARTESIAN_POINT('',(32.115729809,17.9,-18.868319137));
#4106=VERTEX_POINT('',#4105);
#4107=CARTESIAN_POINT('',(32.028269292,17.9,-18.274727815));
#4108=DIRECTION('',(0.,-1.,-0.));
#4109=DIRECTION('',(-0.866025404,0.,-0.5));
#4110=AXIS2_PLACEMENT_3D('',#4107,#4108,#4109);
#4111=CIRCLE('',#4110,0.6);
#4112=EDGE_CURVE('',#1935,#4106,#4111,.T.);
#4113=ORIENTED_EDGE('',*,*,#4112,.T.);
#4114=CARTESIAN_POINT('',(32.469857336,17.9,-19.039580742));
#4115=VERTEX_POINT('',#4114);
#4116=CARTESIAN_POINT('',(32.166748444,17.9,-19.214580742));
#4117=DIRECTION('',(-0.,1.,0.));
#4118=DIRECTION('',(0.866025404,0.,0.5));
#4119=AXIS2_PLACEMENT_3D('',#4116,#4117,#4118);
#4120=CIRCLE('',#4119,0.35);
#4121=EDGE_CURVE('',#4106,#4115,#4120,.T.);
#4122=ORIENTED_EDGE('',*,*,#4121,.T.);
#4123=CARTESIAN_POINT('',(32.477883781,17.9,-19.053482952));
#4124=VERTEX_POINT('',#4123);
#4125=CARTESIAN_POINT('',(32.469857336,17.9,-19.039580742));
#4126=DIRECTION('',(0.5,0.,-0.866025404));
#4127=VECTOR('',#4126,0.01605289);
#4128=LINE('',#4125,#4127);
#4129=EDGE_CURVE('',#4115,#4124,#4128,.T.);
#4130=ORIENTED_EDGE('',*,*,#4129,.T.);
#4131=CARTESIAN_POINT('',(32.449136918,17.9,-19.445797189));
#4132=VERTEX_POINT('',#4131);
#4133=CARTESIAN_POINT('',(32.174774889,17.9,-19.228482952));
#4134=DIRECTION('',(-0.,1.,0.));
#4135=DIRECTION('',(0.866025404,0.,0.5));
#4136=AXIS2_PLACEMENT_3D('',#4133,#4134,#4135);
#4137=CIRCLE('',#4136,0.35);
#4138=EDGE_CURVE('',#4124,#4132,#4137,.T.);
#4139=ORIENTED_EDGE('',*,*,#4138,.T.);
#4140=CARTESIAN_POINT('',(33.439087066,17.9,-19.518335879));
#4141=VERTEX_POINT('',#4140);
#4142=CARTESIAN_POINT('',(32.919471824,17.9,-19.818335879));
#4143=DIRECTION('',(0.,-1.,-0.));
#4144=DIRECTION('',(-0.866025404,0.,-0.5));
#4145=AXIS2_PLACEMENT_3D('',#4142,#4143,#4144);
#4146=CIRCLE('',#4145,0.6);
#4147=EDGE_CURVE('',#4132,#4141,#4146,.T.);
#4148=ORIENTED_EDGE('',*,*,#4147,.T.);
#4149=CARTESIAN_POINT('',(33.405602482,17.9,-19.466658494));
#4150=VERTEX_POINT('',#4149);
#4151=CARTESIAN_POINT('',(32.919471824,17.9,-19.818335879));
#4152=DIRECTION('',(0.,-1.,-0.));
#4153=DIRECTION('',(-0.866025404,0.,-0.5));
#4154=AXIS2_PLACEMENT_3D('',#4151,#4152,#4153);
#4155=CIRCLE('',#4154,0.6);
#4156=EDGE_CURVE('',#4141,#4150,#4155,.T.);
#4157=ORIENTED_EDGE('',*,*,#4156,.T.);
#4158=CARTESIAN_POINT('',(33.385929836,17.9,-19.436297331));
#4159=VERTEX_POINT('',#4158);
#4160=CARTESIAN_POINT('',(33.691210822,17.9,-19.260043271));
#4161=DIRECTION('',(0.,-1.,-0.));
#4162=DIRECTION('',(-0.866025404,0.,-0.5));
#4163=AXIS2_PLACEMENT_3D('',#4160,#4161,#4162);
#4164=CIRCLE('',#4163,0.352508119);
#4165=EDGE_CURVE('',#4159,#4150,#4164,.T.);
#4166=ORIENTED_EDGE('',*,*,#4165,.F.);
#4167=CARTESIAN_POINT('',(33.996491808,17.9,-19.083789212));
#4168=VERTEX_POINT('',#4167);
#4169=CARTESIAN_POINT('',(33.691210822,17.9,-19.260043271));
#4170=DIRECTION('',(0.,-1.,-0.));
#4171=DIRECTION('',(-0.866025404,0.,-0.5));
#4172=AXIS2_PLACEMENT_3D('',#4169,#4170,#4171);
#4173=CIRCLE('',#4172,0.352508119);
#4174=EDGE_CURVE('',#4168,#4159,#4173,.T.);
#4175=ORIENTED_EDGE('',*,*,#4174,.F.);
#4176=CARTESIAN_POINT('',(38.461341808,17.9,-26.81713626));
#4177=VERTEX_POINT('',#4176);
#4178=CARTESIAN_POINT('',(38.461341808,17.9,-26.81713626));
#4179=DIRECTION('',(-0.5,0.,0.866025404));
#4180=VECTOR('',#4179,8.9297);
#4181=LINE('',#4178,#4180);
#4182=EDGE_CURVE('',#4177,#4168,#4181,.T.);
#4183=ORIENTED_EDGE('',*,*,#4182,.F.);
#4184=CARTESIAN_POINT('',(37.868059629,17.9,-27.193783551));
#4185=VERTEX_POINT('',#4184);
#4186=CARTESIAN_POINT('',(38.156776119,17.9,-26.992977342));
#4187=DIRECTION('',(0.,-1.,-0.));
#4188=DIRECTION('',(-0.866025404,0.,-0.5));
#4189=AXIS2_PLACEMENT_3D('',#4186,#4187,#4188);
#4190=CIRCLE('',#4189,0.351682165);
#4191=EDGE_CURVE('',#4185,#4177,#4190,.T.);
#4192=ORIENTED_EDGE('',*,*,#4191,.F.);
#4193=CARTESIAN_POINT('',(37.462944999,17.9,-28.129967525));
#4194=VERTEX_POINT('',#4193);
#4195=CARTESIAN_POINT('',(37.375484482,17.9,-27.536376203));
#4196=DIRECTION('',(0.,-1.,-0.));
#4197=DIRECTION('',(-0.866025404,0.,-0.5));
#4198=AXIS2_PLACEMENT_3D('',#4195,#4196,#4197);
#4199=CIRCLE('',#4198,0.6);
#4200=EDGE_CURVE('',#4185,#4194,#4199,.T.);
#4201=ORIENTED_EDGE('',*,*,#4200,.T.);
#4202=CARTESIAN_POINT('',(37.817072526,17.9,-28.30122913));
#4203=VERTEX_POINT('',#4202);
#4204=CARTESIAN_POINT('',(37.513963634,17.9,-28.47622913));
#4205=DIRECTION('',(-0.,1.,0.));
#4206=DIRECTION('',(0.866025404,0.,0.5));
#4207=AXIS2_PLACEMENT_3D('',#4204,#4205,#4206);
#4208=CIRCLE('',#4207,0.35);
#4209=EDGE_CURVE('',#4194,#4203,#4208,.T.);
#4210=ORIENTED_EDGE('',*,*,#4209,.T.);
#4211=CARTESIAN_POINT('',(37.825098971,17.9,-28.31513134));
#4212=VERTEX_POINT('',#4211);
#4213=CARTESIAN_POINT('',(37.817072526,17.9,-28.30122913));
#4214=DIRECTION('',(0.5,0.,-0.866025404));
#4215=VECTOR('',#4214,0.01605289);
#4216=LINE('',#4213,#4215);
#4217=EDGE_CURVE('',#4203,#4212,#4216,.T.);
#4218=ORIENTED_EDGE('',*,*,#4217,.T.);
#4219=CARTESIAN_POINT('',(37.796352108,17.9,-28.707445576));
#4220=VERTEX_POINT('',#4219);
#4221=CARTESIAN_POINT('',(37.521990079,17.9,-28.49013134));
#4222=DIRECTION('',(-0.,1.,0.));
#4223=DIRECTION('',(0.866025404,0.,0.5));
#4224=AXIS2_PLACEMENT_3D('',#4221,#4222,#4223);
#4225=CIRCLE('',#4224,0.35);
#4226=EDGE_CURVE('',#4212,#4220,#4225,.T.);
#4227=ORIENTED_EDGE('',*,*,#4226,.T.);
#4228=CARTESIAN_POINT('',(38.266687014,17.9,-29.079984267));
#4229=DIRECTION('',(0.,-1.,-0.));
#4230=DIRECTION('',(-0.866025404,0.,-0.5));
#4231=AXIS2_PLACEMENT_3D('',#4228,#4229,#4230);
#4232=CIRCLE('',#4231,0.6);
#4233=EDGE_CURVE('',#4220,#2090,#4232,.T.);
#4234=ORIENTED_EDGE('',*,*,#4233,.T.);
#4235=ORIENTED_EDGE('',*,*,#2095,.T.);
#4236=CARTESIAN_POINT('',(30.843437939,17.9,-18.822539712));
#4237=DIRECTION('',(0.5,0.,-0.866025404));
#4238=VECTOR('',#4237,12.535251275);
#4239=LINE('',#4236,#4238);
#4240=EDGE_CURVE('',#1953,#2081,#4239,.T.);
#4241=ORIENTED_EDGE('',*,*,#4240,.F.);
#4242=EDGE_LOOP('',(#4104,#4113,#4122,#4130,#4139,#4148,#4157,#4166,#4175,#4183,#4192,#4201,#4210,#4218,#4227,#4234,#4235,#4241));
#4243=FACE_BOUND('',#4242,.T.);
#4244=CARTESIAN_POINT('',(35.964666708,17.9,-26.292768138));
#4245=VERTEX_POINT('',#4244);
#4246=CARTESIAN_POINT('',(37.003897193,17.9,-25.692768138));
#4247=VERTEX_POINT('',#4246);
#4248=CARTESIAN_POINT('',(36.484281951,17.9,-25.992768138));
#4249=DIRECTION('',(0.,-1.,-0.));
#4250=DIRECTION('',(-0.866025404,0.,-0.5));
#4251=AXIS2_PLACEMENT_3D('',#4248,#4249,#4250);
#4252=CIRCLE('',#4251,0.6);
#4253=EDGE_CURVE('',#4245,#4247,#4252,.T.);
#4254=ORIENTED_EDGE('',*,*,#4253,.T.);
#4255=CARTESIAN_POINT('',(36.484281951,17.9,-25.992768138));
#4256=DIRECTION('',(0.,-1.,-0.));
#4257=DIRECTION('',(-0.866025404,0.,-0.5));
#4258=AXIS2_PLACEMENT_3D('',#4255,#4256,#4257);
#4259=CIRCLE('',#4258,0.6);
#4260=EDGE_CURVE('',#4247,#4245,#4259,.T.);
#4261=ORIENTED_EDGE('',*,*,#4260,.T.);
#4262=EDGE_LOOP('',(#4254,#4261));
#4263=FACE_BOUND('',#4262,.T.);
#4264=CARTESIAN_POINT('',(35.073464177,17.9,-24.749160073));
#4265=VERTEX_POINT('',#4264);
#4266=CARTESIAN_POINT('',(36.112694661,17.9,-24.149160073));
#4267=VERTEX_POINT('',#4266);
#4268=CARTESIAN_POINT('',(35.593079419,17.9,-24.449160073));
#4269=DIRECTION('',(0.,-1.,-0.));
#4270=DIRECTION('',(-0.866025404,0.,-0.5));
#4271=AXIS2_PLACEMENT_3D('',#4268,#4269,#4270);
#4272=CIRCLE('',#4271,0.6);
#4273=EDGE_CURVE('',#4265,#4267,#4272,.T.);
#4274=ORIENTED_EDGE('',*,*,#4273,.T.);
#4275=CARTESIAN_POINT('',(35.593079419,17.9,-24.449160073));
#4276=DIRECTION('',(0.,-1.,-0.));
#4277=DIRECTION('',(-0.866025404,0.,-0.5));
#4278=AXIS2_PLACEMENT_3D('',#4275,#4276,#4277);
#4279=CIRCLE('',#4278,0.6);
#4280=EDGE_CURVE('',#4267,#4265,#4279,.T.);
#4281=ORIENTED_EDGE('',*,*,#4280,.T.);
#4282=EDGE_LOOP('',(#4274,#4281));
#4283=FACE_BOUND('',#4282,.T.);
#4284=CARTESIAN_POINT('',(34.182261645,17.9,-23.205552009));
#4285=VERTEX_POINT('',#4284);
#4286=CARTESIAN_POINT('',(35.22149213,17.9,-22.605552009));
#4287=VERTEX_POINT('',#4286);
#4288=CARTESIAN_POINT('',(34.701876887,17.9,-22.905552009));
#4289=DIRECTION('',(0.,-1.,-0.));
#4290=DIRECTION('',(-0.866025404,0.,-0.5));
#4291=AXIS2_PLACEMENT_3D('',#4288,#4289,#4290);
#4292=CIRCLE('',#4291,0.6);
#4293=EDGE_CURVE('',#4285,#4287,#4292,.T.);
#4294=ORIENTED_EDGE('',*,*,#4293,.T.);
#4295=CARTESIAN_POINT('',(34.701876887,17.9,-22.905552009));
#4296=DIRECTION('',(0.,-1.,-0.));
#4297=DIRECTION('',(-0.866025404,0.,-0.5));
#4298=AXIS2_PLACEMENT_3D('',#4295,#4296,#4297);
#4299=CIRCLE('',#4298,0.6);
#4300=EDGE_CURVE('',#4287,#4285,#4299,.T.);
#4301=ORIENTED_EDGE('',*,*,#4300,.T.);
#4302=EDGE_LOOP('',(#4294,#4301));
#4303=FACE_BOUND('',#4302,.T.);
#4304=CARTESIAN_POINT('',(33.291059113,17.9,-21.661943944));
#4305=VERTEX_POINT('',#4304);
#4306=CARTESIAN_POINT('',(34.330289598,17.9,-21.061943944));
#4307=VERTEX_POINT('',#4306);
#4308=CARTESIAN_POINT('',(33.810674356,17.9,-21.361943944));
#4309=DIRECTION('',(0.,-1.,-0.));
#4310=DIRECTION('',(-0.866025404,0.,-0.5));
#4311=AXIS2_PLACEMENT_3D('',#4308,#4309,#4310);
#4312=CIRCLE('',#4311,0.6);
#4313=EDGE_CURVE('',#4305,#4307,#4312,.T.);
#4314=ORIENTED_EDGE('',*,*,#4313,.T.);
#4315=CARTESIAN_POINT('',(33.810674356,17.9,-21.361943944));
#4316=DIRECTION('',(0.,-1.,-0.));
#4317=DIRECTION('',(-0.866025404,0.,-0.5));
#4318=AXIS2_PLACEMENT_3D('',#4315,#4316,#4317);
#4319=CIRCLE('',#4318,0.6);
#4320=EDGE_CURVE('',#4307,#4305,#4319,.T.);
#4321=ORIENTED_EDGE('',*,*,#4320,.T.);
#4322=EDGE_LOOP('',(#4314,#4321));
#4323=FACE_BOUND('',#4322,.T.);
#4324=ADVANCED_FACE('',(#4243,#4263,#4283,#4303,#4323),#4103,.F.);
#4325=CARTESIAN_POINT('',(32.028269292,18.9,-18.274727815));
#4326=DIRECTION('',(0.,-1.,0.));
#4327=DIRECTION('',(0.866025404,0.,0.5));
#4328=AXIS2_PLACEMENT_3D('',#4325,#4326,#4327);
#4329=CYLINDRICAL_SURFACE('',#4328,0.6);
#4330=ORIENTED_EDGE('',*,*,#1950,.T.);
#4331=CARTESIAN_POINT('',(32.115729809,18.213594432,-18.868319137));
#4332=DIRECTION('',(0.,-1.,0.));
#4333=VECTOR('',#4332,0.313594432);
#4334=LINE('',#4331,#4333);
#4335=EDGE_CURVE('',#1923,#4106,#4334,.T.);
#4336=ORIENTED_EDGE('',*,*,#4335,.T.);
#4337=ORIENTED_EDGE('',*,*,#4112,.F.);
#4338=EDGE_LOOP('',(#4330,#4336,#4337));
#4339=FACE_BOUND('',#4338,.T.);
#4340=ADVANCED_FACE('',(#4339),#4329,.T.);
#4341=CARTESIAN_POINT('',(32.919471824,18.9,-19.818335879));
#4342=DIRECTION('',(0.,-1.,0.));
#4343=DIRECTION('',(0.866025404,0.,0.5));
#4344=AXIS2_PLACEMENT_3D('',#4341,#4342,#4343);
#4345=CYLINDRICAL_SURFACE('',#4344,0.6);
#4346=CARTESIAN_POINT('',(33.439087066,17.9,-19.518335879));
#4347=DIRECTION('',(-0.,1.,-0.));
#4348=VECTOR('',#4347,0.5);
#4349=LINE('',#4346,#4348);
#4350=EDGE_CURVE('',#4141,#2020,#4349,.T.);
#4351=ORIENTED_EDGE('',*,*,#4350,.T.);
#4352=ORIENTED_EDGE('',*,*,#2028,.T.);
#4353=CARTESIAN_POINT('',(33.405602482,17.9,-19.466658494));
#4354=DIRECTION('',(0.,1.,0.));
#4355=VECTOR('',#4354,0.5);
#4356=LINE('',#4353,#4355);
#4357=EDGE_CURVE('',#4150,#2022,#4356,.T.);
#4358=ORIENTED_EDGE('',*,*,#4357,.F.);
#4359=ORIENTED_EDGE('',*,*,#4156,.F.);
#4360=EDGE_LOOP('',(#4351,#4352,#4358,#4359));
#4361=FACE_BOUND('',#4360,.T.);
#4362=ADVANCED_FACE('',(#4361),#4345,.T.);
#4363=CARTESIAN_POINT('',(12.11287855,18.9,18.819740804));
#4364=DIRECTION('',(-0.866025404,0.,-0.5));
#4365=DIRECTION('',(-0.5,0.,0.866025404));
#4366=AXIS2_PLACEMENT_3D('',#4363,#4364,#4365);
#4367=PLANE('',#4366);
#4368=CARTESIAN_POINT('',(38.461341808,17.9,-26.81713626));
#4369=DIRECTION('',(0.,1.,0.));
#4370=VECTOR('',#4369,0.5);
#4371=LINE('',#4368,#4370);
#4372=EDGE_CURVE('',#4177,#1423,#4371,.T.);
#4373=ORIENTED_EDGE('',*,*,#4372,.F.);
#4374=ORIENTED_EDGE('',*,*,#4182,.T.);
#4375=CARTESIAN_POINT('',(33.996491808,17.9,-19.083789212));
#4376=DIRECTION('',(0.,1.,0.));
#4377=VECTOR('',#4376,0.5);
#4378=LINE('',#4375,#4377);
#4379=EDGE_CURVE('',#4168,#1371,#4378,.T.);
#4380=ORIENTED_EDGE('',*,*,#4379,.T.);
#4381=ORIENTED_EDGE('',*,*,#1435,.T.);
#4382=EDGE_LOOP('',(#4373,#4374,#4380,#4381));
#4383=FACE_BOUND('',#4382,.T.);
#4384=ADVANCED_FACE('',(#4383),#4367,.T.);
#4385=CARTESIAN_POINT('',(37.375484482,18.9,-27.536376203));
#4386=DIRECTION('',(0.,-1.,0.));
#4387=DIRECTION('',(0.866025404,0.,0.5));
#4388=AXIS2_PLACEMENT_3D('',#4385,#4386,#4387);
#4389=CYLINDRICAL_SURFACE('',#4388,0.6);
#4390=ORIENTED_EDGE('',*,*,#2150,.T.);
#4391=CARTESIAN_POINT('',(37.462944999,18.341406543,-28.129967525));
#4392=DIRECTION('',(0.,-1.,0.));
#4393=VECTOR('',#4392,0.441406543);
#4394=LINE('',#4391,#4393);
#4395=EDGE_CURVE('',#2131,#4194,#4394,.T.);
#4396=ORIENTED_EDGE('',*,*,#4395,.T.);
#4397=ORIENTED_EDGE('',*,*,#4200,.F.);
#4398=CARTESIAN_POINT('',(37.868059629,17.9,-27.193783551));
#4399=DIRECTION('',(0.,1.,0.));
#4400=VECTOR('',#4399,0.499875296);
#4401=LINE('',#4398,#4400);
#4402=EDGE_CURVE('',#4185,#2054,#4401,.T.);
#4403=ORIENTED_EDGE('',*,*,#4402,.T.);
#4404=ORIENTED_EDGE('',*,*,#2060,.T.);
#4405=ORIENTED_EDGE('',*,*,#671,.T.);
#4406=EDGE_LOOP('',(#4390,#4396,#4397,#4403,#4404,#4405));
#4407=FACE_BOUND('',#4406,.T.);
#4408=ADVANCED_FACE('',(#4407),#4389,.T.);
#4409=CARTESIAN_POINT('',(38.266687014,18.9,-29.079984267));
#4410=DIRECTION('',(0.,-1.,0.));
#4411=DIRECTION('',(0.866025404,0.,0.5));
#4412=AXIS2_PLACEMENT_3D('',#4409,#4410,#4411);
#4413=CYLINDRICAL_SURFACE('',#4412,0.6);
#4414=ORIENTED_EDGE('',*,*,#2107,.T.);
#4415=ORIENTED_EDGE('',*,*,#4233,.F.);
#4416=CARTESIAN_POINT('',(37.796352108,17.9,-28.707445576));
#4417=DIRECTION('',(-0.,1.,-0.));
#4418=VECTOR('',#4417,0.247787015);
#4419=LINE('',#4416,#4418);
#4420=EDGE_CURVE('',#4220,#2098,#4419,.T.);
#4421=ORIENTED_EDGE('',*,*,#4420,.T.);
#4422=EDGE_LOOP('',(#4414,#4415,#4421));
#4423=FACE_BOUND('',#4422,.T.);
#4424=ADVANCED_FACE('',(#4423),#4413,.T.);
#4425=CARTESIAN_POINT('',(33.810674356,18.9,-21.361943944));
#4426=DIRECTION('',(0.,-1.,0.));
#4427=DIRECTION('',(0.866025404,0.,0.5));
#4428=AXIS2_PLACEMENT_3D('',#4425,#4426,#4427);
#4429=CYLINDRICAL_SURFACE('',#4428,0.6);
#4430=CARTESIAN_POINT('',(34.330289598,18.4,-21.061943944));
#4431=VERTEX_POINT('',#4430);
#4432=CARTESIAN_POINT('',(34.330289598,17.9,-21.061943944));
#4433=DIRECTION('',(-0.,1.,-0.));
#4434=VECTOR('',#4433,0.5);
#4435=LINE('',#4432,#4434);
#4436=EDGE_CURVE('',#4307,#4431,#4435,.T.);
#4437=ORIENTED_EDGE('',*,*,#4436,.T.);
#4438=CARTESIAN_POINT('',(33.510674356,18.4,-20.842328702));
#4439=VERTEX_POINT('',#4438);
#4440=CARTESIAN_POINT('',(33.810674356,18.4,-21.361943944));
#4441=DIRECTION('',(0.,-1.,-0.));
#4442=DIRECTION('',(-0.5,-0.,0.866025404));
#4443=AXIS2_PLACEMENT_3D('',#4440,#4441,#4442);
#4444=CIRCLE('',#4443,0.6);
#4445=EDGE_CURVE('',#4431,#4439,#4444,.T.);
#4446=ORIENTED_EDGE('',*,*,#4445,.T.);
#4447=CARTESIAN_POINT('',(33.810674356,18.4,-21.361943944));
#4448=DIRECTION('',(0.,-1.,-0.));
#4449=DIRECTION('',(-0.5,-0.,0.866025404));
#4450=AXIS2_PLACEMENT_3D('',#4447,#4448,#4449);
#4451=CIRCLE('',#4450,0.6);
#4452=EDGE_CURVE('',#4439,#4431,#4451,.T.);
#4453=ORIENTED_EDGE('',*,*,#4452,.T.);
#4454=ORIENTED_EDGE('',*,*,#4436,.F.);
#4455=ORIENTED_EDGE('',*,*,#4313,.F.);
#4456=ORIENTED_EDGE('',*,*,#4320,.F.);
#4457=EDGE_LOOP('',(#4437,#4446,#4453,#4454,#4455,#4456));
#4458=FACE_BOUND('',#4457,.T.);
#4459=ADVANCED_FACE('',(#4458),#4429,.T.);
#4460=CARTESIAN_POINT('',(34.701876887,18.9,-22.905552009));
#4461=DIRECTION('',(0.,-1.,0.));
#4462=DIRECTION('',(0.866025404,0.,0.5));
#4463=AXIS2_PLACEMENT_3D('',#4460,#4461,#4462);
#4464=CYLINDRICAL_SURFACE('',#4463,0.6);
#4465=CARTESIAN_POINT('',(35.22149213,18.4,-22.605552009));
#4466=VERTEX_POINT('',#4465);
#4467=CARTESIAN_POINT('',(35.22149213,17.9,-22.605552009));
#4468=DIRECTION('',(-0.,1.,-0.));
#4469=VECTOR('',#4468,0.5);
#4470=LINE('',#4467,#4469);
#4471=EDGE_CURVE('',#4287,#4466,#4470,.T.);
#4472=ORIENTED_EDGE('',*,*,#4471,.T.);
#4473=CARTESIAN_POINT('',(34.401876887,18.4,-22.385936766));
#4474=VERTEX_POINT('',#4473);
#4475=CARTESIAN_POINT('',(34.701876887,18.4,-22.905552009));
#4476=DIRECTION('',(0.,-1.,-0.));
#4477=DIRECTION('',(-0.5,-0.,0.866025404));
#4478=AXIS2_PLACEMENT_3D('',#4475,#4476,#4477);
#4479=CIRCLE('',#4478,0.6);
#4480=EDGE_CURVE('',#4466,#4474,#4479,.T.);
#4481=ORIENTED_EDGE('',*,*,#4480,.T.);
#4482=CARTESIAN_POINT('',(34.701876887,18.4,-22.905552009));
#4483=DIRECTION('',(0.,-1.,-0.));
#4484=DIRECTION('',(-0.5,-0.,0.866025404));
#4485=AXIS2_PLACEMENT_3D('',#4482,#4483,#4484);
#4486=CIRCLE('',#4485,0.6);
#4487=EDGE_CURVE('',#4474,#4466,#4486,.T.);
#4488=ORIENTED_EDGE('',*,*,#4487,.T.);
#4489=ORIENTED_EDGE('',*,*,#4471,.F.);
#4490=ORIENTED_EDGE('',*,*,#4293,.F.);
#4491=ORIENTED_EDGE('',*,*,#4300,.F.);
#4492=EDGE_LOOP('',(#4472,#4481,#4488,#4489,#4490,#4491));
#4493=FACE_BOUND('',#4492,.T.);
#4494=ADVANCED_FACE('',(#4493),#4464,.T.);
#4495=CARTESIAN_POINT('',(35.593079419,18.9,-24.449160073));
#4496=DIRECTION('',(0.,-1.,0.));
#4497=DIRECTION('',(0.866025404,0.,0.5));
#4498=AXIS2_PLACEMENT_3D('',#4495,#4496,#4497);
#4499=CYLINDRICAL_SURFACE('',#4498,0.6);
#4500=CARTESIAN_POINT('',(36.112694661,18.4,-24.149160073));
#4501=VERTEX_POINT('',#4500);
#4502=CARTESIAN_POINT('',(36.112694661,17.9,-24.149160073));
#4503=DIRECTION('',(-0.,1.,-0.));
#4504=VECTOR('',#4503,0.5);
#4505=LINE('',#4502,#4504);
#4506=EDGE_CURVE('',#4267,#4501,#4505,.T.);
#4507=ORIENTED_EDGE('',*,*,#4506,.T.);
#4508=CARTESIAN_POINT('',(35.293079419,18.4,-23.929544831));
#4509=VERTEX_POINT('',#4508);
#4510=CARTESIAN_POINT('',(35.593079419,18.4,-24.449160073));
#4511=DIRECTION('',(0.,-1.,-0.));
#4512=DIRECTION('',(-0.5,-0.,0.866025404));
#4513=AXIS2_PLACEMENT_3D('',#4510,#4511,#4512);
#4514=CIRCLE('',#4513,0.6);
#4515=EDGE_CURVE('',#4501,#4509,#4514,.T.);
#4516=ORIENTED_EDGE('',*,*,#4515,.T.);
#4517=CARTESIAN_POINT('',(35.593079419,18.4,-24.449160073));
#4518=DIRECTION('',(0.,-1.,-0.));
#4519=DIRECTION('',(-0.5,-0.,0.866025404));
#4520=AXIS2_PLACEMENT_3D('',#4517,#4518,#4519);
#4521=CIRCLE('',#4520,0.6);
#4522=EDGE_CURVE('',#4509,#4501,#4521,.T.);
#4523=ORIENTED_EDGE('',*,*,#4522,.T.);
#4524=ORIENTED_EDGE('',*,*,#4506,.F.);
#4525=ORIENTED_EDGE('',*,*,#4273,.F.);
#4526=ORIENTED_EDGE('',*,*,#4280,.F.);
#4527=EDGE_LOOP('',(#4507,#4516,#4523,#4524,#4525,#4526));
#4528=FACE_BOUND('',#4527,.T.);
#4529=ADVANCED_FACE('',(#4528),#4499,.T.);
#4530=CARTESIAN_POINT('',(36.484281951,18.9,-25.992768138));
#4531=DIRECTION('',(0.,-1.,0.));
#4532=DIRECTION('',(0.866025404,0.,0.5));
#4533=AXIS2_PLACEMENT_3D('',#4530,#4531,#4532);
#4534=CYLINDRICAL_SURFACE('',#4533,0.6);
#4535=CARTESIAN_POINT('',(37.003897193,18.4,-25.692768138));
#4536=VERTEX_POINT('',#4535);
#4537=CARTESIAN_POINT('',(37.003897193,17.9,-25.692768138));
#4538=DIRECTION('',(-0.,1.,-0.));
#4539=VECTOR('',#4538,0.5);
#4540=LINE('',#4537,#4539);
#4541=EDGE_CURVE('',#4247,#4536,#4540,.T.);
#4542=ORIENTED_EDGE('',*,*,#4541,.T.);
#4543=CARTESIAN_POINT('',(36.184281951,18.4,-25.473152896));
#4544=VERTEX_POINT('',#4543);
#4545=CARTESIAN_POINT('',(36.484281951,18.4,-25.992768138));
#4546=DIRECTION('',(0.,-1.,-0.));
#4547=DIRECTION('',(-0.5,-0.,0.866025404));
#4548=AXIS2_PLACEMENT_3D('',#4545,#4546,#4547);
#4549=CIRCLE('',#4548,0.6);
#4550=EDGE_CURVE('',#4536,#4544,#4549,.T.);
#4551=ORIENTED_EDGE('',*,*,#4550,.T.);
#4552=CARTESIAN_POINT('',(36.484281951,18.4,-25.992768138));
#4553=DIRECTION('',(0.,-1.,-0.));
#4554=DIRECTION('',(-0.5,-0.,0.866025404));
#4555=AXIS2_PLACEMENT_3D('',#4552,#4553,#4554);
#4556=CIRCLE('',#4555,0.6);
#4557=EDGE_CURVE('',#4544,#4536,#4556,.T.);
#4558=ORIENTED_EDGE('',*,*,#4557,.T.);
#4559=ORIENTED_EDGE('',*,*,#4541,.F.);
#4560=ORIENTED_EDGE('',*,*,#4253,.F.);
#4561=ORIENTED_EDGE('',*,*,#4260,.F.);
#4562=EDGE_LOOP('',(#4542,#4551,#4558,#4559,#4560,#4561));
#4563=FACE_BOUND('',#4562,.T.);
#4564=ADVANCED_FACE('',(#4563),#4534,.T.);
#4565=CARTESIAN_POINT('',(9.07,18.9,18.890161054));
#4566=DIRECTION('',(0.866025404,0.,0.5));
#4567=DIRECTION('',(0.5,0.,-0.866025404));
#4568=AXIS2_PLACEMENT_3D('',#4565,#4566,#4567);
#4569=PLANE('',#4568);
#4570=ORIENTED_EDGE('',*,*,#4240,.T.);
#4571=ORIENTED_EDGE('',*,*,#2301,.T.);
#4572=ORIENTED_EDGE('',*,*,#2238,.T.);
#4573=ORIENTED_EDGE('',*,*,#2170,.T.);
#4574=EDGE_LOOP('',(#4570,#4571,#4572,#4573));
#4575=FACE_BOUND('',#4574,.T.);
#4576=ADVANCED_FACE('',(#4575),#4569,.T.);
#4577=CARTESIAN_POINT('',(38.156776119,17.9,-26.992977342));
#4578=DIRECTION('',(0.,1.,0.));
#4579=DIRECTION('',(-0.866025404,0.,-0.5));
#4580=AXIS2_PLACEMENT_3D('',#4577,#4578,#4579);
#4581=CYLINDRICAL_SURFACE('',#4580,0.351682165);
#4582=ORIENTED_EDGE('',*,*,#2076,.T.);
#4583=ORIENTED_EDGE('',*,*,#4402,.F.);
#4584=ORIENTED_EDGE('',*,*,#4191,.T.);
#4585=ORIENTED_EDGE('',*,*,#4372,.T.);
#4586=EDGE_LOOP('',(#4582,#4583,#4584,#4585));
#4587=FACE_BOUND('',#4586,.T.);
#4588=ADVANCED_FACE('',(#4587),#4581,.F.);
#4589=CARTESIAN_POINT('',(37.821085748,17.9,-28.308180235));
#4590=DIRECTION('',(-0.866025404,0.,-0.5));
#4591=DIRECTION('',(-0.5,0.,0.866025404));
#4592=AXIS2_PLACEMENT_3D('',#4589,#4590,#4591);
#4593=PLANE('',#4592);
#4594=CARTESIAN_POINT('',(37.825098971,18.260238949,-28.31513134));
#4595=DIRECTION('',(-0.,-1.,-0.));
#4596=VECTOR('',#4595,0.360238949);
#4597=LINE('',#4594,#4596);
#4598=EDGE_CURVE('',#2110,#4212,#4597,.T.);
#4599=ORIENTED_EDGE('',*,*,#4598,.T.);
#4600=ORIENTED_EDGE('',*,*,#4217,.F.);
#4601=CARTESIAN_POINT('',(37.817072526,17.9,-28.30122913));
#4602=DIRECTION('',(0.,1.,0.));
#4603=VECTOR('',#4602,0.36487525);
#4604=LINE('',#4601,#4603);
#4605=EDGE_CURVE('',#4203,#2122,#4604,.T.);
#4606=ORIENTED_EDGE('',*,*,#4605,.T.);
#4607=ORIENTED_EDGE('',*,*,#2128,.F.);
#4608=EDGE_LOOP('',(#4599,#4600,#4606,#4607));
#4609=FACE_BOUND('',#4608,.T.);
#4610=ADVANCED_FACE('',(#4609),#4593,.T.);
#4611=CARTESIAN_POINT('',(33.691210822,17.9,-19.260043271));
#4612=DIRECTION('',(0.,1.,0.));
#4613=DIRECTION('',(-0.866025404,0.,-0.5));
#4614=AXIS2_PLACEMENT_3D('',#4611,#4612,#4613);
#4615=CYLINDRICAL_SURFACE('',#4614,0.352508119);
#4616=CARTESIAN_POINT('',(33.385929836,18.4,-19.436297331));
#4617=DIRECTION('',(-0.,-1.,-0.));
#4618=VECTOR('',#4617,0.5);
#4619=LINE('',#4616,#4618);
#4620=EDGE_CURVE('',#1855,#4159,#4619,.T.);
#4621=ORIENTED_EDGE('',*,*,#4620,.F.);
#4622=ORIENTED_EDGE('',*,*,#1873,.T.);
#4623=ORIENTED_EDGE('',*,*,#4379,.F.);
#4624=ORIENTED_EDGE('',*,*,#4174,.T.);
#4625=EDGE_LOOP('',(#4621,#4622,#4623,#4624));
#4626=FACE_BOUND('',#4625,.T.);
#4627=ADVANCED_FACE('',(#4626),#4615,.F.);
#4628=CARTESIAN_POINT('',(32.473870558,17.9,-19.046531847));
#4629=DIRECTION('',(-0.866025404,0.,-0.5));
#4630=DIRECTION('',(-0.5,0.,0.866025404));
#4631=AXIS2_PLACEMENT_3D('',#4628,#4629,#4630);
#4632=PLANE('',#4631);
#4633=CARTESIAN_POINT('',(32.477883781,18.31070538,-19.053482952));
#4634=DIRECTION('',(-0.,-1.,-0.));
#4635=VECTOR('',#4634,0.41070538);
#4636=LINE('',#4633,#4635);
#4637=EDGE_CURVE('',#1902,#4124,#4636,.T.);
#4638=ORIENTED_EDGE('',*,*,#4637,.T.);
#4639=ORIENTED_EDGE('',*,*,#4129,.F.);
#4640=CARTESIAN_POINT('',(32.469857336,17.9,-19.039580742));
#4641=DIRECTION('',(0.,1.,0.));
#4642=VECTOR('',#4641,0.406968271);
#4643=LINE('',#4640,#4642);
#4644=EDGE_CURVE('',#4115,#1914,#4643,.T.);
#4645=ORIENTED_EDGE('',*,*,#4644,.T.);
#4646=ORIENTED_EDGE('',*,*,#1920,.F.);
#4647=EDGE_LOOP('',(#4638,#4639,#4645,#4646));
#4648=FACE_BOUND('',#4647,.T.);
#4649=ADVANCED_FACE('',(#4648),#4632,.T.);
#4650=CARTESIAN_POINT('',(32.174774889,18.9,-19.228482952));
#4651=DIRECTION('',(0.,-1.,0.));
#4652=DIRECTION('',(0.866025404,0.,0.5));
#4653=AXIS2_PLACEMENT_3D('',#4650,#4651,#4652);
#4654=CYLINDRICAL_SURFACE('',#4653,0.35);
#4655=ORIENTED_EDGE('',*,*,#1911,.T.);
#4656=CARTESIAN_POINT('',(32.449136918,17.9,-19.445797189));
#4657=DIRECTION('',(-0.,1.,-0.));
#4658=VECTOR('',#4657,0.469617296);
#4659=LINE('',#4656,#4658);
#4660=EDGE_CURVE('',#4132,#1884,#4659,.T.);
#4661=ORIENTED_EDGE('',*,*,#4660,.F.);
#4662=ORIENTED_EDGE('',*,*,#4138,.F.);
#4663=ORIENTED_EDGE('',*,*,#4637,.F.);
#4664=EDGE_LOOP('',(#4655,#4661,#4662,#4663));
#4665=FACE_BOUND('',#4664,.T.);
#4666=ADVANCED_FACE('',(#4665),#4654,.F.);
#4667=CARTESIAN_POINT('',(37.521990079,18.9,-28.49013134));
#4668=DIRECTION('',(0.,-1.,0.));
#4669=DIRECTION('',(0.866025404,0.,0.5));
#4670=AXIS2_PLACEMENT_3D('',#4667,#4668,#4669);
#4671=CYLINDRICAL_SURFACE('',#4670,0.35);
#4672=ORIENTED_EDGE('',*,*,#2119,.T.);
#4673=ORIENTED_EDGE('',*,*,#4420,.F.);
#4674=ORIENTED_EDGE('',*,*,#4226,.F.);
#4675=ORIENTED_EDGE('',*,*,#4598,.F.);
#4676=EDGE_LOOP('',(#4672,#4673,#4674,#4675));
#4677=FACE_BOUND('',#4676,.T.);
#4678=ADVANCED_FACE('',(#4677),#4671,.F.);
#4679=CARTESIAN_POINT('',(32.166748444,18.9,-19.214580742));
#4680=DIRECTION('',(0.,-1.,0.));
#4681=DIRECTION('',(0.866025404,0.,0.5));
#4682=AXIS2_PLACEMENT_3D('',#4679,#4680,#4681);
#4683=CYLINDRICAL_SURFACE('',#4682,0.35);
#4684=ORIENTED_EDGE('',*,*,#1932,.T.);
#4685=ORIENTED_EDGE('',*,*,#4644,.F.);
#4686=ORIENTED_EDGE('',*,*,#4121,.F.);
#4687=ORIENTED_EDGE('',*,*,#4335,.F.);
#4688=EDGE_LOOP('',(#4684,#4685,#4686,#4687));
#4689=FACE_BOUND('',#4688,.T.);
#4690=ADVANCED_FACE('',(#4689),#4683,.F.);
#4691=CARTESIAN_POINT('',(37.513963634,18.9,-28.47622913));
#4692=DIRECTION('',(0.,-1.,0.));
#4693=DIRECTION('',(0.866025404,0.,0.5));
#4694=AXIS2_PLACEMENT_3D('',#4691,#4692,#4693);
#4695=CYLINDRICAL_SURFACE('',#4694,0.35);
#4696=ORIENTED_EDGE('',*,*,#2140,.T.);
#4697=ORIENTED_EDGE('',*,*,#4605,.F.);
#4698=ORIENTED_EDGE('',*,*,#4209,.F.);
#4699=ORIENTED_EDGE('',*,*,#4395,.F.);
#4700=EDGE_LOOP('',(#4696,#4697,#4698,#4699));
#4701=FACE_BOUND('',#4700,.T.);
#4702=ADVANCED_FACE('',(#4701),#4695,.F.);
#4703=CARTESIAN_POINT('',(37.096674262,18.4,-22.449462736));
#4704=DIRECTION('',(-0.,1.,0.));
#4705=DIRECTION('',(-0.5,-0.,0.866025404));
#4706=AXIS2_PLACEMENT_3D('',#4703,#4704,#4705);
#4707=PLANE('',#4706);
#4708=ORIENTED_EDGE('',*,*,#4550,.F.);
#4709=ORIENTED_EDGE('',*,*,#4557,.F.);
#4710=EDGE_LOOP('',(#4708,#4709));
#4711=FACE_BOUND('',#4710,.T.);
#4712=ADVANCED_FACE('',(#4711),#4707,.T.);
#4713=CARTESIAN_POINT('',(37.096674262,18.4,-22.449462736));
#4714=DIRECTION('',(-0.,1.,0.));
#4715=DIRECTION('',(-0.5,-0.,0.866025404));
#4716=AXIS2_PLACEMENT_3D('',#4713,#4714,#4715);
#4717=PLANE('',#4716);
#4718=ORIENTED_EDGE('',*,*,#4515,.F.);
#4719=ORIENTED_EDGE('',*,*,#4522,.F.);
#4720=EDGE_LOOP('',(#4718,#4719));
#4721=FACE_BOUND('',#4720,.T.);
#4722=ADVANCED_FACE('',(#4721),#4717,.T.);
#4723=CARTESIAN_POINT('',(37.096674262,18.4,-22.449462736));
#4724=DIRECTION('',(-0.,1.,0.));
#4725=DIRECTION('',(-0.5,-0.,0.866025404));
#4726=AXIS2_PLACEMENT_3D('',#4723,#4724,#4725);
#4727=PLANE('',#4726);
#4728=ORIENTED_EDGE('',*,*,#4480,.F.);
#4729=ORIENTED_EDGE('',*,*,#4487,.F.);
#4730=EDGE_LOOP('',(#4728,#4729));
#4731=FACE_BOUND('',#4730,.T.);
#4732=ADVANCED_FACE('',(#4731),#4727,.T.);
#4733=CARTESIAN_POINT('',(37.096674262,18.4,-22.449462736));
#4734=DIRECTION('',(-0.,1.,0.));
#4735=DIRECTION('',(-0.5,-0.,0.866025404));
#4736=AXIS2_PLACEMENT_3D('',#4733,#4734,#4735);
#4737=PLANE('',#4736);
#4738=ORIENTED_EDGE('',*,*,#4445,.F.);
#4739=ORIENTED_EDGE('',*,*,#4452,.F.);
#4740=EDGE_LOOP('',(#4738,#4739));
#4741=FACE_BOUND('',#4740,.T.);
#4742=ADVANCED_FACE('',(#4741),#4737,.T.);
#4743=CARTESIAN_POINT('',(10.323827137,0.,14.918468749));
#4744=DIRECTION('',(-0.866025404,0.,-0.5));
#4745=DIRECTION('',(0.5,0.,-0.866025404));
#4746=AXIS2_PLACEMENT_3D('',#4743,#4744,#4745);
#4747=PLANE('',#4746);
#4748=ORIENTED_EDGE('',*,*,#2318,.T.);
#4749=ORIENTED_EDGE('',*,*,#2375,.T.);
#4750=ORIENTED_EDGE('',*,*,#2336,.T.);
#4751=ORIENTED_EDGE('',*,*,#2270,.T.);
#4752=ORIENTED_EDGE('',*,*,#2204,.T.);
#4753=ORIENTED_EDGE('',*,*,#964,.T.);
#4754=ORIENTED_EDGE('',*,*,#2186,.T.);
#4755=ORIENTED_EDGE('',*,*,#2253,.T.);
#4756=EDGE_LOOP('',(#4748,#4749,#4750,#4751,#4752,#4753,#4754,#4755));
#4757=FACE_BOUND('',#4756,.T.);
#4758=ADVANCED_FACE('',(#4757),#4747,.T.);
#4759=CARTESIAN_POINT('',(40.326792947,15.299967686,-28.048192398));
#4760=DIRECTION('',(-0.866025404,0.,-0.5));
#4761=DIRECTION('',(-0.5,0.,0.866025404));
#4762=AXIS2_PLACEMENT_3D('',#4759,#4760,#4761);
#4763=CYLINDRICAL_SURFACE('',#4762,1.1);
#4764=ORIENTED_EDGE('',*,*,#93,.F.);
#4765=ORIENTED_EDGE('',*,*,#3306,.F.);
#4766=ORIENTED_EDGE('',*,*,#2795,.F.);
#4767=ORIENTED_EDGE('',*,*,#3287,.F.);
#4768=EDGE_LOOP('',(#4764,#4765,#4766,#4767));
#4769=FACE_BOUND('',#4768,.T.);
#4770=ADVANCED_FACE('',(#4769),#4763,.F.);
#4771=CARTESIAN_POINT('',(31.241235924,-11.227926275,-18.711546023));
#4772=DIRECTION('',(-0.5,-0.,0.866025404));
#4773=DIRECTION('',(0.,-1.,-0.));
#4774=AXIS2_PLACEMENT_3D('',#4771,#4772,#4773);
#4775=CYLINDRICAL_SURFACE('',#4774,0.5);
#4776=ORIENTED_EDGE('',*,*,#2747,.T.);
#4777=ORIENTED_EDGE('',*,*,#1086,.T.);
#4778=ORIENTED_EDGE('',*,*,#2730,.T.);
#4779=ORIENTED_EDGE('',*,*,#1819,.T.);
#4780=EDGE_LOOP('',(#4776,#4777,#4778,#4779));
#4781=FACE_BOUND('',#4780,.T.);
#4782=ADVANCED_FACE('',(#4781),#4775,.F.);
#4783=CARTESIAN_POINT('',(32.919471824,-18.9,-19.818335879));
#4784=DIRECTION('',(-0.,1.,0.));
#4785=DIRECTION('',(0.866025404,0.,0.5));
#4786=AXIS2_PLACEMENT_3D('',#4783,#4784,#4785);
#4787=CYLINDRICAL_SURFACE('',#4786,0.6);
#4788=ORIENTED_EDGE('',*,*,#3705,.F.);
#4789=ORIENTED_EDGE('',*,*,#3546,.T.);
#4790=ORIENTED_EDGE('',*,*,#3983,.T.);
#4791=ORIENTED_EDGE('',*,*,#1634,.T.);
#4792=EDGE_LOOP('',(#4788,#4789,#4790,#4791));
#4793=FACE_BOUND('',#4792,.T.);
#4794=ADVANCED_FACE('',(#4793),#4787,.T.);
#4795=CARTESIAN_POINT('',(33.691210822,-17.9,-19.260043271));
#4796=DIRECTION('',(0.,-1.,-0.));
#4797=DIRECTION('',(-0.866025404,0.,-0.5));
#4798=AXIS2_PLACEMENT_3D('',#4795,#4796,#4797);
#4799=CYLINDRICAL_SURFACE('',#4798,0.352508119);
#4800=ORIENTED_EDGE('',*,*,#3976,.T.);
#4801=ORIENTED_EDGE('',*,*,#3528,.F.);
#4802=ORIENTED_EDGE('',*,*,#3728,.T.);
#4803=ORIENTED_EDGE('',*,*,#1676,.T.);
#4804=EDGE_LOOP('',(#4800,#4801,#4802,#4803));
#4805=FACE_BOUND('',#4804,.T.);
#4806=ADVANCED_FACE('',(#4805),#4799,.F.);
#4807=CARTESIAN_POINT('',(32.919471824,18.9,-19.818335879));
#4808=DIRECTION('',(0.,-1.,0.));
#4809=DIRECTION('',(0.866025404,0.,0.5));
#4810=AXIS2_PLACEMENT_3D('',#4807,#4808,#4809);
#4811=CYLINDRICAL_SURFACE('',#4810,0.6);
#4812=ORIENTED_EDGE('',*,*,#4350,.F.);
#4813=ORIENTED_EDGE('',*,*,#4147,.F.);
#4814=ORIENTED_EDGE('',*,*,#4660,.T.);
#4815=ORIENTED_EDGE('',*,*,#1899,.T.);
#4816=ORIENTED_EDGE('',*,*,#2035,.T.);
#4817=EDGE_LOOP('',(#4812,#4813,#4814,#4815,#4816));
#4818=FACE_BOUND('',#4817,.T.);
#4819=ADVANCED_FACE('',(#4818),#4811,.T.);
#4820=CARTESIAN_POINT('',(33.691210822,17.9,-19.260043271));
#4821=DIRECTION('',(0.,1.,0.));
#4822=DIRECTION('',(-0.866025404,0.,-0.5));
#4823=AXIS2_PLACEMENT_3D('',#4820,#4821,#4822);
#4824=CYLINDRICAL_SURFACE('',#4823,0.352508119);
#4825=ORIENTED_EDGE('',*,*,#4620,.T.);
#4826=ORIENTED_EDGE('',*,*,#4165,.T.);
#4827=ORIENTED_EDGE('',*,*,#4357,.T.);
#4828=ORIENTED_EDGE('',*,*,#2043,.T.);
#4829=EDGE_LOOP('',(#4825,#4826,#4827,#4828));
#4830=FACE_BOUND('',#4829,.T.);
#4831=ADVANCED_FACE('',(#4830),#4824,.F.);
#4832=CLOSED_SHELL('',(#329,#378,#418,#449,#566,#613,#644,#656,#681,#706,#735,#792,#843,#901,#1023,#1056,#1115,#1154,#1183,#1237,#1278,#1312,#1337,#1362,#1388,#1414,
#1439,#1471,#1489,#1610,#1653,#1772,#1848,#1971,#2013,#2047,#2155,#2190,#2225,#2257,#2289,#2322,#2355,#2379,#2401,#2418,#2435,#2466,#2491,#2515,#2533,
#2569,#2581,#2627,#2644,#2656,#2685,#2703,#2716,#2737,#2759,#2772,#2869,#2902,#2921,#2940,#2994,#3033,#3065,#3089,#3114,#3138,#3163,#3196,#3221,#3238,
#3257,#3276,#3295,#3312,#3335,#3367,#3389,#3410,#3422,#3435,#3453,#3679,#3695,#3718,#3740,#3764,#3780,#3815,#3850,#3885,#3920,#3932,#3944,#3966,#3988,
#4010,#4022,#4034,#4046,#4058,#4068,#4078,#4088,#4098,#4324,#4340,#4362,#4384,#4408,#4424,#4459,#4494,#4529,#4564,#4576,#4588,#4610,#4627,#4649,#4666,
#4678,#4690,#4702,#4712,#4722,#4732,#4742,#4758,#4770,#4782,#4794,#4806,#4819,#4831));
#4833=MANIFOLD_SOLID_BREP('main case (battery)',#4832);
#4834=COLOUR_RGB('',0.435294122,0.435294122,0.435294122);
#4835=FILL_AREA_STYLE_COLOUR('',#4834);
#4836=FILL_AREA_STYLE('',(#4835));
#4837=SURFACE_STYLE_FILL_AREA(#4836);
#4838=SURFACE_SIDE_STYLE('',(#4837));
#4839=SURFACE_STYLE_USAGE(.BOTH.,#4838);
#4840=PRESENTATION_STYLE_ASSIGNMENT((#4839));
#26=STYLED_ITEM('',(#4840),#4833);
#16=SHAPE_REPRESENTATION('main case (battery)',(#15),#10);
#17=ADVANCED_BREP_SHAPE_REPRESENTATION('main case (battery)',(#4833),#10);
#4848=SHAPE_REPRESENTATION_RELATIONSHIP('','',#16,#17);
#4849=CARTESIAN_POINT('',(0.,0.,0.));
#4850=DIRECTION('',(0.,0.,1.));
#4851=DIRECTION('',(1.,0.,0.));
#4852=AXIS2_PLACEMENT_3D('',#4849,#4850,#4851);
#4854=MAPPED_ITEM('',#4853,#4852);
#4853=REPRESENTATION_MAP(#4852,#16);
#4855=APPLICATION_CONTEXT('Managed model based 3d engineering');
#4856=APPLICATION_PROTOCOL_DEFINITION('international standard','ap242_managed_model_based_3d_engineering',2014,#4855);
#4857=PRODUCT_CONTEXT('',#4855,'mechanical');
#4858=PRODUCT_DEFINITION_CONTEXT('part definition',#4855,'design');
#24=PRODUCT('main case (battery)','main case (battery)','',(#4857));
#4859=PRODUCT_RELATED_PRODUCT_CATEGORY('part','',(#24));
#4860=PRODUCT_DEFINITION_FORMATION_WITH_SPECIFIED_SOURCE('','',#24,.NOT_KNOWN.);
#25=PRODUCT_DEFINITION('design','',#4860,#4858);
#23=PRODUCT_DEFINITION_SHAPE('','',#25);
#4861=SHAPE_DEFINITION_REPRESENTATION(#23,#16);
#11=DRAUGHTING_MODEL('',(#4854),#10);
#4862=DESCRIPTIVE_REPRESENTATION_ITEM('KEY','C:\\Users\\sanya\\AppData\\Local\\Packages\\Shapr3D.Shapr3D_dvv5p1vgwv6mp\\TempState\\de0b9eed-e301-4fa5-88e2-b33aed1c1c70.tmp');
#4863=PROPERTY_DEFINITION('KEY','',#25);
#4864=REPRESENTATION('',(#4862),#10);
#4865=PROPERTY_DEFINITION_REPRESENTATION(#4863,#4864);
#4866=GENERAL_PROPERTY('','KEY','');
#4867=GENERAL_PROPERTY_ASSOCIATION('','',#4866,#4863);
#1=MECHANICAL_DESIGN_GEOMETRIC_PRESENTATION_REPRESENTATION('',(#26),#10);
ENDSEC;
END-ISO-10303-21;
