ISO-10303-21;
HEADER;

/* File generated by Shapr3D Version 26.10.10376.0 */

FILE_DESCRIPTION(('HOOPS Exchange Step'),'2;1');

FILE_NAME('C:\\Users\\sanya\\AppData\\Local\\Packages\\Shapr3D.Shapr3D_dvv5p1vgwv6mp\\TempState\\export\\temp_export',
'2026-02-15T11:52:46+11:00',
('sanya'),
('Shapr3D Limited'),
'HOOPS Exchange 2025.9',
'Shapr3D',
'Authorized');

FILE_SCHEMA( ('AP242_MANAGED_MODEL_BASED_3D_ENGINEERING_MIM_LF {1 0 10303 442 1 1 4}') );

ENDSEC;

DATA;
#3=(NAMED_UNIT(*)PLANE_ANGLE_UNIT()SI_UNIT($,.RADIAN.));
#4=PLANE_ANGLE_MEASURE_WITH_UNIT(PLANE_ANGLE_MEASURE(0.0174532925),#3);
#5=(CONVERSION_BASED_UNIT('DEGREE',#4)NAMED_UNIT(#6)PLANE_ANGLE_UNIT());
#6=DIMENSIONAL_EXPONENTS(0.,0.,0.,0.,0.,0.,0.);
#7=(NAMED_UNIT(*)SI_UNIT($,.STERADIAN.)SOLID_ANGLE_UNIT());
#8=(LENGTH_UNIT()NAMED_UNIT(*)SI_UNIT(.MILLI.,.METRE.));
#9=UNCERTAINTY_MEASURE_WITH_UNIT(LENGTH_MEASURE(1.000000E-05),#8,'DISTANCE_ACCURACY_VALUE','Maximum Tolerance applied to model');
#10=(GEOMETRIC_REPRESENTATION_CONTEXT(3)GLOBAL_UNCERTAINTY_ASSIGNED_CONTEXT((#9))GLOBAL_UNIT_ASSIGNED_CONTEXT((#8,#5,#7))REPRESENTATION_CONTEXT('','top plate (battery)'));
#12=CARTESIAN_POINT('',(0.,0.,0.));
#13=DIRECTION('',(0.,0.,1.));
#14=DIRECTION('',(1.,0.,0.));
#15=AXIS2_PLACEMENT_3D('',#12,#13,#14);
#27=CARTESIAN_POINT('',(41.080504823,0.,-30.736182445));
#28=DIRECTION('',(0.866025404,-0.,0.5));
#29=DIRECTION('',(-0.5,-0.,0.866025404));
#30=AXIS2_PLACEMENT_3D('',#27,#28,#29);
#31=PLANE('',#30);
#32=CARTESIAN_POINT('',(39.600928055,-16.55,-28.173480336));
#33=VERTEX_POINT('',#32);
#34=CARTESIAN_POINT('',(33.391656506,-16.55,-17.418706533));
#35=VERTEX_POINT('',#34);
#36=CARTESIAN_POINT('',(39.600928066,-16.55,-28.173480329));
#37=DIRECTION('',(-0.5,0.,0.866025404));
#38=VECTOR('',#37,12.418543099);
#39=LINE('',#36,#38);
#40=EDGE_CURVE('',#33,#35,#39,.T.);
#41=ORIENTED_EDGE('',*,*,#40,.T.);
#42=CARTESIAN_POINT('',(34.263867291,-17.301146923,-18.929419905));
#43=VERTEX_POINT('',#42);
#44=CARTESIAN_POINT('',(34.263867281,-14.9,-18.92941991));
#45=DIRECTION('',(-0.866025404,0.,-0.5));
#46=DIRECTION('',(-0.5,0.,0.866025404));
#47=AXIS2_PLACEMENT_3D('',#44,#45,#46);
#48=CIRCLE('',#47,2.401146923);
#49=EDGE_CURVE('',#43,#35,#48,.T.);
#50=ORIENTED_EDGE('',*,*,#49,.F.);
#51=CARTESIAN_POINT('',(38.728717292,-17.301146922,-26.662766953));
#52=VERTEX_POINT('',#51);
#53=CARTESIAN_POINT('',(34.263867281,-17.301146923,-18.92941991));
#54=DIRECTION('',(0.5,0.,-0.866025404));
#55=VECTOR('',#54,8.9297);
#56=LINE('',#53,#55);
#57=EDGE_CURVE('',#43,#52,#56,.T.);
#58=ORIENTED_EDGE('',*,*,#57,.T.);
#59=CARTESIAN_POINT('',(38.72871728,-14.9,-26.662766959));
#60=DIRECTION('',(-0.866025404,0.,-0.5));
#61=DIRECTION('',(-0.5,0.,0.866025404));
#62=AXIS2_PLACEMENT_3D('',#59,#60,#61);
#63=CIRCLE('',#62,2.401146922);
#64=EDGE_CURVE('',#33,#52,#63,.T.);
#65=ORIENTED_EDGE('',*,*,#64,.F.);
#66=EDGE_LOOP('',(#41,#50,#58,#65));
#67=FACE_BOUND('',#66,.T.);
#68=CARTESIAN_POINT('',(33.391656506,16.55,-17.418706533));
#69=VERTEX_POINT('',#68);
#70=CARTESIAN_POINT('',(39.600928055,16.55,-28.173480335));
#71=VERTEX_POINT('',#70);
#72=CARTESIAN_POINT('',(33.391656515,16.55,-17.418706528));
#73=DIRECTION('',(0.5,0.,-0.866025404));
#74=VECTOR('',#73,12.418543099);
#75=LINE('',#72,#74);
#76=EDGE_CURVE('',#69,#71,#75,.T.);
#77=ORIENTED_EDGE('',*,*,#76,.T.);
#78=CARTESIAN_POINT('',(38.728717292,17.301146922,-26.662766953));
#79=VERTEX_POINT('',#78);
#80=CARTESIAN_POINT('',(38.72871728,14.9,-26.662766959));
#81=DIRECTION('',(-0.866025404,0.,-0.5));
#82=DIRECTION('',(-0.5,0.,0.866025404));
#83=AXIS2_PLACEMENT_3D('',#80,#81,#82);
#84=CIRCLE('',#83,2.401146922);
#85=EDGE_CURVE('',#79,#71,#84,.T.);
#86=ORIENTED_EDGE('',*,*,#85,.F.);
#87=CARTESIAN_POINT('',(34.263867281,17.301146923,-18.92941991));
#88=VERTEX_POINT('',#87);
#89=CARTESIAN_POINT('',(38.72871728,17.301146922,-26.662766959));
#90=DIRECTION('',(-0.5,0.,0.866025404));
#91=VECTOR('',#90,8.9297);
#92=LINE('',#89,#91);
#93=EDGE_CURVE('',#79,#88,#92,.T.);
#94=ORIENTED_EDGE('',*,*,#93,.T.);
#95=CARTESIAN_POINT('',(34.263867281,14.9,-18.92941991));
#96=DIRECTION('',(-0.866025404,0.,-0.5));
#97=DIRECTION('',(-0.5,0.,0.866025404));
#98=AXIS2_PLACEMENT_3D('',#95,#96,#97);
#99=CIRCLE('',#98,2.401146923);
#100=EDGE_CURVE('',#69,#88,#99,.T.);
#101=ORIENTED_EDGE('',*,*,#100,.F.);
#102=EDGE_LOOP('',(#77,#86,#94,#101));
#103=FACE_BOUND('',#102,.T.);
#104=CARTESIAN_POINT('',(33.34629229,-15.5,-17.340133385));
#105=VERTEX_POINT('',#104);
#106=CARTESIAN_POINT('',(33.34629229,15.5,-17.340133385));
#107=VERTEX_POINT('',#106);
#108=CARTESIAN_POINT('',(33.34629229,-15.5,-17.340133385));
#109=DIRECTION('',(0.,1.,0.));
#110=VECTOR('',#109,31.);
#111=LINE('',#108,#110);
#112=EDGE_CURVE('',#105,#107,#111,.T.);
#113=ORIENTED_EDGE('',*,*,#112,.F.);
#114=CARTESIAN_POINT('',(39.846292291,-15.5,-28.598463633));
#115=VERTEX_POINT('',#114);
#116=CARTESIAN_POINT('',(33.34629229,-15.5,-17.340133385));
#117=DIRECTION('',(0.5,0.,-0.866025404));
#118=VECTOR('',#117,13.);
#119=LINE('',#116,#118);
#120=EDGE_CURVE('',#105,#115,#119,.T.);
#121=ORIENTED_EDGE('',*,*,#120,.T.);
#122=CARTESIAN_POINT('',(39.846292291,15.5,-28.598463633));
#123=VERTEX_POINT('',#122);
#124=CARTESIAN_POINT('',(39.846292291,15.5,-28.598463633));
#125=DIRECTION('',(-0.,-1.,-0.));
#126=VECTOR('',#125,31.);
#127=LINE('',#124,#126);
#128=EDGE_CURVE('',#123,#115,#127,.T.);
#129=ORIENTED_EDGE('',*,*,#128,.F.);
#130=CARTESIAN_POINT('',(39.846292291,15.5,-28.598463633));
#131=DIRECTION('',(-0.5,0.,0.866025404));
#132=VECTOR('',#131,13.);
#133=LINE('',#130,#132);
#134=EDGE_CURVE('',#123,#107,#133,.T.);
#135=ORIENTED_EDGE('',*,*,#134,.T.);
#136=EDGE_LOOP('',(#113,#121,#129,#135));
#137=FACE_BOUND('',#136,.T.);
#138=CARTESIAN_POINT('',(34.263867291,-18.351146923,-18.929419905));
#139=VERTEX_POINT('',#138);
#140=CARTESIAN_POINT('',(32.538293829,-14.9,-15.940638998));
#141=VERTEX_POINT('',#140);
#142=CARTESIAN_POINT('',(34.263867291,-14.9,-18.929419905));
#143=DIRECTION('',(-0.866025404,0.,-0.5));
#144=DIRECTION('',(0.5,0.,-0.866025404));
#145=AXIS2_PLACEMENT_3D('',#142,#143,#144);
#146=CIRCLE('',#145,3.451146923);
#147=EDGE_CURVE('',#139,#141,#146,.T.);
#148=ORIENTED_EDGE('',*,*,#147,.T.);
#149=CARTESIAN_POINT('',(32.538293829,14.9,-15.940638998));
#150=VERTEX_POINT('',#149);
#151=CARTESIAN_POINT('',(32.538293829,-14.9,-15.940638998));
#152=DIRECTION('',(-0.,1.,0.));
#153=VECTOR('',#152,29.8);
#154=LINE('',#151,#153);
#155=EDGE_CURVE('',#141,#150,#154,.T.);
#156=ORIENTED_EDGE('',*,*,#155,.T.);
#157=CARTESIAN_POINT('',(34.263867291,18.351146923,-18.929419905));
#158=VERTEX_POINT('',#157);
#159=CARTESIAN_POINT('',(34.263867291,14.9,-18.929419905));
#160=DIRECTION('',(-0.866025404,0.,-0.5));
#161=DIRECTION('',(0.5,0.,-0.866025404));
#162=AXIS2_PLACEMENT_3D('',#159,#160,#161);
#163=CIRCLE('',#162,3.451146923);
#164=EDGE_CURVE('',#150,#158,#163,.T.);
#165=ORIENTED_EDGE('',*,*,#164,.T.);
#166=CARTESIAN_POINT('',(38.728717291,18.351146922,-26.662766953));
#167=VERTEX_POINT('',#166);
#168=CARTESIAN_POINT('',(34.263867291,18.351146923,-18.929419905));
#169=CARTESIAN_POINT('',(35.752150624,18.351146922,-21.507202254));
#170=CARTESIAN_POINT('',(37.240433958,18.351146922,-24.084984603));
#171=CARTESIAN_POINT('',(38.728717291,18.351146922,-26.662766953));
#172=B_SPLINE_CURVE_WITH_KNOTS('',3,(#168,#169,#170,#171),.UNSPECIFIED.,.F.,.F.,(4,4),(0.008985718,0.017915418),.UNSPECIFIED.);
#173=EDGE_CURVE('',#158,#167,#172,.T.);
#174=ORIENTED_EDGE('',*,*,#173,.T.);
#175=CARTESIAN_POINT('',(40.454290753,14.9,-29.651547859));
#176=VERTEX_POINT('',#175);
#177=CARTESIAN_POINT('',(38.728717291,14.9,-26.662766952));
#178=DIRECTION('',(-0.866025404,0.,-0.5));
#179=DIRECTION('',(0.5,0.,-0.866025404));
#180=AXIS2_PLACEMENT_3D('',#177,#178,#179);
#181=CIRCLE('',#180,3.451146922);
#182=EDGE_CURVE('',#167,#176,#181,.T.);
#183=ORIENTED_EDGE('',*,*,#182,.T.);
#184=CARTESIAN_POINT('',(40.454290753,-14.9,-29.651547859));
#185=VERTEX_POINT('',#184);
#186=CARTESIAN_POINT('',(40.454290753,14.9,-29.651547859));
#187=DIRECTION('',(0.,-1.,-0.));
#188=VECTOR('',#187,29.8);
#189=LINE('',#186,#188);
#190=EDGE_CURVE('',#176,#185,#189,.T.);
#191=ORIENTED_EDGE('',*,*,#190,.T.);
#192=CARTESIAN_POINT('',(38.728717291,-18.351146922,-26.662766953));
#193=VERTEX_POINT('',#192);
#194=CARTESIAN_POINT('',(38.728717291,-14.9,-26.662766952));
#195=DIRECTION('',(-0.866025404,0.,-0.5));
#196=DIRECTION('',(0.5,0.,-0.866025404));
#197=AXIS2_PLACEMENT_3D('',#194,#195,#196);
#198=CIRCLE('',#197,3.451146922);
#199=EDGE_CURVE('',#185,#193,#198,.T.);
#200=ORIENTED_EDGE('',*,*,#199,.T.);
#201=CARTESIAN_POINT('',(38.728717291,-18.351146922,-26.662766953));
#202=CARTESIAN_POINT('',(37.240433958,-18.351146922,-24.084984603));
#203=CARTESIAN_POINT('',(35.752150624,-18.351146922,-21.507202254));
#204=CARTESIAN_POINT('',(34.263867291,-18.351146923,-18.929419905));
#205=B_SPLINE_CURVE_WITH_KNOTS('',3,(#201,#202,#203,#204),.UNSPECIFIED.,.F.,.F.,(4,4),(0.008985718,0.017915418),.UNSPECIFIED.);
#206=EDGE_CURVE('',#193,#139,#205,.T.);
#207=ORIENTED_EDGE('',*,*,#206,.T.);
#208=EDGE_LOOP('',(#148,#156,#165,#174,#183,#191,#200,#207));
#209=FACE_BOUND('',#208,.T.);
#210=ADVANCED_FACE('',(#67,#103,#137,#209),#31,.F.);
#211=CARTESIAN_POINT('',(11.495368032,-0.,21.889300395));
#212=DIRECTION('',(0.866025404,0.,0.5));
#213=DIRECTION('',(0.5,0.,-0.866025404));
#214=AXIS2_PLACEMENT_3D('',#211,#212,#213);
#215=PLANE('',#214);
#216=CARTESIAN_POINT('',(38.896250818,1.114285714,-25.570420763));
#217=VERTEX_POINT('',#216);
#218=CARTESIAN_POINT('',(38.639107961,1.114285714,-25.12503627));
#219=VERTEX_POINT('',#218);
#220=CARTESIAN_POINT('',(38.896250818,1.114285714,-25.570420763));
#221=DIRECTION('',(-0.5,0.,0.866025404));
#222=VECTOR('',#221,0.514285714);
#223=LINE('',#220,#222);
#224=EDGE_CURVE('',#217,#219,#223,.T.);
#225=ORIENTED_EDGE('',*,*,#224,.F.);
#226=CARTESIAN_POINT('',(38.896250818,0.6,-25.570420763));
#227=VERTEX_POINT('',#226);
#228=CARTESIAN_POINT('',(38.896250818,0.6,-25.570420763));
#229=DIRECTION('',(0.,1.,0.));
#230=VECTOR('',#229,0.514285714);
#231=LINE('',#228,#230);
#232=EDGE_CURVE('',#227,#217,#231,.T.);
#233=ORIENTED_EDGE('',*,*,#232,.F.);
#234=CARTESIAN_POINT('',(38.639107961,0.6,-25.12503627));
#235=VERTEX_POINT('',#234);
#236=CARTESIAN_POINT('',(38.639107961,0.6,-25.12503627));
#237=DIRECTION('',(0.5,0.,-0.866025404));
#238=VECTOR('',#237,0.514285714);
#239=LINE('',#236,#238);
#240=EDGE_CURVE('',#235,#227,#239,.T.);
#241=ORIENTED_EDGE('',*,*,#240,.F.);
#242=CARTESIAN_POINT('',(38.639107961,1.114285714,-25.12503627));
#243=DIRECTION('',(0.,-1.,0.));
#244=VECTOR('',#243,0.514285714);
#245=LINE('',#242,#244);
#246=EDGE_CURVE('',#219,#235,#245,.T.);
#247=ORIENTED_EDGE('',*,*,#246,.F.);
#248=EDGE_LOOP('',(#225,#233,#241,#247));
#249=FACE_BOUND('',#248,.T.);
#250=CARTESIAN_POINT('',(37.181965104,-9.171428571,-22.601190807));
#251=VERTEX_POINT('',#250);
#252=CARTESIAN_POINT('',(36.924822247,-9.171428571,-22.155806314));
#253=VERTEX_POINT('',#252);
#254=CARTESIAN_POINT('',(37.181965104,-9.171428571,-22.601190807));
#255=DIRECTION('',(-0.5,0.,0.866025404));
#256=VECTOR('',#255,0.514285714);
#257=LINE('',#254,#256);
#258=EDGE_CURVE('',#251,#253,#257,.T.);
#259=ORIENTED_EDGE('',*,*,#258,.F.);
#260=CARTESIAN_POINT('',(37.181965104,-9.685714286,-22.601190807));
#261=VERTEX_POINT('',#260);
#262=CARTESIAN_POINT('',(37.181965104,-9.685714286,-22.601190807));
#263=DIRECTION('',(0.,1.,0.));
#264=VECTOR('',#263,0.514285714);
#265=LINE('',#262,#264);
#266=EDGE_CURVE('',#261,#251,#265,.T.);
#267=ORIENTED_EDGE('',*,*,#266,.F.);
#268=CARTESIAN_POINT('',(36.924822247,-9.685714286,-22.155806314));
#269=VERTEX_POINT('',#268);
#270=CARTESIAN_POINT('',(36.924822247,-9.685714286,-22.155806314));
#271=DIRECTION('',(0.5,0.,-0.866025404));
#272=VECTOR('',#271,0.514285714);
#273=LINE('',#270,#272);
#274=EDGE_CURVE('',#269,#261,#273,.T.);
#275=ORIENTED_EDGE('',*,*,#274,.F.);
#276=CARTESIAN_POINT('',(36.924822247,-9.171428571,-22.155806314));
#277=DIRECTION('',(0.,-1.,0.));
#278=VECTOR('',#277,0.514285714);
#279=LINE('',#276,#278);
#280=EDGE_CURVE('',#253,#269,#279,.T.);
#281=ORIENTED_EDGE('',*,*,#280,.F.);
#282=EDGE_LOOP('',(#259,#267,#275,#281));
#283=FACE_BOUND('',#282,.T.);
#284=CARTESIAN_POINT('',(35.896250818,-9.171428571,-20.37426834));
#285=VERTEX_POINT('',#284);
#286=CARTESIAN_POINT('',(35.639107961,-9.171428571,-19.928883847));
#287=VERTEX_POINT('',#286);
#288=CARTESIAN_POINT('',(35.896250818,-9.171428571,-20.37426834));
#289=DIRECTION('',(-0.5,0.,0.866025404));
#290=VECTOR('',#289,0.514285714);
#291=LINE('',#288,#290);
#292=EDGE_CURVE('',#285,#287,#291,.T.);
#293=ORIENTED_EDGE('',*,*,#292,.F.);
#294=CARTESIAN_POINT('',(35.896250818,-9.685714286,-20.37426834));
#295=VERTEX_POINT('',#294);
#296=CARTESIAN_POINT('',(35.896250818,-9.685714286,-20.37426834));
#297=DIRECTION('',(0.,1.,0.));
#298=VECTOR('',#297,0.514285714);
#299=LINE('',#296,#298);
#300=EDGE_CURVE('',#295,#285,#299,.T.);
#301=ORIENTED_EDGE('',*,*,#300,.F.);
#302=CARTESIAN_POINT('',(35.639107961,-9.685714286,-19.928883847));
#303=VERTEX_POINT('',#302);
#304=CARTESIAN_POINT('',(35.639107961,-9.685714286,-19.928883847));
#305=DIRECTION('',(0.5,0.,-0.866025404));
#306=VECTOR('',#305,0.514285714);
#307=LINE('',#304,#306);
#308=EDGE_CURVE('',#303,#295,#307,.T.);
#309=ORIENTED_EDGE('',*,*,#308,.F.);
#310=CARTESIAN_POINT('',(35.639107961,-9.171428571,-19.928883847));
#311=DIRECTION('',(0.,-1.,0.));
#312=VECTOR('',#311,0.514285714);
#313=LINE('',#310,#312);
#314=EDGE_CURVE('',#287,#303,#313,.T.);
#315=ORIENTED_EDGE('',*,*,#314,.F.);
#316=EDGE_LOOP('',(#293,#301,#309,#315));
#317=FACE_BOUND('',#316,.T.);
#318=CARTESIAN_POINT('',(36.753393675,8.828571429,-21.858883318));
#319=VERTEX_POINT('',#318);
#320=CARTESIAN_POINT('',(36.496250818,8.828571429,-21.413498825));
#321=VERTEX_POINT('',#320);
#322=CARTESIAN_POINT('',(36.753393675,8.828571429,-21.858883318));
#323=DIRECTION('',(-0.5,0.,0.866025404));
#324=VECTOR('',#323,0.514285714);
#325=LINE('',#322,#324);
#326=EDGE_CURVE('',#319,#321,#325,.T.);
#327=ORIENTED_EDGE('',*,*,#326,.F.);
#328=CARTESIAN_POINT('',(36.753393675,8.314285714,-21.858883318));
#329=VERTEX_POINT('',#328);
#330=CARTESIAN_POINT('',(36.753393675,8.314285714,-21.858883318));
#331=DIRECTION('',(0.,1.,0.));
#332=VECTOR('',#331,0.514285714);
#333=LINE('',#330,#332);
#334=EDGE_CURVE('',#329,#319,#333,.T.);
#335=ORIENTED_EDGE('',*,*,#334,.F.);
#336=CARTESIAN_POINT('',(36.496250818,8.314285714,-21.413498825));
#337=VERTEX_POINT('',#336);
#338=CARTESIAN_POINT('',(36.496250818,8.314285714,-21.413498825));
#339=DIRECTION('',(0.5,0.,-0.866025404));
#340=VECTOR('',#339,0.514285714);
#341=LINE('',#338,#340);
#342=EDGE_CURVE('',#337,#329,#341,.T.);
#343=ORIENTED_EDGE('',*,*,#342,.F.);
#344=CARTESIAN_POINT('',(36.496250818,8.828571429,-21.413498825));
#345=DIRECTION('',(0.,-1.,0.));
#346=VECTOR('',#345,0.514285714);
#347=LINE('',#344,#346);
#348=EDGE_CURVE('',#321,#337,#347,.T.);
#349=ORIENTED_EDGE('',*,*,#348,.F.);
#350=EDGE_LOOP('',(#327,#335,#343,#349));
#351=FACE_BOUND('',#350,.T.);
#352=CARTESIAN_POINT('',(37.181965104,-11.742857143,-22.601190807));
#353=VERTEX_POINT('',#352);
#354=CARTESIAN_POINT('',(36.924822247,-11.742857143,-22.155806314));
#355=VERTEX_POINT('',#354);
#356=CARTESIAN_POINT('',(37.181965104,-11.742857143,-22.601190807));
#357=DIRECTION('',(-0.5,0.,0.866025404));
#358=VECTOR('',#357,0.514285714);
#359=LINE('',#356,#358);
#360=EDGE_CURVE('',#353,#355,#359,.T.);
#361=ORIENTED_EDGE('',*,*,#360,.F.);
#362=CARTESIAN_POINT('',(37.181965104,-12.257142857,-22.601190807));
#363=VERTEX_POINT('',#362);
#364=CARTESIAN_POINT('',(37.181965104,-12.257142857,-22.601190807));
#365=DIRECTION('',(0.,1.,0.));
#366=VECTOR('',#365,0.514285714);
#367=LINE('',#364,#366);
#368=EDGE_CURVE('',#363,#353,#367,.T.);
#369=ORIENTED_EDGE('',*,*,#368,.F.);
#370=CARTESIAN_POINT('',(36.924822247,-12.257142857,-22.155806314));
#371=VERTEX_POINT('',#370);
#372=CARTESIAN_POINT('',(36.924822247,-12.257142857,-22.155806314));
#373=DIRECTION('',(0.5,0.,-0.866025404));
#374=VECTOR('',#373,0.514285714);
#375=LINE('',#372,#374);
#376=EDGE_CURVE('',#371,#363,#375,.T.);
#377=ORIENTED_EDGE('',*,*,#376,.F.);
#378=CARTESIAN_POINT('',(36.924822247,-11.742857143,-22.155806314));
#379=DIRECTION('',(0.,-1.,0.));
#380=VECTOR('',#379,0.514285714);
#381=LINE('',#378,#380);
#382=EDGE_CURVE('',#355,#371,#381,.T.);
#383=ORIENTED_EDGE('',*,*,#382,.F.);
#384=EDGE_LOOP('',(#361,#369,#377,#383));
#385=FACE_BOUND('',#384,.T.);
#386=CARTESIAN_POINT('',(35.896250818,-5.742857143,-20.37426834));
#387=VERTEX_POINT('',#386);
#388=CARTESIAN_POINT('',(35.639107961,-5.742857143,-19.928883847));
#389=VERTEX_POINT('',#388);
#390=CARTESIAN_POINT('',(35.896250818,-5.742857143,-20.37426834));
#391=DIRECTION('',(-0.5,0.,0.866025404));
#392=VECTOR('',#391,0.514285714);
#393=LINE('',#390,#392);
#394=EDGE_CURVE('',#387,#389,#393,.T.);
#395=ORIENTED_EDGE('',*,*,#394,.F.);
#396=CARTESIAN_POINT('',(35.896250818,-6.257142857,-20.37426834));
#397=VERTEX_POINT('',#396);
#398=CARTESIAN_POINT('',(35.896250818,-6.257142857,-20.37426834));
#399=DIRECTION('',(0.,1.,0.));
#400=VECTOR('',#399,0.514285714);
#401=LINE('',#398,#400);
#402=EDGE_CURVE('',#397,#387,#401,.T.);
#403=ORIENTED_EDGE('',*,*,#402,.F.);
#404=CARTESIAN_POINT('',(35.639107961,-6.257142857,-19.928883847));
#405=VERTEX_POINT('',#404);
#406=CARTESIAN_POINT('',(35.639107961,-6.257142857,-19.928883847));
#407=DIRECTION('',(0.5,0.,-0.866025404));
#408=VECTOR('',#407,0.514285714);
#409=LINE('',#406,#408);
#410=EDGE_CURVE('',#405,#397,#409,.T.);
#411=ORIENTED_EDGE('',*,*,#410,.F.);
#412=CARTESIAN_POINT('',(35.639107961,-5.742857143,-19.928883847));
#413=DIRECTION('',(0.,-1.,0.));
#414=VECTOR('',#413,0.514285714);
#415=LINE('',#412,#414);
#416=EDGE_CURVE('',#389,#405,#415,.T.);
#417=ORIENTED_EDGE('',*,*,#416,.F.);
#418=EDGE_LOOP('',(#395,#403,#411,#417));
#419=FACE_BOUND('',#418,.T.);
#420=CARTESIAN_POINT('',(37.181965104,3.685714286,-22.601190807));
#421=VERTEX_POINT('',#420);
#422=CARTESIAN_POINT('',(36.924822247,3.685714286,-22.155806314));
#423=VERTEX_POINT('',#422);
#424=CARTESIAN_POINT('',(37.181965104,3.685714286,-22.601190807));
#425=DIRECTION('',(-0.5,0.,0.866025404));
#426=VECTOR('',#425,0.514285714);
#427=LINE('',#424,#426);
#428=EDGE_CURVE('',#421,#423,#427,.T.);
#429=ORIENTED_EDGE('',*,*,#428,.F.);
#430=CARTESIAN_POINT('',(37.181965104,3.171428571,-22.601190807));
#431=VERTEX_POINT('',#430);
#432=CARTESIAN_POINT('',(37.181965104,3.171428571,-22.601190807));
#433=DIRECTION('',(0.,1.,0.));
#434=VECTOR('',#433,0.514285714);
#435=LINE('',#432,#434);
#436=EDGE_CURVE('',#431,#421,#435,.T.);
#437=ORIENTED_EDGE('',*,*,#436,.F.);
#438=CARTESIAN_POINT('',(36.924822247,3.171428571,-22.155806314));
#439=VERTEX_POINT('',#438);
#440=CARTESIAN_POINT('',(36.924822247,3.171428571,-22.155806314));
#441=DIRECTION('',(0.5,0.,-0.866025404));
#442=VECTOR('',#441,0.514285714);
#443=LINE('',#440,#442);
#444=EDGE_CURVE('',#439,#431,#443,.T.);
#445=ORIENTED_EDGE('',*,*,#444,.F.);
#446=CARTESIAN_POINT('',(36.924822247,3.685714286,-22.155806314));
#447=DIRECTION('',(0.,-1.,0.));
#448=VECTOR('',#447,0.514285714);
#449=LINE('',#446,#448);
#450=EDGE_CURVE('',#423,#439,#449,.T.);
#451=ORIENTED_EDGE('',*,*,#450,.F.);
#452=EDGE_LOOP('',(#429,#437,#445,#451));
#453=FACE_BOUND('',#452,.T.);
#454=CARTESIAN_POINT('',(35.896250818,-10.885714286,-20.37426834));
#455=VERTEX_POINT('',#454);
#456=CARTESIAN_POINT('',(35.639107961,-10.885714286,-19.928883847));
#457=VERTEX_POINT('',#456);
#458=CARTESIAN_POINT('',(35.896250818,-10.885714286,-20.37426834));
#459=DIRECTION('',(-0.5,0.,0.866025404));
#460=VECTOR('',#459,0.514285714);
#461=LINE('',#458,#460);
#462=EDGE_CURVE('',#455,#457,#461,.T.);
#463=ORIENTED_EDGE('',*,*,#462,.F.);
#464=CARTESIAN_POINT('',(35.896250818,-11.4,-20.37426834));
#465=VERTEX_POINT('',#464);
#466=CARTESIAN_POINT('',(35.896250818,-11.4,-20.37426834));
#467=DIRECTION('',(0.,1.,0.));
#468=VECTOR('',#467,0.514285714);
#469=LINE('',#466,#468);
#470=EDGE_CURVE('',#465,#455,#469,.T.);
#471=ORIENTED_EDGE('',*,*,#470,.F.);
#472=CARTESIAN_POINT('',(35.639107961,-11.4,-19.928883847));
#473=VERTEX_POINT('',#472);
#474=CARTESIAN_POINT('',(35.639107961,-11.4,-19.928883847));
#475=DIRECTION('',(0.5,0.,-0.866025404));
#476=VECTOR('',#475,0.514285714);
#477=LINE('',#474,#476);
#478=EDGE_CURVE('',#473,#465,#477,.T.);
#479=ORIENTED_EDGE('',*,*,#478,.F.);
#480=CARTESIAN_POINT('',(35.639107961,-10.885714286,-19.928883847));
#481=DIRECTION('',(0.,-1.,0.));
#482=VECTOR('',#481,0.514285714);
#483=LINE('',#480,#482);
#484=EDGE_CURVE('',#457,#473,#483,.T.);
#485=ORIENTED_EDGE('',*,*,#484,.F.);
#486=EDGE_LOOP('',(#463,#471,#479,#485));
#487=FACE_BOUND('',#486,.T.);
#488=CARTESIAN_POINT('',(38.039107961,-11.742857143,-24.085805785));
#489=VERTEX_POINT('',#488);
#490=CARTESIAN_POINT('',(37.781965104,-11.742857143,-23.640421292));
#491=VERTEX_POINT('',#490);
#492=CARTESIAN_POINT('',(38.039107961,-11.742857143,-24.085805785));
#493=DIRECTION('',(-0.5,0.,0.866025404));
#494=VECTOR('',#493,0.514285714);
#495=LINE('',#492,#494);
#496=EDGE_CURVE('',#489,#491,#495,.T.);
#497=ORIENTED_EDGE('',*,*,#496,.F.);
#498=CARTESIAN_POINT('',(38.039107961,-12.257142857,-24.085805785));
#499=VERTEX_POINT('',#498);
#500=CARTESIAN_POINT('',(38.039107961,-12.257142857,-24.085805785));
#501=DIRECTION('',(0.,1.,0.));
#502=VECTOR('',#501,0.514285714);
#503=LINE('',#500,#502);
#504=EDGE_CURVE('',#499,#489,#503,.T.);
#505=ORIENTED_EDGE('',*,*,#504,.F.);
#506=CARTESIAN_POINT('',(37.781965104,-12.257142857,-23.640421292));
#507=VERTEX_POINT('',#506);
#508=CARTESIAN_POINT('',(37.781965104,-12.257142857,-23.640421292));
#509=DIRECTION('',(0.5,0.,-0.866025404));
#510=VECTOR('',#509,0.514285714);
#511=LINE('',#508,#510);
#512=EDGE_CURVE('',#507,#499,#511,.T.);
#513=ORIENTED_EDGE('',*,*,#512,.F.);
#514=CARTESIAN_POINT('',(37.781965104,-11.742857143,-23.640421292));
#515=DIRECTION('',(0.,-1.,0.));
#516=VECTOR('',#515,0.514285714);
#517=LINE('',#514,#516);
#518=EDGE_CURVE('',#491,#507,#517,.T.);
#519=ORIENTED_EDGE('',*,*,#518,.F.);
#520=EDGE_LOOP('',(#497,#505,#513,#519));
#521=FACE_BOUND('',#520,.T.);
#522=CARTESIAN_POINT('',(36.753393675,10.542857143,-21.858883318));
#523=VERTEX_POINT('',#522);
#524=CARTESIAN_POINT('',(36.496250818,10.542857143,-21.413498825));
#525=VERTEX_POINT('',#524);
#526=CARTESIAN_POINT('',(36.753393675,10.542857143,-21.858883318));
#527=DIRECTION('',(-0.5,0.,0.866025404));
#528=VECTOR('',#527,0.514285714);
#529=LINE('',#526,#528);
#530=EDGE_CURVE('',#523,#525,#529,.T.);
#531=ORIENTED_EDGE('',*,*,#530,.F.);
#532=CARTESIAN_POINT('',(36.753393675,10.028571429,-21.858883318));
#533=VERTEX_POINT('',#532);
#534=CARTESIAN_POINT('',(36.753393675,10.028571429,-21.858883318));
#535=DIRECTION('',(0.,1.,0.));
#536=VECTOR('',#535,0.514285714);
#537=LINE('',#534,#536);
#538=EDGE_CURVE('',#533,#523,#537,.T.);
#539=ORIENTED_EDGE('',*,*,#538,.F.);
#540=CARTESIAN_POINT('',(36.496250818,10.028571429,-21.413498825));
#541=VERTEX_POINT('',#540);
#542=CARTESIAN_POINT('',(36.496250818,10.028571429,-21.413498825));
#543=DIRECTION('',(0.5,0.,-0.866025404));
#544=VECTOR('',#543,0.514285714);
#545=LINE('',#542,#544);
#546=EDGE_CURVE('',#541,#533,#545,.T.);
#547=ORIENTED_EDGE('',*,*,#546,.F.);
#548=CARTESIAN_POINT('',(36.496250818,10.542857143,-21.413498825));
#549=DIRECTION('',(0.,-1.,0.));
#550=VECTOR('',#549,0.514285714);
#551=LINE('',#548,#550);
#552=EDGE_CURVE('',#525,#541,#551,.T.);
#553=ORIENTED_EDGE('',*,*,#552,.F.);
#554=EDGE_LOOP('',(#531,#539,#547,#553));
#555=FACE_BOUND('',#554,.T.);
#556=CARTESIAN_POINT('',(36.324822247,9.685714286,-21.116575829));
#557=VERTEX_POINT('',#556);
#558=CARTESIAN_POINT('',(36.06767939,9.685714286,-20.671191336));
#559=VERTEX_POINT('',#558);
#560=CARTESIAN_POINT('',(36.324822247,9.685714286,-21.116575829));
#561=DIRECTION('',(-0.5,0.,0.866025404));
#562=VECTOR('',#561,0.514285714);
#563=LINE('',#560,#562);
#564=EDGE_CURVE('',#557,#559,#563,.T.);
#565=ORIENTED_EDGE('',*,*,#564,.F.);
#566=CARTESIAN_POINT('',(36.324822247,9.171428571,-21.116575829));
#567=VERTEX_POINT('',#566);
#568=CARTESIAN_POINT('',(36.324822247,9.171428571,-21.116575829));
#569=DIRECTION('',(0.,1.,0.));
#570=VECTOR('',#569,0.514285714);
#571=LINE('',#568,#570);
#572=EDGE_CURVE('',#567,#557,#571,.T.);
#573=ORIENTED_EDGE('',*,*,#572,.F.);
#574=CARTESIAN_POINT('',(36.06767939,9.171428571,-20.671191336));
#575=VERTEX_POINT('',#574);
#576=CARTESIAN_POINT('',(36.06767939,9.171428571,-20.671191336));
#577=DIRECTION('',(0.5,0.,-0.866025404));
#578=VECTOR('',#577,0.514285714);
#579=LINE('',#576,#578);
#580=EDGE_CURVE('',#575,#567,#579,.T.);
#581=ORIENTED_EDGE('',*,*,#580,.F.);
#582=CARTESIAN_POINT('',(36.06767939,9.685714286,-20.671191336));
#583=DIRECTION('',(0.,-1.,0.));
#584=VECTOR('',#583,0.514285714);
#585=LINE('',#582,#584);
#586=EDGE_CURVE('',#559,#575,#585,.T.);
#587=ORIENTED_EDGE('',*,*,#586,.F.);
#588=EDGE_LOOP('',(#565,#573,#581,#587));
#589=FACE_BOUND('',#588,.T.);
#590=CARTESIAN_POINT('',(38.46767939,-9.171428571,-24.828113274));
#591=VERTEX_POINT('',#590);
#592=CARTESIAN_POINT('',(38.210536533,-9.171428571,-24.382728781));
#593=VERTEX_POINT('',#592);
#594=CARTESIAN_POINT('',(38.46767939,-9.171428571,-24.828113274));
#595=DIRECTION('',(-0.5,0.,0.866025404));
#596=VECTOR('',#595,0.514285714);
#597=LINE('',#594,#596);
#598=EDGE_CURVE('',#591,#593,#597,.T.);
#599=ORIENTED_EDGE('',*,*,#598,.F.);
#600=CARTESIAN_POINT('',(38.46767939,-9.685714286,-24.828113274));
#601=VERTEX_POINT('',#600);
#602=CARTESIAN_POINT('',(38.46767939,-9.685714286,-24.828113274));
#603=DIRECTION('',(0.,1.,0.));
#604=VECTOR('',#603,0.514285714);
#605=LINE('',#602,#604);
#606=EDGE_CURVE('',#601,#591,#605,.T.);
#607=ORIENTED_EDGE('',*,*,#606,.F.);
#608=CARTESIAN_POINT('',(38.210536533,-9.685714286,-24.382728781));
#609=VERTEX_POINT('',#608);
#610=CARTESIAN_POINT('',(38.210536533,-9.685714286,-24.382728781));
#611=DIRECTION('',(0.5,0.,-0.866025404));
#612=VECTOR('',#611,0.514285714);
#613=LINE('',#610,#612);
#614=EDGE_CURVE('',#609,#601,#613,.T.);
#615=ORIENTED_EDGE('',*,*,#614,.F.);
#616=CARTESIAN_POINT('',(38.210536533,-9.171428571,-24.382728781));
#617=DIRECTION('',(0.,-1.,0.));
#618=VECTOR('',#617,0.514285714);
#619=LINE('',#616,#618);
#620=EDGE_CURVE('',#593,#609,#619,.T.);
#621=ORIENTED_EDGE('',*,*,#620,.F.);
#622=EDGE_LOOP('',(#599,#607,#615,#621));
#623=FACE_BOUND('',#622,.T.);
#624=CARTESIAN_POINT('',(38.039107961,-6.6,-24.085805785));
#625=VERTEX_POINT('',#624);
#626=CARTESIAN_POINT('',(37.781965104,-6.6,-23.640421292));
#627=VERTEX_POINT('',#626);
#628=CARTESIAN_POINT('',(38.039107961,-6.6,-24.085805785));
#629=DIRECTION('',(-0.5,0.,0.866025404));
#630=VECTOR('',#629,0.514285714);
#631=LINE('',#628,#630);
#632=EDGE_CURVE('',#625,#627,#631,.T.);
#633=ORIENTED_EDGE('',*,*,#632,.F.);
#634=CARTESIAN_POINT('',(38.039107961,-7.114285714,-24.085805785));
#635=VERTEX_POINT('',#634);
#636=CARTESIAN_POINT('',(38.039107961,-7.114285714,-24.085805785));
#637=DIRECTION('',(0.,1.,0.));
#638=VECTOR('',#637,0.514285714);
#639=LINE('',#636,#638);
#640=EDGE_CURVE('',#635,#625,#639,.T.);
#641=ORIENTED_EDGE('',*,*,#640,.F.);
#642=CARTESIAN_POINT('',(37.781965104,-7.114285714,-23.640421292));
#643=VERTEX_POINT('',#642);
#644=CARTESIAN_POINT('',(37.781965104,-7.114285714,-23.640421292));
#645=DIRECTION('',(0.5,0.,-0.866025404));
#646=VECTOR('',#645,0.514285714);
#647=LINE('',#644,#646);
#648=EDGE_CURVE('',#643,#635,#647,.T.);
#649=ORIENTED_EDGE('',*,*,#648,.F.);
#650=CARTESIAN_POINT('',(37.781965104,-6.6,-23.640421292));
#651=DIRECTION('',(0.,-1.,0.));
#652=VECTOR('',#651,0.514285714);
#653=LINE('',#650,#652);
#654=EDGE_CURVE('',#627,#643,#653,.T.);
#655=ORIENTED_EDGE('',*,*,#654,.F.);
#656=EDGE_LOOP('',(#633,#641,#649,#655));
#657=FACE_BOUND('',#656,.T.);
#658=CARTESIAN_POINT('',(37.610536533,3.685714286,-23.343498296));
#659=VERTEX_POINT('',#658);
#660=CARTESIAN_POINT('',(37.353393675,3.685714286,-22.898113803));
#661=VERTEX_POINT('',#660);
#662=CARTESIAN_POINT('',(37.610536533,3.685714286,-23.343498296));
#663=DIRECTION('',(-0.5,0.,0.866025404));
#664=VECTOR('',#663,0.514285714);
#665=LINE('',#662,#664);
#666=EDGE_CURVE('',#659,#661,#665,.T.);
#667=ORIENTED_EDGE('',*,*,#666,.F.);
#668=CARTESIAN_POINT('',(37.610536533,3.171428571,-23.343498296));
#669=VERTEX_POINT('',#668);
#670=CARTESIAN_POINT('',(37.610536533,3.171428571,-23.343498296));
#671=DIRECTION('',(0.,1.,0.));
#672=VECTOR('',#671,0.514285714);
#673=LINE('',#670,#672);
#674=EDGE_CURVE('',#669,#659,#673,.T.);
#675=ORIENTED_EDGE('',*,*,#674,.F.);
#676=CARTESIAN_POINT('',(37.353393675,3.171428571,-22.898113803));
#677=VERTEX_POINT('',#676);
#678=CARTESIAN_POINT('',(37.353393675,3.171428571,-22.898113803));
#679=DIRECTION('',(0.5,0.,-0.866025404));
#680=VECTOR('',#679,0.514285714);
#681=LINE('',#678,#680);
#682=EDGE_CURVE('',#677,#669,#681,.T.);
#683=ORIENTED_EDGE('',*,*,#682,.F.);
#684=CARTESIAN_POINT('',(37.353393675,3.685714286,-22.898113803));
#685=DIRECTION('',(0.,-1.,0.));
#686=VECTOR('',#685,0.514285714);
#687=LINE('',#684,#686);
#688=EDGE_CURVE('',#661,#677,#687,.T.);
#689=ORIENTED_EDGE('',*,*,#688,.F.);
#690=EDGE_LOOP('',(#667,#675,#683,#689));
#691=FACE_BOUND('',#690,.T.);
#692=CARTESIAN_POINT('',(38.46767939,11.4,-24.828113274));
#693=VERTEX_POINT('',#692);
#694=CARTESIAN_POINT('',(38.210536533,11.4,-24.382728781));
#695=VERTEX_POINT('',#694);
#696=CARTESIAN_POINT('',(38.46767939,11.4,-24.828113274));
#697=DIRECTION('',(-0.5,0.,0.866025404));
#698=VECTOR('',#697,0.514285714);
#699=LINE('',#696,#698);
#700=EDGE_CURVE('',#693,#695,#699,.T.);
#701=ORIENTED_EDGE('',*,*,#700,.F.);
#702=CARTESIAN_POINT('',(38.46767939,10.885714286,-24.828113274));
#703=VERTEX_POINT('',#702);
#704=CARTESIAN_POINT('',(38.46767939,10.885714286,-24.828113274));
#705=DIRECTION('',(0.,1.,0.));
#706=VECTOR('',#705,0.514285714);
#707=LINE('',#704,#706);
#708=EDGE_CURVE('',#703,#693,#707,.T.);
#709=ORIENTED_EDGE('',*,*,#708,.F.);
#710=CARTESIAN_POINT('',(38.210536533,10.885714286,-24.382728781));
#711=VERTEX_POINT('',#710);
#712=CARTESIAN_POINT('',(38.210536533,10.885714286,-24.382728781));
#713=DIRECTION('',(0.5,0.,-0.866025404));
#714=VECTOR('',#713,0.514285714);
#715=LINE('',#712,#714);
#716=EDGE_CURVE('',#711,#703,#715,.T.);
#717=ORIENTED_EDGE('',*,*,#716,.F.);
#718=CARTESIAN_POINT('',(38.210536533,11.4,-24.382728781));
#719=DIRECTION('',(0.,-1.,0.));
#720=VECTOR('',#719,0.514285714);
#721=LINE('',#718,#720);
#722=EDGE_CURVE('',#695,#711,#721,.T.);
#723=ORIENTED_EDGE('',*,*,#722,.F.);
#724=EDGE_LOOP('',(#701,#709,#717,#723));
#725=FACE_BOUND('',#724,.T.);
#726=CARTESIAN_POINT('',(36.753393675,3.685714286,-21.858883318));
#727=VERTEX_POINT('',#726);
#728=CARTESIAN_POINT('',(36.496250818,3.685714286,-21.413498825));
#729=VERTEX_POINT('',#728);
#730=CARTESIAN_POINT('',(36.753393675,3.685714286,-21.858883318));
#731=DIRECTION('',(-0.5,0.,0.866025404));
#732=VECTOR('',#731,0.514285714);
#733=LINE('',#730,#732);
#734=EDGE_CURVE('',#727,#729,#733,.T.);
#735=ORIENTED_EDGE('',*,*,#734,.F.);
#736=CARTESIAN_POINT('',(36.753393675,3.171428571,-21.858883318));
#737=VERTEX_POINT('',#736);
#738=CARTESIAN_POINT('',(36.753393675,3.171428571,-21.858883318));
#739=DIRECTION('',(0.,1.,0.));
#740=VECTOR('',#739,0.514285714);
#741=LINE('',#738,#740);
#742=EDGE_CURVE('',#737,#727,#741,.T.);
#743=ORIENTED_EDGE('',*,*,#742,.F.);
#744=CARTESIAN_POINT('',(36.496250818,3.171428571,-21.413498825));
#745=VERTEX_POINT('',#744);
#746=CARTESIAN_POINT('',(36.496250818,3.171428571,-21.413498825));
#747=DIRECTION('',(0.5,0.,-0.866025404));
#748=VECTOR('',#747,0.514285714);
#749=LINE('',#746,#748);
#750=EDGE_CURVE('',#745,#737,#749,.T.);
#751=ORIENTED_EDGE('',*,*,#750,.F.);
#752=CARTESIAN_POINT('',(36.496250818,3.685714286,-21.413498825));
#753=DIRECTION('',(0.,-1.,0.));
#754=VECTOR('',#753,0.514285714);
#755=LINE('',#752,#754);
#756=EDGE_CURVE('',#729,#745,#755,.T.);
#757=ORIENTED_EDGE('',*,*,#756,.F.);
#758=EDGE_LOOP('',(#735,#743,#751,#757));
#759=FACE_BOUND('',#758,.T.);
#760=CARTESIAN_POINT('',(38.039107961,-3.171428571,-24.085805785));
#761=VERTEX_POINT('',#760);
#762=CARTESIAN_POINT('',(37.781965104,-3.171428571,-23.640421292));
#763=VERTEX_POINT('',#762);
#764=CARTESIAN_POINT('',(38.039107961,-3.171428571,-24.085805785));
#765=DIRECTION('',(-0.5,0.,0.866025404));
#766=VECTOR('',#765,0.514285714);
#767=LINE('',#764,#766);
#768=EDGE_CURVE('',#761,#763,#767,.T.);
#769=ORIENTED_EDGE('',*,*,#768,.F.);
#770=CARTESIAN_POINT('',(38.039107961,-3.685714286,-24.085805785));
#771=VERTEX_POINT('',#770);
#772=CARTESIAN_POINT('',(38.039107961,-3.685714286,-24.085805785));
#773=DIRECTION('',(0.,1.,0.));
#774=VECTOR('',#773,0.514285714);
#775=LINE('',#772,#774);
#776=EDGE_CURVE('',#771,#761,#775,.T.);
#777=ORIENTED_EDGE('',*,*,#776,.F.);
#778=CARTESIAN_POINT('',(37.781965104,-3.685714286,-23.640421292));
#779=VERTEX_POINT('',#778);
#780=CARTESIAN_POINT('',(37.781965104,-3.685714286,-23.640421292));
#781=DIRECTION('',(0.5,0.,-0.866025404));
#782=VECTOR('',#781,0.514285714);
#783=LINE('',#780,#782);
#784=EDGE_CURVE('',#779,#771,#783,.T.);
#785=ORIENTED_EDGE('',*,*,#784,.F.);
#786=CARTESIAN_POINT('',(37.781965104,-3.171428571,-23.640421292));
#787=DIRECTION('',(0.,-1.,0.));
#788=VECTOR('',#787,0.514285714);
#789=LINE('',#786,#788);
#790=EDGE_CURVE('',#763,#779,#789,.T.);
#791=ORIENTED_EDGE('',*,*,#790,.F.);
#792=EDGE_LOOP('',(#769,#777,#785,#791));
#793=FACE_BOUND('',#792,.T.);
#794=CARTESIAN_POINT('',(38.46767939,10.542857143,-24.828113274));
#795=VERTEX_POINT('',#794);
#796=CARTESIAN_POINT('',(38.210536533,10.542857143,-24.382728781));
#797=VERTEX_POINT('',#796);
#798=CARTESIAN_POINT('',(38.46767939,10.542857143,-24.828113274));
#799=DIRECTION('',(-0.5,0.,0.866025404));
#800=VECTOR('',#799,0.514285714);
#801=LINE('',#798,#800);
#802=EDGE_CURVE('',#795,#797,#801,.T.);
#803=ORIENTED_EDGE('',*,*,#802,.F.);
#804=CARTESIAN_POINT('',(38.46767939,10.028571429,-24.828113274));
#805=VERTEX_POINT('',#804);
#806=CARTESIAN_POINT('',(38.46767939,10.028571429,-24.828113274));
#807=DIRECTION('',(0.,1.,0.));
#808=VECTOR('',#807,0.514285714);
#809=LINE('',#806,#808);
#810=EDGE_CURVE('',#805,#795,#809,.T.);
#811=ORIENTED_EDGE('',*,*,#810,.F.);
#812=CARTESIAN_POINT('',(38.210536533,10.028571429,-24.382728781));
#813=VERTEX_POINT('',#812);
#814=CARTESIAN_POINT('',(38.210536533,10.028571429,-24.382728781));
#815=DIRECTION('',(0.5,0.,-0.866025404));
#816=VECTOR('',#815,0.514285714);
#817=LINE('',#814,#816);
#818=EDGE_CURVE('',#813,#805,#817,.T.);
#819=ORIENTED_EDGE('',*,*,#818,.F.);
#820=CARTESIAN_POINT('',(38.210536533,10.542857143,-24.382728781));
#821=DIRECTION('',(0.,-1.,0.));
#822=VECTOR('',#821,0.514285714);
#823=LINE('',#820,#822);
#824=EDGE_CURVE('',#797,#813,#823,.T.);
#825=ORIENTED_EDGE('',*,*,#824,.F.);
#826=EDGE_LOOP('',(#803,#811,#819,#825));
#827=FACE_BOUND('',#826,.T.);
#828=CARTESIAN_POINT('',(35.896250818,-10.028571429,-20.37426834));
#829=VERTEX_POINT('',#828);
#830=CARTESIAN_POINT('',(35.639107961,-10.028571429,-19.928883847));
#831=VERTEX_POINT('',#830);
#832=CARTESIAN_POINT('',(35.896250818,-10.028571429,-20.37426834));
#833=DIRECTION('',(-0.5,0.,0.866025404));
#834=VECTOR('',#833,0.514285714);
#835=LINE('',#832,#834);
#836=EDGE_CURVE('',#829,#831,#835,.T.);
#837=ORIENTED_EDGE('',*,*,#836,.F.);
#838=CARTESIAN_POINT('',(35.896250818,-10.542857143,-20.37426834));
#839=VERTEX_POINT('',#838);
#840=CARTESIAN_POINT('',(35.896250818,-10.542857143,-20.37426834));
#841=DIRECTION('',(0.,1.,0.));
#842=VECTOR('',#841,0.514285714);
#843=LINE('',#840,#842);
#844=EDGE_CURVE('',#839,#829,#843,.T.);
#845=ORIENTED_EDGE('',*,*,#844,.F.);
#846=CARTESIAN_POINT('',(35.639107961,-10.542857143,-19.928883847));
#847=VERTEX_POINT('',#846);
#848=CARTESIAN_POINT('',(35.639107961,-10.542857143,-19.928883847));
#849=DIRECTION('',(0.5,0.,-0.866025404));
#850=VECTOR('',#849,0.514285714);
#851=LINE('',#848,#850);
#852=EDGE_CURVE('',#847,#839,#851,.T.);
#853=ORIENTED_EDGE('',*,*,#852,.F.);
#854=CARTESIAN_POINT('',(35.639107961,-10.028571429,-19.928883847));
#855=DIRECTION('',(0.,-1.,0.));
#856=VECTOR('',#855,0.514285714);
#857=LINE('',#854,#856);
#858=EDGE_CURVE('',#831,#847,#857,.T.);
#859=ORIENTED_EDGE('',*,*,#858,.F.);
#860=EDGE_LOOP('',(#837,#845,#853,#859));
#861=FACE_BOUND('',#860,.T.);
#862=CARTESIAN_POINT('',(35.896250818,10.542857143,-20.37426834));
#863=VERTEX_POINT('',#862);
#864=CARTESIAN_POINT('',(35.639107961,10.542857143,-19.928883847));
#865=VERTEX_POINT('',#864);
#866=CARTESIAN_POINT('',(35.896250818,10.542857143,-20.37426834));
#867=DIRECTION('',(-0.5,0.,0.866025404));
#868=VECTOR('',#867,0.514285714);
#869=LINE('',#866,#868);
#870=EDGE_CURVE('',#863,#865,#869,.T.);
#871=ORIENTED_EDGE('',*,*,#870,.F.);
#872=CARTESIAN_POINT('',(35.896250818,10.028571429,-20.37426834));
#873=VERTEX_POINT('',#872);
#874=CARTESIAN_POINT('',(35.896250818,10.028571429,-20.37426834));
#875=DIRECTION('',(0.,1.,0.));
#876=VECTOR('',#875,0.514285714);
#877=LINE('',#874,#876);
#878=EDGE_CURVE('',#873,#863,#877,.T.);
#879=ORIENTED_EDGE('',*,*,#878,.F.);
#880=CARTESIAN_POINT('',(35.639107961,10.028571429,-19.928883847));
#881=VERTEX_POINT('',#880);
#882=CARTESIAN_POINT('',(35.639107961,10.028571429,-19.928883847));
#883=DIRECTION('',(0.5,0.,-0.866025404));
#884=VECTOR('',#883,0.514285714);
#885=LINE('',#882,#884);
#886=EDGE_CURVE('',#881,#873,#885,.T.);
#887=ORIENTED_EDGE('',*,*,#886,.F.);
#888=CARTESIAN_POINT('',(35.639107961,10.542857143,-19.928883847));
#889=DIRECTION('',(0.,-1.,0.));
#890=VECTOR('',#889,0.514285714);
#891=LINE('',#888,#890);
#892=EDGE_CURVE('',#865,#881,#891,.T.);
#893=ORIENTED_EDGE('',*,*,#892,.F.);
#894=EDGE_LOOP('',(#871,#879,#887,#893));
#895=FACE_BOUND('',#894,.T.);
#896=CARTESIAN_POINT('',(38.46767939,-8.314285714,-24.828113274));
#897=VERTEX_POINT('',#896);
#898=CARTESIAN_POINT('',(38.210536533,-8.314285714,-24.382728781));
#899=VERTEX_POINT('',#898);
#900=CARTESIAN_POINT('',(38.46767939,-8.314285714,-24.828113274));
#901=DIRECTION('',(-0.5,0.,0.866025404));
#902=VECTOR('',#901,0.514285714);
#903=LINE('',#900,#902);
#904=EDGE_CURVE('',#897,#899,#903,.T.);
#905=ORIENTED_EDGE('',*,*,#904,.F.);
#906=CARTESIAN_POINT('',(38.46767939,-8.828571429,-24.828113274));
#907=VERTEX_POINT('',#906);
#908=CARTESIAN_POINT('',(38.46767939,-8.828571429,-24.828113274));
#909=DIRECTION('',(0.,1.,0.));
#910=VECTOR('',#909,0.514285714);
#911=LINE('',#908,#910);
#912=EDGE_CURVE('',#907,#897,#911,.T.);
#913=ORIENTED_EDGE('',*,*,#912,.F.);
#914=CARTESIAN_POINT('',(38.210536533,-8.828571429,-24.382728781));
#915=VERTEX_POINT('',#914);
#916=CARTESIAN_POINT('',(38.210536533,-8.828571429,-24.382728781));
#917=DIRECTION('',(0.5,0.,-0.866025404));
#918=VECTOR('',#917,0.514285714);
#919=LINE('',#916,#918);
#920=EDGE_CURVE('',#915,#907,#919,.T.);
#921=ORIENTED_EDGE('',*,*,#920,.F.);
#922=CARTESIAN_POINT('',(38.210536533,-8.314285714,-24.382728781));
#923=DIRECTION('',(0.,-1.,0.));
#924=VECTOR('',#923,0.514285714);
#925=LINE('',#922,#924);
#926=EDGE_CURVE('',#899,#915,#925,.T.);
#927=ORIENTED_EDGE('',*,*,#926,.F.);
#928=EDGE_LOOP('',(#905,#913,#921,#927));
#929=FACE_BOUND('',#928,.T.);
#930=CARTESIAN_POINT('',(38.896250818,1.971428571,-25.570420763));
#931=VERTEX_POINT('',#930);
#932=CARTESIAN_POINT('',(38.639107961,1.971428571,-25.12503627));
#933=VERTEX_POINT('',#932);
#934=CARTESIAN_POINT('',(38.896250818,1.971428571,-25.570420763));
#935=DIRECTION('',(-0.5,0.,0.866025404));
#936=VECTOR('',#935,0.514285714);
#937=LINE('',#934,#936);
#938=EDGE_CURVE('',#931,#933,#937,.T.);
#939=ORIENTED_EDGE('',*,*,#938,.F.);
#940=CARTESIAN_POINT('',(38.896250818,1.457142857,-25.570420763));
#941=VERTEX_POINT('',#940);
#942=CARTESIAN_POINT('',(38.896250818,1.457142857,-25.570420763));
#943=DIRECTION('',(0.,1.,0.));
#944=VECTOR('',#943,0.514285714);
#945=LINE('',#942,#944);
#946=EDGE_CURVE('',#941,#931,#945,.T.);
#947=ORIENTED_EDGE('',*,*,#946,.F.);
#948=CARTESIAN_POINT('',(38.639107961,1.457142857,-25.12503627));
#949=VERTEX_POINT('',#948);
#950=CARTESIAN_POINT('',(38.639107961,1.457142857,-25.12503627));
#951=DIRECTION('',(0.5,0.,-0.866025404));
#952=VECTOR('',#951,0.514285714);
#953=LINE('',#950,#952);
#954=EDGE_CURVE('',#949,#941,#953,.T.);
#955=ORIENTED_EDGE('',*,*,#954,.F.);
#956=CARTESIAN_POINT('',(38.639107961,1.971428571,-25.12503627));
#957=DIRECTION('',(0.,-1.,0.));
#958=VECTOR('',#957,0.514285714);
#959=LINE('',#956,#958);
#960=EDGE_CURVE('',#933,#949,#959,.T.);
#961=ORIENTED_EDGE('',*,*,#960,.F.);
#962=EDGE_LOOP('',(#939,#947,#955,#961));
#963=FACE_BOUND('',#962,.T.);
#964=CARTESIAN_POINT('',(36.324822247,10.542857143,-21.116575829));
#965=VERTEX_POINT('',#964);
#966=CARTESIAN_POINT('',(36.06767939,10.542857143,-20.671191336));
#967=VERTEX_POINT('',#966);
#968=CARTESIAN_POINT('',(36.324822247,10.542857143,-21.116575829));
#969=DIRECTION('',(-0.5,0.,0.866025404));
#970=VECTOR('',#969,0.514285714);
#971=LINE('',#968,#970);
#972=EDGE_CURVE('',#965,#967,#971,.T.);
#973=ORIENTED_EDGE('',*,*,#972,.F.);
#974=CARTESIAN_POINT('',(36.324822247,10.028571429,-21.116575829));
#975=VERTEX_POINT('',#974);
#976=CARTESIAN_POINT('',(36.324822247,10.028571429,-21.116575829));
#977=DIRECTION('',(0.,1.,0.));
#978=VECTOR('',#977,0.514285714);
#979=LINE('',#976,#978);
#980=EDGE_CURVE('',#975,#965,#979,.T.);
#981=ORIENTED_EDGE('',*,*,#980,.F.);
#982=CARTESIAN_POINT('',(36.06767939,10.028571429,-20.671191336));
#983=VERTEX_POINT('',#982);
#984=CARTESIAN_POINT('',(36.06767939,10.028571429,-20.671191336));
#985=DIRECTION('',(0.5,0.,-0.866025404));
#986=VECTOR('',#985,0.514285714);
#987=LINE('',#984,#986);
#988=EDGE_CURVE('',#983,#975,#987,.T.);
#989=ORIENTED_EDGE('',*,*,#988,.F.);
#990=CARTESIAN_POINT('',(36.06767939,10.542857143,-20.671191336));
#991=DIRECTION('',(0.,-1.,0.));
#992=VECTOR('',#991,0.514285714);
#993=LINE('',#990,#992);
#994=EDGE_CURVE('',#967,#983,#993,.T.);
#995=ORIENTED_EDGE('',*,*,#994,.F.);
#996=EDGE_LOOP('',(#973,#981,#989,#995));
#997=FACE_BOUND('',#996,.T.);
#998=CARTESIAN_POINT('',(38.896250818,-1.457142857,-25.570420763));
#999=VERTEX_POINT('',#998);
#1000=CARTESIAN_POINT('',(38.639107961,-1.457142857,-25.12503627));
#1001=VERTEX_POINT('',#1000);
#1002=CARTESIAN_POINT('',(38.896250818,-1.457142857,-25.570420763));
#1003=DIRECTION('',(-0.5,0.,0.866025404));
#1004=VECTOR('',#1003,0.514285714);
#1005=LINE('',#1002,#1004);
#1006=EDGE_CURVE('',#999,#1001,#1005,.T.);
#1007=ORIENTED_EDGE('',*,*,#1006,.F.);
#1008=CARTESIAN_POINT('',(38.896250818,-1.971428571,-25.570420763));
#1009=VERTEX_POINT('',#1008);
#1010=CARTESIAN_POINT('',(38.896250818,-1.971428571,-25.570420763));
#1011=DIRECTION('',(0.,1.,0.));
#1012=VECTOR('',#1011,0.514285714);
#1013=LINE('',#1010,#1012);
#1014=EDGE_CURVE('',#1009,#999,#1013,.T.);
#1015=ORIENTED_EDGE('',*,*,#1014,.F.);
#1016=CARTESIAN_POINT('',(38.639107961,-1.971428571,-25.12503627));
#1017=VERTEX_POINT('',#1016);
#1018=CARTESIAN_POINT('',(38.639107961,-1.971428571,-25.12503627));
#1019=DIRECTION('',(0.5,0.,-0.866025404));
#1020=VECTOR('',#1019,0.514285714);
#1021=LINE('',#1018,#1020);
#1022=EDGE_CURVE('',#1017,#1009,#1021,.T.);
#1023=ORIENTED_EDGE('',*,*,#1022,.F.);
#1024=CARTESIAN_POINT('',(38.639107961,-1.457142857,-25.12503627));
#1025=DIRECTION('',(0.,-1.,0.));
#1026=VECTOR('',#1025,0.514285714);
#1027=LINE('',#1024,#1026);
#1028=EDGE_CURVE('',#1001,#1017,#1027,.T.);
#1029=ORIENTED_EDGE('',*,*,#1028,.F.);
#1030=EDGE_LOOP('',(#1007,#1015,#1023,#1029));
#1031=FACE_BOUND('',#1030,.T.);
#1032=CARTESIAN_POINT('',(35.896250818,-11.742857143,-20.37426834));
#1033=VERTEX_POINT('',#1032);
#1034=CARTESIAN_POINT('',(35.639107961,-11.742857143,-19.928883847));
#1035=VERTEX_POINT('',#1034);
#1036=CARTESIAN_POINT('',(35.896250818,-11.742857143,-20.37426834));
#1037=DIRECTION('',(-0.5,0.,0.866025404));
#1038=VECTOR('',#1037,0.514285714);
#1039=LINE('',#1036,#1038);
#1040=EDGE_CURVE('',#1033,#1035,#1039,.T.);
#1041=ORIENTED_EDGE('',*,*,#1040,.F.);
#1042=CARTESIAN_POINT('',(35.896250818,-12.257142857,-20.37426834));
#1043=VERTEX_POINT('',#1042);
#1044=CARTESIAN_POINT('',(35.896250818,-12.257142857,-20.37426834));
#1045=DIRECTION('',(0.,1.,0.));
#1046=VECTOR('',#1045,0.514285714);
#1047=LINE('',#1044,#1046);
#1048=EDGE_CURVE('',#1043,#1033,#1047,.T.);
#1049=ORIENTED_EDGE('',*,*,#1048,.F.);
#1050=CARTESIAN_POINT('',(35.639107961,-12.257142857,-19.928883847));
#1051=VERTEX_POINT('',#1050);
#1052=CARTESIAN_POINT('',(35.639107961,-12.257142857,-19.928883847));
#1053=DIRECTION('',(0.5,0.,-0.866025404));
#1054=VECTOR('',#1053,0.514285714);
#1055=LINE('',#1052,#1054);
#1056=EDGE_CURVE('',#1051,#1043,#1055,.T.);
#1057=ORIENTED_EDGE('',*,*,#1056,.F.);
#1058=CARTESIAN_POINT('',(35.639107961,-11.742857143,-19.928883847));
#1059=DIRECTION('',(0.,-1.,0.));
#1060=VECTOR('',#1059,0.514285714);
#1061=LINE('',#1058,#1060);
#1062=EDGE_CURVE('',#1035,#1051,#1061,.T.);
#1063=ORIENTED_EDGE('',*,*,#1062,.F.);
#1064=EDGE_LOOP('',(#1041,#1049,#1057,#1063));
#1065=FACE_BOUND('',#1064,.T.);
#1066=CARTESIAN_POINT('',(36.753393675,-11.742857143,-21.858883318));
#1067=VERTEX_POINT('',#1066);
#1068=CARTESIAN_POINT('',(36.496250818,-11.742857143,-21.413498825));
#1069=VERTEX_POINT('',#1068);
#1070=CARTESIAN_POINT('',(36.753393675,-11.742857143,-21.858883318));
#1071=DIRECTION('',(-0.5,0.,0.866025404));
#1072=VECTOR('',#1071,0.514285714);
#1073=LINE('',#1070,#1072);
#1074=EDGE_CURVE('',#1067,#1069,#1073,.T.);
#1075=ORIENTED_EDGE('',*,*,#1074,.F.);
#1076=CARTESIAN_POINT('',(36.753393675,-12.257142857,-21.858883318));
#1077=VERTEX_POINT('',#1076);
#1078=CARTESIAN_POINT('',(36.753393675,-12.257142857,-21.858883318));
#1079=DIRECTION('',(0.,1.,0.));
#1080=VECTOR('',#1079,0.514285714);
#1081=LINE('',#1078,#1080);
#1082=EDGE_CURVE('',#1077,#1067,#1081,.T.);
#1083=ORIENTED_EDGE('',*,*,#1082,.F.);
#1084=CARTESIAN_POINT('',(36.496250818,-12.257142857,-21.413498825));
#1085=VERTEX_POINT('',#1084);
#1086=CARTESIAN_POINT('',(36.496250818,-12.257142857,-21.413498825));
#1087=DIRECTION('',(0.5,0.,-0.866025404));
#1088=VECTOR('',#1087,0.514285714);
#1089=LINE('',#1086,#1088);
#1090=EDGE_CURVE('',#1085,#1077,#1089,.T.);
#1091=ORIENTED_EDGE('',*,*,#1090,.F.);
#1092=CARTESIAN_POINT('',(36.496250818,-11.742857143,-21.413498825));
#1093=DIRECTION('',(0.,-1.,0.));
#1094=VECTOR('',#1093,0.514285714);
#1095=LINE('',#1092,#1094);
#1096=EDGE_CURVE('',#1069,#1085,#1095,.T.);
#1097=ORIENTED_EDGE('',*,*,#1096,.F.);
#1098=EDGE_LOOP('',(#1075,#1083,#1091,#1097));
#1099=FACE_BOUND('',#1098,.T.);
#1100=CARTESIAN_POINT('',(38.896250818,-0.6,-25.570420763));
#1101=VERTEX_POINT('',#1100);
#1102=CARTESIAN_POINT('',(38.639107961,-0.6,-25.12503627));
#1103=VERTEX_POINT('',#1102);
#1104=CARTESIAN_POINT('',(38.896250818,-0.6,-25.570420763));
#1105=DIRECTION('',(-0.5,0.,0.866025404));
#1106=VECTOR('',#1105,0.514285714);
#1107=LINE('',#1104,#1106);
#1108=EDGE_CURVE('',#1101,#1103,#1107,.T.);
#1109=ORIENTED_EDGE('',*,*,#1108,.F.);
#1110=CARTESIAN_POINT('',(38.896250818,-1.114285714,-25.570420763));
#1111=VERTEX_POINT('',#1110);
#1112=CARTESIAN_POINT('',(38.896250818,-1.114285714,-25.570420763));
#1113=DIRECTION('',(0.,1.,0.));
#1114=VECTOR('',#1113,0.514285714);
#1115=LINE('',#1112,#1114);
#1116=EDGE_CURVE('',#1111,#1101,#1115,.T.);
#1117=ORIENTED_EDGE('',*,*,#1116,.F.);
#1118=CARTESIAN_POINT('',(38.639107961,-1.114285714,-25.12503627));
#1119=VERTEX_POINT('',#1118);
#1120=CARTESIAN_POINT('',(38.639107961,-1.114285714,-25.12503627));
#1121=DIRECTION('',(0.5,0.,-0.866025404));
#1122=VECTOR('',#1121,0.514285714);
#1123=LINE('',#1120,#1122);
#1124=EDGE_CURVE('',#1119,#1111,#1123,.T.);
#1125=ORIENTED_EDGE('',*,*,#1124,.F.);
#1126=CARTESIAN_POINT('',(38.639107961,-0.6,-25.12503627));
#1127=DIRECTION('',(0.,-1.,0.));
#1128=VECTOR('',#1127,0.514285714);
#1129=LINE('',#1126,#1128);
#1130=EDGE_CURVE('',#1103,#1119,#1129,.T.);
#1131=ORIENTED_EDGE('',*,*,#1130,.F.);
#1132=EDGE_LOOP('',(#1109,#1117,#1125,#1131));
#1133=FACE_BOUND('',#1132,.T.);
#1134=CARTESIAN_POINT('',(37.181965104,-4.885714286,-22.601190807));
#1135=VERTEX_POINT('',#1134);
#1136=CARTESIAN_POINT('',(36.924822247,-4.885714286,-22.155806314));
#1137=VERTEX_POINT('',#1136);
#1138=CARTESIAN_POINT('',(37.181965104,-4.885714286,-22.601190807));
#1139=DIRECTION('',(-0.5,0.,0.866025404));
#1140=VECTOR('',#1139,0.514285714);
#1141=LINE('',#1138,#1140);
#1142=EDGE_CURVE('',#1135,#1137,#1141,.T.);
#1143=ORIENTED_EDGE('',*,*,#1142,.F.);
#1144=CARTESIAN_POINT('',(37.181965104,-5.4,-22.601190807));
#1145=VERTEX_POINT('',#1144);
#1146=CARTESIAN_POINT('',(37.181965104,-5.4,-22.601190807));
#1147=DIRECTION('',(0.,1.,0.));
#1148=VECTOR('',#1147,0.514285714);
#1149=LINE('',#1146,#1148);
#1150=EDGE_CURVE('',#1145,#1135,#1149,.T.);
#1151=ORIENTED_EDGE('',*,*,#1150,.F.);
#1152=CARTESIAN_POINT('',(36.924822247,-5.4,-22.155806314));
#1153=VERTEX_POINT('',#1152);
#1154=CARTESIAN_POINT('',(36.924822247,-5.4,-22.155806314));
#1155=DIRECTION('',(0.5,0.,-0.866025404));
#1156=VECTOR('',#1155,0.514285714);
#1157=LINE('',#1154,#1156);
#1158=EDGE_CURVE('',#1153,#1145,#1157,.T.);
#1159=ORIENTED_EDGE('',*,*,#1158,.F.);
#1160=CARTESIAN_POINT('',(36.924822247,-4.885714286,-22.155806314));
#1161=DIRECTION('',(0.,-1.,0.));
#1162=VECTOR('',#1161,0.514285714);
#1163=LINE('',#1160,#1162);
#1164=EDGE_CURVE('',#1137,#1153,#1163,.T.);
#1165=ORIENTED_EDGE('',*,*,#1164,.F.);
#1166=EDGE_LOOP('',(#1143,#1151,#1159,#1165));
#1167=FACE_BOUND('',#1166,.T.);
#1168=CARTESIAN_POINT('',(38.46767939,-11.742857143,-24.828113274));
#1169=VERTEX_POINT('',#1168);
#1170=CARTESIAN_POINT('',(38.210536533,-11.742857143,-24.382728781));
#1171=VERTEX_POINT('',#1170);
#1172=CARTESIAN_POINT('',(38.46767939,-11.742857143,-24.828113274));
#1173=DIRECTION('',(-0.5,0.,0.866025404));
#1174=VECTOR('',#1173,0.514285714);
#1175=LINE('',#1172,#1174);
#1176=EDGE_CURVE('',#1169,#1171,#1175,.T.);
#1177=ORIENTED_EDGE('',*,*,#1176,.F.);
#1178=CARTESIAN_POINT('',(38.46767939,-12.257142857,-24.828113274));
#1179=VERTEX_POINT('',#1178);
#1180=CARTESIAN_POINT('',(38.46767939,-12.257142857,-24.828113274));
#1181=DIRECTION('',(0.,1.,0.));
#1182=VECTOR('',#1181,0.514285714);
#1183=LINE('',#1180,#1182);
#1184=EDGE_CURVE('',#1179,#1169,#1183,.T.);
#1185=ORIENTED_EDGE('',*,*,#1184,.F.);
#1186=CARTESIAN_POINT('',(38.210536533,-12.257142857,-24.382728781));
#1187=VERTEX_POINT('',#1186);
#1188=CARTESIAN_POINT('',(38.210536533,-12.257142857,-24.382728781));
#1189=DIRECTION('',(0.5,0.,-0.866025404));
#1190=VECTOR('',#1189,0.514285714);
#1191=LINE('',#1188,#1190);
#1192=EDGE_CURVE('',#1187,#1179,#1191,.T.);
#1193=ORIENTED_EDGE('',*,*,#1192,.F.);
#1194=CARTESIAN_POINT('',(38.210536533,-11.742857143,-24.382728781));
#1195=DIRECTION('',(0.,-1.,0.));
#1196=VECTOR('',#1195,0.514285714);
#1197=LINE('',#1194,#1196);
#1198=EDGE_CURVE('',#1171,#1187,#1197,.T.);
#1199=ORIENTED_EDGE('',*,*,#1198,.F.);
#1200=EDGE_LOOP('',(#1177,#1185,#1193,#1199));
#1201=FACE_BOUND('',#1200,.T.);
#1202=CARTESIAN_POINT('',(37.610536533,7.114285714,-23.343498296));
#1203=VERTEX_POINT('',#1202);
#1204=CARTESIAN_POINT('',(37.353393675,7.114285714,-22.898113803));
#1205=VERTEX_POINT('',#1204);
#1206=CARTESIAN_POINT('',(37.610536533,7.114285714,-23.343498296));
#1207=DIRECTION('',(-0.5,0.,0.866025404));
#1208=VECTOR('',#1207,0.514285714);
#1209=LINE('',#1206,#1208);
#1210=EDGE_CURVE('',#1203,#1205,#1209,.T.);
#1211=ORIENTED_EDGE('',*,*,#1210,.F.);
#1212=CARTESIAN_POINT('',(37.610536533,6.6,-23.343498296));
#1213=VERTEX_POINT('',#1212);
#1214=CARTESIAN_POINT('',(37.610536533,6.6,-23.343498296));
#1215=DIRECTION('',(0.,1.,0.));
#1216=VECTOR('',#1215,0.514285714);
#1217=LINE('',#1214,#1216);
#1218=EDGE_CURVE('',#1213,#1203,#1217,.T.);
#1219=ORIENTED_EDGE('',*,*,#1218,.F.);
#1220=CARTESIAN_POINT('',(37.353393675,6.6,-22.898113803));
#1221=VERTEX_POINT('',#1220);
#1222=CARTESIAN_POINT('',(37.353393675,6.6,-22.898113803));
#1223=DIRECTION('',(0.5,0.,-0.866025404));
#1224=VECTOR('',#1223,0.514285714);
#1225=LINE('',#1222,#1224);
#1226=EDGE_CURVE('',#1221,#1213,#1225,.T.);
#1227=ORIENTED_EDGE('',*,*,#1226,.F.);
#1228=CARTESIAN_POINT('',(37.353393675,7.114285714,-22.898113803));
#1229=DIRECTION('',(0.,-1.,0.));
#1230=VECTOR('',#1229,0.514285714);
#1231=LINE('',#1228,#1230);
#1232=EDGE_CURVE('',#1205,#1221,#1231,.T.);
#1233=ORIENTED_EDGE('',*,*,#1232,.F.);
#1234=EDGE_LOOP('',(#1211,#1219,#1227,#1233));
#1235=FACE_BOUND('',#1234,.T.);
#1236=CARTESIAN_POINT('',(38.46767939,9.685714286,-24.828113274));
#1237=VERTEX_POINT('',#1236);
#1238=CARTESIAN_POINT('',(38.210536533,9.685714286,-24.382728781));
#1239=VERTEX_POINT('',#1238);
#1240=CARTESIAN_POINT('',(38.46767939,9.685714286,-24.828113274));
#1241=DIRECTION('',(-0.5,0.,0.866025404));
#1242=VECTOR('',#1241,0.514285714);
#1243=LINE('',#1240,#1242);
#1244=EDGE_CURVE('',#1237,#1239,#1243,.T.);
#1245=ORIENTED_EDGE('',*,*,#1244,.F.);
#1246=CARTESIAN_POINT('',(38.46767939,9.171428571,-24.828113274));
#1247=VERTEX_POINT('',#1246);
#1248=CARTESIAN_POINT('',(38.46767939,9.171428571,-24.828113274));
#1249=DIRECTION('',(0.,1.,0.));
#1250=VECTOR('',#1249,0.514285714);
#1251=LINE('',#1248,#1250);
#1252=EDGE_CURVE('',#1247,#1237,#1251,.T.);
#1253=ORIENTED_EDGE('',*,*,#1252,.F.);
#1254=CARTESIAN_POINT('',(38.210536533,9.171428571,-24.382728781));
#1255=VERTEX_POINT('',#1254);
#1256=CARTESIAN_POINT('',(38.210536533,9.171428571,-24.382728781));
#1257=DIRECTION('',(0.5,0.,-0.866025404));
#1258=VECTOR('',#1257,0.514285714);
#1259=LINE('',#1256,#1258);
#1260=EDGE_CURVE('',#1255,#1247,#1259,.T.);
#1261=ORIENTED_EDGE('',*,*,#1260,.F.);
#1262=CARTESIAN_POINT('',(38.210536533,9.685714286,-24.382728781));
#1263=DIRECTION('',(0.,-1.,0.));
#1264=VECTOR('',#1263,0.514285714);
#1265=LINE('',#1262,#1264);
#1266=EDGE_CURVE('',#1239,#1255,#1265,.T.);
#1267=ORIENTED_EDGE('',*,*,#1266,.F.);
#1268=EDGE_LOOP('',(#1245,#1253,#1261,#1267));
#1269=FACE_BOUND('',#1268,.T.);
#1270=CARTESIAN_POINT('',(37.610536533,-11.742857143,-23.343498296));
#1271=VERTEX_POINT('',#1270);
#1272=CARTESIAN_POINT('',(37.353393675,-11.742857143,-22.898113803));
#1273=VERTEX_POINT('',#1272);
#1274=CARTESIAN_POINT('',(37.610536533,-11.742857143,-23.343498296));
#1275=DIRECTION('',(-0.5,0.,0.866025404));
#1276=VECTOR('',#1275,0.514285714);
#1277=LINE('',#1274,#1276);
#1278=EDGE_CURVE('',#1271,#1273,#1277,.T.);
#1279=ORIENTED_EDGE('',*,*,#1278,.F.);
#1280=CARTESIAN_POINT('',(37.610536533,-12.257142857,-23.343498296));
#1281=VERTEX_POINT('',#1280);
#1282=CARTESIAN_POINT('',(37.610536533,-12.257142857,-23.343498296));
#1283=DIRECTION('',(0.,1.,0.));
#1284=VECTOR('',#1283,0.514285714);
#1285=LINE('',#1282,#1284);
#1286=EDGE_CURVE('',#1281,#1271,#1285,.T.);
#1287=ORIENTED_EDGE('',*,*,#1286,.F.);
#1288=CARTESIAN_POINT('',(37.353393675,-12.257142857,-22.898113803));
#1289=VERTEX_POINT('',#1288);
#1290=CARTESIAN_POINT('',(37.353393675,-12.257142857,-22.898113803));
#1291=DIRECTION('',(0.5,0.,-0.866025404));
#1292=VECTOR('',#1291,0.514285714);
#1293=LINE('',#1290,#1292);
#1294=EDGE_CURVE('',#1289,#1281,#1293,.T.);
#1295=ORIENTED_EDGE('',*,*,#1294,.F.);
#1296=CARTESIAN_POINT('',(37.353393675,-11.742857143,-22.898113803));
#1297=DIRECTION('',(0.,-1.,0.));
#1298=VECTOR('',#1297,0.514285714);
#1299=LINE('',#1296,#1298);
#1300=EDGE_CURVE('',#1273,#1289,#1299,.T.);
#1301=ORIENTED_EDGE('',*,*,#1300,.F.);
#1302=EDGE_LOOP('',(#1279,#1287,#1295,#1301));
#1303=FACE_BOUND('',#1302,.T.);
#1304=CARTESIAN_POINT('',(35.896250818,-8.314285714,-20.37426834));
#1305=VERTEX_POINT('',#1304);
#1306=CARTESIAN_POINT('',(35.639107961,-8.314285714,-19.928883847));
#1307=VERTEX_POINT('',#1306);
#1308=CARTESIAN_POINT('',(35.896250818,-8.314285714,-20.37426834));
#1309=DIRECTION('',(-0.5,0.,0.866025404));
#1310=VECTOR('',#1309,0.514285714);
#1311=LINE('',#1308,#1310);
#1312=EDGE_CURVE('',#1305,#1307,#1311,.T.);
#1313=ORIENTED_EDGE('',*,*,#1312,.F.);
#1314=CARTESIAN_POINT('',(35.896250818,-8.828571429,-20.37426834));
#1315=VERTEX_POINT('',#1314);
#1316=CARTESIAN_POINT('',(35.896250818,-8.828571429,-20.37426834));
#1317=DIRECTION('',(0.,1.,0.));
#1318=VECTOR('',#1317,0.514285714);
#1319=LINE('',#1316,#1318);
#1320=EDGE_CURVE('',#1315,#1305,#1319,.T.);
#1321=ORIENTED_EDGE('',*,*,#1320,.F.);
#1322=CARTESIAN_POINT('',(35.639107961,-8.828571429,-19.928883847));
#1323=VERTEX_POINT('',#1322);
#1324=CARTESIAN_POINT('',(35.639107961,-8.828571429,-19.928883847));
#1325=DIRECTION('',(0.5,0.,-0.866025404));
#1326=VECTOR('',#1325,0.514285714);
#1327=LINE('',#1324,#1326);
#1328=EDGE_CURVE('',#1323,#1315,#1327,.T.);
#1329=ORIENTED_EDGE('',*,*,#1328,.F.);
#1330=CARTESIAN_POINT('',(35.639107961,-8.314285714,-19.928883847));
#1331=DIRECTION('',(0.,-1.,0.));
#1332=VECTOR('',#1331,0.514285714);
#1333=LINE('',#1330,#1332);
#1334=EDGE_CURVE('',#1307,#1323,#1333,.T.);
#1335=ORIENTED_EDGE('',*,*,#1334,.F.);
#1336=EDGE_LOOP('',(#1313,#1321,#1329,#1335));
#1337=FACE_BOUND('',#1336,.T.);
#1338=CARTESIAN_POINT('',(36.324822247,-3.171428571,-21.116575829));
#1339=VERTEX_POINT('',#1338);
#1340=CARTESIAN_POINT('',(36.06767939,-3.171428571,-20.671191336));
#1341=VERTEX_POINT('',#1340);
#1342=CARTESIAN_POINT('',(36.324822247,-3.171428571,-21.116575829));
#1343=DIRECTION('',(-0.5,0.,0.866025404));
#1344=VECTOR('',#1343,0.514285714);
#1345=LINE('',#1342,#1344);
#1346=EDGE_CURVE('',#1339,#1341,#1345,.T.);
#1347=ORIENTED_EDGE('',*,*,#1346,.F.);
#1348=CARTESIAN_POINT('',(36.324822247,-3.685714286,-21.116575829));
#1349=VERTEX_POINT('',#1348);
#1350=CARTESIAN_POINT('',(36.324822247,-3.685714286,-21.116575829));
#1351=DIRECTION('',(0.,1.,0.));
#1352=VECTOR('',#1351,0.514285714);
#1353=LINE('',#1350,#1352);
#1354=EDGE_CURVE('',#1349,#1339,#1353,.T.);
#1355=ORIENTED_EDGE('',*,*,#1354,.F.);
#1356=CARTESIAN_POINT('',(36.06767939,-3.685714286,-20.671191336));
#1357=VERTEX_POINT('',#1356);
#1358=CARTESIAN_POINT('',(36.06767939,-3.685714286,-20.671191336));
#1359=DIRECTION('',(0.5,0.,-0.866025404));
#1360=VECTOR('',#1359,0.514285714);
#1361=LINE('',#1358,#1360);
#1362=EDGE_CURVE('',#1357,#1349,#1361,.T.);
#1363=ORIENTED_EDGE('',*,*,#1362,.F.);
#1364=CARTESIAN_POINT('',(36.06767939,-3.171428571,-20.671191336));
#1365=DIRECTION('',(0.,-1.,0.));
#1366=VECTOR('',#1365,0.514285714);
#1367=LINE('',#1364,#1366);
#1368=EDGE_CURVE('',#1341,#1357,#1367,.T.);
#1369=ORIENTED_EDGE('',*,*,#1368,.F.);
#1370=EDGE_LOOP('',(#1347,#1355,#1363,#1369));
#1371=FACE_BOUND('',#1370,.T.);
#1372=CARTESIAN_POINT('',(37.181965104,-4.028571429,-22.601190807));
#1373=VERTEX_POINT('',#1372);
#1374=CARTESIAN_POINT('',(36.924822247,-4.028571429,-22.155806314));
#1375=VERTEX_POINT('',#1374);
#1376=CARTESIAN_POINT('',(37.181965104,-4.028571429,-22.601190807));
#1377=DIRECTION('',(-0.5,0.,0.866025404));
#1378=VECTOR('',#1377,0.514285714);
#1379=LINE('',#1376,#1378);
#1380=EDGE_CURVE('',#1373,#1375,#1379,.T.);
#1381=ORIENTED_EDGE('',*,*,#1380,.F.);
#1382=CARTESIAN_POINT('',(37.181965104,-4.542857143,-22.601190807));
#1383=VERTEX_POINT('',#1382);
#1384=CARTESIAN_POINT('',(37.181965104,-4.542857143,-22.601190807));
#1385=DIRECTION('',(0.,1.,0.));
#1386=VECTOR('',#1385,0.514285714);
#1387=LINE('',#1384,#1386);
#1388=EDGE_CURVE('',#1383,#1373,#1387,.T.);
#1389=ORIENTED_EDGE('',*,*,#1388,.F.);
#1390=CARTESIAN_POINT('',(36.924822247,-4.542857143,-22.155806314));
#1391=VERTEX_POINT('',#1390);
#1392=CARTESIAN_POINT('',(36.924822247,-4.542857143,-22.155806314));
#1393=DIRECTION('',(0.5,0.,-0.866025404));
#1394=VECTOR('',#1393,0.514285714);
#1395=LINE('',#1392,#1394);
#1396=EDGE_CURVE('',#1391,#1383,#1395,.T.);
#1397=ORIENTED_EDGE('',*,*,#1396,.F.);
#1398=CARTESIAN_POINT('',(36.924822247,-4.028571429,-22.155806314));
#1399=DIRECTION('',(0.,-1.,0.));
#1400=VECTOR('',#1399,0.514285714);
#1401=LINE('',#1398,#1400);
#1402=EDGE_CURVE('',#1375,#1391,#1401,.T.);
#1403=ORIENTED_EDGE('',*,*,#1402,.F.);
#1404=EDGE_LOOP('',(#1381,#1389,#1397,#1403));
#1405=FACE_BOUND('',#1404,.T.);
#1406=CARTESIAN_POINT('',(37.181965104,10.542857143,-22.601190807));
#1407=VERTEX_POINT('',#1406);
#1408=CARTESIAN_POINT('',(36.924822247,10.542857143,-22.155806314));
#1409=VERTEX_POINT('',#1408);
#1410=CARTESIAN_POINT('',(37.181965104,10.542857143,-22.601190807));
#1411=DIRECTION('',(-0.5,0.,0.866025404));
#1412=VECTOR('',#1411,0.514285714);
#1413=LINE('',#1410,#1412);
#1414=EDGE_CURVE('',#1407,#1409,#1413,.T.);
#1415=ORIENTED_EDGE('',*,*,#1414,.F.);
#1416=CARTESIAN_POINT('',(37.181965104,10.028571429,-22.601190807));
#1417=VERTEX_POINT('',#1416);
#1418=CARTESIAN_POINT('',(37.181965104,10.028571429,-22.601190807));
#1419=DIRECTION('',(0.,1.,0.));
#1420=VECTOR('',#1419,0.514285714);
#1421=LINE('',#1418,#1420);
#1422=EDGE_CURVE('',#1417,#1407,#1421,.T.);
#1423=ORIENTED_EDGE('',*,*,#1422,.F.);
#1424=CARTESIAN_POINT('',(36.924822247,10.028571429,-22.155806314));
#1425=VERTEX_POINT('',#1424);
#1426=CARTESIAN_POINT('',(36.924822247,10.028571429,-22.155806314));
#1427=DIRECTION('',(0.5,0.,-0.866025404));
#1428=VECTOR('',#1427,0.514285714);
#1429=LINE('',#1426,#1428);
#1430=EDGE_CURVE('',#1425,#1417,#1429,.T.);
#1431=ORIENTED_EDGE('',*,*,#1430,.F.);
#1432=CARTESIAN_POINT('',(36.924822247,10.542857143,-22.155806314));
#1433=DIRECTION('',(0.,-1.,0.));
#1434=VECTOR('',#1433,0.514285714);
#1435=LINE('',#1432,#1434);
#1436=EDGE_CURVE('',#1409,#1425,#1435,.T.);
#1437=ORIENTED_EDGE('',*,*,#1436,.F.);
#1438=EDGE_LOOP('',(#1415,#1423,#1431,#1437));
#1439=FACE_BOUND('',#1438,.T.);
#1440=CARTESIAN_POINT('',(36.324822247,4.542857143,-21.116575829));
#1441=VERTEX_POINT('',#1440);
#1442=CARTESIAN_POINT('',(36.06767939,4.542857143,-20.671191336));
#1443=VERTEX_POINT('',#1442);
#1444=CARTESIAN_POINT('',(36.324822247,4.542857143,-21.116575829));
#1445=DIRECTION('',(-0.5,0.,0.866025404));
#1446=VECTOR('',#1445,0.514285714);
#1447=LINE('',#1444,#1446);
#1448=EDGE_CURVE('',#1441,#1443,#1447,.T.);
#1449=ORIENTED_EDGE('',*,*,#1448,.F.);
#1450=CARTESIAN_POINT('',(36.324822247,4.028571429,-21.116575829));
#1451=VERTEX_POINT('',#1450);
#1452=CARTESIAN_POINT('',(36.324822247,4.028571429,-21.116575829));
#1453=DIRECTION('',(0.,1.,0.));
#1454=VECTOR('',#1453,0.514285714);
#1455=LINE('',#1452,#1454);
#1456=EDGE_CURVE('',#1451,#1441,#1455,.T.);
#1457=ORIENTED_EDGE('',*,*,#1456,.F.);
#1458=CARTESIAN_POINT('',(36.06767939,4.028571429,-20.671191336));
#1459=VERTEX_POINT('',#1458);
#1460=CARTESIAN_POINT('',(36.06767939,4.028571429,-20.671191336));
#1461=DIRECTION('',(0.5,0.,-0.866025404));
#1462=VECTOR('',#1461,0.514285714);
#1463=LINE('',#1460,#1462);
#1464=EDGE_CURVE('',#1459,#1451,#1463,.T.);
#1465=ORIENTED_EDGE('',*,*,#1464,.F.);
#1466=CARTESIAN_POINT('',(36.06767939,4.542857143,-20.671191336));
#1467=DIRECTION('',(0.,-1.,0.));
#1468=VECTOR('',#1467,0.514285714);
#1469=LINE('',#1466,#1468);
#1470=EDGE_CURVE('',#1443,#1459,#1469,.T.);
#1471=ORIENTED_EDGE('',*,*,#1470,.F.);
#1472=EDGE_LOOP('',(#1449,#1457,#1465,#1471));
#1473=FACE_BOUND('',#1472,.T.);
#1474=CARTESIAN_POINT('',(37.610536533,10.542857143,-23.343498296));
#1475=VERTEX_POINT('',#1474);
#1476=CARTESIAN_POINT('',(37.353393675,10.542857143,-22.898113803));
#1477=VERTEX_POINT('',#1476);
#1478=CARTESIAN_POINT('',(37.610536533,10.542857143,-23.343498296));
#1479=DIRECTION('',(-0.5,0.,0.866025404));
#1480=VECTOR('',#1479,0.514285714);
#1481=LINE('',#1478,#1480);
#1482=EDGE_CURVE('',#1475,#1477,#1481,.T.);
#1483=ORIENTED_EDGE('',*,*,#1482,.F.);
#1484=CARTESIAN_POINT('',(37.610536533,10.028571429,-23.343498296));
#1485=VERTEX_POINT('',#1484);
#1486=CARTESIAN_POINT('',(37.610536533,10.028571429,-23.343498296));
#1487=DIRECTION('',(0.,1.,0.));
#1488=VECTOR('',#1487,0.514285714);
#1489=LINE('',#1486,#1488);
#1490=EDGE_CURVE('',#1485,#1475,#1489,.T.);
#1491=ORIENTED_EDGE('',*,*,#1490,.F.);
#1492=CARTESIAN_POINT('',(37.353393675,10.028571429,-22.898113803));
#1493=VERTEX_POINT('',#1492);
#1494=CARTESIAN_POINT('',(37.353393675,10.028571429,-22.898113803));
#1495=DIRECTION('',(0.5,0.,-0.866025404));
#1496=VECTOR('',#1495,0.514285714);
#1497=LINE('',#1494,#1496);
#1498=EDGE_CURVE('',#1493,#1485,#1497,.T.);
#1499=ORIENTED_EDGE('',*,*,#1498,.F.);
#1500=CARTESIAN_POINT('',(37.353393675,10.542857143,-22.898113803));
#1501=DIRECTION('',(0.,-1.,0.));
#1502=VECTOR('',#1501,0.514285714);
#1503=LINE('',#1500,#1502);
#1504=EDGE_CURVE('',#1477,#1493,#1503,.T.);
#1505=ORIENTED_EDGE('',*,*,#1504,.F.);
#1506=EDGE_LOOP('',(#1483,#1491,#1499,#1505));
#1507=FACE_BOUND('',#1506,.T.);
#1508=CARTESIAN_POINT('',(38.46767939,8.828571429,-24.828113274));
#1509=VERTEX_POINT('',#1508);
#1510=CARTESIAN_POINT('',(38.210536533,8.828571429,-24.382728781));
#1511=VERTEX_POINT('',#1510);
#1512=CARTESIAN_POINT('',(38.46767939,8.828571429,-24.828113274));
#1513=DIRECTION('',(-0.5,0.,0.866025404));
#1514=VECTOR('',#1513,0.514285714);
#1515=LINE('',#1512,#1514);
#1516=EDGE_CURVE('',#1509,#1511,#1515,.T.);
#1517=ORIENTED_EDGE('',*,*,#1516,.F.);
#1518=CARTESIAN_POINT('',(38.46767939,8.314285714,-24.828113274));
#1519=VERTEX_POINT('',#1518);
#1520=CARTESIAN_POINT('',(38.46767939,8.314285714,-24.828113274));
#1521=DIRECTION('',(0.,1.,0.));
#1522=VECTOR('',#1521,0.514285714);
#1523=LINE('',#1520,#1522);
#1524=EDGE_CURVE('',#1519,#1509,#1523,.T.);
#1525=ORIENTED_EDGE('',*,*,#1524,.F.);
#1526=CARTESIAN_POINT('',(38.210536533,8.314285714,-24.382728781));
#1527=VERTEX_POINT('',#1526);
#1528=CARTESIAN_POINT('',(38.210536533,8.314285714,-24.382728781));
#1529=DIRECTION('',(0.5,0.,-0.866025404));
#1530=VECTOR('',#1529,0.514285714);
#1531=LINE('',#1528,#1530);
#1532=EDGE_CURVE('',#1527,#1519,#1531,.T.);
#1533=ORIENTED_EDGE('',*,*,#1532,.F.);
#1534=CARTESIAN_POINT('',(38.210536533,8.828571429,-24.382728781));
#1535=DIRECTION('',(0.,-1.,0.));
#1536=VECTOR('',#1535,0.514285714);
#1537=LINE('',#1534,#1536);
#1538=EDGE_CURVE('',#1511,#1527,#1537,.T.);
#1539=ORIENTED_EDGE('',*,*,#1538,.F.);
#1540=EDGE_LOOP('',(#1517,#1525,#1533,#1539));
#1541=FACE_BOUND('',#1540,.T.);
#1542=CARTESIAN_POINT('',(35.896250818,-4.028571429,-20.37426834));
#1543=VERTEX_POINT('',#1542);
#1544=CARTESIAN_POINT('',(35.639107961,-4.028571429,-19.928883847));
#1545=VERTEX_POINT('',#1544);
#1546=CARTESIAN_POINT('',(35.896250818,-4.028571429,-20.37426834));
#1547=DIRECTION('',(-0.5,0.,0.866025404));
#1548=VECTOR('',#1547,0.514285714);
#1549=LINE('',#1546,#1548);
#1550=EDGE_CURVE('',#1543,#1545,#1549,.T.);
#1551=ORIENTED_EDGE('',*,*,#1550,.F.);
#1552=CARTESIAN_POINT('',(35.896250818,-4.542857143,-20.37426834));
#1553=VERTEX_POINT('',#1552);
#1554=CARTESIAN_POINT('',(35.896250818,-4.542857143,-20.37426834));
#1555=DIRECTION('',(0.,1.,0.));
#1556=VECTOR('',#1555,0.514285714);
#1557=LINE('',#1554,#1556);
#1558=EDGE_CURVE('',#1553,#1543,#1557,.T.);
#1559=ORIENTED_EDGE('',*,*,#1558,.F.);
#1560=CARTESIAN_POINT('',(35.639107961,-4.542857143,-19.928883847));
#1561=VERTEX_POINT('',#1560);
#1562=CARTESIAN_POINT('',(35.639107961,-4.542857143,-19.928883847));
#1563=DIRECTION('',(0.5,0.,-0.866025404));
#1564=VECTOR('',#1563,0.514285714);
#1565=LINE('',#1562,#1564);
#1566=EDGE_CURVE('',#1561,#1553,#1565,.T.);
#1567=ORIENTED_EDGE('',*,*,#1566,.F.);
#1568=CARTESIAN_POINT('',(35.639107961,-4.028571429,-19.928883847));
#1569=DIRECTION('',(0.,-1.,0.));
#1570=VECTOR('',#1569,0.514285714);
#1571=LINE('',#1568,#1570);
#1572=EDGE_CURVE('',#1545,#1561,#1571,.T.);
#1573=ORIENTED_EDGE('',*,*,#1572,.F.);
#1574=EDGE_LOOP('',(#1551,#1559,#1567,#1573));
#1575=FACE_BOUND('',#1574,.T.);
#1576=CARTESIAN_POINT('',(36.324822247,-6.6,-21.116575829));
#1577=VERTEX_POINT('',#1576);
#1578=CARTESIAN_POINT('',(36.06767939,-6.6,-20.671191336));
#1579=VERTEX_POINT('',#1578);
#1580=CARTESIAN_POINT('',(36.324822247,-6.6,-21.116575829));
#1581=DIRECTION('',(-0.5,0.,0.866025404));
#1582=VECTOR('',#1581,0.514285714);
#1583=LINE('',#1580,#1582);
#1584=EDGE_CURVE('',#1577,#1579,#1583,.T.);
#1585=ORIENTED_EDGE('',*,*,#1584,.F.);
#1586=CARTESIAN_POINT('',(36.324822247,-7.114285714,-21.116575829));
#1587=VERTEX_POINT('',#1586);
#1588=CARTESIAN_POINT('',(36.324822247,-7.114285714,-21.116575829));
#1589=DIRECTION('',(0.,1.,0.));
#1590=VECTOR('',#1589,0.514285714);
#1591=LINE('',#1588,#1590);
#1592=EDGE_CURVE('',#1587,#1577,#1591,.T.);
#1593=ORIENTED_EDGE('',*,*,#1592,.F.);
#1594=CARTESIAN_POINT('',(36.06767939,-7.114285714,-20.671191336));
#1595=VERTEX_POINT('',#1594);
#1596=CARTESIAN_POINT('',(36.06767939,-7.114285714,-20.671191336));
#1597=DIRECTION('',(0.5,0.,-0.866025404));
#1598=VECTOR('',#1597,0.514285714);
#1599=LINE('',#1596,#1598);
#1600=EDGE_CURVE('',#1595,#1587,#1599,.T.);
#1601=ORIENTED_EDGE('',*,*,#1600,.F.);
#1602=CARTESIAN_POINT('',(36.06767939,-6.6,-20.671191336));
#1603=DIRECTION('',(0.,-1.,0.));
#1604=VECTOR('',#1603,0.514285714);
#1605=LINE('',#1602,#1604);
#1606=EDGE_CURVE('',#1579,#1595,#1605,.T.);
#1607=ORIENTED_EDGE('',*,*,#1606,.F.);
#1608=EDGE_LOOP('',(#1585,#1593,#1601,#1607));
#1609=FACE_BOUND('',#1608,.T.);
#1610=CARTESIAN_POINT('',(37.181965104,-5.742857143,-22.601190807));
#1611=VERTEX_POINT('',#1610);
#1612=CARTESIAN_POINT('',(36.924822247,-5.742857143,-22.155806314));
#1613=VERTEX_POINT('',#1612);
#1614=CARTESIAN_POINT('',(37.181965104,-5.742857143,-22.601190807));
#1615=DIRECTION('',(-0.5,0.,0.866025404));
#1616=VECTOR('',#1615,0.514285714);
#1617=LINE('',#1614,#1616);
#1618=EDGE_CURVE('',#1611,#1613,#1617,.T.);
#1619=ORIENTED_EDGE('',*,*,#1618,.F.);
#1620=CARTESIAN_POINT('',(37.181965104,-6.257142857,-22.601190807));
#1621=VERTEX_POINT('',#1620);
#1622=CARTESIAN_POINT('',(37.181965104,-6.257142857,-22.601190807));
#1623=DIRECTION('',(0.,1.,0.));
#1624=VECTOR('',#1623,0.514285714);
#1625=LINE('',#1622,#1624);
#1626=EDGE_CURVE('',#1621,#1611,#1625,.T.);
#1627=ORIENTED_EDGE('',*,*,#1626,.F.);
#1628=CARTESIAN_POINT('',(36.924822247,-6.257142857,-22.155806314));
#1629=VERTEX_POINT('',#1628);
#1630=CARTESIAN_POINT('',(36.924822247,-6.257142857,-22.155806314));
#1631=DIRECTION('',(0.5,0.,-0.866025404));
#1632=VECTOR('',#1631,0.514285714);
#1633=LINE('',#1630,#1632);
#1634=EDGE_CURVE('',#1629,#1621,#1633,.T.);
#1635=ORIENTED_EDGE('',*,*,#1634,.F.);
#1636=CARTESIAN_POINT('',(36.924822247,-5.742857143,-22.155806314));
#1637=DIRECTION('',(0.,-1.,0.));
#1638=VECTOR('',#1637,0.514285714);
#1639=LINE('',#1636,#1638);
#1640=EDGE_CURVE('',#1613,#1629,#1639,.T.);
#1641=ORIENTED_EDGE('',*,*,#1640,.F.);
#1642=EDGE_LOOP('',(#1619,#1627,#1635,#1641));
#1643=FACE_BOUND('',#1642,.T.);
#1644=CARTESIAN_POINT('',(38.46767939,-10.028571429,-24.828113274));
#1645=VERTEX_POINT('',#1644);
#1646=CARTESIAN_POINT('',(38.210536533,-10.028571429,-24.382728781));
#1647=VERTEX_POINT('',#1646);
#1648=CARTESIAN_POINT('',(38.46767939,-10.028571429,-24.828113274));
#1649=DIRECTION('',(-0.5,0.,0.866025404));
#1650=VECTOR('',#1649,0.514285714);
#1651=LINE('',#1648,#1650);
#1652=EDGE_CURVE('',#1645,#1647,#1651,.T.);
#1653=ORIENTED_EDGE('',*,*,#1652,.F.);
#1654=CARTESIAN_POINT('',(38.46767939,-10.542857143,-24.828113274));
#1655=VERTEX_POINT('',#1654);
#1656=CARTESIAN_POINT('',(38.46767939,-10.542857143,-24.828113274));
#1657=DIRECTION('',(0.,1.,0.));
#1658=VECTOR('',#1657,0.514285714);
#1659=LINE('',#1656,#1658);
#1660=EDGE_CURVE('',#1655,#1645,#1659,.T.);
#1661=ORIENTED_EDGE('',*,*,#1660,.F.);
#1662=CARTESIAN_POINT('',(38.210536533,-10.542857143,-24.382728781));
#1663=VERTEX_POINT('',#1662);
#1664=CARTESIAN_POINT('',(38.210536533,-10.542857143,-24.382728781));
#1665=DIRECTION('',(0.5,0.,-0.866025404));
#1666=VECTOR('',#1665,0.514285714);
#1667=LINE('',#1664,#1666);
#1668=EDGE_CURVE('',#1663,#1655,#1667,.T.);
#1669=ORIENTED_EDGE('',*,*,#1668,.F.);
#1670=CARTESIAN_POINT('',(38.210536533,-10.028571429,-24.382728781));
#1671=DIRECTION('',(0.,-1.,0.));
#1672=VECTOR('',#1671,0.514285714);
#1673=LINE('',#1670,#1672);
#1674=EDGE_CURVE('',#1647,#1663,#1673,.T.);
#1675=ORIENTED_EDGE('',*,*,#1674,.F.);
#1676=EDGE_LOOP('',(#1653,#1661,#1669,#1675));
#1677=FACE_BOUND('',#1676,.T.);
#1678=CARTESIAN_POINT('',(38.46767939,-10.885714286,-24.828113274));
#1679=VERTEX_POINT('',#1678);
#1680=CARTESIAN_POINT('',(38.210536533,-10.885714286,-24.382728781));
#1681=VERTEX_POINT('',#1680);
#1682=CARTESIAN_POINT('',(38.46767939,-10.885714286,-24.828113274));
#1683=DIRECTION('',(-0.5,0.,0.866025404));
#1684=VECTOR('',#1683,0.514285714);
#1685=LINE('',#1682,#1684);
#1686=EDGE_CURVE('',#1679,#1681,#1685,.T.);
#1687=ORIENTED_EDGE('',*,*,#1686,.F.);
#1688=CARTESIAN_POINT('',(38.46767939,-11.4,-24.828113274));
#1689=VERTEX_POINT('',#1688);
#1690=CARTESIAN_POINT('',(38.46767939,-11.4,-24.828113274));
#1691=DIRECTION('',(0.,1.,0.));
#1692=VECTOR('',#1691,0.514285714);
#1693=LINE('',#1690,#1692);
#1694=EDGE_CURVE('',#1689,#1679,#1693,.T.);
#1695=ORIENTED_EDGE('',*,*,#1694,.F.);
#1696=CARTESIAN_POINT('',(38.210536533,-11.4,-24.382728781));
#1697=VERTEX_POINT('',#1696);
#1698=CARTESIAN_POINT('',(38.210536533,-11.4,-24.382728781));
#1699=DIRECTION('',(0.5,0.,-0.866025404));
#1700=VECTOR('',#1699,0.514285714);
#1701=LINE('',#1698,#1700);
#1702=EDGE_CURVE('',#1697,#1689,#1701,.T.);
#1703=ORIENTED_EDGE('',*,*,#1702,.F.);
#1704=CARTESIAN_POINT('',(38.210536533,-10.885714286,-24.382728781));
#1705=DIRECTION('',(0.,-1.,0.));
#1706=VECTOR('',#1705,0.514285714);
#1707=LINE('',#1704,#1706);
#1708=EDGE_CURVE('',#1681,#1697,#1707,.T.);
#1709=ORIENTED_EDGE('',*,*,#1708,.F.);
#1710=EDGE_LOOP('',(#1687,#1695,#1703,#1709));
#1711=FACE_BOUND('',#1710,.T.);
#1712=CARTESIAN_POINT('',(35.896250818,-4.885714286,-20.37426834));
#1713=VERTEX_POINT('',#1712);
#1714=CARTESIAN_POINT('',(35.639107961,-4.885714286,-19.928883847));
#1715=VERTEX_POINT('',#1714);
#1716=CARTESIAN_POINT('',(35.896250818,-4.885714286,-20.37426834));
#1717=DIRECTION('',(-0.5,0.,0.866025404));
#1718=VECTOR('',#1717,0.514285714);
#1719=LINE('',#1716,#1718);
#1720=EDGE_CURVE('',#1713,#1715,#1719,.T.);
#1721=ORIENTED_EDGE('',*,*,#1720,.F.);
#1722=CARTESIAN_POINT('',(35.896250818,-5.4,-20.37426834));
#1723=VERTEX_POINT('',#1722);
#1724=CARTESIAN_POINT('',(35.896250818,-5.4,-20.37426834));
#1725=DIRECTION('',(0.,1.,0.));
#1726=VECTOR('',#1725,0.514285714);
#1727=LINE('',#1724,#1726);
#1728=EDGE_CURVE('',#1723,#1713,#1727,.T.);
#1729=ORIENTED_EDGE('',*,*,#1728,.F.);
#1730=CARTESIAN_POINT('',(35.639107961,-5.4,-19.928883847));
#1731=VERTEX_POINT('',#1730);
#1732=CARTESIAN_POINT('',(35.639107961,-5.4,-19.928883847));
#1733=DIRECTION('',(0.5,0.,-0.866025404));
#1734=VECTOR('',#1733,0.514285714);
#1735=LINE('',#1732,#1734);
#1736=EDGE_CURVE('',#1731,#1723,#1735,.T.);
#1737=ORIENTED_EDGE('',*,*,#1736,.F.);
#1738=CARTESIAN_POINT('',(35.639107961,-4.885714286,-19.928883847));
#1739=DIRECTION('',(0.,-1.,0.));
#1740=VECTOR('',#1739,0.514285714);
#1741=LINE('',#1738,#1740);
#1742=EDGE_CURVE('',#1715,#1731,#1741,.T.);
#1743=ORIENTED_EDGE('',*,*,#1742,.F.);
#1744=EDGE_LOOP('',(#1721,#1729,#1737,#1743));
#1745=FACE_BOUND('',#1744,.T.);
#1746=CARTESIAN_POINT('',(36.753393675,-6.6,-21.858883318));
#1747=VERTEX_POINT('',#1746);
#1748=CARTESIAN_POINT('',(36.496250818,-6.6,-21.413498825));
#1749=VERTEX_POINT('',#1748);
#1750=CARTESIAN_POINT('',(36.753393675,-6.6,-21.858883318));
#1751=DIRECTION('',(-0.5,0.,0.866025404));
#1752=VECTOR('',#1751,0.514285714);
#1753=LINE('',#1750,#1752);
#1754=EDGE_CURVE('',#1747,#1749,#1753,.T.);
#1755=ORIENTED_EDGE('',*,*,#1754,.F.);
#1756=CARTESIAN_POINT('',(36.753393675,-7.114285714,-21.858883318));
#1757=VERTEX_POINT('',#1756);
#1758=CARTESIAN_POINT('',(36.753393675,-7.114285714,-21.858883318));
#1759=DIRECTION('',(0.,1.,0.));
#1760=VECTOR('',#1759,0.514285714);
#1761=LINE('',#1758,#1760);
#1762=EDGE_CURVE('',#1757,#1747,#1761,.T.);
#1763=ORIENTED_EDGE('',*,*,#1762,.F.);
#1764=CARTESIAN_POINT('',(36.496250818,-7.114285714,-21.413498825));
#1765=VERTEX_POINT('',#1764);
#1766=CARTESIAN_POINT('',(36.496250818,-7.114285714,-21.413498825));
#1767=DIRECTION('',(0.5,0.,-0.866025404));
#1768=VECTOR('',#1767,0.514285714);
#1769=LINE('',#1766,#1768);
#1770=EDGE_CURVE('',#1765,#1757,#1769,.T.);
#1771=ORIENTED_EDGE('',*,*,#1770,.F.);
#1772=CARTESIAN_POINT('',(36.496250818,-6.6,-21.413498825));
#1773=DIRECTION('',(0.,-1.,0.));
#1774=VECTOR('',#1773,0.514285714);
#1775=LINE('',#1772,#1774);
#1776=EDGE_CURVE('',#1749,#1765,#1775,.T.);
#1777=ORIENTED_EDGE('',*,*,#1776,.F.);
#1778=EDGE_LOOP('',(#1755,#1763,#1771,#1777));
#1779=FACE_BOUND('',#1778,.T.);
#1780=CARTESIAN_POINT('',(37.181965104,7.114285714,-22.601190807));
#1781=VERTEX_POINT('',#1780);
#1782=CARTESIAN_POINT('',(36.924822247,7.114285714,-22.155806314));
#1783=VERTEX_POINT('',#1782);
#1784=CARTESIAN_POINT('',(37.181965104,7.114285714,-22.601190807));
#1785=DIRECTION('',(-0.5,0.,0.866025404));
#1786=VECTOR('',#1785,0.514285714);
#1787=LINE('',#1784,#1786);
#1788=EDGE_CURVE('',#1781,#1783,#1787,.T.);
#1789=ORIENTED_EDGE('',*,*,#1788,.F.);
#1790=CARTESIAN_POINT('',(37.181965104,6.6,-22.601190807));
#1791=VERTEX_POINT('',#1790);
#1792=CARTESIAN_POINT('',(37.181965104,6.6,-22.601190807));
#1793=DIRECTION('',(0.,1.,0.));
#1794=VECTOR('',#1793,0.514285714);
#1795=LINE('',#1792,#1794);
#1796=EDGE_CURVE('',#1791,#1781,#1795,.T.);
#1797=ORIENTED_EDGE('',*,*,#1796,.F.);
#1798=CARTESIAN_POINT('',(36.924822247,6.6,-22.155806314));
#1799=VERTEX_POINT('',#1798);
#1800=CARTESIAN_POINT('',(36.924822247,6.6,-22.155806314));
#1801=DIRECTION('',(0.5,0.,-0.866025404));
#1802=VECTOR('',#1801,0.514285714);
#1803=LINE('',#1800,#1802);
#1804=EDGE_CURVE('',#1799,#1791,#1803,.T.);
#1805=ORIENTED_EDGE('',*,*,#1804,.F.);
#1806=CARTESIAN_POINT('',(36.924822247,7.114285714,-22.155806314));
#1807=DIRECTION('',(0.,-1.,0.));
#1808=VECTOR('',#1807,0.514285714);
#1809=LINE('',#1806,#1808);
#1810=EDGE_CURVE('',#1783,#1799,#1809,.T.);
#1811=ORIENTED_EDGE('',*,*,#1810,.F.);
#1812=EDGE_LOOP('',(#1789,#1797,#1805,#1811));
#1813=FACE_BOUND('',#1812,.T.);
#1814=CARTESIAN_POINT('',(38.039107961,6.257142857,-24.085805785));
#1815=VERTEX_POINT('',#1814);
#1816=CARTESIAN_POINT('',(37.781965104,6.257142857,-23.640421292));
#1817=VERTEX_POINT('',#1816);
#1818=CARTESIAN_POINT('',(38.039107961,6.257142857,-24.085805785));
#1819=DIRECTION('',(-0.5,0.,0.866025404));
#1820=VECTOR('',#1819,0.514285714);
#1821=LINE('',#1818,#1820);
#1822=EDGE_CURVE('',#1815,#1817,#1821,.T.);
#1823=ORIENTED_EDGE('',*,*,#1822,.F.);
#1824=CARTESIAN_POINT('',(38.039107961,5.742857143,-24.085805785));
#1825=VERTEX_POINT('',#1824);
#1826=CARTESIAN_POINT('',(38.039107961,5.742857143,-24.085805785));
#1827=DIRECTION('',(0.,1.,0.));
#1828=VECTOR('',#1827,0.514285714);
#1829=LINE('',#1826,#1828);
#1830=EDGE_CURVE('',#1825,#1815,#1829,.T.);
#1831=ORIENTED_EDGE('',*,*,#1830,.F.);
#1832=CARTESIAN_POINT('',(37.781965104,5.742857143,-23.640421292));
#1833=VERTEX_POINT('',#1832);
#1834=CARTESIAN_POINT('',(37.781965104,5.742857143,-23.640421292));
#1835=DIRECTION('',(0.5,0.,-0.866025404));
#1836=VECTOR('',#1835,0.514285714);
#1837=LINE('',#1834,#1836);
#1838=EDGE_CURVE('',#1833,#1825,#1837,.T.);
#1839=ORIENTED_EDGE('',*,*,#1838,.F.);
#1840=CARTESIAN_POINT('',(37.781965104,6.257142857,-23.640421292));
#1841=DIRECTION('',(0.,-1.,0.));
#1842=VECTOR('',#1841,0.514285714);
#1843=LINE('',#1840,#1842);
#1844=EDGE_CURVE('',#1817,#1833,#1843,.T.);
#1845=ORIENTED_EDGE('',*,*,#1844,.F.);
#1846=EDGE_LOOP('',(#1823,#1831,#1839,#1845));
#1847=FACE_BOUND('',#1846,.T.);
#1848=CARTESIAN_POINT('',(36.324822247,-11.742857143,-21.116575829));
#1849=VERTEX_POINT('',#1848);
#1850=CARTESIAN_POINT('',(36.06767939,-11.742857143,-20.671191336));
#1851=VERTEX_POINT('',#1850);
#1852=CARTESIAN_POINT('',(36.324822247,-11.742857143,-21.116575829));
#1853=DIRECTION('',(-0.5,0.,0.866025404));
#1854=VECTOR('',#1853,0.514285714);
#1855=LINE('',#1852,#1854);
#1856=EDGE_CURVE('',#1849,#1851,#1855,.T.);
#1857=ORIENTED_EDGE('',*,*,#1856,.F.);
#1858=CARTESIAN_POINT('',(36.324822247,-12.257142857,-21.116575829));
#1859=VERTEX_POINT('',#1858);
#1860=CARTESIAN_POINT('',(36.324822247,-12.257142857,-21.116575829));
#1861=DIRECTION('',(0.,1.,0.));
#1862=VECTOR('',#1861,0.514285714);
#1863=LINE('',#1860,#1862);
#1864=EDGE_CURVE('',#1859,#1849,#1863,.T.);
#1865=ORIENTED_EDGE('',*,*,#1864,.F.);
#1866=CARTESIAN_POINT('',(36.06767939,-12.257142857,-20.671191336));
#1867=VERTEX_POINT('',#1866);
#1868=CARTESIAN_POINT('',(36.06767939,-12.257142857,-20.671191336));
#1869=DIRECTION('',(0.5,0.,-0.866025404));
#1870=VECTOR('',#1869,0.514285714);
#1871=LINE('',#1868,#1870);
#1872=EDGE_CURVE('',#1867,#1859,#1871,.T.);
#1873=ORIENTED_EDGE('',*,*,#1872,.F.);
#1874=CARTESIAN_POINT('',(36.06767939,-11.742857143,-20.671191336));
#1875=DIRECTION('',(0.,-1.,0.));
#1876=VECTOR('',#1875,0.514285714);
#1877=LINE('',#1874,#1876);
#1878=EDGE_CURVE('',#1851,#1867,#1877,.T.);
#1879=ORIENTED_EDGE('',*,*,#1878,.F.);
#1880=EDGE_LOOP('',(#1857,#1865,#1873,#1879));
#1881=FACE_BOUND('',#1880,.T.);
#1882=CARTESIAN_POINT('',(37.181965104,-10.885714286,-22.601190807));
#1883=VERTEX_POINT('',#1882);
#1884=CARTESIAN_POINT('',(36.924822247,-10.885714286,-22.155806314));
#1885=VERTEX_POINT('',#1884);
#1886=CARTESIAN_POINT('',(37.181965104,-10.885714286,-22.601190807));
#1887=DIRECTION('',(-0.5,0.,0.866025404));
#1888=VECTOR('',#1887,0.514285714);
#1889=LINE('',#1886,#1888);
#1890=EDGE_CURVE('',#1883,#1885,#1889,.T.);
#1891=ORIENTED_EDGE('',*,*,#1890,.F.);
#1892=CARTESIAN_POINT('',(37.181965104,-11.4,-22.601190807));
#1893=VERTEX_POINT('',#1892);
#1894=CARTESIAN_POINT('',(37.181965104,-11.4,-22.601190807));
#1895=DIRECTION('',(0.,1.,0.));
#1896=VECTOR('',#1895,0.514285714);
#1897=LINE('',#1894,#1896);
#1898=EDGE_CURVE('',#1893,#1883,#1897,.T.);
#1899=ORIENTED_EDGE('',*,*,#1898,.F.);
#1900=CARTESIAN_POINT('',(36.924822247,-11.4,-22.155806314));
#1901=VERTEX_POINT('',#1900);
#1902=CARTESIAN_POINT('',(36.924822247,-11.4,-22.155806314));
#1903=DIRECTION('',(0.5,0.,-0.866025404));
#1904=VECTOR('',#1903,0.514285714);
#1905=LINE('',#1902,#1904);
#1906=EDGE_CURVE('',#1901,#1893,#1905,.T.);
#1907=ORIENTED_EDGE('',*,*,#1906,.F.);
#1908=CARTESIAN_POINT('',(36.924822247,-10.885714286,-22.155806314));
#1909=DIRECTION('',(0.,-1.,0.));
#1910=VECTOR('',#1909,0.514285714);
#1911=LINE('',#1908,#1910);
#1912=EDGE_CURVE('',#1885,#1901,#1911,.T.);
#1913=ORIENTED_EDGE('',*,*,#1912,.F.);
#1914=EDGE_LOOP('',(#1891,#1899,#1907,#1913));
#1915=FACE_BOUND('',#1914,.T.);
#1916=CARTESIAN_POINT('',(38.46767939,12.257142857,-24.828113274));
#1917=VERTEX_POINT('',#1916);
#1918=CARTESIAN_POINT('',(38.210536533,12.257142857,-24.382728781));
#1919=VERTEX_POINT('',#1918);
#1920=CARTESIAN_POINT('',(38.46767939,12.257142857,-24.828113274));
#1921=DIRECTION('',(-0.5,0.,0.866025404));
#1922=VECTOR('',#1921,0.514285714);
#1923=LINE('',#1920,#1922);
#1924=EDGE_CURVE('',#1917,#1919,#1923,.T.);
#1925=ORIENTED_EDGE('',*,*,#1924,.F.);
#1926=CARTESIAN_POINT('',(38.46767939,11.742857143,-24.828113274));
#1927=VERTEX_POINT('',#1926);
#1928=CARTESIAN_POINT('',(38.46767939,11.742857143,-24.828113274));
#1929=DIRECTION('',(0.,1.,0.));
#1930=VECTOR('',#1929,0.514285714);
#1931=LINE('',#1928,#1930);
#1932=EDGE_CURVE('',#1927,#1917,#1931,.T.);
#1933=ORIENTED_EDGE('',*,*,#1932,.F.);
#1934=CARTESIAN_POINT('',(38.210536533,11.742857143,-24.382728781));
#1935=VERTEX_POINT('',#1934);
#1936=CARTESIAN_POINT('',(38.210536533,11.742857143,-24.382728781));
#1937=DIRECTION('',(0.5,0.,-0.866025404));
#1938=VECTOR('',#1937,0.514285714);
#1939=LINE('',#1936,#1938);
#1940=EDGE_CURVE('',#1935,#1927,#1939,.T.);
#1941=ORIENTED_EDGE('',*,*,#1940,.F.);
#1942=CARTESIAN_POINT('',(38.210536533,12.257142857,-24.382728781));
#1943=DIRECTION('',(0.,-1.,0.));
#1944=VECTOR('',#1943,0.514285714);
#1945=LINE('',#1942,#1944);
#1946=EDGE_CURVE('',#1919,#1935,#1945,.T.);
#1947=ORIENTED_EDGE('',*,*,#1946,.F.);
#1948=EDGE_LOOP('',(#1925,#1933,#1941,#1947));
#1949=FACE_BOUND('',#1948,.T.);
#1950=CARTESIAN_POINT('',(36.753393675,7.114285714,-21.858883318));
#1951=VERTEX_POINT('',#1950);
#1952=CARTESIAN_POINT('',(36.496250818,7.114285714,-21.413498825));
#1953=VERTEX_POINT('',#1952);
#1954=CARTESIAN_POINT('',(36.753393675,7.114285714,-21.858883318));
#1955=DIRECTION('',(-0.5,0.,0.866025404));
#1956=VECTOR('',#1955,0.514285714);
#1957=LINE('',#1954,#1956);
#1958=EDGE_CURVE('',#1951,#1953,#1957,.T.);
#1959=ORIENTED_EDGE('',*,*,#1958,.F.);
#1960=CARTESIAN_POINT('',(36.753393675,6.6,-21.858883318));
#1961=VERTEX_POINT('',#1960);
#1962=CARTESIAN_POINT('',(36.753393675,6.6,-21.858883318));
#1963=DIRECTION('',(0.,1.,0.));
#1964=VECTOR('',#1963,0.514285714);
#1965=LINE('',#1962,#1964);
#1966=EDGE_CURVE('',#1961,#1951,#1965,.T.);
#1967=ORIENTED_EDGE('',*,*,#1966,.F.);
#1968=CARTESIAN_POINT('',(36.496250818,6.6,-21.413498825));
#1969=VERTEX_POINT('',#1968);
#1970=CARTESIAN_POINT('',(36.496250818,6.6,-21.413498825));
#1971=DIRECTION('',(0.5,0.,-0.866025404));
#1972=VECTOR('',#1971,0.514285714);
#1973=LINE('',#1970,#1972);
#1974=EDGE_CURVE('',#1969,#1961,#1973,.T.);
#1975=ORIENTED_EDGE('',*,*,#1974,.F.);
#1976=CARTESIAN_POINT('',(36.496250818,7.114285714,-21.413498825));
#1977=DIRECTION('',(0.,-1.,0.));
#1978=VECTOR('',#1977,0.514285714);
#1979=LINE('',#1976,#1978);
#1980=EDGE_CURVE('',#1953,#1969,#1979,.T.);
#1981=ORIENTED_EDGE('',*,*,#1980,.F.);
#1982=EDGE_LOOP('',(#1959,#1967,#1975,#1981));
#1983=FACE_BOUND('',#1982,.T.);
#1984=CARTESIAN_POINT('',(35.896250818,5.4,-20.37426834));
#1985=VERTEX_POINT('',#1984);
#1986=CARTESIAN_POINT('',(35.639107961,5.4,-19.928883847));
#1987=VERTEX_POINT('',#1986);
#1988=CARTESIAN_POINT('',(35.896250818,5.4,-20.37426834));
#1989=DIRECTION('',(-0.5,0.,0.866025404));
#1990=VECTOR('',#1989,0.514285714);
#1991=LINE('',#1988,#1990);
#1992=EDGE_CURVE('',#1985,#1987,#1991,.T.);
#1993=ORIENTED_EDGE('',*,*,#1992,.F.);
#1994=CARTESIAN_POINT('',(35.896250818,4.885714286,-20.37426834));
#1995=VERTEX_POINT('',#1994);
#1996=CARTESIAN_POINT('',(35.896250818,4.885714286,-20.37426834));
#1997=DIRECTION('',(0.,1.,0.));
#1998=VECTOR('',#1997,0.514285714);
#1999=LINE('',#1996,#1998);
#2000=EDGE_CURVE('',#1995,#1985,#1999,.T.);
#2001=ORIENTED_EDGE('',*,*,#2000,.F.);
#2002=CARTESIAN_POINT('',(35.639107961,4.885714286,-19.928883847));
#2003=VERTEX_POINT('',#2002);
#2004=CARTESIAN_POINT('',(35.639107961,4.885714286,-19.928883847));
#2005=DIRECTION('',(0.5,0.,-0.866025404));
#2006=VECTOR('',#2005,0.514285714);
#2007=LINE('',#2004,#2006);
#2008=EDGE_CURVE('',#2003,#1995,#2007,.T.);
#2009=ORIENTED_EDGE('',*,*,#2008,.F.);
#2010=CARTESIAN_POINT('',(35.639107961,5.4,-19.928883847));
#2011=DIRECTION('',(0.,-1.,0.));
#2012=VECTOR('',#2011,0.514285714);
#2013=LINE('',#2010,#2012);
#2014=EDGE_CURVE('',#1987,#2003,#2013,.T.);
#2015=ORIENTED_EDGE('',*,*,#2014,.F.);
#2016=EDGE_LOOP('',(#1993,#2001,#2009,#2015));
#2017=FACE_BOUND('',#2016,.T.);
#2018=CARTESIAN_POINT('',(38.896250818,0.257142857,-25.570420763));
#2019=VERTEX_POINT('',#2018);
#2020=CARTESIAN_POINT('',(38.639107961,0.257142857,-25.12503627));
#2021=VERTEX_POINT('',#2020);
#2022=CARTESIAN_POINT('',(38.896250818,0.257142857,-25.570420763));
#2023=DIRECTION('',(-0.5,0.,0.866025404));
#2024=VECTOR('',#2023,0.514285714);
#2025=LINE('',#2022,#2024);
#2026=EDGE_CURVE('',#2019,#2021,#2025,.T.);
#2027=ORIENTED_EDGE('',*,*,#2026,.F.);
#2028=CARTESIAN_POINT('',(38.896250818,-0.257142857,-25.570420763));
#2029=VERTEX_POINT('',#2028);
#2030=CARTESIAN_POINT('',(38.896250818,-0.257142857,-25.570420763));
#2031=DIRECTION('',(0.,1.,0.));
#2032=VECTOR('',#2031,0.514285714);
#2033=LINE('',#2030,#2032);
#2034=EDGE_CURVE('',#2029,#2019,#2033,.T.);
#2035=ORIENTED_EDGE('',*,*,#2034,.F.);
#2036=CARTESIAN_POINT('',(38.639107961,-0.257142857,-25.12503627));
#2037=VERTEX_POINT('',#2036);
#2038=CARTESIAN_POINT('',(38.639107961,-0.257142857,-25.12503627));
#2039=DIRECTION('',(0.5,0.,-0.866025404));
#2040=VECTOR('',#2039,0.514285714);
#2041=LINE('',#2038,#2040);
#2042=EDGE_CURVE('',#2037,#2029,#2041,.T.);
#2043=ORIENTED_EDGE('',*,*,#2042,.F.);
#2044=CARTESIAN_POINT('',(38.639107961,0.257142857,-25.12503627));
#2045=DIRECTION('',(0.,-1.,0.));
#2046=VECTOR('',#2045,0.514285714);
#2047=LINE('',#2044,#2046);
#2048=EDGE_CURVE('',#2021,#2037,#2047,.T.);
#2049=ORIENTED_EDGE('',*,*,#2048,.F.);
#2050=EDGE_LOOP('',(#2027,#2035,#2043,#2049));
#2051=FACE_BOUND('',#2050,.T.);
#2052=CARTESIAN_POINT('',(38.039107961,10.542857143,-24.085805785));
#2053=VERTEX_POINT('',#2052);
#2054=CARTESIAN_POINT('',(37.781965104,10.542857143,-23.640421292));
#2055=VERTEX_POINT('',#2054);
#2056=CARTESIAN_POINT('',(38.039107961,10.542857143,-24.085805785));
#2057=DIRECTION('',(-0.5,0.,0.866025404));
#2058=VECTOR('',#2057,0.514285714);
#2059=LINE('',#2056,#2058);
#2060=EDGE_CURVE('',#2053,#2055,#2059,.T.);
#2061=ORIENTED_EDGE('',*,*,#2060,.F.);
#2062=CARTESIAN_POINT('',(38.039107961,10.028571429,-24.085805785));
#2063=VERTEX_POINT('',#2062);
#2064=CARTESIAN_POINT('',(38.039107961,10.028571429,-24.085805785));
#2065=DIRECTION('',(0.,1.,0.));
#2066=VECTOR('',#2065,0.514285714);
#2067=LINE('',#2064,#2066);
#2068=EDGE_CURVE('',#2063,#2053,#2067,.T.);
#2069=ORIENTED_EDGE('',*,*,#2068,.F.);
#2070=CARTESIAN_POINT('',(37.781965104,10.028571429,-23.640421292));
#2071=VERTEX_POINT('',#2070);
#2072=CARTESIAN_POINT('',(37.781965104,10.028571429,-23.640421292));
#2073=DIRECTION('',(0.5,0.,-0.866025404));
#2074=VECTOR('',#2073,0.514285714);
#2075=LINE('',#2072,#2074);
#2076=EDGE_CURVE('',#2071,#2063,#2075,.T.);
#2077=ORIENTED_EDGE('',*,*,#2076,.F.);
#2078=CARTESIAN_POINT('',(37.781965104,10.542857143,-23.640421292));
#2079=DIRECTION('',(0.,-1.,0.));
#2080=VECTOR('',#2079,0.514285714);
#2081=LINE('',#2078,#2080);
#2082=EDGE_CURVE('',#2055,#2071,#2081,.T.);
#2083=ORIENTED_EDGE('',*,*,#2082,.F.);
#2084=EDGE_LOOP('',(#2061,#2069,#2077,#2083));
#2085=FACE_BOUND('',#2084,.T.);
#2086=CARTESIAN_POINT('',(37.610536533,-3.171428571,-23.343498296));
#2087=VERTEX_POINT('',#2086);
#2088=CARTESIAN_POINT('',(37.353393675,-3.171428571,-22.898113803));
#2089=VERTEX_POINT('',#2088);
#2090=CARTESIAN_POINT('',(37.610536533,-3.171428571,-23.343498296));
#2091=DIRECTION('',(-0.5,0.,0.866025404));
#2092=VECTOR('',#2091,0.514285714);
#2093=LINE('',#2090,#2092);
#2094=EDGE_CURVE('',#2087,#2089,#2093,.T.);
#2095=ORIENTED_EDGE('',*,*,#2094,.F.);
#2096=CARTESIAN_POINT('',(37.610536533,-3.685714286,-23.343498296));
#2097=VERTEX_POINT('',#2096);
#2098=CARTESIAN_POINT('',(37.610536533,-3.685714286,-23.343498296));
#2099=DIRECTION('',(0.,1.,0.));
#2100=VECTOR('',#2099,0.514285714);
#2101=LINE('',#2098,#2100);
#2102=EDGE_CURVE('',#2097,#2087,#2101,.T.);
#2103=ORIENTED_EDGE('',*,*,#2102,.F.);
#2104=CARTESIAN_POINT('',(37.353393675,-3.685714286,-22.898113803));
#2105=VERTEX_POINT('',#2104);
#2106=CARTESIAN_POINT('',(37.353393675,-3.685714286,-22.898113803));
#2107=DIRECTION('',(0.5,0.,-0.866025404));
#2108=VECTOR('',#2107,0.514285714);
#2109=LINE('',#2106,#2108);
#2110=EDGE_CURVE('',#2105,#2097,#2109,.T.);
#2111=ORIENTED_EDGE('',*,*,#2110,.F.);
#2112=CARTESIAN_POINT('',(37.353393675,-3.171428571,-22.898113803));
#2113=DIRECTION('',(0.,-1.,0.));
#2114=VECTOR('',#2113,0.514285714);
#2115=LINE('',#2112,#2114);
#2116=EDGE_CURVE('',#2089,#2105,#2115,.T.);
#2117=ORIENTED_EDGE('',*,*,#2116,.F.);
#2118=EDGE_LOOP('',(#2095,#2103,#2111,#2117));
#2119=FACE_BOUND('',#2118,.T.);
#2120=CARTESIAN_POINT('',(38.46767939,5.4,-24.828113274));
#2121=VERTEX_POINT('',#2120);
#2122=CARTESIAN_POINT('',(38.210536533,5.4,-24.382728781));
#2123=VERTEX_POINT('',#2122);
#2124=CARTESIAN_POINT('',(38.46767939,5.4,-24.828113274));
#2125=DIRECTION('',(-0.5,0.,0.866025404));
#2126=VECTOR('',#2125,0.514285714);
#2127=LINE('',#2124,#2126);
#2128=EDGE_CURVE('',#2121,#2123,#2127,.T.);
#2129=ORIENTED_EDGE('',*,*,#2128,.F.);
#2130=CARTESIAN_POINT('',(38.46767939,4.885714286,-24.828113274));
#2131=VERTEX_POINT('',#2130);
#2132=CARTESIAN_POINT('',(38.46767939,4.885714286,-24.828113274));
#2133=DIRECTION('',(0.,1.,0.));
#2134=VECTOR('',#2133,0.514285714);
#2135=LINE('',#2132,#2134);
#2136=EDGE_CURVE('',#2131,#2121,#2135,.T.);
#2137=ORIENTED_EDGE('',*,*,#2136,.F.);
#2138=CARTESIAN_POINT('',(38.210536533,4.885714286,-24.382728781));
#2139=VERTEX_POINT('',#2138);
#2140=CARTESIAN_POINT('',(38.210536533,4.885714286,-24.382728781));
#2141=DIRECTION('',(0.5,0.,-0.866025404));
#2142=VECTOR('',#2141,0.514285714);
#2143=LINE('',#2140,#2142);
#2144=EDGE_CURVE('',#2139,#2131,#2143,.T.);
#2145=ORIENTED_EDGE('',*,*,#2144,.F.);
#2146=CARTESIAN_POINT('',(38.210536533,5.4,-24.382728781));
#2147=DIRECTION('',(0.,-1.,0.));
#2148=VECTOR('',#2147,0.514285714);
#2149=LINE('',#2146,#2148);
#2150=EDGE_CURVE('',#2123,#2139,#2149,.T.);
#2151=ORIENTED_EDGE('',*,*,#2150,.F.);
#2152=EDGE_LOOP('',(#2129,#2137,#2145,#2151));
#2153=FACE_BOUND('',#2152,.T.);
#2154=CARTESIAN_POINT('',(37.181965104,-10.028571429,-22.601190807));
#2155=VERTEX_POINT('',#2154);
#2156=CARTESIAN_POINT('',(36.924822247,-10.028571429,-22.155806314));
#2157=VERTEX_POINT('',#2156);
#2158=CARTESIAN_POINT('',(37.181965104,-10.028571429,-22.601190807));
#2159=DIRECTION('',(-0.5,0.,0.866025404));
#2160=VECTOR('',#2159,0.514285714);
#2161=LINE('',#2158,#2160);
#2162=EDGE_CURVE('',#2155,#2157,#2161,.T.);
#2163=ORIENTED_EDGE('',*,*,#2162,.F.);
#2164=CARTESIAN_POINT('',(37.181965104,-10.542857143,-22.601190807));
#2165=VERTEX_POINT('',#2164);
#2166=CARTESIAN_POINT('',(37.181965104,-10.542857143,-22.601190807));
#2167=DIRECTION('',(0.,1.,0.));
#2168=VECTOR('',#2167,0.514285714);
#2169=LINE('',#2166,#2168);
#2170=EDGE_CURVE('',#2165,#2155,#2169,.T.);
#2171=ORIENTED_EDGE('',*,*,#2170,.F.);
#2172=CARTESIAN_POINT('',(36.924822247,-10.542857143,-22.155806314));
#2173=VERTEX_POINT('',#2172);
#2174=CARTESIAN_POINT('',(36.924822247,-10.542857143,-22.155806314));
#2175=DIRECTION('',(0.5,0.,-0.866025404));
#2176=VECTOR('',#2175,0.514285714);
#2177=LINE('',#2174,#2176);
#2178=EDGE_CURVE('',#2173,#2165,#2177,.T.);
#2179=ORIENTED_EDGE('',*,*,#2178,.F.);
#2180=CARTESIAN_POINT('',(36.924822247,-10.028571429,-22.155806314));
#2181=DIRECTION('',(0.,-1.,0.));
#2182=VECTOR('',#2181,0.514285714);
#2183=LINE('',#2180,#2182);
#2184=EDGE_CURVE('',#2157,#2173,#2183,.T.);
#2185=ORIENTED_EDGE('',*,*,#2184,.F.);
#2186=EDGE_LOOP('',(#2163,#2171,#2179,#2185));
#2187=FACE_BOUND('',#2186,.T.);
#2188=CARTESIAN_POINT('',(38.46767939,-4.885714286,-24.828113274));
#2189=VERTEX_POINT('',#2188);
#2190=CARTESIAN_POINT('',(38.210536533,-4.885714286,-24.382728781));
#2191=VERTEX_POINT('',#2190);
#2192=CARTESIAN_POINT('',(38.46767939,-4.885714286,-24.828113274));
#2193=DIRECTION('',(-0.5,0.,0.866025404));
#2194=VECTOR('',#2193,0.514285714);
#2195=LINE('',#2192,#2194);
#2196=EDGE_CURVE('',#2189,#2191,#2195,.T.);
#2197=ORIENTED_EDGE('',*,*,#2196,.F.);
#2198=CARTESIAN_POINT('',(38.46767939,-5.4,-24.828113274));
#2199=VERTEX_POINT('',#2198);
#2200=CARTESIAN_POINT('',(38.46767939,-5.4,-24.828113274));
#2201=DIRECTION('',(0.,1.,0.));
#2202=VECTOR('',#2201,0.514285714);
#2203=LINE('',#2200,#2202);
#2204=EDGE_CURVE('',#2199,#2189,#2203,.T.);
#2205=ORIENTED_EDGE('',*,*,#2204,.F.);
#2206=CARTESIAN_POINT('',(38.210536533,-5.4,-24.382728781));
#2207=VERTEX_POINT('',#2206);
#2208=CARTESIAN_POINT('',(38.210536533,-5.4,-24.382728781));
#2209=DIRECTION('',(0.5,0.,-0.866025404));
#2210=VECTOR('',#2209,0.514285714);
#2211=LINE('',#2208,#2210);
#2212=EDGE_CURVE('',#2207,#2199,#2211,.T.);
#2213=ORIENTED_EDGE('',*,*,#2212,.F.);
#2214=CARTESIAN_POINT('',(38.210536533,-4.885714286,-24.382728781));
#2215=DIRECTION('',(0.,-1.,0.));
#2216=VECTOR('',#2215,0.514285714);
#2217=LINE('',#2214,#2216);
#2218=EDGE_CURVE('',#2191,#2207,#2217,.T.);
#2219=ORIENTED_EDGE('',*,*,#2218,.F.);
#2220=EDGE_LOOP('',(#2197,#2205,#2213,#2219));
#2221=FACE_BOUND('',#2220,.T.);
#2222=CARTESIAN_POINT('',(38.46767939,-4.028571429,-24.828113274));
#2223=VERTEX_POINT('',#2222);
#2224=CARTESIAN_POINT('',(38.210536533,-4.028571429,-24.382728781));
#2225=VERTEX_POINT('',#2224);
#2226=CARTESIAN_POINT('',(38.46767939,-4.028571429,-24.828113274));
#2227=DIRECTION('',(-0.5,0.,0.866025404));
#2228=VECTOR('',#2227,0.514285714);
#2229=LINE('',#2226,#2228);
#2230=EDGE_CURVE('',#2223,#2225,#2229,.T.);
#2231=ORIENTED_EDGE('',*,*,#2230,.F.);
#2232=CARTESIAN_POINT('',(38.46767939,-4.542857143,-24.828113274));
#2233=VERTEX_POINT('',#2232);
#2234=CARTESIAN_POINT('',(38.46767939,-4.542857143,-24.828113274));
#2235=DIRECTION('',(0.,1.,0.));
#2236=VECTOR('',#2235,0.514285714);
#2237=LINE('',#2234,#2236);
#2238=EDGE_CURVE('',#2233,#2223,#2237,.T.);
#2239=ORIENTED_EDGE('',*,*,#2238,.F.);
#2240=CARTESIAN_POINT('',(38.210536533,-4.542857143,-24.382728781));
#2241=VERTEX_POINT('',#2240);
#2242=CARTESIAN_POINT('',(38.210536533,-4.542857143,-24.382728781));
#2243=DIRECTION('',(0.5,0.,-0.866025404));
#2244=VECTOR('',#2243,0.514285714);
#2245=LINE('',#2242,#2244);
#2246=EDGE_CURVE('',#2241,#2233,#2245,.T.);
#2247=ORIENTED_EDGE('',*,*,#2246,.F.);
#2248=CARTESIAN_POINT('',(38.210536533,-4.028571429,-24.382728781));
#2249=DIRECTION('',(0.,-1.,0.));
#2250=VECTOR('',#2249,0.514285714);
#2251=LINE('',#2248,#2250);
#2252=EDGE_CURVE('',#2225,#2241,#2251,.T.);
#2253=ORIENTED_EDGE('',*,*,#2252,.F.);
#2254=EDGE_LOOP('',(#2231,#2239,#2247,#2253));
#2255=FACE_BOUND('',#2254,.T.);
#2256=CARTESIAN_POINT('',(38.039107961,4.542857143,-24.085805785));
#2257=VERTEX_POINT('',#2256);
#2258=CARTESIAN_POINT('',(37.781965104,4.542857143,-23.640421292));
#2259=VERTEX_POINT('',#2258);
#2260=CARTESIAN_POINT('',(38.039107961,4.542857143,-24.085805785));
#2261=DIRECTION('',(-0.5,0.,0.866025404));
#2262=VECTOR('',#2261,0.514285714);
#2263=LINE('',#2260,#2262);
#2264=EDGE_CURVE('',#2257,#2259,#2263,.T.);
#2265=ORIENTED_EDGE('',*,*,#2264,.F.);
#2266=CARTESIAN_POINT('',(38.039107961,4.028571429,-24.085805785));
#2267=VERTEX_POINT('',#2266);
#2268=CARTESIAN_POINT('',(38.039107961,4.028571429,-24.085805785));
#2269=DIRECTION('',(0.,1.,0.));
#2270=VECTOR('',#2269,0.514285714);
#2271=LINE('',#2268,#2270);
#2272=EDGE_CURVE('',#2267,#2257,#2271,.T.);
#2273=ORIENTED_EDGE('',*,*,#2272,.F.);
#2274=CARTESIAN_POINT('',(37.781965104,4.028571429,-23.640421292));
#2275=VERTEX_POINT('',#2274);
#2276=CARTESIAN_POINT('',(37.781965104,4.028571429,-23.640421292));
#2277=DIRECTION('',(0.5,0.,-0.866025404));
#2278=VECTOR('',#2277,0.514285714);
#2279=LINE('',#2276,#2278);
#2280=EDGE_CURVE('',#2275,#2267,#2279,.T.);
#2281=ORIENTED_EDGE('',*,*,#2280,.F.);
#2282=CARTESIAN_POINT('',(37.781965104,4.542857143,-23.640421292));
#2283=DIRECTION('',(0.,-1.,0.));
#2284=VECTOR('',#2283,0.514285714);
#2285=LINE('',#2282,#2284);
#2286=EDGE_CURVE('',#2259,#2275,#2285,.T.);
#2287=ORIENTED_EDGE('',*,*,#2286,.F.);
#2288=EDGE_LOOP('',(#2265,#2273,#2281,#2287));
#2289=FACE_BOUND('',#2288,.T.);
#2290=CARTESIAN_POINT('',(38.46767939,-5.742857143,-24.828113274));
#2291=VERTEX_POINT('',#2290);
#2292=CARTESIAN_POINT('',(38.210536533,-5.742857143,-24.382728781));
#2293=VERTEX_POINT('',#2292);
#2294=CARTESIAN_POINT('',(38.46767939,-5.742857143,-24.828113274));
#2295=DIRECTION('',(-0.5,0.,0.866025404));
#2296=VECTOR('',#2295,0.514285714);
#2297=LINE('',#2294,#2296);
#2298=EDGE_CURVE('',#2291,#2293,#2297,.T.);
#2299=ORIENTED_EDGE('',*,*,#2298,.F.);
#2300=CARTESIAN_POINT('',(38.46767939,-6.257142857,-24.828113274));
#2301=VERTEX_POINT('',#2300);
#2302=CARTESIAN_POINT('',(38.46767939,-6.257142857,-24.828113274));
#2303=DIRECTION('',(0.,1.,0.));
#2304=VECTOR('',#2303,0.514285714);
#2305=LINE('',#2302,#2304);
#2306=EDGE_CURVE('',#2301,#2291,#2305,.T.);
#2307=ORIENTED_EDGE('',*,*,#2306,.F.);
#2308=CARTESIAN_POINT('',(38.210536533,-6.257142857,-24.382728781));
#2309=VERTEX_POINT('',#2308);
#2310=CARTESIAN_POINT('',(38.210536533,-6.257142857,-24.382728781));
#2311=DIRECTION('',(0.5,0.,-0.866025404));
#2312=VECTOR('',#2311,0.514285714);
#2313=LINE('',#2310,#2312);
#2314=EDGE_CURVE('',#2309,#2301,#2313,.T.);
#2315=ORIENTED_EDGE('',*,*,#2314,.F.);
#2316=CARTESIAN_POINT('',(38.210536533,-5.742857143,-24.382728781));
#2317=DIRECTION('',(0.,-1.,0.));
#2318=VECTOR('',#2317,0.514285714);
#2319=LINE('',#2316,#2318);
#2320=EDGE_CURVE('',#2293,#2309,#2319,.T.);
#2321=ORIENTED_EDGE('',*,*,#2320,.F.);
#2322=EDGE_LOOP('',(#2299,#2307,#2315,#2321));
#2323=FACE_BOUND('',#2322,.T.);
#2324=CARTESIAN_POINT('',(36.324822247,6.257142857,-21.116575829));
#2325=VERTEX_POINT('',#2324);
#2326=CARTESIAN_POINT('',(36.06767939,6.257142857,-20.671191336));
#2327=VERTEX_POINT('',#2326);
#2328=CARTESIAN_POINT('',(36.324822247,6.257142857,-21.116575829));
#2329=DIRECTION('',(-0.5,0.,0.866025404));
#2330=VECTOR('',#2329,0.514285714);
#2331=LINE('',#2328,#2330);
#2332=EDGE_CURVE('',#2325,#2327,#2331,.T.);
#2333=ORIENTED_EDGE('',*,*,#2332,.F.);
#2334=CARTESIAN_POINT('',(36.324822247,5.742857143,-21.116575829));
#2335=VERTEX_POINT('',#2334);
#2336=CARTESIAN_POINT('',(36.324822247,5.742857143,-21.116575829));
#2337=DIRECTION('',(0.,1.,0.));
#2338=VECTOR('',#2337,0.514285714);
#2339=LINE('',#2336,#2338);
#2340=EDGE_CURVE('',#2335,#2325,#2339,.T.);
#2341=ORIENTED_EDGE('',*,*,#2340,.F.);
#2342=CARTESIAN_POINT('',(36.06767939,5.742857143,-20.671191336));
#2343=VERTEX_POINT('',#2342);
#2344=CARTESIAN_POINT('',(36.06767939,5.742857143,-20.671191336));
#2345=DIRECTION('',(0.5,0.,-0.866025404));
#2346=VECTOR('',#2345,0.514285714);
#2347=LINE('',#2344,#2346);
#2348=EDGE_CURVE('',#2343,#2335,#2347,.T.);
#2349=ORIENTED_EDGE('',*,*,#2348,.F.);
#2350=CARTESIAN_POINT('',(36.06767939,6.257142857,-20.671191336));
#2351=DIRECTION('',(0.,-1.,0.));
#2352=VECTOR('',#2351,0.514285714);
#2353=LINE('',#2350,#2352);
#2354=EDGE_CURVE('',#2327,#2343,#2353,.T.);
#2355=ORIENTED_EDGE('',*,*,#2354,.F.);
#2356=EDGE_LOOP('',(#2333,#2341,#2349,#2355));
#2357=FACE_BOUND('',#2356,.T.);
#2358=CARTESIAN_POINT('',(40.577367211,-14.9,-28.482199769));
#2359=VERTEX_POINT('',#2358);
#2360=CARTESIAN_POINT('',(40.577367211,14.9,-28.482199769));
#2361=VERTEX_POINT('',#2360);
#2362=CARTESIAN_POINT('',(40.577367211,-14.9,-28.482199769));
#2363=DIRECTION('',(-0.,1.,0.));
#2364=VECTOR('',#2363,29.8);
#2365=LINE('',#2362,#2364);
#2366=EDGE_CURVE('',#2359,#2361,#2365,.T.);
#2367=ORIENTED_EDGE('',*,*,#2366,.T.);
#2368=CARTESIAN_POINT('',(39.327367211,17.4,-26.31713626));
#2369=VERTEX_POINT('',#2368);
#2370=CARTESIAN_POINT('',(39.327367211,14.9,-26.31713626));
#2371=DIRECTION('',(0.866025404,0.,0.5));
#2372=DIRECTION('',(0.5,0.,-0.866025404));
#2373=AXIS2_PLACEMENT_3D('',#2370,#2371,#2372);
#2374=CIRCLE('',#2373,2.5);
#2375=EDGE_CURVE('',#2361,#2369,#2374,.T.);
#2376=ORIENTED_EDGE('',*,*,#2375,.T.);
#2377=CARTESIAN_POINT('',(34.862517211,17.4,-18.583789212));
#2378=VERTEX_POINT('',#2377);
#2379=CARTESIAN_POINT('',(39.327367211,17.4,-26.31713626));
#2380=DIRECTION('',(-0.5,-0.,0.866025404));
#2381=VECTOR('',#2380,8.9297);
#2382=LINE('',#2379,#2381);
#2383=EDGE_CURVE('',#2369,#2378,#2382,.T.);
#2384=ORIENTED_EDGE('',*,*,#2383,.T.);
#2385=CARTESIAN_POINT('',(33.612517211,14.9,-16.418725702));
#2386=VERTEX_POINT('',#2385);
#2387=CARTESIAN_POINT('',(34.862517211,14.9,-18.583789212));
#2388=DIRECTION('',(0.866025404,0.,0.5));
#2389=DIRECTION('',(0.5,0.,-0.866025404));
#2390=AXIS2_PLACEMENT_3D('',#2387,#2388,#2389);
#2391=CIRCLE('',#2390,2.5);
#2392=EDGE_CURVE('',#2378,#2386,#2391,.T.);
#2393=ORIENTED_EDGE('',*,*,#2392,.T.);
#2394=CARTESIAN_POINT('',(33.612517211,-14.9,-16.418725702));
#2395=VERTEX_POINT('',#2394);
#2396=CARTESIAN_POINT('',(33.612517211,14.9,-16.418725702));
#2397=DIRECTION('',(0.,-1.,-0.));
#2398=VECTOR('',#2397,29.8);
#2399=LINE('',#2396,#2398);
#2400=EDGE_CURVE('',#2386,#2395,#2399,.T.);
#2401=ORIENTED_EDGE('',*,*,#2400,.T.);
#2402=CARTESIAN_POINT('',(34.862517211,-17.4,-18.583789212));
#2403=VERTEX_POINT('',#2402);
#2404=CARTESIAN_POINT('',(34.862517211,-14.9,-18.583789212));
#2405=DIRECTION('',(0.866025404,0.,0.5));
#2406=DIRECTION('',(0.5,0.,-0.866025404));
#2407=AXIS2_PLACEMENT_3D('',#2404,#2405,#2406);
#2408=CIRCLE('',#2407,2.5);
#2409=EDGE_CURVE('',#2395,#2403,#2408,.T.);
#2410=ORIENTED_EDGE('',*,*,#2409,.T.);
#2411=CARTESIAN_POINT('',(39.327367211,-17.4,-26.31713626));
#2412=VERTEX_POINT('',#2411);
#2413=CARTESIAN_POINT('',(34.862517211,-17.4,-18.583789212));
#2414=DIRECTION('',(0.5,-0.,-0.866025404));
#2415=VECTOR('',#2414,8.9297);
#2416=LINE('',#2413,#2415);
#2417=EDGE_CURVE('',#2403,#2412,#2416,.T.);
#2418=ORIENTED_EDGE('',*,*,#2417,.T.);
#2419=CARTESIAN_POINT('',(39.327367211,-14.9,-26.31713626));
#2420=DIRECTION('',(0.866025404,0.,0.5));
#2421=DIRECTION('',(0.5,0.,-0.866025404));
#2422=AXIS2_PLACEMENT_3D('',#2419,#2420,#2421);
#2423=CIRCLE('',#2422,2.5);
#2424=EDGE_CURVE('',#2412,#2359,#2423,.T.);
#2425=ORIENTED_EDGE('',*,*,#2424,.T.);
#2426=EDGE_LOOP('',(#2367,#2376,#2384,#2393,#2401,#2410,#2418,#2425));
#2427=FACE_BOUND('',#2426,.T.);
#2428=ADVANCED_FACE('',(#249,#283,#317,#351,#385,#419,#453,#487,#521,#555,#589,#623,#657,#691,#725,#759,#793,#827,#861,#895,#929,#963,#997,#1031,#1065,#1099,
#1133,#1167,#1201,#1235,#1269,#1303,#1337,#1371,#1405,#1439,#1473,#1507,#1541,#1575,#1609,#1643,#1677,#1711,#1745,#1779,#1813,#1847,#1881,#1915,#1949,
#1983,#2017,#2051,#2085,#2119,#2153,#2187,#2221,#2255,#2289,#2323,#2357,#2427),#215,.T.);
#2429=CARTESIAN_POINT('',(38.461341808,14.9,-26.81713626));
#2430=DIRECTION('',(0.866025404,0.,0.5));
#2431=DIRECTION('',(0.5,0.,-0.866025404));
#2432=AXIS2_PLACEMENT_3D('',#2429,#2430,#2431);
#2433=TOROIDAL_SURFACE('',#2432,2.5,1.);
#2434=ORIENTED_EDGE('',*,*,#182,.F.);
#2435=CARTESIAN_POINT('',(38.461341808,17.4,-26.81713626));
#2436=DIRECTION('',(0.5,0.,-0.866025404));
#2437=DIRECTION('',(-0.866025404,0.,-0.5));
#2438=AXIS2_PLACEMENT_3D('',#2435,#2436,#2437);
#2439=CIRCLE('',#2438,1.);
#2440=EDGE_CURVE('',#167,#2369,#2439,.T.);
#2441=ORIENTED_EDGE('',*,*,#2440,.T.);
#2442=ORIENTED_EDGE('',*,*,#2375,.F.);
#2443=CARTESIAN_POINT('',(39.711341808,14.9,-28.982199769));
#2444=DIRECTION('',(-0.,1.,0.));
#2445=DIRECTION('',(0.866025404,0.,0.5));
#2446=AXIS2_PLACEMENT_3D('',#2443,#2444,#2445);
#2447=CIRCLE('',#2446,1.);
#2448=EDGE_CURVE('',#2361,#176,#2447,.T.);
#2449=ORIENTED_EDGE('',*,*,#2448,.T.);
#2450=EDGE_LOOP('',(#2434,#2441,#2442,#2449));
#2451=FACE_BOUND('',#2450,.T.);
#2452=ADVANCED_FACE('',(#2451),#2433,.T.);
#2453=CARTESIAN_POINT('',(39.711341808,0.,-28.982199769));
#2454=DIRECTION('',(0.,-1.,-0.));
#2455=DIRECTION('',(0.5,0.,-0.866025404));
#2456=AXIS2_PLACEMENT_3D('',#2453,#2454,#2455);
#2457=CYLINDRICAL_SURFACE('',#2456,1.);
#2458=ORIENTED_EDGE('',*,*,#190,.F.);
#2459=ORIENTED_EDGE('',*,*,#2448,.F.);
#2460=ORIENTED_EDGE('',*,*,#2366,.F.);
#2461=CARTESIAN_POINT('',(39.711341808,-14.9,-28.982199769));
#2462=DIRECTION('',(-0.,1.,0.));
#2463=DIRECTION('',(-0.5,-0.,0.866025404));
#2464=AXIS2_PLACEMENT_3D('',#2461,#2462,#2463);
#2465=CIRCLE('',#2464,1.);
#2466=EDGE_CURVE('',#2359,#185,#2465,.T.);
#2467=ORIENTED_EDGE('',*,*,#2466,.T.);
#2468=EDGE_LOOP('',(#2458,#2459,#2460,#2467));
#2469=FACE_BOUND('',#2468,.T.);
#2470=ADVANCED_FACE('',(#2469),#2457,.T.);
#2471=CARTESIAN_POINT('',(36.228916808,17.4,-22.950462736));
#2472=DIRECTION('',(0.5,0.,-0.866025404));
#2473=DIRECTION('',(-0.,1.,0.));
#2474=AXIS2_PLACEMENT_3D('',#2471,#2472,#2473);
#2475=CYLINDRICAL_SURFACE('',#2474,1.);
#2476=ORIENTED_EDGE('',*,*,#173,.F.);
#2477=CARTESIAN_POINT('',(33.996491808,17.4,-19.083789212));
#2478=DIRECTION('',(0.5,0.,-0.866025404));
#2479=DIRECTION('',(-0.866025404,0.,-0.5));
#2480=AXIS2_PLACEMENT_3D('',#2477,#2478,#2479);
#2481=CIRCLE('',#2480,1.);
#2482=EDGE_CURVE('',#158,#2378,#2481,.T.);
#2483=ORIENTED_EDGE('',*,*,#2482,.T.);
#2484=ORIENTED_EDGE('',*,*,#2383,.F.);
#2485=ORIENTED_EDGE('',*,*,#2440,.F.);
#2486=EDGE_LOOP('',(#2476,#2483,#2484,#2485));
#2487=FACE_BOUND('',#2486,.T.);
#2488=ADVANCED_FACE('',(#2487),#2475,.T.);
#2489=CARTESIAN_POINT('',(38.461341808,-14.9,-26.81713626));
#2490=DIRECTION('',(0.866025404,0.,0.5));
#2491=DIRECTION('',(0.5,0.,-0.866025404));
#2492=AXIS2_PLACEMENT_3D('',#2489,#2490,#2491);
#2493=TOROIDAL_SURFACE('',#2492,2.5,1.);
#2494=ORIENTED_EDGE('',*,*,#199,.F.);
#2495=ORIENTED_EDGE('',*,*,#2466,.F.);
#2496=ORIENTED_EDGE('',*,*,#2424,.F.);
#2497=CARTESIAN_POINT('',(38.461341808,-17.4,-26.81713626));
#2498=DIRECTION('',(0.5,0.,-0.866025404));
#2499=DIRECTION('',(-0.866025404,0.,-0.5));
#2500=AXIS2_PLACEMENT_3D('',#2497,#2498,#2499);
#2501=CIRCLE('',#2500,1.);
#2502=EDGE_CURVE('',#2412,#193,#2501,.T.);
#2503=ORIENTED_EDGE('',*,*,#2502,.T.);
#2504=EDGE_LOOP('',(#2494,#2495,#2496,#2503));
#2505=FACE_BOUND('',#2504,.T.);
#2506=ADVANCED_FACE('',(#2505),#2493,.T.);
#2507=CARTESIAN_POINT('',(33.996491808,14.9,-19.083789212));
#2508=DIRECTION('',(0.866025404,0.,0.5));
#2509=DIRECTION('',(0.5,0.,-0.866025404));
#2510=AXIS2_PLACEMENT_3D('',#2507,#2508,#2509);
#2511=TOROIDAL_SURFACE('',#2510,2.5,1.);
#2512=ORIENTED_EDGE('',*,*,#164,.F.);
#2513=CARTESIAN_POINT('',(32.746491808,14.9,-16.918725702));
#2514=DIRECTION('',(-0.,1.,-0.));
#2515=DIRECTION('',(0.866025404,0.,0.5));
#2516=AXIS2_PLACEMENT_3D('',#2513,#2514,#2515);
#2517=CIRCLE('',#2516,1.);
#2518=EDGE_CURVE('',#150,#2386,#2517,.T.);
#2519=ORIENTED_EDGE('',*,*,#2518,.T.);
#2520=ORIENTED_EDGE('',*,*,#2392,.F.);
#2521=ORIENTED_EDGE('',*,*,#2482,.F.);
#2522=EDGE_LOOP('',(#2512,#2519,#2520,#2521));
#2523=FACE_BOUND('',#2522,.T.);
#2524=ADVANCED_FACE('',(#2523),#2511,.T.);
#2525=CARTESIAN_POINT('',(36.228916808,-17.4,-22.950462736));
#2526=DIRECTION('',(-0.5,0.,0.866025404));
#2527=DIRECTION('',(0.866025404,0.,0.5));
#2528=AXIS2_PLACEMENT_3D('',#2525,#2526,#2527);
#2529=CYLINDRICAL_SURFACE('',#2528,1.);
#2530=ORIENTED_EDGE('',*,*,#206,.F.);
#2531=ORIENTED_EDGE('',*,*,#2502,.F.);
#2532=ORIENTED_EDGE('',*,*,#2417,.F.);
#2533=CARTESIAN_POINT('',(33.996491808,-17.4,-19.083789212));
#2534=DIRECTION('',(0.5,0.,-0.866025404));
#2535=DIRECTION('',(-0.866025404,0.,-0.5));
#2536=AXIS2_PLACEMENT_3D('',#2533,#2534,#2535);
#2537=CIRCLE('',#2536,1.);
#2538=EDGE_CURVE('',#2403,#139,#2537,.T.);
#2539=ORIENTED_EDGE('',*,*,#2538,.T.);
#2540=EDGE_LOOP('',(#2530,#2531,#2532,#2539));
#2541=FACE_BOUND('',#2540,.T.);
#2542=ADVANCED_FACE('',(#2541),#2529,.T.);
#2543=CARTESIAN_POINT('',(32.746491808,-0.,-16.918725702));
#2544=DIRECTION('',(-0.,1.,0.));
#2545=DIRECTION('',(-0.5,-0.,0.866025404));
#2546=AXIS2_PLACEMENT_3D('',#2543,#2544,#2545);
#2547=CYLINDRICAL_SURFACE('',#2546,1.);
#2548=ORIENTED_EDGE('',*,*,#155,.F.);
#2549=CARTESIAN_POINT('',(32.746491808,-14.9,-16.918725702));
#2550=DIRECTION('',(-0.,1.,0.));
#2551=DIRECTION('',(0.866025404,0.,0.5));
#2552=AXIS2_PLACEMENT_3D('',#2549,#2550,#2551);
#2553=CIRCLE('',#2552,1.);
#2554=EDGE_CURVE('',#141,#2395,#2553,.T.);
#2555=ORIENTED_EDGE('',*,*,#2554,.T.);
#2556=ORIENTED_EDGE('',*,*,#2400,.F.);
#2557=ORIENTED_EDGE('',*,*,#2518,.F.);
#2558=EDGE_LOOP('',(#2548,#2555,#2556,#2557));
#2559=FACE_BOUND('',#2558,.T.);
#2560=ADVANCED_FACE('',(#2559),#2547,.T.);
#2561=CARTESIAN_POINT('',(33.996491808,-14.9,-19.083789212));
#2562=DIRECTION('',(0.866025404,0.,0.5));
#2563=DIRECTION('',(0.5,0.,-0.866025404));
#2564=AXIS2_PLACEMENT_3D('',#2561,#2562,#2563);
#2565=TOROIDAL_SURFACE('',#2564,2.5,1.);
#2566=ORIENTED_EDGE('',*,*,#147,.F.);
#2567=ORIENTED_EDGE('',*,*,#2538,.F.);
#2568=ORIENTED_EDGE('',*,*,#2409,.F.);
#2569=ORIENTED_EDGE('',*,*,#2554,.F.);
#2570=EDGE_LOOP('',(#2566,#2567,#2568,#2569));
#2571=FACE_BOUND('',#2570,.T.);
#2572=ADVANCED_FACE('',(#2571),#2565,.T.);
#2573=CARTESIAN_POINT('',(38.143474168,-12.5,-29.581586135));
#2574=DIRECTION('',(-0.5,0.,0.866025404));
#2575=DIRECTION('',(-0.866025404,0.,-0.5));
#2576=AXIS2_PLACEMENT_3D('',#2573,#2574,#2575);
#2577=PLANE('',#2576);
#2578=ORIENTED_EDGE('',*,*,#128,.T.);
#2579=CARTESIAN_POINT('',(40.308537678,-15.5,-28.331586135));
#2580=VERTEX_POINT('',#2579);
#2581=CARTESIAN_POINT('',(40.308537678,-15.5,-28.331586135));
#2582=DIRECTION('',(-0.866025404,0.,-0.5));
#2583=VECTOR('',#2582,0.533754997);
#2584=LINE('',#2581,#2583);
#2585=EDGE_CURVE('',#2580,#115,#2584,.T.);
#2586=ORIENTED_EDGE('',*,*,#2585,.F.);
#2587=CARTESIAN_POINT('',(40.308537678,15.5,-28.331586135));
#2588=VERTEX_POINT('',#2587);
#2589=CARTESIAN_POINT('',(40.308537678,-15.5,-28.331586135));
#2590=DIRECTION('',(0.,1.,0.));
#2591=VECTOR('',#2590,31.);
#2592=LINE('',#2589,#2591);
#2593=EDGE_CURVE('',#2580,#2588,#2592,.T.);
#2594=ORIENTED_EDGE('',*,*,#2593,.T.);
#2595=CARTESIAN_POINT('',(40.308537678,15.5,-28.331586135));
#2596=DIRECTION('',(-0.866025404,0.,-0.5));
#2597=VECTOR('',#2596,0.533754997);
#2598=LINE('',#2595,#2597);
#2599=EDGE_CURVE('',#2588,#123,#2598,.T.);
#2600=ORIENTED_EDGE('',*,*,#2599,.T.);
#2601=EDGE_LOOP('',(#2578,#2586,#2594,#2600));
#2602=FACE_BOUND('',#2601,.T.);
#2603=ADVANCED_FACE('',(#2602),#2577,.T.);
#2604=CARTESIAN_POINT('',(31.643474168,-12.5,-18.323255886));
#2605=DIRECTION('',(0.5,0.,-0.866025404));
#2606=DIRECTION('',(0.866025404,0.,0.5));
#2607=AXIS2_PLACEMENT_3D('',#2604,#2605,#2606);
#2608=PLANE('',#2607);
#2609=ORIENTED_EDGE('',*,*,#112,.T.);
#2610=CARTESIAN_POINT('',(33.808537677,15.5,-17.073255886));
#2611=VERTEX_POINT('',#2610);
#2612=CARTESIAN_POINT('',(33.34629229,15.5,-17.340133385));
#2613=DIRECTION('',(0.866025404,0.,0.5));
#2614=VECTOR('',#2613,0.533754997);
#2615=LINE('',#2612,#2614);
#2616=EDGE_CURVE('',#107,#2611,#2615,.T.);
#2617=ORIENTED_EDGE('',*,*,#2616,.T.);
#2618=CARTESIAN_POINT('',(33.808537677,-15.5,-17.073255886));
#2619=VERTEX_POINT('',#2618);
#2620=CARTESIAN_POINT('',(33.808537677,-15.5,-17.073255886));
#2621=DIRECTION('',(0.,1.,0.));
#2622=VECTOR('',#2621,31.);
#2623=LINE('',#2620,#2622);
#2624=EDGE_CURVE('',#2619,#2611,#2623,.T.);
#2625=ORIENTED_EDGE('',*,*,#2624,.F.);
#2626=CARTESIAN_POINT('',(33.34629229,-15.5,-17.340133385));
#2627=DIRECTION('',(0.866025404,0.,0.5));
#2628=VECTOR('',#2627,0.533754997);
#2629=LINE('',#2626,#2628);
#2630=EDGE_CURVE('',#105,#2619,#2629,.T.);
#2631=ORIENTED_EDGE('',*,*,#2630,.F.);
#2632=EDGE_LOOP('',(#2609,#2617,#2625,#2631));
#2633=FACE_BOUND('',#2632,.T.);
#2634=ADVANCED_FACE('',(#2633),#2608,.T.);
#2635=CARTESIAN_POINT('',(-9.373566781,-15.5,-18.849129537));
#2636=DIRECTION('',(0.,-1.,0.));
#2637=DIRECTION('',(-0.866025404,0.,-0.5));
#2638=AXIS2_PLACEMENT_3D('',#2635,#2636,#2637);
#2639=PLANE('',#2638);
#2640=ORIENTED_EDGE('',*,*,#2630,.T.);
#2641=CARTESIAN_POINT('',(33.808537677,-15.5,-17.073255886));
#2642=DIRECTION('',(0.5,0.,-0.866025404));
#2643=VECTOR('',#2642,13.);
#2644=LINE('',#2641,#2643);
#2645=EDGE_CURVE('',#2619,#2580,#2644,.T.);
#2646=ORIENTED_EDGE('',*,*,#2645,.T.);
#2647=ORIENTED_EDGE('',*,*,#2585,.T.);
#2648=ORIENTED_EDGE('',*,*,#120,.F.);
#2649=EDGE_LOOP('',(#2640,#2646,#2647,#2648));
#2650=FACE_BOUND('',#2649,.T.);
#2651=ADVANCED_FACE('',(#2650),#2639,.F.);
#2652=CARTESIAN_POINT('',(-9.373566781,15.5,-18.849129537));
#2653=DIRECTION('',(0.,1.,0.));
#2654=DIRECTION('',(-0.866025404,0.,-0.5));
#2655=AXIS2_PLACEMENT_3D('',#2652,#2653,#2654);
#2656=PLANE('',#2655);
#2657=ORIENTED_EDGE('',*,*,#2599,.F.);
#2658=CARTESIAN_POINT('',(33.808537677,15.5,-17.073255886));
#2659=DIRECTION('',(0.5,0.,-0.866025404));
#2660=VECTOR('',#2659,13.);
#2661=LINE('',#2658,#2660);
#2662=EDGE_CURVE('',#2611,#2588,#2661,.T.);
#2663=ORIENTED_EDGE('',*,*,#2662,.F.);
#2664=ORIENTED_EDGE('',*,*,#2616,.F.);
#2665=ORIENTED_EDGE('',*,*,#134,.F.);
#2666=EDGE_LOOP('',(#2657,#2663,#2664,#2665));
#2667=FACE_BOUND('',#2666,.T.);
#2668=ADVANCED_FACE('',(#2667),#2656,.F.);
#2669=CARTESIAN_POINT('',(38.708537678,-12.5,-25.560304843));
#2670=DIRECTION('',(-0.866025404,0.,-0.5));
#2671=DIRECTION('',(0.5,0.,-0.866025404));
#2672=AXIS2_PLACEMENT_3D('',#2669,#2670,#2671);
#2673=PLANE('',#2672);
#2674=CARTESIAN_POINT('',(38.502703428,1.114285714,-25.203789464));
#2675=VERTEX_POINT('',#2674);
#2676=CARTESIAN_POINT('',(38.759846285,1.114285714,-25.649173957));
#2677=VERTEX_POINT('',#2676);
#2678=CARTESIAN_POINT('',(38.502703428,1.114285714,-25.203789464));
#2679=DIRECTION('',(0.5,0.,-0.866025404));
#2680=VECTOR('',#2679,0.514285714);
#2681=LINE('',#2678,#2680);
#2682=EDGE_CURVE('',#2675,#2677,#2681,.T.);
#2683=ORIENTED_EDGE('',*,*,#2682,.F.);
#2684=CARTESIAN_POINT('',(38.502703428,0.6,-25.203789464));
#2685=VERTEX_POINT('',#2684);
#2686=CARTESIAN_POINT('',(38.502703428,0.6,-25.203789464));
#2687=DIRECTION('',(0.,1.,0.));
#2688=VECTOR('',#2687,0.514285714);
#2689=LINE('',#2686,#2688);
#2690=EDGE_CURVE('',#2685,#2675,#2689,.T.);
#2691=ORIENTED_EDGE('',*,*,#2690,.F.);
#2692=CARTESIAN_POINT('',(38.759846285,0.6,-25.649173957));
#2693=VERTEX_POINT('',#2692);
#2694=CARTESIAN_POINT('',(38.759846285,0.6,-25.649173957));
#2695=DIRECTION('',(-0.5,0.,0.866025404));
#2696=VECTOR('',#2695,0.514285714);
#2697=LINE('',#2694,#2696);
#2698=EDGE_CURVE('',#2693,#2685,#2697,.T.);
#2699=ORIENTED_EDGE('',*,*,#2698,.F.);
#2700=CARTESIAN_POINT('',(38.759846285,1.114285714,-25.649173957));
#2701=DIRECTION('',(0.,-1.,0.));
#2702=VECTOR('',#2701,0.514285714);
#2703=LINE('',#2700,#2702);
#2704=EDGE_CURVE('',#2677,#2693,#2703,.T.);
#2705=ORIENTED_EDGE('',*,*,#2704,.F.);
#2706=EDGE_LOOP('',(#2683,#2691,#2699,#2705));
#2707=FACE_BOUND('',#2706,.T.);
#2708=CARTESIAN_POINT('',(36.788417713,-9.171428571,-22.234559508));
#2709=VERTEX_POINT('',#2708);
#2710=CARTESIAN_POINT('',(37.04556057,-9.171428571,-22.679944001));
#2711=VERTEX_POINT('',#2710);
#2712=CARTESIAN_POINT('',(36.788417713,-9.171428571,-22.234559508));
#2713=DIRECTION('',(0.5,0.,-0.866025404));
#2714=VECTOR('',#2713,0.514285714);
#2715=LINE('',#2712,#2714);
#2716=EDGE_CURVE('',#2709,#2711,#2715,.T.);
#2717=ORIENTED_EDGE('',*,*,#2716,.F.);
#2718=CARTESIAN_POINT('',(36.788417713,-9.685714286,-22.234559508));
#2719=VERTEX_POINT('',#2718);
#2720=CARTESIAN_POINT('',(36.788417713,-9.685714286,-22.234559508));
#2721=DIRECTION('',(0.,1.,0.));
#2722=VECTOR('',#2721,0.514285714);
#2723=LINE('',#2720,#2722);
#2724=EDGE_CURVE('',#2719,#2709,#2723,.T.);
#2725=ORIENTED_EDGE('',*,*,#2724,.F.);
#2726=CARTESIAN_POINT('',(37.04556057,-9.685714286,-22.679944001));
#2727=VERTEX_POINT('',#2726);
#2728=CARTESIAN_POINT('',(37.04556057,-9.685714286,-22.679944001));
#2729=DIRECTION('',(-0.5,0.,0.866025404));
#2730=VECTOR('',#2729,0.514285714);
#2731=LINE('',#2728,#2730);
#2732=EDGE_CURVE('',#2727,#2719,#2731,.T.);
#2733=ORIENTED_EDGE('',*,*,#2732,.F.);
#2734=CARTESIAN_POINT('',(37.04556057,-9.171428571,-22.679944001));
#2735=DIRECTION('',(0.,-1.,0.));
#2736=VECTOR('',#2735,0.514285714);
#2737=LINE('',#2734,#2736);
#2738=EDGE_CURVE('',#2711,#2727,#2737,.T.);
#2739=ORIENTED_EDGE('',*,*,#2738,.F.);
#2740=EDGE_LOOP('',(#2717,#2725,#2733,#2739));
#2741=FACE_BOUND('',#2740,.T.);
#2742=CARTESIAN_POINT('',(35.502703427,-9.171428571,-20.007637041));
#2743=VERTEX_POINT('',#2742);
#2744=CARTESIAN_POINT('',(35.759846284,-9.171428571,-20.453021535));
#2745=VERTEX_POINT('',#2744);
#2746=CARTESIAN_POINT('',(35.502703427,-9.171428571,-20.007637041));
#2747=DIRECTION('',(0.5,0.,-0.866025404));
#2748=VECTOR('',#2747,0.514285714);
#2749=LINE('',#2746,#2748);
#2750=EDGE_CURVE('',#2743,#2745,#2749,.T.);
#2751=ORIENTED_EDGE('',*,*,#2750,.F.);
#2752=CARTESIAN_POINT('',(35.502703427,-9.685714286,-20.007637041));
#2753=VERTEX_POINT('',#2752);
#2754=CARTESIAN_POINT('',(35.502703427,-9.685714286,-20.007637041));
#2755=DIRECTION('',(0.,1.,0.));
#2756=VECTOR('',#2755,0.514285714);
#2757=LINE('',#2754,#2756);
#2758=EDGE_CURVE('',#2753,#2743,#2757,.T.);
#2759=ORIENTED_EDGE('',*,*,#2758,.F.);
#2760=CARTESIAN_POINT('',(35.759846284,-9.685714286,-20.453021535));
#2761=VERTEX_POINT('',#2760);
#2762=CARTESIAN_POINT('',(35.759846284,-9.685714286,-20.453021535));
#2763=DIRECTION('',(-0.5,0.,0.866025404));
#2764=VECTOR('',#2763,0.514285714);
#2765=LINE('',#2762,#2764);
#2766=EDGE_CURVE('',#2761,#2753,#2765,.T.);
#2767=ORIENTED_EDGE('',*,*,#2766,.F.);
#2768=CARTESIAN_POINT('',(35.759846284,-9.171428571,-20.453021535));
#2769=DIRECTION('',(0.,-1.,0.));
#2770=VECTOR('',#2769,0.514285714);
#2771=LINE('',#2768,#2770);
#2772=EDGE_CURVE('',#2745,#2761,#2771,.T.);
#2773=ORIENTED_EDGE('',*,*,#2772,.F.);
#2774=EDGE_LOOP('',(#2751,#2759,#2767,#2773));
#2775=FACE_BOUND('',#2774,.T.);
#2776=CARTESIAN_POINT('',(36.359846284,8.828571429,-21.492252019));
#2777=VERTEX_POINT('',#2776);
#2778=CARTESIAN_POINT('',(36.616989142,8.828571429,-21.937636512));
#2779=VERTEX_POINT('',#2778);
#2780=CARTESIAN_POINT('',(36.359846284,8.828571429,-21.492252019));
#2781=DIRECTION('',(0.5,0.,-0.866025404));
#2782=VECTOR('',#2781,0.514285714);
#2783=LINE('',#2780,#2782);
#2784=EDGE_CURVE('',#2777,#2779,#2783,.T.);
#2785=ORIENTED_EDGE('',*,*,#2784,.F.);
#2786=CARTESIAN_POINT('',(36.359846284,8.314285714,-21.492252019));
#2787=VERTEX_POINT('',#2786);
#2788=CARTESIAN_POINT('',(36.359846284,8.314285714,-21.492252019));
#2789=DIRECTION('',(0.,1.,0.));
#2790=VECTOR('',#2789,0.514285714);
#2791=LINE('',#2788,#2790);
#2792=EDGE_CURVE('',#2787,#2777,#2791,.T.);
#2793=ORIENTED_EDGE('',*,*,#2792,.F.);
#2794=CARTESIAN_POINT('',(36.616989142,8.314285714,-21.937636512));
#2795=VERTEX_POINT('',#2794);
#2796=CARTESIAN_POINT('',(36.616989142,8.314285714,-21.937636512));
#2797=DIRECTION('',(-0.5,0.,0.866025404));
#2798=VECTOR('',#2797,0.514285714);
#2799=LINE('',#2796,#2798);
#2800=EDGE_CURVE('',#2795,#2787,#2799,.T.);
#2801=ORIENTED_EDGE('',*,*,#2800,.F.);
#2802=CARTESIAN_POINT('',(36.616989142,8.828571429,-21.937636512));
#2803=DIRECTION('',(0.,-1.,0.));
#2804=VECTOR('',#2803,0.514285714);
#2805=LINE('',#2802,#2804);
#2806=EDGE_CURVE('',#2779,#2795,#2805,.T.);
#2807=ORIENTED_EDGE('',*,*,#2806,.F.);
#2808=EDGE_LOOP('',(#2785,#2793,#2801,#2807));
#2809=FACE_BOUND('',#2808,.T.);
#2810=CARTESIAN_POINT('',(36.788417713,-11.742857143,-22.234559508));
#2811=VERTEX_POINT('',#2810);
#2812=CARTESIAN_POINT('',(37.04556057,-11.742857143,-22.679944001));
#2813=VERTEX_POINT('',#2812);
#2814=CARTESIAN_POINT('',(36.788417713,-11.742857143,-22.234559508));
#2815=DIRECTION('',(0.5,0.,-0.866025404));
#2816=VECTOR('',#2815,0.514285714);
#2817=LINE('',#2814,#2816);
#2818=EDGE_CURVE('',#2811,#2813,#2817,.T.);
#2819=ORIENTED_EDGE('',*,*,#2818,.F.);
#2820=CARTESIAN_POINT('',(36.788417713,-12.257142857,-22.234559508));
#2821=VERTEX_POINT('',#2820);
#2822=CARTESIAN_POINT('',(36.788417713,-12.257142857,-22.234559508));
#2823=DIRECTION('',(0.,1.,0.));
#2824=VECTOR('',#2823,0.514285714);
#2825=LINE('',#2822,#2824);
#2826=EDGE_CURVE('',#2821,#2811,#2825,.T.);
#2827=ORIENTED_EDGE('',*,*,#2826,.F.);
#2828=CARTESIAN_POINT('',(37.04556057,-12.257142857,-22.679944001));
#2829=VERTEX_POINT('',#2828);
#2830=CARTESIAN_POINT('',(37.04556057,-12.257142857,-22.679944001));
#2831=DIRECTION('',(-0.5,0.,0.866025404));
#2832=VECTOR('',#2831,0.514285714);
#2833=LINE('',#2830,#2832);
#2834=EDGE_CURVE('',#2829,#2821,#2833,.T.);
#2835=ORIENTED_EDGE('',*,*,#2834,.F.);
#2836=CARTESIAN_POINT('',(37.04556057,-11.742857143,-22.679944001));
#2837=DIRECTION('',(0.,-1.,0.));
#2838=VECTOR('',#2837,0.514285714);
#2839=LINE('',#2836,#2838);
#2840=EDGE_CURVE('',#2813,#2829,#2839,.T.);
#2841=ORIENTED_EDGE('',*,*,#2840,.F.);
#2842=EDGE_LOOP('',(#2819,#2827,#2835,#2841));
#2843=FACE_BOUND('',#2842,.T.);
#2844=CARTESIAN_POINT('',(35.502703427,-5.742857143,-20.007637041));
#2845=VERTEX_POINT('',#2844);
#2846=CARTESIAN_POINT('',(35.759846284,-5.742857143,-20.453021535));
#2847=VERTEX_POINT('',#2846);
#2848=CARTESIAN_POINT('',(35.502703427,-5.742857143,-20.007637041));
#2849=DIRECTION('',(0.5,0.,-0.866025404));
#2850=VECTOR('',#2849,0.514285714);
#2851=LINE('',#2848,#2850);
#2852=EDGE_CURVE('',#2845,#2847,#2851,.T.);
#2853=ORIENTED_EDGE('',*,*,#2852,.F.);
#2854=CARTESIAN_POINT('',(35.502703427,-6.257142857,-20.007637041));
#2855=VERTEX_POINT('',#2854);
#2856=CARTESIAN_POINT('',(35.502703427,-6.257142857,-20.007637041));
#2857=DIRECTION('',(0.,1.,0.));
#2858=VECTOR('',#2857,0.514285714);
#2859=LINE('',#2856,#2858);
#2860=EDGE_CURVE('',#2855,#2845,#2859,.T.);
#2861=ORIENTED_EDGE('',*,*,#2860,.F.);
#2862=CARTESIAN_POINT('',(35.759846284,-6.257142857,-20.453021535));
#2863=VERTEX_POINT('',#2862);
#2864=CARTESIAN_POINT('',(35.759846284,-6.257142857,-20.453021535));
#2865=DIRECTION('',(-0.5,0.,0.866025404));
#2866=VECTOR('',#2865,0.514285714);
#2867=LINE('',#2864,#2866);
#2868=EDGE_CURVE('',#2863,#2855,#2867,.T.);
#2869=ORIENTED_EDGE('',*,*,#2868,.F.);
#2870=CARTESIAN_POINT('',(35.759846284,-5.742857143,-20.453021535));
#2871=DIRECTION('',(0.,-1.,0.));
#2872=VECTOR('',#2871,0.514285714);
#2873=LINE('',#2870,#2872);
#2874=EDGE_CURVE('',#2847,#2863,#2873,.T.);
#2875=ORIENTED_EDGE('',*,*,#2874,.F.);
#2876=EDGE_LOOP('',(#2853,#2861,#2869,#2875));
#2877=FACE_BOUND('',#2876,.T.);
#2878=CARTESIAN_POINT('',(36.788417713,3.685714286,-22.234559508));
#2879=VERTEX_POINT('',#2878);
#2880=CARTESIAN_POINT('',(37.04556057,3.685714286,-22.679944001));
#2881=VERTEX_POINT('',#2880);
#2882=CARTESIAN_POINT('',(36.788417713,3.685714286,-22.234559508));
#2883=DIRECTION('',(0.5,0.,-0.866025404));
#2884=VECTOR('',#2883,0.514285714);
#2885=LINE('',#2882,#2884);
#2886=EDGE_CURVE('',#2879,#2881,#2885,.T.);
#2887=ORIENTED_EDGE('',*,*,#2886,.F.);
#2888=CARTESIAN_POINT('',(36.788417713,3.171428571,-22.234559508));
#2889=VERTEX_POINT('',#2888);
#2890=CARTESIAN_POINT('',(36.788417713,3.171428571,-22.234559508));
#2891=DIRECTION('',(0.,1.,0.));
#2892=VECTOR('',#2891,0.514285714);
#2893=LINE('',#2890,#2892);
#2894=EDGE_CURVE('',#2889,#2879,#2893,.T.);
#2895=ORIENTED_EDGE('',*,*,#2894,.F.);
#2896=CARTESIAN_POINT('',(37.04556057,3.171428571,-22.679944001));
#2897=VERTEX_POINT('',#2896);
#2898=CARTESIAN_POINT('',(37.04556057,3.171428571,-22.679944001));
#2899=DIRECTION('',(-0.5,0.,0.866025404));
#2900=VECTOR('',#2899,0.514285714);
#2901=LINE('',#2898,#2900);
#2902=EDGE_CURVE('',#2897,#2889,#2901,.T.);
#2903=ORIENTED_EDGE('',*,*,#2902,.F.);
#2904=CARTESIAN_POINT('',(37.04556057,3.685714286,-22.679944001));
#2905=DIRECTION('',(0.,-1.,0.));
#2906=VECTOR('',#2905,0.514285714);
#2907=LINE('',#2904,#2906);
#2908=EDGE_CURVE('',#2881,#2897,#2907,.T.);
#2909=ORIENTED_EDGE('',*,*,#2908,.F.);
#2910=EDGE_LOOP('',(#2887,#2895,#2903,#2909));
#2911=FACE_BOUND('',#2910,.T.);
#2912=CARTESIAN_POINT('',(35.502703427,-10.885714286,-20.007637041));
#2913=VERTEX_POINT('',#2912);
#2914=CARTESIAN_POINT('',(35.759846284,-10.885714286,-20.453021535));
#2915=VERTEX_POINT('',#2914);
#2916=CARTESIAN_POINT('',(35.502703427,-10.885714286,-20.007637041));
#2917=DIRECTION('',(0.5,0.,-0.866025404));
#2918=VECTOR('',#2917,0.514285714);
#2919=LINE('',#2916,#2918);
#2920=EDGE_CURVE('',#2913,#2915,#2919,.T.);
#2921=ORIENTED_EDGE('',*,*,#2920,.F.);
#2922=CARTESIAN_POINT('',(35.502703427,-11.4,-20.007637041));
#2923=VERTEX_POINT('',#2922);
#2924=CARTESIAN_POINT('',(35.502703427,-11.4,-20.007637041));
#2925=DIRECTION('',(0.,1.,0.));
#2926=VECTOR('',#2925,0.514285714);
#2927=LINE('',#2924,#2926);
#2928=EDGE_CURVE('',#2923,#2913,#2927,.T.);
#2929=ORIENTED_EDGE('',*,*,#2928,.F.);
#2930=CARTESIAN_POINT('',(35.759846284,-11.4,-20.453021535));
#2931=VERTEX_POINT('',#2930);
#2932=CARTESIAN_POINT('',(35.759846284,-11.4,-20.453021535));
#2933=DIRECTION('',(-0.5,0.,0.866025404));
#2934=VECTOR('',#2933,0.514285714);
#2935=LINE('',#2932,#2934);
#2936=EDGE_CURVE('',#2931,#2923,#2935,.T.);
#2937=ORIENTED_EDGE('',*,*,#2936,.F.);
#2938=CARTESIAN_POINT('',(35.759846284,-10.885714286,-20.453021535));
#2939=DIRECTION('',(0.,-1.,0.));
#2940=VECTOR('',#2939,0.514285714);
#2941=LINE('',#2938,#2940);
#2942=EDGE_CURVE('',#2915,#2931,#2941,.T.);
#2943=ORIENTED_EDGE('',*,*,#2942,.F.);
#2944=EDGE_LOOP('',(#2921,#2929,#2937,#2943));
#2945=FACE_BOUND('',#2944,.T.);
#2946=CARTESIAN_POINT('',(37.64556057,-11.742857143,-23.719174486));
#2947=VERTEX_POINT('',#2946);
#2948=CARTESIAN_POINT('',(37.902703428,-11.742857143,-24.164558979));
#2949=VERTEX_POINT('',#2948);
#2950=CARTESIAN_POINT('',(37.64556057,-11.742857143,-23.719174486));
#2951=DIRECTION('',(0.5,0.,-0.866025404));
#2952=VECTOR('',#2951,0.514285714);
#2953=LINE('',#2950,#2952);
#2954=EDGE_CURVE('',#2947,#2949,#2953,.T.);
#2955=ORIENTED_EDGE('',*,*,#2954,.F.);
#2956=CARTESIAN_POINT('',(37.64556057,-12.257142857,-23.719174486));
#2957=VERTEX_POINT('',#2956);
#2958=CARTESIAN_POINT('',(37.64556057,-12.257142857,-23.719174486));
#2959=DIRECTION('',(0.,1.,0.));
#2960=VECTOR('',#2959,0.514285714);
#2961=LINE('',#2958,#2960);
#2962=EDGE_CURVE('',#2957,#2947,#2961,.T.);
#2963=ORIENTED_EDGE('',*,*,#2962,.F.);
#2964=CARTESIAN_POINT('',(37.902703428,-12.257142857,-24.164558979));
#2965=VERTEX_POINT('',#2964);
#2966=CARTESIAN_POINT('',(37.902703428,-12.257142857,-24.164558979));
#2967=DIRECTION('',(-0.5,0.,0.866025404));
#2968=VECTOR('',#2967,0.514285714);
#2969=LINE('',#2966,#2968);
#2970=EDGE_CURVE('',#2965,#2957,#2969,.T.);
#2971=ORIENTED_EDGE('',*,*,#2970,.F.);
#2972=CARTESIAN_POINT('',(37.902703428,-11.742857143,-24.164558979));
#2973=DIRECTION('',(0.,-1.,0.));
#2974=VECTOR('',#2973,0.514285714);
#2975=LINE('',#2972,#2974);
#2976=EDGE_CURVE('',#2949,#2965,#2975,.T.);
#2977=ORIENTED_EDGE('',*,*,#2976,.F.);
#2978=EDGE_LOOP('',(#2955,#2963,#2971,#2977));
#2979=FACE_BOUND('',#2978,.T.);
#2980=CARTESIAN_POINT('',(36.359846284,10.542857143,-21.492252019));
#2981=VERTEX_POINT('',#2980);
#2982=CARTESIAN_POINT('',(36.616989142,10.542857143,-21.937636512));
#2983=VERTEX_POINT('',#2982);
#2984=CARTESIAN_POINT('',(36.359846284,10.542857143,-21.492252019));
#2985=DIRECTION('',(0.5,0.,-0.866025404));
#2986=VECTOR('',#2985,0.514285714);
#2987=LINE('',#2984,#2986);
#2988=EDGE_CURVE('',#2981,#2983,#2987,.T.);
#2989=ORIENTED_EDGE('',*,*,#2988,.F.);
#2990=CARTESIAN_POINT('',(36.359846284,10.028571429,-21.492252019));
#2991=VERTEX_POINT('',#2990);
#2992=CARTESIAN_POINT('',(36.359846284,10.028571429,-21.492252019));
#2993=DIRECTION('',(0.,1.,0.));
#2994=VECTOR('',#2993,0.514285714);
#2995=LINE('',#2992,#2994);
#2996=EDGE_CURVE('',#2991,#2981,#2995,.T.);
#2997=ORIENTED_EDGE('',*,*,#2996,.F.);
#2998=CARTESIAN_POINT('',(36.616989142,10.028571429,-21.937636512));
#2999=VERTEX_POINT('',#2998);
#3000=CARTESIAN_POINT('',(36.616989142,10.028571429,-21.937636512));
#3001=DIRECTION('',(-0.5,0.,0.866025404));
#3002=VECTOR('',#3001,0.514285714);
#3003=LINE('',#3000,#3002);
#3004=EDGE_CURVE('',#2999,#2991,#3003,.T.);
#3005=ORIENTED_EDGE('',*,*,#3004,.F.);
#3006=CARTESIAN_POINT('',(36.616989142,10.542857143,-21.937636512));
#3007=DIRECTION('',(0.,-1.,0.));
#3008=VECTOR('',#3007,0.514285714);
#3009=LINE('',#3006,#3008);
#3010=EDGE_CURVE('',#2983,#2999,#3009,.T.);
#3011=ORIENTED_EDGE('',*,*,#3010,.F.);
#3012=EDGE_LOOP('',(#2989,#2997,#3005,#3011));
#3013=FACE_BOUND('',#3012,.T.);
#3014=CARTESIAN_POINT('',(35.931274856,9.685714286,-20.74994453));
#3015=VERTEX_POINT('',#3014);
#3016=CARTESIAN_POINT('',(36.188417713,9.685714286,-21.195329024));
#3017=VERTEX_POINT('',#3016);
#3018=CARTESIAN_POINT('',(35.931274856,9.685714286,-20.74994453));
#3019=DIRECTION('',(0.5,0.,-0.866025404));
#3020=VECTOR('',#3019,0.514285714);
#3021=LINE('',#3018,#3020);
#3022=EDGE_CURVE('',#3015,#3017,#3021,.T.);
#3023=ORIENTED_EDGE('',*,*,#3022,.F.);
#3024=CARTESIAN_POINT('',(35.931274856,9.171428571,-20.74994453));
#3025=VERTEX_POINT('',#3024);
#3026=CARTESIAN_POINT('',(35.931274856,9.171428571,-20.74994453));
#3027=DIRECTION('',(0.,1.,0.));
#3028=VECTOR('',#3027,0.514285714);
#3029=LINE('',#3026,#3028);
#3030=EDGE_CURVE('',#3025,#3015,#3029,.T.);
#3031=ORIENTED_EDGE('',*,*,#3030,.F.);
#3032=CARTESIAN_POINT('',(36.188417713,9.171428571,-21.195329024));
#3033=VERTEX_POINT('',#3032);
#3034=CARTESIAN_POINT('',(36.188417713,9.171428571,-21.195329024));
#3035=DIRECTION('',(-0.5,0.,0.866025404));
#3036=VECTOR('',#3035,0.514285714);
#3037=LINE('',#3034,#3036);
#3038=EDGE_CURVE('',#3033,#3025,#3037,.T.);
#3039=ORIENTED_EDGE('',*,*,#3038,.F.);
#3040=CARTESIAN_POINT('',(36.188417713,9.685714286,-21.195329024));
#3041=DIRECTION('',(0.,-1.,0.));
#3042=VECTOR('',#3041,0.514285714);
#3043=LINE('',#3040,#3042);
#3044=EDGE_CURVE('',#3017,#3033,#3043,.T.);
#3045=ORIENTED_EDGE('',*,*,#3044,.F.);
#3046=EDGE_LOOP('',(#3023,#3031,#3039,#3045));
#3047=FACE_BOUND('',#3046,.T.);
#3048=CARTESIAN_POINT('',(38.074131999,-9.171428571,-24.461481975));
#3049=VERTEX_POINT('',#3048);
#3050=CARTESIAN_POINT('',(38.331274856,-9.171428571,-24.906866468));
#3051=VERTEX_POINT('',#3050);
#3052=CARTESIAN_POINT('',(38.074131999,-9.171428571,-24.461481975));
#3053=DIRECTION('',(0.5,0.,-0.866025404));
#3054=VECTOR('',#3053,0.514285714);
#3055=LINE('',#3052,#3054);
#3056=EDGE_CURVE('',#3049,#3051,#3055,.T.);
#3057=ORIENTED_EDGE('',*,*,#3056,.F.);
#3058=CARTESIAN_POINT('',(38.074131999,-9.685714286,-24.461481975));
#3059=VERTEX_POINT('',#3058);
#3060=CARTESIAN_POINT('',(38.074131999,-9.685714286,-24.461481975));
#3061=DIRECTION('',(0.,1.,0.));
#3062=VECTOR('',#3061,0.514285714);
#3063=LINE('',#3060,#3062);
#3064=EDGE_CURVE('',#3059,#3049,#3063,.T.);
#3065=ORIENTED_EDGE('',*,*,#3064,.F.);
#3066=CARTESIAN_POINT('',(38.331274856,-9.685714286,-24.906866468));
#3067=VERTEX_POINT('',#3066);
#3068=CARTESIAN_POINT('',(38.331274856,-9.685714286,-24.906866468));
#3069=DIRECTION('',(-0.5,0.,0.866025404));
#3070=VECTOR('',#3069,0.514285714);
#3071=LINE('',#3068,#3070);
#3072=EDGE_CURVE('',#3067,#3059,#3071,.T.);
#3073=ORIENTED_EDGE('',*,*,#3072,.F.);
#3074=CARTESIAN_POINT('',(38.331274856,-9.171428571,-24.906866468));
#3075=DIRECTION('',(0.,-1.,0.));
#3076=VECTOR('',#3075,0.514285714);
#3077=LINE('',#3074,#3076);
#3078=EDGE_CURVE('',#3051,#3067,#3077,.T.);
#3079=ORIENTED_EDGE('',*,*,#3078,.F.);
#3080=EDGE_LOOP('',(#3057,#3065,#3073,#3079));
#3081=FACE_BOUND('',#3080,.T.);
#3082=CARTESIAN_POINT('',(37.64556057,-6.6,-23.719174486));
#3083=VERTEX_POINT('',#3082);
#3084=CARTESIAN_POINT('',(37.902703428,-6.6,-24.164558979));
#3085=VERTEX_POINT('',#3084);
#3086=CARTESIAN_POINT('',(37.64556057,-6.6,-23.719174486));
#3087=DIRECTION('',(0.5,0.,-0.866025404));
#3088=VECTOR('',#3087,0.514285714);
#3089=LINE('',#3086,#3088);
#3090=EDGE_CURVE('',#3083,#3085,#3089,.T.);
#3091=ORIENTED_EDGE('',*,*,#3090,.F.);
#3092=CARTESIAN_POINT('',(37.64556057,-7.114285714,-23.719174486));
#3093=VERTEX_POINT('',#3092);
#3094=CARTESIAN_POINT('',(37.64556057,-7.114285714,-23.719174486));
#3095=DIRECTION('',(0.,1.,0.));
#3096=VECTOR('',#3095,0.514285714);
#3097=LINE('',#3094,#3096);
#3098=EDGE_CURVE('',#3093,#3083,#3097,.T.);
#3099=ORIENTED_EDGE('',*,*,#3098,.F.);
#3100=CARTESIAN_POINT('',(37.902703428,-7.114285714,-24.164558979));
#3101=VERTEX_POINT('',#3100);
#3102=CARTESIAN_POINT('',(37.902703428,-7.114285714,-24.164558979));
#3103=DIRECTION('',(-0.5,0.,0.866025404));
#3104=VECTOR('',#3103,0.514285714);
#3105=LINE('',#3102,#3104);
#3106=EDGE_CURVE('',#3101,#3093,#3105,.T.);
#3107=ORIENTED_EDGE('',*,*,#3106,.F.);
#3108=CARTESIAN_POINT('',(37.902703428,-6.6,-24.164558979));
#3109=DIRECTION('',(0.,-1.,0.));
#3110=VECTOR('',#3109,0.514285714);
#3111=LINE('',#3108,#3110);
#3112=EDGE_CURVE('',#3085,#3101,#3111,.T.);
#3113=ORIENTED_EDGE('',*,*,#3112,.F.);
#3114=EDGE_LOOP('',(#3091,#3099,#3107,#3113));
#3115=FACE_BOUND('',#3114,.T.);
#3116=CARTESIAN_POINT('',(37.216989142,3.685714286,-22.976866997));
#3117=VERTEX_POINT('',#3116);
#3118=CARTESIAN_POINT('',(37.474131999,3.685714286,-23.42225149));
#3119=VERTEX_POINT('',#3118);
#3120=CARTESIAN_POINT('',(37.216989142,3.685714286,-22.976866997));
#3121=DIRECTION('',(0.5,0.,-0.866025404));
#3122=VECTOR('',#3121,0.514285714);
#3123=LINE('',#3120,#3122);
#3124=EDGE_CURVE('',#3117,#3119,#3123,.T.);
#3125=ORIENTED_EDGE('',*,*,#3124,.F.);
#3126=CARTESIAN_POINT('',(37.216989142,3.171428571,-22.976866997));
#3127=VERTEX_POINT('',#3126);
#3128=CARTESIAN_POINT('',(37.216989142,3.171428571,-22.976866997));
#3129=DIRECTION('',(0.,1.,0.));
#3130=VECTOR('',#3129,0.514285714);
#3131=LINE('',#3128,#3130);
#3132=EDGE_CURVE('',#3127,#3117,#3131,.T.);
#3133=ORIENTED_EDGE('',*,*,#3132,.F.);
#3134=CARTESIAN_POINT('',(37.474131999,3.171428571,-23.42225149));
#3135=VERTEX_POINT('',#3134);
#3136=CARTESIAN_POINT('',(37.474131999,3.171428571,-23.42225149));
#3137=DIRECTION('',(-0.5,0.,0.866025404));
#3138=VECTOR('',#3137,0.514285714);
#3139=LINE('',#3136,#3138);
#3140=EDGE_CURVE('',#3135,#3127,#3139,.T.);
#3141=ORIENTED_EDGE('',*,*,#3140,.F.);
#3142=CARTESIAN_POINT('',(37.474131999,3.685714286,-23.42225149));
#3143=DIRECTION('',(0.,-1.,0.));
#3144=VECTOR('',#3143,0.514285714);
#3145=LINE('',#3142,#3144);
#3146=EDGE_CURVE('',#3119,#3135,#3145,.T.);
#3147=ORIENTED_EDGE('',*,*,#3146,.F.);
#3148=EDGE_LOOP('',(#3125,#3133,#3141,#3147));
#3149=FACE_BOUND('',#3148,.T.);
#3150=CARTESIAN_POINT('',(38.074131999,11.4,-24.461481975));
#3151=VERTEX_POINT('',#3150);
#3152=CARTESIAN_POINT('',(38.331274856,11.4,-24.906866468));
#3153=VERTEX_POINT('',#3152);
#3154=CARTESIAN_POINT('',(38.074131999,11.4,-24.461481975));
#3155=DIRECTION('',(0.5,0.,-0.866025404));
#3156=VECTOR('',#3155,0.514285714);
#3157=LINE('',#3154,#3156);
#3158=EDGE_CURVE('',#3151,#3153,#3157,.T.);
#3159=ORIENTED_EDGE('',*,*,#3158,.F.);
#3160=CARTESIAN_POINT('',(38.074131999,10.885714286,-24.461481975));
#3161=VERTEX_POINT('',#3160);
#3162=CARTESIAN_POINT('',(38.074131999,10.885714286,-24.461481975));
#3163=DIRECTION('',(0.,1.,0.));
#3164=VECTOR('',#3163,0.514285714);
#3165=LINE('',#3162,#3164);
#3166=EDGE_CURVE('',#3161,#3151,#3165,.T.);
#3167=ORIENTED_EDGE('',*,*,#3166,.F.);
#3168=CARTESIAN_POINT('',(38.331274856,10.885714286,-24.906866468));
#3169=VERTEX_POINT('',#3168);
#3170=CARTESIAN_POINT('',(38.331274856,10.885714286,-24.906866468));
#3171=DIRECTION('',(-0.5,0.,0.866025404));
#3172=VECTOR('',#3171,0.514285714);
#3173=LINE('',#3170,#3172);
#3174=EDGE_CURVE('',#3169,#3161,#3173,.T.);
#3175=ORIENTED_EDGE('',*,*,#3174,.F.);
#3176=CARTESIAN_POINT('',(38.331274856,11.4,-24.906866468));
#3177=DIRECTION('',(0.,-1.,0.));
#3178=VECTOR('',#3177,0.514285714);
#3179=LINE('',#3176,#3178);
#3180=EDGE_CURVE('',#3153,#3169,#3179,.T.);
#3181=ORIENTED_EDGE('',*,*,#3180,.F.);
#3182=EDGE_LOOP('',(#3159,#3167,#3175,#3181));
#3183=FACE_BOUND('',#3182,.T.);
#3184=CARTESIAN_POINT('',(36.359846284,3.685714286,-21.492252019));
#3185=VERTEX_POINT('',#3184);
#3186=CARTESIAN_POINT('',(36.616989142,3.685714286,-21.937636512));
#3187=VERTEX_POINT('',#3186);
#3188=CARTESIAN_POINT('',(36.359846284,3.685714286,-21.492252019));
#3189=DIRECTION('',(0.5,0.,-0.866025404));
#3190=VECTOR('',#3189,0.514285714);
#3191=LINE('',#3188,#3190);
#3192=EDGE_CURVE('',#3185,#3187,#3191,.T.);
#3193=ORIENTED_EDGE('',*,*,#3192,.F.);
#3194=CARTESIAN_POINT('',(36.359846284,3.171428571,-21.492252019));
#3195=VERTEX_POINT('',#3194);
#3196=CARTESIAN_POINT('',(36.359846284,3.171428571,-21.492252019));
#3197=DIRECTION('',(0.,1.,0.));
#3198=VECTOR('',#3197,0.514285714);
#3199=LINE('',#3196,#3198);
#3200=EDGE_CURVE('',#3195,#3185,#3199,.T.);
#3201=ORIENTED_EDGE('',*,*,#3200,.F.);
#3202=CARTESIAN_POINT('',(36.616989142,3.171428571,-21.937636512));
#3203=VERTEX_POINT('',#3202);
#3204=CARTESIAN_POINT('',(36.616989142,3.171428571,-21.937636512));
#3205=DIRECTION('',(-0.5,0.,0.866025404));
#3206=VECTOR('',#3205,0.514285714);
#3207=LINE('',#3204,#3206);
#3208=EDGE_CURVE('',#3203,#3195,#3207,.T.);
#3209=ORIENTED_EDGE('',*,*,#3208,.F.);
#3210=CARTESIAN_POINT('',(36.616989142,3.685714286,-21.937636512));
#3211=DIRECTION('',(0.,-1.,0.));
#3212=VECTOR('',#3211,0.514285714);
#3213=LINE('',#3210,#3212);
#3214=EDGE_CURVE('',#3187,#3203,#3213,.T.);
#3215=ORIENTED_EDGE('',*,*,#3214,.F.);
#3216=EDGE_LOOP('',(#3193,#3201,#3209,#3215));
#3217=FACE_BOUND('',#3216,.T.);
#3218=CARTESIAN_POINT('',(37.64556057,-3.171428571,-23.719174486));
#3219=VERTEX_POINT('',#3218);
#3220=CARTESIAN_POINT('',(37.902703428,-3.171428571,-24.164558979));
#3221=VERTEX_POINT('',#3220);
#3222=CARTESIAN_POINT('',(37.64556057,-3.171428571,-23.719174486));
#3223=DIRECTION('',(0.5,0.,-0.866025404));
#3224=VECTOR('',#3223,0.514285714);
#3225=LINE('',#3222,#3224);
#3226=EDGE_CURVE('',#3219,#3221,#3225,.T.);
#3227=ORIENTED_EDGE('',*,*,#3226,.F.);
#3228=CARTESIAN_POINT('',(37.64556057,-3.685714286,-23.719174486));
#3229=VERTEX_POINT('',#3228);
#3230=CARTESIAN_POINT('',(37.64556057,-3.685714286,-23.719174486));
#3231=DIRECTION('',(0.,1.,0.));
#3232=VECTOR('',#3231,0.514285714);
#3233=LINE('',#3230,#3232);
#3234=EDGE_CURVE('',#3229,#3219,#3233,.T.);
#3235=ORIENTED_EDGE('',*,*,#3234,.F.);
#3236=CARTESIAN_POINT('',(37.902703428,-3.685714286,-24.164558979));
#3237=VERTEX_POINT('',#3236);
#3238=CARTESIAN_POINT('',(37.902703428,-3.685714286,-24.164558979));
#3239=DIRECTION('',(-0.5,0.,0.866025404));
#3240=VECTOR('',#3239,0.514285714);
#3241=LINE('',#3238,#3240);
#3242=EDGE_CURVE('',#3237,#3229,#3241,.T.);
#3243=ORIENTED_EDGE('',*,*,#3242,.F.);
#3244=CARTESIAN_POINT('',(37.902703428,-3.171428571,-24.164558979));
#3245=DIRECTION('',(0.,-1.,0.));
#3246=VECTOR('',#3245,0.514285714);
#3247=LINE('',#3244,#3246);
#3248=EDGE_CURVE('',#3221,#3237,#3247,.T.);
#3249=ORIENTED_EDGE('',*,*,#3248,.F.);
#3250=EDGE_LOOP('',(#3227,#3235,#3243,#3249));
#3251=FACE_BOUND('',#3250,.T.);
#3252=CARTESIAN_POINT('',(38.074131999,10.542857143,-24.461481975));
#3253=VERTEX_POINT('',#3252);
#3254=CARTESIAN_POINT('',(38.331274856,10.542857143,-24.906866468));
#3255=VERTEX_POINT('',#3254);
#3256=CARTESIAN_POINT('',(38.074131999,10.542857143,-24.461481975));
#3257=DIRECTION('',(0.5,0.,-0.866025404));
#3258=VECTOR('',#3257,0.514285714);
#3259=LINE('',#3256,#3258);
#3260=EDGE_CURVE('',#3253,#3255,#3259,.T.);
#3261=ORIENTED_EDGE('',*,*,#3260,.F.);
#3262=CARTESIAN_POINT('',(38.074131999,10.028571429,-24.461481975));
#3263=VERTEX_POINT('',#3262);
#3264=CARTESIAN_POINT('',(38.074131999,10.028571429,-24.461481975));
#3265=DIRECTION('',(0.,1.,0.));
#3266=VECTOR('',#3265,0.514285714);
#3267=LINE('',#3264,#3266);
#3268=EDGE_CURVE('',#3263,#3253,#3267,.T.);
#3269=ORIENTED_EDGE('',*,*,#3268,.F.);
#3270=CARTESIAN_POINT('',(38.331274856,10.028571429,-24.906866468));
#3271=VERTEX_POINT('',#3270);
#3272=CARTESIAN_POINT('',(38.331274856,10.028571429,-24.906866468));
#3273=DIRECTION('',(-0.5,0.,0.866025404));
#3274=VECTOR('',#3273,0.514285714);
#3275=LINE('',#3272,#3274);
#3276=EDGE_CURVE('',#3271,#3263,#3275,.T.);
#3277=ORIENTED_EDGE('',*,*,#3276,.F.);
#3278=CARTESIAN_POINT('',(38.331274856,10.542857143,-24.906866468));
#3279=DIRECTION('',(0.,-1.,0.));
#3280=VECTOR('',#3279,0.514285714);
#3281=LINE('',#3278,#3280);
#3282=EDGE_CURVE('',#3255,#3271,#3281,.T.);
#3283=ORIENTED_EDGE('',*,*,#3282,.F.);
#3284=EDGE_LOOP('',(#3261,#3269,#3277,#3283));
#3285=FACE_BOUND('',#3284,.T.);
#3286=CARTESIAN_POINT('',(35.502703427,-10.028571429,-20.007637041));
#3287=VERTEX_POINT('',#3286);
#3288=CARTESIAN_POINT('',(35.759846284,-10.028571429,-20.453021535));
#3289=VERTEX_POINT('',#3288);
#3290=CARTESIAN_POINT('',(35.502703427,-10.028571429,-20.007637041));
#3291=DIRECTION('',(0.5,0.,-0.866025404));
#3292=VECTOR('',#3291,0.514285714);
#3293=LINE('',#3290,#3292);
#3294=EDGE_CURVE('',#3287,#3289,#3293,.T.);
#3295=ORIENTED_EDGE('',*,*,#3294,.F.);
#3296=CARTESIAN_POINT('',(35.502703427,-10.542857143,-20.007637041));
#3297=VERTEX_POINT('',#3296);
#3298=CARTESIAN_POINT('',(35.502703427,-10.542857143,-20.007637041));
#3299=DIRECTION('',(0.,1.,0.));
#3300=VECTOR('',#3299,0.514285714);
#3301=LINE('',#3298,#3300);
#3302=EDGE_CURVE('',#3297,#3287,#3301,.T.);
#3303=ORIENTED_EDGE('',*,*,#3302,.F.);
#3304=CARTESIAN_POINT('',(35.759846284,-10.542857143,-20.453021535));
#3305=VERTEX_POINT('',#3304);
#3306=CARTESIAN_POINT('',(35.759846284,-10.542857143,-20.453021535));
#3307=DIRECTION('',(-0.5,0.,0.866025404));
#3308=VECTOR('',#3307,0.514285714);
#3309=LINE('',#3306,#3308);
#3310=EDGE_CURVE('',#3305,#3297,#3309,.T.);
#3311=ORIENTED_EDGE('',*,*,#3310,.F.);
#3312=CARTESIAN_POINT('',(35.759846284,-10.028571429,-20.453021535));
#3313=DIRECTION('',(0.,-1.,0.));
#3314=VECTOR('',#3313,0.514285714);
#3315=LINE('',#3312,#3314);
#3316=EDGE_CURVE('',#3289,#3305,#3315,.T.);
#3317=ORIENTED_EDGE('',*,*,#3316,.F.);
#3318=EDGE_LOOP('',(#3295,#3303,#3311,#3317));
#3319=FACE_BOUND('',#3318,.T.);
#3320=CARTESIAN_POINT('',(35.502703427,10.542857143,-20.007637041));
#3321=VERTEX_POINT('',#3320);
#3322=CARTESIAN_POINT('',(35.759846284,10.542857143,-20.453021535));
#3323=VERTEX_POINT('',#3322);
#3324=CARTESIAN_POINT('',(35.502703427,10.542857143,-20.007637041));
#3325=DIRECTION('',(0.5,0.,-0.866025404));
#3326=VECTOR('',#3325,0.514285714);
#3327=LINE('',#3324,#3326);
#3328=EDGE_CURVE('',#3321,#3323,#3327,.T.);
#3329=ORIENTED_EDGE('',*,*,#3328,.F.);
#3330=CARTESIAN_POINT('',(35.502703427,10.028571429,-20.007637041));
#3331=VERTEX_POINT('',#3330);
#3332=CARTESIAN_POINT('',(35.502703427,10.028571429,-20.007637041));
#3333=DIRECTION('',(0.,1.,0.));
#3334=VECTOR('',#3333,0.514285714);
#3335=LINE('',#3332,#3334);
#3336=EDGE_CURVE('',#3331,#3321,#3335,.T.);
#3337=ORIENTED_EDGE('',*,*,#3336,.F.);
#3338=CARTESIAN_POINT('',(35.759846284,10.028571429,-20.453021535));
#3339=VERTEX_POINT('',#3338);
#3340=CARTESIAN_POINT('',(35.759846284,10.028571429,-20.453021535));
#3341=DIRECTION('',(-0.5,0.,0.866025404));
#3342=VECTOR('',#3341,0.514285714);
#3343=LINE('',#3340,#3342);
#3344=EDGE_CURVE('',#3339,#3331,#3343,.T.);
#3345=ORIENTED_EDGE('',*,*,#3344,.F.);
#3346=CARTESIAN_POINT('',(35.759846284,10.542857143,-20.453021535));
#3347=DIRECTION('',(0.,-1.,0.));
#3348=VECTOR('',#3347,0.514285714);
#3349=LINE('',#3346,#3348);
#3350=EDGE_CURVE('',#3323,#3339,#3349,.T.);
#3351=ORIENTED_EDGE('',*,*,#3350,.F.);
#3352=EDGE_LOOP('',(#3329,#3337,#3345,#3351));
#3353=FACE_BOUND('',#3352,.T.);
#3354=CARTESIAN_POINT('',(38.074131999,-8.314285714,-24.461481975));
#3355=VERTEX_POINT('',#3354);
#3356=CARTESIAN_POINT('',(38.331274856,-8.314285714,-24.906866468));
#3357=VERTEX_POINT('',#3356);
#3358=CARTESIAN_POINT('',(38.074131999,-8.314285714,-24.461481975));
#3359=DIRECTION('',(0.5,0.,-0.866025404));
#3360=VECTOR('',#3359,0.514285714);
#3361=LINE('',#3358,#3360);
#3362=EDGE_CURVE('',#3355,#3357,#3361,.T.);
#3363=ORIENTED_EDGE('',*,*,#3362,.F.);
#3364=CARTESIAN_POINT('',(38.074131999,-8.828571429,-24.461481975));
#3365=VERTEX_POINT('',#3364);
#3366=CARTESIAN_POINT('',(38.074131999,-8.828571429,-24.461481975));
#3367=DIRECTION('',(0.,1.,0.));
#3368=VECTOR('',#3367,0.514285714);
#3369=LINE('',#3366,#3368);
#3370=EDGE_CURVE('',#3365,#3355,#3369,.T.);
#3371=ORIENTED_EDGE('',*,*,#3370,.F.);
#3372=CARTESIAN_POINT('',(38.331274856,-8.828571429,-24.906866468));
#3373=VERTEX_POINT('',#3372);
#3374=CARTESIAN_POINT('',(38.331274856,-8.828571429,-24.906866468));
#3375=DIRECTION('',(-0.5,0.,0.866025404));
#3376=VECTOR('',#3375,0.514285714);
#3377=LINE('',#3374,#3376);
#3378=EDGE_CURVE('',#3373,#3365,#3377,.T.);
#3379=ORIENTED_EDGE('',*,*,#3378,.F.);
#3380=CARTESIAN_POINT('',(38.331274856,-8.314285714,-24.906866468));
#3381=DIRECTION('',(0.,-1.,0.));
#3382=VECTOR('',#3381,0.514285714);
#3383=LINE('',#3380,#3382);
#3384=EDGE_CURVE('',#3357,#3373,#3383,.T.);
#3385=ORIENTED_EDGE('',*,*,#3384,.F.);
#3386=EDGE_LOOP('',(#3363,#3371,#3379,#3385));
#3387=FACE_BOUND('',#3386,.T.);
#3388=CARTESIAN_POINT('',(38.502703428,1.971428571,-25.203789464));
#3389=VERTEX_POINT('',#3388);
#3390=CARTESIAN_POINT('',(38.759846285,1.971428571,-25.649173957));
#3391=VERTEX_POINT('',#3390);
#3392=CARTESIAN_POINT('',(38.502703428,1.971428571,-25.203789464));
#3393=DIRECTION('',(0.5,0.,-0.866025404));
#3394=VECTOR('',#3393,0.514285714);
#3395=LINE('',#3392,#3394);
#3396=EDGE_CURVE('',#3389,#3391,#3395,.T.);
#3397=ORIENTED_EDGE('',*,*,#3396,.F.);
#3398=CARTESIAN_POINT('',(38.502703428,1.457142857,-25.203789464));
#3399=VERTEX_POINT('',#3398);
#3400=CARTESIAN_POINT('',(38.502703428,1.457142857,-25.203789464));
#3401=DIRECTION('',(0.,1.,0.));
#3402=VECTOR('',#3401,0.514285714);
#3403=LINE('',#3400,#3402);
#3404=EDGE_CURVE('',#3399,#3389,#3403,.T.);
#3405=ORIENTED_EDGE('',*,*,#3404,.F.);
#3406=CARTESIAN_POINT('',(38.759846285,1.457142857,-25.649173957));
#3407=VERTEX_POINT('',#3406);
#3408=CARTESIAN_POINT('',(38.759846285,1.457142857,-25.649173957));
#3409=DIRECTION('',(-0.5,0.,0.866025404));
#3410=VECTOR('',#3409,0.514285714);
#3411=LINE('',#3408,#3410);
#3412=EDGE_CURVE('',#3407,#3399,#3411,.T.);
#3413=ORIENTED_EDGE('',*,*,#3412,.F.);
#3414=CARTESIAN_POINT('',(38.759846285,1.971428571,-25.649173957));
#3415=DIRECTION('',(0.,-1.,0.));
#3416=VECTOR('',#3415,0.514285714);
#3417=LINE('',#3414,#3416);
#3418=EDGE_CURVE('',#3391,#3407,#3417,.T.);
#3419=ORIENTED_EDGE('',*,*,#3418,.F.);
#3420=EDGE_LOOP('',(#3397,#3405,#3413,#3419));
#3421=FACE_BOUND('',#3420,.T.);
#3422=CARTESIAN_POINT('',(35.931274856,10.542857143,-20.74994453));
#3423=VERTEX_POINT('',#3422);
#3424=CARTESIAN_POINT('',(36.188417713,10.542857143,-21.195329024));
#3425=VERTEX_POINT('',#3424);
#3426=CARTESIAN_POINT('',(35.931274856,10.542857143,-20.74994453));
#3427=DIRECTION('',(0.5,0.,-0.866025404));
#3428=VECTOR('',#3427,0.514285714);
#3429=LINE('',#3426,#3428);
#3430=EDGE_CURVE('',#3423,#3425,#3429,.T.);
#3431=ORIENTED_EDGE('',*,*,#3430,.F.);
#3432=CARTESIAN_POINT('',(35.931274856,10.028571429,-20.74994453));
#3433=VERTEX_POINT('',#3432);
#3434=CARTESIAN_POINT('',(35.931274856,10.028571429,-20.74994453));
#3435=DIRECTION('',(0.,1.,0.));
#3436=VECTOR('',#3435,0.514285714);
#3437=LINE('',#3434,#3436);
#3438=EDGE_CURVE('',#3433,#3423,#3437,.T.);
#3439=ORIENTED_EDGE('',*,*,#3438,.F.);
#3440=CARTESIAN_POINT('',(36.188417713,10.028571429,-21.195329024));
#3441=VERTEX_POINT('',#3440);
#3442=CARTESIAN_POINT('',(36.188417713,10.028571429,-21.195329024));
#3443=DIRECTION('',(-0.5,0.,0.866025404));
#3444=VECTOR('',#3443,0.514285714);
#3445=LINE('',#3442,#3444);
#3446=EDGE_CURVE('',#3441,#3433,#3445,.T.);
#3447=ORIENTED_EDGE('',*,*,#3446,.F.);
#3448=CARTESIAN_POINT('',(36.188417713,10.542857143,-21.195329024));
#3449=DIRECTION('',(0.,-1.,0.));
#3450=VECTOR('',#3449,0.514285714);
#3451=LINE('',#3448,#3450);
#3452=EDGE_CURVE('',#3425,#3441,#3451,.T.);
#3453=ORIENTED_EDGE('',*,*,#3452,.F.);
#3454=EDGE_LOOP('',(#3431,#3439,#3447,#3453));
#3455=FACE_BOUND('',#3454,.T.);
#3456=CARTESIAN_POINT('',(38.502703428,-1.457142857,-25.203789464));
#3457=VERTEX_POINT('',#3456);
#3458=CARTESIAN_POINT('',(38.759846285,-1.457142857,-25.649173957));
#3459=VERTEX_POINT('',#3458);
#3460=CARTESIAN_POINT('',(38.502703428,-1.457142857,-25.203789464));
#3461=DIRECTION('',(0.5,0.,-0.866025404));
#3462=VECTOR('',#3461,0.514285714);
#3463=LINE('',#3460,#3462);
#3464=EDGE_CURVE('',#3457,#3459,#3463,.T.);
#3465=ORIENTED_EDGE('',*,*,#3464,.F.);
#3466=CARTESIAN_POINT('',(38.502703428,-1.971428571,-25.203789464));
#3467=VERTEX_POINT('',#3466);
#3468=CARTESIAN_POINT('',(38.502703428,-1.971428571,-25.203789464));
#3469=DIRECTION('',(0.,1.,0.));
#3470=VECTOR('',#3469,0.514285714);
#3471=LINE('',#3468,#3470);
#3472=EDGE_CURVE('',#3467,#3457,#3471,.T.);
#3473=ORIENTED_EDGE('',*,*,#3472,.F.);
#3474=CARTESIAN_POINT('',(38.759846285,-1.971428571,-25.649173957));
#3475=VERTEX_POINT('',#3474);
#3476=CARTESIAN_POINT('',(38.759846285,-1.971428571,-25.649173957));
#3477=DIRECTION('',(-0.5,0.,0.866025404));
#3478=VECTOR('',#3477,0.514285714);
#3479=LINE('',#3476,#3478);
#3480=EDGE_CURVE('',#3475,#3467,#3479,.T.);
#3481=ORIENTED_EDGE('',*,*,#3480,.F.);
#3482=CARTESIAN_POINT('',(38.759846285,-1.457142857,-25.649173957));
#3483=DIRECTION('',(0.,-1.,0.));
#3484=VECTOR('',#3483,0.514285714);
#3485=LINE('',#3482,#3484);
#3486=EDGE_CURVE('',#3459,#3475,#3485,.T.);
#3487=ORIENTED_EDGE('',*,*,#3486,.F.);
#3488=EDGE_LOOP('',(#3465,#3473,#3481,#3487));
#3489=FACE_BOUND('',#3488,.T.);
#3490=CARTESIAN_POINT('',(35.502703427,-11.742857143,-20.007637041));
#3491=VERTEX_POINT('',#3490);
#3492=CARTESIAN_POINT('',(35.759846284,-11.742857143,-20.453021535));
#3493=VERTEX_POINT('',#3492);
#3494=CARTESIAN_POINT('',(35.502703427,-11.742857143,-20.007637041));
#3495=DIRECTION('',(0.5,0.,-0.866025404));
#3496=VECTOR('',#3495,0.514285714);
#3497=LINE('',#3494,#3496);
#3498=EDGE_CURVE('',#3491,#3493,#3497,.T.);
#3499=ORIENTED_EDGE('',*,*,#3498,.F.);
#3500=CARTESIAN_POINT('',(35.502703427,-12.257142857,-20.007637041));
#3501=VERTEX_POINT('',#3500);
#3502=CARTESIAN_POINT('',(35.502703427,-12.257142857,-20.007637041));
#3503=DIRECTION('',(0.,1.,0.));
#3504=VECTOR('',#3503,0.514285714);
#3505=LINE('',#3502,#3504);
#3506=EDGE_CURVE('',#3501,#3491,#3505,.T.);
#3507=ORIENTED_EDGE('',*,*,#3506,.F.);
#3508=CARTESIAN_POINT('',(35.759846284,-12.257142857,-20.453021535));
#3509=VERTEX_POINT('',#3508);
#3510=CARTESIAN_POINT('',(35.759846284,-12.257142857,-20.453021535));
#3511=DIRECTION('',(-0.5,0.,0.866025404));
#3512=VECTOR('',#3511,0.514285714);
#3513=LINE('',#3510,#3512);
#3514=EDGE_CURVE('',#3509,#3501,#3513,.T.);
#3515=ORIENTED_EDGE('',*,*,#3514,.F.);
#3516=CARTESIAN_POINT('',(35.759846284,-11.742857143,-20.453021535));
#3517=DIRECTION('',(0.,-1.,0.));
#3518=VECTOR('',#3517,0.514285714);
#3519=LINE('',#3516,#3518);
#3520=EDGE_CURVE('',#3493,#3509,#3519,.T.);
#3521=ORIENTED_EDGE('',*,*,#3520,.F.);
#3522=EDGE_LOOP('',(#3499,#3507,#3515,#3521));
#3523=FACE_BOUND('',#3522,.T.);
#3524=CARTESIAN_POINT('',(36.359846284,-11.742857143,-21.492252019));
#3525=VERTEX_POINT('',#3524);
#3526=CARTESIAN_POINT('',(36.616989142,-11.742857143,-21.937636512));
#3527=VERTEX_POINT('',#3526);
#3528=CARTESIAN_POINT('',(36.359846284,-11.742857143,-21.492252019));
#3529=DIRECTION('',(0.5,0.,-0.866025404));
#3530=VECTOR('',#3529,0.514285714);
#3531=LINE('',#3528,#3530);
#3532=EDGE_CURVE('',#3525,#3527,#3531,.T.);
#3533=ORIENTED_EDGE('',*,*,#3532,.F.);
#3534=CARTESIAN_POINT('',(36.359846284,-12.257142857,-21.492252019));
#3535=VERTEX_POINT('',#3534);
#3536=CARTESIAN_POINT('',(36.359846284,-12.257142857,-21.492252019));
#3537=DIRECTION('',(0.,1.,0.));
#3538=VECTOR('',#3537,0.514285714);
#3539=LINE('',#3536,#3538);
#3540=EDGE_CURVE('',#3535,#3525,#3539,.T.);
#3541=ORIENTED_EDGE('',*,*,#3540,.F.);
#3542=CARTESIAN_POINT('',(36.616989142,-12.257142857,-21.937636512));
#3543=VERTEX_POINT('',#3542);
#3544=CARTESIAN_POINT('',(36.616989142,-12.257142857,-21.937636512));
#3545=DIRECTION('',(-0.5,0.,0.866025404));
#3546=VECTOR('',#3545,0.514285714);
#3547=LINE('',#3544,#3546);
#3548=EDGE_CURVE('',#3543,#3535,#3547,.T.);
#3549=ORIENTED_EDGE('',*,*,#3548,.F.);
#3550=CARTESIAN_POINT('',(36.616989142,-11.742857143,-21.937636512));
#3551=DIRECTION('',(0.,-1.,0.));
#3552=VECTOR('',#3551,0.514285714);
#3553=LINE('',#3550,#3552);
#3554=EDGE_CURVE('',#3527,#3543,#3553,.T.);
#3555=ORIENTED_EDGE('',*,*,#3554,.F.);
#3556=EDGE_LOOP('',(#3533,#3541,#3549,#3555));
#3557=FACE_BOUND('',#3556,.T.);
#3558=CARTESIAN_POINT('',(38.502703428,-0.6,-25.203789464));
#3559=VERTEX_POINT('',#3558);
#3560=CARTESIAN_POINT('',(38.759846285,-0.6,-25.649173957));
#3561=VERTEX_POINT('',#3560);
#3562=CARTESIAN_POINT('',(38.502703428,-0.6,-25.203789464));
#3563=DIRECTION('',(0.5,0.,-0.866025404));
#3564=VECTOR('',#3563,0.514285714);
#3565=LINE('',#3562,#3564);
#3566=EDGE_CURVE('',#3559,#3561,#3565,.T.);
#3567=ORIENTED_EDGE('',*,*,#3566,.F.);
#3568=CARTESIAN_POINT('',(38.502703428,-1.114285714,-25.203789464));
#3569=VERTEX_POINT('',#3568);
#3570=CARTESIAN_POINT('',(38.502703428,-1.114285714,-25.203789464));
#3571=DIRECTION('',(0.,1.,0.));
#3572=VECTOR('',#3571,0.514285714);
#3573=LINE('',#3570,#3572);
#3574=EDGE_CURVE('',#3569,#3559,#3573,.T.);
#3575=ORIENTED_EDGE('',*,*,#3574,.F.);
#3576=CARTESIAN_POINT('',(38.759846285,-1.114285714,-25.649173957));
#3577=VERTEX_POINT('',#3576);
#3578=CARTESIAN_POINT('',(38.759846285,-1.114285714,-25.649173957));
#3579=DIRECTION('',(-0.5,0.,0.866025404));
#3580=VECTOR('',#3579,0.514285714);
#3581=LINE('',#3578,#3580);
#3582=EDGE_CURVE('',#3577,#3569,#3581,.T.);
#3583=ORIENTED_EDGE('',*,*,#3582,.F.);
#3584=CARTESIAN_POINT('',(38.759846285,-0.6,-25.649173957));
#3585=DIRECTION('',(0.,-1.,0.));
#3586=VECTOR('',#3585,0.514285714);
#3587=LINE('',#3584,#3586);
#3588=EDGE_CURVE('',#3561,#3577,#3587,.T.);
#3589=ORIENTED_EDGE('',*,*,#3588,.F.);
#3590=EDGE_LOOP('',(#3567,#3575,#3583,#3589));
#3591=FACE_BOUND('',#3590,.T.);
#3592=CARTESIAN_POINT('',(36.788417713,-4.885714286,-22.234559508));
#3593=VERTEX_POINT('',#3592);
#3594=CARTESIAN_POINT('',(37.04556057,-4.885714286,-22.679944001));
#3595=VERTEX_POINT('',#3594);
#3596=CARTESIAN_POINT('',(36.788417713,-4.885714286,-22.234559508));
#3597=DIRECTION('',(0.5,0.,-0.866025404));
#3598=VECTOR('',#3597,0.514285714);
#3599=LINE('',#3596,#3598);
#3600=EDGE_CURVE('',#3593,#3595,#3599,.T.);
#3601=ORIENTED_EDGE('',*,*,#3600,.F.);
#3602=CARTESIAN_POINT('',(36.788417713,-5.4,-22.234559508));
#3603=VERTEX_POINT('',#3602);
#3604=CARTESIAN_POINT('',(36.788417713,-5.4,-22.234559508));
#3605=DIRECTION('',(0.,1.,0.));
#3606=VECTOR('',#3605,0.514285714);
#3607=LINE('',#3604,#3606);
#3608=EDGE_CURVE('',#3603,#3593,#3607,.T.);
#3609=ORIENTED_EDGE('',*,*,#3608,.F.);
#3610=CARTESIAN_POINT('',(37.04556057,-5.4,-22.679944001));
#3611=VERTEX_POINT('',#3610);
#3612=CARTESIAN_POINT('',(37.04556057,-5.4,-22.679944001));
#3613=DIRECTION('',(-0.5,0.,0.866025404));
#3614=VECTOR('',#3613,0.514285714);
#3615=LINE('',#3612,#3614);
#3616=EDGE_CURVE('',#3611,#3603,#3615,.T.);
#3617=ORIENTED_EDGE('',*,*,#3616,.F.);
#3618=CARTESIAN_POINT('',(37.04556057,-4.885714286,-22.679944001));
#3619=DIRECTION('',(0.,-1.,0.));
#3620=VECTOR('',#3619,0.514285714);
#3621=LINE('',#3618,#3620);
#3622=EDGE_CURVE('',#3595,#3611,#3621,.T.);
#3623=ORIENTED_EDGE('',*,*,#3622,.F.);
#3624=EDGE_LOOP('',(#3601,#3609,#3617,#3623));
#3625=FACE_BOUND('',#3624,.T.);
#3626=CARTESIAN_POINT('',(38.074131999,-11.742857143,-24.461481975));
#3627=VERTEX_POINT('',#3626);
#3628=CARTESIAN_POINT('',(38.331274856,-11.742857143,-24.906866468));
#3629=VERTEX_POINT('',#3628);
#3630=CARTESIAN_POINT('',(38.074131999,-11.742857143,-24.461481975));
#3631=DIRECTION('',(0.5,0.,-0.866025404));
#3632=VECTOR('',#3631,0.514285714);
#3633=LINE('',#3630,#3632);
#3634=EDGE_CURVE('',#3627,#3629,#3633,.T.);
#3635=ORIENTED_EDGE('',*,*,#3634,.F.);
#3636=CARTESIAN_POINT('',(38.074131999,-12.257142857,-24.461481975));
#3637=VERTEX_POINT('',#3636);
#3638=CARTESIAN_POINT('',(38.074131999,-12.257142857,-24.461481975));
#3639=DIRECTION('',(0.,1.,0.));
#3640=VECTOR('',#3639,0.514285714);
#3641=LINE('',#3638,#3640);
#3642=EDGE_CURVE('',#3637,#3627,#3641,.T.);
#3643=ORIENTED_EDGE('',*,*,#3642,.F.);
#3644=CARTESIAN_POINT('',(38.331274856,-12.257142857,-24.906866468));
#3645=VERTEX_POINT('',#3644);
#3646=CARTESIAN_POINT('',(38.331274856,-12.257142857,-24.906866468));
#3647=DIRECTION('',(-0.5,0.,0.866025404));
#3648=VECTOR('',#3647,0.514285714);
#3649=LINE('',#3646,#3648);
#3650=EDGE_CURVE('',#3645,#3637,#3649,.T.);
#3651=ORIENTED_EDGE('',*,*,#3650,.F.);
#3652=CARTESIAN_POINT('',(38.331274856,-11.742857143,-24.906866468));
#3653=DIRECTION('',(0.,-1.,0.));
#3654=VECTOR('',#3653,0.514285714);
#3655=LINE('',#3652,#3654);
#3656=EDGE_CURVE('',#3629,#3645,#3655,.T.);
#3657=ORIENTED_EDGE('',*,*,#3656,.F.);
#3658=EDGE_LOOP('',(#3635,#3643,#3651,#3657));
#3659=FACE_BOUND('',#3658,.T.);
#3660=CARTESIAN_POINT('',(37.216989142,7.114285714,-22.976866997));
#3661=VERTEX_POINT('',#3660);
#3662=CARTESIAN_POINT('',(37.474131999,7.114285714,-23.42225149));
#3663=VERTEX_POINT('',#3662);
#3664=CARTESIAN_POINT('',(37.216989142,7.114285714,-22.976866997));
#3665=DIRECTION('',(0.5,0.,-0.866025404));
#3666=VECTOR('',#3665,0.514285714);
#3667=LINE('',#3664,#3666);
#3668=EDGE_CURVE('',#3661,#3663,#3667,.T.);
#3669=ORIENTED_EDGE('',*,*,#3668,.F.);
#3670=CARTESIAN_POINT('',(37.216989142,6.6,-22.976866997));
#3671=VERTEX_POINT('',#3670);
#3672=CARTESIAN_POINT('',(37.216989142,6.6,-22.976866997));
#3673=DIRECTION('',(0.,1.,0.));
#3674=VECTOR('',#3673,0.514285714);
#3675=LINE('',#3672,#3674);
#3676=EDGE_CURVE('',#3671,#3661,#3675,.T.);
#3677=ORIENTED_EDGE('',*,*,#3676,.F.);
#3678=CARTESIAN_POINT('',(37.474131999,6.6,-23.42225149));
#3679=VERTEX_POINT('',#3678);
#3680=CARTESIAN_POINT('',(37.474131999,6.6,-23.42225149));
#3681=DIRECTION('',(-0.5,0.,0.866025404));
#3682=VECTOR('',#3681,0.514285714);
#3683=LINE('',#3680,#3682);
#3684=EDGE_CURVE('',#3679,#3671,#3683,.T.);
#3685=ORIENTED_EDGE('',*,*,#3684,.F.);
#3686=CARTESIAN_POINT('',(37.474131999,7.114285714,-23.42225149));
#3687=DIRECTION('',(0.,-1.,0.));
#3688=VECTOR('',#3687,0.514285714);
#3689=LINE('',#3686,#3688);
#3690=EDGE_CURVE('',#3663,#3679,#3689,.T.);
#3691=ORIENTED_EDGE('',*,*,#3690,.F.);
#3692=EDGE_LOOP('',(#3669,#3677,#3685,#3691));
#3693=FACE_BOUND('',#3692,.T.);
#3694=CARTESIAN_POINT('',(38.074131999,9.685714286,-24.461481975));
#3695=VERTEX_POINT('',#3694);
#3696=CARTESIAN_POINT('',(38.331274856,9.685714286,-24.906866468));
#3697=VERTEX_POINT('',#3696);
#3698=CARTESIAN_POINT('',(38.074131999,9.685714286,-24.461481975));
#3699=DIRECTION('',(0.5,0.,-0.866025404));
#3700=VECTOR('',#3699,0.514285714);
#3701=LINE('',#3698,#3700);
#3702=EDGE_CURVE('',#3695,#3697,#3701,.T.);
#3703=ORIENTED_EDGE('',*,*,#3702,.F.);
#3704=CARTESIAN_POINT('',(38.074131999,9.171428571,-24.461481975));
#3705=VERTEX_POINT('',#3704);
#3706=CARTESIAN_POINT('',(38.074131999,9.171428571,-24.461481975));
#3707=DIRECTION('',(0.,1.,0.));
#3708=VECTOR('',#3707,0.514285714);
#3709=LINE('',#3706,#3708);
#3710=EDGE_CURVE('',#3705,#3695,#3709,.T.);
#3711=ORIENTED_EDGE('',*,*,#3710,.F.);
#3712=CARTESIAN_POINT('',(38.331274856,9.171428571,-24.906866468));
#3713=VERTEX_POINT('',#3712);
#3714=CARTESIAN_POINT('',(38.331274856,9.171428571,-24.906866468));
#3715=DIRECTION('',(-0.5,0.,0.866025404));
#3716=VECTOR('',#3715,0.514285714);
#3717=LINE('',#3714,#3716);
#3718=EDGE_CURVE('',#3713,#3705,#3717,.T.);
#3719=ORIENTED_EDGE('',*,*,#3718,.F.);
#3720=CARTESIAN_POINT('',(38.331274856,9.685714286,-24.906866468));
#3721=DIRECTION('',(0.,-1.,0.));
#3722=VECTOR('',#3721,0.514285714);
#3723=LINE('',#3720,#3722);
#3724=EDGE_CURVE('',#3697,#3713,#3723,.T.);
#3725=ORIENTED_EDGE('',*,*,#3724,.F.);
#3726=EDGE_LOOP('',(#3703,#3711,#3719,#3725));
#3727=FACE_BOUND('',#3726,.T.);
#3728=CARTESIAN_POINT('',(37.216989142,-11.742857143,-22.976866997));
#3729=VERTEX_POINT('',#3728);
#3730=CARTESIAN_POINT('',(37.474131999,-11.742857143,-23.42225149));
#3731=VERTEX_POINT('',#3730);
#3732=CARTESIAN_POINT('',(37.216989142,-11.742857143,-22.976866997));
#3733=DIRECTION('',(0.5,0.,-0.866025404));
#3734=VECTOR('',#3733,0.514285714);
#3735=LINE('',#3732,#3734);
#3736=EDGE_CURVE('',#3729,#3731,#3735,.T.);
#3737=ORIENTED_EDGE('',*,*,#3736,.F.);
#3738=CARTESIAN_POINT('',(37.216989142,-12.257142857,-22.976866997));
#3739=VERTEX_POINT('',#3738);
#3740=CARTESIAN_POINT('',(37.216989142,-12.257142857,-22.976866997));
#3741=DIRECTION('',(0.,1.,0.));
#3742=VECTOR('',#3741,0.514285714);
#3743=LINE('',#3740,#3742);
#3744=EDGE_CURVE('',#3739,#3729,#3743,.T.);
#3745=ORIENTED_EDGE('',*,*,#3744,.F.);
#3746=CARTESIAN_POINT('',(37.474131999,-12.257142857,-23.42225149));
#3747=VERTEX_POINT('',#3746);
#3748=CARTESIAN_POINT('',(37.474131999,-12.257142857,-23.42225149));
#3749=DIRECTION('',(-0.5,0.,0.866025404));
#3750=VECTOR('',#3749,0.514285714);
#3751=LINE('',#3748,#3750);
#3752=EDGE_CURVE('',#3747,#3739,#3751,.T.);
#3753=ORIENTED_EDGE('',*,*,#3752,.F.);
#3754=CARTESIAN_POINT('',(37.474131999,-11.742857143,-23.42225149));
#3755=DIRECTION('',(0.,-1.,0.));
#3756=VECTOR('',#3755,0.514285714);
#3757=LINE('',#3754,#3756);
#3758=EDGE_CURVE('',#3731,#3747,#3757,.T.);
#3759=ORIENTED_EDGE('',*,*,#3758,.F.);
#3760=EDGE_LOOP('',(#3737,#3745,#3753,#3759));
#3761=FACE_BOUND('',#3760,.T.);
#3762=CARTESIAN_POINT('',(35.502703427,-8.314285714,-20.007637041));
#3763=VERTEX_POINT('',#3762);
#3764=CARTESIAN_POINT('',(35.759846284,-8.314285714,-20.453021535));
#3765=VERTEX_POINT('',#3764);
#3766=CARTESIAN_POINT('',(35.502703427,-8.314285714,-20.007637041));
#3767=DIRECTION('',(0.5,0.,-0.866025404));
#3768=VECTOR('',#3767,0.514285714);
#3769=LINE('',#3766,#3768);
#3770=EDGE_CURVE('',#3763,#3765,#3769,.T.);
#3771=ORIENTED_EDGE('',*,*,#3770,.F.);
#3772=CARTESIAN_POINT('',(35.502703427,-8.828571429,-20.007637041));
#3773=VERTEX_POINT('',#3772);
#3774=CARTESIAN_POINT('',(35.502703427,-8.828571429,-20.007637041));
#3775=DIRECTION('',(0.,1.,0.));
#3776=VECTOR('',#3775,0.514285714);
#3777=LINE('',#3774,#3776);
#3778=EDGE_CURVE('',#3773,#3763,#3777,.T.);
#3779=ORIENTED_EDGE('',*,*,#3778,.F.);
#3780=CARTESIAN_POINT('',(35.759846284,-8.828571429,-20.453021535));
#3781=VERTEX_POINT('',#3780);
#3782=CARTESIAN_POINT('',(35.759846284,-8.828571429,-20.453021535));
#3783=DIRECTION('',(-0.5,0.,0.866025404));
#3784=VECTOR('',#3783,0.514285714);
#3785=LINE('',#3782,#3784);
#3786=EDGE_CURVE('',#3781,#3773,#3785,.T.);
#3787=ORIENTED_EDGE('',*,*,#3786,.F.);
#3788=CARTESIAN_POINT('',(35.759846284,-8.314285714,-20.453021535));
#3789=DIRECTION('',(0.,-1.,0.));
#3790=VECTOR('',#3789,0.514285714);
#3791=LINE('',#3788,#3790);
#3792=EDGE_CURVE('',#3765,#3781,#3791,.T.);
#3793=ORIENTED_EDGE('',*,*,#3792,.F.);
#3794=EDGE_LOOP('',(#3771,#3779,#3787,#3793));
#3795=FACE_BOUND('',#3794,.T.);
#3796=CARTESIAN_POINT('',(35.931274856,-3.171428571,-20.74994453));
#3797=VERTEX_POINT('',#3796);
#3798=CARTESIAN_POINT('',(36.188417713,-3.171428571,-21.195329024));
#3799=VERTEX_POINT('',#3798);
#3800=CARTESIAN_POINT('',(35.931274856,-3.171428571,-20.74994453));
#3801=DIRECTION('',(0.5,0.,-0.866025404));
#3802=VECTOR('',#3801,0.514285714);
#3803=LINE('',#3800,#3802);
#3804=EDGE_CURVE('',#3797,#3799,#3803,.T.);
#3805=ORIENTED_EDGE('',*,*,#3804,.F.);
#3806=CARTESIAN_POINT('',(35.931274856,-3.685714286,-20.74994453));
#3807=VERTEX_POINT('',#3806);
#3808=CARTESIAN_POINT('',(35.931274856,-3.685714286,-20.74994453));
#3809=DIRECTION('',(0.,1.,0.));
#3810=VECTOR('',#3809,0.514285714);
#3811=LINE('',#3808,#3810);
#3812=EDGE_CURVE('',#3807,#3797,#3811,.T.);
#3813=ORIENTED_EDGE('',*,*,#3812,.F.);
#3814=CARTESIAN_POINT('',(36.188417713,-3.685714286,-21.195329024));
#3815=VERTEX_POINT('',#3814);
#3816=CARTESIAN_POINT('',(36.188417713,-3.685714286,-21.195329024));
#3817=DIRECTION('',(-0.5,0.,0.866025404));
#3818=VECTOR('',#3817,0.514285714);
#3819=LINE('',#3816,#3818);
#3820=EDGE_CURVE('',#3815,#3807,#3819,.T.);
#3821=ORIENTED_EDGE('',*,*,#3820,.F.);
#3822=CARTESIAN_POINT('',(36.188417713,-3.171428571,-21.195329024));
#3823=DIRECTION('',(0.,-1.,0.));
#3824=VECTOR('',#3823,0.514285714);
#3825=LINE('',#3822,#3824);
#3826=EDGE_CURVE('',#3799,#3815,#3825,.T.);
#3827=ORIENTED_EDGE('',*,*,#3826,.F.);
#3828=EDGE_LOOP('',(#3805,#3813,#3821,#3827));
#3829=FACE_BOUND('',#3828,.T.);
#3830=CARTESIAN_POINT('',(36.788417713,-4.028571429,-22.234559508));
#3831=VERTEX_POINT('',#3830);
#3832=CARTESIAN_POINT('',(37.04556057,-4.028571429,-22.679944001));
#3833=VERTEX_POINT('',#3832);
#3834=CARTESIAN_POINT('',(36.788417713,-4.028571429,-22.234559508));
#3835=DIRECTION('',(0.5,0.,-0.866025404));
#3836=VECTOR('',#3835,0.514285714);
#3837=LINE('',#3834,#3836);
#3838=EDGE_CURVE('',#3831,#3833,#3837,.T.);
#3839=ORIENTED_EDGE('',*,*,#3838,.F.);
#3840=CARTESIAN_POINT('',(36.788417713,-4.542857143,-22.234559508));
#3841=VERTEX_POINT('',#3840);
#3842=CARTESIAN_POINT('',(36.788417713,-4.542857143,-22.234559508));
#3843=DIRECTION('',(0.,1.,0.));
#3844=VECTOR('',#3843,0.514285714);
#3845=LINE('',#3842,#3844);
#3846=EDGE_CURVE('',#3841,#3831,#3845,.T.);
#3847=ORIENTED_EDGE('',*,*,#3846,.F.);
#3848=CARTESIAN_POINT('',(37.04556057,-4.542857143,-22.679944001));
#3849=VERTEX_POINT('',#3848);
#3850=CARTESIAN_POINT('',(37.04556057,-4.542857143,-22.679944001));
#3851=DIRECTION('',(-0.5,0.,0.866025404));
#3852=VECTOR('',#3851,0.514285714);
#3853=LINE('',#3850,#3852);
#3854=EDGE_CURVE('',#3849,#3841,#3853,.T.);
#3855=ORIENTED_EDGE('',*,*,#3854,.F.);
#3856=CARTESIAN_POINT('',(37.04556057,-4.028571429,-22.679944001));
#3857=DIRECTION('',(0.,-1.,0.));
#3858=VECTOR('',#3857,0.514285714);
#3859=LINE('',#3856,#3858);
#3860=EDGE_CURVE('',#3833,#3849,#3859,.T.);
#3861=ORIENTED_EDGE('',*,*,#3860,.F.);
#3862=EDGE_LOOP('',(#3839,#3847,#3855,#3861));
#3863=FACE_BOUND('',#3862,.T.);
#3864=CARTESIAN_POINT('',(36.788417713,10.542857143,-22.234559508));
#3865=VERTEX_POINT('',#3864);
#3866=CARTESIAN_POINT('',(37.04556057,10.542857143,-22.679944001));
#3867=VERTEX_POINT('',#3866);
#3868=CARTESIAN_POINT('',(36.788417713,10.542857143,-22.234559508));
#3869=DIRECTION('',(0.5,0.,-0.866025404));
#3870=VECTOR('',#3869,0.514285714);
#3871=LINE('',#3868,#3870);
#3872=EDGE_CURVE('',#3865,#3867,#3871,.T.);
#3873=ORIENTED_EDGE('',*,*,#3872,.F.);
#3874=CARTESIAN_POINT('',(36.788417713,10.028571429,-22.234559508));
#3875=VERTEX_POINT('',#3874);
#3876=CARTESIAN_POINT('',(36.788417713,10.028571429,-22.234559508));
#3877=DIRECTION('',(0.,1.,0.));
#3878=VECTOR('',#3877,0.514285714);
#3879=LINE('',#3876,#3878);
#3880=EDGE_CURVE('',#3875,#3865,#3879,.T.);
#3881=ORIENTED_EDGE('',*,*,#3880,.F.);
#3882=CARTESIAN_POINT('',(37.04556057,10.028571429,-22.679944001));
#3883=VERTEX_POINT('',#3882);
#3884=CARTESIAN_POINT('',(37.04556057,10.028571429,-22.679944001));
#3885=DIRECTION('',(-0.5,0.,0.866025404));
#3886=VECTOR('',#3885,0.514285714);
#3887=LINE('',#3884,#3886);
#3888=EDGE_CURVE('',#3883,#3875,#3887,.T.);
#3889=ORIENTED_EDGE('',*,*,#3888,.F.);
#3890=CARTESIAN_POINT('',(37.04556057,10.542857143,-22.679944001));
#3891=DIRECTION('',(0.,-1.,0.));
#3892=VECTOR('',#3891,0.514285714);
#3893=LINE('',#3890,#3892);
#3894=EDGE_CURVE('',#3867,#3883,#3893,.T.);
#3895=ORIENTED_EDGE('',*,*,#3894,.F.);
#3896=EDGE_LOOP('',(#3873,#3881,#3889,#3895));
#3897=FACE_BOUND('',#3896,.T.);
#3898=CARTESIAN_POINT('',(35.931274856,4.542857143,-20.74994453));
#3899=VERTEX_POINT('',#3898);
#3900=CARTESIAN_POINT('',(36.188417713,4.542857143,-21.195329024));
#3901=VERTEX_POINT('',#3900);
#3902=CARTESIAN_POINT('',(35.931274856,4.542857143,-20.74994453));
#3903=DIRECTION('',(0.5,0.,-0.866025404));
#3904=VECTOR('',#3903,0.514285714);
#3905=LINE('',#3902,#3904);
#3906=EDGE_CURVE('',#3899,#3901,#3905,.T.);
#3907=ORIENTED_EDGE('',*,*,#3906,.F.);
#3908=CARTESIAN_POINT('',(35.931274856,4.028571429,-20.74994453));
#3909=VERTEX_POINT('',#3908);
#3910=CARTESIAN_POINT('',(35.931274856,4.028571429,-20.74994453));
#3911=DIRECTION('',(0.,1.,0.));
#3912=VECTOR('',#3911,0.514285714);
#3913=LINE('',#3910,#3912);
#3914=EDGE_CURVE('',#3909,#3899,#3913,.T.);
#3915=ORIENTED_EDGE('',*,*,#3914,.F.);
#3916=CARTESIAN_POINT('',(36.188417713,4.028571429,-21.195329024));
#3917=VERTEX_POINT('',#3916);
#3918=CARTESIAN_POINT('',(36.188417713,4.028571429,-21.195329024));
#3919=DIRECTION('',(-0.5,0.,0.866025404));
#3920=VECTOR('',#3919,0.514285714);
#3921=LINE('',#3918,#3920);
#3922=EDGE_CURVE('',#3917,#3909,#3921,.T.);
#3923=ORIENTED_EDGE('',*,*,#3922,.F.);
#3924=CARTESIAN_POINT('',(36.188417713,4.542857143,-21.195329024));
#3925=DIRECTION('',(0.,-1.,0.));
#3926=VECTOR('',#3925,0.514285714);
#3927=LINE('',#3924,#3926);
#3928=EDGE_CURVE('',#3901,#3917,#3927,.T.);
#3929=ORIENTED_EDGE('',*,*,#3928,.F.);
#3930=EDGE_LOOP('',(#3907,#3915,#3923,#3929));
#3931=FACE_BOUND('',#3930,.T.);
#3932=CARTESIAN_POINT('',(37.216989142,10.542857143,-22.976866997));
#3933=VERTEX_POINT('',#3932);
#3934=CARTESIAN_POINT('',(37.474131999,10.542857143,-23.42225149));
#3935=VERTEX_POINT('',#3934);
#3936=CARTESIAN_POINT('',(37.216989142,10.542857143,-22.976866997));
#3937=DIRECTION('',(0.5,0.,-0.866025404));
#3938=VECTOR('',#3937,0.514285714);
#3939=LINE('',#3936,#3938);
#3940=EDGE_CURVE('',#3933,#3935,#3939,.T.);
#3941=ORIENTED_EDGE('',*,*,#3940,.F.);
#3942=CARTESIAN_POINT('',(37.216989142,10.028571429,-22.976866997));
#3943=VERTEX_POINT('',#3942);
#3944=CARTESIAN_POINT('',(37.216989142,10.028571429,-22.976866997));
#3945=DIRECTION('',(0.,1.,0.));
#3946=VECTOR('',#3945,0.514285714);
#3947=LINE('',#3944,#3946);
#3948=EDGE_CURVE('',#3943,#3933,#3947,.T.);
#3949=ORIENTED_EDGE('',*,*,#3948,.F.);
#3950=CARTESIAN_POINT('',(37.474131999,10.028571429,-23.42225149));
#3951=VERTEX_POINT('',#3950);
#3952=CARTESIAN_POINT('',(37.474131999,10.028571429,-23.42225149));
#3953=DIRECTION('',(-0.5,0.,0.866025404));
#3954=VECTOR('',#3953,0.514285714);
#3955=LINE('',#3952,#3954);
#3956=EDGE_CURVE('',#3951,#3943,#3955,.T.);
#3957=ORIENTED_EDGE('',*,*,#3956,.F.);
#3958=CARTESIAN_POINT('',(37.474131999,10.542857143,-23.42225149));
#3959=DIRECTION('',(0.,-1.,0.));
#3960=VECTOR('',#3959,0.514285714);
#3961=LINE('',#3958,#3960);
#3962=EDGE_CURVE('',#3935,#3951,#3961,.T.);
#3963=ORIENTED_EDGE('',*,*,#3962,.F.);
#3964=EDGE_LOOP('',(#3941,#3949,#3957,#3963));
#3965=FACE_BOUND('',#3964,.T.);
#3966=CARTESIAN_POINT('',(38.074131999,8.828571429,-24.461481975));
#3967=VERTEX_POINT('',#3966);
#3968=CARTESIAN_POINT('',(38.331274856,8.828571429,-24.906866468));
#3969=VERTEX_POINT('',#3968);
#3970=CARTESIAN_POINT('',(38.074131999,8.828571429,-24.461481975));
#3971=DIRECTION('',(0.5,0.,-0.866025404));
#3972=VECTOR('',#3971,0.514285714);
#3973=LINE('',#3970,#3972);
#3974=EDGE_CURVE('',#3967,#3969,#3973,.T.);
#3975=ORIENTED_EDGE('',*,*,#3974,.F.);
#3976=CARTESIAN_POINT('',(38.074131999,8.314285714,-24.461481975));
#3977=VERTEX_POINT('',#3976);
#3978=CARTESIAN_POINT('',(38.074131999,8.314285714,-24.461481975));
#3979=DIRECTION('',(0.,1.,0.));
#3980=VECTOR('',#3979,0.514285714);
#3981=LINE('',#3978,#3980);
#3982=EDGE_CURVE('',#3977,#3967,#3981,.T.);
#3983=ORIENTED_EDGE('',*,*,#3982,.F.);
#3984=CARTESIAN_POINT('',(38.331274856,8.314285714,-24.906866468));
#3985=VERTEX_POINT('',#3984);
#3986=CARTESIAN_POINT('',(38.331274856,8.314285714,-24.906866468));
#3987=DIRECTION('',(-0.5,0.,0.866025404));
#3988=VECTOR('',#3987,0.514285714);
#3989=LINE('',#3986,#3988);
#3990=EDGE_CURVE('',#3985,#3977,#3989,.T.);
#3991=ORIENTED_EDGE('',*,*,#3990,.F.);
#3992=CARTESIAN_POINT('',(38.331274856,8.828571429,-24.906866468));
#3993=DIRECTION('',(0.,-1.,0.));
#3994=VECTOR('',#3993,0.514285714);
#3995=LINE('',#3992,#3994);
#3996=EDGE_CURVE('',#3969,#3985,#3995,.T.);
#3997=ORIENTED_EDGE('',*,*,#3996,.F.);
#3998=EDGE_LOOP('',(#3975,#3983,#3991,#3997));
#3999=FACE_BOUND('',#3998,.T.);
#4000=CARTESIAN_POINT('',(35.502703427,-4.028571429,-20.007637041));
#4001=VERTEX_POINT('',#4000);
#4002=CARTESIAN_POINT('',(35.759846284,-4.028571429,-20.453021535));
#4003=VERTEX_POINT('',#4002);
#4004=CARTESIAN_POINT('',(35.502703427,-4.028571429,-20.007637041));
#4005=DIRECTION('',(0.5,0.,-0.866025404));
#4006=VECTOR('',#4005,0.514285714);
#4007=LINE('',#4004,#4006);
#4008=EDGE_CURVE('',#4001,#4003,#4007,.T.);
#4009=ORIENTED_EDGE('',*,*,#4008,.F.);
#4010=CARTESIAN_POINT('',(35.502703427,-4.542857143,-20.007637041));
#4011=VERTEX_POINT('',#4010);
#4012=CARTESIAN_POINT('',(35.502703427,-4.542857143,-20.007637041));
#4013=DIRECTION('',(0.,1.,0.));
#4014=VECTOR('',#4013,0.514285714);
#4015=LINE('',#4012,#4014);
#4016=EDGE_CURVE('',#4011,#4001,#4015,.T.);
#4017=ORIENTED_EDGE('',*,*,#4016,.F.);
#4018=CARTESIAN_POINT('',(35.759846284,-4.542857143,-20.453021535));
#4019=VERTEX_POINT('',#4018);
#4020=CARTESIAN_POINT('',(35.759846284,-4.542857143,-20.453021535));
#4021=DIRECTION('',(-0.5,0.,0.866025404));
#4022=VECTOR('',#4021,0.514285714);
#4023=LINE('',#4020,#4022);
#4024=EDGE_CURVE('',#4019,#4011,#4023,.T.);
#4025=ORIENTED_EDGE('',*,*,#4024,.F.);
#4026=CARTESIAN_POINT('',(35.759846284,-4.028571429,-20.453021535));
#4027=DIRECTION('',(0.,-1.,0.));
#4028=VECTOR('',#4027,0.514285714);
#4029=LINE('',#4026,#4028);
#4030=EDGE_CURVE('',#4003,#4019,#4029,.T.);
#4031=ORIENTED_EDGE('',*,*,#4030,.F.);
#4032=EDGE_LOOP('',(#4009,#4017,#4025,#4031));
#4033=FACE_BOUND('',#4032,.T.);
#4034=CARTESIAN_POINT('',(35.931274856,-6.6,-20.74994453));
#4035=VERTEX_POINT('',#4034);
#4036=CARTESIAN_POINT('',(36.188417713,-6.6,-21.195329024));
#4037=VERTEX_POINT('',#4036);
#4038=CARTESIAN_POINT('',(35.931274856,-6.6,-20.74994453));
#4039=DIRECTION('',(0.5,0.,-0.866025404));
#4040=VECTOR('',#4039,0.514285714);
#4041=LINE('',#4038,#4040);
#4042=EDGE_CURVE('',#4035,#4037,#4041,.T.);
#4043=ORIENTED_EDGE('',*,*,#4042,.F.);
#4044=CARTESIAN_POINT('',(35.931274856,-7.114285714,-20.74994453));
#4045=VERTEX_POINT('',#4044);
#4046=CARTESIAN_POINT('',(35.931274856,-7.114285714,-20.74994453));
#4047=DIRECTION('',(0.,1.,0.));
#4048=VECTOR('',#4047,0.514285714);
#4049=LINE('',#4046,#4048);
#4050=EDGE_CURVE('',#4045,#4035,#4049,.T.);
#4051=ORIENTED_EDGE('',*,*,#4050,.F.);
#4052=CARTESIAN_POINT('',(36.188417713,-7.114285714,-21.195329024));
#4053=VERTEX_POINT('',#4052);
#4054=CARTESIAN_POINT('',(36.188417713,-7.114285714,-21.195329024));
#4055=DIRECTION('',(-0.5,0.,0.866025404));
#4056=VECTOR('',#4055,0.514285714);
#4057=LINE('',#4054,#4056);
#4058=EDGE_CURVE('',#4053,#4045,#4057,.T.);
#4059=ORIENTED_EDGE('',*,*,#4058,.F.);
#4060=CARTESIAN_POINT('',(36.188417713,-6.6,-21.195329024));
#4061=DIRECTION('',(0.,-1.,0.));
#4062=VECTOR('',#4061,0.514285714);
#4063=LINE('',#4060,#4062);
#4064=EDGE_CURVE('',#4037,#4053,#4063,.T.);
#4065=ORIENTED_EDGE('',*,*,#4064,.F.);
#4066=EDGE_LOOP('',(#4043,#4051,#4059,#4065));
#4067=FACE_BOUND('',#4066,.T.);
#4068=CARTESIAN_POINT('',(36.788417713,-5.742857143,-22.234559508));
#4069=VERTEX_POINT('',#4068);
#4070=CARTESIAN_POINT('',(37.04556057,-5.742857143,-22.679944001));
#4071=VERTEX_POINT('',#4070);
#4072=CARTESIAN_POINT('',(36.788417713,-5.742857143,-22.234559508));
#4073=DIRECTION('',(0.5,0.,-0.866025404));
#4074=VECTOR('',#4073,0.514285714);
#4075=LINE('',#4072,#4074);
#4076=EDGE_CURVE('',#4069,#4071,#4075,.T.);
#4077=ORIENTED_EDGE('',*,*,#4076,.F.);
#4078=CARTESIAN_POINT('',(36.788417713,-6.257142857,-22.234559508));
#4079=VERTEX_POINT('',#4078);
#4080=CARTESIAN_POINT('',(36.788417713,-6.257142857,-22.234559508));
#4081=DIRECTION('',(0.,1.,0.));
#4082=VECTOR('',#4081,0.514285714);
#4083=LINE('',#4080,#4082);
#4084=EDGE_CURVE('',#4079,#4069,#4083,.T.);
#4085=ORIENTED_EDGE('',*,*,#4084,.F.);
#4086=CARTESIAN_POINT('',(37.04556057,-6.257142857,-22.679944001));
#4087=VERTEX_POINT('',#4086);
#4088=CARTESIAN_POINT('',(37.04556057,-6.257142857,-22.679944001));
#4089=DIRECTION('',(-0.5,0.,0.866025404));
#4090=VECTOR('',#4089,0.514285714);
#4091=LINE('',#4088,#4090);
#4092=EDGE_CURVE('',#4087,#4079,#4091,.T.);
#4093=ORIENTED_EDGE('',*,*,#4092,.F.);
#4094=CARTESIAN_POINT('',(37.04556057,-5.742857143,-22.679944001));
#4095=DIRECTION('',(0.,-1.,0.));
#4096=VECTOR('',#4095,0.514285714);
#4097=LINE('',#4094,#4096);
#4098=EDGE_CURVE('',#4071,#4087,#4097,.T.);
#4099=ORIENTED_EDGE('',*,*,#4098,.F.);
#4100=EDGE_LOOP('',(#4077,#4085,#4093,#4099));
#4101=FACE_BOUND('',#4100,.T.);
#4102=CARTESIAN_POINT('',(38.074131999,-10.028571429,-24.461481975));
#4103=VERTEX_POINT('',#4102);
#4104=CARTESIAN_POINT('',(38.331274856,-10.028571429,-24.906866468));
#4105=VERTEX_POINT('',#4104);
#4106=CARTESIAN_POINT('',(38.074131999,-10.028571429,-24.461481975));
#4107=DIRECTION('',(0.5,0.,-0.866025404));
#4108=VECTOR('',#4107,0.514285714);
#4109=LINE('',#4106,#4108);
#4110=EDGE_CURVE('',#4103,#4105,#4109,.T.);
#4111=ORIENTED_EDGE('',*,*,#4110,.F.);
#4112=CARTESIAN_POINT('',(38.074131999,-10.542857143,-24.461481975));
#4113=VERTEX_POINT('',#4112);
#4114=CARTESIAN_POINT('',(38.074131999,-10.542857143,-24.461481975));
#4115=DIRECTION('',(0.,1.,0.));
#4116=VECTOR('',#4115,0.514285714);
#4117=LINE('',#4114,#4116);
#4118=EDGE_CURVE('',#4113,#4103,#4117,.T.);
#4119=ORIENTED_EDGE('',*,*,#4118,.F.);
#4120=CARTESIAN_POINT('',(38.331274856,-10.542857143,-24.906866468));
#4121=VERTEX_POINT('',#4120);
#4122=CARTESIAN_POINT('',(38.331274856,-10.542857143,-24.906866468));
#4123=DIRECTION('',(-0.5,0.,0.866025404));
#4124=VECTOR('',#4123,0.514285714);
#4125=LINE('',#4122,#4124);
#4126=EDGE_CURVE('',#4121,#4113,#4125,.T.);
#4127=ORIENTED_EDGE('',*,*,#4126,.F.);
#4128=CARTESIAN_POINT('',(38.331274856,-10.028571429,-24.906866468));
#4129=DIRECTION('',(0.,-1.,0.));
#4130=VECTOR('',#4129,0.514285714);
#4131=LINE('',#4128,#4130);
#4132=EDGE_CURVE('',#4105,#4121,#4131,.T.);
#4133=ORIENTED_EDGE('',*,*,#4132,.F.);
#4134=EDGE_LOOP('',(#4111,#4119,#4127,#4133));
#4135=FACE_BOUND('',#4134,.T.);
#4136=CARTESIAN_POINT('',(38.074131999,-10.885714286,-24.461481975));
#4137=VERTEX_POINT('',#4136);
#4138=CARTESIAN_POINT('',(38.331274856,-10.885714286,-24.906866468));
#4139=VERTEX_POINT('',#4138);
#4140=CARTESIAN_POINT('',(38.074131999,-10.885714286,-24.461481975));
#4141=DIRECTION('',(0.5,0.,-0.866025404));
#4142=VECTOR('',#4141,0.514285714);
#4143=LINE('',#4140,#4142);
#4144=EDGE_CURVE('',#4137,#4139,#4143,.T.);
#4145=ORIENTED_EDGE('',*,*,#4144,.F.);
#4146=CARTESIAN_POINT('',(38.074131999,-11.4,-24.461481975));
#4147=VERTEX_POINT('',#4146);
#4148=CARTESIAN_POINT('',(38.074131999,-11.4,-24.461481975));
#4149=DIRECTION('',(0.,1.,0.));
#4150=VECTOR('',#4149,0.514285714);
#4151=LINE('',#4148,#4150);
#4152=EDGE_CURVE('',#4147,#4137,#4151,.T.);
#4153=ORIENTED_EDGE('',*,*,#4152,.F.);
#4154=CARTESIAN_POINT('',(38.331274856,-11.4,-24.906866468));
#4155=VERTEX_POINT('',#4154);
#4156=CARTESIAN_POINT('',(38.331274856,-11.4,-24.906866468));
#4157=DIRECTION('',(-0.5,0.,0.866025404));
#4158=VECTOR('',#4157,0.514285714);
#4159=LINE('',#4156,#4158);
#4160=EDGE_CURVE('',#4155,#4147,#4159,.T.);
#4161=ORIENTED_EDGE('',*,*,#4160,.F.);
#4162=CARTESIAN_POINT('',(38.331274856,-10.885714286,-24.906866468));
#4163=DIRECTION('',(0.,-1.,0.));
#4164=VECTOR('',#4163,0.514285714);
#4165=LINE('',#4162,#4164);
#4166=EDGE_CURVE('',#4139,#4155,#4165,.T.);
#4167=ORIENTED_EDGE('',*,*,#4166,.F.);
#4168=EDGE_LOOP('',(#4145,#4153,#4161,#4167));
#4169=FACE_BOUND('',#4168,.T.);
#4170=CARTESIAN_POINT('',(35.502703427,-4.885714286,-20.007637041));
#4171=VERTEX_POINT('',#4170);
#4172=CARTESIAN_POINT('',(35.759846284,-4.885714286,-20.453021535));
#4173=VERTEX_POINT('',#4172);
#4174=CARTESIAN_POINT('',(35.502703427,-4.885714286,-20.007637041));
#4175=DIRECTION('',(0.5,0.,-0.866025404));
#4176=VECTOR('',#4175,0.514285714);
#4177=LINE('',#4174,#4176);
#4178=EDGE_CURVE('',#4171,#4173,#4177,.T.);
#4179=ORIENTED_EDGE('',*,*,#4178,.F.);
#4180=CARTESIAN_POINT('',(35.502703427,-5.4,-20.007637041));
#4181=VERTEX_POINT('',#4180);
#4182=CARTESIAN_POINT('',(35.502703427,-5.4,-20.007637041));
#4183=DIRECTION('',(0.,1.,0.));
#4184=VECTOR('',#4183,0.514285714);
#4185=LINE('',#4182,#4184);
#4186=EDGE_CURVE('',#4181,#4171,#4185,.T.);
#4187=ORIENTED_EDGE('',*,*,#4186,.F.);
#4188=CARTESIAN_POINT('',(35.759846284,-5.4,-20.453021535));
#4189=VERTEX_POINT('',#4188);
#4190=CARTESIAN_POINT('',(35.759846284,-5.4,-20.453021535));
#4191=DIRECTION('',(-0.5,0.,0.866025404));
#4192=VECTOR('',#4191,0.514285714);
#4193=LINE('',#4190,#4192);
#4194=EDGE_CURVE('',#4189,#4181,#4193,.T.);
#4195=ORIENTED_EDGE('',*,*,#4194,.F.);
#4196=CARTESIAN_POINT('',(35.759846284,-4.885714286,-20.453021535));
#4197=DIRECTION('',(0.,-1.,0.));
#4198=VECTOR('',#4197,0.514285714);
#4199=LINE('',#4196,#4198);
#4200=EDGE_CURVE('',#4173,#4189,#4199,.T.);
#4201=ORIENTED_EDGE('',*,*,#4200,.F.);
#4202=EDGE_LOOP('',(#4179,#4187,#4195,#4201));
#4203=FACE_BOUND('',#4202,.T.);
#4204=CARTESIAN_POINT('',(36.359846284,-6.6,-21.492252019));
#4205=VERTEX_POINT('',#4204);
#4206=CARTESIAN_POINT('',(36.616989142,-6.6,-21.937636512));
#4207=VERTEX_POINT('',#4206);
#4208=CARTESIAN_POINT('',(36.359846284,-6.6,-21.492252019));
#4209=DIRECTION('',(0.5,0.,-0.866025404));
#4210=VECTOR('',#4209,0.514285714);
#4211=LINE('',#4208,#4210);
#4212=EDGE_CURVE('',#4205,#4207,#4211,.T.);
#4213=ORIENTED_EDGE('',*,*,#4212,.F.);
#4214=CARTESIAN_POINT('',(36.359846284,-7.114285714,-21.492252019));
#4215=VERTEX_POINT('',#4214);
#4216=CARTESIAN_POINT('',(36.359846284,-7.114285714,-21.492252019));
#4217=DIRECTION('',(0.,1.,0.));
#4218=VECTOR('',#4217,0.514285714);
#4219=LINE('',#4216,#4218);
#4220=EDGE_CURVE('',#4215,#4205,#4219,.T.);
#4221=ORIENTED_EDGE('',*,*,#4220,.F.);
#4222=CARTESIAN_POINT('',(36.616989142,-7.114285714,-21.937636512));
#4223=VERTEX_POINT('',#4222);
#4224=CARTESIAN_POINT('',(36.616989142,-7.114285714,-21.937636512));
#4225=DIRECTION('',(-0.5,0.,0.866025404));
#4226=VECTOR('',#4225,0.514285714);
#4227=LINE('',#4224,#4226);
#4228=EDGE_CURVE('',#4223,#4215,#4227,.T.);
#4229=ORIENTED_EDGE('',*,*,#4228,.F.);
#4230=CARTESIAN_POINT('',(36.616989142,-6.6,-21.937636512));
#4231=DIRECTION('',(0.,-1.,0.));
#4232=VECTOR('',#4231,0.514285714);
#4233=LINE('',#4230,#4232);
#4234=EDGE_CURVE('',#4207,#4223,#4233,.T.);
#4235=ORIENTED_EDGE('',*,*,#4234,.F.);
#4236=EDGE_LOOP('',(#4213,#4221,#4229,#4235));
#4237=FACE_BOUND('',#4236,.T.);
#4238=CARTESIAN_POINT('',(36.788417713,7.114285714,-22.234559508));
#4239=VERTEX_POINT('',#4238);
#4240=CARTESIAN_POINT('',(37.04556057,7.114285714,-22.679944001));
#4241=VERTEX_POINT('',#4240);
#4242=CARTESIAN_POINT('',(36.788417713,7.114285714,-22.234559508));
#4243=DIRECTION('',(0.5,0.,-0.866025404));
#4244=VECTOR('',#4243,0.514285714);
#4245=LINE('',#4242,#4244);
#4246=EDGE_CURVE('',#4239,#4241,#4245,.T.);
#4247=ORIENTED_EDGE('',*,*,#4246,.F.);
#4248=CARTESIAN_POINT('',(36.788417713,6.6,-22.234559508));
#4249=VERTEX_POINT('',#4248);
#4250=CARTESIAN_POINT('',(36.788417713,6.6,-22.234559508));
#4251=DIRECTION('',(0.,1.,0.));
#4252=VECTOR('',#4251,0.514285714);
#4253=LINE('',#4250,#4252);
#4254=EDGE_CURVE('',#4249,#4239,#4253,.T.);
#4255=ORIENTED_EDGE('',*,*,#4254,.F.);
#4256=CARTESIAN_POINT('',(37.04556057,6.6,-22.679944001));
#4257=VERTEX_POINT('',#4256);
#4258=CARTESIAN_POINT('',(37.04556057,6.6,-22.679944001));
#4259=DIRECTION('',(-0.5,0.,0.866025404));
#4260=VECTOR('',#4259,0.514285714);
#4261=LINE('',#4258,#4260);
#4262=EDGE_CURVE('',#4257,#4249,#4261,.T.);
#4263=ORIENTED_EDGE('',*,*,#4262,.F.);
#4264=CARTESIAN_POINT('',(37.04556057,7.114285714,-22.679944001));
#4265=DIRECTION('',(0.,-1.,0.));
#4266=VECTOR('',#4265,0.514285714);
#4267=LINE('',#4264,#4266);
#4268=EDGE_CURVE('',#4241,#4257,#4267,.T.);
#4269=ORIENTED_EDGE('',*,*,#4268,.F.);
#4270=EDGE_LOOP('',(#4247,#4255,#4263,#4269));
#4271=FACE_BOUND('',#4270,.T.);
#4272=CARTESIAN_POINT('',(37.64556057,6.257142857,-23.719174486));
#4273=VERTEX_POINT('',#4272);
#4274=CARTESIAN_POINT('',(37.902703428,6.257142857,-24.164558979));
#4275=VERTEX_POINT('',#4274);
#4276=CARTESIAN_POINT('',(37.64556057,6.257142857,-23.719174486));
#4277=DIRECTION('',(0.5,0.,-0.866025404));
#4278=VECTOR('',#4277,0.514285714);
#4279=LINE('',#4276,#4278);
#4280=EDGE_CURVE('',#4273,#4275,#4279,.T.);
#4281=ORIENTED_EDGE('',*,*,#4280,.F.);
#4282=CARTESIAN_POINT('',(37.64556057,5.742857143,-23.719174486));
#4283=VERTEX_POINT('',#4282);
#4284=CARTESIAN_POINT('',(37.64556057,5.742857143,-23.719174486));
#4285=DIRECTION('',(0.,1.,0.));
#4286=VECTOR('',#4285,0.514285714);
#4287=LINE('',#4284,#4286);
#4288=EDGE_CURVE('',#4283,#4273,#4287,.T.);
#4289=ORIENTED_EDGE('',*,*,#4288,.F.);
#4290=CARTESIAN_POINT('',(37.902703428,5.742857143,-24.164558979));
#4291=VERTEX_POINT('',#4290);
#4292=CARTESIAN_POINT('',(37.902703428,5.742857143,-24.164558979));
#4293=DIRECTION('',(-0.5,0.,0.866025404));
#4294=VECTOR('',#4293,0.514285714);
#4295=LINE('',#4292,#4294);
#4296=EDGE_CURVE('',#4291,#4283,#4295,.T.);
#4297=ORIENTED_EDGE('',*,*,#4296,.F.);
#4298=CARTESIAN_POINT('',(37.902703428,6.257142857,-24.164558979));
#4299=DIRECTION('',(0.,-1.,0.));
#4300=VECTOR('',#4299,0.514285714);
#4301=LINE('',#4298,#4300);
#4302=EDGE_CURVE('',#4275,#4291,#4301,.T.);
#4303=ORIENTED_EDGE('',*,*,#4302,.F.);
#4304=EDGE_LOOP('',(#4281,#4289,#4297,#4303));
#4305=FACE_BOUND('',#4304,.T.);
#4306=CARTESIAN_POINT('',(35.931274856,-11.742857143,-20.74994453));
#4307=VERTEX_POINT('',#4306);
#4308=CARTESIAN_POINT('',(36.188417713,-11.742857143,-21.195329024));
#4309=VERTEX_POINT('',#4308);
#4310=CARTESIAN_POINT('',(35.931274856,-11.742857143,-20.74994453));
#4311=DIRECTION('',(0.5,0.,-0.866025404));
#4312=VECTOR('',#4311,0.514285714);
#4313=LINE('',#4310,#4312);
#4314=EDGE_CURVE('',#4307,#4309,#4313,.T.);
#4315=ORIENTED_EDGE('',*,*,#4314,.F.);
#4316=CARTESIAN_POINT('',(35.931274856,-12.257142857,-20.74994453));
#4317=VERTEX_POINT('',#4316);
#4318=CARTESIAN_POINT('',(35.931274856,-12.257142857,-20.74994453));
#4319=DIRECTION('',(0.,1.,0.));
#4320=VECTOR('',#4319,0.514285714);
#4321=LINE('',#4318,#4320);
#4322=EDGE_CURVE('',#4317,#4307,#4321,.T.);
#4323=ORIENTED_EDGE('',*,*,#4322,.F.);
#4324=CARTESIAN_POINT('',(36.188417713,-12.257142857,-21.195329024));
#4325=VERTEX_POINT('',#4324);
#4326=CARTESIAN_POINT('',(36.188417713,-12.257142857,-21.195329024));
#4327=DIRECTION('',(-0.5,0.,0.866025404));
#4328=VECTOR('',#4327,0.514285714);
#4329=LINE('',#4326,#4328);
#4330=EDGE_CURVE('',#4325,#4317,#4329,.T.);
#4331=ORIENTED_EDGE('',*,*,#4330,.F.);
#4332=CARTESIAN_POINT('',(36.188417713,-11.742857143,-21.195329024));
#4333=DIRECTION('',(0.,-1.,0.));
#4334=VECTOR('',#4333,0.514285714);
#4335=LINE('',#4332,#4334);
#4336=EDGE_CURVE('',#4309,#4325,#4335,.T.);
#4337=ORIENTED_EDGE('',*,*,#4336,.F.);
#4338=EDGE_LOOP('',(#4315,#4323,#4331,#4337));
#4339=FACE_BOUND('',#4338,.T.);
#4340=CARTESIAN_POINT('',(36.788417713,-10.885714286,-22.234559508));
#4341=VERTEX_POINT('',#4340);
#4342=CARTESIAN_POINT('',(37.04556057,-10.885714286,-22.679944001));
#4343=VERTEX_POINT('',#4342);
#4344=CARTESIAN_POINT('',(36.788417713,-10.885714286,-22.234559508));
#4345=DIRECTION('',(0.5,0.,-0.866025404));
#4346=VECTOR('',#4345,0.514285714);
#4347=LINE('',#4344,#4346);
#4348=EDGE_CURVE('',#4341,#4343,#4347,.T.);
#4349=ORIENTED_EDGE('',*,*,#4348,.F.);
#4350=CARTESIAN_POINT('',(36.788417713,-11.4,-22.234559508));
#4351=VERTEX_POINT('',#4350);
#4352=CARTESIAN_POINT('',(36.788417713,-11.4,-22.234559508));
#4353=DIRECTION('',(0.,1.,0.));
#4354=VECTOR('',#4353,0.514285714);
#4355=LINE('',#4352,#4354);
#4356=EDGE_CURVE('',#4351,#4341,#4355,.T.);
#4357=ORIENTED_EDGE('',*,*,#4356,.F.);
#4358=CARTESIAN_POINT('',(37.04556057,-11.4,-22.679944001));
#4359=VERTEX_POINT('',#4358);
#4360=CARTESIAN_POINT('',(37.04556057,-11.4,-22.679944001));
#4361=DIRECTION('',(-0.5,0.,0.866025404));
#4362=VECTOR('',#4361,0.514285714);
#4363=LINE('',#4360,#4362);
#4364=EDGE_CURVE('',#4359,#4351,#4363,.T.);
#4365=ORIENTED_EDGE('',*,*,#4364,.F.);
#4366=CARTESIAN_POINT('',(37.04556057,-10.885714286,-22.679944001));
#4367=DIRECTION('',(0.,-1.,0.));
#4368=VECTOR('',#4367,0.514285714);
#4369=LINE('',#4366,#4368);
#4370=EDGE_CURVE('',#4343,#4359,#4369,.T.);
#4371=ORIENTED_EDGE('',*,*,#4370,.F.);
#4372=EDGE_LOOP('',(#4349,#4357,#4365,#4371));
#4373=FACE_BOUND('',#4372,.T.);
#4374=CARTESIAN_POINT('',(38.074131999,12.257142857,-24.461481975));
#4375=VERTEX_POINT('',#4374);
#4376=CARTESIAN_POINT('',(38.331274856,12.257142857,-24.906866468));
#4377=VERTEX_POINT('',#4376);
#4378=CARTESIAN_POINT('',(38.074131999,12.257142857,-24.461481975));
#4379=DIRECTION('',(0.5,0.,-0.866025404));
#4380=VECTOR('',#4379,0.514285714);
#4381=LINE('',#4378,#4380);
#4382=EDGE_CURVE('',#4375,#4377,#4381,.T.);
#4383=ORIENTED_EDGE('',*,*,#4382,.F.);
#4384=CARTESIAN_POINT('',(38.074131999,11.742857143,-24.461481975));
#4385=VERTEX_POINT('',#4384);
#4386=CARTESIAN_POINT('',(38.074131999,11.742857143,-24.461481975));
#4387=DIRECTION('',(0.,1.,0.));
#4388=VECTOR('',#4387,0.514285714);
#4389=LINE('',#4386,#4388);
#4390=EDGE_CURVE('',#4385,#4375,#4389,.T.);
#4391=ORIENTED_EDGE('',*,*,#4390,.F.);
#4392=CARTESIAN_POINT('',(38.331274856,11.742857143,-24.906866468));
#4393=VERTEX_POINT('',#4392);
#4394=CARTESIAN_POINT('',(38.331274856,11.742857143,-24.906866468));
#4395=DIRECTION('',(-0.5,0.,0.866025404));
#4396=VECTOR('',#4395,0.514285714);
#4397=LINE('',#4394,#4396);
#4398=EDGE_CURVE('',#4393,#4385,#4397,.T.);
#4399=ORIENTED_EDGE('',*,*,#4398,.F.);
#4400=CARTESIAN_POINT('',(38.331274856,12.257142857,-24.906866468));
#4401=DIRECTION('',(0.,-1.,0.));
#4402=VECTOR('',#4401,0.514285714);
#4403=LINE('',#4400,#4402);
#4404=EDGE_CURVE('',#4377,#4393,#4403,.T.);
#4405=ORIENTED_EDGE('',*,*,#4404,.F.);
#4406=EDGE_LOOP('',(#4383,#4391,#4399,#4405));
#4407=FACE_BOUND('',#4406,.T.);
#4408=CARTESIAN_POINT('',(36.359846284,7.114285714,-21.492252019));
#4409=VERTEX_POINT('',#4408);
#4410=CARTESIAN_POINT('',(36.616989142,7.114285714,-21.937636512));
#4411=VERTEX_POINT('',#4410);
#4412=CARTESIAN_POINT('',(36.359846284,7.114285714,-21.492252019));
#4413=DIRECTION('',(0.5,0.,-0.866025404));
#4414=VECTOR('',#4413,0.514285714);
#4415=LINE('',#4412,#4414);
#4416=EDGE_CURVE('',#4409,#4411,#4415,.T.);
#4417=ORIENTED_EDGE('',*,*,#4416,.F.);
#4418=CARTESIAN_POINT('',(36.359846284,6.6,-21.492252019));
#4419=VERTEX_POINT('',#4418);
#4420=CARTESIAN_POINT('',(36.359846284,6.6,-21.492252019));
#4421=DIRECTION('',(0.,1.,0.));
#4422=VECTOR('',#4421,0.514285714);
#4423=LINE('',#4420,#4422);
#4424=EDGE_CURVE('',#4419,#4409,#4423,.T.);
#4425=ORIENTED_EDGE('',*,*,#4424,.F.);
#4426=CARTESIAN_POINT('',(36.616989142,6.6,-21.937636512));
#4427=VERTEX_POINT('',#4426);
#4428=CARTESIAN_POINT('',(36.616989142,6.6,-21.937636512));
#4429=DIRECTION('',(-0.5,0.,0.866025404));
#4430=VECTOR('',#4429,0.514285714);
#4431=LINE('',#4428,#4430);
#4432=EDGE_CURVE('',#4427,#4419,#4431,.T.);
#4433=ORIENTED_EDGE('',*,*,#4432,.F.);
#4434=CARTESIAN_POINT('',(36.616989142,7.114285714,-21.937636512));
#4435=DIRECTION('',(0.,-1.,0.));
#4436=VECTOR('',#4435,0.514285714);
#4437=LINE('',#4434,#4436);
#4438=EDGE_CURVE('',#4411,#4427,#4437,.T.);
#4439=ORIENTED_EDGE('',*,*,#4438,.F.);
#4440=EDGE_LOOP('',(#4417,#4425,#4433,#4439));
#4441=FACE_BOUND('',#4440,.T.);
#4442=CARTESIAN_POINT('',(35.502703427,5.4,-20.007637041));
#4443=VERTEX_POINT('',#4442);
#4444=CARTESIAN_POINT('',(35.759846284,5.4,-20.453021535));
#4445=VERTEX_POINT('',#4444);
#4446=CARTESIAN_POINT('',(35.502703427,5.4,-20.007637041));
#4447=DIRECTION('',(0.5,0.,-0.866025404));
#4448=VECTOR('',#4447,0.514285714);
#4449=LINE('',#4446,#4448);
#4450=EDGE_CURVE('',#4443,#4445,#4449,.T.);
#4451=ORIENTED_EDGE('',*,*,#4450,.F.);
#4452=CARTESIAN_POINT('',(35.502703427,4.885714286,-20.007637041));
#4453=VERTEX_POINT('',#4452);
#4454=CARTESIAN_POINT('',(35.502703427,4.885714286,-20.007637041));
#4455=DIRECTION('',(0.,1.,0.));
#4456=VECTOR('',#4455,0.514285714);
#4457=LINE('',#4454,#4456);
#4458=EDGE_CURVE('',#4453,#4443,#4457,.T.);
#4459=ORIENTED_EDGE('',*,*,#4458,.F.);
#4460=CARTESIAN_POINT('',(35.759846284,4.885714286,-20.453021535));
#4461=VERTEX_POINT('',#4460);
#4462=CARTESIAN_POINT('',(35.759846284,4.885714286,-20.453021535));
#4463=DIRECTION('',(-0.5,0.,0.866025404));
#4464=VECTOR('',#4463,0.514285714);
#4465=LINE('',#4462,#4464);
#4466=EDGE_CURVE('',#4461,#4453,#4465,.T.);
#4467=ORIENTED_EDGE('',*,*,#4466,.F.);
#4468=CARTESIAN_POINT('',(35.759846284,5.4,-20.453021535));
#4469=DIRECTION('',(0.,-1.,0.));
#4470=VECTOR('',#4469,0.514285714);
#4471=LINE('',#4468,#4470);
#4472=EDGE_CURVE('',#4445,#4461,#4471,.T.);
#4473=ORIENTED_EDGE('',*,*,#4472,.F.);
#4474=EDGE_LOOP('',(#4451,#4459,#4467,#4473));
#4475=FACE_BOUND('',#4474,.T.);
#4476=CARTESIAN_POINT('',(38.502703428,0.257142857,-25.203789464));
#4477=VERTEX_POINT('',#4476);
#4478=CARTESIAN_POINT('',(38.759846285,0.257142857,-25.649173957));
#4479=VERTEX_POINT('',#4478);
#4480=CARTESIAN_POINT('',(38.502703428,0.257142857,-25.203789464));
#4481=DIRECTION('',(0.5,0.,-0.866025404));
#4482=VECTOR('',#4481,0.514285714);
#4483=LINE('',#4480,#4482);
#4484=EDGE_CURVE('',#4477,#4479,#4483,.T.);
#4485=ORIENTED_EDGE('',*,*,#4484,.F.);
#4486=CARTESIAN_POINT('',(38.502703428,-0.257142857,-25.203789464));
#4487=VERTEX_POINT('',#4486);
#4488=CARTESIAN_POINT('',(38.502703428,-0.257142857,-25.203789464));
#4489=DIRECTION('',(0.,1.,0.));
#4490=VECTOR('',#4489,0.514285714);
#4491=LINE('',#4488,#4490);
#4492=EDGE_CURVE('',#4487,#4477,#4491,.T.);
#4493=ORIENTED_EDGE('',*,*,#4492,.F.);
#4494=CARTESIAN_POINT('',(38.759846285,-0.257142857,-25.649173957));
#4495=VERTEX_POINT('',#4494);
#4496=CARTESIAN_POINT('',(38.759846285,-0.257142857,-25.649173957));
#4497=DIRECTION('',(-0.5,0.,0.866025404));
#4498=VECTOR('',#4497,0.514285714);
#4499=LINE('',#4496,#4498);
#4500=EDGE_CURVE('',#4495,#4487,#4499,.T.);
#4501=ORIENTED_EDGE('',*,*,#4500,.F.);
#4502=CARTESIAN_POINT('',(38.759846285,0.257142857,-25.649173957));
#4503=DIRECTION('',(0.,-1.,0.));
#4504=VECTOR('',#4503,0.514285714);
#4505=LINE('',#4502,#4504);
#4506=EDGE_CURVE('',#4479,#4495,#4505,.T.);
#4507=ORIENTED_EDGE('',*,*,#4506,.F.);
#4508=EDGE_LOOP('',(#4485,#4493,#4501,#4507));
#4509=FACE_BOUND('',#4508,.T.);
#4510=CARTESIAN_POINT('',(37.64556057,10.542857143,-23.719174486));
#4511=VERTEX_POINT('',#4510);
#4512=CARTESIAN_POINT('',(37.902703428,10.542857143,-24.164558979));
#4513=VERTEX_POINT('',#4512);
#4514=CARTESIAN_POINT('',(37.64556057,10.542857143,-23.719174486));
#4515=DIRECTION('',(0.5,0.,-0.866025404));
#4516=VECTOR('',#4515,0.514285714);
#4517=LINE('',#4514,#4516);
#4518=EDGE_CURVE('',#4511,#4513,#4517,.T.);
#4519=ORIENTED_EDGE('',*,*,#4518,.F.);
#4520=CARTESIAN_POINT('',(37.64556057,10.028571429,-23.719174486));
#4521=VERTEX_POINT('',#4520);
#4522=CARTESIAN_POINT('',(37.64556057,10.028571429,-23.719174486));
#4523=DIRECTION('',(0.,1.,0.));
#4524=VECTOR('',#4523,0.514285714);
#4525=LINE('',#4522,#4524);
#4526=EDGE_CURVE('',#4521,#4511,#4525,.T.);
#4527=ORIENTED_EDGE('',*,*,#4526,.F.);
#4528=CARTESIAN_POINT('',(37.902703428,10.028571429,-24.164558979));
#4529=VERTEX_POINT('',#4528);
#4530=CARTESIAN_POINT('',(37.902703428,10.028571429,-24.164558979));
#4531=DIRECTION('',(-0.5,0.,0.866025404));
#4532=VECTOR('',#4531,0.514285714);
#4533=LINE('',#4530,#4532);
#4534=EDGE_CURVE('',#4529,#4521,#4533,.T.);
#4535=ORIENTED_EDGE('',*,*,#4534,.F.);
#4536=CARTESIAN_POINT('',(37.902703428,10.542857143,-24.164558979));
#4537=DIRECTION('',(0.,-1.,0.));
#4538=VECTOR('',#4537,0.514285714);
#4539=LINE('',#4536,#4538);
#4540=EDGE_CURVE('',#4513,#4529,#4539,.T.);
#4541=ORIENTED_EDGE('',*,*,#4540,.F.);
#4542=EDGE_LOOP('',(#4519,#4527,#4535,#4541));
#4543=FACE_BOUND('',#4542,.T.);
#4544=CARTESIAN_POINT('',(37.216989142,-3.171428571,-22.976866997));
#4545=VERTEX_POINT('',#4544);
#4546=CARTESIAN_POINT('',(37.474131999,-3.171428571,-23.42225149));
#4547=VERTEX_POINT('',#4546);
#4548=CARTESIAN_POINT('',(37.216989142,-3.171428571,-22.976866997));
#4549=DIRECTION('',(0.5,0.,-0.866025404));
#4550=VECTOR('',#4549,0.514285714);
#4551=LINE('',#4548,#4550);
#4552=EDGE_CURVE('',#4545,#4547,#4551,.T.);
#4553=ORIENTED_EDGE('',*,*,#4552,.F.);
#4554=CARTESIAN_POINT('',(37.216989142,-3.685714286,-22.976866997));
#4555=VERTEX_POINT('',#4554);
#4556=CARTESIAN_POINT('',(37.216989142,-3.685714286,-22.976866997));
#4557=DIRECTION('',(0.,1.,0.));
#4558=VECTOR('',#4557,0.514285714);
#4559=LINE('',#4556,#4558);
#4560=EDGE_CURVE('',#4555,#4545,#4559,.T.);
#4561=ORIENTED_EDGE('',*,*,#4560,.F.);
#4562=CARTESIAN_POINT('',(37.474131999,-3.685714286,-23.42225149));
#4563=VERTEX_POINT('',#4562);
#4564=CARTESIAN_POINT('',(37.474131999,-3.685714286,-23.42225149));
#4565=DIRECTION('',(-0.5,0.,0.866025404));
#4566=VECTOR('',#4565,0.514285714);
#4567=LINE('',#4564,#4566);
#4568=EDGE_CURVE('',#4563,#4555,#4567,.T.);
#4569=ORIENTED_EDGE('',*,*,#4568,.F.);
#4570=CARTESIAN_POINT('',(37.474131999,-3.171428571,-23.42225149));
#4571=DIRECTION('',(0.,-1.,0.));
#4572=VECTOR('',#4571,0.514285714);
#4573=LINE('',#4570,#4572);
#4574=EDGE_CURVE('',#4547,#4563,#4573,.T.);
#4575=ORIENTED_EDGE('',*,*,#4574,.F.);
#4576=EDGE_LOOP('',(#4553,#4561,#4569,#4575));
#4577=FACE_BOUND('',#4576,.T.);
#4578=CARTESIAN_POINT('',(38.074131999,5.4,-24.461481975));
#4579=VERTEX_POINT('',#4578);
#4580=CARTESIAN_POINT('',(38.331274856,5.4,-24.906866468));
#4581=VERTEX_POINT('',#4580);
#4582=CARTESIAN_POINT('',(38.074131999,5.4,-24.461481975));
#4583=DIRECTION('',(0.5,0.,-0.866025404));
#4584=VECTOR('',#4583,0.514285714);
#4585=LINE('',#4582,#4584);
#4586=EDGE_CURVE('',#4579,#4581,#4585,.T.);
#4587=ORIENTED_EDGE('',*,*,#4586,.F.);
#4588=CARTESIAN_POINT('',(38.074131999,4.885714286,-24.461481975));
#4589=VERTEX_POINT('',#4588);
#4590=CARTESIAN_POINT('',(38.074131999,4.885714286,-24.461481975));
#4591=DIRECTION('',(0.,1.,0.));
#4592=VECTOR('',#4591,0.514285714);
#4593=LINE('',#4590,#4592);
#4594=EDGE_CURVE('',#4589,#4579,#4593,.T.);
#4595=ORIENTED_EDGE('',*,*,#4594,.F.);
#4596=CARTESIAN_POINT('',(38.331274856,4.885714286,-24.906866468));
#4597=VERTEX_POINT('',#4596);
#4598=CARTESIAN_POINT('',(38.331274856,4.885714286,-24.906866468));
#4599=DIRECTION('',(-0.5,0.,0.866025404));
#4600=VECTOR('',#4599,0.514285714);
#4601=LINE('',#4598,#4600);
#4602=EDGE_CURVE('',#4597,#4589,#4601,.T.);
#4603=ORIENTED_EDGE('',*,*,#4602,.F.);
#4604=CARTESIAN_POINT('',(38.331274856,5.4,-24.906866468));
#4605=DIRECTION('',(0.,-1.,0.));
#4606=VECTOR('',#4605,0.514285714);
#4607=LINE('',#4604,#4606);
#4608=EDGE_CURVE('',#4581,#4597,#4607,.T.);
#4609=ORIENTED_EDGE('',*,*,#4608,.F.);
#4610=EDGE_LOOP('',(#4587,#4595,#4603,#4609));
#4611=FACE_BOUND('',#4610,.T.);
#4612=CARTESIAN_POINT('',(36.788417713,-10.028571429,-22.234559508));
#4613=VERTEX_POINT('',#4612);
#4614=CARTESIAN_POINT('',(37.04556057,-10.028571429,-22.679944001));
#4615=VERTEX_POINT('',#4614);
#4616=CARTESIAN_POINT('',(36.788417713,-10.028571429,-22.234559508));
#4617=DIRECTION('',(0.5,0.,-0.866025404));
#4618=VECTOR('',#4617,0.514285714);
#4619=LINE('',#4616,#4618);
#4620=EDGE_CURVE('',#4613,#4615,#4619,.T.);
#4621=ORIENTED_EDGE('',*,*,#4620,.F.);
#4622=CARTESIAN_POINT('',(36.788417713,-10.542857143,-22.234559508));
#4623=VERTEX_POINT('',#4622);
#4624=CARTESIAN_POINT('',(36.788417713,-10.542857143,-22.234559508));
#4625=DIRECTION('',(0.,1.,0.));
#4626=VECTOR('',#4625,0.514285714);
#4627=LINE('',#4624,#4626);
#4628=EDGE_CURVE('',#4623,#4613,#4627,.T.);
#4629=ORIENTED_EDGE('',*,*,#4628,.F.);
#4630=CARTESIAN_POINT('',(37.04556057,-10.542857143,-22.679944001));
#4631=VERTEX_POINT('',#4630);
#4632=CARTESIAN_POINT('',(37.04556057,-10.542857143,-22.679944001));
#4633=DIRECTION('',(-0.5,0.,0.866025404));
#4634=VECTOR('',#4633,0.514285714);
#4635=LINE('',#4632,#4634);
#4636=EDGE_CURVE('',#4631,#4623,#4635,.T.);
#4637=ORIENTED_EDGE('',*,*,#4636,.F.);
#4638=CARTESIAN_POINT('',(37.04556057,-10.028571429,-22.679944001));
#4639=DIRECTION('',(0.,-1.,0.));
#4640=VECTOR('',#4639,0.514285714);
#4641=LINE('',#4638,#4640);
#4642=EDGE_CURVE('',#4615,#4631,#4641,.T.);
#4643=ORIENTED_EDGE('',*,*,#4642,.F.);
#4644=EDGE_LOOP('',(#4621,#4629,#4637,#4643));
#4645=FACE_BOUND('',#4644,.T.);
#4646=CARTESIAN_POINT('',(38.074131999,-4.885714286,-24.461481975));
#4647=VERTEX_POINT('',#4646);
#4648=CARTESIAN_POINT('',(38.331274856,-4.885714286,-24.906866468));
#4649=VERTEX_POINT('',#4648);
#4650=CARTESIAN_POINT('',(38.074131999,-4.885714286,-24.461481975));
#4651=DIRECTION('',(0.5,0.,-0.866025404));
#4652=VECTOR('',#4651,0.514285714);
#4653=LINE('',#4650,#4652);
#4654=EDGE_CURVE('',#4647,#4649,#4653,.T.);
#4655=ORIENTED_EDGE('',*,*,#4654,.F.);
#4656=CARTESIAN_POINT('',(38.074131999,-5.4,-24.461481975));
#4657=VERTEX_POINT('',#4656);
#4658=CARTESIAN_POINT('',(38.074131999,-5.4,-24.461481975));
#4659=DIRECTION('',(0.,1.,0.));
#4660=VECTOR('',#4659,0.514285714);
#4661=LINE('',#4658,#4660);
#4662=EDGE_CURVE('',#4657,#4647,#4661,.T.);
#4663=ORIENTED_EDGE('',*,*,#4662,.F.);
#4664=CARTESIAN_POINT('',(38.331274856,-5.4,-24.906866468));
#4665=VERTEX_POINT('',#4664);
#4666=CARTESIAN_POINT('',(38.331274856,-5.4,-24.906866468));
#4667=DIRECTION('',(-0.5,0.,0.866025404));
#4668=VECTOR('',#4667,0.514285714);
#4669=LINE('',#4666,#4668);
#4670=EDGE_CURVE('',#4665,#4657,#4669,.T.);
#4671=ORIENTED_EDGE('',*,*,#4670,.F.);
#4672=CARTESIAN_POINT('',(38.331274856,-4.885714286,-24.906866468));
#4673=DIRECTION('',(0.,-1.,0.));
#4674=VECTOR('',#4673,0.514285714);
#4675=LINE('',#4672,#4674);
#4676=EDGE_CURVE('',#4649,#4665,#4675,.T.);
#4677=ORIENTED_EDGE('',*,*,#4676,.F.);
#4678=EDGE_LOOP('',(#4655,#4663,#4671,#4677));
#4679=FACE_BOUND('',#4678,.T.);
#4680=CARTESIAN_POINT('',(38.074131999,-4.028571429,-24.461481975));
#4681=VERTEX_POINT('',#4680);
#4682=CARTESIAN_POINT('',(38.331274856,-4.028571429,-24.906866468));
#4683=VERTEX_POINT('',#4682);
#4684=CARTESIAN_POINT('',(38.074131999,-4.028571429,-24.461481975));
#4685=DIRECTION('',(0.5,0.,-0.866025404));
#4686=VECTOR('',#4685,0.514285714);
#4687=LINE('',#4684,#4686);
#4688=EDGE_CURVE('',#4681,#4683,#4687,.T.);
#4689=ORIENTED_EDGE('',*,*,#4688,.F.);
#4690=CARTESIAN_POINT('',(38.074131999,-4.542857143,-24.461481975));
#4691=VERTEX_POINT('',#4690);
#4692=CARTESIAN_POINT('',(38.074131999,-4.542857143,-24.461481975));
#4693=DIRECTION('',(0.,1.,0.));
#4694=VECTOR('',#4693,0.514285714);
#4695=LINE('',#4692,#4694);
#4696=EDGE_CURVE('',#4691,#4681,#4695,.T.);
#4697=ORIENTED_EDGE('',*,*,#4696,.F.);
#4698=CARTESIAN_POINT('',(38.331274856,-4.542857143,-24.906866468));
#4699=VERTEX_POINT('',#4698);
#4700=CARTESIAN_POINT('',(38.331274856,-4.542857143,-24.906866468));
#4701=DIRECTION('',(-0.5,0.,0.866025404));
#4702=VECTOR('',#4701,0.514285714);
#4703=LINE('',#4700,#4702);
#4704=EDGE_CURVE('',#4699,#4691,#4703,.T.);
#4705=ORIENTED_EDGE('',*,*,#4704,.F.);
#4706=CARTESIAN_POINT('',(38.331274856,-4.028571429,-24.906866468));
#4707=DIRECTION('',(0.,-1.,0.));
#4708=VECTOR('',#4707,0.514285714);
#4709=LINE('',#4706,#4708);
#4710=EDGE_CURVE('',#4683,#4699,#4709,.T.);
#4711=ORIENTED_EDGE('',*,*,#4710,.F.);
#4712=EDGE_LOOP('',(#4689,#4697,#4705,#4711));
#4713=FACE_BOUND('',#4712,.T.);
#4714=CARTESIAN_POINT('',(37.64556057,4.542857143,-23.719174486));
#4715=VERTEX_POINT('',#4714);
#4716=CARTESIAN_POINT('',(37.902703428,4.542857143,-24.164558979));
#4717=VERTEX_POINT('',#4716);
#4718=CARTESIAN_POINT('',(37.64556057,4.542857143,-23.719174486));
#4719=DIRECTION('',(0.5,0.,-0.866025404));
#4720=VECTOR('',#4719,0.514285714);
#4721=LINE('',#4718,#4720);
#4722=EDGE_CURVE('',#4715,#4717,#4721,.T.);
#4723=ORIENTED_EDGE('',*,*,#4722,.F.);
#4724=CARTESIAN_POINT('',(37.64556057,4.028571429,-23.719174486));
#4725=VERTEX_POINT('',#4724);
#4726=CARTESIAN_POINT('',(37.64556057,4.028571429,-23.719174486));
#4727=DIRECTION('',(0.,1.,0.));
#4728=VECTOR('',#4727,0.514285714);
#4729=LINE('',#4726,#4728);
#4730=EDGE_CURVE('',#4725,#4715,#4729,.T.);
#4731=ORIENTED_EDGE('',*,*,#4730,.F.);
#4732=CARTESIAN_POINT('',(37.902703428,4.028571429,-24.164558979));
#4733=VERTEX_POINT('',#4732);
#4734=CARTESIAN_POINT('',(37.902703428,4.028571429,-24.164558979));
#4735=DIRECTION('',(-0.5,0.,0.866025404));
#4736=VECTOR('',#4735,0.514285714);
#4737=LINE('',#4734,#4736);
#4738=EDGE_CURVE('',#4733,#4725,#4737,.T.);
#4739=ORIENTED_EDGE('',*,*,#4738,.F.);
#4740=CARTESIAN_POINT('',(37.902703428,4.542857143,-24.164558979));
#4741=DIRECTION('',(0.,-1.,0.));
#4742=VECTOR('',#4741,0.514285714);
#4743=LINE('',#4740,#4742);
#4744=EDGE_CURVE('',#4717,#4733,#4743,.T.);
#4745=ORIENTED_EDGE('',*,*,#4744,.F.);
#4746=EDGE_LOOP('',(#4723,#4731,#4739,#4745));
#4747=FACE_BOUND('',#4746,.T.);
#4748=CARTESIAN_POINT('',(38.074131999,-5.742857143,-24.461481975));
#4749=VERTEX_POINT('',#4748);
#4750=CARTESIAN_POINT('',(38.331274856,-5.742857143,-24.906866468));
#4751=VERTEX_POINT('',#4750);
#4752=CARTESIAN_POINT('',(38.074131999,-5.742857143,-24.461481975));
#4753=DIRECTION('',(0.5,0.,-0.866025404));
#4754=VECTOR('',#4753,0.514285714);
#4755=LINE('',#4752,#4754);
#4756=EDGE_CURVE('',#4749,#4751,#4755,.T.);
#4757=ORIENTED_EDGE('',*,*,#4756,.F.);
#4758=CARTESIAN_POINT('',(38.074131999,-6.257142857,-24.461481975));
#4759=VERTEX_POINT('',#4758);
#4760=CARTESIAN_POINT('',(38.074131999,-6.257142857,-24.461481975));
#4761=DIRECTION('',(0.,1.,0.));
#4762=VECTOR('',#4761,0.514285714);
#4763=LINE('',#4760,#4762);
#4764=EDGE_CURVE('',#4759,#4749,#4763,.T.);
#4765=ORIENTED_EDGE('',*,*,#4764,.F.);
#4766=CARTESIAN_POINT('',(38.331274856,-6.257142857,-24.906866468));
#4767=VERTEX_POINT('',#4766);
#4768=CARTESIAN_POINT('',(38.331274856,-6.257142857,-24.906866468));
#4769=DIRECTION('',(-0.5,0.,0.866025404));
#4770=VECTOR('',#4769,0.514285714);
#4771=LINE('',#4768,#4770);
#4772=EDGE_CURVE('',#4767,#4759,#4771,.T.);
#4773=ORIENTED_EDGE('',*,*,#4772,.F.);
#4774=CARTESIAN_POINT('',(38.331274856,-5.742857143,-24.906866468));
#4775=DIRECTION('',(0.,-1.,0.));
#4776=VECTOR('',#4775,0.514285714);
#4777=LINE('',#4774,#4776);
#4778=EDGE_CURVE('',#4751,#4767,#4777,.T.);
#4779=ORIENTED_EDGE('',*,*,#4778,.F.);
#4780=EDGE_LOOP('',(#4757,#4765,#4773,#4779));
#4781=FACE_BOUND('',#4780,.T.);
#4782=CARTESIAN_POINT('',(35.931274856,6.257142857,-20.74994453));
#4783=VERTEX_POINT('',#4782);
#4784=CARTESIAN_POINT('',(36.188417713,6.257142857,-21.195329024));
#4785=VERTEX_POINT('',#4784);
#4786=CARTESIAN_POINT('',(35.931274856,6.257142857,-20.74994453));
#4787=DIRECTION('',(0.5,0.,-0.866025404));
#4788=VECTOR('',#4787,0.514285714);
#4789=LINE('',#4786,#4788);
#4790=EDGE_CURVE('',#4783,#4785,#4789,.T.);
#4791=ORIENTED_EDGE('',*,*,#4790,.F.);
#4792=CARTESIAN_POINT('',(35.931274856,5.742857143,-20.74994453));
#4793=VERTEX_POINT('',#4792);
#4794=CARTESIAN_POINT('',(35.931274856,5.742857143,-20.74994453));
#4795=DIRECTION('',(0.,1.,0.));
#4796=VECTOR('',#4795,0.514285714);
#4797=LINE('',#4794,#4796);
#4798=EDGE_CURVE('',#4793,#4783,#4797,.T.);
#4799=ORIENTED_EDGE('',*,*,#4798,.F.);
#4800=CARTESIAN_POINT('',(36.188417713,5.742857143,-21.195329024));
#4801=VERTEX_POINT('',#4800);
#4802=CARTESIAN_POINT('',(36.188417713,5.742857143,-21.195329024));
#4803=DIRECTION('',(-0.5,0.,0.866025404));
#4804=VECTOR('',#4803,0.514285714);
#4805=LINE('',#4802,#4804);
#4806=EDGE_CURVE('',#4801,#4793,#4805,.T.);
#4807=ORIENTED_EDGE('',*,*,#4806,.F.);
#4808=CARTESIAN_POINT('',(36.188417713,6.257142857,-21.195329024));
#4809=DIRECTION('',(0.,-1.,0.));
#4810=VECTOR('',#4809,0.514285714);
#4811=LINE('',#4808,#4810);
#4812=EDGE_CURVE('',#4785,#4801,#4811,.T.);
#4813=ORIENTED_EDGE('',*,*,#4812,.F.);
#4814=EDGE_LOOP('',(#4791,#4799,#4807,#4813));
#4815=FACE_BOUND('',#4814,.T.);
#4816=ORIENTED_EDGE('',*,*,#2624,.T.);
#4817=ORIENTED_EDGE('',*,*,#2662,.T.);
#4818=ORIENTED_EDGE('',*,*,#2593,.F.);
#4819=ORIENTED_EDGE('',*,*,#2645,.F.);
#4820=EDGE_LOOP('',(#4816,#4817,#4818,#4819));
#4821=FACE_BOUND('',#4820,.T.);
#4822=ADVANCED_FACE('',(#2707,#2741,#2775,#2809,#2843,#2877,#2911,#2945,#2979,#3013,#3047,#3081,#3115,#3149,#3183,#3217,#3251,#3285,#3319,#3353,#3387,#3421,#3455,#3489,#3523,#3557,
#3591,#3625,#3659,#3693,#3727,#3761,#3795,#3829,#3863,#3897,#3931,#3965,#3999,#4033,#4067,#4101,#4135,#4169,#4203,#4237,#4271,#4305,#4339,#4373,#4407,
#4441,#4475,#4509,#4543,#4577,#4611,#4645,#4679,#4713,#4747,#4781,#4815,#4821),#2673,.T.);
#4823=CARTESIAN_POINT('',(36.080600087,17.301146922,-23.036093435));
#4824=DIRECTION('',(0.,1.,-0.));
#4825=DIRECTION('',(-0.5,0.,0.866025404));
#4826=AXIS2_PLACEMENT_3D('',#4823,#4824,#4825);
#4827=PLANE('',#4826);
#4828=ORIENTED_EDGE('',*,*,#93,.F.);
#4829=CARTESIAN_POINT('',(38.313025087,17.301146922,-26.902766959));
#4830=VERTEX_POINT('',#4829);
#4831=CARTESIAN_POINT('',(38.313025087,17.301146922,-26.902766959));
#4832=DIRECTION('',(0.866025404,0.,0.5));
#4833=VECTOR('',#4832,0.480000013);
#4834=LINE('',#4831,#4833);
#4835=EDGE_CURVE('',#4830,#79,#4834,.T.);
#4836=ORIENTED_EDGE('',*,*,#4835,.F.);
#4837=CARTESIAN_POINT('',(33.848175087,17.301146923,-19.16941991));
#4838=VERTEX_POINT('',#4837);
#4839=CARTESIAN_POINT('',(38.313025087,17.301146922,-26.902766959));
#4840=DIRECTION('',(-0.5,0.,0.866025404));
#4841=VECTOR('',#4840,8.9297);
#4842=LINE('',#4839,#4841);
#4843=EDGE_CURVE('',#4830,#4838,#4842,.T.);
#4844=ORIENTED_EDGE('',*,*,#4843,.T.);
#4845=CARTESIAN_POINT('',(33.848175087,17.301146923,-19.16941991));
#4846=DIRECTION('',(0.866025404,0.,0.5));
#4847=VECTOR('',#4846,0.48);
#4848=LINE('',#4845,#4847);
#4849=EDGE_CURVE('',#4838,#88,#4848,.T.);
#4850=ORIENTED_EDGE('',*,*,#4849,.T.);
#4851=EDGE_LOOP('',(#4828,#4836,#4844,#4850));
#4852=FACE_BOUND('',#4851,.T.);
#4853=ADVANCED_FACE('',(#4852),#4827,.T.);
#4854=CARTESIAN_POINT('',(38.313025086,14.9,-26.902766959));
#4855=DIRECTION('',(0.866025404,0.,0.5));
#4856=DIRECTION('',(0.5,0.,-0.866025404));
#4857=AXIS2_PLACEMENT_3D('',#4854,#4855,#4856);
#4858=CYLINDRICAL_SURFACE('',#4857,2.401146922);
#4859=ORIENTED_EDGE('',*,*,#85,.T.);
#4860=CARTESIAN_POINT('',(39.185235861,16.55,-28.413480336));
#4861=VERTEX_POINT('',#4860);
#4862=CARTESIAN_POINT('',(39.600928055,16.55,-28.173480335));
#4863=DIRECTION('',(-0.866025404,-0.,-0.5));
#4864=VECTOR('',#4863,0.48);
#4865=LINE('',#4862,#4864);
#4866=EDGE_CURVE('',#71,#4861,#4865,.T.);
#4867=ORIENTED_EDGE('',*,*,#4866,.T.);
#4868=CARTESIAN_POINT('',(38.313025086,14.9,-26.902766959));
#4869=DIRECTION('',(-0.866025404,0.,-0.5));
#4870=DIRECTION('',(-0.5,0.,0.866025404));
#4871=AXIS2_PLACEMENT_3D('',#4868,#4869,#4870);
#4872=CIRCLE('',#4871,2.401146922);
#4873=EDGE_CURVE('',#4830,#4861,#4872,.T.);
#4874=ORIENTED_EDGE('',*,*,#4873,.F.);
#4875=ORIENTED_EDGE('',*,*,#4835,.T.);
#4876=EDGE_LOOP('',(#4859,#4867,#4874,#4875));
#4877=FACE_BOUND('',#4876,.T.);
#4878=ADVANCED_FACE('',(#4877),#4858,.T.);
#4879=CARTESIAN_POINT('',(36.080600087,16.55,-23.036093434));
#4880=DIRECTION('',(0.,-1.,0.));
#4881=DIRECTION('',(-0.866025404,0.,-0.5));
#4882=AXIS2_PLACEMENT_3D('',#4879,#4880,#4881);
#4883=PLANE('',#4882);
#4884=ORIENTED_EDGE('',*,*,#76,.F.);
#4885=CARTESIAN_POINT('',(32.975964313,16.55,-17.658706533));
#4886=VERTEX_POINT('',#4885);
#4887=CARTESIAN_POINT('',(33.391656506,16.55,-17.418706533));
#4888=DIRECTION('',(-0.866025404,-0.,-0.5));
#4889=VECTOR('',#4888,0.48);
#4890=LINE('',#4887,#4889);
#4891=EDGE_CURVE('',#69,#4886,#4890,.T.);
#4892=ORIENTED_EDGE('',*,*,#4891,.T.);
#4893=CARTESIAN_POINT('',(32.975964313,16.55,-17.658706533));
#4894=DIRECTION('',(0.5,0.,-0.866025404));
#4895=VECTOR('',#4894,12.418543099);
#4896=LINE('',#4893,#4895);
#4897=EDGE_CURVE('',#4886,#4861,#4896,.T.);
#4898=ORIENTED_EDGE('',*,*,#4897,.T.);
#4899=ORIENTED_EDGE('',*,*,#4866,.F.);
#4900=EDGE_LOOP('',(#4884,#4892,#4898,#4899));
#4901=FACE_BOUND('',#4900,.T.);
#4902=ADVANCED_FACE('',(#4901),#4883,.T.);
#4903=CARTESIAN_POINT('',(33.848175087,14.9,-19.16941991));
#4904=DIRECTION('',(0.866025404,0.,0.5));
#4905=DIRECTION('',(0.5,0.,-0.866025404));
#4906=AXIS2_PLACEMENT_3D('',#4903,#4904,#4905);
#4907=CYLINDRICAL_SURFACE('',#4906,2.401146923);
#4908=ORIENTED_EDGE('',*,*,#4891,.F.);
#4909=ORIENTED_EDGE('',*,*,#100,.T.);
#4910=ORIENTED_EDGE('',*,*,#4849,.F.);
#4911=CARTESIAN_POINT('',(33.848175087,14.9,-19.16941991));
#4912=DIRECTION('',(-0.866025404,0.,-0.5));
#4913=DIRECTION('',(-0.5,0.,0.866025404));
#4914=AXIS2_PLACEMENT_3D('',#4911,#4912,#4913);
#4915=CIRCLE('',#4914,2.401146923);
#4916=EDGE_CURVE('',#4886,#4838,#4915,.T.);
#4917=ORIENTED_EDGE('',*,*,#4916,.F.);
#4918=EDGE_LOOP('',(#4908,#4909,#4910,#4917));
#4919=FACE_BOUND('',#4918,.T.);
#4920=ADVANCED_FACE('',(#4919),#4907,.T.);
#4921=CARTESIAN_POINT('',(-16.97718737,0.,68.862690205));
#4922=DIRECTION('',(-0.866025404,0.,-0.5));
#4923=DIRECTION('',(0.,1.,0.));
#4924=AXIS2_PLACEMENT_3D('',#4921,#4922,#4923);
#4925=PLANE('',#4924);
#4926=ORIENTED_EDGE('',*,*,#4843,.F.);
#4927=ORIENTED_EDGE('',*,*,#4873,.T.);
#4928=ORIENTED_EDGE('',*,*,#4897,.F.);
#4929=ORIENTED_EDGE('',*,*,#4916,.T.);
#4930=EDGE_LOOP('',(#4926,#4927,#4928,#4929));
#4931=FACE_BOUND('',#4930,.T.);
#4932=ADVANCED_FACE('',(#4931),#4925,.T.);
#4933=CARTESIAN_POINT('',(36.080600087,-16.55,-23.036093434));
#4934=DIRECTION('',(0.,1.,0.));
#4935=DIRECTION('',(0.866025404,0.,0.5));
#4936=AXIS2_PLACEMENT_3D('',#4933,#4934,#4935);
#4937=PLANE('',#4936);
#4938=CARTESIAN_POINT('',(32.975964313,-16.55,-17.658706533));
#4939=VERTEX_POINT('',#4938);
#4940=CARTESIAN_POINT('',(33.391656506,-16.55,-17.418706533));
#4941=DIRECTION('',(-0.866025404,-0.,-0.5));
#4942=VECTOR('',#4941,0.48);
#4943=LINE('',#4940,#4942);
#4944=EDGE_CURVE('',#35,#4939,#4943,.T.);
#4945=ORIENTED_EDGE('',*,*,#4944,.F.);
#4946=ORIENTED_EDGE('',*,*,#40,.F.);
#4947=CARTESIAN_POINT('',(39.185235861,-16.55,-28.413480336));
#4948=VERTEX_POINT('',#4947);
#4949=CARTESIAN_POINT('',(39.600928055,-16.55,-28.173480336));
#4950=DIRECTION('',(-0.866025404,-0.,-0.5));
#4951=VECTOR('',#4950,0.48);
#4952=LINE('',#4949,#4951);
#4953=EDGE_CURVE('',#33,#4948,#4952,.T.);
#4954=ORIENTED_EDGE('',*,*,#4953,.T.);
#4955=CARTESIAN_POINT('',(39.185235861,-16.55,-28.413480336));
#4956=DIRECTION('',(-0.5,0.,0.866025404));
#4957=VECTOR('',#4956,12.418543099);
#4958=LINE('',#4955,#4957);
#4959=EDGE_CURVE('',#4948,#4939,#4958,.T.);
#4960=ORIENTED_EDGE('',*,*,#4959,.T.);
#4961=EDGE_LOOP('',(#4945,#4946,#4954,#4960));
#4962=FACE_BOUND('',#4961,.T.);
#4963=ADVANCED_FACE('',(#4962),#4937,.T.);
#4964=CARTESIAN_POINT('',(38.313025086,-14.9,-26.902766959));
#4965=DIRECTION('',(0.866025404,0.,0.5));
#4966=DIRECTION('',(0.5,0.,-0.866025404));
#4967=AXIS2_PLACEMENT_3D('',#4964,#4965,#4966);
#4968=CYLINDRICAL_SURFACE('',#4967,2.401146922);
#4969=ORIENTED_EDGE('',*,*,#4953,.F.);
#4970=ORIENTED_EDGE('',*,*,#64,.T.);
#4971=CARTESIAN_POINT('',(38.313025087,-17.301146922,-26.902766959));
#4972=VERTEX_POINT('',#4971);
#4973=CARTESIAN_POINT('',(38.313025087,-17.301146922,-26.902766959));
#4974=DIRECTION('',(0.866025404,0.,0.5));
#4975=VECTOR('',#4974,0.480000013);
#4976=LINE('',#4973,#4975);
#4977=EDGE_CURVE('',#4972,#52,#4976,.T.);
#4978=ORIENTED_EDGE('',*,*,#4977,.F.);
#4979=CARTESIAN_POINT('',(38.313025086,-14.9,-26.902766959));
#4980=DIRECTION('',(-0.866025404,0.,-0.5));
#4981=DIRECTION('',(-0.5,0.,0.866025404));
#4982=AXIS2_PLACEMENT_3D('',#4979,#4980,#4981);
#4983=CIRCLE('',#4982,2.401146922);
#4984=EDGE_CURVE('',#4948,#4972,#4983,.T.);
#4985=ORIENTED_EDGE('',*,*,#4984,.F.);
#4986=EDGE_LOOP('',(#4969,#4970,#4978,#4985));
#4987=FACE_BOUND('',#4986,.T.);
#4988=ADVANCED_FACE('',(#4987),#4968,.T.);
#4989=CARTESIAN_POINT('',(36.080600087,-17.301146922,-23.036093435));
#4990=DIRECTION('',(0.,-1.,-0.));
#4991=DIRECTION('',(0.5,0.,-0.866025404));
#4992=AXIS2_PLACEMENT_3D('',#4989,#4990,#4991);
#4993=PLANE('',#4992);
#4994=ORIENTED_EDGE('',*,*,#57,.F.);
#4995=CARTESIAN_POINT('',(33.848175087,-17.301146923,-19.16941991));
#4996=VERTEX_POINT('',#4995);
#4997=CARTESIAN_POINT('',(33.848175087,-17.301146923,-19.16941991));
#4998=DIRECTION('',(0.866025404,0.,0.5));
#4999=VECTOR('',#4998,0.480000011);
#5000=LINE('',#4997,#4999);
#5001=EDGE_CURVE('',#4996,#43,#5000,.T.);
#5002=ORIENTED_EDGE('',*,*,#5001,.F.);
#5003=CARTESIAN_POINT('',(33.848175087,-17.301146923,-19.16941991));
#5004=DIRECTION('',(0.5,0.,-0.866025404));
#5005=VECTOR('',#5004,8.9297);
#5006=LINE('',#5003,#5005);
#5007=EDGE_CURVE('',#4996,#4972,#5006,.T.);
#5008=ORIENTED_EDGE('',*,*,#5007,.T.);
#5009=ORIENTED_EDGE('',*,*,#4977,.T.);
#5010=EDGE_LOOP('',(#4994,#5002,#5008,#5009));
#5011=FACE_BOUND('',#5010,.T.);
#5012=ADVANCED_FACE('',(#5011),#4993,.T.);
#5013=CARTESIAN_POINT('',(33.848175087,-14.9,-19.16941991));
#5014=DIRECTION('',(0.866025404,0.,0.5));
#5015=DIRECTION('',(0.5,0.,-0.866025404));
#5016=AXIS2_PLACEMENT_3D('',#5013,#5014,#5015);
#5017=CYLINDRICAL_SURFACE('',#5016,2.401146923);
#5018=ORIENTED_EDGE('',*,*,#49,.T.);
#5019=ORIENTED_EDGE('',*,*,#4944,.T.);
#5020=CARTESIAN_POINT('',(33.848175087,-14.9,-19.16941991));
#5021=DIRECTION('',(-0.866025404,0.,-0.5));
#5022=DIRECTION('',(-0.5,0.,0.866025404));
#5023=AXIS2_PLACEMENT_3D('',#5020,#5021,#5022);
#5024=CIRCLE('',#5023,2.401146923);
#5025=EDGE_CURVE('',#4996,#4939,#5024,.T.);
#5026=ORIENTED_EDGE('',*,*,#5025,.F.);
#5027=ORIENTED_EDGE('',*,*,#5001,.T.);
#5028=EDGE_LOOP('',(#5018,#5019,#5026,#5027));
#5029=FACE_BOUND('',#5028,.T.);
#5030=ADVANCED_FACE('',(#5029),#5017,.T.);
#5031=CARTESIAN_POINT('',(-16.97718737,0.,68.862690205));
#5032=DIRECTION('',(-0.866025404,0.,-0.5));
#5033=DIRECTION('',(0.,1.,0.));
#5034=AXIS2_PLACEMENT_3D('',#5031,#5032,#5033);
#5035=PLANE('',#5034);
#5036=ORIENTED_EDGE('',*,*,#5025,.T.);
#5037=ORIENTED_EDGE('',*,*,#4959,.F.);
#5038=ORIENTED_EDGE('',*,*,#4984,.T.);
#5039=ORIENTED_EDGE('',*,*,#5007,.F.);
#5040=EDGE_LOOP('',(#5036,#5037,#5038,#5039));
#5041=FACE_BOUND('',#5040,.T.);
#5042=ADVANCED_FACE('',(#5041),#5035,.T.);
#5043=CARTESIAN_POINT('',(35.938586054,6.257142857,-21.04759512));
#5044=DIRECTION('',(0.,1.,0.));
#5045=DIRECTION('',(0.866025404,0.,0.5));
#5046=AXIS2_PLACEMENT_3D('',#5043,#5044,#5045);
#5047=PLANE('',#5046);
#5048=ORIENTED_EDGE('',*,*,#4790,.T.);
#5049=CARTESIAN_POINT('',(36.188417713,6.257142857,-21.195329024));
#5050=DIRECTION('',(0.866025404,0.,0.5));
#5051=VECTOR('',#5050,0.157506389);
#5052=LINE('',#5049,#5051);
#5053=EDGE_CURVE('',#4785,#2325,#5052,.T.);
#5054=ORIENTED_EDGE('',*,*,#5053,.T.);
#5055=ORIENTED_EDGE('',*,*,#2332,.T.);
#5056=CARTESIAN_POINT('',(35.931274856,6.257142857,-20.74994453));
#5057=DIRECTION('',(0.866025404,0.,0.5));
#5058=VECTOR('',#5057,0.157506389);
#5059=LINE('',#5056,#5058);
#5060=EDGE_CURVE('',#4783,#2327,#5059,.T.);
#5061=ORIENTED_EDGE('',*,*,#5060,.F.);
#5062=EDGE_LOOP('',(#5048,#5054,#5055,#5061));
#5063=FACE_BOUND('',#5062,.T.);
#5064=ADVANCED_FACE('',(#5063),#5047,.F.);
#5065=CARTESIAN_POINT('',(35.807871769,6.004285714,-20.821191336));
#5066=DIRECTION('',(-0.5,0.,0.866025404));
#5067=DIRECTION('',(0.866025404,0.,0.5));
#5068=AXIS2_PLACEMENT_3D('',#5065,#5066,#5067);
#5069=PLANE('',#5068);
#5070=ORIENTED_EDGE('',*,*,#4798,.T.);
#5071=ORIENTED_EDGE('',*,*,#5060,.T.);
#5072=ORIENTED_EDGE('',*,*,#2354,.T.);
#5073=CARTESIAN_POINT('',(35.931274856,5.742857143,-20.74994453));
#5074=DIRECTION('',(0.866025404,0.,0.5));
#5075=VECTOR('',#5074,0.157506389);
#5076=LINE('',#5073,#5075);
#5077=EDGE_CURVE('',#4793,#2343,#5076,.T.);
#5078=ORIENTED_EDGE('',*,*,#5077,.F.);
#5079=EDGE_LOOP('',(#5070,#5071,#5072,#5078));
#5080=FACE_BOUND('',#5079,.T.);
#5081=ADVANCED_FACE('',(#5080),#5069,.F.);
#5082=CARTESIAN_POINT('',(35.93430034,5.742857143,-21.040172045));
#5083=DIRECTION('',(0.,-1.,0.));
#5084=DIRECTION('',(-0.866025404,0.,-0.5));
#5085=AXIS2_PLACEMENT_3D('',#5082,#5083,#5084);
#5086=PLANE('',#5085);
#5087=ORIENTED_EDGE('',*,*,#4806,.T.);
#5088=ORIENTED_EDGE('',*,*,#5077,.T.);
#5089=ORIENTED_EDGE('',*,*,#2348,.T.);
#5090=CARTESIAN_POINT('',(36.188417713,5.742857143,-21.195329024));
#5091=DIRECTION('',(0.866025404,0.,0.5));
#5092=VECTOR('',#5091,0.157506389);
#5093=LINE('',#5090,#5092);
#5094=EDGE_CURVE('',#4801,#2335,#5093,.T.);
#5095=ORIENTED_EDGE('',*,*,#5094,.F.);
#5096=EDGE_LOOP('',(#5087,#5088,#5089,#5095));
#5097=FACE_BOUND('',#5096,.T.);
#5098=ADVANCED_FACE('',(#5097),#5086,.F.);
#5099=CARTESIAN_POINT('',(36.065014626,5.995714286,-21.266575829));
#5100=DIRECTION('',(0.5,0.,-0.866025404));
#5101=DIRECTION('',(-0.866025404,0.,-0.5));
#5102=AXIS2_PLACEMENT_3D('',#5099,#5100,#5101);
#5103=PLANE('',#5102);
#5104=ORIENTED_EDGE('',*,*,#4812,.T.);
#5105=ORIENTED_EDGE('',*,*,#5094,.T.);
#5106=ORIENTED_EDGE('',*,*,#2340,.T.);
#5107=ORIENTED_EDGE('',*,*,#5053,.F.);
#5108=EDGE_LOOP('',(#5104,#5105,#5106,#5107));
#5109=FACE_BOUND('',#5108,.T.);
#5110=ADVANCED_FACE('',(#5109),#5103,.F.);
#5111=CARTESIAN_POINT('',(38.081443197,-5.742857143,-24.759132565));
#5112=DIRECTION('',(0.,1.,0.));
#5113=DIRECTION('',(0.866025404,0.,0.5));
#5114=AXIS2_PLACEMENT_3D('',#5111,#5112,#5113);
#5115=PLANE('',#5114);
#5116=ORIENTED_EDGE('',*,*,#4756,.T.);
#5117=CARTESIAN_POINT('',(38.331274856,-5.742857143,-24.906866468));
#5118=DIRECTION('',(0.866025404,0.,0.5));
#5119=VECTOR('',#5118,0.157506388);
#5120=LINE('',#5117,#5119);
#5121=EDGE_CURVE('',#4751,#2291,#5120,.T.);
#5122=ORIENTED_EDGE('',*,*,#5121,.T.);
#5123=ORIENTED_EDGE('',*,*,#2298,.T.);
#5124=CARTESIAN_POINT('',(38.074131999,-5.742857143,-24.461481975));
#5125=DIRECTION('',(0.866025404,0.,0.5));
#5126=VECTOR('',#5125,0.157506388);
#5127=LINE('',#5124,#5126);
#5128=EDGE_CURVE('',#4749,#2293,#5127,.T.);
#5129=ORIENTED_EDGE('',*,*,#5128,.F.);
#5130=EDGE_LOOP('',(#5116,#5122,#5123,#5129));
#5131=FACE_BOUND('',#5130,.T.);
#5132=ADVANCED_FACE('',(#5131),#5115,.F.);
#5133=CARTESIAN_POINT('',(37.950728911,-5.995714286,-24.532728781));
#5134=DIRECTION('',(-0.5,0.,0.866025404));
#5135=DIRECTION('',(0.866025404,0.,0.5));
#5136=AXIS2_PLACEMENT_3D('',#5133,#5134,#5135);
#5137=PLANE('',#5136);
#5138=ORIENTED_EDGE('',*,*,#4764,.T.);
#5139=ORIENTED_EDGE('',*,*,#5128,.T.);
#5140=ORIENTED_EDGE('',*,*,#2320,.T.);
#5141=CARTESIAN_POINT('',(38.074131999,-6.257142857,-24.461481975));
#5142=DIRECTION('',(0.866025404,0.,0.5));
#5143=VECTOR('',#5142,0.157506388);
#5144=LINE('',#5141,#5143);
#5145=EDGE_CURVE('',#4759,#2309,#5144,.T.);
#5146=ORIENTED_EDGE('',*,*,#5145,.F.);
#5147=EDGE_LOOP('',(#5138,#5139,#5140,#5146));
#5148=FACE_BOUND('',#5147,.T.);
#5149=ADVANCED_FACE('',(#5148),#5137,.F.);
#5150=CARTESIAN_POINT('',(38.077157483,-6.257142857,-24.75170949));
#5151=DIRECTION('',(0.,-1.,0.));
#5152=DIRECTION('',(-0.866025404,0.,-0.5));
#5153=AXIS2_PLACEMENT_3D('',#5150,#5151,#5152);
#5154=PLANE('',#5153);
#5155=ORIENTED_EDGE('',*,*,#4772,.T.);
#5156=ORIENTED_EDGE('',*,*,#5145,.T.);
#5157=ORIENTED_EDGE('',*,*,#2314,.T.);
#5158=CARTESIAN_POINT('',(38.331274856,-6.257142857,-24.906866468));
#5159=DIRECTION('',(0.866025404,0.,0.5));
#5160=VECTOR('',#5159,0.157506388);
#5161=LINE('',#5158,#5160);
#5162=EDGE_CURVE('',#4767,#2301,#5161,.T.);
#5163=ORIENTED_EDGE('',*,*,#5162,.F.);
#5164=EDGE_LOOP('',(#5155,#5156,#5157,#5163));
#5165=FACE_BOUND('',#5164,.T.);
#5166=ADVANCED_FACE('',(#5165),#5154,.F.);
#5167=CARTESIAN_POINT('',(38.207871769,-6.004285714,-24.978113274));
#5168=DIRECTION('',(0.5,0.,-0.866025404));
#5169=DIRECTION('',(-0.866025404,0.,-0.5));
#5170=AXIS2_PLACEMENT_3D('',#5167,#5168,#5169);
#5171=PLANE('',#5170);
#5172=ORIENTED_EDGE('',*,*,#4778,.T.);
#5173=ORIENTED_EDGE('',*,*,#5162,.T.);
#5174=ORIENTED_EDGE('',*,*,#2306,.T.);
#5175=ORIENTED_EDGE('',*,*,#5121,.F.);
#5176=EDGE_LOOP('',(#5172,#5173,#5174,#5175));
#5177=FACE_BOUND('',#5176,.T.);
#5178=ADVANCED_FACE('',(#5177),#5171,.F.);
#5179=CARTESIAN_POINT('',(37.652871769,4.542857143,-24.016825076));
#5180=DIRECTION('',(0.,1.,0.));
#5181=DIRECTION('',(0.866025404,0.,0.5));
#5182=AXIS2_PLACEMENT_3D('',#5179,#5180,#5181);
#5183=PLANE('',#5182);
#5184=ORIENTED_EDGE('',*,*,#4722,.T.);
#5185=CARTESIAN_POINT('',(37.902703428,4.542857143,-24.164558979));
#5186=DIRECTION('',(0.866025404,0.,0.5));
#5187=VECTOR('',#5186,0.157506388);
#5188=LINE('',#5185,#5187);
#5189=EDGE_CURVE('',#4717,#2257,#5188,.T.);
#5190=ORIENTED_EDGE('',*,*,#5189,.T.);
#5191=ORIENTED_EDGE('',*,*,#2264,.T.);
#5192=CARTESIAN_POINT('',(37.64556057,4.542857143,-23.719174486));
#5193=DIRECTION('',(0.866025404,0.,0.5));
#5194=VECTOR('',#5193,0.157506388);
#5195=LINE('',#5192,#5194);
#5196=EDGE_CURVE('',#4715,#2259,#5195,.T.);
#5197=ORIENTED_EDGE('',*,*,#5196,.F.);
#5198=EDGE_LOOP('',(#5184,#5190,#5191,#5197));
#5199=FACE_BOUND('',#5198,.T.);
#5200=ADVANCED_FACE('',(#5199),#5183,.F.);
#5201=CARTESIAN_POINT('',(37.522157483,4.29,-23.790421292));
#5202=DIRECTION('',(-0.5,0.,0.866025404));
#5203=DIRECTION('',(0.866025404,0.,0.5));
#5204=AXIS2_PLACEMENT_3D('',#5201,#5202,#5203);
#5205=PLANE('',#5204);
#5206=ORIENTED_EDGE('',*,*,#4730,.T.);
#5207=ORIENTED_EDGE('',*,*,#5196,.T.);
#5208=ORIENTED_EDGE('',*,*,#2286,.T.);
#5209=CARTESIAN_POINT('',(37.64556057,4.028571429,-23.719174486));
#5210=DIRECTION('',(0.866025404,0.,0.5));
#5211=VECTOR('',#5210,0.157506388);
#5212=LINE('',#5209,#5211);
#5213=EDGE_CURVE('',#4725,#2275,#5212,.T.);
#5214=ORIENTED_EDGE('',*,*,#5213,.F.);
#5215=EDGE_LOOP('',(#5206,#5207,#5208,#5214));
#5216=FACE_BOUND('',#5215,.T.);
#5217=ADVANCED_FACE('',(#5216),#5205,.F.);
#5218=CARTESIAN_POINT('',(37.648586054,4.028571429,-24.009402001));
#5219=DIRECTION('',(0.,-1.,0.));
#5220=DIRECTION('',(-0.866025404,0.,-0.5));
#5221=AXIS2_PLACEMENT_3D('',#5218,#5219,#5220);
#5222=PLANE('',#5221);
#5223=ORIENTED_EDGE('',*,*,#4738,.T.);
#5224=ORIENTED_EDGE('',*,*,#5213,.T.);
#5225=ORIENTED_EDGE('',*,*,#2280,.T.);
#5226=CARTESIAN_POINT('',(37.902703428,4.028571429,-24.164558979));
#5227=DIRECTION('',(0.866025404,0.,0.5));
#5228=VECTOR('',#5227,0.157506388);
#5229=LINE('',#5226,#5228);
#5230=EDGE_CURVE('',#4733,#2267,#5229,.T.);
#5231=ORIENTED_EDGE('',*,*,#5230,.F.);
#5232=EDGE_LOOP('',(#5223,#5224,#5225,#5231));
#5233=FACE_BOUND('',#5232,.T.);
#5234=ADVANCED_FACE('',(#5233),#5222,.F.);
#5235=CARTESIAN_POINT('',(37.77930034,4.281428571,-24.235805785));
#5236=DIRECTION('',(0.5,0.,-0.866025404));
#5237=DIRECTION('',(-0.866025404,0.,-0.5));
#5238=AXIS2_PLACEMENT_3D('',#5235,#5236,#5237);
#5239=PLANE('',#5238);
#5240=ORIENTED_EDGE('',*,*,#4744,.T.);
#5241=ORIENTED_EDGE('',*,*,#5230,.T.);
#5242=ORIENTED_EDGE('',*,*,#2272,.T.);
#5243=ORIENTED_EDGE('',*,*,#5189,.F.);
#5244=EDGE_LOOP('',(#5240,#5241,#5242,#5243));
#5245=FACE_BOUND('',#5244,.T.);
#5246=ADVANCED_FACE('',(#5245),#5239,.F.);
#5247=CARTESIAN_POINT('',(38.081443197,-4.028571429,-24.759132565));
#5248=DIRECTION('',(0.,1.,0.));
#5249=DIRECTION('',(0.866025404,0.,0.5));
#5250=AXIS2_PLACEMENT_3D('',#5247,#5248,#5249);
#5251=PLANE('',#5250);
#5252=ORIENTED_EDGE('',*,*,#4688,.T.);
#5253=CARTESIAN_POINT('',(38.331274856,-4.028571429,-24.906866468));
#5254=DIRECTION('',(0.866025404,0.,0.5));
#5255=VECTOR('',#5254,0.157506388);
#5256=LINE('',#5253,#5255);
#5257=EDGE_CURVE('',#4683,#2223,#5256,.T.);
#5258=ORIENTED_EDGE('',*,*,#5257,.T.);
#5259=ORIENTED_EDGE('',*,*,#2230,.T.);
#5260=CARTESIAN_POINT('',(38.074131999,-4.028571429,-24.461481975));
#5261=DIRECTION('',(0.866025404,0.,0.5));
#5262=VECTOR('',#5261,0.157506388);
#5263=LINE('',#5260,#5262);
#5264=EDGE_CURVE('',#4681,#2225,#5263,.T.);
#5265=ORIENTED_EDGE('',*,*,#5264,.F.);
#5266=EDGE_LOOP('',(#5252,#5258,#5259,#5265));
#5267=FACE_BOUND('',#5266,.T.);
#5268=ADVANCED_FACE('',(#5267),#5251,.F.);
#5269=CARTESIAN_POINT('',(37.950728911,-4.281428571,-24.532728781));
#5270=DIRECTION('',(-0.5,0.,0.866025404));
#5271=DIRECTION('',(0.866025404,0.,0.5));
#5272=AXIS2_PLACEMENT_3D('',#5269,#5270,#5271);
#5273=PLANE('',#5272);
#5274=ORIENTED_EDGE('',*,*,#4696,.T.);
#5275=ORIENTED_EDGE('',*,*,#5264,.T.);
#5276=ORIENTED_EDGE('',*,*,#2252,.T.);
#5277=CARTESIAN_POINT('',(38.074131999,-4.542857143,-24.461481975));
#5278=DIRECTION('',(0.866025404,0.,0.5));
#5279=VECTOR('',#5278,0.157506388);
#5280=LINE('',#5277,#5279);
#5281=EDGE_CURVE('',#4691,#2241,#5280,.T.);
#5282=ORIENTED_EDGE('',*,*,#5281,.F.);
#5283=EDGE_LOOP('',(#5274,#5275,#5276,#5282));
#5284=FACE_BOUND('',#5283,.T.);
#5285=ADVANCED_FACE('',(#5284),#5273,.F.);
#5286=CARTESIAN_POINT('',(38.077157483,-4.542857143,-24.75170949));
#5287=DIRECTION('',(0.,-1.,0.));
#5288=DIRECTION('',(-0.866025404,0.,-0.5));
#5289=AXIS2_PLACEMENT_3D('',#5286,#5287,#5288);
#5290=PLANE('',#5289);
#5291=ORIENTED_EDGE('',*,*,#4704,.T.);
#5292=ORIENTED_EDGE('',*,*,#5281,.T.);
#5293=ORIENTED_EDGE('',*,*,#2246,.T.);
#5294=CARTESIAN_POINT('',(38.331274856,-4.542857143,-24.906866468));
#5295=DIRECTION('',(0.866025404,0.,0.5));
#5296=VECTOR('',#5295,0.157506388);
#5297=LINE('',#5294,#5296);
#5298=EDGE_CURVE('',#4699,#2233,#5297,.T.);
#5299=ORIENTED_EDGE('',*,*,#5298,.F.);
#5300=EDGE_LOOP('',(#5291,#5292,#5293,#5299));
#5301=FACE_BOUND('',#5300,.T.);
#5302=ADVANCED_FACE('',(#5301),#5290,.F.);
#5303=CARTESIAN_POINT('',(38.207871769,-4.29,-24.978113274));
#5304=DIRECTION('',(0.5,0.,-0.866025404));
#5305=DIRECTION('',(-0.866025404,0.,-0.5));
#5306=AXIS2_PLACEMENT_3D('',#5303,#5304,#5305);
#5307=PLANE('',#5306);
#5308=ORIENTED_EDGE('',*,*,#4710,.T.);
#5309=ORIENTED_EDGE('',*,*,#5298,.T.);
#5310=ORIENTED_EDGE('',*,*,#2238,.T.);
#5311=ORIENTED_EDGE('',*,*,#5257,.F.);
#5312=EDGE_LOOP('',(#5308,#5309,#5310,#5311));
#5313=FACE_BOUND('',#5312,.T.);
#5314=ADVANCED_FACE('',(#5313),#5307,.F.);
#5315=CARTESIAN_POINT('',(38.081443197,-4.885714286,-24.759132565));
#5316=DIRECTION('',(0.,1.,0.));
#5317=DIRECTION('',(0.866025404,0.,0.5));
#5318=AXIS2_PLACEMENT_3D('',#5315,#5316,#5317);
#5319=PLANE('',#5318);
#5320=ORIENTED_EDGE('',*,*,#4654,.T.);
#5321=CARTESIAN_POINT('',(38.331274856,-4.885714286,-24.906866468));
#5322=DIRECTION('',(0.866025404,0.,0.5));
#5323=VECTOR('',#5322,0.157506388);
#5324=LINE('',#5321,#5323);
#5325=EDGE_CURVE('',#4649,#2189,#5324,.T.);
#5326=ORIENTED_EDGE('',*,*,#5325,.T.);
#5327=ORIENTED_EDGE('',*,*,#2196,.T.);
#5328=CARTESIAN_POINT('',(38.074131999,-4.885714286,-24.461481975));
#5329=DIRECTION('',(0.866025404,0.,0.5));
#5330=VECTOR('',#5329,0.157506388);
#5331=LINE('',#5328,#5330);
#5332=EDGE_CURVE('',#4647,#2191,#5331,.T.);
#5333=ORIENTED_EDGE('',*,*,#5332,.F.);
#5334=EDGE_LOOP('',(#5320,#5326,#5327,#5333));
#5335=FACE_BOUND('',#5334,.T.);
#5336=ADVANCED_FACE('',(#5335),#5319,.F.);
#5337=CARTESIAN_POINT('',(37.950728911,-5.138571429,-24.532728781));
#5338=DIRECTION('',(-0.5,0.,0.866025404));
#5339=DIRECTION('',(0.866025404,0.,0.5));
#5340=AXIS2_PLACEMENT_3D('',#5337,#5338,#5339);
#5341=PLANE('',#5340);
#5342=ORIENTED_EDGE('',*,*,#4662,.T.);
#5343=ORIENTED_EDGE('',*,*,#5332,.T.);
#5344=ORIENTED_EDGE('',*,*,#2218,.T.);
#5345=CARTESIAN_POINT('',(38.074131999,-5.4,-24.461481975));
#5346=DIRECTION('',(0.866025404,0.,0.5));
#5347=VECTOR('',#5346,0.157506388);
#5348=LINE('',#5345,#5347);
#5349=EDGE_CURVE('',#4657,#2207,#5348,.T.);
#5350=ORIENTED_EDGE('',*,*,#5349,.F.);
#5351=EDGE_LOOP('',(#5342,#5343,#5344,#5350));
#5352=FACE_BOUND('',#5351,.T.);
#5353=ADVANCED_FACE('',(#5352),#5341,.F.);
#5354=CARTESIAN_POINT('',(38.077157483,-5.4,-24.75170949));
#5355=DIRECTION('',(0.,-1.,0.));
#5356=DIRECTION('',(-0.866025404,0.,-0.5));
#5357=AXIS2_PLACEMENT_3D('',#5354,#5355,#5356);
#5358=PLANE('',#5357);
#5359=ORIENTED_EDGE('',*,*,#4670,.T.);
#5360=ORIENTED_EDGE('',*,*,#5349,.T.);
#5361=ORIENTED_EDGE('',*,*,#2212,.T.);
#5362=CARTESIAN_POINT('',(38.331274856,-5.4,-24.906866468));
#5363=DIRECTION('',(0.866025404,0.,0.5));
#5364=VECTOR('',#5363,0.157506388);
#5365=LINE('',#5362,#5364);
#5366=EDGE_CURVE('',#4665,#2199,#5365,.T.);
#5367=ORIENTED_EDGE('',*,*,#5366,.F.);
#5368=EDGE_LOOP('',(#5359,#5360,#5361,#5367));
#5369=FACE_BOUND('',#5368,.T.);
#5370=ADVANCED_FACE('',(#5369),#5358,.F.);
#5371=CARTESIAN_POINT('',(38.207871769,-5.147142857,-24.978113274));
#5372=DIRECTION('',(0.5,0.,-0.866025404));
#5373=DIRECTION('',(-0.866025404,0.,-0.5));
#5374=AXIS2_PLACEMENT_3D('',#5371,#5372,#5373);
#5375=PLANE('',#5374);
#5376=ORIENTED_EDGE('',*,*,#4676,.T.);
#5377=ORIENTED_EDGE('',*,*,#5366,.T.);
#5378=ORIENTED_EDGE('',*,*,#2204,.T.);
#5379=ORIENTED_EDGE('',*,*,#5325,.F.);
#5380=EDGE_LOOP('',(#5376,#5377,#5378,#5379));
#5381=FACE_BOUND('',#5380,.T.);
#5382=ADVANCED_FACE('',(#5381),#5375,.F.);
#5383=CARTESIAN_POINT('',(36.795728911,-10.028571429,-22.532210098));
#5384=DIRECTION('',(0.,1.,0.));
#5385=DIRECTION('',(0.866025404,0.,0.5));
#5386=AXIS2_PLACEMENT_3D('',#5383,#5384,#5385);
#5387=PLANE('',#5386);
#5388=ORIENTED_EDGE('',*,*,#4620,.T.);
#5389=CARTESIAN_POINT('',(37.04556057,-10.028571429,-22.679944001));
#5390=DIRECTION('',(0.866025404,0.,0.5));
#5391=VECTOR('',#5390,0.157506389);
#5392=LINE('',#5389,#5391);
#5393=EDGE_CURVE('',#4615,#2155,#5392,.T.);
#5394=ORIENTED_EDGE('',*,*,#5393,.T.);
#5395=ORIENTED_EDGE('',*,*,#2162,.T.);
#5396=CARTESIAN_POINT('',(36.788417713,-10.028571429,-22.234559508));
#5397=DIRECTION('',(0.866025404,0.,0.5));
#5398=VECTOR('',#5397,0.157506389);
#5399=LINE('',#5396,#5398);
#5400=EDGE_CURVE('',#4613,#2157,#5399,.T.);
#5401=ORIENTED_EDGE('',*,*,#5400,.F.);
#5402=EDGE_LOOP('',(#5388,#5394,#5395,#5401));
#5403=FACE_BOUND('',#5402,.T.);
#5404=ADVANCED_FACE('',(#5403),#5387,.F.);
#5405=CARTESIAN_POINT('',(36.665014626,-10.281428571,-22.305806314));
#5406=DIRECTION('',(-0.5,0.,0.866025404));
#5407=DIRECTION('',(0.866025404,0.,0.5));
#5408=AXIS2_PLACEMENT_3D('',#5405,#5406,#5407);
#5409=PLANE('',#5408);
#5410=ORIENTED_EDGE('',*,*,#4628,.T.);
#5411=ORIENTED_EDGE('',*,*,#5400,.T.);
#5412=ORIENTED_EDGE('',*,*,#2184,.T.);
#5413=CARTESIAN_POINT('',(36.788417713,-10.542857143,-22.234559508));
#5414=DIRECTION('',(0.866025404,0.,0.5));
#5415=VECTOR('',#5414,0.157506389);
#5416=LINE('',#5413,#5415);
#5417=EDGE_CURVE('',#4623,#2173,#5416,.T.);
#5418=ORIENTED_EDGE('',*,*,#5417,.F.);
#5419=EDGE_LOOP('',(#5410,#5411,#5412,#5418));
#5420=FACE_BOUND('',#5419,.T.);
#5421=ADVANCED_FACE('',(#5420),#5409,.F.);
#5422=CARTESIAN_POINT('',(36.791443197,-10.542857143,-22.524787023));
#5423=DIRECTION('',(0.,-1.,0.));
#5424=DIRECTION('',(-0.866025404,0.,-0.5));
#5425=AXIS2_PLACEMENT_3D('',#5422,#5423,#5424);
#5426=PLANE('',#5425);
#5427=ORIENTED_EDGE('',*,*,#4636,.T.);
#5428=ORIENTED_EDGE('',*,*,#5417,.T.);
#5429=ORIENTED_EDGE('',*,*,#2178,.T.);
#5430=CARTESIAN_POINT('',(37.04556057,-10.542857143,-22.679944001));
#5431=DIRECTION('',(0.866025404,0.,0.5));
#5432=VECTOR('',#5431,0.157506389);
#5433=LINE('',#5430,#5432);
#5434=EDGE_CURVE('',#4631,#2165,#5433,.T.);
#5435=ORIENTED_EDGE('',*,*,#5434,.F.);
#5436=EDGE_LOOP('',(#5427,#5428,#5429,#5435));
#5437=FACE_BOUND('',#5436,.T.);
#5438=ADVANCED_FACE('',(#5437),#5426,.F.);
#5439=CARTESIAN_POINT('',(36.922157483,-10.29,-22.751190807));
#5440=DIRECTION('',(0.5,0.,-0.866025404));
#5441=DIRECTION('',(-0.866025404,0.,-0.5));
#5442=AXIS2_PLACEMENT_3D('',#5439,#5440,#5441);
#5443=PLANE('',#5442);
#5444=ORIENTED_EDGE('',*,*,#4642,.T.);
#5445=ORIENTED_EDGE('',*,*,#5434,.T.);
#5446=ORIENTED_EDGE('',*,*,#2170,.T.);
#5447=ORIENTED_EDGE('',*,*,#5393,.F.);
#5448=EDGE_LOOP('',(#5444,#5445,#5446,#5447));
#5449=FACE_BOUND('',#5448,.T.);
#5450=ADVANCED_FACE('',(#5449),#5443,.F.);
#5451=CARTESIAN_POINT('',(38.081443197,5.4,-24.759132565));
#5452=DIRECTION('',(0.,1.,0.));
#5453=DIRECTION('',(0.866025404,0.,0.5));
#5454=AXIS2_PLACEMENT_3D('',#5451,#5452,#5453);
#5455=PLANE('',#5454);
#5456=ORIENTED_EDGE('',*,*,#4586,.T.);
#5457=CARTESIAN_POINT('',(38.331274856,5.4,-24.906866468));
#5458=DIRECTION('',(0.866025404,0.,0.5));
#5459=VECTOR('',#5458,0.157506388);
#5460=LINE('',#5457,#5459);
#5461=EDGE_CURVE('',#4581,#2121,#5460,.T.);
#5462=ORIENTED_EDGE('',*,*,#5461,.T.);
#5463=ORIENTED_EDGE('',*,*,#2128,.T.);
#5464=CARTESIAN_POINT('',(38.074131999,5.4,-24.461481975));
#5465=DIRECTION('',(0.866025404,0.,0.5));
#5466=VECTOR('',#5465,0.157506388);
#5467=LINE('',#5464,#5466);
#5468=EDGE_CURVE('',#4579,#2123,#5467,.T.);
#5469=ORIENTED_EDGE('',*,*,#5468,.F.);
#5470=EDGE_LOOP('',(#5456,#5462,#5463,#5469));
#5471=FACE_BOUND('',#5470,.T.);
#5472=ADVANCED_FACE('',(#5471),#5455,.F.);
#5473=CARTESIAN_POINT('',(37.950728911,5.147142857,-24.532728781));
#5474=DIRECTION('',(-0.5,0.,0.866025404));
#5475=DIRECTION('',(0.866025404,0.,0.5));
#5476=AXIS2_PLACEMENT_3D('',#5473,#5474,#5475);
#5477=PLANE('',#5476);
#5478=ORIENTED_EDGE('',*,*,#4594,.T.);
#5479=ORIENTED_EDGE('',*,*,#5468,.T.);
#5480=ORIENTED_EDGE('',*,*,#2150,.T.);
#5481=CARTESIAN_POINT('',(38.074131999,4.885714286,-24.461481975));
#5482=DIRECTION('',(0.866025404,0.,0.5));
#5483=VECTOR('',#5482,0.157506388);
#5484=LINE('',#5481,#5483);
#5485=EDGE_CURVE('',#4589,#2139,#5484,.T.);
#5486=ORIENTED_EDGE('',*,*,#5485,.F.);
#5487=EDGE_LOOP('',(#5478,#5479,#5480,#5486));
#5488=FACE_BOUND('',#5487,.T.);
#5489=ADVANCED_FACE('',(#5488),#5477,.F.);
#5490=CARTESIAN_POINT('',(38.077157483,4.885714286,-24.75170949));
#5491=DIRECTION('',(0.,-1.,0.));
#5492=DIRECTION('',(-0.866025404,0.,-0.5));
#5493=AXIS2_PLACEMENT_3D('',#5490,#5491,#5492);
#5494=PLANE('',#5493);
#5495=ORIENTED_EDGE('',*,*,#4602,.T.);
#5496=ORIENTED_EDGE('',*,*,#5485,.T.);
#5497=ORIENTED_EDGE('',*,*,#2144,.T.);
#5498=CARTESIAN_POINT('',(38.331274856,4.885714286,-24.906866468));
#5499=DIRECTION('',(0.866025404,0.,0.5));
#5500=VECTOR('',#5499,0.157506388);
#5501=LINE('',#5498,#5500);
#5502=EDGE_CURVE('',#4597,#2131,#5501,.T.);
#5503=ORIENTED_EDGE('',*,*,#5502,.F.);
#5504=EDGE_LOOP('',(#5495,#5496,#5497,#5503));
#5505=FACE_BOUND('',#5504,.T.);
#5506=ADVANCED_FACE('',(#5505),#5494,.F.);
#5507=CARTESIAN_POINT('',(38.207871769,5.138571429,-24.978113274));
#5508=DIRECTION('',(0.5,0.,-0.866025404));
#5509=DIRECTION('',(-0.866025404,0.,-0.5));
#5510=AXIS2_PLACEMENT_3D('',#5507,#5508,#5509);
#5511=PLANE('',#5510);
#5512=ORIENTED_EDGE('',*,*,#4608,.T.);
#5513=ORIENTED_EDGE('',*,*,#5502,.T.);
#5514=ORIENTED_EDGE('',*,*,#2136,.T.);
#5515=ORIENTED_EDGE('',*,*,#5461,.F.);
#5516=EDGE_LOOP('',(#5512,#5513,#5514,#5515));
#5517=FACE_BOUND('',#5516,.T.);
#5518=ADVANCED_FACE('',(#5517),#5511,.F.);
#5519=CARTESIAN_POINT('',(37.22430034,-3.171428571,-23.274517587));
#5520=DIRECTION('',(0.,1.,0.));
#5521=DIRECTION('',(0.866025404,0.,0.5));
#5522=AXIS2_PLACEMENT_3D('',#5519,#5520,#5521);
#5523=PLANE('',#5522);
#5524=ORIENTED_EDGE('',*,*,#4552,.T.);
#5525=CARTESIAN_POINT('',(37.474131999,-3.171428571,-23.42225149));
#5526=DIRECTION('',(0.866025404,0.,0.5));
#5527=VECTOR('',#5526,0.157506388);
#5528=LINE('',#5525,#5527);
#5529=EDGE_CURVE('',#4547,#2087,#5528,.T.);
#5530=ORIENTED_EDGE('',*,*,#5529,.T.);
#5531=ORIENTED_EDGE('',*,*,#2094,.T.);
#5532=CARTESIAN_POINT('',(37.216989142,-3.171428571,-22.976866997));
#5533=DIRECTION('',(0.866025404,0.,0.5));
#5534=VECTOR('',#5533,0.157506388);
#5535=LINE('',#5532,#5534);
#5536=EDGE_CURVE('',#4545,#2089,#5535,.T.);
#5537=ORIENTED_EDGE('',*,*,#5536,.F.);
#5538=EDGE_LOOP('',(#5524,#5530,#5531,#5537));
#5539=FACE_BOUND('',#5538,.T.);
#5540=ADVANCED_FACE('',(#5539),#5523,.F.);
#5541=CARTESIAN_POINT('',(37.093586054,-3.424285714,-23.048113803));
#5542=DIRECTION('',(-0.5,0.,0.866025404));
#5543=DIRECTION('',(0.866025404,0.,0.5));
#5544=AXIS2_PLACEMENT_3D('',#5541,#5542,#5543);
#5545=PLANE('',#5544);
#5546=ORIENTED_EDGE('',*,*,#4560,.T.);
#5547=ORIENTED_EDGE('',*,*,#5536,.T.);
#5548=ORIENTED_EDGE('',*,*,#2116,.T.);
#5549=CARTESIAN_POINT('',(37.216989142,-3.685714286,-22.976866997));
#5550=DIRECTION('',(0.866025404,0.,0.5));
#5551=VECTOR('',#5550,0.157506388);
#5552=LINE('',#5549,#5551);
#5553=EDGE_CURVE('',#4555,#2105,#5552,.T.);
#5554=ORIENTED_EDGE('',*,*,#5553,.F.);
#5555=EDGE_LOOP('',(#5546,#5547,#5548,#5554));
#5556=FACE_BOUND('',#5555,.T.);
#5557=ADVANCED_FACE('',(#5556),#5545,.F.);
#5558=CARTESIAN_POINT('',(37.220014626,-3.685714286,-23.267094512));
#5559=DIRECTION('',(0.,-1.,0.));
#5560=DIRECTION('',(-0.866025404,0.,-0.5));
#5561=AXIS2_PLACEMENT_3D('',#5558,#5559,#5560);
#5562=PLANE('',#5561);
#5563=ORIENTED_EDGE('',*,*,#4568,.T.);
#5564=ORIENTED_EDGE('',*,*,#5553,.T.);
#5565=ORIENTED_EDGE('',*,*,#2110,.T.);
#5566=CARTESIAN_POINT('',(37.474131999,-3.685714286,-23.42225149));
#5567=DIRECTION('',(0.866025404,0.,0.5));
#5568=VECTOR('',#5567,0.157506388);
#5569=LINE('',#5566,#5568);
#5570=EDGE_CURVE('',#4563,#2097,#5569,.T.);
#5571=ORIENTED_EDGE('',*,*,#5570,.F.);
#5572=EDGE_LOOP('',(#5563,#5564,#5565,#5571));
#5573=FACE_BOUND('',#5572,.T.);
#5574=ADVANCED_FACE('',(#5573),#5562,.F.);
#5575=CARTESIAN_POINT('',(37.350728911,-3.432857143,-23.493498296));
#5576=DIRECTION('',(0.5,0.,-0.866025404));
#5577=DIRECTION('',(-0.866025404,0.,-0.5));
#5578=AXIS2_PLACEMENT_3D('',#5575,#5576,#5577);
#5579=PLANE('',#5578);
#5580=ORIENTED_EDGE('',*,*,#4574,.T.);
#5581=ORIENTED_EDGE('',*,*,#5570,.T.);
#5582=ORIENTED_EDGE('',*,*,#2102,.T.);
#5583=ORIENTED_EDGE('',*,*,#5529,.F.);
#5584=EDGE_LOOP('',(#5580,#5581,#5582,#5583));
#5585=FACE_BOUND('',#5584,.T.);
#5586=ADVANCED_FACE('',(#5585),#5579,.F.);
#5587=CARTESIAN_POINT('',(37.652871769,10.542857143,-24.016825076));
#5588=DIRECTION('',(0.,1.,0.));
#5589=DIRECTION('',(0.866025404,0.,0.5));
#5590=AXIS2_PLACEMENT_3D('',#5587,#5588,#5589);
#5591=PLANE('',#5590);
#5592=ORIENTED_EDGE('',*,*,#4518,.T.);
#5593=CARTESIAN_POINT('',(37.902703428,10.542857143,-24.164558979));
#5594=DIRECTION('',(0.866025404,0.,0.5));
#5595=VECTOR('',#5594,0.157506388);
#5596=LINE('',#5593,#5595);
#5597=EDGE_CURVE('',#4513,#2053,#5596,.T.);
#5598=ORIENTED_EDGE('',*,*,#5597,.T.);
#5599=ORIENTED_EDGE('',*,*,#2060,.T.);
#5600=CARTESIAN_POINT('',(37.64556057,10.542857143,-23.719174486));
#5601=DIRECTION('',(0.866025404,0.,0.5));
#5602=VECTOR('',#5601,0.157506388);
#5603=LINE('',#5600,#5602);
#5604=EDGE_CURVE('',#4511,#2055,#5603,.T.);
#5605=ORIENTED_EDGE('',*,*,#5604,.F.);
#5606=EDGE_LOOP('',(#5592,#5598,#5599,#5605));
#5607=FACE_BOUND('',#5606,.T.);
#5608=ADVANCED_FACE('',(#5607),#5591,.F.);
#5609=CARTESIAN_POINT('',(37.522157483,10.29,-23.790421292));
#5610=DIRECTION('',(-0.5,0.,0.866025404));
#5611=DIRECTION('',(0.866025404,0.,0.5));
#5612=AXIS2_PLACEMENT_3D('',#5609,#5610,#5611);
#5613=PLANE('',#5612);
#5614=ORIENTED_EDGE('',*,*,#4526,.T.);
#5615=ORIENTED_EDGE('',*,*,#5604,.T.);
#5616=ORIENTED_EDGE('',*,*,#2082,.T.);
#5617=CARTESIAN_POINT('',(37.64556057,10.028571429,-23.719174486));
#5618=DIRECTION('',(0.866025404,0.,0.5));
#5619=VECTOR('',#5618,0.157506388);
#5620=LINE('',#5617,#5619);
#5621=EDGE_CURVE('',#4521,#2071,#5620,.T.);
#5622=ORIENTED_EDGE('',*,*,#5621,.F.);
#5623=EDGE_LOOP('',(#5614,#5615,#5616,#5622));
#5624=FACE_BOUND('',#5623,.T.);
#5625=ADVANCED_FACE('',(#5624),#5613,.F.);
#5626=CARTESIAN_POINT('',(37.648586054,10.028571429,-24.009402001));
#5627=DIRECTION('',(0.,-1.,0.));
#5628=DIRECTION('',(-0.866025404,0.,-0.5));
#5629=AXIS2_PLACEMENT_3D('',#5626,#5627,#5628);
#5630=PLANE('',#5629);
#5631=ORIENTED_EDGE('',*,*,#4534,.T.);
#5632=ORIENTED_EDGE('',*,*,#5621,.T.);
#5633=ORIENTED_EDGE('',*,*,#2076,.T.);
#5634=CARTESIAN_POINT('',(37.902703428,10.028571429,-24.164558979));
#5635=DIRECTION('',(0.866025404,0.,0.5));
#5636=VECTOR('',#5635,0.157506388);
#5637=LINE('',#5634,#5636);
#5638=EDGE_CURVE('',#4529,#2063,#5637,.T.);
#5639=ORIENTED_EDGE('',*,*,#5638,.F.);
#5640=EDGE_LOOP('',(#5631,#5632,#5633,#5639));
#5641=FACE_BOUND('',#5640,.T.);
#5642=ADVANCED_FACE('',(#5641),#5630,.F.);
#5643=CARTESIAN_POINT('',(37.77930034,10.281428571,-24.235805785));
#5644=DIRECTION('',(0.5,0.,-0.866025404));
#5645=DIRECTION('',(-0.866025404,0.,-0.5));
#5646=AXIS2_PLACEMENT_3D('',#5643,#5644,#5645);
#5647=PLANE('',#5646);
#5648=ORIENTED_EDGE('',*,*,#4540,.T.);
#5649=ORIENTED_EDGE('',*,*,#5638,.T.);
#5650=ORIENTED_EDGE('',*,*,#2068,.T.);
#5651=ORIENTED_EDGE('',*,*,#5597,.F.);
#5652=EDGE_LOOP('',(#5648,#5649,#5650,#5651));
#5653=FACE_BOUND('',#5652,.T.);
#5654=ADVANCED_FACE('',(#5653),#5647,.F.);
#5655=CARTESIAN_POINT('',(38.510014626,0.257142857,-25.501440054));
#5656=DIRECTION('',(0.,1.,0.));
#5657=DIRECTION('',(0.866025404,0.,0.5));
#5658=AXIS2_PLACEMENT_3D('',#5655,#5656,#5657);
#5659=PLANE('',#5658);
#5660=ORIENTED_EDGE('',*,*,#4484,.T.);
#5661=CARTESIAN_POINT('',(38.759846285,0.257142857,-25.649173957));
#5662=DIRECTION('',(0.866025404,0.,0.5));
#5663=VECTOR('',#5662,0.157506388);
#5664=LINE('',#5661,#5663);
#5665=EDGE_CURVE('',#4479,#2019,#5664,.T.);
#5666=ORIENTED_EDGE('',*,*,#5665,.T.);
#5667=ORIENTED_EDGE('',*,*,#2026,.T.);
#5668=CARTESIAN_POINT('',(38.502703428,0.257142857,-25.203789464));
#5669=DIRECTION('',(0.866025404,0.,0.5));
#5670=VECTOR('',#5669,0.157506388);
#5671=LINE('',#5668,#5670);
#5672=EDGE_CURVE('',#4477,#2021,#5671,.T.);
#5673=ORIENTED_EDGE('',*,*,#5672,.F.);
#5674=EDGE_LOOP('',(#5660,#5666,#5667,#5673));
#5675=FACE_BOUND('',#5674,.T.);
#5676=ADVANCED_FACE('',(#5675),#5659,.F.);
#5677=CARTESIAN_POINT('',(38.37930034,0.004285714,-25.27503627));
#5678=DIRECTION('',(-0.5,0.,0.866025404));
#5679=DIRECTION('',(0.866025404,0.,0.5));
#5680=AXIS2_PLACEMENT_3D('',#5677,#5678,#5679);
#5681=PLANE('',#5680);
#5682=ORIENTED_EDGE('',*,*,#4492,.T.);
#5683=ORIENTED_EDGE('',*,*,#5672,.T.);
#5684=ORIENTED_EDGE('',*,*,#2048,.T.);
#5685=CARTESIAN_POINT('',(38.502703428,-0.257142857,-25.203789464));
#5686=DIRECTION('',(0.866025404,0.,0.5));
#5687=VECTOR('',#5686,0.157506388);
#5688=LINE('',#5685,#5687);
#5689=EDGE_CURVE('',#4487,#2037,#5688,.T.);
#5690=ORIENTED_EDGE('',*,*,#5689,.F.);
#5691=EDGE_LOOP('',(#5682,#5683,#5684,#5690));
#5692=FACE_BOUND('',#5691,.T.);
#5693=ADVANCED_FACE('',(#5692),#5681,.F.);
#5694=CARTESIAN_POINT('',(38.505728911,-0.257142857,-25.494016979));
#5695=DIRECTION('',(0.,-1.,0.));
#5696=DIRECTION('',(-0.866025404,0.,-0.5));
#5697=AXIS2_PLACEMENT_3D('',#5694,#5695,#5696);
#5698=PLANE('',#5697);
#5699=ORIENTED_EDGE('',*,*,#4500,.T.);
#5700=ORIENTED_EDGE('',*,*,#5689,.T.);
#5701=ORIENTED_EDGE('',*,*,#2042,.T.);
#5702=CARTESIAN_POINT('',(38.759846285,-0.257142857,-25.649173957));
#5703=DIRECTION('',(0.866025404,0.,0.5));
#5704=VECTOR('',#5703,0.157506388);
#5705=LINE('',#5702,#5704);
#5706=EDGE_CURVE('',#4495,#2029,#5705,.T.);
#5707=ORIENTED_EDGE('',*,*,#5706,.F.);
#5708=EDGE_LOOP('',(#5699,#5700,#5701,#5707));
#5709=FACE_BOUND('',#5708,.T.);
#5710=ADVANCED_FACE('',(#5709),#5698,.F.);
#5711=CARTESIAN_POINT('',(38.636443197,-0.004285714,-25.720420763));
#5712=DIRECTION('',(0.5,0.,-0.866025404));
#5713=DIRECTION('',(-0.866025404,0.,-0.5));
#5714=AXIS2_PLACEMENT_3D('',#5711,#5712,#5713);
#5715=PLANE('',#5714);
#5716=ORIENTED_EDGE('',*,*,#4506,.T.);
#5717=ORIENTED_EDGE('',*,*,#5706,.T.);
#5718=ORIENTED_EDGE('',*,*,#2034,.T.);
#5719=ORIENTED_EDGE('',*,*,#5665,.F.);
#5720=EDGE_LOOP('',(#5716,#5717,#5718,#5719));
#5721=FACE_BOUND('',#5720,.T.);
#5722=ADVANCED_FACE('',(#5721),#5715,.F.);
#5723=CARTESIAN_POINT('',(35.510014626,5.4,-20.305287631));
#5724=DIRECTION('',(0.,1.,0.));
#5725=DIRECTION('',(0.866025404,0.,0.5));
#5726=AXIS2_PLACEMENT_3D('',#5723,#5724,#5725);
#5727=PLANE('',#5726);
#5728=ORIENTED_EDGE('',*,*,#4450,.T.);
#5729=CARTESIAN_POINT('',(35.759846284,5.4,-20.453021535));
#5730=DIRECTION('',(0.866025404,0.,0.5));
#5731=VECTOR('',#5730,0.157506389);
#5732=LINE('',#5729,#5731);
#5733=EDGE_CURVE('',#4445,#1985,#5732,.T.);
#5734=ORIENTED_EDGE('',*,*,#5733,.T.);
#5735=ORIENTED_EDGE('',*,*,#1992,.T.);
#5736=CARTESIAN_POINT('',(35.502703427,5.4,-20.007637041));
#5737=DIRECTION('',(0.866025404,0.,0.5));
#5738=VECTOR('',#5737,0.157506389);
#5739=LINE('',#5736,#5738);
#5740=EDGE_CURVE('',#4443,#1987,#5739,.T.);
#5741=ORIENTED_EDGE('',*,*,#5740,.F.);
#5742=EDGE_LOOP('',(#5728,#5734,#5735,#5741));
#5743=FACE_BOUND('',#5742,.T.);
#5744=ADVANCED_FACE('',(#5743),#5727,.F.);
#5745=CARTESIAN_POINT('',(35.37930034,5.147142857,-20.078883847));
#5746=DIRECTION('',(-0.5,0.,0.866025404));
#5747=DIRECTION('',(0.866025404,0.,0.5));
#5748=AXIS2_PLACEMENT_3D('',#5745,#5746,#5747);
#5749=PLANE('',#5748);
#5750=ORIENTED_EDGE('',*,*,#4458,.T.);
#5751=ORIENTED_EDGE('',*,*,#5740,.T.);
#5752=ORIENTED_EDGE('',*,*,#2014,.T.);
#5753=CARTESIAN_POINT('',(35.502703427,4.885714286,-20.007637041));
#5754=DIRECTION('',(0.866025404,0.,0.5));
#5755=VECTOR('',#5754,0.157506389);
#5756=LINE('',#5753,#5755);
#5757=EDGE_CURVE('',#4453,#2003,#5756,.T.);
#5758=ORIENTED_EDGE('',*,*,#5757,.F.);
#5759=EDGE_LOOP('',(#5750,#5751,#5752,#5758));
#5760=FACE_BOUND('',#5759,.T.);
#5761=ADVANCED_FACE('',(#5760),#5749,.F.);
#5762=CARTESIAN_POINT('',(35.505728911,4.885714286,-20.297864556));
#5763=DIRECTION('',(0.,-1.,0.));
#5764=DIRECTION('',(-0.866025404,0.,-0.5));
#5765=AXIS2_PLACEMENT_3D('',#5762,#5763,#5764);
#5766=PLANE('',#5765);
#5767=ORIENTED_EDGE('',*,*,#4466,.T.);
#5768=ORIENTED_EDGE('',*,*,#5757,.T.);
#5769=ORIENTED_EDGE('',*,*,#2008,.T.);
#5770=CARTESIAN_POINT('',(35.759846284,4.885714286,-20.453021535));
#5771=DIRECTION('',(0.866025404,0.,0.5));
#5772=VECTOR('',#5771,0.157506389);
#5773=LINE('',#5770,#5772);
#5774=EDGE_CURVE('',#4461,#1995,#5773,.T.);
#5775=ORIENTED_EDGE('',*,*,#5774,.F.);
#5776=EDGE_LOOP('',(#5767,#5768,#5769,#5775));
#5777=FACE_BOUND('',#5776,.T.);
#5778=ADVANCED_FACE('',(#5777),#5766,.F.);
#5779=CARTESIAN_POINT('',(35.636443197,5.138571429,-20.52426834));
#5780=DIRECTION('',(0.5,0.,-0.866025404));
#5781=DIRECTION('',(-0.866025404,0.,-0.5));
#5782=AXIS2_PLACEMENT_3D('',#5779,#5780,#5781);
#5783=PLANE('',#5782);
#5784=ORIENTED_EDGE('',*,*,#4472,.T.);
#5785=ORIENTED_EDGE('',*,*,#5774,.T.);
#5786=ORIENTED_EDGE('',*,*,#2000,.T.);
#5787=ORIENTED_EDGE('',*,*,#5733,.F.);
#5788=EDGE_LOOP('',(#5784,#5785,#5786,#5787));
#5789=FACE_BOUND('',#5788,.T.);
#5790=ADVANCED_FACE('',(#5789),#5783,.F.);
#5791=CARTESIAN_POINT('',(36.367157483,7.114285714,-21.789902609));
#5792=DIRECTION('',(0.,1.,0.));
#5793=DIRECTION('',(0.866025404,0.,0.5));
#5794=AXIS2_PLACEMENT_3D('',#5791,#5792,#5793);
#5795=PLANE('',#5794);
#5796=ORIENTED_EDGE('',*,*,#4416,.T.);
#5797=CARTESIAN_POINT('',(36.616989142,7.114285714,-21.937636512));
#5798=DIRECTION('',(0.866025404,0.,0.5));
#5799=VECTOR('',#5798,0.157506389);
#5800=LINE('',#5797,#5799);
#5801=EDGE_CURVE('',#4411,#1951,#5800,.T.);
#5802=ORIENTED_EDGE('',*,*,#5801,.T.);
#5803=ORIENTED_EDGE('',*,*,#1958,.T.);
#5804=CARTESIAN_POINT('',(36.359846284,7.114285714,-21.492252019));
#5805=DIRECTION('',(0.866025404,0.,0.5));
#5806=VECTOR('',#5805,0.157506389);
#5807=LINE('',#5804,#5806);
#5808=EDGE_CURVE('',#4409,#1953,#5807,.T.);
#5809=ORIENTED_EDGE('',*,*,#5808,.F.);
#5810=EDGE_LOOP('',(#5796,#5802,#5803,#5809));
#5811=FACE_BOUND('',#5810,.T.);
#5812=ADVANCED_FACE('',(#5811),#5795,.F.);
#5813=CARTESIAN_POINT('',(36.236443197,6.861428571,-21.563498825));
#5814=DIRECTION('',(-0.5,0.,0.866025404));
#5815=DIRECTION('',(0.866025404,0.,0.5));
#5816=AXIS2_PLACEMENT_3D('',#5813,#5814,#5815);
#5817=PLANE('',#5816);
#5818=ORIENTED_EDGE('',*,*,#4424,.T.);
#5819=ORIENTED_EDGE('',*,*,#5808,.T.);
#5820=ORIENTED_EDGE('',*,*,#1980,.T.);
#5821=CARTESIAN_POINT('',(36.359846284,6.6,-21.492252019));
#5822=DIRECTION('',(0.866025404,0.,0.5));
#5823=VECTOR('',#5822,0.157506389);
#5824=LINE('',#5821,#5823);
#5825=EDGE_CURVE('',#4419,#1969,#5824,.T.);
#5826=ORIENTED_EDGE('',*,*,#5825,.F.);
#5827=EDGE_LOOP('',(#5818,#5819,#5820,#5826));
#5828=FACE_BOUND('',#5827,.T.);
#5829=ADVANCED_FACE('',(#5828),#5817,.F.);
#5830=CARTESIAN_POINT('',(36.362871769,6.6,-21.782479534));
#5831=DIRECTION('',(0.,-1.,0.));
#5832=DIRECTION('',(-0.866025404,0.,-0.5));
#5833=AXIS2_PLACEMENT_3D('',#5830,#5831,#5832);
#5834=PLANE('',#5833);
#5835=ORIENTED_EDGE('',*,*,#4432,.T.);
#5836=ORIENTED_EDGE('',*,*,#5825,.T.);
#5837=ORIENTED_EDGE('',*,*,#1974,.T.);
#5838=CARTESIAN_POINT('',(36.616989142,6.6,-21.937636512));
#5839=DIRECTION('',(0.866025404,0.,0.5));
#5840=VECTOR('',#5839,0.157506389);
#5841=LINE('',#5838,#5840);
#5842=EDGE_CURVE('',#4427,#1961,#5841,.T.);
#5843=ORIENTED_EDGE('',*,*,#5842,.F.);
#5844=EDGE_LOOP('',(#5835,#5836,#5837,#5843));
#5845=FACE_BOUND('',#5844,.T.);
#5846=ADVANCED_FACE('',(#5845),#5834,.F.);
#5847=CARTESIAN_POINT('',(36.493586054,6.852857143,-22.008883318));
#5848=DIRECTION('',(0.5,0.,-0.866025404));
#5849=DIRECTION('',(-0.866025404,0.,-0.5));
#5850=AXIS2_PLACEMENT_3D('',#5847,#5848,#5849);
#5851=PLANE('',#5850);
#5852=ORIENTED_EDGE('',*,*,#4438,.T.);
#5853=ORIENTED_EDGE('',*,*,#5842,.T.);
#5854=ORIENTED_EDGE('',*,*,#1966,.T.);
#5855=ORIENTED_EDGE('',*,*,#5801,.F.);
#5856=EDGE_LOOP('',(#5852,#5853,#5854,#5855));
#5857=FACE_BOUND('',#5856,.T.);
#5858=ADVANCED_FACE('',(#5857),#5851,.F.);
#5859=CARTESIAN_POINT('',(38.081443197,12.257142857,-24.759132565));
#5860=DIRECTION('',(0.,1.,0.));
#5861=DIRECTION('',(0.866025404,0.,0.5));
#5862=AXIS2_PLACEMENT_3D('',#5859,#5860,#5861);
#5863=PLANE('',#5862);
#5864=ORIENTED_EDGE('',*,*,#4382,.T.);
#5865=CARTESIAN_POINT('',(38.331274856,12.257142857,-24.906866468));
#5866=DIRECTION('',(0.866025404,0.,0.5));
#5867=VECTOR('',#5866,0.157506388);
#5868=LINE('',#5865,#5867);
#5869=EDGE_CURVE('',#4377,#1917,#5868,.T.);
#5870=ORIENTED_EDGE('',*,*,#5869,.T.);
#5871=ORIENTED_EDGE('',*,*,#1924,.T.);
#5872=CARTESIAN_POINT('',(38.074131999,12.257142857,-24.461481975));
#5873=DIRECTION('',(0.866025404,0.,0.5));
#5874=VECTOR('',#5873,0.157506388);
#5875=LINE('',#5872,#5874);
#5876=EDGE_CURVE('',#4375,#1919,#5875,.T.);
#5877=ORIENTED_EDGE('',*,*,#5876,.F.);
#5878=EDGE_LOOP('',(#5864,#5870,#5871,#5877));
#5879=FACE_BOUND('',#5878,.T.);
#5880=ADVANCED_FACE('',(#5879),#5863,.F.);
#5881=CARTESIAN_POINT('',(37.950728911,12.004285714,-24.532728781));
#5882=DIRECTION('',(-0.5,0.,0.866025404));
#5883=DIRECTION('',(0.866025404,0.,0.5));
#5884=AXIS2_PLACEMENT_3D('',#5881,#5882,#5883);
#5885=PLANE('',#5884);
#5886=ORIENTED_EDGE('',*,*,#4390,.T.);
#5887=ORIENTED_EDGE('',*,*,#5876,.T.);
#5888=ORIENTED_EDGE('',*,*,#1946,.T.);
#5889=CARTESIAN_POINT('',(38.074131999,11.742857143,-24.461481975));
#5890=DIRECTION('',(0.866025404,0.,0.5));
#5891=VECTOR('',#5890,0.157506388);
#5892=LINE('',#5889,#5891);
#5893=EDGE_CURVE('',#4385,#1935,#5892,.T.);
#5894=ORIENTED_EDGE('',*,*,#5893,.F.);
#5895=EDGE_LOOP('',(#5886,#5887,#5888,#5894));
#5896=FACE_BOUND('',#5895,.T.);
#5897=ADVANCED_FACE('',(#5896),#5885,.F.);
#5898=CARTESIAN_POINT('',(38.077157483,11.742857143,-24.75170949));
#5899=DIRECTION('',(0.,-1.,0.));
#5900=DIRECTION('',(-0.866025404,0.,-0.5));
#5901=AXIS2_PLACEMENT_3D('',#5898,#5899,#5900);
#5902=PLANE('',#5901);
#5903=ORIENTED_EDGE('',*,*,#4398,.T.);
#5904=ORIENTED_EDGE('',*,*,#5893,.T.);
#5905=ORIENTED_EDGE('',*,*,#1940,.T.);
#5906=CARTESIAN_POINT('',(38.331274856,11.742857143,-24.906866468));
#5907=DIRECTION('',(0.866025404,0.,0.5));
#5908=VECTOR('',#5907,0.157506388);
#5909=LINE('',#5906,#5908);
#5910=EDGE_CURVE('',#4393,#1927,#5909,.T.);
#5911=ORIENTED_EDGE('',*,*,#5910,.F.);
#5912=EDGE_LOOP('',(#5903,#5904,#5905,#5911));
#5913=FACE_BOUND('',#5912,.T.);
#5914=ADVANCED_FACE('',(#5913),#5902,.F.);
#5915=CARTESIAN_POINT('',(38.207871769,11.995714286,-24.978113274));
#5916=DIRECTION('',(0.5,0.,-0.866025404));
#5917=DIRECTION('',(-0.866025404,0.,-0.5));
#5918=AXIS2_PLACEMENT_3D('',#5915,#5916,#5917);
#5919=PLANE('',#5918);
#5920=ORIENTED_EDGE('',*,*,#4404,.T.);
#5921=ORIENTED_EDGE('',*,*,#5910,.T.);
#5922=ORIENTED_EDGE('',*,*,#1932,.T.);
#5923=ORIENTED_EDGE('',*,*,#5869,.F.);
#5924=EDGE_LOOP('',(#5920,#5921,#5922,#5923));
#5925=FACE_BOUND('',#5924,.T.);
#5926=ADVANCED_FACE('',(#5925),#5919,.F.);
#5927=CARTESIAN_POINT('',(36.795728911,-10.885714286,-22.532210098));
#5928=DIRECTION('',(0.,1.,0.));
#5929=DIRECTION('',(0.866025404,0.,0.5));
#5930=AXIS2_PLACEMENT_3D('',#5927,#5928,#5929);
#5931=PLANE('',#5930);
#5932=ORIENTED_EDGE('',*,*,#4348,.T.);
#5933=CARTESIAN_POINT('',(37.04556057,-10.885714286,-22.679944001));
#5934=DIRECTION('',(0.866025404,0.,0.5));
#5935=VECTOR('',#5934,0.157506389);
#5936=LINE('',#5933,#5935);
#5937=EDGE_CURVE('',#4343,#1883,#5936,.T.);
#5938=ORIENTED_EDGE('',*,*,#5937,.T.);
#5939=ORIENTED_EDGE('',*,*,#1890,.T.);
#5940=CARTESIAN_POINT('',(36.788417713,-10.885714286,-22.234559508));
#5941=DIRECTION('',(0.866025404,0.,0.5));
#5942=VECTOR('',#5941,0.157506389);
#5943=LINE('',#5940,#5942);
#5944=EDGE_CURVE('',#4341,#1885,#5943,.T.);
#5945=ORIENTED_EDGE('',*,*,#5944,.F.);
#5946=EDGE_LOOP('',(#5932,#5938,#5939,#5945));
#5947=FACE_BOUND('',#5946,.T.);
#5948=ADVANCED_FACE('',(#5947),#5931,.F.);
#5949=CARTESIAN_POINT('',(36.665014626,-11.138571429,-22.305806314));
#5950=DIRECTION('',(-0.5,0.,0.866025404));
#5951=DIRECTION('',(0.866025404,0.,0.5));
#5952=AXIS2_PLACEMENT_3D('',#5949,#5950,#5951);
#5953=PLANE('',#5952);
#5954=ORIENTED_EDGE('',*,*,#4356,.T.);
#5955=ORIENTED_EDGE('',*,*,#5944,.T.);
#5956=ORIENTED_EDGE('',*,*,#1912,.T.);
#5957=CARTESIAN_POINT('',(36.788417713,-11.4,-22.234559508));
#5958=DIRECTION('',(0.866025404,0.,0.5));
#5959=VECTOR('',#5958,0.157506389);
#5960=LINE('',#5957,#5959);
#5961=EDGE_CURVE('',#4351,#1901,#5960,.T.);
#5962=ORIENTED_EDGE('',*,*,#5961,.F.);
#5963=EDGE_LOOP('',(#5954,#5955,#5956,#5962));
#5964=FACE_BOUND('',#5963,.T.);
#5965=ADVANCED_FACE('',(#5964),#5953,.F.);
#5966=CARTESIAN_POINT('',(36.791443197,-11.4,-22.524787023));
#5967=DIRECTION('',(0.,-1.,0.));
#5968=DIRECTION('',(-0.866025404,0.,-0.5));
#5969=AXIS2_PLACEMENT_3D('',#5966,#5967,#5968);
#5970=PLANE('',#5969);
#5971=ORIENTED_EDGE('',*,*,#4364,.T.);
#5972=ORIENTED_EDGE('',*,*,#5961,.T.);
#5973=ORIENTED_EDGE('',*,*,#1906,.T.);
#5974=CARTESIAN_POINT('',(37.04556057,-11.4,-22.679944001));
#5975=DIRECTION('',(0.866025404,0.,0.5));
#5976=VECTOR('',#5975,0.157506389);
#5977=LINE('',#5974,#5976);
#5978=EDGE_CURVE('',#4359,#1893,#5977,.T.);
#5979=ORIENTED_EDGE('',*,*,#5978,.F.);
#5980=EDGE_LOOP('',(#5971,#5972,#5973,#5979));
#5981=FACE_BOUND('',#5980,.T.);
#5982=ADVANCED_FACE('',(#5981),#5970,.F.);
#5983=CARTESIAN_POINT('',(36.922157483,-11.147142857,-22.751190807));
#5984=DIRECTION('',(0.5,0.,-0.866025404));
#5985=DIRECTION('',(-0.866025404,0.,-0.5));
#5986=AXIS2_PLACEMENT_3D('',#5983,#5984,#5985);
#5987=PLANE('',#5986);
#5988=ORIENTED_EDGE('',*,*,#4370,.T.);
#5989=ORIENTED_EDGE('',*,*,#5978,.T.);
#5990=ORIENTED_EDGE('',*,*,#1898,.T.);
#5991=ORIENTED_EDGE('',*,*,#5937,.F.);
#5992=EDGE_LOOP('',(#5988,#5989,#5990,#5991));
#5993=FACE_BOUND('',#5992,.T.);
#5994=ADVANCED_FACE('',(#5993),#5987,.F.);
#5995=CARTESIAN_POINT('',(35.938586054,-11.742857143,-21.04759512));
#5996=DIRECTION('',(0.,1.,0.));
#5997=DIRECTION('',(0.866025404,0.,0.5));
#5998=AXIS2_PLACEMENT_3D('',#5995,#5996,#5997);
#5999=PLANE('',#5998);
#6000=ORIENTED_EDGE('',*,*,#4314,.T.);
#6001=CARTESIAN_POINT('',(36.188417713,-11.742857143,-21.195329024));
#6002=DIRECTION('',(0.866025404,0.,0.5));
#6003=VECTOR('',#6002,0.157506389);
#6004=LINE('',#6001,#6003);
#6005=EDGE_CURVE('',#4309,#1849,#6004,.T.);
#6006=ORIENTED_EDGE('',*,*,#6005,.T.);
#6007=ORIENTED_EDGE('',*,*,#1856,.T.);
#6008=CARTESIAN_POINT('',(35.931274856,-11.742857143,-20.74994453));
#6009=DIRECTION('',(0.866025404,0.,0.5));
#6010=VECTOR('',#6009,0.157506389);
#6011=LINE('',#6008,#6010);
#6012=EDGE_CURVE('',#4307,#1851,#6011,.T.);
#6013=ORIENTED_EDGE('',*,*,#6012,.F.);
#6014=EDGE_LOOP('',(#6000,#6006,#6007,#6013));
#6015=FACE_BOUND('',#6014,.T.);
#6016=ADVANCED_FACE('',(#6015),#5999,.F.);
#6017=CARTESIAN_POINT('',(35.807871769,-11.995714286,-20.821191336));
#6018=DIRECTION('',(-0.5,0.,0.866025404));
#6019=DIRECTION('',(0.866025404,0.,0.5));
#6020=AXIS2_PLACEMENT_3D('',#6017,#6018,#6019);
#6021=PLANE('',#6020);
#6022=ORIENTED_EDGE('',*,*,#4322,.T.);
#6023=ORIENTED_EDGE('',*,*,#6012,.T.);
#6024=ORIENTED_EDGE('',*,*,#1878,.T.);
#6025=CARTESIAN_POINT('',(35.931274856,-12.257142857,-20.74994453));
#6026=DIRECTION('',(0.866025404,0.,0.5));
#6027=VECTOR('',#6026,0.157506389);
#6028=LINE('',#6025,#6027);
#6029=EDGE_CURVE('',#4317,#1867,#6028,.T.);
#6030=ORIENTED_EDGE('',*,*,#6029,.F.);
#6031=EDGE_LOOP('',(#6022,#6023,#6024,#6030));
#6032=FACE_BOUND('',#6031,.T.);
#6033=ADVANCED_FACE('',(#6032),#6021,.F.);
#6034=CARTESIAN_POINT('',(35.93430034,-12.257142857,-21.040172045));
#6035=DIRECTION('',(0.,-1.,0.));
#6036=DIRECTION('',(-0.866025404,0.,-0.5));
#6037=AXIS2_PLACEMENT_3D('',#6034,#6035,#6036);
#6038=PLANE('',#6037);
#6039=ORIENTED_EDGE('',*,*,#4330,.T.);
#6040=ORIENTED_EDGE('',*,*,#6029,.T.);
#6041=ORIENTED_EDGE('',*,*,#1872,.T.);
#6042=CARTESIAN_POINT('',(36.188417713,-12.257142857,-21.195329024));
#6043=DIRECTION('',(0.866025404,0.,0.5));
#6044=VECTOR('',#6043,0.157506389);
#6045=LINE('',#6042,#6044);
#6046=EDGE_CURVE('',#4325,#1859,#6045,.T.);
#6047=ORIENTED_EDGE('',*,*,#6046,.F.);
#6048=EDGE_LOOP('',(#6039,#6040,#6041,#6047));
#6049=FACE_BOUND('',#6048,.T.);
#6050=ADVANCED_FACE('',(#6049),#6038,.F.);
#6051=CARTESIAN_POINT('',(36.065014626,-12.004285714,-21.266575829));
#6052=DIRECTION('',(0.5,0.,-0.866025404));
#6053=DIRECTION('',(-0.866025404,0.,-0.5));
#6054=AXIS2_PLACEMENT_3D('',#6051,#6052,#6053);
#6055=PLANE('',#6054);
#6056=ORIENTED_EDGE('',*,*,#4336,.T.);
#6057=ORIENTED_EDGE('',*,*,#6046,.T.);
#6058=ORIENTED_EDGE('',*,*,#1864,.T.);
#6059=ORIENTED_EDGE('',*,*,#6005,.F.);
#6060=EDGE_LOOP('',(#6056,#6057,#6058,#6059));
#6061=FACE_BOUND('',#6060,.T.);
#6062=ADVANCED_FACE('',(#6061),#6055,.F.);
#6063=CARTESIAN_POINT('',(37.652871769,6.257142857,-24.016825076));
#6064=DIRECTION('',(0.,1.,0.));
#6065=DIRECTION('',(0.866025404,0.,0.5));
#6066=AXIS2_PLACEMENT_3D('',#6063,#6064,#6065);
#6067=PLANE('',#6066);
#6068=ORIENTED_EDGE('',*,*,#4280,.T.);
#6069=CARTESIAN_POINT('',(37.902703428,6.257142857,-24.164558979));
#6070=DIRECTION('',(0.866025404,0.,0.5));
#6071=VECTOR('',#6070,0.157506388);
#6072=LINE('',#6069,#6071);
#6073=EDGE_CURVE('',#4275,#1815,#6072,.T.);
#6074=ORIENTED_EDGE('',*,*,#6073,.T.);
#6075=ORIENTED_EDGE('',*,*,#1822,.T.);
#6076=CARTESIAN_POINT('',(37.64556057,6.257142857,-23.719174486));
#6077=DIRECTION('',(0.866025404,0.,0.5));
#6078=VECTOR('',#6077,0.157506388);
#6079=LINE('',#6076,#6078);
#6080=EDGE_CURVE('',#4273,#1817,#6079,.T.);
#6081=ORIENTED_EDGE('',*,*,#6080,.F.);
#6082=EDGE_LOOP('',(#6068,#6074,#6075,#6081));
#6083=FACE_BOUND('',#6082,.T.);
#6084=ADVANCED_FACE('',(#6083),#6067,.F.);
#6085=CARTESIAN_POINT('',(37.522157483,6.004285714,-23.790421292));
#6086=DIRECTION('',(-0.5,0.,0.866025404));
#6087=DIRECTION('',(0.866025404,0.,0.5));
#6088=AXIS2_PLACEMENT_3D('',#6085,#6086,#6087);
#6089=PLANE('',#6088);
#6090=ORIENTED_EDGE('',*,*,#4288,.T.);
#6091=ORIENTED_EDGE('',*,*,#6080,.T.);
#6092=ORIENTED_EDGE('',*,*,#1844,.T.);
#6093=CARTESIAN_POINT('',(37.64556057,5.742857143,-23.719174486));
#6094=DIRECTION('',(0.866025404,0.,0.5));
#6095=VECTOR('',#6094,0.157506388);
#6096=LINE('',#6093,#6095);
#6097=EDGE_CURVE('',#4283,#1833,#6096,.T.);
#6098=ORIENTED_EDGE('',*,*,#6097,.F.);
#6099=EDGE_LOOP('',(#6090,#6091,#6092,#6098));
#6100=FACE_BOUND('',#6099,.T.);
#6101=ADVANCED_FACE('',(#6100),#6089,.F.);
#6102=CARTESIAN_POINT('',(37.648586054,5.742857143,-24.009402001));
#6103=DIRECTION('',(0.,-1.,0.));
#6104=DIRECTION('',(-0.866025404,0.,-0.5));
#6105=AXIS2_PLACEMENT_3D('',#6102,#6103,#6104);
#6106=PLANE('',#6105);
#6107=ORIENTED_EDGE('',*,*,#4296,.T.);
#6108=ORIENTED_EDGE('',*,*,#6097,.T.);
#6109=ORIENTED_EDGE('',*,*,#1838,.T.);
#6110=CARTESIAN_POINT('',(37.902703428,5.742857143,-24.164558979));
#6111=DIRECTION('',(0.866025404,0.,0.5));
#6112=VECTOR('',#6111,0.157506388);
#6113=LINE('',#6110,#6112);
#6114=EDGE_CURVE('',#4291,#1825,#6113,.T.);
#6115=ORIENTED_EDGE('',*,*,#6114,.F.);
#6116=EDGE_LOOP('',(#6107,#6108,#6109,#6115));
#6117=FACE_BOUND('',#6116,.T.);
#6118=ADVANCED_FACE('',(#6117),#6106,.F.);
#6119=CARTESIAN_POINT('',(37.77930034,5.995714286,-24.235805785));
#6120=DIRECTION('',(0.5,0.,-0.866025404));
#6121=DIRECTION('',(-0.866025404,0.,-0.5));
#6122=AXIS2_PLACEMENT_3D('',#6119,#6120,#6121);
#6123=PLANE('',#6122);
#6124=ORIENTED_EDGE('',*,*,#4302,.T.);
#6125=ORIENTED_EDGE('',*,*,#6114,.T.);
#6126=ORIENTED_EDGE('',*,*,#1830,.T.);
#6127=ORIENTED_EDGE('',*,*,#6073,.F.);
#6128=EDGE_LOOP('',(#6124,#6125,#6126,#6127));
#6129=FACE_BOUND('',#6128,.T.);
#6130=ADVANCED_FACE('',(#6129),#6123,.F.);
#6131=CARTESIAN_POINT('',(36.795728911,7.114285714,-22.532210098));
#6132=DIRECTION('',(0.,1.,0.));
#6133=DIRECTION('',(0.866025404,0.,0.5));
#6134=AXIS2_PLACEMENT_3D('',#6131,#6132,#6133);
#6135=PLANE('',#6134);
#6136=ORIENTED_EDGE('',*,*,#4246,.T.);
#6137=CARTESIAN_POINT('',(37.04556057,7.114285714,-22.679944001));
#6138=DIRECTION('',(0.866025404,0.,0.5));
#6139=VECTOR('',#6138,0.157506389);
#6140=LINE('',#6137,#6139);
#6141=EDGE_CURVE('',#4241,#1781,#6140,.T.);
#6142=ORIENTED_EDGE('',*,*,#6141,.T.);
#6143=ORIENTED_EDGE('',*,*,#1788,.T.);
#6144=CARTESIAN_POINT('',(36.788417713,7.114285714,-22.234559508));
#6145=DIRECTION('',(0.866025404,0.,0.5));
#6146=VECTOR('',#6145,0.157506389);
#6147=LINE('',#6144,#6146);
#6148=EDGE_CURVE('',#4239,#1783,#6147,.T.);
#6149=ORIENTED_EDGE('',*,*,#6148,.F.);
#6150=EDGE_LOOP('',(#6136,#6142,#6143,#6149));
#6151=FACE_BOUND('',#6150,.T.);
#6152=ADVANCED_FACE('',(#6151),#6135,.F.);
#6153=CARTESIAN_POINT('',(36.665014626,6.861428571,-22.305806314));
#6154=DIRECTION('',(-0.5,0.,0.866025404));
#6155=DIRECTION('',(0.866025404,0.,0.5));
#6156=AXIS2_PLACEMENT_3D('',#6153,#6154,#6155);
#6157=PLANE('',#6156);
#6158=ORIENTED_EDGE('',*,*,#4254,.T.);
#6159=ORIENTED_EDGE('',*,*,#6148,.T.);
#6160=ORIENTED_EDGE('',*,*,#1810,.T.);
#6161=CARTESIAN_POINT('',(36.788417713,6.6,-22.234559508));
#6162=DIRECTION('',(0.866025404,0.,0.5));
#6163=VECTOR('',#6162,0.157506389);
#6164=LINE('',#6161,#6163);
#6165=EDGE_CURVE('',#4249,#1799,#6164,.T.);
#6166=ORIENTED_EDGE('',*,*,#6165,.F.);
#6167=EDGE_LOOP('',(#6158,#6159,#6160,#6166));
#6168=FACE_BOUND('',#6167,.T.);
#6169=ADVANCED_FACE('',(#6168),#6157,.F.);
#6170=CARTESIAN_POINT('',(36.791443197,6.6,-22.524787023));
#6171=DIRECTION('',(0.,-1.,0.));
#6172=DIRECTION('',(-0.866025404,0.,-0.5));
#6173=AXIS2_PLACEMENT_3D('',#6170,#6171,#6172);
#6174=PLANE('',#6173);
#6175=ORIENTED_EDGE('',*,*,#4262,.T.);
#6176=ORIENTED_EDGE('',*,*,#6165,.T.);
#6177=ORIENTED_EDGE('',*,*,#1804,.T.);
#6178=CARTESIAN_POINT('',(37.04556057,6.6,-22.679944001));
#6179=DIRECTION('',(0.866025404,0.,0.5));
#6180=VECTOR('',#6179,0.157506389);
#6181=LINE('',#6178,#6180);
#6182=EDGE_CURVE('',#4257,#1791,#6181,.T.);
#6183=ORIENTED_EDGE('',*,*,#6182,.F.);
#6184=EDGE_LOOP('',(#6175,#6176,#6177,#6183));
#6185=FACE_BOUND('',#6184,.T.);
#6186=ADVANCED_FACE('',(#6185),#6174,.F.);
#6187=CARTESIAN_POINT('',(36.922157483,6.852857143,-22.751190807));
#6188=DIRECTION('',(0.5,0.,-0.866025404));
#6189=DIRECTION('',(-0.866025404,0.,-0.5));
#6190=AXIS2_PLACEMENT_3D('',#6187,#6188,#6189);
#6191=PLANE('',#6190);
#6192=ORIENTED_EDGE('',*,*,#4268,.T.);
#6193=ORIENTED_EDGE('',*,*,#6182,.T.);
#6194=ORIENTED_EDGE('',*,*,#1796,.T.);
#6195=ORIENTED_EDGE('',*,*,#6141,.F.);
#6196=EDGE_LOOP('',(#6192,#6193,#6194,#6195));
#6197=FACE_BOUND('',#6196,.T.);
#6198=ADVANCED_FACE('',(#6197),#6191,.F.);
#6199=CARTESIAN_POINT('',(36.367157483,-6.6,-21.789902609));
#6200=DIRECTION('',(0.,1.,0.));
#6201=DIRECTION('',(0.866025404,0.,0.5));
#6202=AXIS2_PLACEMENT_3D('',#6199,#6200,#6201);
#6203=PLANE('',#6202);
#6204=ORIENTED_EDGE('',*,*,#4212,.T.);
#6205=CARTESIAN_POINT('',(36.616989142,-6.6,-21.937636512));
#6206=DIRECTION('',(0.866025404,0.,0.5));
#6207=VECTOR('',#6206,0.157506389);
#6208=LINE('',#6205,#6207);
#6209=EDGE_CURVE('',#4207,#1747,#6208,.T.);
#6210=ORIENTED_EDGE('',*,*,#6209,.T.);
#6211=ORIENTED_EDGE('',*,*,#1754,.T.);
#6212=CARTESIAN_POINT('',(36.359846284,-6.6,-21.492252019));
#6213=DIRECTION('',(0.866025404,0.,0.5));
#6214=VECTOR('',#6213,0.157506389);
#6215=LINE('',#6212,#6214);
#6216=EDGE_CURVE('',#4205,#1749,#6215,.T.);
#6217=ORIENTED_EDGE('',*,*,#6216,.F.);
#6218=EDGE_LOOP('',(#6204,#6210,#6211,#6217));
#6219=FACE_BOUND('',#6218,.T.);
#6220=ADVANCED_FACE('',(#6219),#6203,.F.);
#6221=CARTESIAN_POINT('',(36.236443197,-6.852857143,-21.563498825));
#6222=DIRECTION('',(-0.5,0.,0.866025404));
#6223=DIRECTION('',(0.866025404,0.,0.5));
#6224=AXIS2_PLACEMENT_3D('',#6221,#6222,#6223);
#6225=PLANE('',#6224);
#6226=ORIENTED_EDGE('',*,*,#4220,.T.);
#6227=ORIENTED_EDGE('',*,*,#6216,.T.);
#6228=ORIENTED_EDGE('',*,*,#1776,.T.);
#6229=CARTESIAN_POINT('',(36.359846284,-7.114285714,-21.492252019));
#6230=DIRECTION('',(0.866025404,0.,0.5));
#6231=VECTOR('',#6230,0.157506389);
#6232=LINE('',#6229,#6231);
#6233=EDGE_CURVE('',#4215,#1765,#6232,.T.);
#6234=ORIENTED_EDGE('',*,*,#6233,.F.);
#6235=EDGE_LOOP('',(#6226,#6227,#6228,#6234));
#6236=FACE_BOUND('',#6235,.T.);
#6237=ADVANCED_FACE('',(#6236),#6225,.F.);
#6238=CARTESIAN_POINT('',(36.362871769,-7.114285714,-21.782479534));
#6239=DIRECTION('',(0.,-1.,0.));
#6240=DIRECTION('',(-0.866025404,0.,-0.5));
#6241=AXIS2_PLACEMENT_3D('',#6238,#6239,#6240);
#6242=PLANE('',#6241);
#6243=ORIENTED_EDGE('',*,*,#4228,.T.);
#6244=ORIENTED_EDGE('',*,*,#6233,.T.);
#6245=ORIENTED_EDGE('',*,*,#1770,.T.);
#6246=CARTESIAN_POINT('',(36.616989142,-7.114285714,-21.937636512));
#6247=DIRECTION('',(0.866025404,0.,0.5));
#6248=VECTOR('',#6247,0.157506389);
#6249=LINE('',#6246,#6248);
#6250=EDGE_CURVE('',#4223,#1757,#6249,.T.);
#6251=ORIENTED_EDGE('',*,*,#6250,.F.);
#6252=EDGE_LOOP('',(#6243,#6244,#6245,#6251));
#6253=FACE_BOUND('',#6252,.T.);
#6254=ADVANCED_FACE('',(#6253),#6242,.F.);
#6255=CARTESIAN_POINT('',(36.493586054,-6.861428571,-22.008883318));
#6256=DIRECTION('',(0.5,0.,-0.866025404));
#6257=DIRECTION('',(-0.866025404,0.,-0.5));
#6258=AXIS2_PLACEMENT_3D('',#6255,#6256,#6257);
#6259=PLANE('',#6258);
#6260=ORIENTED_EDGE('',*,*,#4234,.T.);
#6261=ORIENTED_EDGE('',*,*,#6250,.T.);
#6262=ORIENTED_EDGE('',*,*,#1762,.T.);
#6263=ORIENTED_EDGE('',*,*,#6209,.F.);
#6264=EDGE_LOOP('',(#6260,#6261,#6262,#6263));
#6265=FACE_BOUND('',#6264,.T.);
#6266=ADVANCED_FACE('',(#6265),#6259,.F.);
#6267=CARTESIAN_POINT('',(35.510014626,-4.885714286,-20.305287631));
#6268=DIRECTION('',(0.,1.,0.));
#6269=DIRECTION('',(0.866025404,0.,0.5));
#6270=AXIS2_PLACEMENT_3D('',#6267,#6268,#6269);
#6271=PLANE('',#6270);
#6272=ORIENTED_EDGE('',*,*,#4178,.T.);
#6273=CARTESIAN_POINT('',(35.759846284,-4.885714286,-20.453021535));
#6274=DIRECTION('',(0.866025404,0.,0.5));
#6275=VECTOR('',#6274,0.157506389);
#6276=LINE('',#6273,#6275);
#6277=EDGE_CURVE('',#4173,#1713,#6276,.T.);
#6278=ORIENTED_EDGE('',*,*,#6277,.T.);
#6279=ORIENTED_EDGE('',*,*,#1720,.T.);
#6280=CARTESIAN_POINT('',(35.502703427,-4.885714286,-20.007637041));
#6281=DIRECTION('',(0.866025404,0.,0.5));
#6282=VECTOR('',#6281,0.157506389);
#6283=LINE('',#6280,#6282);
#6284=EDGE_CURVE('',#4171,#1715,#6283,.T.);
#6285=ORIENTED_EDGE('',*,*,#6284,.F.);
#6286=EDGE_LOOP('',(#6272,#6278,#6279,#6285));
#6287=FACE_BOUND('',#6286,.T.);
#6288=ADVANCED_FACE('',(#6287),#6271,.F.);
#6289=CARTESIAN_POINT('',(35.37930034,-5.138571429,-20.078883847));
#6290=DIRECTION('',(-0.5,0.,0.866025404));
#6291=DIRECTION('',(0.866025404,0.,0.5));
#6292=AXIS2_PLACEMENT_3D('',#6289,#6290,#6291);
#6293=PLANE('',#6292);
#6294=ORIENTED_EDGE('',*,*,#4186,.T.);
#6295=ORIENTED_EDGE('',*,*,#6284,.T.);
#6296=ORIENTED_EDGE('',*,*,#1742,.T.);
#6297=CARTESIAN_POINT('',(35.502703427,-5.4,-20.007637041));
#6298=DIRECTION('',(0.866025404,0.,0.5));
#6299=VECTOR('',#6298,0.157506389);
#6300=LINE('',#6297,#6299);
#6301=EDGE_CURVE('',#4181,#1731,#6300,.T.);
#6302=ORIENTED_EDGE('',*,*,#6301,.F.);
#6303=EDGE_LOOP('',(#6294,#6295,#6296,#6302));
#6304=FACE_BOUND('',#6303,.T.);
#6305=ADVANCED_FACE('',(#6304),#6293,.F.);
#6306=CARTESIAN_POINT('',(35.505728911,-5.4,-20.297864556));
#6307=DIRECTION('',(0.,-1.,0.));
#6308=DIRECTION('',(-0.866025404,0.,-0.5));
#6309=AXIS2_PLACEMENT_3D('',#6306,#6307,#6308);
#6310=PLANE('',#6309);
#6311=ORIENTED_EDGE('',*,*,#4194,.T.);
#6312=ORIENTED_EDGE('',*,*,#6301,.T.);
#6313=ORIENTED_EDGE('',*,*,#1736,.T.);
#6314=CARTESIAN_POINT('',(35.759846284,-5.4,-20.453021535));
#6315=DIRECTION('',(0.866025404,0.,0.5));
#6316=VECTOR('',#6315,0.157506389);
#6317=LINE('',#6314,#6316);
#6318=EDGE_CURVE('',#4189,#1723,#6317,.T.);
#6319=ORIENTED_EDGE('',*,*,#6318,.F.);
#6320=EDGE_LOOP('',(#6311,#6312,#6313,#6319));
#6321=FACE_BOUND('',#6320,.T.);
#6322=ADVANCED_FACE('',(#6321),#6310,.F.);
#6323=CARTESIAN_POINT('',(35.636443197,-5.147142857,-20.52426834));
#6324=DIRECTION('',(0.5,0.,-0.866025404));
#6325=DIRECTION('',(-0.866025404,0.,-0.5));
#6326=AXIS2_PLACEMENT_3D('',#6323,#6324,#6325);
#6327=PLANE('',#6326);
#6328=ORIENTED_EDGE('',*,*,#4200,.T.);
#6329=ORIENTED_EDGE('',*,*,#6318,.T.);
#6330=ORIENTED_EDGE('',*,*,#1728,.T.);
#6331=ORIENTED_EDGE('',*,*,#6277,.F.);
#6332=EDGE_LOOP('',(#6328,#6329,#6330,#6331));
#6333=FACE_BOUND('',#6332,.T.);
#6334=ADVANCED_FACE('',(#6333),#6327,.F.);
#6335=CARTESIAN_POINT('',(38.081443197,-10.885714286,-24.759132565));
#6336=DIRECTION('',(0.,1.,0.));
#6337=DIRECTION('',(0.866025404,0.,0.5));
#6338=AXIS2_PLACEMENT_3D('',#6335,#6336,#6337);
#6339=PLANE('',#6338);
#6340=ORIENTED_EDGE('',*,*,#4144,.T.);
#6341=CARTESIAN_POINT('',(38.331274856,-10.885714286,-24.906866468));
#6342=DIRECTION('',(0.866025404,0.,0.5));
#6343=VECTOR('',#6342,0.157506388);
#6344=LINE('',#6341,#6343);
#6345=EDGE_CURVE('',#4139,#1679,#6344,.T.);
#6346=ORIENTED_EDGE('',*,*,#6345,.T.);
#6347=ORIENTED_EDGE('',*,*,#1686,.T.);
#6348=CARTESIAN_POINT('',(38.074131999,-10.885714286,-24.461481975));
#6349=DIRECTION('',(0.866025404,0.,0.5));
#6350=VECTOR('',#6349,0.157506388);
#6351=LINE('',#6348,#6350);
#6352=EDGE_CURVE('',#4137,#1681,#6351,.T.);
#6353=ORIENTED_EDGE('',*,*,#6352,.F.);
#6354=EDGE_LOOP('',(#6340,#6346,#6347,#6353));
#6355=FACE_BOUND('',#6354,.T.);
#6356=ADVANCED_FACE('',(#6355),#6339,.F.);
#6357=CARTESIAN_POINT('',(37.950728911,-11.138571429,-24.532728781));
#6358=DIRECTION('',(-0.5,0.,0.866025404));
#6359=DIRECTION('',(0.866025404,0.,0.5));
#6360=AXIS2_PLACEMENT_3D('',#6357,#6358,#6359);
#6361=PLANE('',#6360);
#6362=ORIENTED_EDGE('',*,*,#4152,.T.);
#6363=ORIENTED_EDGE('',*,*,#6352,.T.);
#6364=ORIENTED_EDGE('',*,*,#1708,.T.);
#6365=CARTESIAN_POINT('',(38.074131999,-11.4,-24.461481975));
#6366=DIRECTION('',(0.866025404,0.,0.5));
#6367=VECTOR('',#6366,0.157506388);
#6368=LINE('',#6365,#6367);
#6369=EDGE_CURVE('',#4147,#1697,#6368,.T.);
#6370=ORIENTED_EDGE('',*,*,#6369,.F.);
#6371=EDGE_LOOP('',(#6362,#6363,#6364,#6370));
#6372=FACE_BOUND('',#6371,.T.);
#6373=ADVANCED_FACE('',(#6372),#6361,.F.);
#6374=CARTESIAN_POINT('',(38.077157483,-11.4,-24.75170949));
#6375=DIRECTION('',(0.,-1.,0.));
#6376=DIRECTION('',(-0.866025404,0.,-0.5));
#6377=AXIS2_PLACEMENT_3D('',#6374,#6375,#6376);
#6378=PLANE('',#6377);
#6379=ORIENTED_EDGE('',*,*,#4160,.T.);
#6380=ORIENTED_EDGE('',*,*,#6369,.T.);
#6381=ORIENTED_EDGE('',*,*,#1702,.T.);
#6382=CARTESIAN_POINT('',(38.331274856,-11.4,-24.906866468));
#6383=DIRECTION('',(0.866025404,0.,0.5));
#6384=VECTOR('',#6383,0.157506388);
#6385=LINE('',#6382,#6384);
#6386=EDGE_CURVE('',#4155,#1689,#6385,.T.);
#6387=ORIENTED_EDGE('',*,*,#6386,.F.);
#6388=EDGE_LOOP('',(#6379,#6380,#6381,#6387));
#6389=FACE_BOUND('',#6388,.T.);
#6390=ADVANCED_FACE('',(#6389),#6378,.F.);
#6391=CARTESIAN_POINT('',(38.207871769,-11.147142857,-24.978113274));
#6392=DIRECTION('',(0.5,0.,-0.866025404));
#6393=DIRECTION('',(-0.866025404,0.,-0.5));
#6394=AXIS2_PLACEMENT_3D('',#6391,#6392,#6393);
#6395=PLANE('',#6394);
#6396=ORIENTED_EDGE('',*,*,#4166,.T.);
#6397=ORIENTED_EDGE('',*,*,#6386,.T.);
#6398=ORIENTED_EDGE('',*,*,#1694,.T.);
#6399=ORIENTED_EDGE('',*,*,#6345,.F.);
#6400=EDGE_LOOP('',(#6396,#6397,#6398,#6399));
#6401=FACE_BOUND('',#6400,.T.);
#6402=ADVANCED_FACE('',(#6401),#6395,.F.);
#6403=CARTESIAN_POINT('',(38.081443197,-10.028571429,-24.759132565));
#6404=DIRECTION('',(0.,1.,0.));
#6405=DIRECTION('',(0.866025404,0.,0.5));
#6406=AXIS2_PLACEMENT_3D('',#6403,#6404,#6405);
#6407=PLANE('',#6406);
#6408=ORIENTED_EDGE('',*,*,#4110,.T.);
#6409=CARTESIAN_POINT('',(38.331274856,-10.028571429,-24.906866468));
#6410=DIRECTION('',(0.866025404,0.,0.5));
#6411=VECTOR('',#6410,0.157506388);
#6412=LINE('',#6409,#6411);
#6413=EDGE_CURVE('',#4105,#1645,#6412,.T.);
#6414=ORIENTED_EDGE('',*,*,#6413,.T.);
#6415=ORIENTED_EDGE('',*,*,#1652,.T.);
#6416=CARTESIAN_POINT('',(38.074131999,-10.028571429,-24.461481975));
#6417=DIRECTION('',(0.866025404,0.,0.5));
#6418=VECTOR('',#6417,0.157506388);
#6419=LINE('',#6416,#6418);
#6420=EDGE_CURVE('',#4103,#1647,#6419,.T.);
#6421=ORIENTED_EDGE('',*,*,#6420,.F.);
#6422=EDGE_LOOP('',(#6408,#6414,#6415,#6421));
#6423=FACE_BOUND('',#6422,.T.);
#6424=ADVANCED_FACE('',(#6423),#6407,.F.);
#6425=CARTESIAN_POINT('',(37.950728911,-10.281428571,-24.532728781));
#6426=DIRECTION('',(-0.5,0.,0.866025404));
#6427=DIRECTION('',(0.866025404,0.,0.5));
#6428=AXIS2_PLACEMENT_3D('',#6425,#6426,#6427);
#6429=PLANE('',#6428);
#6430=ORIENTED_EDGE('',*,*,#4118,.T.);
#6431=ORIENTED_EDGE('',*,*,#6420,.T.);
#6432=ORIENTED_EDGE('',*,*,#1674,.T.);
#6433=CARTESIAN_POINT('',(38.074131999,-10.542857143,-24.461481975));
#6434=DIRECTION('',(0.866025404,0.,0.5));
#6435=VECTOR('',#6434,0.157506388);
#6436=LINE('',#6433,#6435);
#6437=EDGE_CURVE('',#4113,#1663,#6436,.T.);
#6438=ORIENTED_EDGE('',*,*,#6437,.F.);
#6439=EDGE_LOOP('',(#6430,#6431,#6432,#6438));
#6440=FACE_BOUND('',#6439,.T.);
#6441=ADVANCED_FACE('',(#6440),#6429,.F.);
#6442=CARTESIAN_POINT('',(38.077157483,-10.542857143,-24.75170949));
#6443=DIRECTION('',(0.,-1.,0.));
#6444=DIRECTION('',(-0.866025404,0.,-0.5));
#6445=AXIS2_PLACEMENT_3D('',#6442,#6443,#6444);
#6446=PLANE('',#6445);
#6447=ORIENTED_EDGE('',*,*,#4126,.T.);
#6448=ORIENTED_EDGE('',*,*,#6437,.T.);
#6449=ORIENTED_EDGE('',*,*,#1668,.T.);
#6450=CARTESIAN_POINT('',(38.331274856,-10.542857143,-24.906866468));
#6451=DIRECTION('',(0.866025404,0.,0.5));
#6452=VECTOR('',#6451,0.157506388);
#6453=LINE('',#6450,#6452);
#6454=EDGE_CURVE('',#4121,#1655,#6453,.T.);
#6455=ORIENTED_EDGE('',*,*,#6454,.F.);
#6456=EDGE_LOOP('',(#6447,#6448,#6449,#6455));
#6457=FACE_BOUND('',#6456,.T.);
#6458=ADVANCED_FACE('',(#6457),#6446,.F.);
#6459=CARTESIAN_POINT('',(38.207871769,-10.29,-24.978113274));
#6460=DIRECTION('',(0.5,0.,-0.866025404));
#6461=DIRECTION('',(-0.866025404,0.,-0.5));
#6462=AXIS2_PLACEMENT_3D('',#6459,#6460,#6461);
#6463=PLANE('',#6462);
#6464=ORIENTED_EDGE('',*,*,#4132,.T.);
#6465=ORIENTED_EDGE('',*,*,#6454,.T.);
#6466=ORIENTED_EDGE('',*,*,#1660,.T.);
#6467=ORIENTED_EDGE('',*,*,#6413,.F.);
#6468=EDGE_LOOP('',(#6464,#6465,#6466,#6467));
#6469=FACE_BOUND('',#6468,.T.);
#6470=ADVANCED_FACE('',(#6469),#6463,.F.);
#6471=CARTESIAN_POINT('',(36.795728911,-5.742857143,-22.532210098));
#6472=DIRECTION('',(0.,1.,0.));
#6473=DIRECTION('',(0.866025404,0.,0.5));
#6474=AXIS2_PLACEMENT_3D('',#6471,#6472,#6473);
#6475=PLANE('',#6474);
#6476=ORIENTED_EDGE('',*,*,#4076,.T.);
#6477=CARTESIAN_POINT('',(37.04556057,-5.742857143,-22.679944001));
#6478=DIRECTION('',(0.866025404,0.,0.5));
#6479=VECTOR('',#6478,0.157506389);
#6480=LINE('',#6477,#6479);
#6481=EDGE_CURVE('',#4071,#1611,#6480,.T.);
#6482=ORIENTED_EDGE('',*,*,#6481,.T.);
#6483=ORIENTED_EDGE('',*,*,#1618,.T.);
#6484=CARTESIAN_POINT('',(36.788417713,-5.742857143,-22.234559508));
#6485=DIRECTION('',(0.866025404,0.,0.5));
#6486=VECTOR('',#6485,0.157506389);
#6487=LINE('',#6484,#6486);
#6488=EDGE_CURVE('',#4069,#1613,#6487,.T.);
#6489=ORIENTED_EDGE('',*,*,#6488,.F.);
#6490=EDGE_LOOP('',(#6476,#6482,#6483,#6489));
#6491=FACE_BOUND('',#6490,.T.);
#6492=ADVANCED_FACE('',(#6491),#6475,.F.);
#6493=CARTESIAN_POINT('',(36.665014626,-5.995714286,-22.305806314));
#6494=DIRECTION('',(-0.5,0.,0.866025404));
#6495=DIRECTION('',(0.866025404,0.,0.5));
#6496=AXIS2_PLACEMENT_3D('',#6493,#6494,#6495);
#6497=PLANE('',#6496);
#6498=ORIENTED_EDGE('',*,*,#4084,.T.);
#6499=ORIENTED_EDGE('',*,*,#6488,.T.);
#6500=ORIENTED_EDGE('',*,*,#1640,.T.);
#6501=CARTESIAN_POINT('',(36.788417713,-6.257142857,-22.234559508));
#6502=DIRECTION('',(0.866025404,0.,0.5));
#6503=VECTOR('',#6502,0.157506389);
#6504=LINE('',#6501,#6503);
#6505=EDGE_CURVE('',#4079,#1629,#6504,.T.);
#6506=ORIENTED_EDGE('',*,*,#6505,.F.);
#6507=EDGE_LOOP('',(#6498,#6499,#6500,#6506));
#6508=FACE_BOUND('',#6507,.T.);
#6509=ADVANCED_FACE('',(#6508),#6497,.F.);
#6510=CARTESIAN_POINT('',(36.791443197,-6.257142857,-22.524787023));
#6511=DIRECTION('',(0.,-1.,0.));
#6512=DIRECTION('',(-0.866025404,0.,-0.5));
#6513=AXIS2_PLACEMENT_3D('',#6510,#6511,#6512);
#6514=PLANE('',#6513);
#6515=ORIENTED_EDGE('',*,*,#4092,.T.);
#6516=ORIENTED_EDGE('',*,*,#6505,.T.);
#6517=ORIENTED_EDGE('',*,*,#1634,.T.);
#6518=CARTESIAN_POINT('',(37.04556057,-6.257142857,-22.679944001));
#6519=DIRECTION('',(0.866025404,0.,0.5));
#6520=VECTOR('',#6519,0.157506389);
#6521=LINE('',#6518,#6520);
#6522=EDGE_CURVE('',#4087,#1621,#6521,.T.);
#6523=ORIENTED_EDGE('',*,*,#6522,.F.);
#6524=EDGE_LOOP('',(#6515,#6516,#6517,#6523));
#6525=FACE_BOUND('',#6524,.T.);
#6526=ADVANCED_FACE('',(#6525),#6514,.F.);
#6527=CARTESIAN_POINT('',(36.922157483,-6.004285714,-22.751190807));
#6528=DIRECTION('',(0.5,0.,-0.866025404));
#6529=DIRECTION('',(-0.866025404,0.,-0.5));
#6530=AXIS2_PLACEMENT_3D('',#6527,#6528,#6529);
#6531=PLANE('',#6530);
#6532=ORIENTED_EDGE('',*,*,#4098,.T.);
#6533=ORIENTED_EDGE('',*,*,#6522,.T.);
#6534=ORIENTED_EDGE('',*,*,#1626,.T.);
#6535=ORIENTED_EDGE('',*,*,#6481,.F.);
#6536=EDGE_LOOP('',(#6532,#6533,#6534,#6535));
#6537=FACE_BOUND('',#6536,.T.);
#6538=ADVANCED_FACE('',(#6537),#6531,.F.);
#6539=CARTESIAN_POINT('',(35.938586054,-6.6,-21.04759512));
#6540=DIRECTION('',(0.,1.,0.));
#6541=DIRECTION('',(0.866025404,0.,0.5));
#6542=AXIS2_PLACEMENT_3D('',#6539,#6540,#6541);
#6543=PLANE('',#6542);
#6544=ORIENTED_EDGE('',*,*,#4042,.T.);
#6545=CARTESIAN_POINT('',(36.188417713,-6.6,-21.195329024));
#6546=DIRECTION('',(0.866025404,0.,0.5));
#6547=VECTOR('',#6546,0.157506389);
#6548=LINE('',#6545,#6547);
#6549=EDGE_CURVE('',#4037,#1577,#6548,.T.);
#6550=ORIENTED_EDGE('',*,*,#6549,.T.);
#6551=ORIENTED_EDGE('',*,*,#1584,.T.);
#6552=CARTESIAN_POINT('',(35.931274856,-6.6,-20.74994453));
#6553=DIRECTION('',(0.866025404,0.,0.5));
#6554=VECTOR('',#6553,0.157506389);
#6555=LINE('',#6552,#6554);
#6556=EDGE_CURVE('',#4035,#1579,#6555,.T.);
#6557=ORIENTED_EDGE('',*,*,#6556,.F.);
#6558=EDGE_LOOP('',(#6544,#6550,#6551,#6557));
#6559=FACE_BOUND('',#6558,.T.);
#6560=ADVANCED_FACE('',(#6559),#6543,.F.);
#6561=CARTESIAN_POINT('',(35.807871769,-6.852857143,-20.821191336));
#6562=DIRECTION('',(-0.5,0.,0.866025404));
#6563=DIRECTION('',(0.866025404,0.,0.5));
#6564=AXIS2_PLACEMENT_3D('',#6561,#6562,#6563);
#6565=PLANE('',#6564);
#6566=ORIENTED_EDGE('',*,*,#4050,.T.);
#6567=ORIENTED_EDGE('',*,*,#6556,.T.);
#6568=ORIENTED_EDGE('',*,*,#1606,.T.);
#6569=CARTESIAN_POINT('',(35.931274856,-7.114285714,-20.74994453));
#6570=DIRECTION('',(0.866025404,0.,0.5));
#6571=VECTOR('',#6570,0.157506389);
#6572=LINE('',#6569,#6571);
#6573=EDGE_CURVE('',#4045,#1595,#6572,.T.);
#6574=ORIENTED_EDGE('',*,*,#6573,.F.);
#6575=EDGE_LOOP('',(#6566,#6567,#6568,#6574));
#6576=FACE_BOUND('',#6575,.T.);
#6577=ADVANCED_FACE('',(#6576),#6565,.F.);
#6578=CARTESIAN_POINT('',(35.93430034,-7.114285714,-21.040172045));
#6579=DIRECTION('',(0.,-1.,0.));
#6580=DIRECTION('',(-0.866025404,0.,-0.5));
#6581=AXIS2_PLACEMENT_3D('',#6578,#6579,#6580);
#6582=PLANE('',#6581);
#6583=ORIENTED_EDGE('',*,*,#4058,.T.);
#6584=ORIENTED_EDGE('',*,*,#6573,.T.);
#6585=ORIENTED_EDGE('',*,*,#1600,.T.);
#6586=CARTESIAN_POINT('',(36.188417713,-7.114285714,-21.195329024));
#6587=DIRECTION('',(0.866025404,0.,0.5));
#6588=VECTOR('',#6587,0.157506389);
#6589=LINE('',#6586,#6588);
#6590=EDGE_CURVE('',#4053,#1587,#6589,.T.);
#6591=ORIENTED_EDGE('',*,*,#6590,.F.);
#6592=EDGE_LOOP('',(#6583,#6584,#6585,#6591));
#6593=FACE_BOUND('',#6592,.T.);
#6594=ADVANCED_FACE('',(#6593),#6582,.F.);
#6595=CARTESIAN_POINT('',(36.065014626,-6.861428571,-21.266575829));
#6596=DIRECTION('',(0.5,0.,-0.866025404));
#6597=DIRECTION('',(-0.866025404,0.,-0.5));
#6598=AXIS2_PLACEMENT_3D('',#6595,#6596,#6597);
#6599=PLANE('',#6598);
#6600=ORIENTED_EDGE('',*,*,#4064,.T.);
#6601=ORIENTED_EDGE('',*,*,#6590,.T.);
#6602=ORIENTED_EDGE('',*,*,#1592,.T.);
#6603=ORIENTED_EDGE('',*,*,#6549,.F.);
#6604=EDGE_LOOP('',(#6600,#6601,#6602,#6603));
#6605=FACE_BOUND('',#6604,.T.);
#6606=ADVANCED_FACE('',(#6605),#6599,.F.);
#6607=CARTESIAN_POINT('',(35.510014626,-4.028571429,-20.305287631));
#6608=DIRECTION('',(0.,1.,0.));
#6609=DIRECTION('',(0.866025404,0.,0.5));
#6610=AXIS2_PLACEMENT_3D('',#6607,#6608,#6609);
#6611=PLANE('',#6610);
#6612=ORIENTED_EDGE('',*,*,#4008,.T.);
#6613=CARTESIAN_POINT('',(35.759846284,-4.028571429,-20.453021535));
#6614=DIRECTION('',(0.866025404,0.,0.5));
#6615=VECTOR('',#6614,0.157506389);
#6616=LINE('',#6613,#6615);
#6617=EDGE_CURVE('',#4003,#1543,#6616,.T.);
#6618=ORIENTED_EDGE('',*,*,#6617,.T.);
#6619=ORIENTED_EDGE('',*,*,#1550,.T.);
#6620=CARTESIAN_POINT('',(35.502703427,-4.028571429,-20.007637041));
#6621=DIRECTION('',(0.866025404,0.,0.5));
#6622=VECTOR('',#6621,0.157506389);
#6623=LINE('',#6620,#6622);
#6624=EDGE_CURVE('',#4001,#1545,#6623,.T.);
#6625=ORIENTED_EDGE('',*,*,#6624,.F.);
#6626=EDGE_LOOP('',(#6612,#6618,#6619,#6625));
#6627=FACE_BOUND('',#6626,.T.);
#6628=ADVANCED_FACE('',(#6627),#6611,.F.);
#6629=CARTESIAN_POINT('',(35.37930034,-4.281428571,-20.078883847));
#6630=DIRECTION('',(-0.5,0.,0.866025404));
#6631=DIRECTION('',(0.866025404,0.,0.5));
#6632=AXIS2_PLACEMENT_3D('',#6629,#6630,#6631);
#6633=PLANE('',#6632);
#6634=ORIENTED_EDGE('',*,*,#4016,.T.);
#6635=ORIENTED_EDGE('',*,*,#6624,.T.);
#6636=ORIENTED_EDGE('',*,*,#1572,.T.);
#6637=CARTESIAN_POINT('',(35.502703427,-4.542857143,-20.007637041));
#6638=DIRECTION('',(0.866025404,0.,0.5));
#6639=VECTOR('',#6638,0.157506389);
#6640=LINE('',#6637,#6639);
#6641=EDGE_CURVE('',#4011,#1561,#6640,.T.);
#6642=ORIENTED_EDGE('',*,*,#6641,.F.);
#6643=EDGE_LOOP('',(#6634,#6635,#6636,#6642));
#6644=FACE_BOUND('',#6643,.T.);
#6645=ADVANCED_FACE('',(#6644),#6633,.F.);
#6646=CARTESIAN_POINT('',(35.505728911,-4.542857143,-20.297864556));
#6647=DIRECTION('',(0.,-1.,0.));
#6648=DIRECTION('',(-0.866025404,0.,-0.5));
#6649=AXIS2_PLACEMENT_3D('',#6646,#6647,#6648);
#6650=PLANE('',#6649);
#6651=ORIENTED_EDGE('',*,*,#4024,.T.);
#6652=ORIENTED_EDGE('',*,*,#6641,.T.);
#6653=ORIENTED_EDGE('',*,*,#1566,.T.);
#6654=CARTESIAN_POINT('',(35.759846284,-4.542857143,-20.453021535));
#6655=DIRECTION('',(0.866025404,0.,0.5));
#6656=VECTOR('',#6655,0.157506389);
#6657=LINE('',#6654,#6656);
#6658=EDGE_CURVE('',#4019,#1553,#6657,.T.);
#6659=ORIENTED_EDGE('',*,*,#6658,.F.);
#6660=EDGE_LOOP('',(#6651,#6652,#6653,#6659));
#6661=FACE_BOUND('',#6660,.T.);
#6662=ADVANCED_FACE('',(#6661),#6650,.F.);
#6663=CARTESIAN_POINT('',(35.636443197,-4.29,-20.52426834));
#6664=DIRECTION('',(0.5,0.,-0.866025404));
#6665=DIRECTION('',(-0.866025404,0.,-0.5));
#6666=AXIS2_PLACEMENT_3D('',#6663,#6664,#6665);
#6667=PLANE('',#6666);
#6668=ORIENTED_EDGE('',*,*,#4030,.T.);
#6669=ORIENTED_EDGE('',*,*,#6658,.T.);
#6670=ORIENTED_EDGE('',*,*,#1558,.T.);
#6671=ORIENTED_EDGE('',*,*,#6617,.F.);
#6672=EDGE_LOOP('',(#6668,#6669,#6670,#6671));
#6673=FACE_BOUND('',#6672,.T.);
#6674=ADVANCED_FACE('',(#6673),#6667,.F.);
#6675=CARTESIAN_POINT('',(38.081443197,8.828571429,-24.759132565));
#6676=DIRECTION('',(0.,1.,0.));
#6677=DIRECTION('',(0.866025404,0.,0.5));
#6678=AXIS2_PLACEMENT_3D('',#6675,#6676,#6677);
#6679=PLANE('',#6678);
#6680=ORIENTED_EDGE('',*,*,#3974,.T.);
#6681=CARTESIAN_POINT('',(38.331274856,8.828571429,-24.906866468));
#6682=DIRECTION('',(0.866025404,0.,0.5));
#6683=VECTOR('',#6682,0.157506388);
#6684=LINE('',#6681,#6683);
#6685=EDGE_CURVE('',#3969,#1509,#6684,.T.);
#6686=ORIENTED_EDGE('',*,*,#6685,.T.);
#6687=ORIENTED_EDGE('',*,*,#1516,.T.);
#6688=CARTESIAN_POINT('',(38.074131999,8.828571429,-24.461481975));
#6689=DIRECTION('',(0.866025404,0.,0.5));
#6690=VECTOR('',#6689,0.157506388);
#6691=LINE('',#6688,#6690);
#6692=EDGE_CURVE('',#3967,#1511,#6691,.T.);
#6693=ORIENTED_EDGE('',*,*,#6692,.F.);
#6694=EDGE_LOOP('',(#6680,#6686,#6687,#6693));
#6695=FACE_BOUND('',#6694,.T.);
#6696=ADVANCED_FACE('',(#6695),#6679,.F.);
#6697=CARTESIAN_POINT('',(37.950728911,8.575714286,-24.532728781));
#6698=DIRECTION('',(-0.5,0.,0.866025404));
#6699=DIRECTION('',(0.866025404,0.,0.5));
#6700=AXIS2_PLACEMENT_3D('',#6697,#6698,#6699);
#6701=PLANE('',#6700);
#6702=ORIENTED_EDGE('',*,*,#3982,.T.);
#6703=ORIENTED_EDGE('',*,*,#6692,.T.);
#6704=ORIENTED_EDGE('',*,*,#1538,.T.);
#6705=CARTESIAN_POINT('',(38.074131999,8.314285714,-24.461481975));
#6706=DIRECTION('',(0.866025404,0.,0.5));
#6707=VECTOR('',#6706,0.157506388);
#6708=LINE('',#6705,#6707);
#6709=EDGE_CURVE('',#3977,#1527,#6708,.T.);
#6710=ORIENTED_EDGE('',*,*,#6709,.F.);
#6711=EDGE_LOOP('',(#6702,#6703,#6704,#6710));
#6712=FACE_BOUND('',#6711,.T.);
#6713=ADVANCED_FACE('',(#6712),#6701,.F.);
#6714=CARTESIAN_POINT('',(38.077157483,8.314285714,-24.75170949));
#6715=DIRECTION('',(0.,-1.,0.));
#6716=DIRECTION('',(-0.866025404,0.,-0.5));
#6717=AXIS2_PLACEMENT_3D('',#6714,#6715,#6716);
#6718=PLANE('',#6717);
#6719=ORIENTED_EDGE('',*,*,#3990,.T.);
#6720=ORIENTED_EDGE('',*,*,#6709,.T.);
#6721=ORIENTED_EDGE('',*,*,#1532,.T.);
#6722=CARTESIAN_POINT('',(38.331274856,8.314285714,-24.906866468));
#6723=DIRECTION('',(0.866025404,0.,0.5));
#6724=VECTOR('',#6723,0.157506388);
#6725=LINE('',#6722,#6724);
#6726=EDGE_CURVE('',#3985,#1519,#6725,.T.);
#6727=ORIENTED_EDGE('',*,*,#6726,.F.);
#6728=EDGE_LOOP('',(#6719,#6720,#6721,#6727));
#6729=FACE_BOUND('',#6728,.T.);
#6730=ADVANCED_FACE('',(#6729),#6718,.F.);
#6731=CARTESIAN_POINT('',(38.207871769,8.567142857,-24.978113274));
#6732=DIRECTION('',(0.5,0.,-0.866025404));
#6733=DIRECTION('',(-0.866025404,0.,-0.5));
#6734=AXIS2_PLACEMENT_3D('',#6731,#6732,#6733);
#6735=PLANE('',#6734);
#6736=ORIENTED_EDGE('',*,*,#3996,.T.);
#6737=ORIENTED_EDGE('',*,*,#6726,.T.);
#6738=ORIENTED_EDGE('',*,*,#1524,.T.);
#6739=ORIENTED_EDGE('',*,*,#6685,.F.);
#6740=EDGE_LOOP('',(#6736,#6737,#6738,#6739));
#6741=FACE_BOUND('',#6740,.T.);
#6742=ADVANCED_FACE('',(#6741),#6735,.F.);
#6743=CARTESIAN_POINT('',(37.22430034,10.542857143,-23.274517587));
#6744=DIRECTION('',(0.,1.,0.));
#6745=DIRECTION('',(0.866025404,0.,0.5));
#6746=AXIS2_PLACEMENT_3D('',#6743,#6744,#6745);
#6747=PLANE('',#6746);
#6748=ORIENTED_EDGE('',*,*,#3940,.T.);
#6749=CARTESIAN_POINT('',(37.474131999,10.542857143,-23.42225149));
#6750=DIRECTION('',(0.866025404,0.,0.5));
#6751=VECTOR('',#6750,0.157506388);
#6752=LINE('',#6749,#6751);
#6753=EDGE_CURVE('',#3935,#1475,#6752,.T.);
#6754=ORIENTED_EDGE('',*,*,#6753,.T.);
#6755=ORIENTED_EDGE('',*,*,#1482,.T.);
#6756=CARTESIAN_POINT('',(37.216989142,10.542857143,-22.976866997));
#6757=DIRECTION('',(0.866025404,0.,0.5));
#6758=VECTOR('',#6757,0.157506388);
#6759=LINE('',#6756,#6758);
#6760=EDGE_CURVE('',#3933,#1477,#6759,.T.);
#6761=ORIENTED_EDGE('',*,*,#6760,.F.);
#6762=EDGE_LOOP('',(#6748,#6754,#6755,#6761));
#6763=FACE_BOUND('',#6762,.T.);
#6764=ADVANCED_FACE('',(#6763),#6747,.F.);
#6765=CARTESIAN_POINT('',(37.093586054,10.29,-23.048113803));
#6766=DIRECTION('',(-0.5,0.,0.866025404));
#6767=DIRECTION('',(0.866025404,0.,0.5));
#6768=AXIS2_PLACEMENT_3D('',#6765,#6766,#6767);
#6769=PLANE('',#6768);
#6770=ORIENTED_EDGE('',*,*,#3948,.T.);
#6771=ORIENTED_EDGE('',*,*,#6760,.T.);
#6772=ORIENTED_EDGE('',*,*,#1504,.T.);
#6773=CARTESIAN_POINT('',(37.216989142,10.028571429,-22.976866997));
#6774=DIRECTION('',(0.866025404,0.,0.5));
#6775=VECTOR('',#6774,0.157506388);
#6776=LINE('',#6773,#6775);
#6777=EDGE_CURVE('',#3943,#1493,#6776,.T.);
#6778=ORIENTED_EDGE('',*,*,#6777,.F.);
#6779=EDGE_LOOP('',(#6770,#6771,#6772,#6778));
#6780=FACE_BOUND('',#6779,.T.);
#6781=ADVANCED_FACE('',(#6780),#6769,.F.);
#6782=CARTESIAN_POINT('',(37.220014626,10.028571429,-23.267094512));
#6783=DIRECTION('',(0.,-1.,0.));
#6784=DIRECTION('',(-0.866025404,0.,-0.5));
#6785=AXIS2_PLACEMENT_3D('',#6782,#6783,#6784);
#6786=PLANE('',#6785);
#6787=ORIENTED_EDGE('',*,*,#3956,.T.);
#6788=ORIENTED_EDGE('',*,*,#6777,.T.);
#6789=ORIENTED_EDGE('',*,*,#1498,.T.);
#6790=CARTESIAN_POINT('',(37.474131999,10.028571429,-23.42225149));
#6791=DIRECTION('',(0.866025404,0.,0.5));
#6792=VECTOR('',#6791,0.157506388);
#6793=LINE('',#6790,#6792);
#6794=EDGE_CURVE('',#3951,#1485,#6793,.T.);
#6795=ORIENTED_EDGE('',*,*,#6794,.F.);
#6796=EDGE_LOOP('',(#6787,#6788,#6789,#6795));
#6797=FACE_BOUND('',#6796,.T.);
#6798=ADVANCED_FACE('',(#6797),#6786,.F.);
#6799=CARTESIAN_POINT('',(37.350728911,10.281428571,-23.493498296));
#6800=DIRECTION('',(0.5,0.,-0.866025404));
#6801=DIRECTION('',(-0.866025404,0.,-0.5));
#6802=AXIS2_PLACEMENT_3D('',#6799,#6800,#6801);
#6803=PLANE('',#6802);
#6804=ORIENTED_EDGE('',*,*,#3962,.T.);
#6805=ORIENTED_EDGE('',*,*,#6794,.T.);
#6806=ORIENTED_EDGE('',*,*,#1490,.T.);
#6807=ORIENTED_EDGE('',*,*,#6753,.F.);
#6808=EDGE_LOOP('',(#6804,#6805,#6806,#6807));
#6809=FACE_BOUND('',#6808,.T.);
#6810=ADVANCED_FACE('',(#6809),#6803,.F.);
#6811=CARTESIAN_POINT('',(35.938586054,4.542857143,-21.04759512));
#6812=DIRECTION('',(0.,1.,0.));
#6813=DIRECTION('',(0.866025404,0.,0.5));
#6814=AXIS2_PLACEMENT_3D('',#6811,#6812,#6813);
#6815=PLANE('',#6814);
#6816=ORIENTED_EDGE('',*,*,#3906,.T.);
#6817=CARTESIAN_POINT('',(36.188417713,4.542857143,-21.195329024));
#6818=DIRECTION('',(0.866025404,0.,0.5));
#6819=VECTOR('',#6818,0.157506389);
#6820=LINE('',#6817,#6819);
#6821=EDGE_CURVE('',#3901,#1441,#6820,.T.);
#6822=ORIENTED_EDGE('',*,*,#6821,.T.);
#6823=ORIENTED_EDGE('',*,*,#1448,.T.);
#6824=CARTESIAN_POINT('',(35.931274856,4.542857143,-20.74994453));
#6825=DIRECTION('',(0.866025404,0.,0.5));
#6826=VECTOR('',#6825,0.157506389);
#6827=LINE('',#6824,#6826);
#6828=EDGE_CURVE('',#3899,#1443,#6827,.T.);
#6829=ORIENTED_EDGE('',*,*,#6828,.F.);
#6830=EDGE_LOOP('',(#6816,#6822,#6823,#6829));
#6831=FACE_BOUND('',#6830,.T.);
#6832=ADVANCED_FACE('',(#6831),#6815,.F.);
#6833=CARTESIAN_POINT('',(35.807871769,4.29,-20.821191336));
#6834=DIRECTION('',(-0.5,0.,0.866025404));
#6835=DIRECTION('',(0.866025404,0.,0.5));
#6836=AXIS2_PLACEMENT_3D('',#6833,#6834,#6835);
#6837=PLANE('',#6836);
#6838=ORIENTED_EDGE('',*,*,#3914,.T.);
#6839=ORIENTED_EDGE('',*,*,#6828,.T.);
#6840=ORIENTED_EDGE('',*,*,#1470,.T.);
#6841=CARTESIAN_POINT('',(35.931274856,4.028571429,-20.74994453));
#6842=DIRECTION('',(0.866025404,0.,0.5));
#6843=VECTOR('',#6842,0.157506389);
#6844=LINE('',#6841,#6843);
#6845=EDGE_CURVE('',#3909,#1459,#6844,.T.);
#6846=ORIENTED_EDGE('',*,*,#6845,.F.);
#6847=EDGE_LOOP('',(#6838,#6839,#6840,#6846));
#6848=FACE_BOUND('',#6847,.T.);
#6849=ADVANCED_FACE('',(#6848),#6837,.F.);
#6850=CARTESIAN_POINT('',(35.93430034,4.028571429,-21.040172045));
#6851=DIRECTION('',(0.,-1.,0.));
#6852=DIRECTION('',(-0.866025404,0.,-0.5));
#6853=AXIS2_PLACEMENT_3D('',#6850,#6851,#6852);
#6854=PLANE('',#6853);
#6855=ORIENTED_EDGE('',*,*,#3922,.T.);
#6856=ORIENTED_EDGE('',*,*,#6845,.T.);
#6857=ORIENTED_EDGE('',*,*,#1464,.T.);
#6858=CARTESIAN_POINT('',(36.188417713,4.028571429,-21.195329024));
#6859=DIRECTION('',(0.866025404,0.,0.5));
#6860=VECTOR('',#6859,0.157506389);
#6861=LINE('',#6858,#6860);
#6862=EDGE_CURVE('',#3917,#1451,#6861,.T.);
#6863=ORIENTED_EDGE('',*,*,#6862,.F.);
#6864=EDGE_LOOP('',(#6855,#6856,#6857,#6863));
#6865=FACE_BOUND('',#6864,.T.);
#6866=ADVANCED_FACE('',(#6865),#6854,.F.);
#6867=CARTESIAN_POINT('',(36.065014626,4.281428571,-21.266575829));
#6868=DIRECTION('',(0.5,0.,-0.866025404));
#6869=DIRECTION('',(-0.866025404,0.,-0.5));
#6870=AXIS2_PLACEMENT_3D('',#6867,#6868,#6869);
#6871=PLANE('',#6870);
#6872=ORIENTED_EDGE('',*,*,#3928,.T.);
#6873=ORIENTED_EDGE('',*,*,#6862,.T.);
#6874=ORIENTED_EDGE('',*,*,#1456,.T.);
#6875=ORIENTED_EDGE('',*,*,#6821,.F.);
#6876=EDGE_LOOP('',(#6872,#6873,#6874,#6875));
#6877=FACE_BOUND('',#6876,.T.);
#6878=ADVANCED_FACE('',(#6877),#6871,.F.);
#6879=CARTESIAN_POINT('',(36.795728911,10.542857143,-22.532210098));
#6880=DIRECTION('',(0.,1.,0.));
#6881=DIRECTION('',(0.866025404,0.,0.5));
#6882=AXIS2_PLACEMENT_3D('',#6879,#6880,#6881);
#6883=PLANE('',#6882);
#6884=ORIENTED_EDGE('',*,*,#3872,.T.);
#6885=CARTESIAN_POINT('',(37.04556057,10.542857143,-22.679944001));
#6886=DIRECTION('',(0.866025404,0.,0.5));
#6887=VECTOR('',#6886,0.157506389);
#6888=LINE('',#6885,#6887);
#6889=EDGE_CURVE('',#3867,#1407,#6888,.T.);
#6890=ORIENTED_EDGE('',*,*,#6889,.T.);
#6891=ORIENTED_EDGE('',*,*,#1414,.T.);
#6892=CARTESIAN_POINT('',(36.788417713,10.542857143,-22.234559508));
#6893=DIRECTION('',(0.866025404,0.,0.5));
#6894=VECTOR('',#6893,0.157506389);
#6895=LINE('',#6892,#6894);
#6896=EDGE_CURVE('',#3865,#1409,#6895,.T.);
#6897=ORIENTED_EDGE('',*,*,#6896,.F.);
#6898=EDGE_LOOP('',(#6884,#6890,#6891,#6897));
#6899=FACE_BOUND('',#6898,.T.);
#6900=ADVANCED_FACE('',(#6899),#6883,.F.);
#6901=CARTESIAN_POINT('',(36.665014626,10.29,-22.305806314));
#6902=DIRECTION('',(-0.5,0.,0.866025404));
#6903=DIRECTION('',(0.866025404,0.,0.5));
#6904=AXIS2_PLACEMENT_3D('',#6901,#6902,#6903);
#6905=PLANE('',#6904);
#6906=ORIENTED_EDGE('',*,*,#3880,.T.);
#6907=ORIENTED_EDGE('',*,*,#6896,.T.);
#6908=ORIENTED_EDGE('',*,*,#1436,.T.);
#6909=CARTESIAN_POINT('',(36.788417713,10.028571429,-22.234559508));
#6910=DIRECTION('',(0.866025404,0.,0.5));
#6911=VECTOR('',#6910,0.157506389);
#6912=LINE('',#6909,#6911);
#6913=EDGE_CURVE('',#3875,#1425,#6912,.T.);
#6914=ORIENTED_EDGE('',*,*,#6913,.F.);
#6915=EDGE_LOOP('',(#6906,#6907,#6908,#6914));
#6916=FACE_BOUND('',#6915,.T.);
#6917=ADVANCED_FACE('',(#6916),#6905,.F.);
#6918=CARTESIAN_POINT('',(36.791443197,10.028571429,-22.524787023));
#6919=DIRECTION('',(0.,-1.,0.));
#6920=DIRECTION('',(-0.866025404,0.,-0.5));
#6921=AXIS2_PLACEMENT_3D('',#6918,#6919,#6920);
#6922=PLANE('',#6921);
#6923=ORIENTED_EDGE('',*,*,#3888,.T.);
#6924=ORIENTED_EDGE('',*,*,#6913,.T.);
#6925=ORIENTED_EDGE('',*,*,#1430,.T.);
#6926=CARTESIAN_POINT('',(37.04556057,10.028571429,-22.679944001));
#6927=DIRECTION('',(0.866025404,0.,0.5));
#6928=VECTOR('',#6927,0.157506389);
#6929=LINE('',#6926,#6928);
#6930=EDGE_CURVE('',#3883,#1417,#6929,.T.);
#6931=ORIENTED_EDGE('',*,*,#6930,.F.);
#6932=EDGE_LOOP('',(#6923,#6924,#6925,#6931));
#6933=FACE_BOUND('',#6932,.T.);
#6934=ADVANCED_FACE('',(#6933),#6922,.F.);
#6935=CARTESIAN_POINT('',(36.922157483,10.281428571,-22.751190807));
#6936=DIRECTION('',(0.5,0.,-0.866025404));
#6937=DIRECTION('',(-0.866025404,0.,-0.5));
#6938=AXIS2_PLACEMENT_3D('',#6935,#6936,#6937);
#6939=PLANE('',#6938);
#6940=ORIENTED_EDGE('',*,*,#3894,.T.);
#6941=ORIENTED_EDGE('',*,*,#6930,.T.);
#6942=ORIENTED_EDGE('',*,*,#1422,.T.);
#6943=ORIENTED_EDGE('',*,*,#6889,.F.);
#6944=EDGE_LOOP('',(#6940,#6941,#6942,#6943));
#6945=FACE_BOUND('',#6944,.T.);
#6946=ADVANCED_FACE('',(#6945),#6939,.F.);
#6947=CARTESIAN_POINT('',(36.795728911,-4.028571429,-22.532210098));
#6948=DIRECTION('',(0.,1.,0.));
#6949=DIRECTION('',(0.866025404,0.,0.5));
#6950=AXIS2_PLACEMENT_3D('',#6947,#6948,#6949);
#6951=PLANE('',#6950);
#6952=ORIENTED_EDGE('',*,*,#3838,.T.);
#6953=CARTESIAN_POINT('',(37.04556057,-4.028571429,-22.679944001));
#6954=DIRECTION('',(0.866025404,0.,0.5));
#6955=VECTOR('',#6954,0.157506389);
#6956=LINE('',#6953,#6955);
#6957=EDGE_CURVE('',#3833,#1373,#6956,.T.);
#6958=ORIENTED_EDGE('',*,*,#6957,.T.);
#6959=ORIENTED_EDGE('',*,*,#1380,.T.);
#6960=CARTESIAN_POINT('',(36.788417713,-4.028571429,-22.234559508));
#6961=DIRECTION('',(0.866025404,0.,0.5));
#6962=VECTOR('',#6961,0.157506389);
#6963=LINE('',#6960,#6962);
#6964=EDGE_CURVE('',#3831,#1375,#6963,.T.);
#6965=ORIENTED_EDGE('',*,*,#6964,.F.);
#6966=EDGE_LOOP('',(#6952,#6958,#6959,#6965));
#6967=FACE_BOUND('',#6966,.T.);
#6968=ADVANCED_FACE('',(#6967),#6951,.F.);
#6969=CARTESIAN_POINT('',(36.665014626,-4.281428571,-22.305806314));
#6970=DIRECTION('',(-0.5,0.,0.866025404));
#6971=DIRECTION('',(0.866025404,0.,0.5));
#6972=AXIS2_PLACEMENT_3D('',#6969,#6970,#6971);
#6973=PLANE('',#6972);
#6974=ORIENTED_EDGE('',*,*,#3846,.T.);
#6975=ORIENTED_EDGE('',*,*,#6964,.T.);
#6976=ORIENTED_EDGE('',*,*,#1402,.T.);
#6977=CARTESIAN_POINT('',(36.788417713,-4.542857143,-22.234559508));
#6978=DIRECTION('',(0.866025404,0.,0.5));
#6979=VECTOR('',#6978,0.157506389);
#6980=LINE('',#6977,#6979);
#6981=EDGE_CURVE('',#3841,#1391,#6980,.T.);
#6982=ORIENTED_EDGE('',*,*,#6981,.F.);
#6983=EDGE_LOOP('',(#6974,#6975,#6976,#6982));
#6984=FACE_BOUND('',#6983,.T.);
#6985=ADVANCED_FACE('',(#6984),#6973,.F.);
#6986=CARTESIAN_POINT('',(36.791443197,-4.542857143,-22.524787023));
#6987=DIRECTION('',(0.,-1.,0.));
#6988=DIRECTION('',(-0.866025404,0.,-0.5));
#6989=AXIS2_PLACEMENT_3D('',#6986,#6987,#6988);
#6990=PLANE('',#6989);
#6991=ORIENTED_EDGE('',*,*,#3854,.T.);
#6992=ORIENTED_EDGE('',*,*,#6981,.T.);
#6993=ORIENTED_EDGE('',*,*,#1396,.T.);
#6994=CARTESIAN_POINT('',(37.04556057,-4.542857143,-22.679944001));
#6995=DIRECTION('',(0.866025404,0.,0.5));
#6996=VECTOR('',#6995,0.157506389);
#6997=LINE('',#6994,#6996);
#6998=EDGE_CURVE('',#3849,#1383,#6997,.T.);
#6999=ORIENTED_EDGE('',*,*,#6998,.F.);
#7000=EDGE_LOOP('',(#6991,#6992,#6993,#6999));
#7001=FACE_BOUND('',#7000,.T.);
#7002=ADVANCED_FACE('',(#7001),#6990,.F.);
#7003=CARTESIAN_POINT('',(36.922157483,-4.29,-22.751190807));
#7004=DIRECTION('',(0.5,0.,-0.866025404));
#7005=DIRECTION('',(-0.866025404,0.,-0.5));
#7006=AXIS2_PLACEMENT_3D('',#7003,#7004,#7005);
#7007=PLANE('',#7006);
#7008=ORIENTED_EDGE('',*,*,#3860,.T.);
#7009=ORIENTED_EDGE('',*,*,#6998,.T.);
#7010=ORIENTED_EDGE('',*,*,#1388,.T.);
#7011=ORIENTED_EDGE('',*,*,#6957,.F.);
#7012=EDGE_LOOP('',(#7008,#7009,#7010,#7011));
#7013=FACE_BOUND('',#7012,.T.);
#7014=ADVANCED_FACE('',(#7013),#7007,.F.);
#7015=CARTESIAN_POINT('',(35.938586054,-3.171428571,-21.04759512));
#7016=DIRECTION('',(0.,1.,0.));
#7017=DIRECTION('',(0.866025404,0.,0.5));
#7018=AXIS2_PLACEMENT_3D('',#7015,#7016,#7017);
#7019=PLANE('',#7018);
#7020=ORIENTED_EDGE('',*,*,#3804,.T.);
#7021=CARTESIAN_POINT('',(36.188417713,-3.171428571,-21.195329024));
#7022=DIRECTION('',(0.866025404,0.,0.5));
#7023=VECTOR('',#7022,0.157506389);
#7024=LINE('',#7021,#7023);
#7025=EDGE_CURVE('',#3799,#1339,#7024,.T.);
#7026=ORIENTED_EDGE('',*,*,#7025,.T.);
#7027=ORIENTED_EDGE('',*,*,#1346,.T.);
#7028=CARTESIAN_POINT('',(35.931274856,-3.171428571,-20.74994453));
#7029=DIRECTION('',(0.866025404,0.,0.5));
#7030=VECTOR('',#7029,0.157506389);
#7031=LINE('',#7028,#7030);
#7032=EDGE_CURVE('',#3797,#1341,#7031,.T.);
#7033=ORIENTED_EDGE('',*,*,#7032,.F.);
#7034=EDGE_LOOP('',(#7020,#7026,#7027,#7033));
#7035=FACE_BOUND('',#7034,.T.);
#7036=ADVANCED_FACE('',(#7035),#7019,.F.);
#7037=CARTESIAN_POINT('',(35.807871769,-3.424285714,-20.821191336));
#7038=DIRECTION('',(-0.5,0.,0.866025404));
#7039=DIRECTION('',(0.866025404,0.,0.5));
#7040=AXIS2_PLACEMENT_3D('',#7037,#7038,#7039);
#7041=PLANE('',#7040);
#7042=ORIENTED_EDGE('',*,*,#3812,.T.);
#7043=ORIENTED_EDGE('',*,*,#7032,.T.);
#7044=ORIENTED_EDGE('',*,*,#1368,.T.);
#7045=CARTESIAN_POINT('',(35.931274856,-3.685714286,-20.74994453));
#7046=DIRECTION('',(0.866025404,0.,0.5));
#7047=VECTOR('',#7046,0.157506389);
#7048=LINE('',#7045,#7047);
#7049=EDGE_CURVE('',#3807,#1357,#7048,.T.);
#7050=ORIENTED_EDGE('',*,*,#7049,.F.);
#7051=EDGE_LOOP('',(#7042,#7043,#7044,#7050));
#7052=FACE_BOUND('',#7051,.T.);
#7053=ADVANCED_FACE('',(#7052),#7041,.F.);
#7054=CARTESIAN_POINT('',(35.93430034,-3.685714286,-21.040172045));
#7055=DIRECTION('',(0.,-1.,0.));
#7056=DIRECTION('',(-0.866025404,0.,-0.5));
#7057=AXIS2_PLACEMENT_3D('',#7054,#7055,#7056);
#7058=PLANE('',#7057);
#7059=ORIENTED_EDGE('',*,*,#3820,.T.);
#7060=ORIENTED_EDGE('',*,*,#7049,.T.);
#7061=ORIENTED_EDGE('',*,*,#1362,.T.);
#7062=CARTESIAN_POINT('',(36.188417713,-3.685714286,-21.195329024));
#7063=DIRECTION('',(0.866025404,0.,0.5));
#7064=VECTOR('',#7063,0.157506389);
#7065=LINE('',#7062,#7064);
#7066=EDGE_CURVE('',#3815,#1349,#7065,.T.);
#7067=ORIENTED_EDGE('',*,*,#7066,.F.);
#7068=EDGE_LOOP('',(#7059,#7060,#7061,#7067));
#7069=FACE_BOUND('',#7068,.T.);
#7070=ADVANCED_FACE('',(#7069),#7058,.F.);
#7071=CARTESIAN_POINT('',(36.065014626,-3.432857143,-21.266575829));
#7072=DIRECTION('',(0.5,0.,-0.866025404));
#7073=DIRECTION('',(-0.866025404,0.,-0.5));
#7074=AXIS2_PLACEMENT_3D('',#7071,#7072,#7073);
#7075=PLANE('',#7074);
#7076=ORIENTED_EDGE('',*,*,#3826,.T.);
#7077=ORIENTED_EDGE('',*,*,#7066,.T.);
#7078=ORIENTED_EDGE('',*,*,#1354,.T.);
#7079=ORIENTED_EDGE('',*,*,#7025,.F.);
#7080=EDGE_LOOP('',(#7076,#7077,#7078,#7079));
#7081=FACE_BOUND('',#7080,.T.);
#7082=ADVANCED_FACE('',(#7081),#7075,.F.);
#7083=CARTESIAN_POINT('',(35.510014626,-8.314285714,-20.305287631));
#7084=DIRECTION('',(0.,1.,0.));
#7085=DIRECTION('',(0.866025404,0.,0.5));
#7086=AXIS2_PLACEMENT_3D('',#7083,#7084,#7085);
#7087=PLANE('',#7086);
#7088=ORIENTED_EDGE('',*,*,#3770,.T.);
#7089=CARTESIAN_POINT('',(35.759846284,-8.314285714,-20.453021535));
#7090=DIRECTION('',(0.866025404,0.,0.5));
#7091=VECTOR('',#7090,0.157506389);
#7092=LINE('',#7089,#7091);
#7093=EDGE_CURVE('',#3765,#1305,#7092,.T.);
#7094=ORIENTED_EDGE('',*,*,#7093,.T.);
#7095=ORIENTED_EDGE('',*,*,#1312,.T.);
#7096=CARTESIAN_POINT('',(35.502703427,-8.314285714,-20.007637041));
#7097=DIRECTION('',(0.866025404,0.,0.5));
#7098=VECTOR('',#7097,0.157506389);
#7099=LINE('',#7096,#7098);
#7100=EDGE_CURVE('',#3763,#1307,#7099,.T.);
#7101=ORIENTED_EDGE('',*,*,#7100,.F.);
#7102=EDGE_LOOP('',(#7088,#7094,#7095,#7101));
#7103=FACE_BOUND('',#7102,.T.);
#7104=ADVANCED_FACE('',(#7103),#7087,.F.);
#7105=CARTESIAN_POINT('',(35.37930034,-8.567142857,-20.078883847));
#7106=DIRECTION('',(-0.5,0.,0.866025404));
#7107=DIRECTION('',(0.866025404,0.,0.5));
#7108=AXIS2_PLACEMENT_3D('',#7105,#7106,#7107);
#7109=PLANE('',#7108);
#7110=ORIENTED_EDGE('',*,*,#3778,.T.);
#7111=ORIENTED_EDGE('',*,*,#7100,.T.);
#7112=ORIENTED_EDGE('',*,*,#1334,.T.);
#7113=CARTESIAN_POINT('',(35.502703427,-8.828571429,-20.007637041));
#7114=DIRECTION('',(0.866025404,0.,0.5));
#7115=VECTOR('',#7114,0.157506389);
#7116=LINE('',#7113,#7115);
#7117=EDGE_CURVE('',#3773,#1323,#7116,.T.);
#7118=ORIENTED_EDGE('',*,*,#7117,.F.);
#7119=EDGE_LOOP('',(#7110,#7111,#7112,#7118));
#7120=FACE_BOUND('',#7119,.T.);
#7121=ADVANCED_FACE('',(#7120),#7109,.F.);
#7122=CARTESIAN_POINT('',(35.505728911,-8.828571429,-20.297864556));
#7123=DIRECTION('',(0.,-1.,0.));
#7124=DIRECTION('',(-0.866025404,0.,-0.5));
#7125=AXIS2_PLACEMENT_3D('',#7122,#7123,#7124);
#7126=PLANE('',#7125);
#7127=ORIENTED_EDGE('',*,*,#3786,.T.);
#7128=ORIENTED_EDGE('',*,*,#7117,.T.);
#7129=ORIENTED_EDGE('',*,*,#1328,.T.);
#7130=CARTESIAN_POINT('',(35.759846284,-8.828571429,-20.453021535));
#7131=DIRECTION('',(0.866025404,0.,0.5));
#7132=VECTOR('',#7131,0.157506389);
#7133=LINE('',#7130,#7132);
#7134=EDGE_CURVE('',#3781,#1315,#7133,.T.);
#7135=ORIENTED_EDGE('',*,*,#7134,.F.);
#7136=EDGE_LOOP('',(#7127,#7128,#7129,#7135));
#7137=FACE_BOUND('',#7136,.T.);
#7138=ADVANCED_FACE('',(#7137),#7126,.F.);
#7139=CARTESIAN_POINT('',(35.636443197,-8.575714286,-20.52426834));
#7140=DIRECTION('',(0.5,0.,-0.866025404));
#7141=DIRECTION('',(-0.866025404,0.,-0.5));
#7142=AXIS2_PLACEMENT_3D('',#7139,#7140,#7141);
#7143=PLANE('',#7142);
#7144=ORIENTED_EDGE('',*,*,#3792,.T.);
#7145=ORIENTED_EDGE('',*,*,#7134,.T.);
#7146=ORIENTED_EDGE('',*,*,#1320,.T.);
#7147=ORIENTED_EDGE('',*,*,#7093,.F.);
#7148=EDGE_LOOP('',(#7144,#7145,#7146,#7147));
#7149=FACE_BOUND('',#7148,.T.);
#7150=ADVANCED_FACE('',(#7149),#7143,.F.);
#7151=CARTESIAN_POINT('',(37.22430034,-11.742857143,-23.274517587));
#7152=DIRECTION('',(0.,1.,0.));
#7153=DIRECTION('',(0.866025404,0.,0.5));
#7154=AXIS2_PLACEMENT_3D('',#7151,#7152,#7153);
#7155=PLANE('',#7154);
#7156=ORIENTED_EDGE('',*,*,#3736,.T.);
#7157=CARTESIAN_POINT('',(37.474131999,-11.742857143,-23.42225149));
#7158=DIRECTION('',(0.866025404,0.,0.5));
#7159=VECTOR('',#7158,0.157506388);
#7160=LINE('',#7157,#7159);
#7161=EDGE_CURVE('',#3731,#1271,#7160,.T.);
#7162=ORIENTED_EDGE('',*,*,#7161,.T.);
#7163=ORIENTED_EDGE('',*,*,#1278,.T.);
#7164=CARTESIAN_POINT('',(37.216989142,-11.742857143,-22.976866997));
#7165=DIRECTION('',(0.866025404,0.,0.5));
#7166=VECTOR('',#7165,0.157506388);
#7167=LINE('',#7164,#7166);
#7168=EDGE_CURVE('',#3729,#1273,#7167,.T.);
#7169=ORIENTED_EDGE('',*,*,#7168,.F.);
#7170=EDGE_LOOP('',(#7156,#7162,#7163,#7169));
#7171=FACE_BOUND('',#7170,.T.);
#7172=ADVANCED_FACE('',(#7171),#7155,.F.);
#7173=CARTESIAN_POINT('',(37.093586054,-11.995714286,-23.048113803));
#7174=DIRECTION('',(-0.5,0.,0.866025404));
#7175=DIRECTION('',(0.866025404,0.,0.5));
#7176=AXIS2_PLACEMENT_3D('',#7173,#7174,#7175);
#7177=PLANE('',#7176);
#7178=ORIENTED_EDGE('',*,*,#3744,.T.);
#7179=ORIENTED_EDGE('',*,*,#7168,.T.);
#7180=ORIENTED_EDGE('',*,*,#1300,.T.);
#7181=CARTESIAN_POINT('',(37.216989142,-12.257142857,-22.976866997));
#7182=DIRECTION('',(0.866025404,0.,0.5));
#7183=VECTOR('',#7182,0.157506388);
#7184=LINE('',#7181,#7183);
#7185=EDGE_CURVE('',#3739,#1289,#7184,.T.);
#7186=ORIENTED_EDGE('',*,*,#7185,.F.);
#7187=EDGE_LOOP('',(#7178,#7179,#7180,#7186));
#7188=FACE_BOUND('',#7187,.T.);
#7189=ADVANCED_FACE('',(#7188),#7177,.F.);
#7190=CARTESIAN_POINT('',(37.220014626,-12.257142857,-23.267094512));
#7191=DIRECTION('',(0.,-1.,0.));
#7192=DIRECTION('',(-0.866025404,0.,-0.5));
#7193=AXIS2_PLACEMENT_3D('',#7190,#7191,#7192);
#7194=PLANE('',#7193);
#7195=ORIENTED_EDGE('',*,*,#3752,.T.);
#7196=ORIENTED_EDGE('',*,*,#7185,.T.);
#7197=ORIENTED_EDGE('',*,*,#1294,.T.);
#7198=CARTESIAN_POINT('',(37.474131999,-12.257142857,-23.42225149));
#7199=DIRECTION('',(0.866025404,0.,0.5));
#7200=VECTOR('',#7199,0.157506388);
#7201=LINE('',#7198,#7200);
#7202=EDGE_CURVE('',#3747,#1281,#7201,.T.);
#7203=ORIENTED_EDGE('',*,*,#7202,.F.);
#7204=EDGE_LOOP('',(#7195,#7196,#7197,#7203));
#7205=FACE_BOUND('',#7204,.T.);
#7206=ADVANCED_FACE('',(#7205),#7194,.F.);
#7207=CARTESIAN_POINT('',(37.350728911,-12.004285714,-23.493498296));
#7208=DIRECTION('',(0.5,0.,-0.866025404));
#7209=DIRECTION('',(-0.866025404,0.,-0.5));
#7210=AXIS2_PLACEMENT_3D('',#7207,#7208,#7209);
#7211=PLANE('',#7210);
#7212=ORIENTED_EDGE('',*,*,#3758,.T.);
#7213=ORIENTED_EDGE('',*,*,#7202,.T.);
#7214=ORIENTED_EDGE('',*,*,#1286,.T.);
#7215=ORIENTED_EDGE('',*,*,#7161,.F.);
#7216=EDGE_LOOP('',(#7212,#7213,#7214,#7215));
#7217=FACE_BOUND('',#7216,.T.);
#7218=ADVANCED_FACE('',(#7217),#7211,.F.);
#7219=CARTESIAN_POINT('',(38.081443197,9.685714286,-24.759132565));
#7220=DIRECTION('',(0.,1.,0.));
#7221=DIRECTION('',(0.866025404,0.,0.5));
#7222=AXIS2_PLACEMENT_3D('',#7219,#7220,#7221);
#7223=PLANE('',#7222);
#7224=ORIENTED_EDGE('',*,*,#3702,.T.);
#7225=CARTESIAN_POINT('',(38.331274856,9.685714286,-24.906866468));
#7226=DIRECTION('',(0.866025404,0.,0.5));
#7227=VECTOR('',#7226,0.157506388);
#7228=LINE('',#7225,#7227);
#7229=EDGE_CURVE('',#3697,#1237,#7228,.T.);
#7230=ORIENTED_EDGE('',*,*,#7229,.T.);
#7231=ORIENTED_EDGE('',*,*,#1244,.T.);
#7232=CARTESIAN_POINT('',(38.074131999,9.685714286,-24.461481975));
#7233=DIRECTION('',(0.866025404,0.,0.5));
#7234=VECTOR('',#7233,0.157506388);
#7235=LINE('',#7232,#7234);
#7236=EDGE_CURVE('',#3695,#1239,#7235,.T.);
#7237=ORIENTED_EDGE('',*,*,#7236,.F.);
#7238=EDGE_LOOP('',(#7224,#7230,#7231,#7237));
#7239=FACE_BOUND('',#7238,.T.);
#7240=ADVANCED_FACE('',(#7239),#7223,.F.);
#7241=CARTESIAN_POINT('',(37.950728911,9.432857143,-24.532728781));
#7242=DIRECTION('',(-0.5,0.,0.866025404));
#7243=DIRECTION('',(0.866025404,0.,0.5));
#7244=AXIS2_PLACEMENT_3D('',#7241,#7242,#7243);
#7245=PLANE('',#7244);
#7246=ORIENTED_EDGE('',*,*,#3710,.T.);
#7247=ORIENTED_EDGE('',*,*,#7236,.T.);
#7248=ORIENTED_EDGE('',*,*,#1266,.T.);
#7249=CARTESIAN_POINT('',(38.074131999,9.171428571,-24.461481975));
#7250=DIRECTION('',(0.866025404,0.,0.5));
#7251=VECTOR('',#7250,0.157506388);
#7252=LINE('',#7249,#7251);
#7253=EDGE_CURVE('',#3705,#1255,#7252,.T.);
#7254=ORIENTED_EDGE('',*,*,#7253,.F.);
#7255=EDGE_LOOP('',(#7246,#7247,#7248,#7254));
#7256=FACE_BOUND('',#7255,.T.);
#7257=ADVANCED_FACE('',(#7256),#7245,.F.);
#7258=CARTESIAN_POINT('',(38.077157483,9.171428571,-24.75170949));
#7259=DIRECTION('',(0.,-1.,0.));
#7260=DIRECTION('',(-0.866025404,0.,-0.5));
#7261=AXIS2_PLACEMENT_3D('',#7258,#7259,#7260);
#7262=PLANE('',#7261);
#7263=ORIENTED_EDGE('',*,*,#3718,.T.);
#7264=ORIENTED_EDGE('',*,*,#7253,.T.);
#7265=ORIENTED_EDGE('',*,*,#1260,.T.);
#7266=CARTESIAN_POINT('',(38.331274856,9.171428571,-24.906866468));
#7267=DIRECTION('',(0.866025404,0.,0.5));
#7268=VECTOR('',#7267,0.157506388);
#7269=LINE('',#7266,#7268);
#7270=EDGE_CURVE('',#3713,#1247,#7269,.T.);
#7271=ORIENTED_EDGE('',*,*,#7270,.F.);
#7272=EDGE_LOOP('',(#7263,#7264,#7265,#7271));
#7273=FACE_BOUND('',#7272,.T.);
#7274=ADVANCED_FACE('',(#7273),#7262,.F.);
#7275=CARTESIAN_POINT('',(38.207871769,9.424285714,-24.978113274));
#7276=DIRECTION('',(0.5,0.,-0.866025404));
#7277=DIRECTION('',(-0.866025404,0.,-0.5));
#7278=AXIS2_PLACEMENT_3D('',#7275,#7276,#7277);
#7279=PLANE('',#7278);
#7280=ORIENTED_EDGE('',*,*,#3724,.T.);
#7281=ORIENTED_EDGE('',*,*,#7270,.T.);
#7282=ORIENTED_EDGE('',*,*,#1252,.T.);
#7283=ORIENTED_EDGE('',*,*,#7229,.F.);
#7284=EDGE_LOOP('',(#7280,#7281,#7282,#7283));
#7285=FACE_BOUND('',#7284,.T.);
#7286=ADVANCED_FACE('',(#7285),#7279,.F.);
#7287=CARTESIAN_POINT('',(37.22430034,7.114285714,-23.274517587));
#7288=DIRECTION('',(0.,1.,0.));
#7289=DIRECTION('',(0.866025404,0.,0.5));
#7290=AXIS2_PLACEMENT_3D('',#7287,#7288,#7289);
#7291=PLANE('',#7290);
#7292=ORIENTED_EDGE('',*,*,#3668,.T.);
#7293=CARTESIAN_POINT('',(37.474131999,7.114285714,-23.42225149));
#7294=DIRECTION('',(0.866025404,0.,0.5));
#7295=VECTOR('',#7294,0.157506388);
#7296=LINE('',#7293,#7295);
#7297=EDGE_CURVE('',#3663,#1203,#7296,.T.);
#7298=ORIENTED_EDGE('',*,*,#7297,.T.);
#7299=ORIENTED_EDGE('',*,*,#1210,.T.);
#7300=CARTESIAN_POINT('',(37.216989142,7.114285714,-22.976866997));
#7301=DIRECTION('',(0.866025404,0.,0.5));
#7302=VECTOR('',#7301,0.157506388);
#7303=LINE('',#7300,#7302);
#7304=EDGE_CURVE('',#3661,#1205,#7303,.T.);
#7305=ORIENTED_EDGE('',*,*,#7304,.F.);
#7306=EDGE_LOOP('',(#7292,#7298,#7299,#7305));
#7307=FACE_BOUND('',#7306,.T.);
#7308=ADVANCED_FACE('',(#7307),#7291,.F.);
#7309=CARTESIAN_POINT('',(37.093586054,6.861428571,-23.048113803));
#7310=DIRECTION('',(-0.5,0.,0.866025404));
#7311=DIRECTION('',(0.866025404,0.,0.5));
#7312=AXIS2_PLACEMENT_3D('',#7309,#7310,#7311);
#7313=PLANE('',#7312);
#7314=ORIENTED_EDGE('',*,*,#3676,.T.);
#7315=ORIENTED_EDGE('',*,*,#7304,.T.);
#7316=ORIENTED_EDGE('',*,*,#1232,.T.);
#7317=CARTESIAN_POINT('',(37.216989142,6.6,-22.976866997));
#7318=DIRECTION('',(0.866025404,0.,0.5));
#7319=VECTOR('',#7318,0.157506388);
#7320=LINE('',#7317,#7319);
#7321=EDGE_CURVE('',#3671,#1221,#7320,.T.);
#7322=ORIENTED_EDGE('',*,*,#7321,.F.);
#7323=EDGE_LOOP('',(#7314,#7315,#7316,#7322));
#7324=FACE_BOUND('',#7323,.T.);
#7325=ADVANCED_FACE('',(#7324),#7313,.F.);
#7326=CARTESIAN_POINT('',(37.220014626,6.6,-23.267094512));
#7327=DIRECTION('',(0.,-1.,0.));
#7328=DIRECTION('',(-0.866025404,0.,-0.5));
#7329=AXIS2_PLACEMENT_3D('',#7326,#7327,#7328);
#7330=PLANE('',#7329);
#7331=ORIENTED_EDGE('',*,*,#3684,.T.);
#7332=ORIENTED_EDGE('',*,*,#7321,.T.);
#7333=ORIENTED_EDGE('',*,*,#1226,.T.);
#7334=CARTESIAN_POINT('',(37.474131999,6.6,-23.42225149));
#7335=DIRECTION('',(0.866025404,0.,0.5));
#7336=VECTOR('',#7335,0.157506388);
#7337=LINE('',#7334,#7336);
#7338=EDGE_CURVE('',#3679,#1213,#7337,.T.);
#7339=ORIENTED_EDGE('',*,*,#7338,.F.);
#7340=EDGE_LOOP('',(#7331,#7332,#7333,#7339));
#7341=FACE_BOUND('',#7340,.T.);
#7342=ADVANCED_FACE('',(#7341),#7330,.F.);
#7343=CARTESIAN_POINT('',(37.350728911,6.852857143,-23.493498296));
#7344=DIRECTION('',(0.5,0.,-0.866025404));
#7345=DIRECTION('',(-0.866025404,0.,-0.5));
#7346=AXIS2_PLACEMENT_3D('',#7343,#7344,#7345);
#7347=PLANE('',#7346);
#7348=ORIENTED_EDGE('',*,*,#3690,.T.);
#7349=ORIENTED_EDGE('',*,*,#7338,.T.);
#7350=ORIENTED_EDGE('',*,*,#1218,.T.);
#7351=ORIENTED_EDGE('',*,*,#7297,.F.);
#7352=EDGE_LOOP('',(#7348,#7349,#7350,#7351));
#7353=FACE_BOUND('',#7352,.T.);
#7354=ADVANCED_FACE('',(#7353),#7347,.F.);
#7355=CARTESIAN_POINT('',(38.081443197,-11.742857143,-24.759132565));
#7356=DIRECTION('',(0.,1.,0.));
#7357=DIRECTION('',(0.866025404,0.,0.5));
#7358=AXIS2_PLACEMENT_3D('',#7355,#7356,#7357);
#7359=PLANE('',#7358);
#7360=ORIENTED_EDGE('',*,*,#3634,.T.);
#7361=CARTESIAN_POINT('',(38.331274856,-11.742857143,-24.906866468));
#7362=DIRECTION('',(0.866025404,0.,0.5));
#7363=VECTOR('',#7362,0.157506388);
#7364=LINE('',#7361,#7363);
#7365=EDGE_CURVE('',#3629,#1169,#7364,.T.);
#7366=ORIENTED_EDGE('',*,*,#7365,.T.);
#7367=ORIENTED_EDGE('',*,*,#1176,.T.);
#7368=CARTESIAN_POINT('',(38.074131999,-11.742857143,-24.461481975));
#7369=DIRECTION('',(0.866025404,0.,0.5));
#7370=VECTOR('',#7369,0.157506388);
#7371=LINE('',#7368,#7370);
#7372=EDGE_CURVE('',#3627,#1171,#7371,.T.);
#7373=ORIENTED_EDGE('',*,*,#7372,.F.);
#7374=EDGE_LOOP('',(#7360,#7366,#7367,#7373));
#7375=FACE_BOUND('',#7374,.T.);
#7376=ADVANCED_FACE('',(#7375),#7359,.F.);
#7377=CARTESIAN_POINT('',(37.950728911,-11.995714286,-24.532728781));
#7378=DIRECTION('',(-0.5,0.,0.866025404));
#7379=DIRECTION('',(0.866025404,0.,0.5));
#7380=AXIS2_PLACEMENT_3D('',#7377,#7378,#7379);
#7381=PLANE('',#7380);
#7382=ORIENTED_EDGE('',*,*,#3642,.T.);
#7383=ORIENTED_EDGE('',*,*,#7372,.T.);
#7384=ORIENTED_EDGE('',*,*,#1198,.T.);
#7385=CARTESIAN_POINT('',(38.074131999,-12.257142857,-24.461481975));
#7386=DIRECTION('',(0.866025404,0.,0.5));
#7387=VECTOR('',#7386,0.157506388);
#7388=LINE('',#7385,#7387);
#7389=EDGE_CURVE('',#3637,#1187,#7388,.T.);
#7390=ORIENTED_EDGE('',*,*,#7389,.F.);
#7391=EDGE_LOOP('',(#7382,#7383,#7384,#7390));
#7392=FACE_BOUND('',#7391,.T.);
#7393=ADVANCED_FACE('',(#7392),#7381,.F.);
#7394=CARTESIAN_POINT('',(38.077157483,-12.257142857,-24.75170949));
#7395=DIRECTION('',(0.,-1.,0.));
#7396=DIRECTION('',(-0.866025404,0.,-0.5));
#7397=AXIS2_PLACEMENT_3D('',#7394,#7395,#7396);
#7398=PLANE('',#7397);
#7399=ORIENTED_EDGE('',*,*,#3650,.T.);
#7400=ORIENTED_EDGE('',*,*,#7389,.T.);
#7401=ORIENTED_EDGE('',*,*,#1192,.T.);
#7402=CARTESIAN_POINT('',(38.331274856,-12.257142857,-24.906866468));
#7403=DIRECTION('',(0.866025404,0.,0.5));
#7404=VECTOR('',#7403,0.157506388);
#7405=LINE('',#7402,#7404);
#7406=EDGE_CURVE('',#3645,#1179,#7405,.T.);
#7407=ORIENTED_EDGE('',*,*,#7406,.F.);
#7408=EDGE_LOOP('',(#7399,#7400,#7401,#7407));
#7409=FACE_BOUND('',#7408,.T.);
#7410=ADVANCED_FACE('',(#7409),#7398,.F.);
#7411=CARTESIAN_POINT('',(38.207871769,-12.004285714,-24.978113274));
#7412=DIRECTION('',(0.5,0.,-0.866025404));
#7413=DIRECTION('',(-0.866025404,0.,-0.5));
#7414=AXIS2_PLACEMENT_3D('',#7411,#7412,#7413);
#7415=PLANE('',#7414);
#7416=ORIENTED_EDGE('',*,*,#3656,.T.);
#7417=ORIENTED_EDGE('',*,*,#7406,.T.);
#7418=ORIENTED_EDGE('',*,*,#1184,.T.);
#7419=ORIENTED_EDGE('',*,*,#7365,.F.);
#7420=EDGE_LOOP('',(#7416,#7417,#7418,#7419));
#7421=FACE_BOUND('',#7420,.T.);
#7422=ADVANCED_FACE('',(#7421),#7415,.F.);
#7423=CARTESIAN_POINT('',(36.795728911,-4.885714286,-22.532210098));
#7424=DIRECTION('',(0.,1.,0.));
#7425=DIRECTION('',(0.866025404,0.,0.5));
#7426=AXIS2_PLACEMENT_3D('',#7423,#7424,#7425);
#7427=PLANE('',#7426);
#7428=ORIENTED_EDGE('',*,*,#3600,.T.);
#7429=CARTESIAN_POINT('',(37.04556057,-4.885714286,-22.679944001));
#7430=DIRECTION('',(0.866025404,0.,0.5));
#7431=VECTOR('',#7430,0.157506389);
#7432=LINE('',#7429,#7431);
#7433=EDGE_CURVE('',#3595,#1135,#7432,.T.);
#7434=ORIENTED_EDGE('',*,*,#7433,.T.);
#7435=ORIENTED_EDGE('',*,*,#1142,.T.);
#7436=CARTESIAN_POINT('',(36.788417713,-4.885714286,-22.234559508));
#7437=DIRECTION('',(0.866025404,0.,0.5));
#7438=VECTOR('',#7437,0.157506389);
#7439=LINE('',#7436,#7438);
#7440=EDGE_CURVE('',#3593,#1137,#7439,.T.);
#7441=ORIENTED_EDGE('',*,*,#7440,.F.);
#7442=EDGE_LOOP('',(#7428,#7434,#7435,#7441));
#7443=FACE_BOUND('',#7442,.T.);
#7444=ADVANCED_FACE('',(#7443),#7427,.F.);
#7445=CARTESIAN_POINT('',(36.665014626,-5.138571429,-22.305806314));
#7446=DIRECTION('',(-0.5,0.,0.866025404));
#7447=DIRECTION('',(0.866025404,0.,0.5));
#7448=AXIS2_PLACEMENT_3D('',#7445,#7446,#7447);
#7449=PLANE('',#7448);
#7450=ORIENTED_EDGE('',*,*,#3608,.T.);
#7451=ORIENTED_EDGE('',*,*,#7440,.T.);
#7452=ORIENTED_EDGE('',*,*,#1164,.T.);
#7453=CARTESIAN_POINT('',(36.788417713,-5.4,-22.234559508));
#7454=DIRECTION('',(0.866025404,0.,0.5));
#7455=VECTOR('',#7454,0.157506389);
#7456=LINE('',#7453,#7455);
#7457=EDGE_CURVE('',#3603,#1153,#7456,.T.);
#7458=ORIENTED_EDGE('',*,*,#7457,.F.);
#7459=EDGE_LOOP('',(#7450,#7451,#7452,#7458));
#7460=FACE_BOUND('',#7459,.T.);
#7461=ADVANCED_FACE('',(#7460),#7449,.F.);
#7462=CARTESIAN_POINT('',(36.791443197,-5.4,-22.524787023));
#7463=DIRECTION('',(0.,-1.,0.));
#7464=DIRECTION('',(-0.866025404,0.,-0.5));
#7465=AXIS2_PLACEMENT_3D('',#7462,#7463,#7464);
#7466=PLANE('',#7465);
#7467=ORIENTED_EDGE('',*,*,#3616,.T.);
#7468=ORIENTED_EDGE('',*,*,#7457,.T.);
#7469=ORIENTED_EDGE('',*,*,#1158,.T.);
#7470=CARTESIAN_POINT('',(37.04556057,-5.4,-22.679944001));
#7471=DIRECTION('',(0.866025404,0.,0.5));
#7472=VECTOR('',#7471,0.157506389);
#7473=LINE('',#7470,#7472);
#7474=EDGE_CURVE('',#3611,#1145,#7473,.T.);
#7475=ORIENTED_EDGE('',*,*,#7474,.F.);
#7476=EDGE_LOOP('',(#7467,#7468,#7469,#7475));
#7477=FACE_BOUND('',#7476,.T.);
#7478=ADVANCED_FACE('',(#7477),#7466,.F.);
#7479=CARTESIAN_POINT('',(36.922157483,-5.147142857,-22.751190807));
#7480=DIRECTION('',(0.5,0.,-0.866025404));
#7481=DIRECTION('',(-0.866025404,0.,-0.5));
#7482=AXIS2_PLACEMENT_3D('',#7479,#7480,#7481);
#7483=PLANE('',#7482);
#7484=ORIENTED_EDGE('',*,*,#3622,.T.);
#7485=ORIENTED_EDGE('',*,*,#7474,.T.);
#7486=ORIENTED_EDGE('',*,*,#1150,.T.);
#7487=ORIENTED_EDGE('',*,*,#7433,.F.);
#7488=EDGE_LOOP('',(#7484,#7485,#7486,#7487));
#7489=FACE_BOUND('',#7488,.T.);
#7490=ADVANCED_FACE('',(#7489),#7483,.F.);
#7491=CARTESIAN_POINT('',(38.510014626,-0.6,-25.501440054));
#7492=DIRECTION('',(0.,1.,0.));
#7493=DIRECTION('',(0.866025404,0.,0.5));
#7494=AXIS2_PLACEMENT_3D('',#7491,#7492,#7493);
#7495=PLANE('',#7494);
#7496=ORIENTED_EDGE('',*,*,#3566,.T.);
#7497=CARTESIAN_POINT('',(38.759846285,-0.6,-25.649173957));
#7498=DIRECTION('',(0.866025404,0.,0.5));
#7499=VECTOR('',#7498,0.157506388);
#7500=LINE('',#7497,#7499);
#7501=EDGE_CURVE('',#3561,#1101,#7500,.T.);
#7502=ORIENTED_EDGE('',*,*,#7501,.T.);
#7503=ORIENTED_EDGE('',*,*,#1108,.T.);
#7504=CARTESIAN_POINT('',(38.502703428,-0.6,-25.203789464));
#7505=DIRECTION('',(0.866025404,0.,0.5));
#7506=VECTOR('',#7505,0.157506388);
#7507=LINE('',#7504,#7506);
#7508=EDGE_CURVE('',#3559,#1103,#7507,.T.);
#7509=ORIENTED_EDGE('',*,*,#7508,.F.);
#7510=EDGE_LOOP('',(#7496,#7502,#7503,#7509));
#7511=FACE_BOUND('',#7510,.T.);
#7512=ADVANCED_FACE('',(#7511),#7495,.F.);
#7513=CARTESIAN_POINT('',(38.37930034,-0.852857143,-25.27503627));
#7514=DIRECTION('',(-0.5,0.,0.866025404));
#7515=DIRECTION('',(0.866025404,0.,0.5));
#7516=AXIS2_PLACEMENT_3D('',#7513,#7514,#7515);
#7517=PLANE('',#7516);
#7518=ORIENTED_EDGE('',*,*,#3574,.T.);
#7519=ORIENTED_EDGE('',*,*,#7508,.T.);
#7520=ORIENTED_EDGE('',*,*,#1130,.T.);
#7521=CARTESIAN_POINT('',(38.502703428,-1.114285714,-25.203789464));
#7522=DIRECTION('',(0.866025404,0.,0.5));
#7523=VECTOR('',#7522,0.157506388);
#7524=LINE('',#7521,#7523);
#7525=EDGE_CURVE('',#3569,#1119,#7524,.T.);
#7526=ORIENTED_EDGE('',*,*,#7525,.F.);
#7527=EDGE_LOOP('',(#7518,#7519,#7520,#7526));
#7528=FACE_BOUND('',#7527,.T.);
#7529=ADVANCED_FACE('',(#7528),#7517,.F.);
#7530=CARTESIAN_POINT('',(38.505728911,-1.114285714,-25.494016979));
#7531=DIRECTION('',(0.,-1.,0.));
#7532=DIRECTION('',(-0.866025404,0.,-0.5));
#7533=AXIS2_PLACEMENT_3D('',#7530,#7531,#7532);
#7534=PLANE('',#7533);
#7535=ORIENTED_EDGE('',*,*,#3582,.T.);
#7536=ORIENTED_EDGE('',*,*,#7525,.T.);
#7537=ORIENTED_EDGE('',*,*,#1124,.T.);
#7538=CARTESIAN_POINT('',(38.759846285,-1.114285714,-25.649173957));
#7539=DIRECTION('',(0.866025404,0.,0.5));
#7540=VECTOR('',#7539,0.157506388);
#7541=LINE('',#7538,#7540);
#7542=EDGE_CURVE('',#3577,#1111,#7541,.T.);
#7543=ORIENTED_EDGE('',*,*,#7542,.F.);
#7544=EDGE_LOOP('',(#7535,#7536,#7537,#7543));
#7545=FACE_BOUND('',#7544,.T.);
#7546=ADVANCED_FACE('',(#7545),#7534,.F.);
#7547=CARTESIAN_POINT('',(38.636443197,-0.861428571,-25.720420763));
#7548=DIRECTION('',(0.5,0.,-0.866025404));
#7549=DIRECTION('',(-0.866025404,0.,-0.5));
#7550=AXIS2_PLACEMENT_3D('',#7547,#7548,#7549);
#7551=PLANE('',#7550);
#7552=ORIENTED_EDGE('',*,*,#3588,.T.);
#7553=ORIENTED_EDGE('',*,*,#7542,.T.);
#7554=ORIENTED_EDGE('',*,*,#1116,.T.);
#7555=ORIENTED_EDGE('',*,*,#7501,.F.);
#7556=EDGE_LOOP('',(#7552,#7553,#7554,#7555));
#7557=FACE_BOUND('',#7556,.T.);
#7558=ADVANCED_FACE('',(#7557),#7551,.F.);
#7559=CARTESIAN_POINT('',(36.367157483,-11.742857143,-21.789902609));
#7560=DIRECTION('',(0.,1.,0.));
#7561=DIRECTION('',(0.866025404,0.,0.5));
#7562=AXIS2_PLACEMENT_3D('',#7559,#7560,#7561);
#7563=PLANE('',#7562);
#7564=ORIENTED_EDGE('',*,*,#3532,.T.);
#7565=CARTESIAN_POINT('',(36.616989142,-11.742857143,-21.937636512));
#7566=DIRECTION('',(0.866025404,0.,0.5));
#7567=VECTOR('',#7566,0.157506389);
#7568=LINE('',#7565,#7567);
#7569=EDGE_CURVE('',#3527,#1067,#7568,.T.);
#7570=ORIENTED_EDGE('',*,*,#7569,.T.);
#7571=ORIENTED_EDGE('',*,*,#1074,.T.);
#7572=CARTESIAN_POINT('',(36.359846284,-11.742857143,-21.492252019));
#7573=DIRECTION('',(0.866025404,0.,0.5));
#7574=VECTOR('',#7573,0.157506389);
#7575=LINE('',#7572,#7574);
#7576=EDGE_CURVE('',#3525,#1069,#7575,.T.);
#7577=ORIENTED_EDGE('',*,*,#7576,.F.);
#7578=EDGE_LOOP('',(#7564,#7570,#7571,#7577));
#7579=FACE_BOUND('',#7578,.T.);
#7580=ADVANCED_FACE('',(#7579),#7563,.F.);
#7581=CARTESIAN_POINT('',(36.236443197,-11.995714286,-21.563498825));
#7582=DIRECTION('',(-0.5,0.,0.866025404));
#7583=DIRECTION('',(0.866025404,0.,0.5));
#7584=AXIS2_PLACEMENT_3D('',#7581,#7582,#7583);
#7585=PLANE('',#7584);
#7586=ORIENTED_EDGE('',*,*,#3540,.T.);
#7587=ORIENTED_EDGE('',*,*,#7576,.T.);
#7588=ORIENTED_EDGE('',*,*,#1096,.T.);
#7589=CARTESIAN_POINT('',(36.359846284,-12.257142857,-21.492252019));
#7590=DIRECTION('',(0.866025404,0.,0.5));
#7591=VECTOR('',#7590,0.157506389);
#7592=LINE('',#7589,#7591);
#7593=EDGE_CURVE('',#3535,#1085,#7592,.T.);
#7594=ORIENTED_EDGE('',*,*,#7593,.F.);
#7595=EDGE_LOOP('',(#7586,#7587,#7588,#7594));
#7596=FACE_BOUND('',#7595,.T.);
#7597=ADVANCED_FACE('',(#7596),#7585,.F.);
#7598=CARTESIAN_POINT('',(36.362871769,-12.257142857,-21.782479534));
#7599=DIRECTION('',(0.,-1.,0.));
#7600=DIRECTION('',(-0.866025404,0.,-0.5));
#7601=AXIS2_PLACEMENT_3D('',#7598,#7599,#7600);
#7602=PLANE('',#7601);
#7603=ORIENTED_EDGE('',*,*,#3548,.T.);
#7604=ORIENTED_EDGE('',*,*,#7593,.T.);
#7605=ORIENTED_EDGE('',*,*,#1090,.T.);
#7606=CARTESIAN_POINT('',(36.616989142,-12.257142857,-21.937636512));
#7607=DIRECTION('',(0.866025404,0.,0.5));
#7608=VECTOR('',#7607,0.157506389);
#7609=LINE('',#7606,#7608);
#7610=EDGE_CURVE('',#3543,#1077,#7609,.T.);
#7611=ORIENTED_EDGE('',*,*,#7610,.F.);
#7612=EDGE_LOOP('',(#7603,#7604,#7605,#7611));
#7613=FACE_BOUND('',#7612,.T.);
#7614=ADVANCED_FACE('',(#7613),#7602,.F.);
#7615=CARTESIAN_POINT('',(36.493586054,-12.004285714,-22.008883318));
#7616=DIRECTION('',(0.5,0.,-0.866025404));
#7617=DIRECTION('',(-0.866025404,0.,-0.5));
#7618=AXIS2_PLACEMENT_3D('',#7615,#7616,#7617);
#7619=PLANE('',#7618);
#7620=ORIENTED_EDGE('',*,*,#3554,.T.);
#7621=ORIENTED_EDGE('',*,*,#7610,.T.);
#7622=ORIENTED_EDGE('',*,*,#1082,.T.);
#7623=ORIENTED_EDGE('',*,*,#7569,.F.);
#7624=EDGE_LOOP('',(#7620,#7621,#7622,#7623));
#7625=FACE_BOUND('',#7624,.T.);
#7626=ADVANCED_FACE('',(#7625),#7619,.F.);
#7627=CARTESIAN_POINT('',(35.510014626,-11.742857143,-20.305287631));
#7628=DIRECTION('',(0.,1.,0.));
#7629=DIRECTION('',(0.866025404,0.,0.5));
#7630=AXIS2_PLACEMENT_3D('',#7627,#7628,#7629);
#7631=PLANE('',#7630);
#7632=ORIENTED_EDGE('',*,*,#3498,.T.);
#7633=CARTESIAN_POINT('',(35.759846284,-11.742857143,-20.453021535));
#7634=DIRECTION('',(0.866025404,0.,0.5));
#7635=VECTOR('',#7634,0.157506389);
#7636=LINE('',#7633,#7635);
#7637=EDGE_CURVE('',#3493,#1033,#7636,.T.);
#7638=ORIENTED_EDGE('',*,*,#7637,.T.);
#7639=ORIENTED_EDGE('',*,*,#1040,.T.);
#7640=CARTESIAN_POINT('',(35.502703427,-11.742857143,-20.007637041));
#7641=DIRECTION('',(0.866025404,0.,0.5));
#7642=VECTOR('',#7641,0.157506389);
#7643=LINE('',#7640,#7642);
#7644=EDGE_CURVE('',#3491,#1035,#7643,.T.);
#7645=ORIENTED_EDGE('',*,*,#7644,.F.);
#7646=EDGE_LOOP('',(#7632,#7638,#7639,#7645));
#7647=FACE_BOUND('',#7646,.T.);
#7648=ADVANCED_FACE('',(#7647),#7631,.F.);
#7649=CARTESIAN_POINT('',(35.37930034,-11.995714286,-20.078883847));
#7650=DIRECTION('',(-0.5,0.,0.866025404));
#7651=DIRECTION('',(0.866025404,0.,0.5));
#7652=AXIS2_PLACEMENT_3D('',#7649,#7650,#7651);
#7653=PLANE('',#7652);
#7654=ORIENTED_EDGE('',*,*,#3506,.T.);
#7655=ORIENTED_EDGE('',*,*,#7644,.T.);
#7656=ORIENTED_EDGE('',*,*,#1062,.T.);
#7657=CARTESIAN_POINT('',(35.502703427,-12.257142857,-20.007637041));
#7658=DIRECTION('',(0.866025404,0.,0.5));
#7659=VECTOR('',#7658,0.157506389);
#7660=LINE('',#7657,#7659);
#7661=EDGE_CURVE('',#3501,#1051,#7660,.T.);
#7662=ORIENTED_EDGE('',*,*,#7661,.F.);
#7663=EDGE_LOOP('',(#7654,#7655,#7656,#7662));
#7664=FACE_BOUND('',#7663,.T.);
#7665=ADVANCED_FACE('',(#7664),#7653,.F.);
#7666=CARTESIAN_POINT('',(35.505728911,-12.257142857,-20.297864556));
#7667=DIRECTION('',(0.,-1.,0.));
#7668=DIRECTION('',(-0.866025404,0.,-0.5));
#7669=AXIS2_PLACEMENT_3D('',#7666,#7667,#7668);
#7670=PLANE('',#7669);
#7671=ORIENTED_EDGE('',*,*,#3514,.T.);
#7672=ORIENTED_EDGE('',*,*,#7661,.T.);
#7673=ORIENTED_EDGE('',*,*,#1056,.T.);
#7674=CARTESIAN_POINT('',(35.759846284,-12.257142857,-20.453021535));
#7675=DIRECTION('',(0.866025404,0.,0.5));
#7676=VECTOR('',#7675,0.157506389);
#7677=LINE('',#7674,#7676);
#7678=EDGE_CURVE('',#3509,#1043,#7677,.T.);
#7679=ORIENTED_EDGE('',*,*,#7678,.F.);
#7680=EDGE_LOOP('',(#7671,#7672,#7673,#7679));
#7681=FACE_BOUND('',#7680,.T.);
#7682=ADVANCED_FACE('',(#7681),#7670,.F.);
#7683=CARTESIAN_POINT('',(35.636443197,-12.004285714,-20.52426834));
#7684=DIRECTION('',(0.5,0.,-0.866025404));
#7685=DIRECTION('',(-0.866025404,0.,-0.5));
#7686=AXIS2_PLACEMENT_3D('',#7683,#7684,#7685);
#7687=PLANE('',#7686);
#7688=ORIENTED_EDGE('',*,*,#3520,.T.);
#7689=ORIENTED_EDGE('',*,*,#7678,.T.);
#7690=ORIENTED_EDGE('',*,*,#1048,.T.);
#7691=ORIENTED_EDGE('',*,*,#7637,.F.);
#7692=EDGE_LOOP('',(#7688,#7689,#7690,#7691));
#7693=FACE_BOUND('',#7692,.T.);
#7694=ADVANCED_FACE('',(#7693),#7687,.F.);
#7695=CARTESIAN_POINT('',(38.510014626,-1.457142857,-25.501440054));
#7696=DIRECTION('',(0.,1.,0.));
#7697=DIRECTION('',(0.866025404,0.,0.5));
#7698=AXIS2_PLACEMENT_3D('',#7695,#7696,#7697);
#7699=PLANE('',#7698);
#7700=ORIENTED_EDGE('',*,*,#3464,.T.);
#7701=CARTESIAN_POINT('',(38.759846285,-1.457142857,-25.649173957));
#7702=DIRECTION('',(0.866025404,0.,0.5));
#7703=VECTOR('',#7702,0.157506388);
#7704=LINE('',#7701,#7703);
#7705=EDGE_CURVE('',#3459,#999,#7704,.T.);
#7706=ORIENTED_EDGE('',*,*,#7705,.T.);
#7707=ORIENTED_EDGE('',*,*,#1006,.T.);
#7708=CARTESIAN_POINT('',(38.502703428,-1.457142857,-25.203789464));
#7709=DIRECTION('',(0.866025404,0.,0.5));
#7710=VECTOR('',#7709,0.157506388);
#7711=LINE('',#7708,#7710);
#7712=EDGE_CURVE('',#3457,#1001,#7711,.T.);
#7713=ORIENTED_EDGE('',*,*,#7712,.F.);
#7714=EDGE_LOOP('',(#7700,#7706,#7707,#7713));
#7715=FACE_BOUND('',#7714,.T.);
#7716=ADVANCED_FACE('',(#7715),#7699,.F.);
#7717=CARTESIAN_POINT('',(38.37930034,-1.71,-25.27503627));
#7718=DIRECTION('',(-0.5,0.,0.866025404));
#7719=DIRECTION('',(0.866025404,0.,0.5));
#7720=AXIS2_PLACEMENT_3D('',#7717,#7718,#7719);
#7721=PLANE('',#7720);
#7722=ORIENTED_EDGE('',*,*,#3472,.T.);
#7723=ORIENTED_EDGE('',*,*,#7712,.T.);
#7724=ORIENTED_EDGE('',*,*,#1028,.T.);
#7725=CARTESIAN_POINT('',(38.502703428,-1.971428571,-25.203789464));
#7726=DIRECTION('',(0.866025404,0.,0.5));
#7727=VECTOR('',#7726,0.157506388);
#7728=LINE('',#7725,#7727);
#7729=EDGE_CURVE('',#3467,#1017,#7728,.T.);
#7730=ORIENTED_EDGE('',*,*,#7729,.F.);
#7731=EDGE_LOOP('',(#7722,#7723,#7724,#7730));
#7732=FACE_BOUND('',#7731,.T.);
#7733=ADVANCED_FACE('',(#7732),#7721,.F.);
#7734=CARTESIAN_POINT('',(38.505728911,-1.971428571,-25.494016979));
#7735=DIRECTION('',(0.,-1.,0.));
#7736=DIRECTION('',(-0.866025404,0.,-0.5));
#7737=AXIS2_PLACEMENT_3D('',#7734,#7735,#7736);
#7738=PLANE('',#7737);
#7739=ORIENTED_EDGE('',*,*,#3480,.T.);
#7740=ORIENTED_EDGE('',*,*,#7729,.T.);
#7741=ORIENTED_EDGE('',*,*,#1022,.T.);
#7742=CARTESIAN_POINT('',(38.759846285,-1.971428571,-25.649173957));
#7743=DIRECTION('',(0.866025404,0.,0.5));
#7744=VECTOR('',#7743,0.157506388);
#7745=LINE('',#7742,#7744);
#7746=EDGE_CURVE('',#3475,#1009,#7745,.T.);
#7747=ORIENTED_EDGE('',*,*,#7746,.F.);
#7748=EDGE_LOOP('',(#7739,#7740,#7741,#7747));
#7749=FACE_BOUND('',#7748,.T.);
#7750=ADVANCED_FACE('',(#7749),#7738,.F.);
#7751=CARTESIAN_POINT('',(38.636443197,-1.718571429,-25.720420763));
#7752=DIRECTION('',(0.5,0.,-0.866025404));
#7753=DIRECTION('',(-0.866025404,0.,-0.5));
#7754=AXIS2_PLACEMENT_3D('',#7751,#7752,#7753);
#7755=PLANE('',#7754);
#7756=ORIENTED_EDGE('',*,*,#3486,.T.);
#7757=ORIENTED_EDGE('',*,*,#7746,.T.);
#7758=ORIENTED_EDGE('',*,*,#1014,.T.);
#7759=ORIENTED_EDGE('',*,*,#7705,.F.);
#7760=EDGE_LOOP('',(#7756,#7757,#7758,#7759));
#7761=FACE_BOUND('',#7760,.T.);
#7762=ADVANCED_FACE('',(#7761),#7755,.F.);
#7763=CARTESIAN_POINT('',(35.938586054,10.542857143,-21.04759512));
#7764=DIRECTION('',(0.,1.,0.));
#7765=DIRECTION('',(0.866025404,0.,0.5));
#7766=AXIS2_PLACEMENT_3D('',#7763,#7764,#7765);
#7767=PLANE('',#7766);
#7768=ORIENTED_EDGE('',*,*,#3430,.T.);
#7769=CARTESIAN_POINT('',(36.188417713,10.542857143,-21.195329024));
#7770=DIRECTION('',(0.866025404,0.,0.5));
#7771=VECTOR('',#7770,0.157506389);
#7772=LINE('',#7769,#7771);
#7773=EDGE_CURVE('',#3425,#965,#7772,.T.);
#7774=ORIENTED_EDGE('',*,*,#7773,.T.);
#7775=ORIENTED_EDGE('',*,*,#972,.T.);
#7776=CARTESIAN_POINT('',(35.931274856,10.542857143,-20.74994453));
#7777=DIRECTION('',(0.866025404,0.,0.5));
#7778=VECTOR('',#7777,0.157506389);
#7779=LINE('',#7776,#7778);
#7780=EDGE_CURVE('',#3423,#967,#7779,.T.);
#7781=ORIENTED_EDGE('',*,*,#7780,.F.);
#7782=EDGE_LOOP('',(#7768,#7774,#7775,#7781));
#7783=FACE_BOUND('',#7782,.T.);
#7784=ADVANCED_FACE('',(#7783),#7767,.F.);
#7785=CARTESIAN_POINT('',(35.807871769,10.29,-20.821191336));
#7786=DIRECTION('',(-0.5,0.,0.866025404));
#7787=DIRECTION('',(0.866025404,0.,0.5));
#7788=AXIS2_PLACEMENT_3D('',#7785,#7786,#7787);
#7789=PLANE('',#7788);
#7790=ORIENTED_EDGE('',*,*,#3438,.T.);
#7791=ORIENTED_EDGE('',*,*,#7780,.T.);
#7792=ORIENTED_EDGE('',*,*,#994,.T.);
#7793=CARTESIAN_POINT('',(35.931274856,10.028571429,-20.74994453));
#7794=DIRECTION('',(0.866025404,0.,0.5));
#7795=VECTOR('',#7794,0.157506389);
#7796=LINE('',#7793,#7795);
#7797=EDGE_CURVE('',#3433,#983,#7796,.T.);
#7798=ORIENTED_EDGE('',*,*,#7797,.F.);
#7799=EDGE_LOOP('',(#7790,#7791,#7792,#7798));
#7800=FACE_BOUND('',#7799,.T.);
#7801=ADVANCED_FACE('',(#7800),#7789,.F.);
#7802=CARTESIAN_POINT('',(35.93430034,10.028571429,-21.040172045));
#7803=DIRECTION('',(0.,-1.,0.));
#7804=DIRECTION('',(-0.866025404,0.,-0.5));
#7805=AXIS2_PLACEMENT_3D('',#7802,#7803,#7804);
#7806=PLANE('',#7805);
#7807=ORIENTED_EDGE('',*,*,#3446,.T.);
#7808=ORIENTED_EDGE('',*,*,#7797,.T.);
#7809=ORIENTED_EDGE('',*,*,#988,.T.);
#7810=CARTESIAN_POINT('',(36.188417713,10.028571429,-21.195329024));
#7811=DIRECTION('',(0.866025404,0.,0.5));
#7812=VECTOR('',#7811,0.157506389);
#7813=LINE('',#7810,#7812);
#7814=EDGE_CURVE('',#3441,#975,#7813,.T.);
#7815=ORIENTED_EDGE('',*,*,#7814,.F.);
#7816=EDGE_LOOP('',(#7807,#7808,#7809,#7815));
#7817=FACE_BOUND('',#7816,.T.);
#7818=ADVANCED_FACE('',(#7817),#7806,.F.);
#7819=CARTESIAN_POINT('',(36.065014626,10.281428571,-21.266575829));
#7820=DIRECTION('',(0.5,0.,-0.866025404));
#7821=DIRECTION('',(-0.866025404,0.,-0.5));
#7822=AXIS2_PLACEMENT_3D('',#7819,#7820,#7821);
#7823=PLANE('',#7822);
#7824=ORIENTED_EDGE('',*,*,#3452,.T.);
#7825=ORIENTED_EDGE('',*,*,#7814,.T.);
#7826=ORIENTED_EDGE('',*,*,#980,.T.);
#7827=ORIENTED_EDGE('',*,*,#7773,.F.);
#7828=EDGE_LOOP('',(#7824,#7825,#7826,#7827));
#7829=FACE_BOUND('',#7828,.T.);
#7830=ADVANCED_FACE('',(#7829),#7823,.F.);
#7831=CARTESIAN_POINT('',(38.510014626,1.971428571,-25.501440054));
#7832=DIRECTION('',(0.,1.,0.));
#7833=DIRECTION('',(0.866025404,0.,0.5));
#7834=AXIS2_PLACEMENT_3D('',#7831,#7832,#7833);
#7835=PLANE('',#7834);
#7836=ORIENTED_EDGE('',*,*,#3396,.T.);
#7837=CARTESIAN_POINT('',(38.759846285,1.971428571,-25.649173957));
#7838=DIRECTION('',(0.866025404,0.,0.5));
#7839=VECTOR('',#7838,0.157506388);
#7840=LINE('',#7837,#7839);
#7841=EDGE_CURVE('',#3391,#931,#7840,.T.);
#7842=ORIENTED_EDGE('',*,*,#7841,.T.);
#7843=ORIENTED_EDGE('',*,*,#938,.T.);
#7844=CARTESIAN_POINT('',(38.502703428,1.971428571,-25.203789464));
#7845=DIRECTION('',(0.866025404,0.,0.5));
#7846=VECTOR('',#7845,0.157506388);
#7847=LINE('',#7844,#7846);
#7848=EDGE_CURVE('',#3389,#933,#7847,.T.);
#7849=ORIENTED_EDGE('',*,*,#7848,.F.);
#7850=EDGE_LOOP('',(#7836,#7842,#7843,#7849));
#7851=FACE_BOUND('',#7850,.T.);
#7852=ADVANCED_FACE('',(#7851),#7835,.F.);
#7853=CARTESIAN_POINT('',(38.37930034,1.718571429,-25.27503627));
#7854=DIRECTION('',(-0.5,0.,0.866025404));
#7855=DIRECTION('',(0.866025404,0.,0.5));
#7856=AXIS2_PLACEMENT_3D('',#7853,#7854,#7855);
#7857=PLANE('',#7856);
#7858=ORIENTED_EDGE('',*,*,#3404,.T.);
#7859=ORIENTED_EDGE('',*,*,#7848,.T.);
#7860=ORIENTED_EDGE('',*,*,#960,.T.);
#7861=CARTESIAN_POINT('',(38.502703428,1.457142857,-25.203789464));
#7862=DIRECTION('',(0.866025404,0.,0.5));
#7863=VECTOR('',#7862,0.157506388);
#7864=LINE('',#7861,#7863);
#7865=EDGE_CURVE('',#3399,#949,#7864,.T.);
#7866=ORIENTED_EDGE('',*,*,#7865,.F.);
#7867=EDGE_LOOP('',(#7858,#7859,#7860,#7866));
#7868=FACE_BOUND('',#7867,.T.);
#7869=ADVANCED_FACE('',(#7868),#7857,.F.);
#7870=CARTESIAN_POINT('',(38.505728911,1.457142857,-25.494016979));
#7871=DIRECTION('',(0.,-1.,0.));
#7872=DIRECTION('',(-0.866025404,0.,-0.5));
#7873=AXIS2_PLACEMENT_3D('',#7870,#7871,#7872);
#7874=PLANE('',#7873);
#7875=ORIENTED_EDGE('',*,*,#3412,.T.);
#7876=ORIENTED_EDGE('',*,*,#7865,.T.);
#7877=ORIENTED_EDGE('',*,*,#954,.T.);
#7878=CARTESIAN_POINT('',(38.759846285,1.457142857,-25.649173957));
#7879=DIRECTION('',(0.866025404,0.,0.5));
#7880=VECTOR('',#7879,0.157506388);
#7881=LINE('',#7878,#7880);
#7882=EDGE_CURVE('',#3407,#941,#7881,.T.);
#7883=ORIENTED_EDGE('',*,*,#7882,.F.);
#7884=EDGE_LOOP('',(#7875,#7876,#7877,#7883));
#7885=FACE_BOUND('',#7884,.T.);
#7886=ADVANCED_FACE('',(#7885),#7874,.F.);
#7887=CARTESIAN_POINT('',(38.636443197,1.71,-25.720420763));
#7888=DIRECTION('',(0.5,0.,-0.866025404));
#7889=DIRECTION('',(-0.866025404,0.,-0.5));
#7890=AXIS2_PLACEMENT_3D('',#7887,#7888,#7889);
#7891=PLANE('',#7890);
#7892=ORIENTED_EDGE('',*,*,#3418,.T.);
#7893=ORIENTED_EDGE('',*,*,#7882,.T.);
#7894=ORIENTED_EDGE('',*,*,#946,.T.);
#7895=ORIENTED_EDGE('',*,*,#7841,.F.);
#7896=EDGE_LOOP('',(#7892,#7893,#7894,#7895));
#7897=FACE_BOUND('',#7896,.T.);
#7898=ADVANCED_FACE('',(#7897),#7891,.F.);
#7899=CARTESIAN_POINT('',(38.081443197,-8.314285714,-24.759132565));
#7900=DIRECTION('',(0.,1.,0.));
#7901=DIRECTION('',(0.866025404,0.,0.5));
#7902=AXIS2_PLACEMENT_3D('',#7899,#7900,#7901);
#7903=PLANE('',#7902);
#7904=ORIENTED_EDGE('',*,*,#3362,.T.);
#7905=CARTESIAN_POINT('',(38.331274856,-8.314285714,-24.906866468));
#7906=DIRECTION('',(0.866025404,0.,0.5));
#7907=VECTOR('',#7906,0.157506388);
#7908=LINE('',#7905,#7907);
#7909=EDGE_CURVE('',#3357,#897,#7908,.T.);
#7910=ORIENTED_EDGE('',*,*,#7909,.T.);
#7911=ORIENTED_EDGE('',*,*,#904,.T.);
#7912=CARTESIAN_POINT('',(38.074131999,-8.314285714,-24.461481975));
#7913=DIRECTION('',(0.866025404,0.,0.5));
#7914=VECTOR('',#7913,0.157506388);
#7915=LINE('',#7912,#7914);
#7916=EDGE_CURVE('',#3355,#899,#7915,.T.);
#7917=ORIENTED_EDGE('',*,*,#7916,.F.);
#7918=EDGE_LOOP('',(#7904,#7910,#7911,#7917));
#7919=FACE_BOUND('',#7918,.T.);
#7920=ADVANCED_FACE('',(#7919),#7903,.F.);
#7921=CARTESIAN_POINT('',(37.950728911,-8.567142857,-24.532728781));
#7922=DIRECTION('',(-0.5,0.,0.866025404));
#7923=DIRECTION('',(0.866025404,0.,0.5));
#7924=AXIS2_PLACEMENT_3D('',#7921,#7922,#7923);
#7925=PLANE('',#7924);
#7926=ORIENTED_EDGE('',*,*,#3370,.T.);
#7927=ORIENTED_EDGE('',*,*,#7916,.T.);
#7928=ORIENTED_EDGE('',*,*,#926,.T.);
#7929=CARTESIAN_POINT('',(38.074131999,-8.828571429,-24.461481975));
#7930=DIRECTION('',(0.866025404,0.,0.5));
#7931=VECTOR('',#7930,0.157506388);
#7932=LINE('',#7929,#7931);
#7933=EDGE_CURVE('',#3365,#915,#7932,.T.);
#7934=ORIENTED_EDGE('',*,*,#7933,.F.);
#7935=EDGE_LOOP('',(#7926,#7927,#7928,#7934));
#7936=FACE_BOUND('',#7935,.T.);
#7937=ADVANCED_FACE('',(#7936),#7925,.F.);
#7938=CARTESIAN_POINT('',(38.077157483,-8.828571429,-24.75170949));
#7939=DIRECTION('',(0.,-1.,0.));
#7940=DIRECTION('',(-0.866025404,0.,-0.5));
#7941=AXIS2_PLACEMENT_3D('',#7938,#7939,#7940);
#7942=PLANE('',#7941);
#7943=ORIENTED_EDGE('',*,*,#3378,.T.);
#7944=ORIENTED_EDGE('',*,*,#7933,.T.);
#7945=ORIENTED_EDGE('',*,*,#920,.T.);
#7946=CARTESIAN_POINT('',(38.331274856,-8.828571429,-24.906866468));
#7947=DIRECTION('',(0.866025404,0.,0.5));
#7948=VECTOR('',#7947,0.157506388);
#7949=LINE('',#7946,#7948);
#7950=EDGE_CURVE('',#3373,#907,#7949,.T.);
#7951=ORIENTED_EDGE('',*,*,#7950,.F.);
#7952=EDGE_LOOP('',(#7943,#7944,#7945,#7951));
#7953=FACE_BOUND('',#7952,.T.);
#7954=ADVANCED_FACE('',(#7953),#7942,.F.);
#7955=CARTESIAN_POINT('',(38.207871769,-8.575714286,-24.978113274));
#7956=DIRECTION('',(0.5,0.,-0.866025404));
#7957=DIRECTION('',(-0.866025404,0.,-0.5));
#7958=AXIS2_PLACEMENT_3D('',#7955,#7956,#7957);
#7959=PLANE('',#7958);
#7960=ORIENTED_EDGE('',*,*,#3384,.T.);
#7961=ORIENTED_EDGE('',*,*,#7950,.T.);
#7962=ORIENTED_EDGE('',*,*,#912,.T.);
#7963=ORIENTED_EDGE('',*,*,#7909,.F.);
#7964=EDGE_LOOP('',(#7960,#7961,#7962,#7963));
#7965=FACE_BOUND('',#7964,.T.);
#7966=ADVANCED_FACE('',(#7965),#7959,.F.);
#7967=CARTESIAN_POINT('',(35.510014626,10.542857143,-20.305287631));
#7968=DIRECTION('',(0.,1.,0.));
#7969=DIRECTION('',(0.866025404,0.,0.5));
#7970=AXIS2_PLACEMENT_3D('',#7967,#7968,#7969);
#7971=PLANE('',#7970);
#7972=ORIENTED_EDGE('',*,*,#3328,.T.);
#7973=CARTESIAN_POINT('',(35.759846284,10.542857143,-20.453021535));
#7974=DIRECTION('',(0.866025404,0.,0.5));
#7975=VECTOR('',#7974,0.157506389);
#7976=LINE('',#7973,#7975);
#7977=EDGE_CURVE('',#3323,#863,#7976,.T.);
#7978=ORIENTED_EDGE('',*,*,#7977,.T.);
#7979=ORIENTED_EDGE('',*,*,#870,.T.);
#7980=CARTESIAN_POINT('',(35.502703427,10.542857143,-20.007637041));
#7981=DIRECTION('',(0.866025404,0.,0.5));
#7982=VECTOR('',#7981,0.157506389);
#7983=LINE('',#7980,#7982);
#7984=EDGE_CURVE('',#3321,#865,#7983,.T.);
#7985=ORIENTED_EDGE('',*,*,#7984,.F.);
#7986=EDGE_LOOP('',(#7972,#7978,#7979,#7985));
#7987=FACE_BOUND('',#7986,.T.);
#7988=ADVANCED_FACE('',(#7987),#7971,.F.);
#7989=CARTESIAN_POINT('',(35.37930034,10.29,-20.078883847));
#7990=DIRECTION('',(-0.5,0.,0.866025404));
#7991=DIRECTION('',(0.866025404,0.,0.5));
#7992=AXIS2_PLACEMENT_3D('',#7989,#7990,#7991);
#7993=PLANE('',#7992);
#7994=ORIENTED_EDGE('',*,*,#3336,.T.);
#7995=ORIENTED_EDGE('',*,*,#7984,.T.);
#7996=ORIENTED_EDGE('',*,*,#892,.T.);
#7997=CARTESIAN_POINT('',(35.502703427,10.028571429,-20.007637041));
#7998=DIRECTION('',(0.866025404,0.,0.5));
#7999=VECTOR('',#7998,0.157506389);
#8000=LINE('',#7997,#7999);
#8001=EDGE_CURVE('',#3331,#881,#8000,.T.);
#8002=ORIENTED_EDGE('',*,*,#8001,.F.);
#8003=EDGE_LOOP('',(#7994,#7995,#7996,#8002));
#8004=FACE_BOUND('',#8003,.T.);
#8005=ADVANCED_FACE('',(#8004),#7993,.F.);
#8006=CARTESIAN_POINT('',(35.505728911,10.028571429,-20.297864556));
#8007=DIRECTION('',(0.,-1.,0.));
#8008=DIRECTION('',(-0.866025404,0.,-0.5));
#8009=AXIS2_PLACEMENT_3D('',#8006,#8007,#8008);
#8010=PLANE('',#8009);
#8011=ORIENTED_EDGE('',*,*,#3344,.T.);
#8012=ORIENTED_EDGE('',*,*,#8001,.T.);
#8013=ORIENTED_EDGE('',*,*,#886,.T.);
#8014=CARTESIAN_POINT('',(35.759846284,10.028571429,-20.453021535));
#8015=DIRECTION('',(0.866025404,0.,0.5));
#8016=VECTOR('',#8015,0.157506389);
#8017=LINE('',#8014,#8016);
#8018=EDGE_CURVE('',#3339,#873,#8017,.T.);
#8019=ORIENTED_EDGE('',*,*,#8018,.F.);
#8020=EDGE_LOOP('',(#8011,#8012,#8013,#8019));
#8021=FACE_BOUND('',#8020,.T.);
#8022=ADVANCED_FACE('',(#8021),#8010,.F.);
#8023=CARTESIAN_POINT('',(35.636443197,10.281428571,-20.52426834));
#8024=DIRECTION('',(0.5,0.,-0.866025404));
#8025=DIRECTION('',(-0.866025404,0.,-0.5));
#8026=AXIS2_PLACEMENT_3D('',#8023,#8024,#8025);
#8027=PLANE('',#8026);
#8028=ORIENTED_EDGE('',*,*,#3350,.T.);
#8029=ORIENTED_EDGE('',*,*,#8018,.T.);
#8030=ORIENTED_EDGE('',*,*,#878,.T.);
#8031=ORIENTED_EDGE('',*,*,#7977,.F.);
#8032=EDGE_LOOP('',(#8028,#8029,#8030,#8031));
#8033=FACE_BOUND('',#8032,.T.);
#8034=ADVANCED_FACE('',(#8033),#8027,.F.);
#8035=CARTESIAN_POINT('',(35.510014626,-10.028571429,-20.305287631));
#8036=DIRECTION('',(0.,1.,0.));
#8037=DIRECTION('',(0.866025404,0.,0.5));
#8038=AXIS2_PLACEMENT_3D('',#8035,#8036,#8037);
#8039=PLANE('',#8038);
#8040=ORIENTED_EDGE('',*,*,#3294,.T.);
#8041=CARTESIAN_POINT('',(35.759846284,-10.028571429,-20.453021535));
#8042=DIRECTION('',(0.866025404,0.,0.5));
#8043=VECTOR('',#8042,0.157506389);
#8044=LINE('',#8041,#8043);
#8045=EDGE_CURVE('',#3289,#829,#8044,.T.);
#8046=ORIENTED_EDGE('',*,*,#8045,.T.);
#8047=ORIENTED_EDGE('',*,*,#836,.T.);
#8048=CARTESIAN_POINT('',(35.502703427,-10.028571429,-20.007637041));
#8049=DIRECTION('',(0.866025404,0.,0.5));
#8050=VECTOR('',#8049,0.157506389);
#8051=LINE('',#8048,#8050);
#8052=EDGE_CURVE('',#3287,#831,#8051,.T.);
#8053=ORIENTED_EDGE('',*,*,#8052,.F.);
#8054=EDGE_LOOP('',(#8040,#8046,#8047,#8053));
#8055=FACE_BOUND('',#8054,.T.);
#8056=ADVANCED_FACE('',(#8055),#8039,.F.);
#8057=CARTESIAN_POINT('',(35.37930034,-10.281428571,-20.078883847));
#8058=DIRECTION('',(-0.5,0.,0.866025404));
#8059=DIRECTION('',(0.866025404,0.,0.5));
#8060=AXIS2_PLACEMENT_3D('',#8057,#8058,#8059);
#8061=PLANE('',#8060);
#8062=ORIENTED_EDGE('',*,*,#3302,.T.);
#8063=ORIENTED_EDGE('',*,*,#8052,.T.);
#8064=ORIENTED_EDGE('',*,*,#858,.T.);
#8065=CARTESIAN_POINT('',(35.502703427,-10.542857143,-20.007637041));
#8066=DIRECTION('',(0.866025404,0.,0.5));
#8067=VECTOR('',#8066,0.157506389);
#8068=LINE('',#8065,#8067);
#8069=EDGE_CURVE('',#3297,#847,#8068,.T.);
#8070=ORIENTED_EDGE('',*,*,#8069,.F.);
#8071=EDGE_LOOP('',(#8062,#8063,#8064,#8070));
#8072=FACE_BOUND('',#8071,.T.);
#8073=ADVANCED_FACE('',(#8072),#8061,.F.);
#8074=CARTESIAN_POINT('',(35.505728911,-10.542857143,-20.297864556));
#8075=DIRECTION('',(0.,-1.,0.));
#8076=DIRECTION('',(-0.866025404,0.,-0.5));
#8077=AXIS2_PLACEMENT_3D('',#8074,#8075,#8076);
#8078=PLANE('',#8077);
#8079=ORIENTED_EDGE('',*,*,#3310,.T.);
#8080=ORIENTED_EDGE('',*,*,#8069,.T.);
#8081=ORIENTED_EDGE('',*,*,#852,.T.);
#8082=CARTESIAN_POINT('',(35.759846284,-10.542857143,-20.453021535));
#8083=DIRECTION('',(0.866025404,0.,0.5));
#8084=VECTOR('',#8083,0.157506389);
#8085=LINE('',#8082,#8084);
#8086=EDGE_CURVE('',#3305,#839,#8085,.T.);
#8087=ORIENTED_EDGE('',*,*,#8086,.F.);
#8088=EDGE_LOOP('',(#8079,#8080,#8081,#8087));
#8089=FACE_BOUND('',#8088,.T.);
#8090=ADVANCED_FACE('',(#8089),#8078,.F.);
#8091=CARTESIAN_POINT('',(35.636443197,-10.29,-20.52426834));
#8092=DIRECTION('',(0.5,0.,-0.866025404));
#8093=DIRECTION('',(-0.866025404,0.,-0.5));
#8094=AXIS2_PLACEMENT_3D('',#8091,#8092,#8093);
#8095=PLANE('',#8094);
#8096=ORIENTED_EDGE('',*,*,#3316,.T.);
#8097=ORIENTED_EDGE('',*,*,#8086,.T.);
#8098=ORIENTED_EDGE('',*,*,#844,.T.);
#8099=ORIENTED_EDGE('',*,*,#8045,.F.);
#8100=EDGE_LOOP('',(#8096,#8097,#8098,#8099));
#8101=FACE_BOUND('',#8100,.T.);
#8102=ADVANCED_FACE('',(#8101),#8095,.F.);
#8103=CARTESIAN_POINT('',(38.081443197,10.542857143,-24.759132565));
#8104=DIRECTION('',(0.,1.,0.));
#8105=DIRECTION('',(0.866025404,0.,0.5));
#8106=AXIS2_PLACEMENT_3D('',#8103,#8104,#8105);
#8107=PLANE('',#8106);
#8108=ORIENTED_EDGE('',*,*,#3260,.T.);
#8109=CARTESIAN_POINT('',(38.331274856,10.542857143,-24.906866468));
#8110=DIRECTION('',(0.866025404,0.,0.5));
#8111=VECTOR('',#8110,0.157506388);
#8112=LINE('',#8109,#8111);
#8113=EDGE_CURVE('',#3255,#795,#8112,.T.);
#8114=ORIENTED_EDGE('',*,*,#8113,.T.);
#8115=ORIENTED_EDGE('',*,*,#802,.T.);
#8116=CARTESIAN_POINT('',(38.074131999,10.542857143,-24.461481975));
#8117=DIRECTION('',(0.866025404,0.,0.5));
#8118=VECTOR('',#8117,0.157506388);
#8119=LINE('',#8116,#8118);
#8120=EDGE_CURVE('',#3253,#797,#8119,.T.);
#8121=ORIENTED_EDGE('',*,*,#8120,.F.);
#8122=EDGE_LOOP('',(#8108,#8114,#8115,#8121));
#8123=FACE_BOUND('',#8122,.T.);
#8124=ADVANCED_FACE('',(#8123),#8107,.F.);
#8125=CARTESIAN_POINT('',(37.950728911,10.29,-24.532728781));
#8126=DIRECTION('',(-0.5,0.,0.866025404));
#8127=DIRECTION('',(0.866025404,0.,0.5));
#8128=AXIS2_PLACEMENT_3D('',#8125,#8126,#8127);
#8129=PLANE('',#8128);
#8130=ORIENTED_EDGE('',*,*,#3268,.T.);
#8131=ORIENTED_EDGE('',*,*,#8120,.T.);
#8132=ORIENTED_EDGE('',*,*,#824,.T.);
#8133=CARTESIAN_POINT('',(38.074131999,10.028571429,-24.461481975));
#8134=DIRECTION('',(0.866025404,0.,0.5));
#8135=VECTOR('',#8134,0.157506388);
#8136=LINE('',#8133,#8135);
#8137=EDGE_CURVE('',#3263,#813,#8136,.T.);
#8138=ORIENTED_EDGE('',*,*,#8137,.F.);
#8139=EDGE_LOOP('',(#8130,#8131,#8132,#8138));
#8140=FACE_BOUND('',#8139,.T.);
#8141=ADVANCED_FACE('',(#8140),#8129,.F.);
#8142=CARTESIAN_POINT('',(38.077157483,10.028571429,-24.75170949));
#8143=DIRECTION('',(0.,-1.,0.));
#8144=DIRECTION('',(-0.866025404,0.,-0.5));
#8145=AXIS2_PLACEMENT_3D('',#8142,#8143,#8144);
#8146=PLANE('',#8145);
#8147=ORIENTED_EDGE('',*,*,#3276,.T.);
#8148=ORIENTED_EDGE('',*,*,#8137,.T.);
#8149=ORIENTED_EDGE('',*,*,#818,.T.);
#8150=CARTESIAN_POINT('',(38.331274856,10.028571429,-24.906866468));
#8151=DIRECTION('',(0.866025404,0.,0.5));
#8152=VECTOR('',#8151,0.157506388);
#8153=LINE('',#8150,#8152);
#8154=EDGE_CURVE('',#3271,#805,#8153,.T.);
#8155=ORIENTED_EDGE('',*,*,#8154,.F.);
#8156=EDGE_LOOP('',(#8147,#8148,#8149,#8155));
#8157=FACE_BOUND('',#8156,.T.);
#8158=ADVANCED_FACE('',(#8157),#8146,.F.);
#8159=CARTESIAN_POINT('',(38.207871769,10.281428571,-24.978113274));
#8160=DIRECTION('',(0.5,0.,-0.866025404));
#8161=DIRECTION('',(-0.866025404,0.,-0.5));
#8162=AXIS2_PLACEMENT_3D('',#8159,#8160,#8161);
#8163=PLANE('',#8162);
#8164=ORIENTED_EDGE('',*,*,#3282,.T.);
#8165=ORIENTED_EDGE('',*,*,#8154,.T.);
#8166=ORIENTED_EDGE('',*,*,#810,.T.);
#8167=ORIENTED_EDGE('',*,*,#8113,.F.);
#8168=EDGE_LOOP('',(#8164,#8165,#8166,#8167));
#8169=FACE_BOUND('',#8168,.T.);
#8170=ADVANCED_FACE('',(#8169),#8163,.F.);
#8171=CARTESIAN_POINT('',(37.652871769,-3.171428571,-24.016825076));
#8172=DIRECTION('',(0.,1.,0.));
#8173=DIRECTION('',(0.866025404,0.,0.5));
#8174=AXIS2_PLACEMENT_3D('',#8171,#8172,#8173);
#8175=PLANE('',#8174);
#8176=ORIENTED_EDGE('',*,*,#3226,.T.);
#8177=CARTESIAN_POINT('',(37.902703428,-3.171428571,-24.164558979));
#8178=DIRECTION('',(0.866025404,0.,0.5));
#8179=VECTOR('',#8178,0.157506388);
#8180=LINE('',#8177,#8179);
#8181=EDGE_CURVE('',#3221,#761,#8180,.T.);
#8182=ORIENTED_EDGE('',*,*,#8181,.T.);
#8183=ORIENTED_EDGE('',*,*,#768,.T.);
#8184=CARTESIAN_POINT('',(37.64556057,-3.171428571,-23.719174486));
#8185=DIRECTION('',(0.866025404,0.,0.5));
#8186=VECTOR('',#8185,0.157506388);
#8187=LINE('',#8184,#8186);
#8188=EDGE_CURVE('',#3219,#763,#8187,.T.);
#8189=ORIENTED_EDGE('',*,*,#8188,.F.);
#8190=EDGE_LOOP('',(#8176,#8182,#8183,#8189));
#8191=FACE_BOUND('',#8190,.T.);
#8192=ADVANCED_FACE('',(#8191),#8175,.F.);
#8193=CARTESIAN_POINT('',(37.522157483,-3.424285714,-23.790421292));
#8194=DIRECTION('',(-0.5,0.,0.866025404));
#8195=DIRECTION('',(0.866025404,0.,0.5));
#8196=AXIS2_PLACEMENT_3D('',#8193,#8194,#8195);
#8197=PLANE('',#8196);
#8198=ORIENTED_EDGE('',*,*,#3234,.T.);
#8199=ORIENTED_EDGE('',*,*,#8188,.T.);
#8200=ORIENTED_EDGE('',*,*,#790,.T.);
#8201=CARTESIAN_POINT('',(37.64556057,-3.685714286,-23.719174486));
#8202=DIRECTION('',(0.866025404,0.,0.5));
#8203=VECTOR('',#8202,0.157506388);
#8204=LINE('',#8201,#8203);
#8205=EDGE_CURVE('',#3229,#779,#8204,.T.);
#8206=ORIENTED_EDGE('',*,*,#8205,.F.);
#8207=EDGE_LOOP('',(#8198,#8199,#8200,#8206));
#8208=FACE_BOUND('',#8207,.T.);
#8209=ADVANCED_FACE('',(#8208),#8197,.F.);
#8210=CARTESIAN_POINT('',(37.648586054,-3.685714286,-24.009402001));
#8211=DIRECTION('',(0.,-1.,0.));
#8212=DIRECTION('',(-0.866025404,0.,-0.5));
#8213=AXIS2_PLACEMENT_3D('',#8210,#8211,#8212);
#8214=PLANE('',#8213);
#8215=ORIENTED_EDGE('',*,*,#3242,.T.);
#8216=ORIENTED_EDGE('',*,*,#8205,.T.);
#8217=ORIENTED_EDGE('',*,*,#784,.T.);
#8218=CARTESIAN_POINT('',(37.902703428,-3.685714286,-24.164558979));
#8219=DIRECTION('',(0.866025404,0.,0.5));
#8220=VECTOR('',#8219,0.157506388);
#8221=LINE('',#8218,#8220);
#8222=EDGE_CURVE('',#3237,#771,#8221,.T.);
#8223=ORIENTED_EDGE('',*,*,#8222,.F.);
#8224=EDGE_LOOP('',(#8215,#8216,#8217,#8223));
#8225=FACE_BOUND('',#8224,.T.);
#8226=ADVANCED_FACE('',(#8225),#8214,.F.);
#8227=CARTESIAN_POINT('',(37.77930034,-3.432857143,-24.235805785));
#8228=DIRECTION('',(0.5,0.,-0.866025404));
#8229=DIRECTION('',(-0.866025404,0.,-0.5));
#8230=AXIS2_PLACEMENT_3D('',#8227,#8228,#8229);
#8231=PLANE('',#8230);
#8232=ORIENTED_EDGE('',*,*,#3248,.T.);
#8233=ORIENTED_EDGE('',*,*,#8222,.T.);
#8234=ORIENTED_EDGE('',*,*,#776,.T.);
#8235=ORIENTED_EDGE('',*,*,#8181,.F.);
#8236=EDGE_LOOP('',(#8232,#8233,#8234,#8235));
#8237=FACE_BOUND('',#8236,.T.);
#8238=ADVANCED_FACE('',(#8237),#8231,.F.);
#8239=CARTESIAN_POINT('',(36.367157483,3.685714286,-21.789902609));
#8240=DIRECTION('',(0.,1.,0.));
#8241=DIRECTION('',(0.866025404,0.,0.5));
#8242=AXIS2_PLACEMENT_3D('',#8239,#8240,#8241);
#8243=PLANE('',#8242);
#8244=ORIENTED_EDGE('',*,*,#3192,.T.);
#8245=CARTESIAN_POINT('',(36.616989142,3.685714286,-21.937636512));
#8246=DIRECTION('',(0.866025404,0.,0.5));
#8247=VECTOR('',#8246,0.157506389);
#8248=LINE('',#8245,#8247);
#8249=EDGE_CURVE('',#3187,#727,#8248,.T.);
#8250=ORIENTED_EDGE('',*,*,#8249,.T.);
#8251=ORIENTED_EDGE('',*,*,#734,.T.);
#8252=CARTESIAN_POINT('',(36.359846284,3.685714286,-21.492252019));
#8253=DIRECTION('',(0.866025404,0.,0.5));
#8254=VECTOR('',#8253,0.157506389);
#8255=LINE('',#8252,#8254);
#8256=EDGE_CURVE('',#3185,#729,#8255,.T.);
#8257=ORIENTED_EDGE('',*,*,#8256,.F.);
#8258=EDGE_LOOP('',(#8244,#8250,#8251,#8257));
#8259=FACE_BOUND('',#8258,.T.);
#8260=ADVANCED_FACE('',(#8259),#8243,.F.);
#8261=CARTESIAN_POINT('',(36.236443197,3.432857143,-21.563498825));
#8262=DIRECTION('',(-0.5,0.,0.866025404));
#8263=DIRECTION('',(0.866025404,0.,0.5));
#8264=AXIS2_PLACEMENT_3D('',#8261,#8262,#8263);
#8265=PLANE('',#8264);
#8266=ORIENTED_EDGE('',*,*,#3200,.T.);
#8267=ORIENTED_EDGE('',*,*,#8256,.T.);
#8268=ORIENTED_EDGE('',*,*,#756,.T.);
#8269=CARTESIAN_POINT('',(36.359846284,3.171428571,-21.492252019));
#8270=DIRECTION('',(0.866025404,0.,0.5));
#8271=VECTOR('',#8270,0.157506389);
#8272=LINE('',#8269,#8271);
#8273=EDGE_CURVE('',#3195,#745,#8272,.T.);
#8274=ORIENTED_EDGE('',*,*,#8273,.F.);
#8275=EDGE_LOOP('',(#8266,#8267,#8268,#8274));
#8276=FACE_BOUND('',#8275,.T.);
#8277=ADVANCED_FACE('',(#8276),#8265,.F.);
#8278=CARTESIAN_POINT('',(36.362871769,3.171428571,-21.782479534));
#8279=DIRECTION('',(0.,-1.,0.));
#8280=DIRECTION('',(-0.866025404,0.,-0.5));
#8281=AXIS2_PLACEMENT_3D('',#8278,#8279,#8280);
#8282=PLANE('',#8281);
#8283=ORIENTED_EDGE('',*,*,#3208,.T.);
#8284=ORIENTED_EDGE('',*,*,#8273,.T.);
#8285=ORIENTED_EDGE('',*,*,#750,.T.);
#8286=CARTESIAN_POINT('',(36.616989142,3.171428571,-21.937636512));
#8287=DIRECTION('',(0.866025404,0.,0.5));
#8288=VECTOR('',#8287,0.157506389);
#8289=LINE('',#8286,#8288);
#8290=EDGE_CURVE('',#3203,#737,#8289,.T.);
#8291=ORIENTED_EDGE('',*,*,#8290,.F.);
#8292=EDGE_LOOP('',(#8283,#8284,#8285,#8291));
#8293=FACE_BOUND('',#8292,.T.);
#8294=ADVANCED_FACE('',(#8293),#8282,.F.);
#8295=CARTESIAN_POINT('',(36.493586054,3.424285714,-22.008883318));
#8296=DIRECTION('',(0.5,0.,-0.866025404));
#8297=DIRECTION('',(-0.866025404,0.,-0.5));
#8298=AXIS2_PLACEMENT_3D('',#8295,#8296,#8297);
#8299=PLANE('',#8298);
#8300=ORIENTED_EDGE('',*,*,#3214,.T.);
#8301=ORIENTED_EDGE('',*,*,#8290,.T.);
#8302=ORIENTED_EDGE('',*,*,#742,.T.);
#8303=ORIENTED_EDGE('',*,*,#8249,.F.);
#8304=EDGE_LOOP('',(#8300,#8301,#8302,#8303));
#8305=FACE_BOUND('',#8304,.T.);
#8306=ADVANCED_FACE('',(#8305),#8299,.F.);
#8307=CARTESIAN_POINT('',(38.081443197,11.4,-24.759132565));
#8308=DIRECTION('',(0.,1.,0.));
#8309=DIRECTION('',(0.866025404,0.,0.5));
#8310=AXIS2_PLACEMENT_3D('',#8307,#8308,#8309);
#8311=PLANE('',#8310);
#8312=ORIENTED_EDGE('',*,*,#3158,.T.);
#8313=CARTESIAN_POINT('',(38.331274856,11.4,-24.906866468));
#8314=DIRECTION('',(0.866025404,0.,0.5));
#8315=VECTOR('',#8314,0.157506388);
#8316=LINE('',#8313,#8315);
#8317=EDGE_CURVE('',#3153,#693,#8316,.T.);
#8318=ORIENTED_EDGE('',*,*,#8317,.T.);
#8319=ORIENTED_EDGE('',*,*,#700,.T.);
#8320=CARTESIAN_POINT('',(38.074131999,11.4,-24.461481975));
#8321=DIRECTION('',(0.866025404,0.,0.5));
#8322=VECTOR('',#8321,0.157506388);
#8323=LINE('',#8320,#8322);
#8324=EDGE_CURVE('',#3151,#695,#8323,.T.);
#8325=ORIENTED_EDGE('',*,*,#8324,.F.);
#8326=EDGE_LOOP('',(#8312,#8318,#8319,#8325));
#8327=FACE_BOUND('',#8326,.T.);
#8328=ADVANCED_FACE('',(#8327),#8311,.F.);
#8329=CARTESIAN_POINT('',(37.950728911,11.147142857,-24.532728781));
#8330=DIRECTION('',(-0.5,0.,0.866025404));
#8331=DIRECTION('',(0.866025404,0.,0.5));
#8332=AXIS2_PLACEMENT_3D('',#8329,#8330,#8331);
#8333=PLANE('',#8332);
#8334=ORIENTED_EDGE('',*,*,#3166,.T.);
#8335=ORIENTED_EDGE('',*,*,#8324,.T.);
#8336=ORIENTED_EDGE('',*,*,#722,.T.);
#8337=CARTESIAN_POINT('',(38.074131999,10.885714286,-24.461481975));
#8338=DIRECTION('',(0.866025404,0.,0.5));
#8339=VECTOR('',#8338,0.157506388);
#8340=LINE('',#8337,#8339);
#8341=EDGE_CURVE('',#3161,#711,#8340,.T.);
#8342=ORIENTED_EDGE('',*,*,#8341,.F.);
#8343=EDGE_LOOP('',(#8334,#8335,#8336,#8342));
#8344=FACE_BOUND('',#8343,.T.);
#8345=ADVANCED_FACE('',(#8344),#8333,.F.);
#8346=CARTESIAN_POINT('',(38.077157483,10.885714286,-24.75170949));
#8347=DIRECTION('',(0.,-1.,0.));
#8348=DIRECTION('',(-0.866025404,0.,-0.5));
#8349=AXIS2_PLACEMENT_3D('',#8346,#8347,#8348);
#8350=PLANE('',#8349);
#8351=ORIENTED_EDGE('',*,*,#3174,.T.);
#8352=ORIENTED_EDGE('',*,*,#8341,.T.);
#8353=ORIENTED_EDGE('',*,*,#716,.T.);
#8354=CARTESIAN_POINT('',(38.331274856,10.885714286,-24.906866468));
#8355=DIRECTION('',(0.866025404,0.,0.5));
#8356=VECTOR('',#8355,0.157506388);
#8357=LINE('',#8354,#8356);
#8358=EDGE_CURVE('',#3169,#703,#8357,.T.);
#8359=ORIENTED_EDGE('',*,*,#8358,.F.);
#8360=EDGE_LOOP('',(#8351,#8352,#8353,#8359));
#8361=FACE_BOUND('',#8360,.T.);
#8362=ADVANCED_FACE('',(#8361),#8350,.F.);
#8363=CARTESIAN_POINT('',(38.207871769,11.138571429,-24.978113274));
#8364=DIRECTION('',(0.5,0.,-0.866025404));
#8365=DIRECTION('',(-0.866025404,0.,-0.5));
#8366=AXIS2_PLACEMENT_3D('',#8363,#8364,#8365);
#8367=PLANE('',#8366);
#8368=ORIENTED_EDGE('',*,*,#3180,.T.);
#8369=ORIENTED_EDGE('',*,*,#8358,.T.);
#8370=ORIENTED_EDGE('',*,*,#708,.T.);
#8371=ORIENTED_EDGE('',*,*,#8317,.F.);
#8372=EDGE_LOOP('',(#8368,#8369,#8370,#8371));
#8373=FACE_BOUND('',#8372,.T.);
#8374=ADVANCED_FACE('',(#8373),#8367,.F.);
#8375=CARTESIAN_POINT('',(37.22430034,3.685714286,-23.274517587));
#8376=DIRECTION('',(0.,1.,0.));
#8377=DIRECTION('',(0.866025404,0.,0.5));
#8378=AXIS2_PLACEMENT_3D('',#8375,#8376,#8377);
#8379=PLANE('',#8378);
#8380=ORIENTED_EDGE('',*,*,#3124,.T.);
#8381=CARTESIAN_POINT('',(37.474131999,3.685714286,-23.42225149));
#8382=DIRECTION('',(0.866025404,0.,0.5));
#8383=VECTOR('',#8382,0.157506388);
#8384=LINE('',#8381,#8383);
#8385=EDGE_CURVE('',#3119,#659,#8384,.T.);
#8386=ORIENTED_EDGE('',*,*,#8385,.T.);
#8387=ORIENTED_EDGE('',*,*,#666,.T.);
#8388=CARTESIAN_POINT('',(37.216989142,3.685714286,-22.976866997));
#8389=DIRECTION('',(0.866025404,0.,0.5));
#8390=VECTOR('',#8389,0.157506388);
#8391=LINE('',#8388,#8390);
#8392=EDGE_CURVE('',#3117,#661,#8391,.T.);
#8393=ORIENTED_EDGE('',*,*,#8392,.F.);
#8394=EDGE_LOOP('',(#8380,#8386,#8387,#8393));
#8395=FACE_BOUND('',#8394,.T.);
#8396=ADVANCED_FACE('',(#8395),#8379,.F.);
#8397=CARTESIAN_POINT('',(37.093586054,3.432857143,-23.048113803));
#8398=DIRECTION('',(-0.5,0.,0.866025404));
#8399=DIRECTION('',(0.866025404,0.,0.5));
#8400=AXIS2_PLACEMENT_3D('',#8397,#8398,#8399);
#8401=PLANE('',#8400);
#8402=ORIENTED_EDGE('',*,*,#3132,.T.);
#8403=ORIENTED_EDGE('',*,*,#8392,.T.);
#8404=ORIENTED_EDGE('',*,*,#688,.T.);
#8405=CARTESIAN_POINT('',(37.216989142,3.171428571,-22.976866997));
#8406=DIRECTION('',(0.866025404,0.,0.5));
#8407=VECTOR('',#8406,0.157506388);
#8408=LINE('',#8405,#8407);
#8409=EDGE_CURVE('',#3127,#677,#8408,.T.);
#8410=ORIENTED_EDGE('',*,*,#8409,.F.);
#8411=EDGE_LOOP('',(#8402,#8403,#8404,#8410));
#8412=FACE_BOUND('',#8411,.T.);
#8413=ADVANCED_FACE('',(#8412),#8401,.F.);
#8414=CARTESIAN_POINT('',(37.220014626,3.171428571,-23.267094512));
#8415=DIRECTION('',(0.,-1.,0.));
#8416=DIRECTION('',(-0.866025404,0.,-0.5));
#8417=AXIS2_PLACEMENT_3D('',#8414,#8415,#8416);
#8418=PLANE('',#8417);
#8419=ORIENTED_EDGE('',*,*,#3140,.T.);
#8420=ORIENTED_EDGE('',*,*,#8409,.T.);
#8421=ORIENTED_EDGE('',*,*,#682,.T.);
#8422=CARTESIAN_POINT('',(37.474131999,3.171428571,-23.42225149));
#8423=DIRECTION('',(0.866025404,0.,0.5));
#8424=VECTOR('',#8423,0.157506388);
#8425=LINE('',#8422,#8424);
#8426=EDGE_CURVE('',#3135,#669,#8425,.T.);
#8427=ORIENTED_EDGE('',*,*,#8426,.F.);
#8428=EDGE_LOOP('',(#8419,#8420,#8421,#8427));
#8429=FACE_BOUND('',#8428,.T.);
#8430=ADVANCED_FACE('',(#8429),#8418,.F.);
#8431=CARTESIAN_POINT('',(37.350728911,3.424285714,-23.493498296));
#8432=DIRECTION('',(0.5,0.,-0.866025404));
#8433=DIRECTION('',(-0.866025404,0.,-0.5));
#8434=AXIS2_PLACEMENT_3D('',#8431,#8432,#8433);
#8435=PLANE('',#8434);
#8436=ORIENTED_EDGE('',*,*,#3146,.T.);
#8437=ORIENTED_EDGE('',*,*,#8426,.T.);
#8438=ORIENTED_EDGE('',*,*,#674,.T.);
#8439=ORIENTED_EDGE('',*,*,#8385,.F.);
#8440=EDGE_LOOP('',(#8436,#8437,#8438,#8439));
#8441=FACE_BOUND('',#8440,.T.);
#8442=ADVANCED_FACE('',(#8441),#8435,.F.);
#8443=CARTESIAN_POINT('',(37.652871769,-6.6,-24.016825076));
#8444=DIRECTION('',(0.,1.,0.));
#8445=DIRECTION('',(0.866025404,0.,0.5));
#8446=AXIS2_PLACEMENT_3D('',#8443,#8444,#8445);
#8447=PLANE('',#8446);
#8448=ORIENTED_EDGE('',*,*,#3090,.T.);
#8449=CARTESIAN_POINT('',(37.902703428,-6.6,-24.164558979));
#8450=DIRECTION('',(0.866025404,0.,0.5));
#8451=VECTOR('',#8450,0.157506388);
#8452=LINE('',#8449,#8451);
#8453=EDGE_CURVE('',#3085,#625,#8452,.T.);
#8454=ORIENTED_EDGE('',*,*,#8453,.T.);
#8455=ORIENTED_EDGE('',*,*,#632,.T.);
#8456=CARTESIAN_POINT('',(37.64556057,-6.6,-23.719174486));
#8457=DIRECTION('',(0.866025404,0.,0.5));
#8458=VECTOR('',#8457,0.157506388);
#8459=LINE('',#8456,#8458);
#8460=EDGE_CURVE('',#3083,#627,#8459,.T.);
#8461=ORIENTED_EDGE('',*,*,#8460,.F.);
#8462=EDGE_LOOP('',(#8448,#8454,#8455,#8461));
#8463=FACE_BOUND('',#8462,.T.);
#8464=ADVANCED_FACE('',(#8463),#8447,.F.);
#8465=CARTESIAN_POINT('',(37.522157483,-6.852857143,-23.790421292));
#8466=DIRECTION('',(-0.5,0.,0.866025404));
#8467=DIRECTION('',(0.866025404,0.,0.5));
#8468=AXIS2_PLACEMENT_3D('',#8465,#8466,#8467);
#8469=PLANE('',#8468);
#8470=ORIENTED_EDGE('',*,*,#3098,.T.);
#8471=ORIENTED_EDGE('',*,*,#8460,.T.);
#8472=ORIENTED_EDGE('',*,*,#654,.T.);
#8473=CARTESIAN_POINT('',(37.64556057,-7.114285714,-23.719174486));
#8474=DIRECTION('',(0.866025404,0.,0.5));
#8475=VECTOR('',#8474,0.157506388);
#8476=LINE('',#8473,#8475);
#8477=EDGE_CURVE('',#3093,#643,#8476,.T.);
#8478=ORIENTED_EDGE('',*,*,#8477,.F.);
#8479=EDGE_LOOP('',(#8470,#8471,#8472,#8478));
#8480=FACE_BOUND('',#8479,.T.);
#8481=ADVANCED_FACE('',(#8480),#8469,.F.);
#8482=CARTESIAN_POINT('',(37.648586054,-7.114285714,-24.009402001));
#8483=DIRECTION('',(0.,-1.,0.));
#8484=DIRECTION('',(-0.866025404,0.,-0.5));
#8485=AXIS2_PLACEMENT_3D('',#8482,#8483,#8484);
#8486=PLANE('',#8485);
#8487=ORIENTED_EDGE('',*,*,#3106,.T.);
#8488=ORIENTED_EDGE('',*,*,#8477,.T.);
#8489=ORIENTED_EDGE('',*,*,#648,.T.);
#8490=CARTESIAN_POINT('',(37.902703428,-7.114285714,-24.164558979));
#8491=DIRECTION('',(0.866025404,0.,0.5));
#8492=VECTOR('',#8491,0.157506388);
#8493=LINE('',#8490,#8492);
#8494=EDGE_CURVE('',#3101,#635,#8493,.T.);
#8495=ORIENTED_EDGE('',*,*,#8494,.F.);
#8496=EDGE_LOOP('',(#8487,#8488,#8489,#8495));
#8497=FACE_BOUND('',#8496,.T.);
#8498=ADVANCED_FACE('',(#8497),#8486,.F.);
#8499=CARTESIAN_POINT('',(37.77930034,-6.861428571,-24.235805785));
#8500=DIRECTION('',(0.5,0.,-0.866025404));
#8501=DIRECTION('',(-0.866025404,0.,-0.5));
#8502=AXIS2_PLACEMENT_3D('',#8499,#8500,#8501);
#8503=PLANE('',#8502);
#8504=ORIENTED_EDGE('',*,*,#3112,.T.);
#8505=ORIENTED_EDGE('',*,*,#8494,.T.);
#8506=ORIENTED_EDGE('',*,*,#640,.T.);
#8507=ORIENTED_EDGE('',*,*,#8453,.F.);
#8508=EDGE_LOOP('',(#8504,#8505,#8506,#8507));
#8509=FACE_BOUND('',#8508,.T.);
#8510=ADVANCED_FACE('',(#8509),#8503,.F.);
#8511=CARTESIAN_POINT('',(38.081443197,-9.171428571,-24.759132565));
#8512=DIRECTION('',(0.,1.,0.));
#8513=DIRECTION('',(0.866025404,0.,0.5));
#8514=AXIS2_PLACEMENT_3D('',#8511,#8512,#8513);
#8515=PLANE('',#8514);
#8516=ORIENTED_EDGE('',*,*,#3056,.T.);
#8517=CARTESIAN_POINT('',(38.331274856,-9.171428571,-24.906866468));
#8518=DIRECTION('',(0.866025404,0.,0.5));
#8519=VECTOR('',#8518,0.157506388);
#8520=LINE('',#8517,#8519);
#8521=EDGE_CURVE('',#3051,#591,#8520,.T.);
#8522=ORIENTED_EDGE('',*,*,#8521,.T.);
#8523=ORIENTED_EDGE('',*,*,#598,.T.);
#8524=CARTESIAN_POINT('',(38.074131999,-9.171428571,-24.461481975));
#8525=DIRECTION('',(0.866025404,0.,0.5));
#8526=VECTOR('',#8525,0.157506388);
#8527=LINE('',#8524,#8526);
#8528=EDGE_CURVE('',#3049,#593,#8527,.T.);
#8529=ORIENTED_EDGE('',*,*,#8528,.F.);
#8530=EDGE_LOOP('',(#8516,#8522,#8523,#8529));
#8531=FACE_BOUND('',#8530,.T.);
#8532=ADVANCED_FACE('',(#8531),#8515,.F.);
#8533=CARTESIAN_POINT('',(37.950728911,-9.424285714,-24.532728781));
#8534=DIRECTION('',(-0.5,0.,0.866025404));
#8535=DIRECTION('',(0.866025404,0.,0.5));
#8536=AXIS2_PLACEMENT_3D('',#8533,#8534,#8535);
#8537=PLANE('',#8536);
#8538=ORIENTED_EDGE('',*,*,#3064,.T.);
#8539=ORIENTED_EDGE('',*,*,#8528,.T.);
#8540=ORIENTED_EDGE('',*,*,#620,.T.);
#8541=CARTESIAN_POINT('',(38.074131999,-9.685714286,-24.461481975));
#8542=DIRECTION('',(0.866025404,0.,0.5));
#8543=VECTOR('',#8542,0.157506388);
#8544=LINE('',#8541,#8543);
#8545=EDGE_CURVE('',#3059,#609,#8544,.T.);
#8546=ORIENTED_EDGE('',*,*,#8545,.F.);
#8547=EDGE_LOOP('',(#8538,#8539,#8540,#8546));
#8548=FACE_BOUND('',#8547,.T.);
#8549=ADVANCED_FACE('',(#8548),#8537,.F.);
#8550=CARTESIAN_POINT('',(38.077157483,-9.685714286,-24.75170949));
#8551=DIRECTION('',(0.,-1.,0.));
#8552=DIRECTION('',(-0.866025404,0.,-0.5));
#8553=AXIS2_PLACEMENT_3D('',#8550,#8551,#8552);
#8554=PLANE('',#8553);
#8555=ORIENTED_EDGE('',*,*,#3072,.T.);
#8556=ORIENTED_EDGE('',*,*,#8545,.T.);
#8557=ORIENTED_EDGE('',*,*,#614,.T.);
#8558=CARTESIAN_POINT('',(38.331274856,-9.685714286,-24.906866468));
#8559=DIRECTION('',(0.866025404,0.,0.5));
#8560=VECTOR('',#8559,0.157506388);
#8561=LINE('',#8558,#8560);
#8562=EDGE_CURVE('',#3067,#601,#8561,.T.);
#8563=ORIENTED_EDGE('',*,*,#8562,.F.);
#8564=EDGE_LOOP('',(#8555,#8556,#8557,#8563));
#8565=FACE_BOUND('',#8564,.T.);
#8566=ADVANCED_FACE('',(#8565),#8554,.F.);
#8567=CARTESIAN_POINT('',(38.207871769,-9.432857143,-24.978113274));
#8568=DIRECTION('',(0.5,0.,-0.866025404));
#8569=DIRECTION('',(-0.866025404,0.,-0.5));
#8570=AXIS2_PLACEMENT_3D('',#8567,#8568,#8569);
#8571=PLANE('',#8570);
#8572=ORIENTED_EDGE('',*,*,#3078,.T.);
#8573=ORIENTED_EDGE('',*,*,#8562,.T.);
#8574=ORIENTED_EDGE('',*,*,#606,.T.);
#8575=ORIENTED_EDGE('',*,*,#8521,.F.);
#8576=EDGE_LOOP('',(#8572,#8573,#8574,#8575));
#8577=FACE_BOUND('',#8576,.T.);
#8578=ADVANCED_FACE('',(#8577),#8571,.F.);
#8579=CARTESIAN_POINT('',(35.938586054,9.685714286,-21.04759512));
#8580=DIRECTION('',(0.,1.,0.));
#8581=DIRECTION('',(0.866025404,0.,0.5));
#8582=AXIS2_PLACEMENT_3D('',#8579,#8580,#8581);
#8583=PLANE('',#8582);
#8584=ORIENTED_EDGE('',*,*,#3022,.T.);
#8585=CARTESIAN_POINT('',(36.188417713,9.685714286,-21.195329024));
#8586=DIRECTION('',(0.866025404,0.,0.5));
#8587=VECTOR('',#8586,0.157506389);
#8588=LINE('',#8585,#8587);
#8589=EDGE_CURVE('',#3017,#557,#8588,.T.);
#8590=ORIENTED_EDGE('',*,*,#8589,.T.);
#8591=ORIENTED_EDGE('',*,*,#564,.T.);
#8592=CARTESIAN_POINT('',(35.931274856,9.685714286,-20.74994453));
#8593=DIRECTION('',(0.866025404,0.,0.5));
#8594=VECTOR('',#8593,0.157506389);
#8595=LINE('',#8592,#8594);
#8596=EDGE_CURVE('',#3015,#559,#8595,.T.);
#8597=ORIENTED_EDGE('',*,*,#8596,.F.);
#8598=EDGE_LOOP('',(#8584,#8590,#8591,#8597));
#8599=FACE_BOUND('',#8598,.T.);
#8600=ADVANCED_FACE('',(#8599),#8583,.F.);
#8601=CARTESIAN_POINT('',(35.807871769,9.432857143,-20.821191336));
#8602=DIRECTION('',(-0.5,0.,0.866025404));
#8603=DIRECTION('',(0.866025404,0.,0.5));
#8604=AXIS2_PLACEMENT_3D('',#8601,#8602,#8603);
#8605=PLANE('',#8604);
#8606=ORIENTED_EDGE('',*,*,#3030,.T.);
#8607=ORIENTED_EDGE('',*,*,#8596,.T.);
#8608=ORIENTED_EDGE('',*,*,#586,.T.);
#8609=CARTESIAN_POINT('',(35.931274856,9.171428571,-20.74994453));
#8610=DIRECTION('',(0.866025404,0.,0.5));
#8611=VECTOR('',#8610,0.157506389);
#8612=LINE('',#8609,#8611);
#8613=EDGE_CURVE('',#3025,#575,#8612,.T.);
#8614=ORIENTED_EDGE('',*,*,#8613,.F.);
#8615=EDGE_LOOP('',(#8606,#8607,#8608,#8614));
#8616=FACE_BOUND('',#8615,.T.);
#8617=ADVANCED_FACE('',(#8616),#8605,.F.);
#8618=CARTESIAN_POINT('',(35.93430034,9.171428571,-21.040172045));
#8619=DIRECTION('',(0.,-1.,0.));
#8620=DIRECTION('',(-0.866025404,0.,-0.5));
#8621=AXIS2_PLACEMENT_3D('',#8618,#8619,#8620);
#8622=PLANE('',#8621);
#8623=ORIENTED_EDGE('',*,*,#3038,.T.);
#8624=ORIENTED_EDGE('',*,*,#8613,.T.);
#8625=ORIENTED_EDGE('',*,*,#580,.T.);
#8626=CARTESIAN_POINT('',(36.188417713,9.171428571,-21.195329024));
#8627=DIRECTION('',(0.866025404,0.,0.5));
#8628=VECTOR('',#8627,0.157506389);
#8629=LINE('',#8626,#8628);
#8630=EDGE_CURVE('',#3033,#567,#8629,.T.);
#8631=ORIENTED_EDGE('',*,*,#8630,.F.);
#8632=EDGE_LOOP('',(#8623,#8624,#8625,#8631));
#8633=FACE_BOUND('',#8632,.T.);
#8634=ADVANCED_FACE('',(#8633),#8622,.F.);
#8635=CARTESIAN_POINT('',(36.065014626,9.424285714,-21.266575829));
#8636=DIRECTION('',(0.5,0.,-0.866025404));
#8637=DIRECTION('',(-0.866025404,0.,-0.5));
#8638=AXIS2_PLACEMENT_3D('',#8635,#8636,#8637);
#8639=PLANE('',#8638);
#8640=ORIENTED_EDGE('',*,*,#3044,.T.);
#8641=ORIENTED_EDGE('',*,*,#8630,.T.);
#8642=ORIENTED_EDGE('',*,*,#572,.T.);
#8643=ORIENTED_EDGE('',*,*,#8589,.F.);
#8644=EDGE_LOOP('',(#8640,#8641,#8642,#8643));
#8645=FACE_BOUND('',#8644,.T.);
#8646=ADVANCED_FACE('',(#8645),#8639,.F.);
#8647=CARTESIAN_POINT('',(36.367157483,10.542857143,-21.789902609));
#8648=DIRECTION('',(0.,1.,0.));
#8649=DIRECTION('',(0.866025404,0.,0.5));
#8650=AXIS2_PLACEMENT_3D('',#8647,#8648,#8649);
#8651=PLANE('',#8650);
#8652=ORIENTED_EDGE('',*,*,#2988,.T.);
#8653=CARTESIAN_POINT('',(36.616989142,10.542857143,-21.937636512));
#8654=DIRECTION('',(0.866025404,0.,0.5));
#8655=VECTOR('',#8654,0.157506389);
#8656=LINE('',#8653,#8655);
#8657=EDGE_CURVE('',#2983,#523,#8656,.T.);
#8658=ORIENTED_EDGE('',*,*,#8657,.T.);
#8659=ORIENTED_EDGE('',*,*,#530,.T.);
#8660=CARTESIAN_POINT('',(36.359846284,10.542857143,-21.492252019));
#8661=DIRECTION('',(0.866025404,0.,0.5));
#8662=VECTOR('',#8661,0.157506389);
#8663=LINE('',#8660,#8662);
#8664=EDGE_CURVE('',#2981,#525,#8663,.T.);
#8665=ORIENTED_EDGE('',*,*,#8664,.F.);
#8666=EDGE_LOOP('',(#8652,#8658,#8659,#8665));
#8667=FACE_BOUND('',#8666,.T.);
#8668=ADVANCED_FACE('',(#8667),#8651,.F.);
#8669=CARTESIAN_POINT('',(36.236443197,10.29,-21.563498825));
#8670=DIRECTION('',(-0.5,0.,0.866025404));
#8671=DIRECTION('',(0.866025404,0.,0.5));
#8672=AXIS2_PLACEMENT_3D('',#8669,#8670,#8671);
#8673=PLANE('',#8672);
#8674=ORIENTED_EDGE('',*,*,#2996,.T.);
#8675=ORIENTED_EDGE('',*,*,#8664,.T.);
#8676=ORIENTED_EDGE('',*,*,#552,.T.);
#8677=CARTESIAN_POINT('',(36.359846284,10.028571429,-21.492252019));
#8678=DIRECTION('',(0.866025404,0.,0.5));
#8679=VECTOR('',#8678,0.157506389);
#8680=LINE('',#8677,#8679);
#8681=EDGE_CURVE('',#2991,#541,#8680,.T.);
#8682=ORIENTED_EDGE('',*,*,#8681,.F.);
#8683=EDGE_LOOP('',(#8674,#8675,#8676,#8682));
#8684=FACE_BOUND('',#8683,.T.);
#8685=ADVANCED_FACE('',(#8684),#8673,.F.);
#8686=CARTESIAN_POINT('',(36.362871769,10.028571429,-21.782479534));
#8687=DIRECTION('',(0.,-1.,0.));
#8688=DIRECTION('',(-0.866025404,0.,-0.5));
#8689=AXIS2_PLACEMENT_3D('',#8686,#8687,#8688);
#8690=PLANE('',#8689);
#8691=ORIENTED_EDGE('',*,*,#3004,.T.);
#8692=ORIENTED_EDGE('',*,*,#8681,.T.);
#8693=ORIENTED_EDGE('',*,*,#546,.T.);
#8694=CARTESIAN_POINT('',(36.616989142,10.028571429,-21.937636512));
#8695=DIRECTION('',(0.866025404,0.,0.5));
#8696=VECTOR('',#8695,0.157506389);
#8697=LINE('',#8694,#8696);
#8698=EDGE_CURVE('',#2999,#533,#8697,.T.);
#8699=ORIENTED_EDGE('',*,*,#8698,.F.);
#8700=EDGE_LOOP('',(#8691,#8692,#8693,#8699));
#8701=FACE_BOUND('',#8700,.T.);
#8702=ADVANCED_FACE('',(#8701),#8690,.F.);
#8703=CARTESIAN_POINT('',(36.493586054,10.281428571,-22.008883318));
#8704=DIRECTION('',(0.5,0.,-0.866025404));
#8705=DIRECTION('',(-0.866025404,0.,-0.5));
#8706=AXIS2_PLACEMENT_3D('',#8703,#8704,#8705);
#8707=PLANE('',#8706);
#8708=ORIENTED_EDGE('',*,*,#3010,.T.);
#8709=ORIENTED_EDGE('',*,*,#8698,.T.);
#8710=ORIENTED_EDGE('',*,*,#538,.T.);
#8711=ORIENTED_EDGE('',*,*,#8657,.F.);
#8712=EDGE_LOOP('',(#8708,#8709,#8710,#8711));
#8713=FACE_BOUND('',#8712,.T.);
#8714=ADVANCED_FACE('',(#8713),#8707,.F.);
#8715=CARTESIAN_POINT('',(37.652871769,-11.742857143,-24.016825076));
#8716=DIRECTION('',(0.,1.,0.));
#8717=DIRECTION('',(0.866025404,0.,0.5));
#8718=AXIS2_PLACEMENT_3D('',#8715,#8716,#8717);
#8719=PLANE('',#8718);
#8720=ORIENTED_EDGE('',*,*,#2954,.T.);
#8721=CARTESIAN_POINT('',(37.902703428,-11.742857143,-24.164558979));
#8722=DIRECTION('',(0.866025404,0.,0.5));
#8723=VECTOR('',#8722,0.157506388);
#8724=LINE('',#8721,#8723);
#8725=EDGE_CURVE('',#2949,#489,#8724,.T.);
#8726=ORIENTED_EDGE('',*,*,#8725,.T.);
#8727=ORIENTED_EDGE('',*,*,#496,.T.);
#8728=CARTESIAN_POINT('',(37.64556057,-11.742857143,-23.719174486));
#8729=DIRECTION('',(0.866025404,0.,0.5));
#8730=VECTOR('',#8729,0.157506388);
#8731=LINE('',#8728,#8730);
#8732=EDGE_CURVE('',#2947,#491,#8731,.T.);
#8733=ORIENTED_EDGE('',*,*,#8732,.F.);
#8734=EDGE_LOOP('',(#8720,#8726,#8727,#8733));
#8735=FACE_BOUND('',#8734,.T.);
#8736=ADVANCED_FACE('',(#8735),#8719,.F.);
#8737=CARTESIAN_POINT('',(37.522157483,-11.995714286,-23.790421292));
#8738=DIRECTION('',(-0.5,0.,0.866025404));
#8739=DIRECTION('',(0.866025404,0.,0.5));
#8740=AXIS2_PLACEMENT_3D('',#8737,#8738,#8739);
#8741=PLANE('',#8740);
#8742=ORIENTED_EDGE('',*,*,#2962,.T.);
#8743=ORIENTED_EDGE('',*,*,#8732,.T.);
#8744=ORIENTED_EDGE('',*,*,#518,.T.);
#8745=CARTESIAN_POINT('',(37.64556057,-12.257142857,-23.719174486));
#8746=DIRECTION('',(0.866025404,0.,0.5));
#8747=VECTOR('',#8746,0.157506388);
#8748=LINE('',#8745,#8747);
#8749=EDGE_CURVE('',#2957,#507,#8748,.T.);
#8750=ORIENTED_EDGE('',*,*,#8749,.F.);
#8751=EDGE_LOOP('',(#8742,#8743,#8744,#8750));
#8752=FACE_BOUND('',#8751,.T.);
#8753=ADVANCED_FACE('',(#8752),#8741,.F.);
#8754=CARTESIAN_POINT('',(37.648586054,-12.257142857,-24.009402001));
#8755=DIRECTION('',(0.,-1.,0.));
#8756=DIRECTION('',(-0.866025404,0.,-0.5));
#8757=AXIS2_PLACEMENT_3D('',#8754,#8755,#8756);
#8758=PLANE('',#8757);
#8759=ORIENTED_EDGE('',*,*,#2970,.T.);
#8760=ORIENTED_EDGE('',*,*,#8749,.T.);
#8761=ORIENTED_EDGE('',*,*,#512,.T.);
#8762=CARTESIAN_POINT('',(37.902703428,-12.257142857,-24.164558979));
#8763=DIRECTION('',(0.866025404,0.,0.5));
#8764=VECTOR('',#8763,0.157506388);
#8765=LINE('',#8762,#8764);
#8766=EDGE_CURVE('',#2965,#499,#8765,.T.);
#8767=ORIENTED_EDGE('',*,*,#8766,.F.);
#8768=EDGE_LOOP('',(#8759,#8760,#8761,#8767));
#8769=FACE_BOUND('',#8768,.T.);
#8770=ADVANCED_FACE('',(#8769),#8758,.F.);
#8771=CARTESIAN_POINT('',(37.77930034,-12.004285714,-24.235805785));
#8772=DIRECTION('',(0.5,0.,-0.866025404));
#8773=DIRECTION('',(-0.866025404,0.,-0.5));
#8774=AXIS2_PLACEMENT_3D('',#8771,#8772,#8773);
#8775=PLANE('',#8774);
#8776=ORIENTED_EDGE('',*,*,#2976,.T.);
#8777=ORIENTED_EDGE('',*,*,#8766,.T.);
#8778=ORIENTED_EDGE('',*,*,#504,.T.);
#8779=ORIENTED_EDGE('',*,*,#8725,.F.);
#8780=EDGE_LOOP('',(#8776,#8777,#8778,#8779));
#8781=FACE_BOUND('',#8780,.T.);
#8782=ADVANCED_FACE('',(#8781),#8775,.F.);
#8783=CARTESIAN_POINT('',(35.510014626,-10.885714286,-20.305287631));
#8784=DIRECTION('',(0.,1.,0.));
#8785=DIRECTION('',(0.866025404,0.,0.5));
#8786=AXIS2_PLACEMENT_3D('',#8783,#8784,#8785);
#8787=PLANE('',#8786);
#8788=ORIENTED_EDGE('',*,*,#2920,.T.);
#8789=CARTESIAN_POINT('',(35.759846284,-10.885714286,-20.453021535));
#8790=DIRECTION('',(0.866025404,0.,0.5));
#8791=VECTOR('',#8790,0.157506389);
#8792=LINE('',#8789,#8791);
#8793=EDGE_CURVE('',#2915,#455,#8792,.T.);
#8794=ORIENTED_EDGE('',*,*,#8793,.T.);
#8795=ORIENTED_EDGE('',*,*,#462,.T.);
#8796=CARTESIAN_POINT('',(35.502703427,-10.885714286,-20.007637041));
#8797=DIRECTION('',(0.866025404,0.,0.5));
#8798=VECTOR('',#8797,0.157506389);
#8799=LINE('',#8796,#8798);
#8800=EDGE_CURVE('',#2913,#457,#8799,.T.);
#8801=ORIENTED_EDGE('',*,*,#8800,.F.);
#8802=EDGE_LOOP('',(#8788,#8794,#8795,#8801));
#8803=FACE_BOUND('',#8802,.T.);
#8804=ADVANCED_FACE('',(#8803),#8787,.F.);
#8805=CARTESIAN_POINT('',(35.37930034,-11.138571429,-20.078883847));
#8806=DIRECTION('',(-0.5,0.,0.866025404));
#8807=DIRECTION('',(0.866025404,0.,0.5));
#8808=AXIS2_PLACEMENT_3D('',#8805,#8806,#8807);
#8809=PLANE('',#8808);
#8810=ORIENTED_EDGE('',*,*,#2928,.T.);
#8811=ORIENTED_EDGE('',*,*,#8800,.T.);
#8812=ORIENTED_EDGE('',*,*,#484,.T.);
#8813=CARTESIAN_POINT('',(35.502703427,-11.4,-20.007637041));
#8814=DIRECTION('',(0.866025404,0.,0.5));
#8815=VECTOR('',#8814,0.157506389);
#8816=LINE('',#8813,#8815);
#8817=EDGE_CURVE('',#2923,#473,#8816,.T.);
#8818=ORIENTED_EDGE('',*,*,#8817,.F.);
#8819=EDGE_LOOP('',(#8810,#8811,#8812,#8818));
#8820=FACE_BOUND('',#8819,.T.);
#8821=ADVANCED_FACE('',(#8820),#8809,.F.);
#8822=CARTESIAN_POINT('',(35.505728911,-11.4,-20.297864556));
#8823=DIRECTION('',(0.,-1.,0.));
#8824=DIRECTION('',(-0.866025404,0.,-0.5));
#8825=AXIS2_PLACEMENT_3D('',#8822,#8823,#8824);
#8826=PLANE('',#8825);
#8827=ORIENTED_EDGE('',*,*,#2936,.T.);
#8828=ORIENTED_EDGE('',*,*,#8817,.T.);
#8829=ORIENTED_EDGE('',*,*,#478,.T.);
#8830=CARTESIAN_POINT('',(35.759846284,-11.4,-20.453021535));
#8831=DIRECTION('',(0.866025404,0.,0.5));
#8832=VECTOR('',#8831,0.157506389);
#8833=LINE('',#8830,#8832);
#8834=EDGE_CURVE('',#2931,#465,#8833,.T.);
#8835=ORIENTED_EDGE('',*,*,#8834,.F.);
#8836=EDGE_LOOP('',(#8827,#8828,#8829,#8835));
#8837=FACE_BOUND('',#8836,.T.);
#8838=ADVANCED_FACE('',(#8837),#8826,.F.);
#8839=CARTESIAN_POINT('',(35.636443197,-11.147142857,-20.52426834));
#8840=DIRECTION('',(0.5,0.,-0.866025404));
#8841=DIRECTION('',(-0.866025404,0.,-0.5));
#8842=AXIS2_PLACEMENT_3D('',#8839,#8840,#8841);
#8843=PLANE('',#8842);
#8844=ORIENTED_EDGE('',*,*,#2942,.T.);
#8845=ORIENTED_EDGE('',*,*,#8834,.T.);
#8846=ORIENTED_EDGE('',*,*,#470,.T.);
#8847=ORIENTED_EDGE('',*,*,#8793,.F.);
#8848=EDGE_LOOP('',(#8844,#8845,#8846,#8847));
#8849=FACE_BOUND('',#8848,.T.);
#8850=ADVANCED_FACE('',(#8849),#8843,.F.);
#8851=CARTESIAN_POINT('',(36.795728911,3.685714286,-22.532210098));
#8852=DIRECTION('',(0.,1.,0.));
#8853=DIRECTION('',(0.866025404,0.,0.5));
#8854=AXIS2_PLACEMENT_3D('',#8851,#8852,#8853);
#8855=PLANE('',#8854);
#8856=ORIENTED_EDGE('',*,*,#2886,.T.);
#8857=CARTESIAN_POINT('',(37.04556057,3.685714286,-22.679944001));
#8858=DIRECTION('',(0.866025404,0.,0.5));
#8859=VECTOR('',#8858,0.157506389);
#8860=LINE('',#8857,#8859);
#8861=EDGE_CURVE('',#2881,#421,#8860,.T.);
#8862=ORIENTED_EDGE('',*,*,#8861,.T.);
#8863=ORIENTED_EDGE('',*,*,#428,.T.);
#8864=CARTESIAN_POINT('',(36.788417713,3.685714286,-22.234559508));
#8865=DIRECTION('',(0.866025404,0.,0.5));
#8866=VECTOR('',#8865,0.157506389);
#8867=LINE('',#8864,#8866);
#8868=EDGE_CURVE('',#2879,#423,#8867,.T.);
#8869=ORIENTED_EDGE('',*,*,#8868,.F.);
#8870=EDGE_LOOP('',(#8856,#8862,#8863,#8869));
#8871=FACE_BOUND('',#8870,.T.);
#8872=ADVANCED_FACE('',(#8871),#8855,.F.);
#8873=CARTESIAN_POINT('',(36.665014626,3.432857143,-22.305806314));
#8874=DIRECTION('',(-0.5,0.,0.866025404));
#8875=DIRECTION('',(0.866025404,0.,0.5));
#8876=AXIS2_PLACEMENT_3D('',#8873,#8874,#8875);
#8877=PLANE('',#8876);
#8878=ORIENTED_EDGE('',*,*,#2894,.T.);
#8879=ORIENTED_EDGE('',*,*,#8868,.T.);
#8880=ORIENTED_EDGE('',*,*,#450,.T.);
#8881=CARTESIAN_POINT('',(36.788417713,3.171428571,-22.234559508));
#8882=DIRECTION('',(0.866025404,0.,0.5));
#8883=VECTOR('',#8882,0.157506389);
#8884=LINE('',#8881,#8883);
#8885=EDGE_CURVE('',#2889,#439,#8884,.T.);
#8886=ORIENTED_EDGE('',*,*,#8885,.F.);
#8887=EDGE_LOOP('',(#8878,#8879,#8880,#8886));
#8888=FACE_BOUND('',#8887,.T.);
#8889=ADVANCED_FACE('',(#8888),#8877,.F.);
#8890=CARTESIAN_POINT('',(36.791443197,3.171428571,-22.524787023));
#8891=DIRECTION('',(0.,-1.,0.));
#8892=DIRECTION('',(-0.866025404,0.,-0.5));
#8893=AXIS2_PLACEMENT_3D('',#8890,#8891,#8892);
#8894=PLANE('',#8893);
#8895=ORIENTED_EDGE('',*,*,#2902,.T.);
#8896=ORIENTED_EDGE('',*,*,#8885,.T.);
#8897=ORIENTED_EDGE('',*,*,#444,.T.);
#8898=CARTESIAN_POINT('',(37.04556057,3.171428571,-22.679944001));
#8899=DIRECTION('',(0.866025404,0.,0.5));
#8900=VECTOR('',#8899,0.157506389);
#8901=LINE('',#8898,#8900);
#8902=EDGE_CURVE('',#2897,#431,#8901,.T.);
#8903=ORIENTED_EDGE('',*,*,#8902,.F.);
#8904=EDGE_LOOP('',(#8895,#8896,#8897,#8903));
#8905=FACE_BOUND('',#8904,.T.);
#8906=ADVANCED_FACE('',(#8905),#8894,.F.);
#8907=CARTESIAN_POINT('',(36.922157483,3.424285714,-22.751190807));
#8908=DIRECTION('',(0.5,0.,-0.866025404));
#8909=DIRECTION('',(-0.866025404,0.,-0.5));
#8910=AXIS2_PLACEMENT_3D('',#8907,#8908,#8909);
#8911=PLANE('',#8910);
#8912=ORIENTED_EDGE('',*,*,#2908,.T.);
#8913=ORIENTED_EDGE('',*,*,#8902,.T.);
#8914=ORIENTED_EDGE('',*,*,#436,.T.);
#8915=ORIENTED_EDGE('',*,*,#8861,.F.);
#8916=EDGE_LOOP('',(#8912,#8913,#8914,#8915));
#8917=FACE_BOUND('',#8916,.T.);
#8918=ADVANCED_FACE('',(#8917),#8911,.F.);
#8919=CARTESIAN_POINT('',(35.510014626,-5.742857143,-20.305287631));
#8920=DIRECTION('',(0.,1.,0.));
#8921=DIRECTION('',(0.866025404,0.,0.5));
#8922=AXIS2_PLACEMENT_3D('',#8919,#8920,#8921);
#8923=PLANE('',#8922);
#8924=ORIENTED_EDGE('',*,*,#2852,.T.);
#8925=CARTESIAN_POINT('',(35.759846284,-5.742857143,-20.453021535));
#8926=DIRECTION('',(0.866025404,0.,0.5));
#8927=VECTOR('',#8926,0.157506389);
#8928=LINE('',#8925,#8927);
#8929=EDGE_CURVE('',#2847,#387,#8928,.T.);
#8930=ORIENTED_EDGE('',*,*,#8929,.T.);
#8931=ORIENTED_EDGE('',*,*,#394,.T.);
#8932=CARTESIAN_POINT('',(35.502703427,-5.742857143,-20.007637041));
#8933=DIRECTION('',(0.866025404,0.,0.5));
#8934=VECTOR('',#8933,0.157506389);
#8935=LINE('',#8932,#8934);
#8936=EDGE_CURVE('',#2845,#389,#8935,.T.);
#8937=ORIENTED_EDGE('',*,*,#8936,.F.);
#8938=EDGE_LOOP('',(#8924,#8930,#8931,#8937));
#8939=FACE_BOUND('',#8938,.T.);
#8940=ADVANCED_FACE('',(#8939),#8923,.F.);
#8941=CARTESIAN_POINT('',(35.37930034,-5.995714286,-20.078883847));
#8942=DIRECTION('',(-0.5,0.,0.866025404));
#8943=DIRECTION('',(0.866025404,0.,0.5));
#8944=AXIS2_PLACEMENT_3D('',#8941,#8942,#8943);
#8945=PLANE('',#8944);
#8946=ORIENTED_EDGE('',*,*,#2860,.T.);
#8947=ORIENTED_EDGE('',*,*,#8936,.T.);
#8948=ORIENTED_EDGE('',*,*,#416,.T.);
#8949=CARTESIAN_POINT('',(35.502703427,-6.257142857,-20.007637041));
#8950=DIRECTION('',(0.866025404,0.,0.5));
#8951=VECTOR('',#8950,0.157506389);
#8952=LINE('',#8949,#8951);
#8953=EDGE_CURVE('',#2855,#405,#8952,.T.);
#8954=ORIENTED_EDGE('',*,*,#8953,.F.);
#8955=EDGE_LOOP('',(#8946,#8947,#8948,#8954));
#8956=FACE_BOUND('',#8955,.T.);
#8957=ADVANCED_FACE('',(#8956),#8945,.F.);
#8958=CARTESIAN_POINT('',(35.505728911,-6.257142857,-20.297864556));
#8959=DIRECTION('',(0.,-1.,0.));
#8960=DIRECTION('',(-0.866025404,0.,-0.5));
#8961=AXIS2_PLACEMENT_3D('',#8958,#8959,#8960);
#8962=PLANE('',#8961);
#8963=ORIENTED_EDGE('',*,*,#2868,.T.);
#8964=ORIENTED_EDGE('',*,*,#8953,.T.);
#8965=ORIENTED_EDGE('',*,*,#410,.T.);
#8966=CARTESIAN_POINT('',(35.759846284,-6.257142857,-20.453021535));
#8967=DIRECTION('',(0.866025404,0.,0.5));
#8968=VECTOR('',#8967,0.157506389);
#8969=LINE('',#8966,#8968);
#8970=EDGE_CURVE('',#2863,#397,#8969,.T.);
#8971=ORIENTED_EDGE('',*,*,#8970,.F.);
#8972=EDGE_LOOP('',(#8963,#8964,#8965,#8971));
#8973=FACE_BOUND('',#8972,.T.);
#8974=ADVANCED_FACE('',(#8973),#8962,.F.);
#8975=CARTESIAN_POINT('',(35.636443197,-6.004285714,-20.52426834));
#8976=DIRECTION('',(0.5,0.,-0.866025404));
#8977=DIRECTION('',(-0.866025404,0.,-0.5));
#8978=AXIS2_PLACEMENT_3D('',#8975,#8976,#8977);
#8979=PLANE('',#8978);
#8980=ORIENTED_EDGE('',*,*,#2874,.T.);
#8981=ORIENTED_EDGE('',*,*,#8970,.T.);
#8982=ORIENTED_EDGE('',*,*,#402,.T.);
#8983=ORIENTED_EDGE('',*,*,#8929,.F.);
#8984=EDGE_LOOP('',(#8980,#8981,#8982,#8983));
#8985=FACE_BOUND('',#8984,.T.);
#8986=ADVANCED_FACE('',(#8985),#8979,.F.);
#8987=CARTESIAN_POINT('',(36.795728911,-11.742857143,-22.532210098));
#8988=DIRECTION('',(0.,1.,0.));
#8989=DIRECTION('',(0.866025404,0.,0.5));
#8990=AXIS2_PLACEMENT_3D('',#8987,#8988,#8989);
#8991=PLANE('',#8990);
#8992=ORIENTED_EDGE('',*,*,#2818,.T.);
#8993=CARTESIAN_POINT('',(37.04556057,-11.742857143,-22.679944001));
#8994=DIRECTION('',(0.866025404,0.,0.5));
#8995=VECTOR('',#8994,0.157506389);
#8996=LINE('',#8993,#8995);
#8997=EDGE_CURVE('',#2813,#353,#8996,.T.);
#8998=ORIENTED_EDGE('',*,*,#8997,.T.);
#8999=ORIENTED_EDGE('',*,*,#360,.T.);
#9000=CARTESIAN_POINT('',(36.788417713,-11.742857143,-22.234559508));
#9001=DIRECTION('',(0.866025404,0.,0.5));
#9002=VECTOR('',#9001,0.157506389);
#9003=LINE('',#9000,#9002);
#9004=EDGE_CURVE('',#2811,#355,#9003,.T.);
#9005=ORIENTED_EDGE('',*,*,#9004,.F.);
#9006=EDGE_LOOP('',(#8992,#8998,#8999,#9005));
#9007=FACE_BOUND('',#9006,.T.);
#9008=ADVANCED_FACE('',(#9007),#8991,.F.);
#9009=CARTESIAN_POINT('',(36.665014626,-11.995714286,-22.305806314));
#9010=DIRECTION('',(-0.5,0.,0.866025404));
#9011=DIRECTION('',(0.866025404,0.,0.5));
#9012=AXIS2_PLACEMENT_3D('',#9009,#9010,#9011);
#9013=PLANE('',#9012);
#9014=ORIENTED_EDGE('',*,*,#2826,.T.);
#9015=ORIENTED_EDGE('',*,*,#9004,.T.);
#9016=ORIENTED_EDGE('',*,*,#382,.T.);
#9017=CARTESIAN_POINT('',(36.788417713,-12.257142857,-22.234559508));
#9018=DIRECTION('',(0.866025404,0.,0.5));
#9019=VECTOR('',#9018,0.157506389);
#9020=LINE('',#9017,#9019);
#9021=EDGE_CURVE('',#2821,#371,#9020,.T.);
#9022=ORIENTED_EDGE('',*,*,#9021,.F.);
#9023=EDGE_LOOP('',(#9014,#9015,#9016,#9022));
#9024=FACE_BOUND('',#9023,.T.);
#9025=ADVANCED_FACE('',(#9024),#9013,.F.);
#9026=CARTESIAN_POINT('',(36.791443197,-12.257142857,-22.524787023));
#9027=DIRECTION('',(0.,-1.,0.));
#9028=DIRECTION('',(-0.866025404,0.,-0.5));
#9029=AXIS2_PLACEMENT_3D('',#9026,#9027,#9028);
#9030=PLANE('',#9029);
#9031=ORIENTED_EDGE('',*,*,#2834,.T.);
#9032=ORIENTED_EDGE('',*,*,#9021,.T.);
#9033=ORIENTED_EDGE('',*,*,#376,.T.);
#9034=CARTESIAN_POINT('',(37.04556057,-12.257142857,-22.679944001));
#9035=DIRECTION('',(0.866025404,0.,0.5));
#9036=VECTOR('',#9035,0.157506389);
#9037=LINE('',#9034,#9036);
#9038=EDGE_CURVE('',#2829,#363,#9037,.T.);
#9039=ORIENTED_EDGE('',*,*,#9038,.F.);
#9040=EDGE_LOOP('',(#9031,#9032,#9033,#9039));
#9041=FACE_BOUND('',#9040,.T.);
#9042=ADVANCED_FACE('',(#9041),#9030,.F.);
#9043=CARTESIAN_POINT('',(36.922157483,-12.004285714,-22.751190807));
#9044=DIRECTION('',(0.5,0.,-0.866025404));
#9045=DIRECTION('',(-0.866025404,0.,-0.5));
#9046=AXIS2_PLACEMENT_3D('',#9043,#9044,#9045);
#9047=PLANE('',#9046);
#9048=ORIENTED_EDGE('',*,*,#2840,.T.);
#9049=ORIENTED_EDGE('',*,*,#9038,.T.);
#9050=ORIENTED_EDGE('',*,*,#368,.T.);
#9051=ORIENTED_EDGE('',*,*,#8997,.F.);
#9052=EDGE_LOOP('',(#9048,#9049,#9050,#9051));
#9053=FACE_BOUND('',#9052,.T.);
#9054=ADVANCED_FACE('',(#9053),#9047,.F.);
#9055=CARTESIAN_POINT('',(36.367157483,8.828571429,-21.789902609));
#9056=DIRECTION('',(0.,1.,0.));
#9057=DIRECTION('',(0.866025404,0.,0.5));
#9058=AXIS2_PLACEMENT_3D('',#9055,#9056,#9057);
#9059=PLANE('',#9058);
#9060=ORIENTED_EDGE('',*,*,#2784,.T.);
#9061=CARTESIAN_POINT('',(36.616989142,8.828571429,-21.937636512));
#9062=DIRECTION('',(0.866025404,0.,0.5));
#9063=VECTOR('',#9062,0.157506389);
#9064=LINE('',#9061,#9063);
#9065=EDGE_CURVE('',#2779,#319,#9064,.T.);
#9066=ORIENTED_EDGE('',*,*,#9065,.T.);
#9067=ORIENTED_EDGE('',*,*,#326,.T.);
#9068=CARTESIAN_POINT('',(36.359846284,8.828571429,-21.492252019));
#9069=DIRECTION('',(0.866025404,0.,0.5));
#9070=VECTOR('',#9069,0.157506389);
#9071=LINE('',#9068,#9070);
#9072=EDGE_CURVE('',#2777,#321,#9071,.T.);
#9073=ORIENTED_EDGE('',*,*,#9072,.F.);
#9074=EDGE_LOOP('',(#9060,#9066,#9067,#9073));
#9075=FACE_BOUND('',#9074,.T.);
#9076=ADVANCED_FACE('',(#9075),#9059,.F.);
#9077=CARTESIAN_POINT('',(36.236443197,8.575714286,-21.563498825));
#9078=DIRECTION('',(-0.5,0.,0.866025404));
#9079=DIRECTION('',(0.866025404,0.,0.5));
#9080=AXIS2_PLACEMENT_3D('',#9077,#9078,#9079);
#9081=PLANE('',#9080);
#9082=ORIENTED_EDGE('',*,*,#2792,.T.);
#9083=ORIENTED_EDGE('',*,*,#9072,.T.);
#9084=ORIENTED_EDGE('',*,*,#348,.T.);
#9085=CARTESIAN_POINT('',(36.359846284,8.314285714,-21.492252019));
#9086=DIRECTION('',(0.866025404,0.,0.5));
#9087=VECTOR('',#9086,0.157506389);
#9088=LINE('',#9085,#9087);
#9089=EDGE_CURVE('',#2787,#337,#9088,.T.);
#9090=ORIENTED_EDGE('',*,*,#9089,.F.);
#9091=EDGE_LOOP('',(#9082,#9083,#9084,#9090));
#9092=FACE_BOUND('',#9091,.T.);
#9093=ADVANCED_FACE('',(#9092),#9081,.F.);
#9094=CARTESIAN_POINT('',(36.362871769,8.314285714,-21.782479534));
#9095=DIRECTION('',(0.,-1.,0.));
#9096=DIRECTION('',(-0.866025404,0.,-0.5));
#9097=AXIS2_PLACEMENT_3D('',#9094,#9095,#9096);
#9098=PLANE('',#9097);
#9099=ORIENTED_EDGE('',*,*,#2800,.T.);
#9100=ORIENTED_EDGE('',*,*,#9089,.T.);
#9101=ORIENTED_EDGE('',*,*,#342,.T.);
#9102=CARTESIAN_POINT('',(36.616989142,8.314285714,-21.937636512));
#9103=DIRECTION('',(0.866025404,0.,0.5));
#9104=VECTOR('',#9103,0.157506389);
#9105=LINE('',#9102,#9104);
#9106=EDGE_CURVE('',#2795,#329,#9105,.T.);
#9107=ORIENTED_EDGE('',*,*,#9106,.F.);
#9108=EDGE_LOOP('',(#9099,#9100,#9101,#9107));
#9109=FACE_BOUND('',#9108,.T.);
#9110=ADVANCED_FACE('',(#9109),#9098,.F.);
#9111=CARTESIAN_POINT('',(36.493586054,8.567142857,-22.008883318));
#9112=DIRECTION('',(0.5,0.,-0.866025404));
#9113=DIRECTION('',(-0.866025404,0.,-0.5));
#9114=AXIS2_PLACEMENT_3D('',#9111,#9112,#9113);
#9115=PLANE('',#9114);
#9116=ORIENTED_EDGE('',*,*,#2806,.T.);
#9117=ORIENTED_EDGE('',*,*,#9106,.T.);
#9118=ORIENTED_EDGE('',*,*,#334,.T.);
#9119=ORIENTED_EDGE('',*,*,#9065,.F.);
#9120=EDGE_LOOP('',(#9116,#9117,#9118,#9119));
#9121=FACE_BOUND('',#9120,.T.);
#9122=ADVANCED_FACE('',(#9121),#9115,.F.);
#9123=CARTESIAN_POINT('',(35.510014626,-9.171428571,-20.305287631));
#9124=DIRECTION('',(0.,1.,0.));
#9125=DIRECTION('',(0.866025404,0.,0.5));
#9126=AXIS2_PLACEMENT_3D('',#9123,#9124,#9125);
#9127=PLANE('',#9126);
#9128=ORIENTED_EDGE('',*,*,#2750,.T.);
#9129=CARTESIAN_POINT('',(35.759846284,-9.171428571,-20.453021535));
#9130=DIRECTION('',(0.866025404,0.,0.5));
#9131=VECTOR('',#9130,0.157506389);
#9132=LINE('',#9129,#9131);
#9133=EDGE_CURVE('',#2745,#285,#9132,.T.);
#9134=ORIENTED_EDGE('',*,*,#9133,.T.);
#9135=ORIENTED_EDGE('',*,*,#292,.T.);
#9136=CARTESIAN_POINT('',(35.502703427,-9.171428571,-20.007637041));
#9137=DIRECTION('',(0.866025404,0.,0.5));
#9138=VECTOR('',#9137,0.157506389);
#9139=LINE('',#9136,#9138);
#9140=EDGE_CURVE('',#2743,#287,#9139,.T.);
#9141=ORIENTED_EDGE('',*,*,#9140,.F.);
#9142=EDGE_LOOP('',(#9128,#9134,#9135,#9141));
#9143=FACE_BOUND('',#9142,.T.);
#9144=ADVANCED_FACE('',(#9143),#9127,.F.);
#9145=CARTESIAN_POINT('',(35.37930034,-9.424285714,-20.078883847));
#9146=DIRECTION('',(-0.5,0.,0.866025404));
#9147=DIRECTION('',(0.866025404,0.,0.5));
#9148=AXIS2_PLACEMENT_3D('',#9145,#9146,#9147);
#9149=PLANE('',#9148);
#9150=ORIENTED_EDGE('',*,*,#2758,.T.);
#9151=ORIENTED_EDGE('',*,*,#9140,.T.);
#9152=ORIENTED_EDGE('',*,*,#314,.T.);
#9153=CARTESIAN_POINT('',(35.502703427,-9.685714286,-20.007637041));
#9154=DIRECTION('',(0.866025404,0.,0.5));
#9155=VECTOR('',#9154,0.157506389);
#9156=LINE('',#9153,#9155);
#9157=EDGE_CURVE('',#2753,#303,#9156,.T.);
#9158=ORIENTED_EDGE('',*,*,#9157,.F.);
#9159=EDGE_LOOP('',(#9150,#9151,#9152,#9158));
#9160=FACE_BOUND('',#9159,.T.);
#9161=ADVANCED_FACE('',(#9160),#9149,.F.);
#9162=CARTESIAN_POINT('',(35.505728911,-9.685714286,-20.297864556));
#9163=DIRECTION('',(0.,-1.,0.));
#9164=DIRECTION('',(-0.866025404,0.,-0.5));
#9165=AXIS2_PLACEMENT_3D('',#9162,#9163,#9164);
#9166=PLANE('',#9165);
#9167=ORIENTED_EDGE('',*,*,#2766,.T.);
#9168=ORIENTED_EDGE('',*,*,#9157,.T.);
#9169=ORIENTED_EDGE('',*,*,#308,.T.);
#9170=CARTESIAN_POINT('',(35.759846284,-9.685714286,-20.453021535));
#9171=DIRECTION('',(0.866025404,0.,0.5));
#9172=VECTOR('',#9171,0.157506389);
#9173=LINE('',#9170,#9172);
#9174=EDGE_CURVE('',#2761,#295,#9173,.T.);
#9175=ORIENTED_EDGE('',*,*,#9174,.F.);
#9176=EDGE_LOOP('',(#9167,#9168,#9169,#9175));
#9177=FACE_BOUND('',#9176,.T.);
#9178=ADVANCED_FACE('',(#9177),#9166,.F.);
#9179=CARTESIAN_POINT('',(35.636443197,-9.432857143,-20.52426834));
#9180=DIRECTION('',(0.5,0.,-0.866025404));
#9181=DIRECTION('',(-0.866025404,0.,-0.5));
#9182=AXIS2_PLACEMENT_3D('',#9179,#9180,#9181);
#9183=PLANE('',#9182);
#9184=ORIENTED_EDGE('',*,*,#2772,.T.);
#9185=ORIENTED_EDGE('',*,*,#9174,.T.);
#9186=ORIENTED_EDGE('',*,*,#300,.T.);
#9187=ORIENTED_EDGE('',*,*,#9133,.F.);
#9188=EDGE_LOOP('',(#9184,#9185,#9186,#9187));
#9189=FACE_BOUND('',#9188,.T.);
#9190=ADVANCED_FACE('',(#9189),#9183,.F.);
#9191=CARTESIAN_POINT('',(36.795728911,-9.171428571,-22.532210098));
#9192=DIRECTION('',(0.,1.,0.));
#9193=DIRECTION('',(0.866025404,0.,0.5));
#9194=AXIS2_PLACEMENT_3D('',#9191,#9192,#9193);
#9195=PLANE('',#9194);
#9196=ORIENTED_EDGE('',*,*,#2716,.T.);
#9197=CARTESIAN_POINT('',(37.04556057,-9.171428571,-22.679944001));
#9198=DIRECTION('',(0.866025404,0.,0.5));
#9199=VECTOR('',#9198,0.157506389);
#9200=LINE('',#9197,#9199);
#9201=EDGE_CURVE('',#2711,#251,#9200,.T.);
#9202=ORIENTED_EDGE('',*,*,#9201,.T.);
#9203=ORIENTED_EDGE('',*,*,#258,.T.);
#9204=CARTESIAN_POINT('',(36.788417713,-9.171428571,-22.234559508));
#9205=DIRECTION('',(0.866025404,0.,0.5));
#9206=VECTOR('',#9205,0.157506389);
#9207=LINE('',#9204,#9206);
#9208=EDGE_CURVE('',#2709,#253,#9207,.T.);
#9209=ORIENTED_EDGE('',*,*,#9208,.F.);
#9210=EDGE_LOOP('',(#9196,#9202,#9203,#9209));
#9211=FACE_BOUND('',#9210,.T.);
#9212=ADVANCED_FACE('',(#9211),#9195,.F.);
#9213=CARTESIAN_POINT('',(36.665014626,-9.424285714,-22.305806314));
#9214=DIRECTION('',(-0.5,0.,0.866025404));
#9215=DIRECTION('',(0.866025404,0.,0.5));
#9216=AXIS2_PLACEMENT_3D('',#9213,#9214,#9215);
#9217=PLANE('',#9216);
#9218=ORIENTED_EDGE('',*,*,#2724,.T.);
#9219=ORIENTED_EDGE('',*,*,#9208,.T.);
#9220=ORIENTED_EDGE('',*,*,#280,.T.);
#9221=CARTESIAN_POINT('',(36.788417713,-9.685714286,-22.234559508));
#9222=DIRECTION('',(0.866025404,0.,0.5));
#9223=VECTOR('',#9222,0.157506389);
#9224=LINE('',#9221,#9223);
#9225=EDGE_CURVE('',#2719,#269,#9224,.T.);
#9226=ORIENTED_EDGE('',*,*,#9225,.F.);
#9227=EDGE_LOOP('',(#9218,#9219,#9220,#9226));
#9228=FACE_BOUND('',#9227,.T.);
#9229=ADVANCED_FACE('',(#9228),#9217,.F.);
#9230=CARTESIAN_POINT('',(36.791443197,-9.685714286,-22.524787023));
#9231=DIRECTION('',(0.,-1.,0.));
#9232=DIRECTION('',(-0.866025404,0.,-0.5));
#9233=AXIS2_PLACEMENT_3D('',#9230,#9231,#9232);
#9234=PLANE('',#9233);
#9235=ORIENTED_EDGE('',*,*,#2732,.T.);
#9236=ORIENTED_EDGE('',*,*,#9225,.T.);
#9237=ORIENTED_EDGE('',*,*,#274,.T.);
#9238=CARTESIAN_POINT('',(37.04556057,-9.685714286,-22.679944001));
#9239=DIRECTION('',(0.866025404,0.,0.5));
#9240=VECTOR('',#9239,0.157506389);
#9241=LINE('',#9238,#9240);
#9242=EDGE_CURVE('',#2727,#261,#9241,.T.);
#9243=ORIENTED_EDGE('',*,*,#9242,.F.);
#9244=EDGE_LOOP('',(#9235,#9236,#9237,#9243));
#9245=FACE_BOUND('',#9244,.T.);
#9246=ADVANCED_FACE('',(#9245),#9234,.F.);
#9247=CARTESIAN_POINT('',(36.922157483,-9.432857143,-22.751190807));
#9248=DIRECTION('',(0.5,0.,-0.866025404));
#9249=DIRECTION('',(-0.866025404,0.,-0.5));
#9250=AXIS2_PLACEMENT_3D('',#9247,#9248,#9249);
#9251=PLANE('',#9250);
#9252=ORIENTED_EDGE('',*,*,#2738,.T.);
#9253=ORIENTED_EDGE('',*,*,#9242,.T.);
#9254=ORIENTED_EDGE('',*,*,#266,.T.);
#9255=ORIENTED_EDGE('',*,*,#9201,.F.);
#9256=EDGE_LOOP('',(#9252,#9253,#9254,#9255));
#9257=FACE_BOUND('',#9256,.T.);
#9258=ADVANCED_FACE('',(#9257),#9251,.F.);
#9259=CARTESIAN_POINT('',(38.510014626,1.114285714,-25.501440054));
#9260=DIRECTION('',(0.,1.,0.));
#9261=DIRECTION('',(0.866025404,0.,0.5));
#9262=AXIS2_PLACEMENT_3D('',#9259,#9260,#9261);
#9263=PLANE('',#9262);
#9264=ORIENTED_EDGE('',*,*,#2682,.T.);
#9265=CARTESIAN_POINT('',(38.759846285,1.114285714,-25.649173957));
#9266=DIRECTION('',(0.866025404,0.,0.5));
#9267=VECTOR('',#9266,0.157506388);
#9268=LINE('',#9265,#9267);
#9269=EDGE_CURVE('',#2677,#217,#9268,.T.);
#9270=ORIENTED_EDGE('',*,*,#9269,.T.);
#9271=ORIENTED_EDGE('',*,*,#224,.T.);
#9272=CARTESIAN_POINT('',(38.502703428,1.114285714,-25.203789464));
#9273=DIRECTION('',(0.866025404,0.,0.5));
#9274=VECTOR('',#9273,0.157506388);
#9275=LINE('',#9272,#9274);
#9276=EDGE_CURVE('',#2675,#219,#9275,.T.);
#9277=ORIENTED_EDGE('',*,*,#9276,.F.);
#9278=EDGE_LOOP('',(#9264,#9270,#9271,#9277));
#9279=FACE_BOUND('',#9278,.T.);
#9280=ADVANCED_FACE('',(#9279),#9263,.F.);
#9281=CARTESIAN_POINT('',(38.37930034,0.861428571,-25.27503627));
#9282=DIRECTION('',(-0.5,0.,0.866025404));
#9283=DIRECTION('',(0.866025404,0.,0.5));
#9284=AXIS2_PLACEMENT_3D('',#9281,#9282,#9283);
#9285=PLANE('',#9284);
#9286=ORIENTED_EDGE('',*,*,#2690,.T.);
#9287=ORIENTED_EDGE('',*,*,#9276,.T.);
#9288=ORIENTED_EDGE('',*,*,#246,.T.);
#9289=CARTESIAN_POINT('',(38.502703428,0.6,-25.203789464));
#9290=DIRECTION('',(0.866025404,0.,0.5));
#9291=VECTOR('',#9290,0.157506388);
#9292=LINE('',#9289,#9291);
#9293=EDGE_CURVE('',#2685,#235,#9292,.T.);
#9294=ORIENTED_EDGE('',*,*,#9293,.F.);
#9295=EDGE_LOOP('',(#9286,#9287,#9288,#9294));
#9296=FACE_BOUND('',#9295,.T.);
#9297=ADVANCED_FACE('',(#9296),#9285,.F.);
#9298=CARTESIAN_POINT('',(38.505728911,0.6,-25.494016979));
#9299=DIRECTION('',(0.,-1.,0.));
#9300=DIRECTION('',(-0.866025404,0.,-0.5));
#9301=AXIS2_PLACEMENT_3D('',#9298,#9299,#9300);
#9302=PLANE('',#9301);
#9303=ORIENTED_EDGE('',*,*,#2698,.T.);
#9304=ORIENTED_EDGE('',*,*,#9293,.T.);
#9305=ORIENTED_EDGE('',*,*,#240,.T.);
#9306=CARTESIAN_POINT('',(38.759846285,0.6,-25.649173957));
#9307=DIRECTION('',(0.866025404,0.,0.5));
#9308=VECTOR('',#9307,0.157506388);
#9309=LINE('',#9306,#9308);
#9310=EDGE_CURVE('',#2693,#227,#9309,.T.);
#9311=ORIENTED_EDGE('',*,*,#9310,.F.);
#9312=EDGE_LOOP('',(#9303,#9304,#9305,#9311));
#9313=FACE_BOUND('',#9312,.T.);
#9314=ADVANCED_FACE('',(#9313),#9302,.F.);
#9315=CARTESIAN_POINT('',(38.636443197,0.852857143,-25.720420763));
#9316=DIRECTION('',(0.5,0.,-0.866025404));
#9317=DIRECTION('',(-0.866025404,0.,-0.5));
#9318=AXIS2_PLACEMENT_3D('',#9315,#9316,#9317);
#9319=PLANE('',#9318);
#9320=ORIENTED_EDGE('',*,*,#2704,.T.);
#9321=ORIENTED_EDGE('',*,*,#9310,.T.);
#9322=ORIENTED_EDGE('',*,*,#232,.T.);
#9323=ORIENTED_EDGE('',*,*,#9269,.F.);
#9324=EDGE_LOOP('',(#9320,#9321,#9322,#9323));
#9325=FACE_BOUND('',#9324,.T.);
#9326=ADVANCED_FACE('',(#9325),#9319,.F.);
#9327=CLOSED_SHELL('',(#210,#2428,#2452,#2470,#2488,#2506,#2524,#2542,#2560,#2572,#2603,#2634,#2651,#2668,#4822,#4853,#4878,#4902,#4920,#4932,#4963,#4988,#5012,#5030,#5042,#5064,
#5081,#5098,#5110,#5132,#5149,#5166,#5178,#5200,#5217,#5234,#5246,#5268,#5285,#5302,#5314,#5336,#5353,#5370,#5382,#5404,#5421,#5438,#5450,#5472,#5489,
#5506,#5518,#5540,#5557,#5574,#5586,#5608,#5625,#5642,#5654,#5676,#5693,#5710,#5722,#5744,#5761,#5778,#5790,#5812,#5829,#5846,#5858,#5880,#5897,#5914,
#5926,#5948,#5965,#5982,#5994,#6016,#6033,#6050,#6062,#6084,#6101,#6118,#6130,#6152,#6169,#6186,#6198,#6220,#6237,#6254,#6266,#6288,#6305,#6322,#6334,
#6356,#6373,#6390,#6402,#6424,#6441,#6458,#6470,#6492,#6509,#6526,#6538,#6560,#6577,#6594,#6606,#6628,#6645,#6662,#6674,#6696,#6713,#6730,#6742,#6764,
#6781,#6798,#6810,#6832,#6849,#6866,#6878,#6900,#6917,#6934,#6946,#6968,#6985,#7002,#7014,#7036,#7053,#7070,#7082,#7104,#7121,#7138,#7150,#7172,#7189,
#7206,#7218,#7240,#7257,#7274,#7286,#7308,#7325,#7342,#7354,#7376,#7393,#7410,#7422,#7444,#7461,#7478,#7490,#7512,#7529,#7546,#7558,#7580,#7597,#7614,
#7626,#7648,#7665,#7682,#7694,#7716,#7733,#7750,#7762,#7784,#7801,#7818,#7830,#7852,#7869,#7886,#7898,#7920,#7937,#7954,#7966,#7988,#8005,#8022,#8034,
#8056,#8073,#8090,#8102,#8124,#8141,#8158,#8170,#8192,#8209,#8226,#8238,#8260,#8277,#8294,#8306,#8328,#8345,#8362,#8374,#8396,#8413,#8430,#8442,#8464,
#8481,#8498,#8510,#8532,#8549,#8566,#8578,#8600,#8617,#8634,#8646,#8668,#8685,#8702,#8714,#8736,#8753,#8770,#8782,#8804,#8821,#8838,#8850,#8872,#8889,
#8906,#8918,#8940,#8957,#8974,#8986,#9008,#9025,#9042,#9054,#9076,#9093,#9110,#9122,#9144,#9161,#9178,#9190,#9212,#9229,#9246,#9258,#9280,#9297,#9314,
#9326));
#9328=MANIFOLD_SOLID_BREP('top plate (battery)',#9327);
#9329=DRAUGHTING_PRE_DEFINED_COLOUR('white');
#9330=FILL_AREA_STYLE_COLOUR('',#9329);
#9331=FILL_AREA_STYLE('',(#9330));
#9332=SURFACE_STYLE_FILL_AREA(#9331);
#9333=SURFACE_SIDE_STYLE('',(#9332));
#9334=SURFACE_STYLE_USAGE(.BOTH.,#9333);
#9335=PRESENTATION_STYLE_ASSIGNMENT((#9334));
#26=STYLED_ITEM('',(#9335),#9328);
#16=SHAPE_REPRESENTATION('top plate (battery)',(#15),#10);
#17=ADVANCED_BREP_SHAPE_REPRESENTATION('top plate (battery)',(#9328),#10);
#9343=SHAPE_REPRESENTATION_RELATIONSHIP('','',#16,#17);
#9344=CARTESIAN_POINT('',(0.,0.,0.));
#9345=DIRECTION('',(0.,0.,1.));
#9346=DIRECTION('',(1.,0.,0.));
#9347=AXIS2_PLACEMENT_3D('',#9344,#9345,#9346);
#9349=MAPPED_ITEM('',#9348,#9347);
#9348=REPRESENTATION_MAP(#9347,#16);
#9350=APPLICATION_CONTEXT('Managed model based 3d engineering');
#9351=APPLICATION_PROTOCOL_DEFINITION('international standard','ap242_managed_model_based_3d_engineering',2014,#9350);
#9352=PRODUCT_CONTEXT('',#9350,'mechanical');
#9353=PRODUCT_DEFINITION_CONTEXT('part definition',#9350,'design');
#24=PRODUCT('top plate (battery)','top plate (battery)','',(#9352));
#9354=PRODUCT_RELATED_PRODUCT_CATEGORY('part','',(#24));
#9355=PRODUCT_DEFINITION_FORMATION_WITH_SPECIFIED_SOURCE('','',#24,.NOT_KNOWN.);
#25=PRODUCT_DEFINITION('design','',#9355,#9353);
#23=PRODUCT_DEFINITION_SHAPE('','',#25);
#9356=SHAPE_DEFINITION_REPRESENTATION(#23,#16);
#11=DRAUGHTING_MODEL('',(#9349),#10);
#9357=DESCRIPTIVE_REPRESENTATION_ITEM('KEY','C:\\Users\\sanya\\AppData\\Local\\Packages\\Shapr3D.Shapr3D_dvv5p1vgwv6mp\\TempState\\53e6edb2-c814-4569-aba5-23dc3ed1fb30.tmp');
#9358=PROPERTY_DEFINITION('KEY','',#25);
#9359=REPRESENTATION('',(#9357),#10);
#9360=PROPERTY_DEFINITION_REPRESENTATION(#9358,#9359);
#9361=GENERAL_PROPERTY('','KEY','');
#9362=GENERAL_PROPERTY_ASSOCIATION('','',#9361,#9358);
#1=MECHANICAL_DESIGN_GEOMETRIC_PRESENTATION_REPRESENTATION('',(#26),#10);
ENDSEC;
END-ISO-10303-21;
