ISO-10303-21;
HEADER;

/* File generated by Shapr3D Version 26.10.10376.0 */

FILE_DESCRIPTION(('HOOPS Exchange Step'),'2;1');

FILE_NAME('C:\\Users\\sanya\\AppData\\Local\\Packages\\Shapr3D.Shapr3D_dvv5p1vgwv6mp\\TempState\\export\\temp_export',
'2026-02-15T11:52:46+11:00',
('sanya'),
('Shapr3D Limited'),
'HOOPS Exchange 2025.9',
'Shapr3D',
'Authorized');

FILE_SCHEMA( ('AP242_MANAGED_MODEL_BASED_3D_ENGINEERING_MIM_LF {1 0 10303 442 1 1 4}') );

ENDSEC;

DATA;
#3=(NAMED_UNIT(*)PLANE_ANGLE_UNIT()SI_UNIT($,.RADIAN.));
#4=PLANE_ANGLE_MEASURE_WITH_UNIT(PLANE_ANGLE_MEASURE(0.0174532925),#3);
#5=(CONVERSION_BASED_UNIT('DEGREE',#4)NAMED_UNIT(#6)PLANE_ANGLE_UNIT());
#6=DIMENSIONAL_EXPONENTS(0.,0.,0.,0.,0.,0.,0.);
#7=(NAMED_UNIT(*)SI_UNIT($,.STERADIAN.)SOLID_ANGLE_UNIT());
#8=(LENGTH_UNIT()NAMED_UNIT(*)SI_UNIT(.MILLI.,.METRE.));
#9=UNCERTAINTY_MEASURE_WITH_UNIT(LENGTH_MEASURE(1.000000E-05),#8,'DISTANCE_ACCURACY_VALUE','Maximum Tolerance applied to model');
#10=(GEOMETRIC_REPRESENTATION_CONTEXT(3)GLOBAL_UNCERTAINTY_ASSIGNED_CONTEXT((#9))GLOBAL_UNIT_ASSIGNED_CONTEXT((#8,#5,#7))REPRESENTATION_CONTEXT('','main case (end battery 2)'));
#12=CARTESIAN_POINT('',(0.,0.,0.));
#13=DIRECTION('',(0.,0.,1.));
#14=DIRECTION('',(1.,0.,0.));
#15=AXIS2_PLACEMENT_3D('',#12,#13,#14);
#27=CARTESIAN_POINT('',(48.236128039,14.45,-44.130085442));
#28=DIRECTION('',(0.5,-0.,-0.866025404));
#29=DIRECTION('',(-0.866025404,0.,-0.5));
#30=AXIS2_PLACEMENT_3D('',#27,#28,#29);
#31=PLANE('',#30);
#32=CARTESIAN_POINT('',(48.661572896,14.4,-43.88445474));
#33=VERTEX_POINT('',#32);
#34=CARTESIAN_POINT('',(48.661572896,14.9,-43.88445474));
#35=VERTEX_POINT('',#34);
#36=CARTESIAN_POINT('',(48.661572896,14.4,-43.88445474));
#37=DIRECTION('',(0.,1.,-0.));
#38=VECTOR('',#37,0.5);
#39=LINE('',#36,#38);
#40=EDGE_CURVE('',#33,#35,#39,.T.);
#41=ORIENTED_EDGE('',*,*,#40,.F.);
#42=CARTESIAN_POINT('',(48.669140741,14.4,-43.880085442));
#43=VERTEX_POINT('',#42);
#44=CARTESIAN_POINT('',(48.661572896,14.4,-43.88445474));
#45=DIRECTION('',(0.866025404,0.,0.5));
#46=VECTOR('',#45,0.008738595);
#47=LINE('',#44,#46);
#48=EDGE_CURVE('',#33,#43,#47,.T.);
#49=ORIENTED_EDGE('',*,*,#48,.T.);
#50=CARTESIAN_POINT('',(48.669140741,14.9,-43.880085442));
#51=VERTEX_POINT('',#50);
#52=CARTESIAN_POINT('',(48.669140741,14.4,-43.880085442));
#53=DIRECTION('',(0.,1.,-0.));
#54=VECTOR('',#53,0.5);
#55=LINE('',#52,#54);
#56=EDGE_CURVE('',#43,#51,#55,.T.);
#57=ORIENTED_EDGE('',*,*,#56,.T.);
#58=CARTESIAN_POINT('',(48.661572896,14.9,-43.88445474));
#59=DIRECTION('',(0.866025404,0.,0.5));
#60=VECTOR('',#59,0.008738595);
#61=LINE('',#58,#60);
#62=EDGE_CURVE('',#35,#51,#61,.T.);
#63=ORIENTED_EDGE('',*,*,#62,.F.);
#64=EDGE_LOOP('',(#41,#49,#57,#63));
#65=FACE_BOUND('',#64,.T.);
#66=ADVANCED_FACE('',(#65),#31,.F.);
#67=CARTESIAN_POINT('',(48.036128039,14.4,-43.783675281));
#68=DIRECTION('',(-0.866025404,0.,-0.5));
#69=DIRECTION('',(-0.5,0.,0.866025404));
#70=AXIS2_PLACEMENT_3D('',#67,#68,#69);
#71=CYLINDRICAL_SURFACE('',#70,0.4);
#72=CARTESIAN_POINT('',(48.639698495,14.218106944,-43.846567166));
#73=VERTEX_POINT('',#72);
#74=CARTESIAN_POINT('',(48.461572896,14.4,-43.538044578));
#75=DIRECTION('',(0.866025404,-0.,0.5));
#76=DIRECTION('',(-0.5,0.,0.866025404));
#77=AXIS2_PLACEMENT_3D('',#74,#75,#76);
#78=CIRCLE('',#77,0.4);
#79=EDGE_CURVE('',#73,#33,#78,.T.);
#80=ORIENTED_EDGE('',*,*,#79,.F.);
#81=CARTESIAN_POINT('',(48.647266352,14.218106944,-43.842197862));
#82=VERTEX_POINT('',#81);
#83=CARTESIAN_POINT('',(48.647266352,14.218106944,-43.842197862));
#84=DIRECTION('',(-0.866025404,-0.,-0.5));
#85=VECTOR('',#84,0.008738608);
#86=LINE('',#83,#85);
#87=EDGE_CURVE('',#82,#73,#86,.T.);
#88=ORIENTED_EDGE('',*,*,#87,.F.);
#89=CARTESIAN_POINT('',(48.469140753,14.4,-43.533675274));
#90=DIRECTION('',(-0.866025404,0.,-0.5));
#91=DIRECTION('',(0.5,0.,-0.866025404));
#92=AXIS2_PLACEMENT_3D('',#89,#90,#91);
#93=CIRCLE('',#92,0.4);
#94=EDGE_CURVE('',#43,#82,#93,.T.);
#95=ORIENTED_EDGE('',*,*,#94,.F.);
#96=ORIENTED_EDGE('',*,*,#48,.F.);
#97=EDGE_LOOP('',(#80,#88,#95,#96));
#98=FACE_BOUND('',#97,.T.);
#99=ADVANCED_FACE('',(#98),#71,.F.);
#100=CARTESIAN_POINT('',(-8.279657879,0.,53.758127224));
#101=DIRECTION('',(0.866025404,0.,0.5));
#102=DIRECTION('',(0.,1.,0.));
#103=AXIS2_PLACEMENT_3D('',#100,#101,#102);
#104=PLANE('',#103);
#105=CARTESIAN_POINT('',(48.128129578,15.906094285,-43.943026621));
#106=VERTEX_POINT('',#105);
#107=CARTESIAN_POINT('',(48.128129578,15.5,-43.943026621));
#108=VERTEX_POINT('',#107);
#109=CARTESIAN_POINT('',(48.128129578,15.906094285,-43.943026621));
#110=DIRECTION('',(0.,-1.,0.));
#111=VECTOR('',#110,0.406094285);
#112=LINE('',#109,#111);
#113=EDGE_CURVE('',#106,#108,#112,.T.);
#114=ORIENTED_EDGE('',*,*,#113,.F.);
#115=CARTESIAN_POINT('',(47.010554578,17.351146922,-42.007329939));
#116=VERTEX_POINT('',#115);
#117=CARTESIAN_POINT('',(47.010554578,14.9,-42.007329939));
#118=DIRECTION('',(0.866025404,0.,0.5));
#119=DIRECTION('',(0.5,0.,-0.866025404));
#120=AXIS2_PLACEMENT_3D('',#117,#118,#119);
#121=CIRCLE('',#120,2.451146922);
#122=EDGE_CURVE('',#106,#116,#121,.T.);
#123=ORIENTED_EDGE('',*,*,#122,.T.);
#124=CARTESIAN_POINT('',(42.545704579,17.351146923,-34.27398289));
#125=VERTEX_POINT('',#124);
#126=CARTESIAN_POINT('',(47.010554578,17.351146922,-42.007329939));
#127=DIRECTION('',(-0.5,0.,0.866025404));
#128=VECTOR('',#127,8.9297);
#129=LINE('',#126,#128);
#130=EDGE_CURVE('',#116,#125,#129,.T.);
#131=ORIENTED_EDGE('',*,*,#130,.T.);
#132=CARTESIAN_POINT('',(41.320131118,14.9,-32.151227387));
#133=VERTEX_POINT('',#132);
#134=CARTESIAN_POINT('',(42.545704579,14.9,-34.27398289));
#135=DIRECTION('',(0.866025404,0.,0.5));
#136=DIRECTION('',(0.5,0.,-0.866025404));
#137=AXIS2_PLACEMENT_3D('',#134,#135,#136);
#138=CIRCLE('',#137,2.451146923);
#139=EDGE_CURVE('',#125,#133,#138,.T.);
#140=ORIENTED_EDGE('',*,*,#139,.T.);
#141=CARTESIAN_POINT('',(41.320131118,14.4,-32.151227387));
#142=VERTEX_POINT('',#141);
#143=CARTESIAN_POINT('',(41.320131118,14.9,-32.151227387));
#144=DIRECTION('',(-0.,-1.,0.));
#145=VECTOR('',#144,0.5);
#146=LINE('',#143,#145);
#147=EDGE_CURVE('',#133,#142,#146,.T.);
#148=ORIENTED_EDGE('',*,*,#147,.T.);
#149=CARTESIAN_POINT('',(41.341918476,14.21844831,-32.188964197));
#150=VERTEX_POINT('',#149);
#151=CARTESIAN_POINT('',(41.520131118,14.4,-32.497637549));
#152=DIRECTION('',(0.866025404,0.,0.5));
#153=DIRECTION('',(0.5,0.,-0.866025404));
#154=AXIS2_PLACEMENT_3D('',#151,#152,#153);
#155=CIRCLE('',#154,0.4);
#156=EDGE_CURVE('',#142,#150,#155,.T.);
#157=ORIENTED_EDGE('',*,*,#156,.T.);
#158=CARTESIAN_POINT('',(41.628129579,15.5,-32.68469637));
#159=VERTEX_POINT('',#158);
#160=CARTESIAN_POINT('',(40.678957477,15.579304973,-31.040682063));
#161=DIRECTION('',(0.866025404,0.,0.5));
#162=DIRECTION('',(0.5,0.,-0.866025404));
#163=AXIS2_PLACEMENT_3D('',#160,#161,#162);
#164=CIRCLE('',#163,1.9);
#165=EDGE_CURVE('',#150,#159,#164,.T.);
#166=ORIENTED_EDGE('',*,*,#165,.T.);
#167=CARTESIAN_POINT('',(48.128129578,15.5,-43.943026621));
#168=DIRECTION('',(-0.5,0.,0.866025404));
#169=VECTOR('',#168,13.);
#170=LINE('',#167,#169);
#171=EDGE_CURVE('',#108,#159,#170,.T.);
#172=ORIENTED_EDGE('',*,*,#171,.F.);
#173=EDGE_LOOP('',(#114,#123,#131,#140,#148,#157,#166,#172));
#174=FACE_BOUND('',#173,.T.);
#175=ADVANCED_FACE('',(#174),#104,.T.);
#176=CARTESIAN_POINT('',(49.03579146,13.180758401,-43.132620305));
#177=DIRECTION('',(-0.866025404,0.,-0.5));
#178=DIRECTION('',(-0.5,0.,0.866025404));
#179=AXIS2_PLACEMENT_3D('',#176,#177,#178);
#180=CYLINDRICAL_SURFACE('',#179,1.119241599);
#181=ORIENTED_EDGE('',*,*,#87,.T.);
#182=CARTESIAN_POINT('',(48.979536045,13.38780268,-44.435183068));
#183=VERTEX_POINT('',#182);
#184=CARTESIAN_POINT('',(48.429573677,13.180758401,-43.482620305));
#185=DIRECTION('',(0.866025404,-0.,0.5));
#186=DIRECTION('',(-0.5,0.,0.866025404));
#187=AXIS2_PLACEMENT_3D('',#184,#185,#186);
#188=CIRCLE('',#187,1.119241599);
#189=EDGE_CURVE('',#183,#73,#188,.T.);
#190=ORIENTED_EDGE('',*,*,#189,.F.);
#191=CARTESIAN_POINT('',(48.987103901,13.38780268,-44.430813764));
#192=VERTEX_POINT('',#191);
#193=CARTESIAN_POINT('',(48.987103901,13.38780268,-44.430813764));
#194=DIRECTION('',(-0.866025404,0.,-0.5));
#195=VECTOR('',#194,0.008738608);
#196=LINE('',#193,#195);
#197=EDGE_CURVE('',#192,#183,#196,.T.);
#198=ORIENTED_EDGE('',*,*,#197,.F.);
#199=CARTESIAN_POINT('',(48.437141534,13.180758401,-43.478251001));
#200=DIRECTION('',(-0.866025404,0.,-0.5));
#201=DIRECTION('',(0.5,0.,-0.866025404));
#202=AXIS2_PLACEMENT_3D('',#199,#200,#201);
#203=CIRCLE('',#202,1.119241599);
#204=EDGE_CURVE('',#82,#192,#203,.T.);
#205=ORIENTED_EDGE('',*,*,#204,.F.);
#206=EDGE_LOOP('',(#181,#190,#198,#205));
#207=FACE_BOUND('',#206,.T.);
#208=ADVANCED_FACE('',(#207),#180,.F.);
#209=CARTESIAN_POINT('',(39.454418122,12.982699176,-33.941194881));
#210=DIRECTION('',(0.866025404,0.,0.5));
#211=DIRECTION('',(0.5,0.,-0.866025404));
#212=AXIS2_PLACEMENT_3D('',#209,#210,#211);
#213=CYLINDRICAL_SURFACE('',#212,1.317300824);
#214=CARTESIAN_POINT('',(38.797499761,12.982699176,-32.799378903));
#215=VERTEX_POINT('',#214);
#216=CARTESIAN_POINT('',(39.067251504,14.045860858,-33.266602628));
#217=VERTEX_POINT('',#216);
#218=CARTESIAN_POINT('',(39.456150173,12.982699176,-33.940194881));
#219=DIRECTION('',(-0.866025404,0.,-0.5));
#220=DIRECTION('',(-0.5,0.,0.866025404));
#221=AXIS2_PLACEMENT_3D('',#218,#219,#220);
#222=CIRCLE('',#221,1.317300824);
#223=EDGE_CURVE('',#215,#217,#222,.T.);
#224=ORIENTED_EDGE('',*,*,#223,.T.);
#225=CARTESIAN_POINT('',(41.672895567,14.045860858,-31.762233326));
#226=VERTEX_POINT('',#225);
#227=CARTESIAN_POINT('',(39.067251504,14.045860858,-33.266602628));
#228=CARTESIAN_POINT('',(39.935799524,14.045860858,-32.765146195));
#229=CARTESIAN_POINT('',(40.804347543,14.045860858,-32.263689762));
#230=CARTESIAN_POINT('',(41.672895563,14.045860858,-31.762233329));
#231=B_SPLINE_CURVE_WITH_KNOTS('',3,(#227,#228,#229,#230),.UNSPECIFIED.,.F.,.F.,(4,4),(0.,0.003008739),.UNSPECIFIED.);
#232=EDGE_CURVE('',#217,#226,#231,.T.);
#233=ORIENTED_EDGE('',*,*,#232,.T.);
#234=CARTESIAN_POINT('',(41.40314382,12.982699176,-31.295009604));
#235=VERTEX_POINT('',#234);
#236=CARTESIAN_POINT('',(42.061794232,12.982699176,-32.435825582));
#237=DIRECTION('',(-0.866025404,0.,-0.5));
#238=DIRECTION('',(0.5,0.,-0.866025404));
#239=AXIS2_PLACEMENT_3D('',#236,#237,#238);
#240=CIRCLE('',#239,1.317300824);
#241=EDGE_CURVE('',#235,#226,#240,.T.);
#242=ORIENTED_EDGE('',*,*,#241,.F.);
#243=CARTESIAN_POINT('',(38.797499761,12.982699176,-32.799378903));
#244=DIRECTION('',(0.866025404,0.,0.5));
#245=VECTOR('',#244,3.008738598);
#246=LINE('',#243,#245);
#247=EDGE_CURVE('',#215,#235,#246,.T.);
#248=ORIENTED_EDGE('',*,*,#247,.F.);
#249=EDGE_LOOP('',(#224,#233,#242,#248));
#250=FACE_BOUND('',#249,.T.);
#251=ADVANCED_FACE('',(#250),#213,.F.);
#252=CARTESIAN_POINT('',(38.291712969,9.727926275,-31.923330482));
#253=DIRECTION('',(-0.866025404,0.,-0.5));
#254=DIRECTION('',(0.5,-0.,-0.866025404));
#255=AXIS2_PLACEMENT_3D('',#252,#253,#254);
#256=PLANE('',#255);
#257=CARTESIAN_POINT('',(39.455498222,15.5,-33.93906567));
#258=VERTEX_POINT('',#257);
#259=CARTESIAN_POINT('',(39.455498222,8.628075226,-33.939065669));
#260=VERTEX_POINT('',#259);
#261=CARTESIAN_POINT('',(39.455498222,15.5,-33.939065669));
#262=DIRECTION('',(-0.,-1.,-0.));
#263=VECTOR('',#262,6.871924774);
#264=LINE('',#261,#263);
#265=EDGE_CURVE('',#258,#260,#264,.T.);
#266=ORIENTED_EDGE('',*,*,#265,.F.);
#267=CARTESIAN_POINT('',(38.506326119,15.579304973,-32.295051363));
#268=DIRECTION('',(-0.866025404,0.,-0.5));
#269=DIRECTION('',(-0.5,0.,0.866025404));
#270=AXIS2_PLACEMENT_3D('',#267,#268,#269);
#271=CIRCLE('',#270,1.9);
#272=EDGE_CURVE('',#258,#217,#271,.T.);
#273=ORIENTED_EDGE('',*,*,#272,.T.);
#274=ORIENTED_EDGE('',*,*,#223,.F.);
#275=CARTESIAN_POINT('',(38.797499761,8.417085318,-32.799378903));
#276=VERTEX_POINT('',#275);
#277=CARTESIAN_POINT('',(38.797499761,12.982699176,-32.799378903));
#278=DIRECTION('',(0.,-1.,-0.));
#279=VECTOR('',#278,4.565613858);
#280=LINE('',#277,#279);
#281=EDGE_CURVE('',#215,#276,#280,.T.);
#282=ORIENTED_EDGE('',*,*,#281,.T.);
#283=CARTESIAN_POINT('',(39.009134455,8.236869561,-33.165940946));
#284=VERTEX_POINT('',#283);
#285=CARTESIAN_POINT('',(38.922499761,8.417085318,-33.015885254));
#286=DIRECTION('',(0.866025404,-0.,0.5));
#287=DIRECTION('',(-0.5,0.,0.866025404));
#288=AXIS2_PLACEMENT_3D('',#285,#286,#287);
#289=CIRCLE('',#288,0.25);
#290=EDGE_CURVE('',#276,#284,#289,.T.);
#291=ORIENTED_EDGE('',*,*,#290,.T.);
#292=CARTESIAN_POINT('',(39.225291314,8.763079024,-33.540335608));
#293=VERTEX_POINT('',#292);
#294=CARTESIAN_POINT('',(38.000817231,10.334350861,-31.419484285));
#295=DIRECTION('',(-0.866025404,0.,-0.5));
#296=DIRECTION('',(-0.5,0.,0.866025404));
#297=AXIS2_PLACEMENT_3D('',#294,#295,#296);
#298=CIRCLE('',#297,2.90968079);
#299=EDGE_CURVE('',#293,#284,#298,.T.);
#300=ORIENTED_EDGE('',*,*,#299,.F.);
#301=CARTESIAN_POINT('',(39.330498222,8.628075226,-33.722559319));
#302=DIRECTION('',(-0.866025404,0.,-0.5));
#303=DIRECTION('',(-0.5,0.,0.866025404));
#304=AXIS2_PLACEMENT_3D('',#301,#302,#303);
#305=CIRCLE('',#304,0.25);
#306=EDGE_CURVE('',#293,#260,#305,.T.);
#307=ORIENTED_EDGE('',*,*,#306,.T.);
#308=EDGE_LOOP('',(#266,#273,#274,#282,#291,#300,#307));
#309=FACE_BOUND('',#308,.T.);
#310=ADVANCED_FACE('',(#309),#256,.F.);
#311=CARTESIAN_POINT('',(39.454418122,-14.182699176,-33.941194881));
#312=DIRECTION('',(0.866025404,0.,0.5));
#313=DIRECTION('',(0.5,0.,-0.866025404));
#314=AXIS2_PLACEMENT_3D('',#311,#312,#313);
#315=CYLINDRICAL_SURFACE('',#314,1.317300824);
#316=CARTESIAN_POINT('',(41.62878153,-15.5,-32.685825582));
#317=VERTEX_POINT('',#316);
#318=CARTESIAN_POINT('',(41.342809832,-15.369359284,-32.190508071));
#319=VERTEX_POINT('',#318);
#320=CARTESIAN_POINT('',(41.62878153,-14.182699176,-32.685825582));
#321=DIRECTION('',(-0.866025404,-0.,-0.5));
#322=DIRECTION('',(0.5,0.,-0.866025404));
#323=AXIS2_PLACEMENT_3D('',#320,#321,#322);
#324=CIRCLE('',#323,1.317300824);
#325=EDGE_CURVE('',#317,#319,#324,.T.);
#326=ORIENTED_EDGE('',*,*,#325,.F.);
#327=CARTESIAN_POINT('',(39.456150173,-15.5,-33.940194881));
#328=VERTEX_POINT('',#327);
#329=CARTESIAN_POINT('',(39.456150173,-15.5,-33.940194881));
#330=DIRECTION('',(0.866025404,0.,0.5));
#331=VECTOR('',#330,2.508738598);
#332=LINE('',#329,#331);
#333=EDGE_CURVE('',#328,#317,#332,.T.);
#334=ORIENTED_EDGE('',*,*,#333,.F.);
#335=CARTESIAN_POINT('',(39.455498222,-15.499999355,-33.93906567));
#336=VERTEX_POINT('',#335);
#337=CARTESIAN_POINT('',(39.456150173,-15.5,-33.940194881));
#338=DIRECTION('',(-0.5,0.,0.866025404));
#339=VECTOR('',#338,0.001303901);
#340=LINE('',#337,#339);
#341=EDGE_CURVE('',#328,#336,#340,.T.);
#342=ORIENTED_EDGE('',*,*,#341,.T.);
#343=CARTESIAN_POINT('',(38.797499761,-14.182699176,-32.799378903));
#344=VERTEX_POINT('',#343);
#345=CARTESIAN_POINT('',(39.456150173,-14.182699176,-33.940194881));
#346=DIRECTION('',(0.866025404,0.,0.5));
#347=DIRECTION('',(-0.5,-0.,0.866025404));
#348=AXIS2_PLACEMENT_3D('',#345,#346,#347);
#349=CIRCLE('',#348,1.317300824);
#350=EDGE_CURVE('',#344,#336,#349,.T.);
#351=ORIENTED_EDGE('',*,*,#350,.F.);
#352=CARTESIAN_POINT('',(41.40314382,-14.182699176,-31.295009604));
#353=VERTEX_POINT('',#352);
#354=CARTESIAN_POINT('',(38.797499761,-14.182699176,-32.799378903));
#355=DIRECTION('',(0.866025404,0.,0.5));
#356=VECTOR('',#355,3.008738598);
#357=LINE('',#354,#356);
#358=EDGE_CURVE('',#344,#353,#357,.T.);
#359=ORIENTED_EDGE('',*,*,#358,.T.);
#360=CARTESIAN_POINT('',(41.775822533,-15.369359284,-31.940508071));
#361=VERTEX_POINT('',#360);
#362=CARTESIAN_POINT('',(42.061794232,-14.182699176,-32.435825582));
#363=DIRECTION('',(0.866025404,0.,0.5));
#364=DIRECTION('',(0.5,0.,-0.866025404));
#365=AXIS2_PLACEMENT_3D('',#362,#363,#364);
#366=CIRCLE('',#365,1.317300824);
#367=EDGE_CURVE('',#353,#361,#366,.T.);
#368=ORIENTED_EDGE('',*,*,#367,.T.);
#369=CARTESIAN_POINT('',(41.775822533,-15.369359284,-31.940508071));
#370=DIRECTION('',(-0.866025404,0.,-0.5));
#371=VECTOR('',#370,0.5);
#372=LINE('',#369,#371);
#373=EDGE_CURVE('',#361,#319,#372,.T.);
#374=ORIENTED_EDGE('',*,*,#373,.T.);
#375=EDGE_LOOP('',(#326,#334,#342,#351,#359,#368,#374));
#376=FACE_BOUND('',#375,.T.);
#377=ADVANCED_FACE('',(#376),#315,.F.);
#378=CARTESIAN_POINT('',(-0.658716781,-15.5,-33.943692518));
#379=DIRECTION('',(0.,-1.,0.));
#380=DIRECTION('',(-0.866025404,0.,-0.5));
#381=AXIS2_PLACEMENT_3D('',#378,#379,#380);
#382=PLANE('',#381);
#383=ORIENTED_EDGE('',*,*,#333,.T.);
#384=CARTESIAN_POINT('',(48.128129578,-15.5,-43.943026621));
#385=VERTEX_POINT('',#384);
#386=CARTESIAN_POINT('',(48.128129578,-15.5,-43.943026621));
#387=DIRECTION('',(-0.5,0.,0.866025404));
#388=VECTOR('',#387,12.998696099);
#389=LINE('',#386,#388);
#390=EDGE_CURVE('',#385,#317,#389,.T.);
#391=ORIENTED_EDGE('',*,*,#390,.F.);
#392=CARTESIAN_POINT('',(45.695690596,-15.5,-45.347395922));
#393=VERTEX_POINT('',#392);
#394=CARTESIAN_POINT('',(48.128129578,-15.5,-43.943026621));
#395=DIRECTION('',(-0.866025404,0.,-0.5));
#396=VECTOR('',#395,2.808738602);
#397=LINE('',#394,#396);
#398=EDGE_CURVE('',#385,#393,#397,.T.);
#399=ORIENTED_EDGE('',*,*,#398,.T.);
#400=CARTESIAN_POINT('',(45.595690596,-15.5,-45.174190841));
#401=VERTEX_POINT('',#400);
#402=CARTESIAN_POINT('',(45.695690596,-15.5,-45.347395922));
#403=DIRECTION('',(-0.5,0.,0.866025404));
#404=VECTOR('',#403,0.2);
#405=LINE('',#402,#404);
#406=EDGE_CURVE('',#393,#401,#405,.T.);
#407=ORIENTED_EDGE('',*,*,#406,.T.);
#408=CARTESIAN_POINT('',(45.37268906,-15.5,-45.302940838));
#409=VERTEX_POINT('',#408);
#410=CARTESIAN_POINT('',(45.595690596,-15.5,-45.174190841));
#411=DIRECTION('',(-0.866025404,0.,-0.5));
#412=VECTOR('',#411,0.257499994);
#413=LINE('',#410,#412);
#414=EDGE_CURVE('',#401,#409,#413,.T.);
#415=ORIENTED_EDGE('',*,*,#414,.T.);
#416=CARTESIAN_POINT('',(38.972689059,-15.5,-34.21781567));
#417=VERTEX_POINT('',#416);
#418=CARTESIAN_POINT('',(45.37268906,-15.5,-45.302940838));
#419=DIRECTION('',(-0.5,0.,0.866025404));
#420=VECTOR('',#419,12.8);
#421=LINE('',#418,#420);
#422=EDGE_CURVE('',#409,#417,#421,.T.);
#423=ORIENTED_EDGE('',*,*,#422,.T.);
#424=CARTESIAN_POINT('',(38.972689059,-15.5,-34.21781567));
#425=DIRECTION('',(0.866025404,0.,0.5));
#426=VECTOR('',#425,0.557500001);
#427=LINE('',#424,#426);
#428=EDGE_CURVE('',#417,#336,#427,.T.);
#429=ORIENTED_EDGE('',*,*,#428,.T.);
#430=ORIENTED_EDGE('',*,*,#341,.F.);
#431=EDGE_LOOP('',(#383,#391,#399,#407,#415,#423,#429,#430));
#432=FACE_BOUND('',#431,.T.);
#433=ADVANCED_FACE('',(#432),#382,.F.);
#434=CARTESIAN_POINT('',(19.471689838,0.,0.073905769));
#435=DIRECTION('',(-0.866025404,0.,-0.5));
#436=DIRECTION('',(0.5,0.,-0.866025404));
#437=AXIS2_PLACEMENT_3D('',#434,#435,#436);
#438=PLANE('',#437);
#439=CARTESIAN_POINT('',(45.595690596,15.5,-45.174190841));
#440=VERTEX_POINT('',#439);
#441=CARTESIAN_POINT('',(45.695690596,15.5,-45.347395922));
#442=VERTEX_POINT('',#441);
#443=CARTESIAN_POINT('',(45.595690596,15.5,-45.174190841));
#444=DIRECTION('',(0.5,0.,-0.866025404));
#445=VECTOR('',#444,0.2);
#446=LINE('',#443,#445);
#447=EDGE_CURVE('',#440,#442,#446,.T.);
#448=ORIENTED_EDGE('',*,*,#447,.F.);
#449=CARTESIAN_POINT('',(45.595690596,-15.5,-45.174190841));
#450=DIRECTION('',(0.,1.,0.));
#451=VECTOR('',#450,31.);
#452=LINE('',#449,#451);
#453=EDGE_CURVE('',#401,#440,#452,.T.);
#454=ORIENTED_EDGE('',*,*,#453,.F.);
#455=ORIENTED_EDGE('',*,*,#406,.F.);
#456=CARTESIAN_POINT('',(45.695690596,-15.5,-45.347395922));
#457=DIRECTION('',(0.,1.,0.));
#458=VECTOR('',#457,31.);
#459=LINE('',#456,#458);
#460=EDGE_CURVE('',#393,#442,#459,.T.);
#461=ORIENTED_EDGE('',*,*,#460,.T.);
#462=EDGE_LOOP('',(#448,#454,#455,#461));
#463=FACE_BOUND('',#462,.T.);
#464=ADVANCED_FACE('',(#463),#438,.F.);
#465=DRAUGHTING_PRE_DEFINED_COLOUR('white');
#466=FILL_AREA_STYLE_COLOUR('',#465);
#467=FILL_AREA_STYLE('',(#466));
#468=SURFACE_STYLE_FILL_AREA(#467);
#469=SURFACE_SIDE_STYLE('',(#468));
#470=SURFACE_STYLE_USAGE(.BOTH.,#469);
#471=PRESENTATION_STYLE_ASSIGNMENT((#470));
#472=OVER_RIDING_STYLED_ITEM('',(#471),#464,#26);
#473=CARTESIAN_POINT('',(46.758324168,-12.5,-44.502944035));
#474=DIRECTION('',(-0.5,0.,0.866025404));
#475=DIRECTION('',(-0.866025404,0.,-0.5));
#476=AXIS2_PLACEMENT_3D('',#473,#474,#475);
#477=PLANE('',#476);
#478=ORIENTED_EDGE('',*,*,#453,.T.);
#479=CARTESIAN_POINT('',(45.37268906,15.5,-45.302940838));
#480=VERTEX_POINT('',#479);
#481=CARTESIAN_POINT('',(45.595690596,15.5,-45.174190841));
#482=DIRECTION('',(-0.866025404,0.,-0.5));
#483=VECTOR('',#482,0.257499994);
#484=LINE('',#481,#483);
#485=EDGE_CURVE('',#440,#480,#484,.T.);
#486=ORIENTED_EDGE('',*,*,#485,.T.);
#487=CARTESIAN_POINT('',(45.37268906,-15.5,-45.302940838));
#488=DIRECTION('',(0.,1.,0.));
#489=VECTOR('',#488,31.);
#490=LINE('',#487,#489);
#491=EDGE_CURVE('',#409,#480,#490,.T.);
#492=ORIENTED_EDGE('',*,*,#491,.F.);
#493=ORIENTED_EDGE('',*,*,#414,.F.);
#494=EDGE_LOOP('',(#478,#486,#492,#493));
#495=FACE_BOUND('',#494,.T.);
#496=ADVANCED_FACE('',(#495),#477,.T.);
#497=OVER_RIDING_STYLED_ITEM('',(#471),#496,#26);
#498=CARTESIAN_POINT('',(40.358324168,-12.5,-33.417818867));
#499=DIRECTION('',(0.5,0.,-0.866025404));
#500=DIRECTION('',(0.866025404,0.,0.5));
#501=AXIS2_PLACEMENT_3D('',#498,#499,#500);
#502=PLANE('',#501);
#503=CARTESIAN_POINT('',(38.972689059,15.5,-34.21781567));
#504=VERTEX_POINT('',#503);
#505=CARTESIAN_POINT('',(38.972689059,15.5,-34.21781567));
#506=DIRECTION('',(0.866025404,0.,0.5));
#507=VECTOR('',#506,0.557500001);
#508=LINE('',#505,#507);
#509=EDGE_CURVE('',#504,#258,#508,.T.);
#510=ORIENTED_EDGE('',*,*,#509,.T.);
#511=ORIENTED_EDGE('',*,*,#265,.T.);
#512=CARTESIAN_POINT('',(42.06114229,8.628075225,-32.434696366));
#513=VERTEX_POINT('',#512);
#514=CARTESIAN_POINT('',(39.455498222,8.628075226,-33.93906567));
#515=CARTESIAN_POINT('',(40.324046245,8.628075226,-33.437609235));
#516=CARTESIAN_POINT('',(41.192594268,8.628075225,-32.9361528));
#517=CARTESIAN_POINT('',(42.06114229,8.628075225,-32.434696366));
#518=B_SPLINE_CURVE_WITH_KNOTS('',3,(#514,#515,#516,#517),.UNSPECIFIED.,.F.,.F.,(4,4),(0.004814992,0.007823731),.UNSPECIFIED.);
#519=EDGE_CURVE('',#260,#513,#518,.T.);
#520=ORIENTED_EDGE('',*,*,#519,.T.);
#521=CARTESIAN_POINT('',(42.06114229,-8.628075225,-32.434696366));
#522=VERTEX_POINT('',#521);
#523=CARTESIAN_POINT('',(42.06114229,-8.628075225,-32.434696366));
#524=DIRECTION('',(0.,1.,0.));
#525=VECTOR('',#524,17.25615045);
#526=LINE('',#523,#525);
#527=EDGE_CURVE('',#522,#513,#526,.T.);
#528=ORIENTED_EDGE('',*,*,#527,.F.);
#529=CARTESIAN_POINT('',(40.321523626,-8.628075226,-33.43906567));
#530=VERTEX_POINT('',#529);
#531=CARTESIAN_POINT('',(42.06114229,-8.628075225,-32.434696366));
#532=CARTESIAN_POINT('',(41.481269402,-8.628075225,-32.769486134));
#533=CARTESIAN_POINT('',(40.901396514,-8.628075225,-33.104275902));
#534=CARTESIAN_POINT('',(40.321523626,-8.628075226,-33.43906567));
#535=B_SPLINE_CURVE_WITH_KNOTS('',3,(#531,#532,#533,#534),.UNSPECIFIED.,.F.,.F.,(4,4),(0.005814992,0.007823731),.UNSPECIFIED.);
#536=EDGE_CURVE('',#522,#530,#535,.T.);
#537=ORIENTED_EDGE('',*,*,#536,.T.);
#538=CARTESIAN_POINT('',(40.321523626,-8.227926275,-33.43906567));
#539=VERTEX_POINT('',#538);
#540=CARTESIAN_POINT('',(40.321523626,-8.227926275,-33.43906567));
#541=DIRECTION('',(0.,-1.,0.));
#542=VECTOR('',#541,0.400148951);
#543=LINE('',#540,#542);
#544=EDGE_CURVE('',#539,#530,#543,.T.);
#545=ORIENTED_EDGE('',*,*,#544,.F.);
#546=CARTESIAN_POINT('',(39.542100758,-7.927926282,-33.889065672));
#547=VERTEX_POINT('',#546);
#548=CARTESIAN_POINT('',(39.888510924,-8.227926275,-33.68906567));
#549=DIRECTION('',(-0.5,0.,0.866025404));
#550=DIRECTION('',(0.866025404,0.,0.5));
#551=AXIS2_PLACEMENT_3D('',#548,#549,#550);
#552=CIRCLE('',#551,0.5);
#553=EDGE_CURVE('',#539,#547,#552,.T.);
#554=ORIENTED_EDGE('',*,*,#553,.T.);
#555=CARTESIAN_POINT('',(39.455498222,-8.227926275,-33.93906567));
#556=VERTEX_POINT('',#555);
#557=CARTESIAN_POINT('',(39.455498222,-8.227926275,-33.93906567));
#558=CARTESIAN_POINT('',(39.455498222,-8.120167289,-33.93906567));
#559=CARTESIAN_POINT('',(39.486092023,-8.014157374,-33.921402331));
#560=CARTESIAN_POINT('',(39.542100758,-7.927926282,-33.889065672));
#561=B_SPLINE_CURVE_WITH_KNOTS('',3,(#557,#558,#559,#560),.UNSPECIFIED.,.F.,.F.,(4,4),(0.,0.000322066),.UNSPECIFIED.);
#562=EDGE_CURVE('',#556,#547,#561,.T.);
#563=ORIENTED_EDGE('',*,*,#562,.F.);
#564=CARTESIAN_POINT('',(39.455498222,-15.499999355,-33.939065669));
#565=DIRECTION('',(-0.,1.,-0.));
#566=VECTOR('',#565,7.27207308);
#567=LINE('',#564,#566);
#568=EDGE_CURVE('',#336,#556,#567,.T.);
#569=ORIENTED_EDGE('',*,*,#568,.F.);
#570=ORIENTED_EDGE('',*,*,#428,.F.);
#571=CARTESIAN_POINT('',(38.972689059,-15.5,-34.21781567));
#572=DIRECTION('',(0.,1.,0.));
#573=VECTOR('',#572,31.);
#574=LINE('',#571,#573);
#575=EDGE_CURVE('',#417,#504,#574,.T.);
#576=ORIENTED_EDGE('',*,*,#575,.T.);
#577=EDGE_LOOP('',(#510,#511,#520,#528,#537,#545,#554,#563,#569,#570,#576));
#578=FACE_BOUND('',#577,.T.);
#579=ADVANCED_FACE('',(#578),#502,.T.);
#580=CARTESIAN_POINT('',(-0.658716781,15.5,-33.943692518));
#581=DIRECTION('',(0.,1.,0.));
#582=DIRECTION('',(-0.866025404,0.,-0.5));
#583=AXIS2_PLACEMENT_3D('',#580,#581,#582);
#584=PLANE('',#583);
#585=ORIENTED_EDGE('',*,*,#509,.F.);
#586=CARTESIAN_POINT('',(45.37268906,15.5,-45.302940838));
#587=DIRECTION('',(-0.5,0.,0.866025404));
#588=VECTOR('',#587,12.8);
#589=LINE('',#586,#588);
#590=EDGE_CURVE('',#480,#504,#589,.T.);
#591=ORIENTED_EDGE('',*,*,#590,.F.);
#592=ORIENTED_EDGE('',*,*,#485,.F.);
#593=ORIENTED_EDGE('',*,*,#447,.T.);
#594=CARTESIAN_POINT('',(48.128129578,15.5,-43.943026621));
#595=DIRECTION('',(-0.866025404,0.,-0.5));
#596=VECTOR('',#595,2.808738602);
#597=LINE('',#594,#596);
#598=EDGE_CURVE('',#108,#442,#597,.T.);
#599=ORIENTED_EDGE('',*,*,#598,.F.);
#600=ORIENTED_EDGE('',*,*,#171,.T.);
#601=CARTESIAN_POINT('',(39.455498222,15.5,-33.93906567));
#602=DIRECTION('',(0.866025404,0.,0.5));
#603=VECTOR('',#602,2.508738598);
#604=LINE('',#601,#603);
#605=EDGE_CURVE('',#258,#159,#604,.T.);
#606=ORIENTED_EDGE('',*,*,#605,.F.);
#607=EDGE_LOOP('',(#585,#591,#592,#593,#599,#600,#606));
#608=FACE_BOUND('',#607,.T.);
#609=ADVANCED_FACE('',(#608),#584,.F.);
#610=CARTESIAN_POINT('',(43.87268906,-12.5,-42.704864627));
#611=DIRECTION('',(0.866025404,0.,0.5));
#612=DIRECTION('',(-0.5,0.,0.866025404));
#613=AXIS2_PLACEMENT_3D('',#610,#611,#612);
#614=PLANE('',#613);
#615=ORIENTED_EDGE('',*,*,#491,.T.);
#616=ORIENTED_EDGE('',*,*,#590,.T.);
#617=ORIENTED_EDGE('',*,*,#575,.F.);
#618=ORIENTED_EDGE('',*,*,#422,.F.);
#619=EDGE_LOOP('',(#615,#616,#617,#618));
#620=FACE_BOUND('',#619,.T.);
#621=ADVANCED_FACE('',(#620),#614,.T.);
#622=OVER_RIDING_STYLED_ITEM('',(#471),#621,#26);
#623=CARTESIAN_POINT('',(45.811524262,18.4,-37.544025716));
#624=DIRECTION('',(-0.,1.,0.));
#625=DIRECTION('',(-0.5,-0.,0.866025404));
#626=AXIS2_PLACEMENT_3D('',#623,#624,#625);
#627=PLANE('',#626);
#628=CARTESIAN_POINT('',(44.924525758,18.4,-43.21169924));
#629=VERTEX_POINT('',#628);
#630=CARTESIAN_POINT('',(44.274525758,18.4,-42.085866215));
#631=VERTEX_POINT('',#630);
#632=CARTESIAN_POINT('',(44.924525758,18.4,-43.21169924));
#633=DIRECTION('',(-0.5,-0.,0.866025404));
#634=VECTOR('',#633,1.3);
#635=LINE('',#632,#634);
#636=EDGE_CURVE('',#629,#631,#635,.T.);
#637=ORIENTED_EDGE('',*,*,#636,.T.);
#638=CARTESIAN_POINT('',(46.050358783,18.4,-42.56169924));
#639=VERTEX_POINT('',#638);
#640=CARTESIAN_POINT('',(45.400358783,18.4,-41.435866215));
#641=DIRECTION('',(0.,-1.,-0.));
#642=DIRECTION('',(-0.5,-0.,0.866025404));
#643=AXIS2_PLACEMENT_3D('',#640,#641,#642);
#644=CIRCLE('',#643,1.3);
#645=EDGE_CURVE('',#631,#639,#644,.T.);
#646=ORIENTED_EDGE('',*,*,#645,.T.);
#647=CARTESIAN_POINT('',(46.050358783,18.4,-42.56169924));
#648=DIRECTION('',(-0.866025404,0.,-0.5));
#649=VECTOR('',#648,1.3);
#650=LINE('',#647,#649);
#651=EDGE_CURVE('',#639,#629,#650,.T.);
#652=ORIENTED_EDGE('',*,*,#651,.T.);
#653=EDGE_LOOP('',(#637,#646,#652));
#654=FACE_BOUND('',#653,.T.);
#655=ADVANCED_FACE('',(#654),#627,.T.);
#656=CARTESIAN_POINT('',(45.811524262,18.4,-37.544025716));
#657=DIRECTION('',(-0.,1.,0.));
#658=DIRECTION('',(-0.5,-0.,0.866025404));
#659=AXIS2_PLACEMENT_3D('',#656,#657,#658);
#660=PLANE('',#659);
#661=CARTESIAN_POINT('',(47.176191808,18.4,-41.91169924));
#662=VERTEX_POINT('',#661);
#663=CARTESIAN_POINT('',(47.176191808,18.4,-41.91169924));
#664=DIRECTION('',(-0.866025404,0.,-0.5));
#665=VECTOR('',#664,1.3);
#666=LINE('',#663,#665);
#667=EDGE_CURVE('',#662,#639,#666,.T.);
#668=ORIENTED_EDGE('',*,*,#667,.T.);
#669=CARTESIAN_POINT('',(46.526191808,18.4,-40.785866215));
#670=VERTEX_POINT('',#669);
#671=CARTESIAN_POINT('',(45.400358783,18.4,-41.435866215));
#672=DIRECTION('',(0.,-1.,-0.));
#673=DIRECTION('',(-0.5,-0.,0.866025404));
#674=AXIS2_PLACEMENT_3D('',#671,#672,#673);
#675=CIRCLE('',#674,1.3);
#676=EDGE_CURVE('',#639,#670,#675,.T.);
#677=ORIENTED_EDGE('',*,*,#676,.T.);
#678=CARTESIAN_POINT('',(46.526191808,18.4,-40.785866215));
#679=DIRECTION('',(0.5,0.,-0.866025404));
#680=VECTOR('',#679,1.3);
#681=LINE('',#678,#680);
#682=EDGE_CURVE('',#670,#662,#681,.T.);
#683=ORIENTED_EDGE('',*,*,#682,.T.);
#684=EDGE_LOOP('',(#668,#677,#683));
#685=FACE_BOUND('',#684,.T.);
#686=ADVANCED_FACE('',(#685),#660,.T.);
#687=CARTESIAN_POINT('',(45.811524262,-18.4,-37.544025716));
#688=DIRECTION('',(0.,-1.,0.));
#689=DIRECTION('',(-0.866025404,0.,-0.5));
#690=AXIS2_PLACEMENT_3D('',#687,#688,#689);
#691=PLANE('',#690);
#692=CARTESIAN_POINT('',(47.176191808,-18.4,-41.91169924));
#693=VERTEX_POINT('',#692);
#694=CARTESIAN_POINT('',(46.526191808,-18.4,-40.785866215));
#695=VERTEX_POINT('',#694);
#696=CARTESIAN_POINT('',(47.176191808,-18.4,-41.91169924));
#697=DIRECTION('',(-0.5,0.,0.866025404));
#698=VECTOR('',#697,1.3);
#699=LINE('',#696,#698);
#700=EDGE_CURVE('',#693,#695,#699,.T.);
#701=ORIENTED_EDGE('',*,*,#700,.T.);
#702=CARTESIAN_POINT('',(46.050358783,-18.4,-42.56169924));
#703=VERTEX_POINT('',#702);
#704=CARTESIAN_POINT('',(45.400358783,-18.4,-41.435866215));
#705=DIRECTION('',(-0.,1.,0.));
#706=DIRECTION('',(-0.866025404,0.,-0.5));
#707=AXIS2_PLACEMENT_3D('',#704,#705,#706);
#708=CIRCLE('',#707,1.3);
#709=EDGE_CURVE('',#695,#703,#708,.T.);
#710=ORIENTED_EDGE('',*,*,#709,.T.);
#711=CARTESIAN_POINT('',(47.176191808,-18.4,-41.91169924));
#712=DIRECTION('',(-0.866025404,0.,-0.5));
#713=VECTOR('',#712,1.3);
#714=LINE('',#711,#713);
#715=EDGE_CURVE('',#693,#703,#714,.T.);
#716=ORIENTED_EDGE('',*,*,#715,.F.);
#717=EDGE_LOOP('',(#701,#710,#716));
#718=FACE_BOUND('',#717,.T.);
#719=ADVANCED_FACE('',(#718),#691,.T.);
#720=CARTESIAN_POINT('',(45.811524262,-18.4,-37.544025716));
#721=DIRECTION('',(0.,-1.,0.));
#722=DIRECTION('',(-0.866025404,0.,-0.5));
#723=AXIS2_PLACEMENT_3D('',#720,#721,#722);
#724=PLANE('',#723);
#725=CARTESIAN_POINT('',(44.924525758,-18.4,-43.21169924));
#726=VERTEX_POINT('',#725);
#727=CARTESIAN_POINT('',(46.050358783,-18.4,-42.56169924));
#728=DIRECTION('',(-0.866025404,0.,-0.5));
#729=VECTOR('',#728,1.3);
#730=LINE('',#727,#729);
#731=EDGE_CURVE('',#703,#726,#730,.T.);
#732=ORIENTED_EDGE('',*,*,#731,.F.);
#733=CARTESIAN_POINT('',(44.274525758,-18.4,-42.085866215));
#734=VERTEX_POINT('',#733);
#735=CARTESIAN_POINT('',(45.400358783,-18.4,-41.435866215));
#736=DIRECTION('',(-0.,1.,0.));
#737=DIRECTION('',(-0.866025404,0.,-0.5));
#738=AXIS2_PLACEMENT_3D('',#735,#736,#737);
#739=CIRCLE('',#738,1.3);
#740=EDGE_CURVE('',#703,#734,#739,.T.);
#741=ORIENTED_EDGE('',*,*,#740,.T.);
#742=CARTESIAN_POINT('',(44.274525758,-18.4,-42.085866215));
#743=DIRECTION('',(0.5,-0.,-0.866025404));
#744=VECTOR('',#743,1.3);
#745=LINE('',#742,#744);
#746=EDGE_CURVE('',#734,#726,#745,.T.);
#747=ORIENTED_EDGE('',*,*,#746,.T.);
#748=EDGE_LOOP('',(#732,#741,#747));
#749=FACE_BOUND('',#748,.T.);
#750=ADVANCED_FACE('',(#749),#724,.T.);
#751=CARTESIAN_POINT('',(46.860578641,-12.,-47.946044027));
#752=DIRECTION('',(0.819864355,0.,0.572557804));
#753=DIRECTION('',(0.572557804,0.,-0.819864355));
#754=AXIS2_PLACEMENT_3D('',#751,#752,#753);
#755=PLANE('',#754);
#756=CARTESIAN_POINT('',(48.234509443,-10.9,-49.913420739));
#757=VERTEX_POINT('',#756);
#758=CARTESIAN_POINT('',(47.680317651,-10.9,-49.119855283));
#759=VERTEX_POINT('',#758);
#760=CARTESIAN_POINT('',(48.234509443,-10.9,-49.913420739));
#761=DIRECTION('',(-0.572557804,-0.,0.819864355));
#762=VECTOR('',#761,0.967922867);
#763=LINE('',#760,#762);
#764=EDGE_CURVE('',#757,#759,#763,.T.);
#765=ORIENTED_EDGE('',*,*,#764,.T.);
#766=CARTESIAN_POINT('',(45.486647838,-13.704546011,-45.978667314));
#767=VERTEX_POINT('',#766);
#768=CARTESIAN_POINT('',(47.680317651,-14.9,-49.119855283));
#769=DIRECTION('',(0.819864355,0.,0.572557804));
#770=DIRECTION('',(0.572557804,0.,-0.819864355));
#771=AXIS2_PLACEMENT_3D('',#768,#769,#770);
#772=ELLIPSE('',#771,4.014845851,4.);
#773=EDGE_CURVE('',#759,#767,#772,.T.);
#774=ORIENTED_EDGE('',*,*,#773,.T.);
#775=CARTESIAN_POINT('',(45.486647838,-7.5,-45.978667314));
#776=VERTEX_POINT('',#775);
#777=CARTESIAN_POINT('',(45.486647838,-13.704546011,-45.978667314));
#778=DIRECTION('',(0.,1.,0.));
#779=VECTOR('',#778,6.204546011);
#780=LINE('',#777,#779);
#781=EDGE_CURVE('',#767,#776,#780,.T.);
#782=ORIENTED_EDGE('',*,*,#781,.T.);
#783=CARTESIAN_POINT('',(46.760508535,-9.,-47.802750351));
#784=VERTEX_POINT('',#783);
#785=CARTESIAN_POINT('',(45.486647838,-7.5,-45.978667314));
#786=CARTESIAN_POINT('',(45.649349018,-7.866854057,-46.211644486));
#787=CARTESIAN_POINT('',(45.81254209,-8.232913706,-46.445326013));
#788=CARTESIAN_POINT('',(46.024278904,-8.520516264,-46.748518923));
#789=CARTESIAN_POINT('',(46.130147311,-8.664317544,-46.900115377));
#790=CARTESIAN_POINT('',(46.244393687,-8.783441991,-47.063708522));
#791=CARTESIAN_POINT('',(46.369108022,-8.868034578,-47.24229108));
#792=CARTESIAN_POINT('',(46.431465189,-8.910330871,-47.33158236));
#793=CARTESIAN_POINT('',(46.496269076,-8.943581428,-47.424377177));
#794=CARTESIAN_POINT('',(46.561534094,-8.965888104,-47.517832304));
#795=CARTESIAN_POINT('',(46.626799113,-8.98819478,-47.611287431));
#796=CARTESIAN_POINT('',(46.693081811,-9.,-47.706199807));
#797=CARTESIAN_POINT('',(46.760508535,-9.,-47.802750351));
#798=B_SPLINE_CURVE_WITH_KNOTS('',3,(#785,#786,#787,#788,#789,#790,#791,#792,#793,#794,#795,#796,#797),.UNSPECIFIED.,.F.,.F.,(4,3,3,3,4),(0.,0.001393352,0.002090027,0.002438365,0.002786703),.UNSPECIFIED.);
#799=EDGE_CURVE('',#776,#784,#798,.T.);
#800=ORIENTED_EDGE('',*,*,#799,.T.);
#801=CARTESIAN_POINT('',(48.234509443,-9.,-49.913420739));
#802=VERTEX_POINT('',#801);
#803=CARTESIAN_POINT('',(46.760508535,-9.,-47.802750351));
#804=DIRECTION('',(0.572557804,0.,-0.819864355));
#805=VECTOR('',#804,2.57441414);
#806=LINE('',#803,#805);
#807=EDGE_CURVE('',#784,#802,#806,.T.);
#808=ORIENTED_EDGE('',*,*,#807,.T.);
#809=CARTESIAN_POINT('',(48.234509443,-10.9,-49.913420739));
#810=DIRECTION('',(0.,1.,0.));
#811=VECTOR('',#810,1.9);
#812=LINE('',#809,#811);
#813=EDGE_CURVE('',#757,#802,#812,.T.);
#814=ORIENTED_EDGE('',*,*,#813,.F.);
#815=EDGE_LOOP('',(#765,#774,#782,#800,#808,#814));
#816=FACE_BOUND('',#815,.T.);
#817=ADVANCED_FACE('',(#816),#755,.F.);
#818=CARTESIAN_POINT('',(49.628278846,-12.,-48.940072472));
#819=DIRECTION('',(-0.,1.,0.));
#820=DIRECTION('',(0.866025404,0.,0.5));
#821=AXIS2_PLACEMENT_3D('',#818,#819,#820);
#822=CYLINDRICAL_SURFACE('',#821,1.7);
#823=CARTESIAN_POINT('',(51.100522033,-9.,-48.090072472));
#824=VERTEX_POINT('',#823);
#825=CARTESIAN_POINT('',(51.100522033,-10.9,-48.090072472));
#826=VERTEX_POINT('',#825);
#827=CARTESIAN_POINT('',(51.100522033,-9.,-48.090072472));
#828=DIRECTION('',(-0.,-1.,-0.));
#829=VECTOR('',#828,1.9);
#830=LINE('',#827,#829);
#831=EDGE_CURVE('',#824,#826,#830,.T.);
#832=ORIENTED_EDGE('',*,*,#831,.T.);
#833=CARTESIAN_POINT('',(49.628278846,-10.9,-48.940072472));
#834=DIRECTION('',(-0.,1.,0.));
#835=DIRECTION('',(-0.866025404,0.,-0.5));
#836=AXIS2_PLACEMENT_3D('',#833,#834,#835);
#837=CIRCLE('',#836,1.7);
#838=EDGE_CURVE('',#826,#757,#837,.T.);
#839=ORIENTED_EDGE('',*,*,#838,.T.);
#840=ORIENTED_EDGE('',*,*,#813,.T.);
#841=CARTESIAN_POINT('',(49.628278846,-9.,-48.940072472));
#842=DIRECTION('',(0.,-1.,-0.));
#843=DIRECTION('',(-0.866025404,0.,-0.5));
#844=AXIS2_PLACEMENT_3D('',#841,#842,#843);
#845=CIRCLE('',#844,1.7);
#846=EDGE_CURVE('',#802,#824,#845,.T.);
#847=ORIENTED_EDGE('',*,*,#846,.T.);
#848=EDGE_LOOP('',(#832,#839,#840,#847));
#849=FACE_BOUND('',#848,.T.);
#850=ADVANCED_FACE('',(#849),#822,.T.);
#851=CARTESIAN_POINT('',(50.090777998,-12.,-46.53869432));
#852=DIRECTION('',(0.837358777,0.,0.54665371));
#853=DIRECTION('',(0.54665371,0.,-0.837358777));
#854=AXIS2_PLACEMENT_3D('',#851,#852,#853);
#855=PLANE('',#854);
#856=CARTESIAN_POINT('',(49.129767228,-11.886839981,-45.066627476));
#857=VERTEX_POINT('',#856);
#858=CARTESIAN_POINT('',(49.129767228,-8.272865256,-45.066627476));
#859=VERTEX_POINT('',#858);
#860=CARTESIAN_POINT('',(49.129767228,-11.886839981,-45.066627476));
#861=DIRECTION('',(0.,1.,0.));
#862=VECTOR('',#861,3.613974725);
#863=LINE('',#860,#862);
#864=EDGE_CURVE('',#857,#859,#863,.T.);
#865=ORIENTED_EDGE('',*,*,#864,.F.);
#866=CARTESIAN_POINT('',(50.570037886,-10.9,-47.272819904));
#867=VERTEX_POINT('',#866);
#868=CARTESIAN_POINT('',(50.570037886,-14.9,-47.272819904));
#869=DIRECTION('',(-0.837358777,-0.,-0.54665371));
#870=DIRECTION('',(0.54665371,0.,-0.837358777));
#871=AXIS2_PLACEMENT_3D('',#868,#869,#870);
#872=ELLIPSE('',#871,4.006005692,4.);
#873=EDGE_CURVE('',#857,#867,#872,.T.);
#874=ORIENTED_EDGE('',*,*,#873,.T.);
#875=CARTESIAN_POINT('',(51.051788767,-10.9,-48.010761164));
#876=VERTEX_POINT('',#875);
#877=CARTESIAN_POINT('',(50.570037886,-10.9,-47.272819904));
#878=DIRECTION('',(0.54665371,0.,-0.837358777));
#879=VECTOR('',#878,0.881272497);
#880=LINE('',#877,#879);
#881=EDGE_CURVE('',#867,#876,#880,.T.);
#882=ORIENTED_EDGE('',*,*,#881,.T.);
#883=CARTESIAN_POINT('',(51.051788767,-9.,-48.010761164));
#884=VERTEX_POINT('',#883);
#885=CARTESIAN_POINT('',(51.051788767,-10.9,-48.010761164));
#886=DIRECTION('',(0.,1.,0.));
#887=VECTOR('',#886,1.9);
#888=LINE('',#885,#887);
#889=EDGE_CURVE('',#876,#884,#888,.T.);
#890=ORIENTED_EDGE('',*,*,#889,.T.);
#891=CARTESIAN_POINT('',(49.832793701,-9.,-46.143516512));
#892=VERTEX_POINT('',#891);
#893=CARTESIAN_POINT('',(49.832793701,-9.,-46.143516512));
#894=DIRECTION('',(0.54665371,0.,-0.837358777));
#895=VECTOR('',#894,2.229921873);
#896=LINE('',#893,#895);
#897=EDGE_CURVE('',#892,#884,#896,.T.);
#898=ORIENTED_EDGE('',*,*,#897,.F.);
#899=CARTESIAN_POINT('',(49.832793701,-9.,-46.143516512));
#900=CARTESIAN_POINT('',(49.761728436,-9.,-46.034659439));
#901=CARTESIAN_POINT('',(49.692209996,-8.983385986,-45.928171775));
#902=CARTESIAN_POINT('',(49.62419066,-8.950670498,-45.823980425));
#903=CARTESIAN_POINT('',(49.590180992,-8.934312753,-45.771884751));
#904=CARTESIAN_POINT('',(49.556316427,-8.91367769,-45.720011344));
#905=CARTESIAN_POINT('',(49.523636734,-8.889356705,-45.66995291));
#906=CARTESIAN_POINT('',(49.49095704,-8.86503572,-45.619894477));
#907=CARTESIAN_POINT('',(49.45938363,-8.837062882,-45.571530638));
#908=CARTESIAN_POINT('',(49.428892991,-8.805515808,-45.524825378));
#909=CARTESIAN_POINT('',(49.367911714,-8.742421659,-45.431414858));
#910=CARTESIAN_POINT('',(49.310511368,-8.663695502,-45.343489571));
#911=CARTESIAN_POINT('',(49.260248087,-8.574115752,-45.266496773));
#912=CARTESIAN_POINT('',(49.209984807,-8.484536003,-45.189503974));
#913=CARTESIAN_POINT('',(49.166404239,-8.384258359,-45.122747689));
#914=CARTESIAN_POINT('',(49.129767228,-8.272865256,-45.066627476));
#915=B_SPLINE_CURVE_WITH_KNOTS('',3,(#899,#900,#901,#902,#903,#904,#905,#906,#907,#908,#909,#910,#911,#912,#913,#914),.UNSPECIFIED.,.F.,.F.,(4,3,3,3,3,4),(0.,0.000384465,0.000576698,0.000768931,0.001153396,0.001537861),.UNSPECIFIED.);
#916=EDGE_CURVE('',#892,#859,#915,.T.);
#917=ORIENTED_EDGE('',*,*,#916,.T.);
#918=EDGE_LOOP('',(#865,#874,#882,#890,#898,#917));
#919=FACE_BOUND('',#918,.T.);
#920=ADVANCED_FACE('',(#919),#855,.T.);
#921=CARTESIAN_POINT('',(49.338361618,-12.,-44.930450606));
#922=DIRECTION('',(-0.,1.,0.));
#923=DIRECTION('',(0.866025404,0.,0.5));
#924=AXIS2_PLACEMENT_3D('',#921,#922,#923);
#925=CYLINDRICAL_SURFACE('',#924,0.249109934);
#926=CARTESIAN_POINT('',(49.153285655,-14.587847294,-44.763709348));
#927=VERTEX_POINT('',#926);
#928=CARTESIAN_POINT('',(49.153285655,-7.529007598,-44.763709348));
#929=VERTEX_POINT('',#928);
#930=CARTESIAN_POINT('',(49.153285655,-14.587847294,-44.763709348));
#931=DIRECTION('',(0.,1.,0.));
#932=VECTOR('',#931,7.058839697);
#933=LINE('',#930,#932);
#934=EDGE_CURVE('',#927,#929,#933,.T.);
#935=ORIENTED_EDGE('',*,*,#934,.F.);
#936=CARTESIAN_POINT('',(49.153285643,-14.587847315,-44.763709361));
#937=CARTESIAN_POINT('',(49.149160828,-14.45621367,-44.768287742));
#938=CARTESIAN_POINT('',(49.143243657,-14.327596793,-44.775253392));
#939=CARTESIAN_POINT('',(49.137297735,-14.20310985,-44.783382342));
#940=CARTESIAN_POINT('',(49.131351813,-14.078622908,-44.791511292));
#941=CARTESIAN_POINT('',(49.12528373,-13.957348907,-44.800873745));
#942=CARTESIAN_POINT('',(49.119685889,-13.837699701,-44.811133027));
#943=CARTESIAN_POINT('',(49.114088047,-13.718050495,-44.82139231));
#944=CARTESIAN_POINT('',(49.108923648,-13.600147104,-44.832578034));
#945=CARTESIAN_POINT('',(49.104527371,-13.483242351,-44.844559362));
#946=CARTESIAN_POINT('',(49.100131095,-13.366337598,-44.85654069));
#947=CARTESIAN_POINT('',(49.096462983,-13.24998516,-44.86938779));
#948=CARTESIAN_POINT('',(49.093846136,-13.136113898,-44.882827732));
#949=CARTESIAN_POINT('',(49.08861244,-12.908371373,-44.909707618));
#950=CARTESIAN_POINT('',(49.087382413,-12.689558125,-44.938961084));
#951=CARTESIAN_POINT('',(49.092457579,-12.478338052,-44.970287311));
#952=CARTESIAN_POINT('',(49.094995163,-12.372728016,-44.985950425));
#953=CARTESIAN_POINT('',(49.099170424,-12.269058131,-45.002149707));
#954=CARTESIAN_POINT('',(49.105250619,-12.170356504,-45.0182858));
#955=CARTESIAN_POINT('',(49.111330813,-12.071654877,-45.034421894));
#956=CARTESIAN_POINT('',(49.119312612,-11.97713391,-45.050613198));
#957=CARTESIAN_POINT('',(49.129767228,-11.886839981,-45.066627476));
#958=B_SPLINE_CURVE_WITH_KNOTS('',3,(#936,#937,#938,#939,#940,#941,#942,#943,#944,#945,#946,#947,#948,#949,#950,#951,#952,#953,#954,#955,#956,#957),.UNSPECIFIED.,.F.,.F.,(4,3,3,3,3,3,3,4),(0.,0.000407435,0.00081487,0.001222305,0.00162974,0.00244461,0.002852045,0.00325948),.UNSPECIFIED.);
#959=EDGE_CURVE('',#927,#857,#958,.T.);
#960=ORIENTED_EDGE('',*,*,#959,.T.);
#961=ORIENTED_EDGE('',*,*,#864,.T.);
#962=CARTESIAN_POINT('',(49.129767228,-8.272865256,-45.066627476));
#963=CARTESIAN_POINT('',(49.110487361,-8.21424573,-45.037094765));
#964=CARTESIAN_POINT('',(49.09968532,-8.15459447,-45.007440259));
#965=CARTESIAN_POINT('',(49.094025837,-8.093716781,-44.97898708));
#966=CARTESIAN_POINT('',(49.088366354,-8.032839092,-44.950533901));
#967=CARTESIAN_POINT('',(49.088027173,-7.97045555,-44.923058322));
#968=CARTESIAN_POINT('',(49.091444758,-7.907686259,-44.897468433));
#969=CARTESIAN_POINT('',(49.094862343,-7.844916968,-44.871878545));
#970=CARTESIAN_POINT('',(49.102008743,-7.781857217,-44.848159684));
#971=CARTESIAN_POINT('',(49.112069798,-7.718422648,-44.82629797));
#972=CARTESIAN_POINT('',(49.117100326,-7.686705364,-44.815367112));
#973=CARTESIAN_POINT('',(49.122873737,-7.654858975,-44.804895612));
#974=CARTESIAN_POINT('',(49.12939485,-7.623056413,-44.794845853));
#975=CARTESIAN_POINT('',(49.132655406,-7.607155132,-44.789820974));
#976=CARTESIAN_POINT('',(49.136107547,-7.591266771,-44.784896276));
#977=CARTESIAN_POINT('',(49.139821783,-7.575434273,-44.779992313));
#978=CARTESIAN_POINT('',(49.141678901,-7.567518024,-44.777540332));
#979=CARTESIAN_POINT('',(49.143612415,-7.559622134,-44.775081979));
#980=CARTESIAN_POINT('',(49.145705925,-7.55179589,-44.772528021));
#981=CARTESIAN_POINT('',(49.147799434,-7.543969645,-44.769974062));
#982=CARTESIAN_POINT('',(49.149518011,-7.535899058,-44.767891279));
#983=CARTESIAN_POINT('',(49.153285655,-7.529007598,-44.763709348));
#984=B_SPLINE_CURVE_WITH_KNOTS('',3,(#962,#963,#964,#965,#966,#967,#968,#969,#970,#971,#972,#973,#974,#975,#976,#977,#978,#979,#980,#981,#982,#983),.UNSPECIFIED.,.F.,.F.,(4,3,3,3,3,3,3,4),(0.,0.000202208,0.000404415,0.000606623,0.000707727,0.000758279,0.000783555,0.000808831),.UNSPECIFIED.);
#985=EDGE_CURVE('',#859,#929,#984,.T.);
#986=ORIENTED_EDGE('',*,*,#985,.T.);
#987=EDGE_LOOP('',(#935,#960,#961,#986));
#988=FACE_BOUND('',#987,.T.);
#989=ADVANCED_FACE('',(#988),#925,.F.);
#990=CARTESIAN_POINT('',(48.236257566,-12.,-45.781572941));
#991=DIRECTION('',(0.742948945,0.,-0.669348089));
#992=DIRECTION('',(-0.669348089,0.,-0.742948945));
#993=AXIS2_PLACEMENT_3D('',#990,#991,#992);
#994=PLANE('',#993);
#995=CARTESIAN_POINT('',(49.169140753,-14.702367523,-44.746110839));
#996=VERTEX_POINT('',#995);
#997=CARTESIAN_POINT('',(49.169140753,-7.5,-44.746110839));
#998=VERTEX_POINT('',#997);
#999=CARTESIAN_POINT('',(49.169140753,-14.702367523,-44.746110839));
#1000=DIRECTION('',(0.,1.,0.));
#1001=VECTOR('',#1000,7.202367523);
#1002=LINE('',#999,#1001);
#1003=EDGE_CURVE('',#996,#998,#1002,.T.);
#1004=ORIENTED_EDGE('',*,*,#1003,.F.);
#1005=CARTESIAN_POINT('',(40.507696242,-14.9,-54.359959245));
#1006=DIRECTION('',(-0.742948945,-0.,0.669348089));
#1007=DIRECTION('',(0.669348089,0.,0.742948945));
#1008=AXIS2_PLACEMENT_3D('',#1005,#1006,#1007);
#1009=ELLIPSE('',#1008,12.95594331,4.);
#1010=EDGE_CURVE('',#996,#927,#1009,.T.);
#1011=ORIENTED_EDGE('',*,*,#1010,.T.);
#1012=ORIENTED_EDGE('',*,*,#934,.T.);
#1013=CARTESIAN_POINT('',(49.153285655,-7.529007598,-44.763709348));
#1014=CARTESIAN_POINT('',(49.158571429,-7.519339303,-44.757842356));
#1015=CARTESIAN_POINT('',(49.163856075,-7.509669632,-44.751976615));
#1016=CARTESIAN_POINT('',(49.169140753,-7.5,-44.746110839));
#1017=B_SPLINE_CURVE_WITH_KNOTS('',3,(#1013,#1014,#1015,#1016),.UNSPECIFIED.,.F.,.F.,(4,4),(0.,0.00003745),.UNSPECIFIED.);
#1018=EDGE_CURVE('',#929,#998,#1017,.T.);
#1019=ORIENTED_EDGE('',*,*,#1018,.T.);
#1020=EDGE_LOOP('',(#1004,#1011,#1012,#1019));
#1021=FACE_BOUND('',#1020,.T.);
#1022=ADVANCED_FACE('',(#1021),#994,.T.);
#1023=CARTESIAN_POINT('',(49.628278846,-12.,-48.940072472));
#1024=DIRECTION('',(-0.,1.,0.));
#1025=DIRECTION('',(0.866025404,0.,0.5));
#1026=AXIS2_PLACEMENT_3D('',#1023,#1024,#1025);
#1027=CYLINDRICAL_SURFACE('',#1026,0.5);
#1028=CARTESIAN_POINT('',(50.061291548,-9.2,-48.690072472));
#1029=VERTEX_POINT('',#1028);
#1030=CARTESIAN_POINT('',(50.061291548,-12.,-48.690072472));
#1031=VERTEX_POINT('',#1030);
#1032=CARTESIAN_POINT('',(50.061291548,-9.2,-48.690072472));
#1033=DIRECTION('',(-0.,-1.,-0.));
#1034=VECTOR('',#1033,2.8);
#1035=LINE('',#1032,#1034);
#1036=EDGE_CURVE('',#1029,#1031,#1035,.T.);
#1037=ORIENTED_EDGE('',*,*,#1036,.F.);
#1038=CARTESIAN_POINT('',(49.195266144,-9.2,-49.190072472));
#1039=VERTEX_POINT('',#1038);
#1040=CARTESIAN_POINT('',(49.628278846,-9.2,-48.940072472));
#1041=DIRECTION('',(-0.,1.,0.));
#1042=DIRECTION('',(-0.866025404,0.,-0.5));
#1043=AXIS2_PLACEMENT_3D('',#1040,#1041,#1042);
#1044=CIRCLE('',#1043,0.5);
#1045=EDGE_CURVE('',#1029,#1039,#1044,.T.);
#1046=ORIENTED_EDGE('',*,*,#1045,.T.);
#1047=CARTESIAN_POINT('',(49.628278846,-9.2,-48.940072472));
#1048=DIRECTION('',(-0.,1.,0.));
#1049=DIRECTION('',(-0.866025404,0.,-0.5));
#1050=AXIS2_PLACEMENT_3D('',#1047,#1048,#1049);
#1051=CIRCLE('',#1050,0.5);
#1052=EDGE_CURVE('',#1039,#1029,#1051,.T.);
#1053=ORIENTED_EDGE('',*,*,#1052,.T.);
#1054=ORIENTED_EDGE('',*,*,#1036,.T.);
#1055=CARTESIAN_POINT('',(49.195266144,-12.,-49.190072472));
#1056=VERTEX_POINT('',#1055);
#1057=CARTESIAN_POINT('',(49.628278846,-12.,-48.940072472));
#1058=DIRECTION('',(0.,-1.,-0.));
#1059=DIRECTION('',(-0.866025404,0.,-0.5));
#1060=AXIS2_PLACEMENT_3D('',#1057,#1058,#1059);
#1061=CIRCLE('',#1060,0.5);
#1062=EDGE_CURVE('',#1031,#1056,#1061,.T.);
#1063=ORIENTED_EDGE('',*,*,#1062,.T.);
#1064=CARTESIAN_POINT('',(49.628278846,-12.,-48.940072472));
#1065=DIRECTION('',(0.,-1.,-0.));
#1066=DIRECTION('',(-0.866025404,0.,-0.5));
#1067=AXIS2_PLACEMENT_3D('',#1064,#1065,#1066);
#1068=CIRCLE('',#1067,0.5);
#1069=EDGE_CURVE('',#1056,#1031,#1068,.T.);
#1070=ORIENTED_EDGE('',*,*,#1069,.T.);
#1071=EDGE_LOOP('',(#1037,#1046,#1053,#1054,#1063,#1070));
#1072=FACE_BOUND('',#1071,.T.);
#1073=ADVANCED_FACE('',(#1072),#1027,.F.);
#1074=CARTESIAN_POINT('',(11.835640646,-12.,17.299930939));
#1075=DIRECTION('',(0.,-1.,0.));
#1076=DIRECTION('',(0.5,0.,-0.866025404));
#1077=AXIS2_PLACEMENT_3D('',#1074,#1075,#1076);
#1078=PLANE('',#1077);
#1079=CARTESIAN_POINT('',(49.648943232,-12.,-47.874138986));
#1080=VERTEX_POINT('',#1079);
#1081=CARTESIAN_POINT('',(48.582168442,-12.,-48.490041698));
#1082=VERTEX_POINT('',#1081);
#1083=CARTESIAN_POINT('',(49.648943232,-12.,-47.874138986));
#1084=DIRECTION('',(-0.866025404,0.,-0.5));
#1085=VECTOR('',#1084,1.231805424);
#1086=LINE('',#1083,#1085);
#1087=EDGE_CURVE('',#1080,#1082,#1086,.T.);
#1088=ORIENTED_EDGE('',*,*,#1087,.T.);
#1089=CARTESIAN_POINT('',(49.136360233,-12.,-49.283607154));
#1090=VERTEX_POINT('',#1089);
#1091=CARTESIAN_POINT('',(48.582168442,-12.,-48.490041698));
#1092=DIRECTION('',(0.572557804,0.,-0.819864355));
#1093=VECTOR('',#1092,0.967922867);
#1094=LINE('',#1091,#1093);
#1095=EDGE_CURVE('',#1082,#1090,#1094,.T.);
#1096=ORIENTED_EDGE('',*,*,#1095,.T.);
#1097=CARTESIAN_POINT('',(50.130694112,-12.,-48.612080246));
#1098=VERTEX_POINT('',#1097);
#1099=CARTESIAN_POINT('',(49.628278846,-12.,-48.940072472));
#1100=DIRECTION('',(0.,-1.,-0.));
#1101=DIRECTION('',(-0.866025404,0.,-0.5));
#1102=AXIS2_PLACEMENT_3D('',#1099,#1100,#1101);
#1103=CIRCLE('',#1102,0.6);
#1104=EDGE_CURVE('',#1090,#1098,#1103,.T.);
#1105=ORIENTED_EDGE('',*,*,#1104,.T.);
#1106=CARTESIAN_POINT('',(50.130694112,-12.,-48.612080246));
#1107=DIRECTION('',(-0.54665371,-0.,0.837358777));
#1108=VECTOR('',#1107,0.881272497);
#1109=LINE('',#1106,#1108);
#1110=EDGE_CURVE('',#1098,#1080,#1109,.T.);
#1111=ORIENTED_EDGE('',*,*,#1110,.T.);
#1112=EDGE_LOOP('',(#1088,#1096,#1105,#1111));
#1113=FACE_BOUND('',#1112,.T.);
#1114=ORIENTED_EDGE('',*,*,#1062,.F.);
#1115=ORIENTED_EDGE('',*,*,#1069,.F.);
#1116=EDGE_LOOP('',(#1114,#1115));
#1117=FACE_BOUND('',#1116,.T.);
#1118=ADVANCED_FACE('',(#1113,#1117),#1078,.T.);
#1119=CARTESIAN_POINT('',(11.835640646,-9.,17.299930939));
#1120=DIRECTION('',(0.,-1.,0.));
#1121=DIRECTION('',(0.5,0.,-0.866025404));
#1122=AXIS2_PLACEMENT_3D('',#1119,#1120,#1121);
#1123=PLANE('',#1122);
#1124=CARTESIAN_POINT('',(49.022061064,-9.,-49.290072472));
#1125=VERTEX_POINT('',#1124);
#1126=CARTESIAN_POINT('',(50.234496629,-9.,-48.590072472));
#1127=VERTEX_POINT('',#1126);
#1128=CARTESIAN_POINT('',(49.628278846,-9.,-48.940072472));
#1129=DIRECTION('',(0.,-1.,-0.));
#1130=DIRECTION('',(-0.866025404,0.,-0.5));
#1131=AXIS2_PLACEMENT_3D('',#1128,#1129,#1130);
#1132=CIRCLE('',#1131,0.7);
#1133=EDGE_CURVE('',#1125,#1127,#1132,.T.);
#1134=ORIENTED_EDGE('',*,*,#1133,.T.);
#1135=CARTESIAN_POINT('',(49.628278846,-9.,-48.940072472));
#1136=DIRECTION('',(0.,-1.,-0.));
#1137=DIRECTION('',(-0.866025404,0.,-0.5));
#1138=AXIS2_PLACEMENT_3D('',#1135,#1136,#1137);
#1139=CIRCLE('',#1138,0.7);
#1140=EDGE_CURVE('',#1127,#1125,#1139,.T.);
#1141=ORIENTED_EDGE('',*,*,#1140,.T.);
#1142=EDGE_LOOP('',(#1134,#1141));
#1143=FACE_BOUND('',#1142,.T.);
#1144=CARTESIAN_POINT('',(47.424525758,-9.,-47.541826259));
#1145=VERTEX_POINT('',#1144);
#1146=CARTESIAN_POINT('',(49.676191808,-9.,-46.241826259));
#1147=VERTEX_POINT('',#1146);
#1148=CARTESIAN_POINT('',(47.424525758,-9.,-47.541826259));
#1149=DIRECTION('',(0.866025404,-0.,0.5));
#1150=VECTOR('',#1149,2.6);
#1151=LINE('',#1148,#1150);
#1152=EDGE_CURVE('',#1145,#1147,#1151,.T.);
#1153=ORIENTED_EDGE('',*,*,#1152,.T.);
#1154=CARTESIAN_POINT('',(48.426191808,-9.,-44.07676275));
#1155=DIRECTION('',(0.,-1.,-0.));
#1156=DIRECTION('',(-0.866025404,0.,-0.5));
#1157=AXIS2_PLACEMENT_3D('',#1154,#1155,#1156);
#1158=CIRCLE('',#1157,2.5);
#1159=EDGE_CURVE('',#1147,#892,#1158,.T.);
#1160=ORIENTED_EDGE('',*,*,#1159,.T.);
#1161=ORIENTED_EDGE('',*,*,#897,.T.);
#1162=CARTESIAN_POINT('',(49.628278846,-9.,-48.940072472));
#1163=DIRECTION('',(0.,-1.,-0.));
#1164=DIRECTION('',(-0.866025404,0.,-0.5));
#1165=AXIS2_PLACEMENT_3D('',#1162,#1163,#1164);
#1166=CIRCLE('',#1165,1.7);
#1167=EDGE_CURVE('',#824,#884,#1166,.T.);
#1168=ORIENTED_EDGE('',*,*,#1167,.F.);
#1169=ORIENTED_EDGE('',*,*,#846,.F.);
#1170=ORIENTED_EDGE('',*,*,#807,.F.);
#1171=CARTESIAN_POINT('',(46.224525758,-9.,-45.46336529));
#1172=DIRECTION('',(0.,-1.,-0.));
#1173=DIRECTION('',(-0.866025404,0.,-0.5));
#1174=AXIS2_PLACEMENT_3D('',#1171,#1172,#1173);
#1175=CIRCLE('',#1174,2.4);
#1176=EDGE_CURVE('',#784,#1145,#1175,.T.);
#1177=ORIENTED_EDGE('',*,*,#1176,.T.);
#1178=EDGE_LOOP('',(#1153,#1160,#1161,#1168,#1169,#1170,#1177));
#1179=FACE_BOUND('',#1178,.T.);
#1180=ADVANCED_FACE('',(#1143,#1179),#1123,.F.);
#1181=CARTESIAN_POINT('',(48.426191808,0.,-44.07676275));
#1182=DIRECTION('',(0.,-1.,-0.));
#1183=DIRECTION('',(0.5,0.,-0.866025404));
#1184=AXIS2_PLACEMENT_3D('',#1181,#1182,#1183);
#1185=CYLINDRICAL_SURFACE('',#1184,1.);
#1186=CARTESIAN_POINT('',(49.169140753,7.5,-44.746110839));
#1187=VERTEX_POINT('',#1186);
#1188=CARTESIAN_POINT('',(49.169140753,7.5,-44.746110839));
#1189=DIRECTION('',(0.,-1.,-0.));
#1190=VECTOR('',#1189,15.);
#1191=LINE('',#1188,#1190);
#1192=EDGE_CURVE('',#1187,#998,#1191,.T.);
#1193=ORIENTED_EDGE('',*,*,#1192,.T.);
#1194=CARTESIAN_POINT('',(48.926191808,-7.5,-44.942788154));
#1195=VERTEX_POINT('',#1194);
#1196=CARTESIAN_POINT('',(48.426191808,-7.5,-44.07676275));
#1197=DIRECTION('',(-0.,1.,0.));
#1198=DIRECTION('',(-0.866025404,0.,-0.5));
#1199=AXIS2_PLACEMENT_3D('',#1196,#1197,#1198);
#1200=CIRCLE('',#1199,1.);
#1201=EDGE_CURVE('',#998,#1195,#1200,.T.);
#1202=ORIENTED_EDGE('',*,*,#1201,.T.);
#1203=CARTESIAN_POINT('',(48.926191808,7.5,-44.942788154));
#1204=VERTEX_POINT('',#1203);
#1205=CARTESIAN_POINT('',(48.926191808,7.5,-44.942788154));
#1206=DIRECTION('',(0.,-1.,-0.));
#1207=VECTOR('',#1206,15.);
#1208=LINE('',#1205,#1207);
#1209=EDGE_CURVE('',#1204,#1195,#1208,.T.);
#1210=ORIENTED_EDGE('',*,*,#1209,.F.);
#1211=CARTESIAN_POINT('',(48.426191808,7.5,-44.07676275));
#1212=DIRECTION('',(0.,-1.,-0.));
#1213=DIRECTION('',(0.866025404,0.,0.5));
#1214=AXIS2_PLACEMENT_3D('',#1211,#1212,#1213);
#1215=CIRCLE('',#1214,1.);
#1216=EDGE_CURVE('',#1204,#1187,#1215,.T.);
#1217=ORIENTED_EDGE('',*,*,#1216,.T.);
#1218=EDGE_LOOP('',(#1193,#1202,#1210,#1217));
#1219=FACE_BOUND('',#1218,.T.);
#1220=ADVANCED_FACE('',(#1219),#1185,.T.);
#1221=CARTESIAN_POINT('',(49.793949262,0.,-44.441788154));
#1222=DIRECTION('',(0.5,0.,-0.866025404));
#1223=DIRECTION('',(-0.,1.,0.));
#1224=AXIS2_PLACEMENT_3D('',#1221,#1222,#1223);
#1225=PLANE('',#1224);
#1226=ORIENTED_EDGE('',*,*,#1209,.T.);
#1227=CARTESIAN_POINT('',(46.674525758,-7.5,-46.242788154));
#1228=VERTEX_POINT('',#1227);
#1229=CARTESIAN_POINT('',(48.926191808,-7.5,-44.942788154));
#1230=DIRECTION('',(-0.866025404,0.,-0.5));
#1231=VECTOR('',#1230,2.6);
#1232=LINE('',#1229,#1231);
#1233=EDGE_CURVE('',#1195,#1228,#1232,.T.);
#1234=ORIENTED_EDGE('',*,*,#1233,.T.);
#1235=CARTESIAN_POINT('',(46.674525758,7.5,-46.242788154));
#1236=VERTEX_POINT('',#1235);
#1237=CARTESIAN_POINT('',(46.674525758,-7.5,-46.242788154));
#1238=DIRECTION('',(-0.,1.,0.));
#1239=VECTOR('',#1238,15.);
#1240=LINE('',#1237,#1239);
#1241=EDGE_CURVE('',#1228,#1236,#1240,.T.);
#1242=ORIENTED_EDGE('',*,*,#1241,.T.);
#1243=CARTESIAN_POINT('',(46.674525758,7.5,-46.242788154));
#1244=DIRECTION('',(0.866025404,-0.,0.5));
#1245=VECTOR('',#1244,2.6);
#1246=LINE('',#1243,#1245);
#1247=EDGE_CURVE('',#1236,#1204,#1246,.T.);
#1248=ORIENTED_EDGE('',*,*,#1247,.T.);
#1249=EDGE_LOOP('',(#1226,#1234,#1242,#1248));
#1250=FACE_BOUND('',#1249,.T.);
#1251=ADVANCED_FACE('',(#1250),#1225,.T.);
#1252=CARTESIAN_POINT('',(41.829099262,-0.,-30.646263279));
#1253=DIRECTION('',(-0.5,-0.,0.866025404));
#1254=DIRECTION('',(0.,-1.,-0.));
#1255=AXIS2_PLACEMENT_3D('',#1252,#1253,#1254);
#1256=PLANE('',#1255);
#1257=CARTESIAN_POINT('',(40.576181761,9.227938193,-31.369635536));
#1258=VERTEX_POINT('',#1257);
#1259=CARTESIAN_POINT('',(40.961341789,9.499459833,-31.14726329));
#1260=VERTEX_POINT('',#1259);
#1261=CARTESIAN_POINT('',(40.576181784,9.727938193,-31.369635522));
#1262=DIRECTION('',(-0.5,-0.,0.866025404));
#1263=DIRECTION('',(0.,-1.,-0.));
#1264=AXIS2_PLACEMENT_3D('',#1261,#1262,#1263);
#1265=CIRCLE('',#1264,0.5);
#1266=EDGE_CURVE('',#1258,#1260,#1265,.T.);
#1267=ORIENTED_EDGE('',*,*,#1266,.F.);
#1268=CARTESIAN_POINT('',(39.059075624,9.227938193,-32.245537172));
#1269=VERTEX_POINT('',#1268);
#1270=CARTESIAN_POINT('',(39.059075624,9.227938193,-32.245537172));
#1271=DIRECTION('',(0.866025404,-0.,0.5));
#1272=VECTOR('',#1271,1.751803274);
#1273=LINE('',#1270,#1272);
#1274=EDGE_CURVE('',#1269,#1258,#1273,.T.);
#1275=ORIENTED_EDGE('',*,*,#1274,.F.);
#1276=CARTESIAN_POINT('',(38.709675757,9.432597184,-32.447263279));
#1277=VERTEX_POINT('',#1276);
#1278=CARTESIAN_POINT('',(39.059075624,9.727938193,-32.245537172));
#1279=DIRECTION('',(-0.5,-0.,0.866025404));
#1280=DIRECTION('',(0.,-1.,-0.));
#1281=AXIS2_PLACEMENT_3D('',#1278,#1279,#1280);
#1282=CIRCLE('',#1281,0.5);
#1283=EDGE_CURVE('',#1277,#1269,#1282,.T.);
#1284=ORIENTED_EDGE('',*,*,#1283,.F.);
#1285=CARTESIAN_POINT('',(38.709675758,-7.927926282,-32.447263279));
#1286=VERTEX_POINT('',#1285);
#1287=CARTESIAN_POINT('',(38.709675758,9.432597184,-32.447263279));
#1288=DIRECTION('',(0.,-1.,-0.));
#1289=VECTOR('',#1288,17.360523466);
#1290=LINE('',#1287,#1289);
#1291=EDGE_CURVE('',#1277,#1286,#1290,.T.);
#1292=ORIENTED_EDGE('',*,*,#1291,.T.);
#1293=CARTESIAN_POINT('',(39.489098626,-8.227926275,-31.997263276));
#1294=VERTEX_POINT('',#1293);
#1295=CARTESIAN_POINT('',(39.056085924,-8.227926275,-32.247263276));
#1296=DIRECTION('',(-0.5,-0.,0.866025404));
#1297=DIRECTION('',(0.,-1.,-0.));
#1298=AXIS2_PLACEMENT_3D('',#1295,#1296,#1297);
#1299=CIRCLE('',#1298,0.5);
#1300=EDGE_CURVE('',#1294,#1286,#1299,.T.);
#1301=ORIENTED_EDGE('',*,*,#1300,.F.);
#1302=CARTESIAN_POINT('',(39.489098626,-11.227926275,-31.997263276));
#1303=VERTEX_POINT('',#1302);
#1304=CARTESIAN_POINT('',(39.489098626,-8.227926275,-31.997263276));
#1305=DIRECTION('',(0.,-1.,-0.));
#1306=VECTOR('',#1305,3.);
#1307=LINE('',#1304,#1306);
#1308=EDGE_CURVE('',#1294,#1303,#1307,.T.);
#1309=ORIENTED_EDGE('',*,*,#1308,.T.);
#1310=CARTESIAN_POINT('',(39.056085924,-11.727926275,-32.247263276));
#1311=VERTEX_POINT('',#1310);
#1312=CARTESIAN_POINT('',(39.056085924,-11.227926275,-32.247263276));
#1313=DIRECTION('',(-0.5,-0.,0.866025404));
#1314=DIRECTION('',(0.,-1.,-0.));
#1315=AXIS2_PLACEMENT_3D('',#1312,#1313,#1314);
#1316=CIRCLE('',#1315,0.5);
#1317=EDGE_CURVE('',#1311,#1303,#1316,.T.);
#1318=ORIENTED_EDGE('',*,*,#1317,.F.);
#1319=CARTESIAN_POINT('',(38.709675758,-11.527926268,-32.447263279));
#1320=VERTEX_POINT('',#1319);
#1321=CARTESIAN_POINT('',(39.056085924,-11.227926275,-32.247263276));
#1322=DIRECTION('',(-0.5,-0.,0.866025404));
#1323=DIRECTION('',(0.,-1.,-0.));
#1324=AXIS2_PLACEMENT_3D('',#1321,#1322,#1323);
#1325=CIRCLE('',#1324,0.5);
#1326=EDGE_CURVE('',#1320,#1311,#1325,.T.);
#1327=ORIENTED_EDGE('',*,*,#1326,.F.);
#1328=CARTESIAN_POINT('',(38.709675758,-14.9,-32.447263279));
#1329=VERTEX_POINT('',#1328);
#1330=CARTESIAN_POINT('',(38.709675758,-11.527926268,-32.447263279));
#1331=DIRECTION('',(0.,-1.,-0.));
#1332=VECTOR('',#1331,3.372073732);
#1333=LINE('',#1330,#1332);
#1334=EDGE_CURVE('',#1320,#1329,#1333,.T.);
#1335=ORIENTED_EDGE('',*,*,#1334,.T.);
#1336=CARTESIAN_POINT('',(40.961341808,-14.9,-31.147263279));
#1337=VERTEX_POINT('',#1336);
#1338=CARTESIAN_POINT('',(40.961341808,-14.9,-31.147263279));
#1339=DIRECTION('',(-0.866025404,0.,-0.5));
#1340=VECTOR('',#1339,2.6);
#1341=LINE('',#1338,#1340);
#1342=EDGE_CURVE('',#1337,#1329,#1341,.T.);
#1343=ORIENTED_EDGE('',*,*,#1342,.F.);
#1344=CARTESIAN_POINT('',(40.961341808,-14.9,-31.147263279));
#1345=DIRECTION('',(-0.,1.,0.));
#1346=VECTOR('',#1345,24.399459833);
#1347=LINE('',#1344,#1346);
#1348=EDGE_CURVE('',#1337,#1260,#1347,.T.);
#1349=ORIENTED_EDGE('',*,*,#1348,.T.);
#1350=EDGE_LOOP('',(#1267,#1275,#1284,#1292,#1301,#1309,#1318,#1327,#1335,#1343,#1349));
#1351=FACE_BOUND('',#1350,.T.);
#1352=ADVANCED_FACE('',(#1351),#1256,.T.);
#1353=CARTESIAN_POINT('',(49.795354823,0.,-45.830745425));
#1354=DIRECTION('',(0.866025404,-0.,0.5));
#1355=DIRECTION('',(-0.5,-0.,0.866025404));
#1356=AXIS2_PLACEMENT_3D('',#1353,#1354,#1355);
#1357=PLANE('',#1356);
#1358=CARTESIAN_POINT('',(49.169076738,-14.929726802,-44.745999962));
#1359=VERTEX_POINT('',#1358);
#1360=CARTESIAN_POINT('',(47.443567291,-18.351146922,-41.757329933));
#1361=VERTEX_POINT('',#1360);
#1362=CARTESIAN_POINT('',(47.443567291,-14.9,-41.757329933));
#1363=DIRECTION('',(-0.866025404,0.,-0.5));
#1364=DIRECTION('',(0.5,0.,-0.866025404));
#1365=AXIS2_PLACEMENT_3D('',#1362,#1363,#1364);
#1366=CIRCLE('',#1365,3.451146922);
#1367=EDGE_CURVE('',#1359,#1361,#1366,.T.);
#1368=ORIENTED_EDGE('',*,*,#1367,.F.);
#1369=CARTESIAN_POINT('',(49.1690812,-14.9,-44.746007691));
#1370=VERTEX_POINT('',#1369);
#1371=CARTESIAN_POINT('',(49.169076738,-14.929726802,-44.745999962));
#1372=CARTESIAN_POINT('',(49.169079758,-14.919818006,-44.746005192));
#1373=CARTESIAN_POINT('',(49.1690812,-14.909909068,-44.746007691));
#1374=CARTESIAN_POINT('',(49.1690812,-14.9,-44.746007691));
#1375=B_SPLINE_CURVE_WITH_KNOTS('',3,(#1371,#1372,#1373,#1374),.UNSPECIFIED.,.F.,.F.,(4,4),(0.,0.000029697),.UNSPECIFIED.);
#1376=EDGE_CURVE('',#1359,#1370,#1375,.T.);
#1377=ORIENTED_EDGE('',*,*,#1376,.T.);
#1378=CARTESIAN_POINT('',(49.1690812,-14.9,-44.746007691));
#1379=CARTESIAN_POINT('',(49.1690812,-14.834122344,-44.746007691));
#1380=CARTESIAN_POINT('',(49.169140753,-14.768245179,-44.746110839));
#1381=CARTESIAN_POINT('',(49.169140753,-14.702367523,-44.746110839));
#1382=B_SPLINE_CURVE_WITH_KNOTS('',3,(#1378,#1379,#1380,#1381),.UNSPECIFIED.,.F.,.F.,(4,4),(0.,0.000197631),.UNSPECIFIED.);
#1383=EDGE_CURVE('',#1370,#996,#1382,.T.);
#1384=ORIENTED_EDGE('',*,*,#1383,.T.);
#1385=ORIENTED_EDGE('',*,*,#1003,.T.);
#1386=ORIENTED_EDGE('',*,*,#1192,.F.);
#1387=CARTESIAN_POINT('',(49.169140753,14.702367523,-44.746110839));
#1388=VERTEX_POINT('',#1387);
#1389=CARTESIAN_POINT('',(49.169140753,14.702367523,-44.746110839));
#1390=DIRECTION('',(0.,-1.,0.));
#1391=VECTOR('',#1390,7.202367523);
#1392=LINE('',#1389,#1391);
#1393=EDGE_CURVE('',#1388,#1187,#1392,.T.);
#1394=ORIENTED_EDGE('',*,*,#1393,.F.);
#1395=CARTESIAN_POINT('',(49.1690812,14.9,-44.746007691));
#1396=VERTEX_POINT('',#1395);
#1397=CARTESIAN_POINT('',(49.169140753,14.702367523,-44.746110839));
#1398=CARTESIAN_POINT('',(49.169140753,14.76824519,-44.746110839));
#1399=CARTESIAN_POINT('',(49.1690812,14.834122333,-44.746007691));
#1400=CARTESIAN_POINT('',(49.1690812,14.9,-44.746007691));
#1401=B_SPLINE_CURVE_WITH_KNOTS('',3,(#1397,#1398,#1399,#1400),.UNSPECIFIED.,.F.,.F.,(4,4),(0.,0.000197631),.UNSPECIFIED.);
#1402=EDGE_CURVE('',#1388,#1396,#1401,.T.);
#1403=ORIENTED_EDGE('',*,*,#1402,.T.);
#1404=CARTESIAN_POINT('',(49.169076738,14.929726799,-44.745999962));
#1405=VERTEX_POINT('',#1404);
#1406=CARTESIAN_POINT('',(49.1690812,14.9,-44.746007691));
#1407=CARTESIAN_POINT('',(49.1690812,14.909909067,-44.746007691));
#1408=CARTESIAN_POINT('',(49.169079755,14.919818004,-44.746005188));
#1409=CARTESIAN_POINT('',(49.169076738,14.929726799,-44.745999962));
#1410=B_SPLINE_CURVE_WITH_KNOTS('',3,(#1406,#1407,#1408,#1409),.UNSPECIFIED.,.F.,.F.,(4,4),(0.,0.000029697),.UNSPECIFIED.);
#1411=EDGE_CURVE('',#1396,#1405,#1410,.T.);
#1412=ORIENTED_EDGE('',*,*,#1411,.T.);
#1413=CARTESIAN_POINT('',(47.443567291,18.351146922,-41.757329933));
#1414=VERTEX_POINT('',#1413);
#1415=CARTESIAN_POINT('',(47.443567291,14.9,-41.757329933));
#1416=DIRECTION('',(-0.866025404,0.,-0.5));
#1417=DIRECTION('',(0.5,0.,-0.866025404));
#1418=AXIS2_PLACEMENT_3D('',#1415,#1416,#1417);
#1419=CIRCLE('',#1418,3.451146922);
#1420=EDGE_CURVE('',#1414,#1405,#1419,.T.);
#1421=ORIENTED_EDGE('',*,*,#1420,.F.);
#1422=CARTESIAN_POINT('',(42.978717291,18.351146923,-34.023982885));
#1423=VERTEX_POINT('',#1422);
#1424=CARTESIAN_POINT('',(42.978717291,18.351146923,-34.023982885));
#1425=CARTESIAN_POINT('',(44.467000624,18.351146922,-36.601765234));
#1426=CARTESIAN_POINT('',(45.955283958,18.351146922,-39.179547584));
#1427=CARTESIAN_POINT('',(47.443567291,18.351146922,-41.757329933));
#1428=B_SPLINE_CURVE_WITH_KNOTS('',3,(#1424,#1425,#1426,#1427),.UNSPECIFIED.,.F.,.F.,(4,4),(0.008985718,0.017915418),.UNSPECIFIED.);
#1429=EDGE_CURVE('',#1423,#1414,#1428,.T.);
#1430=ORIENTED_EDGE('',*,*,#1429,.F.);
#1431=CARTESIAN_POINT('',(41.253143829,14.9,-31.035201978));
#1432=VERTEX_POINT('',#1431);
#1433=CARTESIAN_POINT('',(42.978717291,14.9,-34.023982885));
#1434=DIRECTION('',(-0.866025404,0.,-0.5));
#1435=DIRECTION('',(0.5,0.,-0.866025404));
#1436=AXIS2_PLACEMENT_3D('',#1433,#1434,#1435);
#1437=CIRCLE('',#1436,3.451146923);
#1438=EDGE_CURVE('',#1432,#1423,#1437,.T.);
#1439=ORIENTED_EDGE('',*,*,#1438,.F.);
#1440=CARTESIAN_POINT('',(41.253143829,-14.9,-31.035201978));
#1441=VERTEX_POINT('',#1440);
#1442=CARTESIAN_POINT('',(41.253143829,-14.9,-31.035201978));
#1443=DIRECTION('',(-0.,1.,0.));
#1444=VECTOR('',#1443,29.8);
#1445=LINE('',#1442,#1444);
#1446=EDGE_CURVE('',#1441,#1432,#1445,.T.);
#1447=ORIENTED_EDGE('',*,*,#1446,.F.);
#1448=CARTESIAN_POINT('',(42.978717291,-18.351146923,-34.023982885));
#1449=VERTEX_POINT('',#1448);
#1450=CARTESIAN_POINT('',(42.978717291,-14.9,-34.023982885));
#1451=DIRECTION('',(-0.866025404,0.,-0.5));
#1452=DIRECTION('',(0.5,0.,-0.866025404));
#1453=AXIS2_PLACEMENT_3D('',#1450,#1451,#1452);
#1454=CIRCLE('',#1453,3.451146923);
#1455=EDGE_CURVE('',#1449,#1441,#1454,.T.);
#1456=ORIENTED_EDGE('',*,*,#1455,.F.);
#1457=CARTESIAN_POINT('',(47.443567291,-18.351146922,-41.757329933));
#1458=CARTESIAN_POINT('',(45.955283958,-18.351146922,-39.179547584));
#1459=CARTESIAN_POINT('',(44.467000624,-18.351146922,-36.601765234));
#1460=CARTESIAN_POINT('',(42.978717291,-18.351146923,-34.023982885));
#1461=B_SPLINE_CURVE_WITH_KNOTS('',3,(#1457,#1458,#1459,#1460),.UNSPECIFIED.,.F.,.F.,(4,4),(0.008985718,0.017915418),.UNSPECIFIED.);
#1462=EDGE_CURVE('',#1361,#1449,#1461,.T.);
#1463=ORIENTED_EDGE('',*,*,#1462,.F.);
#1464=EDGE_LOOP('',(#1368,#1377,#1384,#1385,#1386,#1394,#1403,#1412,#1421,#1430,#1439,#1447,#1456,#1463));
#1465=FACE_BOUND('',#1464,.T.);
#1466=ORIENTED_EDGE('',*,*,#241,.T.);
#1467=CARTESIAN_POINT('',(41.774931186,14.21844831,-31.938964192));
#1468=VERTEX_POINT('',#1467);
#1469=CARTESIAN_POINT('',(41.111970187,15.579304973,-30.790682058));
#1470=DIRECTION('',(0.866025404,-0.,0.5));
#1471=DIRECTION('',(0.5,0.,-0.866025404));
#1472=AXIS2_PLACEMENT_3D('',#1469,#1470,#1471);
#1473=CIRCLE('',#1472,1.9);
#1474=EDGE_CURVE('',#226,#1468,#1473,.T.);
#1475=ORIENTED_EDGE('',*,*,#1474,.T.);
#1476=CARTESIAN_POINT('',(41.75314382,14.4,-31.901227387));
#1477=VERTEX_POINT('',#1476);
#1478=CARTESIAN_POINT('',(41.953143829,14.4,-32.247637543));
#1479=DIRECTION('',(-0.866025404,0.,-0.5));
#1480=DIRECTION('',(0.5,0.,-0.866025404));
#1481=AXIS2_PLACEMENT_3D('',#1478,#1479,#1480);
#1482=CIRCLE('',#1481,0.4);
#1483=EDGE_CURVE('',#1468,#1477,#1482,.T.);
#1484=ORIENTED_EDGE('',*,*,#1483,.T.);
#1485=CARTESIAN_POINT('',(41.75314382,14.9,-31.901227387));
#1486=VERTEX_POINT('',#1485);
#1487=CARTESIAN_POINT('',(41.75314382,14.9,-31.901227387));
#1488=DIRECTION('',(-0.,-1.,0.));
#1489=VECTOR('',#1488,0.5);
#1490=LINE('',#1487,#1489);
#1491=EDGE_CURVE('',#1486,#1477,#1490,.T.);
#1492=ORIENTED_EDGE('',*,*,#1491,.F.);
#1493=CARTESIAN_POINT('',(42.978717291,17.351146923,-34.023982885));
#1494=VERTEX_POINT('',#1493);
#1495=CARTESIAN_POINT('',(42.978717281,14.9,-34.023982891));
#1496=DIRECTION('',(0.866025404,0.,0.5));
#1497=DIRECTION('',(0.5,0.,-0.866025404));
#1498=AXIS2_PLACEMENT_3D('',#1495,#1496,#1497);
#1499=CIRCLE('',#1498,2.451146923);
#1500=EDGE_CURVE('',#1494,#1486,#1499,.T.);
#1501=ORIENTED_EDGE('',*,*,#1500,.F.);
#1502=CARTESIAN_POINT('',(47.44356728,17.351146922,-41.757329939));
#1503=VERTEX_POINT('',#1502);
#1504=CARTESIAN_POINT('',(47.44356728,17.351146922,-41.757329939));
#1505=DIRECTION('',(-0.5,0.,0.866025404));
#1506=VECTOR('',#1505,8.9297);
#1507=LINE('',#1504,#1506);
#1508=EDGE_CURVE('',#1503,#1494,#1507,.T.);
#1509=ORIENTED_EDGE('',*,*,#1508,.F.);
#1510=CARTESIAN_POINT('',(47.44356728,14.9,-41.757329939));
#1511=DIRECTION('',(0.866025404,0.,0.5));
#1512=DIRECTION('',(0.5,0.,-0.866025404));
#1513=AXIS2_PLACEMENT_3D('',#1510,#1511,#1512);
#1514=CIRCLE('',#1513,2.451146922);
#1515=EDGE_CURVE('',#51,#1503,#1514,.T.);
#1516=ORIENTED_EDGE('',*,*,#1515,.F.);
#1517=ORIENTED_EDGE('',*,*,#56,.F.);
#1518=ORIENTED_EDGE('',*,*,#94,.T.);
#1519=ORIENTED_EDGE('',*,*,#204,.T.);
#1520=CARTESIAN_POINT('',(48.977354792,10.227938193,-44.413927811));
#1521=VERTEX_POINT('',#1520);
#1522=CARTESIAN_POINT('',(48.977354792,10.227938193,-44.413927811));
#1523=DIRECTION('',(0.003085235,0.999980962,-0.005343784));
#1524=VECTOR('',#1523,3.159924644);
#1525=LINE('',#1522,#1524);
#1526=EDGE_CURVE('',#1521,#192,#1525,.T.);
#1527=ORIENTED_EDGE('',*,*,#1526,.F.);
#1528=CARTESIAN_POINT('',(48.977354792,9.227938193,-44.413927811));
#1529=VERTEX_POINT('',#1528);
#1530=CARTESIAN_POINT('',(48.977354792,9.227938193,-44.413927811));
#1531=DIRECTION('',(0.,1.,-0.));
#1532=VECTOR('',#1531,1.);
#1533=LINE('',#1530,#1532);
#1534=EDGE_CURVE('',#1529,#1521,#1533,.T.);
#1535=ORIENTED_EDGE('',*,*,#1534,.F.);
#1536=CARTESIAN_POINT('',(48.561142292,9.227938193,-43.693026614));
#1537=VERTEX_POINT('',#1536);
#1538=CARTESIAN_POINT('',(48.561142292,9.227938193,-43.693026614));
#1539=DIRECTION('',(0.5,0.,-0.866025404));
#1540=VECTOR('',#1539,0.832425);
#1541=LINE('',#1538,#1540);
#1542=EDGE_CURVE('',#1537,#1529,#1541,.T.);
#1543=ORIENTED_EDGE('',*,*,#1542,.F.);
#1544=CARTESIAN_POINT('',(48.561142292,-14.044834029,-43.693026614));
#1545=VERTEX_POINT('',#1544);
#1546=CARTESIAN_POINT('',(48.561142292,-14.044834029,-43.693026614));
#1547=DIRECTION('',(0.,1.,0.));
#1548=VECTOR('',#1547,23.272772222);
#1549=LINE('',#1546,#1548);
#1550=EDGE_CURVE('',#1545,#1537,#1549,.T.);
#1551=ORIENTED_EDGE('',*,*,#1550,.F.);
#1552=CARTESIAN_POINT('',(48.669140741,-14.4,-43.880085442));
#1553=VERTEX_POINT('',#1552);
#1554=CARTESIAN_POINT('',(48.469140753,-14.4,-43.533675274));
#1555=DIRECTION('',(-0.866025404,0.,-0.5));
#1556=DIRECTION('',(0.5,0.,-0.866025404));
#1557=AXIS2_PLACEMENT_3D('',#1554,#1555,#1556);
#1558=CIRCLE('',#1557,0.4);
#1559=EDGE_CURVE('',#1545,#1553,#1558,.T.);
#1560=ORIENTED_EDGE('',*,*,#1559,.T.);
#1561=CARTESIAN_POINT('',(48.669140741,-14.9,-43.880085442));
#1562=VERTEX_POINT('',#1561);
#1563=CARTESIAN_POINT('',(48.669140741,-14.9,-43.880085442));
#1564=DIRECTION('',(0.,1.,-0.));
#1565=VECTOR('',#1564,0.5);
#1566=LINE('',#1563,#1565);
#1567=EDGE_CURVE('',#1562,#1553,#1566,.T.);
#1568=ORIENTED_EDGE('',*,*,#1567,.F.);
#1569=CARTESIAN_POINT('',(47.443567291,-17.351146922,-41.757329933));
#1570=VERTEX_POINT('',#1569);
#1571=CARTESIAN_POINT('',(47.44356728,-14.9,-41.757329939));
#1572=DIRECTION('',(0.866025404,0.,0.5));
#1573=DIRECTION('',(0.5,0.,-0.866025404));
#1574=AXIS2_PLACEMENT_3D('',#1571,#1572,#1573);
#1575=CIRCLE('',#1574,2.451146922);
#1576=EDGE_CURVE('',#1570,#1562,#1575,.T.);
#1577=ORIENTED_EDGE('',*,*,#1576,.F.);
#1578=CARTESIAN_POINT('',(42.978717281,-17.351146923,-34.023982891));
#1579=VERTEX_POINT('',#1578);
#1580=CARTESIAN_POINT('',(42.978717281,-17.351146923,-34.023982891));
#1581=DIRECTION('',(0.5,0.,-0.866025404));
#1582=VECTOR('',#1581,8.9297);
#1583=LINE('',#1580,#1582);
#1584=EDGE_CURVE('',#1579,#1570,#1583,.T.);
#1585=ORIENTED_EDGE('',*,*,#1584,.F.);
#1586=CARTESIAN_POINT('',(42.978717281,-14.9,-34.023982891));
#1587=DIRECTION('',(0.866025404,0.,0.5));
#1588=DIRECTION('',(0.5,0.,-0.866025404));
#1589=AXIS2_PLACEMENT_3D('',#1586,#1587,#1588);
#1590=CIRCLE('',#1589,2.451146923);
#1591=EDGE_CURVE('',#361,#1579,#1590,.T.);
#1592=ORIENTED_EDGE('',*,*,#1591,.F.);
#1593=ORIENTED_EDGE('',*,*,#367,.F.);
#1594=CARTESIAN_POINT('',(41.40314382,-8.417085318,-31.295009604));
#1595=VERTEX_POINT('',#1594);
#1596=CARTESIAN_POINT('',(41.40314382,-14.182699176,-31.295009604));
#1597=DIRECTION('',(0.,1.,-0.));
#1598=VECTOR('',#1597,5.765613858);
#1599=LINE('',#1596,#1598);
#1600=EDGE_CURVE('',#353,#1595,#1599,.T.);
#1601=ORIENTED_EDGE('',*,*,#1600,.T.);
#1602=CARTESIAN_POINT('',(41.614778515,-8.236869561,-31.661571648));
#1603=VERTEX_POINT('',#1602);
#1604=CARTESIAN_POINT('',(41.528143829,-8.417085318,-31.51151595));
#1605=DIRECTION('',(-0.866025404,0.,-0.5));
#1606=DIRECTION('',(0.5,0.,-0.866025404));
#1607=AXIS2_PLACEMENT_3D('',#1604,#1605,#1606);
#1608=CIRCLE('',#1607,0.25);
#1609=EDGE_CURVE('',#1595,#1603,#1608,.T.);
#1610=ORIENTED_EDGE('',*,*,#1609,.T.);
#1611=CARTESIAN_POINT('',(41.830935373,-8.763079024,-32.035966309));
#1612=VERTEX_POINT('',#1611);
#1613=CARTESIAN_POINT('',(40.606461291,-10.334350861,-29.915114986));
#1614=DIRECTION('',(0.866025404,0.,0.5));
#1615=DIRECTION('',(0.5,0.,-0.866025404));
#1616=AXIS2_PLACEMENT_3D('',#1613,#1614,#1615);
#1617=CIRCLE('',#1616,2.90968079);
#1618=EDGE_CURVE('',#1612,#1603,#1617,.T.);
#1619=ORIENTED_EDGE('',*,*,#1618,.F.);
#1620=CARTESIAN_POINT('',(41.936142281,-8.628075225,-32.21819002));
#1621=DIRECTION('',(0.866025404,-0.,0.5));
#1622=DIRECTION('',(0.5,0.,-0.866025404));
#1623=AXIS2_PLACEMENT_3D('',#1620,#1621,#1622);
#1624=CIRCLE('',#1623,0.25);
#1625=EDGE_CURVE('',#1612,#522,#1624,.T.);
#1626=ORIENTED_EDGE('',*,*,#1625,.T.);
#1627=ORIENTED_EDGE('',*,*,#527,.T.);
#1628=CARTESIAN_POINT('',(41.830935373,8.763079024,-32.035966309));
#1629=VERTEX_POINT('',#1628);
#1630=CARTESIAN_POINT('',(41.93614229,8.628075225,-32.218190015));
#1631=DIRECTION('',(0.866025404,-0.,0.5));
#1632=DIRECTION('',(0.5,0.,-0.866025404));
#1633=AXIS2_PLACEMENT_3D('',#1630,#1631,#1632);
#1634=CIRCLE('',#1633,0.25);
#1635=EDGE_CURVE('',#513,#1629,#1634,.T.);
#1636=ORIENTED_EDGE('',*,*,#1635,.T.);
#1637=CARTESIAN_POINT('',(41.614778515,8.236869561,-31.661571648));
#1638=VERTEX_POINT('',#1637);
#1639=CARTESIAN_POINT('',(40.606461291,10.334350861,-29.915114986));
#1640=DIRECTION('',(-0.866025404,0.,-0.5));
#1641=DIRECTION('',(0.5,0.,-0.866025404));
#1642=AXIS2_PLACEMENT_3D('',#1639,#1640,#1641);
#1643=CIRCLE('',#1642,2.90968079);
#1644=EDGE_CURVE('',#1629,#1638,#1643,.T.);
#1645=ORIENTED_EDGE('',*,*,#1644,.T.);
#1646=CARTESIAN_POINT('',(41.40314382,8.417085318,-31.295009604));
#1647=VERTEX_POINT('',#1646);
#1648=CARTESIAN_POINT('',(41.528143829,8.417085318,-31.51151595));
#1649=DIRECTION('',(-0.866025404,0.,-0.5));
#1650=DIRECTION('',(0.5,0.,-0.866025404));
#1651=AXIS2_PLACEMENT_3D('',#1648,#1649,#1650);
#1652=CIRCLE('',#1651,0.25);
#1653=EDGE_CURVE('',#1638,#1647,#1652,.T.);
#1654=ORIENTED_EDGE('',*,*,#1653,.T.);
#1655=CARTESIAN_POINT('',(41.40314382,12.982699176,-31.295009604));
#1656=DIRECTION('',(0.,-1.,-0.));
#1657=VECTOR('',#1656,4.565613858);
#1658=LINE('',#1655,#1657);
#1659=EDGE_CURVE('',#235,#1647,#1658,.T.);
#1660=ORIENTED_EDGE('',*,*,#1659,.F.);
#1661=EDGE_LOOP('',(#1466,#1475,#1484,#1492,#1501,#1509,#1516,#1517,#1518,#1519,#1527,#1535,#1543,#1551,#1560,#1568,#1577,#1585,#1592,#1593,#1601,#1610,#1619,#1626,#1627,#1636,
#1645,#1654,#1660));
#1662=FACE_BOUND('',#1661,.T.);
#1663=ADVANCED_FACE('',(#1465,#1662),#1357,.T.);
#1664=CARTESIAN_POINT('',(39.159675758,0.,-33.226686142));
#1665=DIRECTION('',(-0.,1.,0.));
#1666=DIRECTION('',(-0.5,-0.,0.866025404));
#1667=AXIS2_PLACEMENT_3D('',#1664,#1665,#1666);
#1668=CYLINDRICAL_SURFACE('',#1667,0.9);
#1669=ORIENTED_EDGE('',*,*,#1334,.F.);
#1670=CARTESIAN_POINT('',(38.625859626,-11.227926275,-32.50208947));
#1671=VERTEX_POINT('',#1670);
#1672=CARTESIAN_POINT('',(38.709675758,-11.527926268,-32.447263279));
#1673=CARTESIAN_POINT('',(38.681672295,-11.484812115,-32.463431086));
#1674=CARTESIAN_POINT('',(38.660904326,-11.436657308,-32.477341644));
#1675=CARTESIAN_POINT('',(38.646906336,-11.385604114,-32.487046014));
#1676=CARTESIAN_POINT('',(38.632908345,-11.334550921,-32.496750384));
#1677=CARTESIAN_POINT('',(38.625859626,-11.281834728,-32.50208947));
#1678=CARTESIAN_POINT('',(38.625859626,-11.227926275,-32.50208947));
#1679=B_SPLINE_CURVE_WITH_KNOTS('',3,(#1672,#1673,#1674,#1675,#1676,#1677,#1678),.UNSPECIFIED.,.F.,.F.,(4,3,4),(0.,0.000161059,0.000322117),.UNSPECIFIED.);
#1680=EDGE_CURVE('',#1320,#1671,#1679,.T.);
#1681=ORIENTED_EDGE('',*,*,#1680,.T.);
#1682=CARTESIAN_POINT('',(38.625859626,-8.227926275,-32.50208947));
#1683=VERTEX_POINT('',#1682);
#1684=CARTESIAN_POINT('',(38.625859626,-11.227926275,-32.50208947));
#1685=DIRECTION('',(-0.,1.,0.));
#1686=VECTOR('',#1685,3.);
#1687=LINE('',#1684,#1686);
#1688=EDGE_CURVE('',#1671,#1683,#1687,.T.);
#1689=ORIENTED_EDGE('',*,*,#1688,.T.);
#1690=CARTESIAN_POINT('',(38.625859626,-8.227926275,-32.50208947));
#1691=CARTESIAN_POINT('',(38.625859626,-8.174035671,-32.50208947));
#1692=CARTESIAN_POINT('',(38.633044619,-8.120536876,-32.496650233));
#1693=CARTESIAN_POINT('',(38.647109475,-8.069509503,-32.486905225));
#1694=CARTESIAN_POINT('',(38.661174331,-8.01848213,-32.477160217));
#1695=CARTESIAN_POINT('',(38.681661896,-7.971056446,-32.46343709));
#1696=CARTESIAN_POINT('',(38.709675758,-7.927926282,-32.447263279));
#1697=B_SPLINE_CURVE_WITH_KNOTS('',3,(#1690,#1691,#1692,#1693,#1694,#1695,#1696),.UNSPECIFIED.,.F.,.F.,(4,3,4),(0.,0.000161059,0.000322119),.UNSPECIFIED.);
#1698=EDGE_CURVE('',#1683,#1286,#1697,.T.);
#1699=ORIENTED_EDGE('',*,*,#1698,.T.);
#1700=ORIENTED_EDGE('',*,*,#1291,.F.);
#1701=CARTESIAN_POINT('',(38.709675757,10.023279202,-32.447263279));
#1702=VERTEX_POINT('',#1701);
#1703=CARTESIAN_POINT('',(38.709675757,10.023279202,-32.447263279));
#1704=DIRECTION('',(0.,-1.,-0.));
#1705=VECTOR('',#1704,0.590682018);
#1706=LINE('',#1703,#1705);
#1707=EDGE_CURVE('',#1702,#1277,#1706,.T.);
#1708=ORIENTED_EDGE('',*,*,#1707,.F.);
#1709=CARTESIAN_POINT('',(38.709675758,14.9,-32.447263279));
#1710=VERTEX_POINT('',#1709);
#1711=CARTESIAN_POINT('',(38.709675758,14.9,-32.447263279));
#1712=DIRECTION('',(0.,-1.,-0.));
#1713=VECTOR('',#1712,4.876720798);
#1714=LINE('',#1711,#1713);
#1715=EDGE_CURVE('',#1710,#1702,#1714,.T.);
#1716=ORIENTED_EDGE('',*,*,#1715,.F.);
#1717=CARTESIAN_POINT('',(38.380252894,14.9,-33.676686142));
#1718=VERTEX_POINT('',#1717);
#1719=CARTESIAN_POINT('',(39.159675758,14.9,-33.226686142));
#1720=DIRECTION('',(-0.,1.,0.));
#1721=DIRECTION('',(-0.5,-0.,0.866025404));
#1722=AXIS2_PLACEMENT_3D('',#1719,#1720,#1721);
#1723=CIRCLE('',#1722,0.9);
#1724=EDGE_CURVE('',#1718,#1710,#1723,.T.);
#1725=ORIENTED_EDGE('',*,*,#1724,.F.);
#1726=CARTESIAN_POINT('',(38.380252894,-14.9,-33.676686142));
#1727=VERTEX_POINT('',#1726);
#1728=CARTESIAN_POINT('',(38.380252894,-14.9,-33.676686142));
#1729=DIRECTION('',(-0.,1.,0.));
#1730=VECTOR('',#1729,29.8);
#1731=LINE('',#1728,#1730);
#1732=EDGE_CURVE('',#1727,#1718,#1731,.T.);
#1733=ORIENTED_EDGE('',*,*,#1732,.F.);
#1734=CARTESIAN_POINT('',(39.159675758,-14.9,-33.226686142));
#1735=DIRECTION('',(0.,-1.,-0.));
#1736=DIRECTION('',(-0.866025404,0.,-0.5));
#1737=AXIS2_PLACEMENT_3D('',#1734,#1735,#1736);
#1738=CIRCLE('',#1737,0.9);
#1739=EDGE_CURVE('',#1329,#1727,#1738,.T.);
#1740=ORIENTED_EDGE('',*,*,#1739,.F.);
#1741=EDGE_LOOP('',(#1669,#1681,#1689,#1699,#1700,#1708,#1716,#1725,#1733,#1740));
#1742=FACE_BOUND('',#1741,.T.);
#1743=ADVANCED_FACE('',(#1742),#1668,.T.);
#1744=CARTESIAN_POINT('',(37.999085181,-10.334350861,-31.420484285));
#1745=DIRECTION('',(0.866025404,0.,0.5));
#1746=DIRECTION('',(0.5,0.,-0.866025404));
#1747=AXIS2_PLACEMENT_3D('',#1744,#1745,#1746);
#1748=CYLINDRICAL_SURFACE('',#1747,2.90968079);
#1749=CARTESIAN_POINT('',(40.091316717,-8.763079024,-33.040335608));
#1750=VERTEX_POINT('',#1749);
#1751=CARTESIAN_POINT('',(39.875159859,-8.236869561,-32.665940947));
#1752=VERTEX_POINT('',#1751);
#1753=CARTESIAN_POINT('',(38.866842635,-10.334350861,-30.919484285));
#1754=DIRECTION('',(0.866025404,0.,0.5));
#1755=DIRECTION('',(-0.,1.,-0.));
#1756=AXIS2_PLACEMENT_3D('',#1753,#1754,#1755);
#1757=CIRCLE('',#1756,2.90968079);
#1758=EDGE_CURVE('',#1750,#1752,#1757,.T.);
#1759=ORIENTED_EDGE('',*,*,#1758,.F.);
#1760=CARTESIAN_POINT('',(40.091316717,-8.763079024,-33.040335608));
#1761=CARTESIAN_POINT('',(40.671189603,-8.763079024,-32.705545842));
#1762=CARTESIAN_POINT('',(41.251062488,-8.763079024,-32.370756075));
#1763=CARTESIAN_POINT('',(41.830935373,-8.763079024,-32.035966309));
#1764=B_SPLINE_CURVE_WITH_KNOTS('',3,(#1760,#1761,#1762,#1763),.UNSPECIFIED.,.F.,.F.,(4,4),(0.005814992,0.007823731),.UNSPECIFIED.);
#1765=EDGE_CURVE('',#1750,#1612,#1764,.T.);
#1766=ORIENTED_EDGE('',*,*,#1765,.T.);
#1767=ORIENTED_EDGE('',*,*,#1618,.T.);
#1768=CARTESIAN_POINT('',(41.614778515,-8.236869561,-31.661571648));
#1769=DIRECTION('',(-0.866025404,-0.,-0.5));
#1770=VECTOR('',#1769,2.008738598);
#1771=LINE('',#1768,#1770);
#1772=EDGE_CURVE('',#1603,#1752,#1771,.T.);
#1773=ORIENTED_EDGE('',*,*,#1772,.T.);
#1774=EDGE_LOOP('',(#1759,#1766,#1767,#1773));
#1775=FACE_BOUND('',#1774,.T.);
#1776=ADVANCED_FACE('',(#1775),#1748,.F.);
#1777=CARTESIAN_POINT('',(38.79576771,-9.813822865,-32.800378903));
#1778=DIRECTION('',(0.5,-0.,-0.866025404));
#1779=DIRECTION('',(-0.866025404,0.,-0.5));
#1780=AXIS2_PLACEMENT_3D('',#1777,#1778,#1779);
#1781=PLANE('',#1780);
#1782=CARTESIAN_POINT('',(38.79749976,-11.227926275,-32.799378903));
#1783=VERTEX_POINT('',#1782);
#1784=CARTESIAN_POINT('',(38.797499761,-14.182699176,-32.799378903));
#1785=DIRECTION('',(0.,1.,-0.));
#1786=VECTOR('',#1785,2.954772901);
#1787=LINE('',#1784,#1786);
#1788=EDGE_CURVE('',#344,#1783,#1787,.T.);
#1789=ORIENTED_EDGE('',*,*,#1788,.T.);
#1790=CARTESIAN_POINT('',(38.884102296,-11.527926268,-32.749378906));
#1791=VERTEX_POINT('',#1790);
#1792=CARTESIAN_POINT('',(38.79749976,-11.227926275,-32.799378903));
#1793=CARTESIAN_POINT('',(38.79749976,-11.335685261,-32.799378903));
#1794=CARTESIAN_POINT('',(38.828093561,-11.441695176,-32.781715564));
#1795=CARTESIAN_POINT('',(38.884102296,-11.527926268,-32.749378906));
#1796=B_SPLINE_CURVE_WITH_KNOTS('',3,(#1792,#1793,#1794,#1795),.UNSPECIFIED.,.F.,.F.,(4,4),(0.,0.000322066),.UNSPECIFIED.);
#1797=EDGE_CURVE('',#1783,#1791,#1796,.T.);
#1798=ORIENTED_EDGE('',*,*,#1797,.T.);
#1799=CARTESIAN_POINT('',(39.230512462,-11.727926275,-32.549378903));
#1800=VERTEX_POINT('',#1799);
#1801=CARTESIAN_POINT('',(39.230512462,-11.227926275,-32.549378903));
#1802=DIRECTION('',(0.5,-0.,-0.866025404));
#1803=DIRECTION('',(-0.866025404,0.,-0.5));
#1804=AXIS2_PLACEMENT_3D('',#1801,#1802,#1803);
#1805=CIRCLE('',#1804,0.5);
#1806=EDGE_CURVE('',#1800,#1791,#1805,.T.);
#1807=ORIENTED_EDGE('',*,*,#1806,.F.);
#1808=CARTESIAN_POINT('',(39.663525164,-11.227926275,-32.299378903));
#1809=VERTEX_POINT('',#1808);
#1810=CARTESIAN_POINT('',(39.230512462,-11.227926275,-32.549378903));
#1811=DIRECTION('',(0.5,-0.,-0.866025404));
#1812=DIRECTION('',(-0.866025404,0.,-0.5));
#1813=AXIS2_PLACEMENT_3D('',#1810,#1811,#1812);
#1814=CIRCLE('',#1813,0.5);
#1815=EDGE_CURVE('',#1809,#1800,#1814,.T.);
#1816=ORIENTED_EDGE('',*,*,#1815,.F.);
#1817=CARTESIAN_POINT('',(39.663525164,-8.417085318,-32.299378903));
#1818=VERTEX_POINT('',#1817);
#1819=CARTESIAN_POINT('',(39.663525164,-11.227926275,-32.299378903));
#1820=DIRECTION('',(0.,1.,-0.));
#1821=VECTOR('',#1820,2.810840957);
#1822=LINE('',#1819,#1821);
#1823=EDGE_CURVE('',#1809,#1818,#1822,.T.);
#1824=ORIENTED_EDGE('',*,*,#1823,.T.);
#1825=CARTESIAN_POINT('',(39.663525164,-8.417085318,-32.299378903));
#1826=DIRECTION('',(0.866025404,0.,0.5));
#1827=VECTOR('',#1826,2.008738598);
#1828=LINE('',#1825,#1827);
#1829=EDGE_CURVE('',#1818,#1595,#1828,.T.);
#1830=ORIENTED_EDGE('',*,*,#1829,.T.);
#1831=ORIENTED_EDGE('',*,*,#1600,.F.);
#1832=ORIENTED_EDGE('',*,*,#358,.F.);
#1833=EDGE_LOOP('',(#1789,#1798,#1807,#1816,#1824,#1830,#1831,#1832));
#1834=FACE_BOUND('',#1833,.T.);
#1835=ADVANCED_FACE('',(#1834),#1781,.T.);
#1836=CARTESIAN_POINT('',(38.92076771,-8.417085318,-33.016885254));
#1837=DIRECTION('',(0.866025404,0.,0.5));
#1838=DIRECTION('',(0.5,0.,-0.866025404));
#1839=AXIS2_PLACEMENT_3D('',#1836,#1837,#1838);
#1840=CYLINDRICAL_SURFACE('',#1839,0.25);
#1841=CARTESIAN_POINT('',(39.706795646,-8.227926275,-32.374325576));
#1842=VERTEX_POINT('',#1841);
#1843=CARTESIAN_POINT('',(39.788525164,-8.417085318,-32.515885254));
#1844=DIRECTION('',(0.866025404,0.,0.5));
#1845=DIRECTION('',(-0.,1.,-0.));
#1846=AXIS2_PLACEMENT_3D('',#1843,#1844,#1845);
#1847=CIRCLE('',#1846,0.25);
#1848=EDGE_CURVE('',#1842,#1818,#1847,.T.);
#1849=ORIENTED_EDGE('',*,*,#1848,.F.);
#1850=CARTESIAN_POINT('',(39.870254682,-8.227926275,-32.657444932));
#1851=VERTEX_POINT('',#1850);
#1852=CARTESIAN_POINT('',(39.706795646,-8.227926275,-32.374325576));
#1853=CARTESIAN_POINT('',(39.72947651,-8.188727598,-32.413609984));
#1854=CARTESIAN_POINT('',(39.755498429,-8.167092622,-32.466110333));
#1855=CARTESIAN_POINT('',(39.785292206,-8.16708532,-32.517716459));
#1856=CARTESIAN_POINT('',(39.815085984,-8.167078017,-32.569322586));
#1857=CARTESIAN_POINT('',(39.847576112,-8.188731561,-32.618164496));
#1858=CARTESIAN_POINT('',(39.870254682,-8.227926275,-32.657444932));
#1859=B_SPLINE_CURVE_WITH_KNOTS('',3,(#1852,#1853,#1854,#1855,#1856,#1857,#1858),.UNSPECIFIED.,.F.,.F.,(4,3,4),(0.,0.000177268,0.000354535),.UNSPECIFIED.);
#1860=EDGE_CURVE('',#1842,#1851,#1859,.T.);
#1861=ORIENTED_EDGE('',*,*,#1860,.T.);
#1862=CARTESIAN_POINT('',(39.788525164,-8.417085318,-32.515885254));
#1863=DIRECTION('',(0.866025404,0.,0.5));
#1864=DIRECTION('',(-0.,1.,-0.));
#1865=AXIS2_PLACEMENT_3D('',#1862,#1863,#1864);
#1866=CIRCLE('',#1865,0.25);
#1867=EDGE_CURVE('',#1752,#1851,#1866,.T.);
#1868=ORIENTED_EDGE('',*,*,#1867,.F.);
#1869=ORIENTED_EDGE('',*,*,#1772,.F.);
#1870=ORIENTED_EDGE('',*,*,#1609,.F.);
#1871=ORIENTED_EDGE('',*,*,#1829,.F.);
#1872=EDGE_LOOP('',(#1849,#1861,#1868,#1869,#1870,#1871));
#1873=FACE_BOUND('',#1872,.T.);
#1874=ADVANCED_FACE('',(#1873),#1840,.F.);
#1875=CARTESIAN_POINT('',(38.92076771,-8.417085318,-33.016885254));
#1876=DIRECTION('',(0.866025404,0.,0.5));
#1877=DIRECTION('',(0.5,0.,-0.866025404));
#1878=AXIS2_PLACEMENT_3D('',#1875,#1876,#1877);
#1879=CYLINDRICAL_SURFACE('',#1878,0.25);
#1880=CARTESIAN_POINT('',(38.840770242,-8.227926275,-32.874325576));
#1881=VERTEX_POINT('',#1880);
#1882=CARTESIAN_POINT('',(39.004229279,-8.227926275,-33.157444932));
#1883=VERTEX_POINT('',#1882);
#1884=CARTESIAN_POINT('',(38.840770242,-8.227926275,-32.874325576));
#1885=CARTESIAN_POINT('',(38.863451575,-8.188726787,-32.913610797));
#1886=CARTESIAN_POINT('',(38.895979309,-8.167092685,-32.962353565));
#1887=CARTESIAN_POINT('',(38.925774684,-8.16708532,-33.013958831));
#1888=CARTESIAN_POINT('',(38.955570059,-8.167077954,-33.065564097));
#1889=CARTESIAN_POINT('',(38.981550442,-8.188731051,-33.118163967));
#1890=CARTESIAN_POINT('',(39.004229279,-8.227926275,-33.157444932));
#1891=B_SPLINE_CURVE_WITH_KNOTS('',3,(#1884,#1885,#1886,#1887,#1888,#1889,#1890),.UNSPECIFIED.,.F.,.F.,(4,3,4),(0.,0.00017727,0.000354539),.UNSPECIFIED.);
#1892=EDGE_CURVE('',#1881,#1883,#1891,.T.);
#1893=ORIENTED_EDGE('',*,*,#1892,.F.);
#1894=CARTESIAN_POINT('',(38.922499761,-8.417085318,-33.015885254));
#1895=DIRECTION('',(0.866025404,0.,0.5));
#1896=DIRECTION('',(-0.5,-0.,0.866025404));
#1897=AXIS2_PLACEMENT_3D('',#1894,#1895,#1896);
#1898=CIRCLE('',#1897,0.25);
#1899=EDGE_CURVE('',#1883,#1881,#1898,.T.);
#1900=ORIENTED_EDGE('',*,*,#1899,.F.);
#1901=EDGE_LOOP('',(#1893,#1900));
#1902=FACE_BOUND('',#1901,.T.);
#1903=ADVANCED_FACE('',(#1902),#1879,.F.);
#1904=CARTESIAN_POINT('',(40.321523626,-8.628075226,-33.43906567));
#1905=CARTESIAN_POINT('',(40.321523626,-8.68164059,-33.43906567));
#1906=CARTESIAN_POINT('',(40.312631604,-8.735056524,-33.423664236));
#1907=CARTESIAN_POINT('',(40.280523107,-8.820807156,-33.368050688));
#1908=CARTESIAN_POINT('',(40.257396205,-8.852902636,-33.327993719));
#1909=CARTESIAN_POINT('',(40.205995008,-8.883046636,-33.238964234));
#1910=CARTESIAN_POINT('',(40.177864105,-8.881011062,-33.190240081));
#1911=CARTESIAN_POINT('',(40.127686498,-8.843516743,-33.103329916));
#1912=CARTESIAN_POINT('',(40.105779773,-8.808162595,-33.065386355));
#1913=CARTESIAN_POINT('',(40.091316717,-8.763079024,-33.040335608));
#1914=CARTESIAN_POINT('',(40.901396514,-8.628075225,-33.104275902));
#1915=CARTESIAN_POINT('',(40.901396514,-8.68164059,-33.104275902));
#1916=CARTESIAN_POINT('',(40.892504492,-8.735056524,-33.088874468));
#1917=CARTESIAN_POINT('',(40.860395995,-8.820807156,-33.03326092));
#1918=CARTESIAN_POINT('',(40.837269093,-8.852902636,-32.993203951));
#1919=CARTESIAN_POINT('',(40.785867896,-8.883046636,-32.904174466));
#1920=CARTESIAN_POINT('',(40.757736993,-8.881011062,-32.855450313));
#1921=CARTESIAN_POINT('',(40.707559386,-8.843516743,-32.768540148));
#1922=CARTESIAN_POINT('',(40.685652661,-8.808162595,-32.730596587));
#1923=CARTESIAN_POINT('',(40.671189605,-8.763079024,-32.70554584));
#1924=CARTESIAN_POINT('',(41.481269402,-8.628075225,-32.769486134));
#1925=CARTESIAN_POINT('',(41.481269402,-8.68164059,-32.769486134));
#1926=CARTESIAN_POINT('',(41.47237738,-8.735056524,-32.754084699));
#1927=CARTESIAN_POINT('',(41.440268883,-8.820807155,-32.698471152));
#1928=CARTESIAN_POINT('',(41.417141981,-8.852902636,-32.658414183));
#1929=CARTESIAN_POINT('',(41.365740784,-8.883046635,-32.569384697));
#1930=CARTESIAN_POINT('',(41.337609882,-8.881011062,-32.520660545));
#1931=CARTESIAN_POINT('',(41.287432274,-8.843516743,-32.43375038));
#1932=CARTESIAN_POINT('',(41.265525549,-8.808162595,-32.395806819));
#1933=CARTESIAN_POINT('',(41.251062494,-8.763079024,-32.370756072));
#1934=CARTESIAN_POINT('',(42.06114229,-8.628075225,-32.434696366));
#1935=CARTESIAN_POINT('',(42.06114229,-8.68164059,-32.434696366));
#1936=CARTESIAN_POINT('',(42.052250268,-8.735056524,-32.419294931));
#1937=CARTESIAN_POINT('',(42.020141772,-8.820807155,-32.363681384));
#1938=CARTESIAN_POINT('',(41.99701487,-8.852902636,-32.323624415));
#1939=CARTESIAN_POINT('',(41.945613672,-8.883046635,-32.234594929));
#1940=CARTESIAN_POINT('',(41.91748277,-8.881011062,-32.185870777));
#1941=CARTESIAN_POINT('',(41.867305163,-8.843516743,-32.098960612));
#1942=CARTESIAN_POINT('',(41.845398437,-8.808162595,-32.06101705));
#1943=CARTESIAN_POINT('',(41.830935382,-8.763079024,-32.035966304));
#1944=B_SPLINE_SURFACE_WITH_KNOTS('',3,3,((#1904,#1905,#1906,#1907,#1908,#1909,#1910,#1911,#1912,#1913),(#1914,#1915,#1916,#1917,#1918,#1919,#1920,#1921,#1922,#1923),(#1924,#1925,#1926,#1927,#1928,#1929,#1930,#1931,#1932,#1933),(#1934,#1935,#1936,#1937,#1938,#1939,#1940,#1941,#1942,#1943)),.UNSPECIFIED.,.F.,.F.,.U.,(4,4),(4,2,2,2,4),(0.005814992,0.007823731),(0.,0.25,0.5,0.75,1.),.UNSPECIFIED.);
#1945=ORIENTED_EDGE('',*,*,#1765,.F.);
#1946=CARTESIAN_POINT('',(40.196523626,-8.628075226,-33.222559319));
#1947=DIRECTION('',(0.866025404,0.,0.5));
#1948=DIRECTION('',(-0.,1.,-0.));
#1949=AXIS2_PLACEMENT_3D('',#1946,#1947,#1948);
#1950=CIRCLE('',#1949,0.25);
#1951=EDGE_CURVE('',#1750,#530,#1950,.T.);
#1952=ORIENTED_EDGE('',*,*,#1951,.T.);
#1953=ORIENTED_EDGE('',*,*,#536,.F.);
#1954=ORIENTED_EDGE('',*,*,#1625,.F.);
#1955=EDGE_LOOP('',(#1945,#1952,#1953,#1954));
#1956=FACE_BOUND('',#1955,.T.);
#1957=ADVANCED_FACE('',(#1956),#1944,.T.);
#1958=CARTESIAN_POINT('',(49.161524262,0.,-43.346395922));
#1959=DIRECTION('',(-0.5,0.,0.866025404));
#1960=DIRECTION('',(0.866025404,0.,0.5));
#1961=AXIS2_PLACEMENT_3D('',#1958,#1959,#1960);
#1962=PLANE('',#1961);
#1963=CARTESIAN_POINT('',(48.553574435,9.227938193,-43.697395918));
#1964=VERTEX_POINT('',#1963);
#1965=CARTESIAN_POINT('',(48.553574435,15.906094285,-43.697395918));
#1966=VERTEX_POINT('',#1965);
#1967=CARTESIAN_POINT('',(48.553574435,9.227938193,-43.697395918));
#1968=DIRECTION('',(0.,1.,0.));
#1969=VECTOR('',#1968,6.678156092);
#1970=LINE('',#1967,#1969);
#1971=EDGE_CURVE('',#1964,#1966,#1970,.T.);
#1972=ORIENTED_EDGE('',*,*,#1971,.T.);
#1973=CARTESIAN_POINT('',(48.128129578,15.906094285,-43.943026621));
#1974=CARTESIAN_POINT('',(48.26994453,15.906094285,-43.86114972));
#1975=CARTESIAN_POINT('',(48.411759483,15.906094285,-43.779272819));
#1976=CARTESIAN_POINT('',(48.553574435,15.906094285,-43.697395918));
#1977=B_SPLINE_CURVE_WITH_KNOTS('',3,(#1973,#1974,#1975,#1976),.UNSPECIFIED.,.F.,.F.,(4,4),(0.000374518,0.000865779),.UNSPECIFIED.);
#1978=EDGE_CURVE('',#106,#1966,#1977,.T.);
#1979=ORIENTED_EDGE('',*,*,#1978,.F.);
#1980=ORIENTED_EDGE('',*,*,#113,.T.);
#1981=ORIENTED_EDGE('',*,*,#598,.T.);
#1982=ORIENTED_EDGE('',*,*,#460,.F.);
#1983=ORIENTED_EDGE('',*,*,#398,.F.);
#1984=CARTESIAN_POINT('',(48.128129578,-14.044834029,-43.943026621));
#1985=VERTEX_POINT('',#1984);
#1986=CARTESIAN_POINT('',(48.128129578,-15.5,-43.943026621));
#1987=DIRECTION('',(0.,1.,0.));
#1988=VECTOR('',#1987,1.455165971);
#1989=LINE('',#1986,#1988);
#1990=EDGE_CURVE('',#385,#1985,#1989,.T.);
#1991=ORIENTED_EDGE('',*,*,#1990,.T.);
#1992=CARTESIAN_POINT('',(48.561142292,-14.044834029,-43.693026614));
#1993=CARTESIAN_POINT('',(48.416804721,-14.044834029,-43.77635995));
#1994=CARTESIAN_POINT('',(48.272467149,-14.044834029,-43.859693285));
#1995=CARTESIAN_POINT('',(48.128129578,-14.044834029,-43.943026621));
#1996=B_SPLINE_CURVE_WITH_KNOTS('',3,(#1992,#1993,#1994,#1995),.UNSPECIFIED.,.F.,.F.,(4,4),(0.000000289,0.000500289),.UNSPECIFIED.);
#1997=EDGE_CURVE('',#1545,#1985,#1996,.T.);
#1998=ORIENTED_EDGE('',*,*,#1997,.F.);
#1999=ORIENTED_EDGE('',*,*,#1550,.T.);
#2000=CARTESIAN_POINT('',(48.553574435,9.227938193,-43.697395918));
#2001=DIRECTION('',(0.866025404,0.,0.5));
#2002=VECTOR('',#2001,0.008738608);
#2003=LINE('',#2000,#2002);
#2004=EDGE_CURVE('',#1964,#1537,#2003,.T.);
#2005=ORIENTED_EDGE('',*,*,#2004,.F.);
#2006=EDGE_LOOP('',(#1972,#1979,#1980,#1981,#1982,#1983,#1991,#1998,#1999,#2005));
#2007=FACE_BOUND('',#2006,.T.);
#2008=ADVANCED_FACE('',(#2007),#1962,.T.);
#2009=CARTESIAN_POINT('',(42.711341808,-14.9,-34.178352192));
#2010=DIRECTION('',(0.866025404,0.,0.5));
#2011=DIRECTION('',(0.5,0.,-0.866025404));
#2012=AXIS2_PLACEMENT_3D('',#2009,#2010,#2011);
#2013=TOROIDAL_SURFACE('',#2012,2.5,1.);
#2014=CARTESIAN_POINT('',(42.711341808,-18.4,-34.178352192));
#2015=VERTEX_POINT('',#2014);
#2016=CARTESIAN_POINT('',(42.711341808,-17.4,-34.178352192));
#2017=DIRECTION('',(0.5,0.,-0.866025404));
#2018=DIRECTION('',(-0.866025404,0.,-0.5));
#2019=AXIS2_PLACEMENT_3D('',#2016,#2017,#2018);
#2020=CIRCLE('',#2019,1.);
#2021=EDGE_CURVE('',#1449,#2015,#2020,.T.);
#2022=ORIENTED_EDGE('',*,*,#2021,.F.);
#2023=ORIENTED_EDGE('',*,*,#1455,.T.);
#2024=CARTESIAN_POINT('',(41.461341808,-14.9,-32.013288683));
#2025=DIRECTION('',(-0.,1.,0.));
#2026=DIRECTION('',(0.866025404,0.,0.5));
#2027=AXIS2_PLACEMENT_3D('',#2024,#2025,#2026);
#2028=CIRCLE('',#2027,1.);
#2029=EDGE_CURVE('',#1337,#1441,#2028,.T.);
#2030=ORIENTED_EDGE('',*,*,#2029,.F.);
#2031=CARTESIAN_POINT('',(42.711341808,-14.9,-34.178352192));
#2032=DIRECTION('',(-0.866025404,-0.,-0.5));
#2033=DIRECTION('',(0.5,0.,-0.866025404));
#2034=AXIS2_PLACEMENT_3D('',#2031,#2032,#2033);
#2035=CIRCLE('',#2034,3.5);
#2036=EDGE_CURVE('',#2015,#1337,#2035,.T.);
#2037=ORIENTED_EDGE('',*,*,#2036,.F.);
#2038=EDGE_LOOP('',(#2022,#2023,#2030,#2037));
#2039=FACE_BOUND('',#2038,.T.);
#2040=ADVANCED_FACE('',(#2039),#2013,.T.);
#2041=CARTESIAN_POINT('',(41.461341808,-0.,-32.013288683));
#2042=DIRECTION('',(-0.,1.,0.));
#2043=DIRECTION('',(-0.5,-0.,0.866025404));
#2044=AXIS2_PLACEMENT_3D('',#2041,#2042,#2043);
#2045=CYLINDRICAL_SURFACE('',#2044,1.);
#2046=ORIENTED_EDGE('',*,*,#2029,.T.);
#2047=ORIENTED_EDGE('',*,*,#1446,.T.);
#2048=CARTESIAN_POINT('',(40.961341808,14.9,-31.147263279));
#2049=VERTEX_POINT('',#2048);
#2050=CARTESIAN_POINT('',(41.461341808,14.9,-32.013288683));
#2051=DIRECTION('',(-0.,1.,-0.));
#2052=DIRECTION('',(0.866025404,0.,0.5));
#2053=AXIS2_PLACEMENT_3D('',#2050,#2051,#2052);
#2054=CIRCLE('',#2053,1.);
#2055=EDGE_CURVE('',#2049,#1432,#2054,.T.);
#2056=ORIENTED_EDGE('',*,*,#2055,.F.);
#2057=CARTESIAN_POINT('',(40.961341807,9.956416564,-31.147263279));
#2058=VERTEX_POINT('',#2057);
#2059=CARTESIAN_POINT('',(40.961341808,9.956416564,-31.147263279));
#2060=DIRECTION('',(-0.,1.,0.));
#2061=VECTOR('',#2060,4.943583436);
#2062=LINE('',#2059,#2061);
#2063=EDGE_CURVE('',#2058,#2049,#2062,.T.);
#2064=ORIENTED_EDGE('',*,*,#2063,.F.);
#2065=CARTESIAN_POINT('',(40.961341807,9.499459833,-31.147263279));
#2066=DIRECTION('',(-0.,1.,0.));
#2067=VECTOR('',#2066,0.456956731);
#2068=LINE('',#2065,#2067);
#2069=EDGE_CURVE('',#1260,#2058,#2068,.T.);
#2070=ORIENTED_EDGE('',*,*,#2069,.F.);
#2071=ORIENTED_EDGE('',*,*,#1348,.F.);
#2072=EDGE_LOOP('',(#2046,#2047,#2056,#2064,#2070,#2071));
#2073=FACE_BOUND('',#2072,.T.);
#2074=ADVANCED_FACE('',(#2073),#2045,.T.);
#2075=CARTESIAN_POINT('',(44.943766808,-17.4,-38.045025716));
#2076=DIRECTION('',(-0.5,0.,0.866025404));
#2077=DIRECTION('',(0.866025404,0.,0.5));
#2078=AXIS2_PLACEMENT_3D('',#2075,#2076,#2077);
#2079=CYLINDRICAL_SURFACE('',#2078,1.);
#2080=CARTESIAN_POINT('',(47.176191808,-17.4,-41.91169924));
#2081=DIRECTION('',(0.5,0.,-0.866025404));
#2082=DIRECTION('',(-0.866025404,0.,-0.5));
#2083=AXIS2_PLACEMENT_3D('',#2080,#2081,#2082);
#2084=CIRCLE('',#2083,1.);
#2085=EDGE_CURVE('',#1361,#693,#2084,.T.);
#2086=ORIENTED_EDGE('',*,*,#2085,.F.);
#2087=ORIENTED_EDGE('',*,*,#1462,.T.);
#2088=ORIENTED_EDGE('',*,*,#2021,.T.);
#2089=CARTESIAN_POINT('',(42.711341808,-18.4,-34.178352192));
#2090=DIRECTION('',(0.5,0.,-0.866025404));
#2091=VECTOR('',#2090,7.6297);
#2092=LINE('',#2089,#2091);
#2093=EDGE_CURVE('',#2015,#695,#2092,.T.);
#2094=ORIENTED_EDGE('',*,*,#2093,.T.);
#2095=ORIENTED_EDGE('',*,*,#700,.F.);
#2096=EDGE_LOOP('',(#2086,#2087,#2088,#2094,#2095));
#2097=FACE_BOUND('',#2096,.T.);
#2098=ADVANCED_FACE('',(#2097),#2079,.T.);
#2099=CARTESIAN_POINT('',(42.711341808,14.9,-34.178352192));
#2100=DIRECTION('',(0.866025404,0.,0.5));
#2101=DIRECTION('',(0.5,0.,-0.866025404));
#2102=AXIS2_PLACEMENT_3D('',#2099,#2100,#2101);
#2103=TOROIDAL_SURFACE('',#2102,2.5,1.);
#2104=ORIENTED_EDGE('',*,*,#2055,.T.);
#2105=ORIENTED_EDGE('',*,*,#1438,.T.);
#2106=CARTESIAN_POINT('',(42.711341808,18.4,-34.178352192));
#2107=VERTEX_POINT('',#2106);
#2108=CARTESIAN_POINT('',(42.711341808,17.4,-34.178352192));
#2109=DIRECTION('',(0.5,0.,-0.866025404));
#2110=DIRECTION('',(-0.866025404,0.,-0.5));
#2111=AXIS2_PLACEMENT_3D('',#2108,#2109,#2110);
#2112=CIRCLE('',#2111,1.);
#2113=EDGE_CURVE('',#2107,#1423,#2112,.T.);
#2114=ORIENTED_EDGE('',*,*,#2113,.F.);
#2115=CARTESIAN_POINT('',(42.711341808,14.9,-34.178352192));
#2116=DIRECTION('',(-0.866025404,-0.,-0.5));
#2117=DIRECTION('',(0.5,0.,-0.866025404));
#2118=AXIS2_PLACEMENT_3D('',#2115,#2116,#2117);
#2119=CIRCLE('',#2118,3.5);
#2120=EDGE_CURVE('',#2049,#2107,#2119,.T.);
#2121=ORIENTED_EDGE('',*,*,#2120,.F.);
#2122=EDGE_LOOP('',(#2104,#2105,#2114,#2121));
#2123=FACE_BOUND('',#2122,.T.);
#2124=ADVANCED_FACE('',(#2123),#2103,.T.);
#2125=CARTESIAN_POINT('',(47.176191808,-14.9,-41.91169924));
#2126=DIRECTION('',(0.866025404,0.,0.5));
#2127=DIRECTION('',(0.5,0.,-0.866025404));
#2128=AXIS2_PLACEMENT_3D('',#2125,#2126,#2127);
#2129=TOROIDAL_SURFACE('',#2128,2.5,1.);
#2130=CARTESIAN_POINT('',(48.922446641,-15.128858529,-44.936301335));
#2131=VERTEX_POINT('',#2130);
#2132=CARTESIAN_POINT('',(47.176191808,-14.9,-41.91169924));
#2133=DIRECTION('',(-0.866025404,-0.,-0.5));
#2134=DIRECTION('',(0.5,0.,-0.866025404));
#2135=AXIS2_PLACEMENT_3D('',#2132,#2133,#2134);
#2136=CIRCLE('',#2135,3.5);
#2137=EDGE_CURVE('',#2131,#693,#2136,.T.);
#2138=ORIENTED_EDGE('',*,*,#2137,.F.);
#2139=CARTESIAN_POINT('',(48.922446641,-15.128858529,-44.936301335));
#2140=CARTESIAN_POINT('',(48.972540557,-15.102707552,-44.90935833));
#2141=CARTESIAN_POINT('',(49.019844191,-15.075608714,-44.878046282));
#2142=CARTESIAN_POINT('',(49.062594181,-15.045261013,-44.844246182));
#2143=CARTESIAN_POINT('',(49.083969176,-15.030087162,-44.827346132));
#2144=CARTESIAN_POINT('',(49.104187879,-15.014137971,-44.809843851));
#2145=CARTESIAN_POINT('',(49.122717844,-14.99599328,-44.792498706));
#2146=CARTESIAN_POINT('',(49.14124781,-14.977848589,-44.775153561));
#2147=CARTESIAN_POINT('',(49.15914387,-14.958239708,-44.756676267));
#2148=CARTESIAN_POINT('',(49.169076735,-14.929726799,-44.745999966));
#2149=B_SPLINE_CURVE_WITH_KNOTS('',3,(#2139,#2140,#2141,#2142,#2143,#2144,#2145,#2146,#2147,#2148),.UNSPECIFIED.,.F.,.F.,(4,3,3,4),(0.,0.000187252,0.000280878,0.000374504),.UNSPECIFIED.);
#2150=EDGE_CURVE('',#2131,#1359,#2149,.T.);
#2151=ORIENTED_EDGE('',*,*,#2150,.T.);
#2152=ORIENTED_EDGE('',*,*,#1367,.T.);
#2153=ORIENTED_EDGE('',*,*,#2085,.T.);
#2154=EDGE_LOOP('',(#2138,#2151,#2152,#2153));
#2155=FACE_BOUND('',#2154,.T.);
#2156=ADVANCED_FACE('',(#2155),#2129,.T.);
#2157=CARTESIAN_POINT('',(44.943766808,17.4,-38.045025716));
#2158=DIRECTION('',(0.5,0.,-0.866025404));
#2159=DIRECTION('',(-0.,1.,0.));
#2160=AXIS2_PLACEMENT_3D('',#2157,#2158,#2159);
#2161=CYLINDRICAL_SURFACE('',#2160,1.);
#2162=ORIENTED_EDGE('',*,*,#2113,.T.);
#2163=ORIENTED_EDGE('',*,*,#1429,.T.);
#2164=CARTESIAN_POINT('',(47.176191808,17.4,-41.91169924));
#2165=DIRECTION('',(0.5,0.,-0.866025404));
#2166=DIRECTION('',(-0.866025404,0.,-0.5));
#2167=AXIS2_PLACEMENT_3D('',#2164,#2165,#2166);
#2168=CIRCLE('',#2167,1.);
#2169=EDGE_CURVE('',#662,#1414,#2168,.T.);
#2170=ORIENTED_EDGE('',*,*,#2169,.F.);
#2171=ORIENTED_EDGE('',*,*,#682,.F.);
#2172=CARTESIAN_POINT('',(42.711341808,18.4,-34.178352192));
#2173=DIRECTION('',(0.5,0.,-0.866025404));
#2174=VECTOR('',#2173,7.6297);
#2175=LINE('',#2172,#2174);
#2176=EDGE_CURVE('',#2107,#670,#2175,.T.);
#2177=ORIENTED_EDGE('',*,*,#2176,.F.);
#2178=EDGE_LOOP('',(#2162,#2163,#2170,#2171,#2177));
#2179=FACE_BOUND('',#2178,.T.);
#2180=ADVANCED_FACE('',(#2179),#2161,.T.);
#2181=CARTESIAN_POINT('',(47.176191808,14.9,-41.91169924));
#2182=DIRECTION('',(0.866025404,0.,0.5));
#2183=DIRECTION('',(0.5,0.,-0.866025404));
#2184=AXIS2_PLACEMENT_3D('',#2181,#2182,#2183);
#2185=TOROIDAL_SURFACE('',#2184,2.5,1.);
#2186=ORIENTED_EDGE('',*,*,#1420,.T.);
#2187=CARTESIAN_POINT('',(48.922446641,15.128858529,-44.936301335));
#2188=VERTEX_POINT('',#2187);
#2189=CARTESIAN_POINT('',(49.169076735,14.929726799,-44.745999966));
#2190=CARTESIAN_POINT('',(49.164110305,14.9439833,-44.751338114));
#2191=CARTESIAN_POINT('',(49.156931309,14.955596608,-44.758912164));
#2192=CARTESIAN_POINT('',(49.148908559,14.966393346,-44.767022082));
#2193=CARTESIAN_POINT('',(49.140885809,14.977190085,-44.775132));
#2194=CARTESIAN_POINT('',(49.131984368,14.986924338,-44.783824614));
#2195=CARTESIAN_POINT('',(49.122717837,14.995993284,-44.792498713));
#2196=CARTESIAN_POINT('',(49.104184774,15.014131176,-44.809846912));
#2197=CARTESIAN_POINT('',(49.083972794,15.030094827,-44.827342965));
#2198=CARTESIAN_POINT('',(49.062594195,15.045261023,-44.84424617));
#2199=CARTESIAN_POINT('',(49.019836996,15.075593415,-44.878052582));
#2200=CARTESIAN_POINT('',(48.97254108,15.10270896,-44.909357922));
#2201=CARTESIAN_POINT('',(48.922446641,15.128858529,-44.936301335));
#2202=B_SPLINE_CURVE_WITH_KNOTS('',3,(#2189,#2190,#2191,#2192,#2193,#2194,#2195,#2196,#2197,#2198,#2199,#2200,#2201),.UNSPECIFIED.,.F.,.F.,(4,3,3,3,4),(0.,0.000046813,0.000093626,0.000187252,0.000374504),.UNSPECIFIED.);
#2203=EDGE_CURVE('',#1405,#2188,#2202,.T.);
#2204=ORIENTED_EDGE('',*,*,#2203,.T.);
#2205=CARTESIAN_POINT('',(47.176191808,14.9,-41.91169924));
#2206=DIRECTION('',(-0.866025404,-0.,-0.5));
#2207=DIRECTION('',(0.5,0.,-0.866025404));
#2208=AXIS2_PLACEMENT_3D('',#2205,#2206,#2207);
#2209=CIRCLE('',#2208,3.5);
#2210=EDGE_CURVE('',#662,#2188,#2209,.T.);
#2211=ORIENTED_EDGE('',*,*,#2210,.F.);
#2212=ORIENTED_EDGE('',*,*,#2169,.T.);
#2213=EDGE_LOOP('',(#2186,#2204,#2211,#2212));
#2214=FACE_BOUND('',#2213,.T.);
#2215=ADVANCED_FACE('',(#2214),#2185,.T.);
#2216=CARTESIAN_POINT('',(48.043949262,-14.9,-41.41069924));
#2217=DIRECTION('',(-0.866025404,0.,-0.5));
#2218=DIRECTION('',(-0.5,0.,0.866025404));
#2219=AXIS2_PLACEMENT_3D('',#2216,#2217,#2218);
#2220=CYLINDRICAL_SURFACE('',#2219,3.5);
#2221=CARTESIAN_POINT('',(46.670985871,-15.122504581,-46.23665689));
#2222=VERTEX_POINT('',#2221);
#2223=CARTESIAN_POINT('',(44.924525758,-14.9,-43.21169924));
#2224=DIRECTION('',(0.866025404,-0.,0.5));
#2225=DIRECTION('',(-0.5,0.,0.866025404));
#2226=AXIS2_PLACEMENT_3D('',#2223,#2224,#2225);
#2227=CIRCLE('',#2226,3.5);
#2228=EDGE_CURVE('',#726,#2222,#2227,.T.);
#2229=ORIENTED_EDGE('',*,*,#2228,.T.);
#2230=CARTESIAN_POINT('',(46.833437117,-14.9,-46.151040638));
#2231=VERTEX_POINT('',#2230);
#2232=CARTESIAN_POINT('',(46.670985871,-15.122504581,-46.23665689));
#2233=CARTESIAN_POINT('',(46.725849169,-15.047955961,-46.210465069));
#2234=CARTESIAN_POINT('',(46.780130203,-14.973920884,-46.181817399));
#2235=CARTESIAN_POINT('',(46.833437117,-14.9,-46.151040638));
#2236=B_SPLINE_CURVE_WITH_KNOTS('',3,(#2232,#2233,#2234,#2235),.UNSPECIFIED.,.F.,.F.,(4,4),(0.,0.000288494),.UNSPECIFIED.);
#2237=EDGE_CURVE('',#2222,#2231,#2236,.T.);
#2238=ORIENTED_EDGE('',*,*,#2237,.T.);
#2239=CARTESIAN_POINT('',(48.912488304,-14.9,-44.950699875));
#2240=VERTEX_POINT('',#2239);
#2241=CARTESIAN_POINT('',(48.912488304,-14.9,-44.950699875));
#2242=DIRECTION('',(-0.866025404,0.,-0.5));
#2243=VECTOR('',#2242,2.400681526);
#2244=LINE('',#2241,#2243);
#2245=EDGE_CURVE('',#2240,#2231,#2244,.T.);
#2246=ORIENTED_EDGE('',*,*,#2245,.F.);
#2247=CARTESIAN_POINT('',(53.565709846,-14.9,-38.222709281));
#2248=DIRECTION('',(-0.822456305,0.,0.568828292));
#2249=DIRECTION('',(-0.568828292,0.,-0.822456305));
#2250=AXIS2_PLACEMENT_3D('',#2247,#2248,#2249);
#2251=ELLIPSE('',#2250,8.180362348,3.5);
#2252=EDGE_CURVE('',#2240,#2131,#2251,.T.);
#2253=ORIENTED_EDGE('',*,*,#2252,.T.);
#2254=ORIENTED_EDGE('',*,*,#2137,.T.);
#2255=ORIENTED_EDGE('',*,*,#715,.T.);
#2256=ORIENTED_EDGE('',*,*,#731,.T.);
#2257=EDGE_LOOP('',(#2229,#2238,#2246,#2253,#2254,#2255,#2256));
#2258=FACE_BOUND('',#2257,.T.);
#2259=ADVANCED_FACE('',(#2258),#2220,.T.);
#2260=CARTESIAN_POINT('',(45.811524262,-18.4,-37.544025716));
#2261=DIRECTION('',(0.,-1.,0.));
#2262=DIRECTION('',(-0.866025404,0.,-0.5));
#2263=AXIS2_PLACEMENT_3D('',#2260,#2261,#2262);
#2264=PLANE('',#2263);
#2265=CARTESIAN_POINT('',(42.351112383,-18.4,-34.954416526));
#2266=VERTEX_POINT('',#2265);
#2267=CARTESIAN_POINT('',(41.288071086,-18.4,-35.000077927));
#2268=VERTEX_POINT('',#2267);
#2269=CARTESIAN_POINT('',(41.83149714,-18.4,-35.254416526));
#2270=DIRECTION('',(-0.,1.,0.));
#2271=DIRECTION('',(-0.866025404,0.,-0.5));
#2272=AXIS2_PLACEMENT_3D('',#2269,#2270,#2271);
#2273=CIRCLE('',#2272,0.6);
#2274=EDGE_CURVE('',#2266,#2268,#2273,.T.);
#2275=ORIENTED_EDGE('',*,*,#2274,.F.);
#2276=CARTESIAN_POINT('',(42.140213819,-18.4,-34.739932306));
#2277=VERTEX_POINT('',#2276);
#2278=CARTESIAN_POINT('',(41.83149714,-18.4,-35.254416526));
#2279=DIRECTION('',(-0.,1.,0.));
#2280=DIRECTION('',(-0.866025404,0.,-0.5));
#2281=AXIS2_PLACEMENT_3D('',#2278,#2279,#2280);
#2282=CIRCLE('',#2281,0.6);
#2283=EDGE_CURVE('',#2277,#2266,#2282,.T.);
#2284=ORIENTED_EDGE('',*,*,#2283,.F.);
#2285=CARTESIAN_POINT('',(41.994801009,-18.4,-34.592047215));
#2286=VERTEX_POINT('',#2285);
#2287=CARTESIAN_POINT('',(42.353071408,-18.4,-34.385199704));
#2288=DIRECTION('',(0.,-1.,-0.));
#2289=DIRECTION('',(-0.866025404,0.,-0.5));
#2290=AXIS2_PLACEMENT_3D('',#2287,#2288,#2289);
#2291=CIRCLE('',#2290,0.413695023);
#2292=EDGE_CURVE('',#2286,#2277,#2291,.T.);
#2293=ORIENTED_EDGE('',*,*,#2292,.F.);
#2294=CARTESIAN_POINT('',(41.994801009,-18.4,-34.592047215));
#2295=DIRECTION('',(-0.866025404,0.,-0.5));
#2296=VECTOR('',#2295,0.816061422);
#2297=LINE('',#2294,#2296);
#2298=EDGE_CURVE('',#2286,#2268,#2297,.T.);
#2299=ORIENTED_EDGE('',*,*,#2298,.T.);
#2300=EDGE_LOOP('',(#2275,#2284,#2293,#2299));
#2301=FACE_BOUND('',#2300,.T.);
#2302=ADVANCED_FACE('',(#2301),#2264,.T.);
#2303=CARTESIAN_POINT('',(43.579099262,-14.9,-33.677352192));
#2304=DIRECTION('',(-0.866025404,0.,-0.5));
#2305=DIRECTION('',(-0.5,0.,0.866025404));
#2306=AXIS2_PLACEMENT_3D('',#2303,#2304,#2305);
#2307=CYLINDRICAL_SURFACE('',#2306,3.5);
#2308=CARTESIAN_POINT('',(42.711341808,-18.4,-34.178352192));
#2309=CARTESIAN_POINT('',(42.683988508,-18.4,-34.130974887));
#2310=CARTESIAN_POINT('',(42.647808711,-18.398680636,-34.089880959));
#2311=CARTESIAN_POINT('',(42.604780863,-18.396410713,-34.056892039));
#2312=CARTESIAN_POINT('',(42.561753015,-18.394140791,-34.02390312));
#2313=CARTESIAN_POINT('',(42.512212659,-18.390951,-33.999551565));
#2314=CARTESIAN_POINT('',(42.460134339,-18.38775347,-33.985598526));
#2315=CARTESIAN_POINT('',(42.408056019,-18.384555939,-33.971645487));
#2316=CARTESIAN_POINT('',(42.352718068,-18.381345912,-33.968011909));
#2317=CARTESIAN_POINT('',(42.299303053,-18.37907856,-33.975013726));
#2318=CARTESIAN_POINT('',(42.245888037,-18.376811208,-33.982015543));
#2319=CARTESIAN_POINT('',(42.193271769,-18.375469583,-33.999811414));
#2320=CARTESIAN_POINT('',(42.146483011,-18.375464935,-34.026779829));
#2321=CARTESIAN_POINT('',(42.099694252,-18.375460288,-34.053748245));
#2322=CARTESIAN_POINT('',(42.058071794,-18.376780569,-34.090141521));
#2323=CARTESIAN_POINT('',(42.02503214,-18.379057291,-34.133140563));
#2324=CARTESIAN_POINT('',(41.991992486,-18.381334013,-34.176139604));
#2325=CARTESIAN_POINT('',(41.967708133,-18.384500981,-34.225142826));
#2326=CARTESIAN_POINT('',(41.95354347,-18.38773784,-34.277863787));
#2327=CARTESIAN_POINT('',(41.925214145,-18.394211557,-34.383305709));
#2328=CARTESIAN_POINT('',(41.940094503,-18.4,-34.497292769));
#2329=CARTESIAN_POINT('',(41.994801009,-18.4,-34.592047215));
#2330=B_SPLINE_CURVE_WITH_KNOTS('',3,(#2308,#2309,#2310,#2311,#2312,#2313,#2314,#2315,#2316,#2317,#2318,#2319,#2320,#2321,#2322,#2323,#2324,#2325,#2326,#2327,#2328,#2329),.UNSPECIFIED.,.F.,.F.,(4,3,3,3,3,3,3,4),(0.,0.000161779,0.000323559,0.000485338,0.000647118,0.000808897,0.000970677,0.001294236),.UNSPECIFIED.);
#2331=EDGE_CURVE('',#2015,#2286,#2330,.T.);
#2332=ORIENTED_EDGE('',*,*,#2331,.F.);
#2333=ORIENTED_EDGE('',*,*,#2036,.T.);
#2334=ORIENTED_EDGE('',*,*,#1342,.T.);
#2335=CARTESIAN_POINT('',(39.558287939,-17.9,-33.917102693));
#2336=VERTEX_POINT('',#2335);
#2337=CARTESIAN_POINT('',(40.459675758,-14.9,-35.478352192));
#2338=DIRECTION('',(0.866025404,-0.,0.5));
#2339=DIRECTION('',(-0.5,0.,0.866025404));
#2340=AXIS2_PLACEMENT_3D('',#2337,#2338,#2339);
#2341=CIRCLE('',#2340,3.5);
#2342=EDGE_CURVE('',#1329,#2336,#2341,.T.);
#2343=ORIENTED_EDGE('',*,*,#2342,.T.);
#2344=CARTESIAN_POINT('',(40.413704265,-17.9,-33.423227846));
#2345=VERTEX_POINT('',#2344);
#2346=CARTESIAN_POINT('',(40.413704265,-17.9,-33.423227846));
#2347=DIRECTION('',(-0.866025404,0.,-0.5));
#2348=VECTOR('',#2347,0.987749692);
#2349=LINE('',#2346,#2348);
#2350=EDGE_CURVE('',#2345,#2336,#2349,.T.);
#2351=ORIENTED_EDGE('',*,*,#2350,.F.);
#2352=CARTESIAN_POINT('',(41.027755126,-18.322462417,-34.304399783));
#2353=VERTEX_POINT('',#2352);
#2354=CARTESIAN_POINT('',(41.027755126,-18.322462417,-34.304399783));
#2355=CARTESIAN_POINT('',(40.969539316,-18.317821575,-34.312977377));
#2356=CARTESIAN_POINT('',(40.911701133,-18.311428521,-34.312927467));
#2357=CARTESIAN_POINT('',(40.854292673,-18.302784852,-34.304612863));
#2358=CARTESIAN_POINT('',(40.796884214,-18.294141184,-34.296298258));
#2359=CARTESIAN_POINT('',(40.741328768,-18.283388361,-34.279714464));
#2360=CARTESIAN_POINT('',(40.689603202,-18.270378793,-34.255926631));
#2361=CARTESIAN_POINT('',(40.586152072,-18.244359657,-34.208350964));
#2362=CARTESIAN_POINT('',(40.498496235,-18.208641074,-34.131090044));
#2363=CARTESIAN_POINT('',(40.438802589,-18.166910735,-34.040210577));
#2364=CARTESIAN_POINT('',(40.408955766,-18.146045566,-33.994770844));
#2365=CARTESIAN_POINT('',(40.385374888,-18.123396389,-33.945182248));
#2366=CARTESIAN_POINT('',(40.369009005,-18.100219697,-33.894200825));
#2367=CARTESIAN_POINT('',(40.352643123,-18.077043006,-33.843219402));
#2368=CARTESIAN_POINT('',(40.343206754,-18.053244953,-33.790645155));
#2369=CARTESIAN_POINT('',(40.34086471,-18.029369365,-33.736957958));
#2370=CARTESIAN_POINT('',(40.338522666,-18.005493777,-33.68327076));
#2371=CARTESIAN_POINT('',(40.343285978,-17.982308046,-33.630198182));
#2372=CARTESIAN_POINT('',(40.355283084,-17.960327226,-33.577536126));
#2373=CARTESIAN_POINT('',(40.36728019,-17.938346406,-33.524874069));
#2374=CARTESIAN_POINT('',(40.38671994,-17.91760659,-33.472638984));
#2375=CARTESIAN_POINT('',(40.413704265,-17.9,-33.423227846));
#2376=B_SPLINE_CURVE_WITH_KNOTS('',3,(#2354,#2355,#2356,#2357,#2358,#2359,#2360,#2361,#2362,#2363,#2364,#2365,#2366,#2367,#2368,#2369,#2370,#2371,#2372,#2373,#2374,#2375),.UNSPECIFIED.,.F.,.F.,(4,3,3,3,3,3,3,4),(0.,0.000174535,0.00034907,0.000698141,0.000872676,0.001047211,0.001221746,0.001396282),.UNSPECIFIED.);
#2377=EDGE_CURVE('',#2353,#2345,#2376,.T.);
#2378=ORIENTED_EDGE('',*,*,#2377,.F.);
#2379=CARTESIAN_POINT('',(41.381882652,-18.376225769,-34.475661388));
#2380=VERTEX_POINT('',#2379);
#2381=CARTESIAN_POINT('',(41.381882652,-18.376225769,-34.475661388));
#2382=CARTESIAN_POINT('',(41.3467168,-18.367986159,-34.414752346));
#2383=CARTESIAN_POINT('',(41.294004464,-18.357627318,-34.366086058));
#2384=CARTESIAN_POINT('',(41.231631244,-18.347577572,-34.335804929));
#2385=CARTESIAN_POINT('',(41.169258024,-18.337527826,-34.305523801));
#2386=CARTESIAN_POINT('',(41.09760179,-18.328030447,-34.294108485));
#2387=CARTESIAN_POINT('',(41.027755126,-18.322462417,-34.304399783));
#2388=B_SPLINE_CURVE_WITH_KNOTS('',3,(#2381,#2382,#2383,#2384,#2385,#2386,#2387),.UNSPECIFIED.,.F.,.F.,(4,3,4),(0.,0.000209399,0.000418797),.UNSPECIFIED.);
#2389=EDGE_CURVE('',#2380,#2353,#2388,.T.);
#2390=ORIENTED_EDGE('',*,*,#2389,.F.);
#2391=CARTESIAN_POINT('',(41.389909097,-18.378068868,-34.489563599));
#2392=VERTEX_POINT('',#2391);
#2393=CARTESIAN_POINT('',(41.585508783,-14.9,-34.828352192));
#2394=DIRECTION('',(0.866025404,-0.,0.5));
#2395=DIRECTION('',(-0.5,0.,0.866025404));
#2396=AXIS2_PLACEMENT_3D('',#2393,#2394,#2395);
#2397=CIRCLE('',#2396,3.5);
#2398=EDGE_CURVE('',#2380,#2392,#2397,.T.);
#2399=ORIENTED_EDGE('',*,*,#2398,.T.);
#2400=CARTESIAN_POINT('',(41.361162234,-18.399381074,-34.881877835));
#2401=VERTEX_POINT('',#2400);
#2402=CARTESIAN_POINT('',(41.361162234,-18.399381074,-34.881877835));
#2403=CARTESIAN_POINT('',(41.404836656,-18.398893647,-34.826738313));
#2404=CARTESIAN_POINT('',(41.430777282,-18.397793723,-34.759530414));
#2405=CARTESIAN_POINT('',(41.435863408,-18.394591187,-34.690154245));
#2406=CARTESIAN_POINT('',(41.440949533,-18.391388651,-34.620778076));
#2407=CARTESIAN_POINT('',(41.424858645,-18.385930841,-34.550097991));
#2408=CARTESIAN_POINT('',(41.389909097,-18.378068868,-34.489563599));
#2409=B_SPLINE_CURVE_WITH_KNOTS('',3,(#2402,#2403,#2404,#2405,#2406,#2407,#2408),.UNSPECIFIED.,.F.,.F.,(4,3,4),(0.,0.000208036,0.000416071),.UNSPECIFIED.);
#2410=EDGE_CURVE('',#2401,#2392,#2409,.T.);
#2411=ORIENTED_EDGE('',*,*,#2410,.F.);
#2412=CARTESIAN_POINT('',(41.288071086,-18.4,-35.000077927));
#2413=CARTESIAN_POINT('',(41.307841323,-18.4,-34.957836356));
#2414=CARTESIAN_POINT('',(41.332204972,-18.39970425,-34.918436752));
#2415=CARTESIAN_POINT('',(41.361162234,-18.399381074,-34.881877835));
#2416=B_SPLINE_CURVE_WITH_KNOTS('',3,(#2412,#2413,#2414,#2415),.UNSPECIFIED.,.F.,.F.,(4,4),(0.,0.000138975),.UNSPECIFIED.);
#2417=EDGE_CURVE('',#2268,#2401,#2416,.T.);
#2418=ORIENTED_EDGE('',*,*,#2417,.F.);
#2419=ORIENTED_EDGE('',*,*,#2298,.F.);
#2420=EDGE_LOOP('',(#2332,#2333,#2334,#2343,#2351,#2378,#2390,#2399,#2411,#2418,#2419));
#2421=FACE_BOUND('',#2420,.T.);
#2422=ADVANCED_FACE('',(#2421),#2307,.T.);
#2423=CARTESIAN_POINT('',(41.829099262,-0.,-30.646263279));
#2424=DIRECTION('',(-0.5,-0.,0.866025404));
#2425=DIRECTION('',(0.,-1.,-0.));
#2426=AXIS2_PLACEMENT_3D('',#2423,#2424,#2425);
#2427=PLANE('',#2426);
#2428=CARTESIAN_POINT('',(40.576181808,10.227938193,-31.369635509));
#2429=VERTEX_POINT('',#2428);
#2430=CARTESIAN_POINT('',(40.576181808,9.727938193,-31.369635509));
#2431=DIRECTION('',(-0.5,-0.,0.866025404));
#2432=DIRECTION('',(0.,-1.,-0.));
#2433=AXIS2_PLACEMENT_3D('',#2430,#2431,#2432);
#2434=CIRCLE('',#2433,0.5);
#2435=EDGE_CURVE('',#2058,#2429,#2434,.T.);
#2436=ORIENTED_EDGE('',*,*,#2435,.F.);
#2437=ORIENTED_EDGE('',*,*,#2063,.T.);
#2438=CARTESIAN_POINT('',(40.961341808,14.9,-31.147263279));
#2439=DIRECTION('',(-0.866025404,0.,-0.5));
#2440=VECTOR('',#2439,2.6);
#2441=LINE('',#2438,#2440);
#2442=EDGE_CURVE('',#2049,#1710,#2441,.T.);
#2443=ORIENTED_EDGE('',*,*,#2442,.T.);
#2444=ORIENTED_EDGE('',*,*,#1715,.T.);
#2445=CARTESIAN_POINT('',(39.059075624,10.227938193,-32.245537172));
#2446=VERTEX_POINT('',#2445);
#2447=CARTESIAN_POINT('',(39.059075624,9.727938193,-32.245537172));
#2448=DIRECTION('',(-0.5,-0.,0.866025404));
#2449=DIRECTION('',(0.,-1.,-0.));
#2450=AXIS2_PLACEMENT_3D('',#2447,#2448,#2449);
#2451=CIRCLE('',#2450,0.5);
#2452=EDGE_CURVE('',#2446,#1702,#2451,.T.);
#2453=ORIENTED_EDGE('',*,*,#2452,.F.);
#2454=CARTESIAN_POINT('',(40.576181808,10.227938193,-31.369635509));
#2455=DIRECTION('',(-0.866025404,0.,-0.5));
#2456=VECTOR('',#2455,1.751803327);
#2457=LINE('',#2454,#2456);
#2458=EDGE_CURVE('',#2429,#2446,#2457,.T.);
#2459=ORIENTED_EDGE('',*,*,#2458,.F.);
#2460=EDGE_LOOP('',(#2436,#2437,#2443,#2444,#2453,#2459));
#2461=FACE_BOUND('',#2460,.T.);
#2462=ADVANCED_FACE('',(#2461),#2427,.T.);
#2463=CARTESIAN_POINT('',(43.579099262,14.9,-33.677352192));
#2464=DIRECTION('',(-0.866025404,0.,-0.5));
#2465=DIRECTION('',(-0.5,0.,0.866025404));
#2466=AXIS2_PLACEMENT_3D('',#2463,#2464,#2465);
#2467=CYLINDRICAL_SURFACE('',#2466,3.5);
#2468=CARTESIAN_POINT('',(41.994801009,18.4,-34.592047215));
#2469=VERTEX_POINT('',#2468);
#2470=CARTESIAN_POINT('',(41.994801009,18.4,-34.592047215));
#2471=CARTESIAN_POINT('',(41.967447708,18.4,-34.54466991));
#2472=CARTESIAN_POINT('',(41.949949221,18.398680636,-34.492790323));
#2473=CARTESIAN_POINT('',(41.942893903,18.396410713,-34.439032654));
#2474=CARTESIAN_POINT('',(41.935838585,18.394140791,-34.385274985));
#2475=CARTESIAN_POINT('',(41.939519698,18.390951,-34.330196001));
#2476=CARTESIAN_POINT('',(41.953475172,18.38775347,-34.278118333));
#2477=CARTESIAN_POINT('',(41.967430645,18.384555939,-34.226040665));
#2478=CARTESIAN_POINT('',(41.99195285,18.381345912,-34.176299805));
#2479=CARTESIAN_POINT('',(42.024724109,18.37907856,-34.133541953));
#2480=CARTESIAN_POINT('',(42.057495368,18.376811208,-34.090784101));
#2481=CARTESIAN_POINT('',(42.099215178,18.375469583,-34.054115012));
#2482=CARTESIAN_POINT('',(42.14596489,18.375464935,-34.027078966));
#2483=CARTESIAN_POINT('',(42.192714602,18.375460288,-34.000042921));
#2484=CARTESIAN_POINT('',(42.245043333,18.376780569,-33.982193452));
#2485=CARTESIAN_POINT('',(42.298801423,18.379057291,-33.975079793));
#2486=CARTESIAN_POINT('',(42.352559512,18.381334013,-33.967966134));
#2487=CARTESIAN_POINT('',(42.407139724,18.384500981,-33.971436879));
#2488=CARTESIAN_POINT('',(42.459879747,18.38773784,-33.985530402));
#2489=CARTESIAN_POINT('',(42.565359792,18.394211557,-34.013717447));
#2490=CARTESIAN_POINT('',(42.656635302,18.4,-34.083597745));
#2491=CARTESIAN_POINT('',(42.711341808,18.4,-34.178352192));
#2492=B_SPLINE_CURVE_WITH_KNOTS('',3,(#2470,#2471,#2472,#2473,#2474,#2475,#2476,#2477,#2478,#2479,#2480,#2481,#2482,#2483,#2484,#2485,#2486,#2487,#2488,#2489,#2490,#2491),.UNSPECIFIED.,.F.,.F.,(4,3,3,3,3,3,3,4),(0.,0.000161779,0.000323559,0.000485338,0.000647118,0.000808897,0.000970677,0.001294236),.UNSPECIFIED.);
#2493=EDGE_CURVE('',#2469,#2107,#2492,.T.);
#2494=ORIENTED_EDGE('',*,*,#2493,.F.);
#2495=CARTESIAN_POINT('',(41.288071086,18.4,-35.000077927));
#2496=VERTEX_POINT('',#2495);
#2497=CARTESIAN_POINT('',(41.994801009,18.4,-34.592047215));
#2498=DIRECTION('',(-0.866025404,0.,-0.5));
#2499=VECTOR('',#2498,0.816061422);
#2500=LINE('',#2497,#2499);
#2501=EDGE_CURVE('',#2469,#2496,#2500,.T.);
#2502=ORIENTED_EDGE('',*,*,#2501,.T.);
#2503=CARTESIAN_POINT('',(41.361162234,18.399381074,-34.881877835));
#2504=VERTEX_POINT('',#2503);
#2505=CARTESIAN_POINT('',(41.361162234,18.399381074,-34.881877835));
#2506=CARTESIAN_POINT('',(41.332204972,18.39970425,-34.918436752));
#2507=CARTESIAN_POINT('',(41.307841323,18.4,-34.957836356));
#2508=CARTESIAN_POINT('',(41.288071086,18.4,-35.000077927));
#2509=B_SPLINE_CURVE_WITH_KNOTS('',3,(#2505,#2506,#2507,#2508),.UNSPECIFIED.,.F.,.F.,(4,4),(0.,0.000138975),.UNSPECIFIED.);
#2510=EDGE_CURVE('',#2504,#2496,#2509,.T.);
#2511=ORIENTED_EDGE('',*,*,#2510,.F.);
#2512=CARTESIAN_POINT('',(41.389909097,18.378068868,-34.489563599));
#2513=VERTEX_POINT('',#2512);
#2514=CARTESIAN_POINT('',(41.389909097,18.378068868,-34.489563599));
#2515=CARTESIAN_POINT('',(41.424858075,18.385930713,-34.550097004));
#2516=CARTESIAN_POINT('',(41.440866601,18.391346229,-34.620131575));
#2517=CARTESIAN_POINT('',(41.435910406,18.394561153,-34.689504889));
#2518=CARTESIAN_POINT('',(41.430954211,18.397776077,-34.758878203));
#2519=CARTESIAN_POINT('',(41.40483779,18.398893634,-34.826736882));
#2520=CARTESIAN_POINT('',(41.361162234,18.399381074,-34.881877835));
#2521=B_SPLINE_CURVE_WITH_KNOTS('',3,(#2514,#2515,#2516,#2517,#2518,#2519,#2520),.UNSPECIFIED.,.F.,.F.,(4,3,4),(0.,0.000208039,0.000416079),.UNSPECIFIED.);
#2522=EDGE_CURVE('',#2513,#2504,#2521,.T.);
#2523=ORIENTED_EDGE('',*,*,#2522,.F.);
#2524=CARTESIAN_POINT('',(41.381882652,18.376225769,-34.475661388));
#2525=VERTEX_POINT('',#2524);
#2526=CARTESIAN_POINT('',(41.585508783,14.9,-34.828352192));
#2527=DIRECTION('',(0.866025404,-0.,0.5));
#2528=DIRECTION('',(-0.5,0.,0.866025404));
#2529=AXIS2_PLACEMENT_3D('',#2526,#2527,#2528);
#2530=CIRCLE('',#2529,3.5);
#2531=EDGE_CURVE('',#2513,#2525,#2530,.T.);
#2532=ORIENTED_EDGE('',*,*,#2531,.T.);
#2533=CARTESIAN_POINT('',(41.027755126,18.322462417,-34.304399783));
#2534=VERTEX_POINT('',#2533);
#2535=CARTESIAN_POINT('',(41.027755126,18.322462417,-34.304399783));
#2536=CARTESIAN_POINT('',(41.097599288,18.328030248,-34.294108854));
#2537=CARTESIAN_POINT('',(41.168604547,18.337434532,-34.305344144));
#2538=CARTESIAN_POINT('',(41.231071805,18.347487487,-34.335533944));
#2539=CARTESIAN_POINT('',(41.293539062,18.357540442,-34.365723744));
#2540=CARTESIAN_POINT('',(41.346722446,18.367987481,-34.414762125));
#2541=CARTESIAN_POINT('',(41.381882652,18.376225769,-34.475661388));
#2542=B_SPLINE_CURVE_WITH_KNOTS('',3,(#2535,#2536,#2537,#2538,#2539,#2540,#2541),.UNSPECIFIED.,.F.,.F.,(4,3,4),(0.,0.000209383,0.000418766),.UNSPECIFIED.);
#2543=EDGE_CURVE('',#2534,#2525,#2542,.T.);
#2544=ORIENTED_EDGE('',*,*,#2543,.F.);
#2545=CARTESIAN_POINT('',(40.413704265,17.9,-33.423227846));
#2546=VERTEX_POINT('',#2545);
#2547=CARTESIAN_POINT('',(40.413704265,17.9,-33.423227846));
#2548=CARTESIAN_POINT('',(40.386677781,17.917634098,-33.472716181));
#2549=CARTESIAN_POINT('',(40.367612504,17.937919742,-33.523820179));
#2550=CARTESIAN_POINT('',(40.35550324,17.959925503,-33.576573386));
#2551=CARTESIAN_POINT('',(40.343393977,17.981931264,-33.629326593));
#2552=CARTESIAN_POINT('',(40.33855341,18.005619134,-33.683550016));
#2553=CARTESIAN_POINT('',(40.340855692,18.029277066,-33.736750406));
#2554=CARTESIAN_POINT('',(40.343157973,18.052934998,-33.789950795));
#2555=CARTESIAN_POINT('',(40.352713574,18.077168794,-33.843496815));
#2556=CARTESIAN_POINT('',(40.369069875,18.10030585,-33.894390333));
#2557=CARTESIAN_POINT('',(40.385426176,18.123442907,-33.945283851));
#2558=CARTESIAN_POINT('',(40.408567253,18.145764247,-33.99415768));
#2559=CARTESIAN_POINT('',(40.438731349,18.166860922,-34.040102094));
#2560=CARTESIAN_POINT('',(40.468895445,18.187957596,-34.086046507));
#2561=CARTESIAN_POINT('',(40.504931733,18.207075668,-34.127420653));
#2562=CARTESIAN_POINT('',(40.54702632,18.224423277,-34.163953088));
#2563=CARTESIAN_POINT('',(40.589120906,18.241770886,-34.200485523));
#2564=CARTESIAN_POINT('',(40.637345619,18.257202464,-34.231802273));
#2565=CARTESIAN_POINT('',(40.688807447,18.270178399,-34.255559971));
#2566=CARTESIAN_POINT('',(40.740269274,18.283154333,-34.279317669));
#2567=CARTESIAN_POINT('',(40.796615141,18.294082486,-34.296194145));
#2568=CARTESIAN_POINT('',(40.85363291,18.302685411,-34.304516933));
#2569=CARTESIAN_POINT('',(40.910650679,18.311288336,-34.312839722));
#2570=CARTESIAN_POINT('',(40.969458756,18.317815153,-34.312989246));
#2571=CARTESIAN_POINT('',(41.027755126,18.322462417,-34.304399783));
#2572=B_SPLINE_CURVE_WITH_KNOTS('',3,(#2547,#2548,#2549,#2550,#2551,#2552,#2553,#2554,#2555,#2556,#2557,#2558,#2559,#2560,#2561,#2562,#2563,#2564,#2565,#2566,#2567,#2568,#2569,#2570,#2571),.UNSPECIFIED.,.F.,.F.,(4,3,3,3,3,3,3,3,4),(0.,0.000174497,0.000348993,0.00052349,0.000697987,0.000872483,0.00104698,0.001221477,0.001395973),.UNSPECIFIED.);
#2573=EDGE_CURVE('',#2546,#2534,#2572,.T.);
#2574=ORIENTED_EDGE('',*,*,#2573,.F.);
#2575=CARTESIAN_POINT('',(39.558287939,17.9,-33.917102693));
#2576=VERTEX_POINT('',#2575);
#2577=CARTESIAN_POINT('',(39.558287939,17.9,-33.917102693));
#2578=DIRECTION('',(0.866025404,-0.,0.5));
#2579=VECTOR('',#2578,0.987749692);
#2580=LINE('',#2577,#2579);
#2581=EDGE_CURVE('',#2576,#2546,#2580,.T.);
#2582=ORIENTED_EDGE('',*,*,#2581,.F.);
#2583=CARTESIAN_POINT('',(40.459675758,14.9,-35.478352192));
#2584=DIRECTION('',(0.866025404,-0.,0.5));
#2585=DIRECTION('',(-0.5,0.,0.866025404));
#2586=AXIS2_PLACEMENT_3D('',#2583,#2584,#2585);
#2587=CIRCLE('',#2586,3.5);
#2588=EDGE_CURVE('',#2576,#1710,#2587,.T.);
#2589=ORIENTED_EDGE('',*,*,#2588,.T.);
#2590=ORIENTED_EDGE('',*,*,#2442,.F.);
#2591=ORIENTED_EDGE('',*,*,#2120,.T.);
#2592=EDGE_LOOP('',(#2494,#2502,#2511,#2523,#2532,#2544,#2574,#2582,#2589,#2590,#2591));
#2593=FACE_BOUND('',#2592,.T.);
#2594=ADVANCED_FACE('',(#2593),#2467,.T.);
#2595=CARTESIAN_POINT('',(45.811524262,18.4,-37.544025716));
#2596=DIRECTION('',(-0.,1.,0.));
#2597=DIRECTION('',(-0.5,-0.,0.866025404));
#2598=AXIS2_PLACEMENT_3D('',#2595,#2596,#2597);
#2599=PLANE('',#2598);
#2600=CARTESIAN_POINT('',(42.351112383,18.4,-34.954416526));
#2601=VERTEX_POINT('',#2600);
#2602=CARTESIAN_POINT('',(42.140213819,18.4,-34.739932306));
#2603=VERTEX_POINT('',#2602);
#2604=CARTESIAN_POINT('',(41.83149714,18.4,-35.254416526));
#2605=DIRECTION('',(0.,-1.,-0.));
#2606=DIRECTION('',(-0.5,-0.,0.866025404));
#2607=AXIS2_PLACEMENT_3D('',#2604,#2605,#2606);
#2608=CIRCLE('',#2607,0.6);
#2609=EDGE_CURVE('',#2601,#2603,#2608,.T.);
#2610=ORIENTED_EDGE('',*,*,#2609,.F.);
#2611=CARTESIAN_POINT('',(41.83149714,18.4,-35.254416526));
#2612=DIRECTION('',(0.,-1.,-0.));
#2613=DIRECTION('',(-0.5,-0.,0.866025404));
#2614=AXIS2_PLACEMENT_3D('',#2611,#2612,#2613);
#2615=CIRCLE('',#2614,0.6);
#2616=EDGE_CURVE('',#2496,#2601,#2615,.T.);
#2617=ORIENTED_EDGE('',*,*,#2616,.F.);
#2618=ORIENTED_EDGE('',*,*,#2501,.F.);
#2619=CARTESIAN_POINT('',(42.353071408,18.4,-34.385199704));
#2620=DIRECTION('',(-0.,1.,0.));
#2621=DIRECTION('',(-0.5,-0.,0.866025404));
#2622=AXIS2_PLACEMENT_3D('',#2619,#2620,#2621);
#2623=CIRCLE('',#2622,0.413695023);
#2624=EDGE_CURVE('',#2603,#2469,#2623,.T.);
#2625=ORIENTED_EDGE('',*,*,#2624,.F.);
#2626=EDGE_LOOP('',(#2610,#2617,#2618,#2625));
#2627=FACE_BOUND('',#2626,.T.);
#2628=ADVANCED_FACE('',(#2627),#2599,.T.);
#2629=CARTESIAN_POINT('',(48.043949262,14.9,-41.41069924));
#2630=DIRECTION('',(-0.866025404,0.,-0.5));
#2631=DIRECTION('',(-0.5,0.,0.866025404));
#2632=AXIS2_PLACEMENT_3D('',#2629,#2630,#2631);
#2633=CYLINDRICAL_SURFACE('',#2632,3.5);
#2634=ORIENTED_EDGE('',*,*,#2210,.T.);
#2635=CARTESIAN_POINT('',(48.912488304,14.9,-44.950699875));
#2636=VERTEX_POINT('',#2635);
#2637=CARTESIAN_POINT('',(53.565709846,14.9,-38.222709281));
#2638=DIRECTION('',(-0.822456305,0.,0.568828292));
#2639=DIRECTION('',(-0.568828292,0.,-0.822456305));
#2640=AXIS2_PLACEMENT_3D('',#2637,#2638,#2639);
#2641=ELLIPSE('',#2640,8.180362348,3.5);
#2642=EDGE_CURVE('',#2188,#2636,#2641,.T.);
#2643=ORIENTED_EDGE('',*,*,#2642,.T.);
#2644=CARTESIAN_POINT('',(46.833437117,14.9,-46.151040638));
#2645=VERTEX_POINT('',#2644);
#2646=CARTESIAN_POINT('',(48.912488304,14.9,-44.950699875));
#2647=DIRECTION('',(-0.866025404,0.,-0.5));
#2648=VECTOR('',#2647,2.400681526);
#2649=LINE('',#2646,#2648);
#2650=EDGE_CURVE('',#2636,#2645,#2649,.T.);
#2651=ORIENTED_EDGE('',*,*,#2650,.T.);
#2652=CARTESIAN_POINT('',(46.670985871,15.122504581,-46.23665689));
#2653=VERTEX_POINT('',#2652);
#2654=CARTESIAN_POINT('',(46.833437117,14.9,-46.151040638));
#2655=CARTESIAN_POINT('',(46.780129921,14.973920666,-46.181817561));
#2656=CARTESIAN_POINT('',(46.72584899,15.047955788,-46.210465185));
#2657=CARTESIAN_POINT('',(46.670985871,15.122504581,-46.23665689));
#2658=B_SPLINE_CURVE_WITH_KNOTS('',3,(#2654,#2655,#2656,#2657),.UNSPECIFIED.,.F.,.F.,(4,4),(0.,0.000288494),.UNSPECIFIED.);
#2659=EDGE_CURVE('',#2645,#2653,#2658,.T.);
#2660=ORIENTED_EDGE('',*,*,#2659,.T.);
#2661=CARTESIAN_POINT('',(44.924525758,14.9,-43.21169924));
#2662=DIRECTION('',(0.866025404,-0.,0.5));
#2663=DIRECTION('',(-0.5,0.,0.866025404));
#2664=AXIS2_PLACEMENT_3D('',#2661,#2662,#2663);
#2665=CIRCLE('',#2664,3.5);
#2666=EDGE_CURVE('',#2653,#629,#2665,.T.);
#2667=ORIENTED_EDGE('',*,*,#2666,.T.);
#2668=ORIENTED_EDGE('',*,*,#651,.F.);
#2669=ORIENTED_EDGE('',*,*,#667,.F.);
#2670=EDGE_LOOP('',(#2634,#2643,#2651,#2660,#2667,#2668,#2669));
#2671=FACE_BOUND('',#2670,.T.);
#2672=ADVANCED_FACE('',(#2671),#2633,.T.);
#2673=CARTESIAN_POINT('',(40.459675758,14.9,-35.478352192));
#2674=DIRECTION('',(-0.866025404,0.,-0.5));
#2675=DIRECTION('',(-0.5,0.,0.866025404));
#2676=AXIS2_PLACEMENT_3D('',#2673,#2674,#2675);
#2677=TOROIDAL_SURFACE('',#2676,2.6,0.9);
#2678=ORIENTED_EDGE('',*,*,#1724,.T.);
#2679=ORIENTED_EDGE('',*,*,#2588,.F.);
#2680=CARTESIAN_POINT('',(40.459675758,18.4,-35.478352192));
#2681=VERTEX_POINT('',#2680);
#2682=CARTESIAN_POINT('',(40.459675758,14.9,-35.478352192));
#2683=DIRECTION('',(0.866025404,-0.,0.5));
#2684=DIRECTION('',(-0.5,0.,0.866025404));
#2685=AXIS2_PLACEMENT_3D('',#2682,#2683,#2684);
#2686=CIRCLE('',#2685,3.5);
#2687=EDGE_CURVE('',#2681,#2576,#2686,.T.);
#2688=ORIENTED_EDGE('',*,*,#2687,.F.);
#2689=CARTESIAN_POINT('',(39.680252894,17.5,-35.928352192));
#2690=VERTEX_POINT('',#2689);
#2691=CARTESIAN_POINT('',(40.459675758,17.5,-35.478352192));
#2692=DIRECTION('',(0.5,0.,-0.866025404));
#2693=DIRECTION('',(-0.866025404,0.,-0.5));
#2694=AXIS2_PLACEMENT_3D('',#2691,#2692,#2693);
#2695=CIRCLE('',#2694,0.9);
#2696=EDGE_CURVE('',#2690,#2681,#2695,.T.);
#2697=ORIENTED_EDGE('',*,*,#2696,.F.);
#2698=CARTESIAN_POINT('',(39.680252894,14.9,-35.928352192));
#2699=DIRECTION('',(-0.866025404,0.,-0.5));
#2700=DIRECTION('',(-0.5,0.,0.866025404));
#2701=AXIS2_PLACEMENT_3D('',#2698,#2699,#2700);
#2702=CIRCLE('',#2701,2.6);
#2703=EDGE_CURVE('',#1718,#2690,#2702,.T.);
#2704=ORIENTED_EDGE('',*,*,#2703,.F.);
#2705=EDGE_LOOP('',(#2678,#2679,#2688,#2697,#2704));
#2706=FACE_BOUND('',#2705,.T.);
#2707=ADVANCED_FACE('',(#2706),#2677,.T.);
#2708=CARTESIAN_POINT('',(40.459675758,-14.9,-35.478352192));
#2709=DIRECTION('',(-0.866025404,0.,-0.5));
#2710=DIRECTION('',(-0.5,0.,0.866025404));
#2711=AXIS2_PLACEMENT_3D('',#2708,#2709,#2710);
#2712=TOROIDAL_SURFACE('',#2711,2.6,0.9);
#2713=ORIENTED_EDGE('',*,*,#1739,.T.);
#2714=CARTESIAN_POINT('',(39.680252894,-17.5,-35.928352192));
#2715=VERTEX_POINT('',#2714);
#2716=CARTESIAN_POINT('',(39.680252894,-14.9,-35.928352192));
#2717=DIRECTION('',(-0.866025404,0.,-0.5));
#2718=DIRECTION('',(-0.5,0.,0.866025404));
#2719=AXIS2_PLACEMENT_3D('',#2716,#2717,#2718);
#2720=CIRCLE('',#2719,2.6);
#2721=EDGE_CURVE('',#2715,#1727,#2720,.T.);
#2722=ORIENTED_EDGE('',*,*,#2721,.F.);
#2723=CARTESIAN_POINT('',(40.459675758,-18.4,-35.478352192));
#2724=VERTEX_POINT('',#2723);
#2725=CARTESIAN_POINT('',(40.459675758,-17.5,-35.478352192));
#2726=DIRECTION('',(0.5,0.,-0.866025404));
#2727=DIRECTION('',(-0.866025404,0.,-0.5));
#2728=AXIS2_PLACEMENT_3D('',#2725,#2726,#2727);
#2729=CIRCLE('',#2728,0.9);
#2730=EDGE_CURVE('',#2724,#2715,#2729,.T.);
#2731=ORIENTED_EDGE('',*,*,#2730,.F.);
#2732=CARTESIAN_POINT('',(40.459675758,-14.9,-35.478352192));
#2733=DIRECTION('',(-0.866025404,-0.,-0.5));
#2734=DIRECTION('',(0.5,0.,-0.866025404));
#2735=AXIS2_PLACEMENT_3D('',#2732,#2733,#2734);
#2736=CIRCLE('',#2735,3.5);
#2737=EDGE_CURVE('',#2724,#2336,#2736,.T.);
#2738=ORIENTED_EDGE('',*,*,#2737,.T.);
#2739=ORIENTED_EDGE('',*,*,#2342,.F.);
#2740=EDGE_LOOP('',(#2713,#2722,#2731,#2738,#2739));
#2741=FACE_BOUND('',#2740,.T.);
#2742=ADVANCED_FACE('',(#2741),#2712,.T.);
#2743=CARTESIAN_POINT('',(19.8181,17.5,0.273905769));
#2744=DIRECTION('',(0.5,0.,-0.866025404));
#2745=DIRECTION('',(-0.,1.,0.));
#2746=AXIS2_PLACEMENT_3D('',#2743,#2744,#2745);
#2747=CYLINDRICAL_SURFACE('',#2746,0.9);
#2748=ORIENTED_EDGE('',*,*,#2696,.T.);
#2749=CARTESIAN_POINT('',(44.274525758,18.4,-42.085866215));
#2750=DIRECTION('',(-0.5,-0.,0.866025404));
#2751=VECTOR('',#2750,7.6297);
#2752=LINE('',#2749,#2751);
#2753=EDGE_CURVE('',#631,#2681,#2752,.T.);
#2754=ORIENTED_EDGE('',*,*,#2753,.F.);
#2755=ORIENTED_EDGE('',*,*,#636,.F.);
#2756=CARTESIAN_POINT('',(44.145102894,17.5,-43.66169924));
#2757=VERTEX_POINT('',#2756);
#2758=CARTESIAN_POINT('',(44.924525758,17.5,-43.21169924));
#2759=DIRECTION('',(0.5,0.,-0.866025404));
#2760=DIRECTION('',(-0.866025404,0.,-0.5));
#2761=AXIS2_PLACEMENT_3D('',#2758,#2759,#2760);
#2762=CIRCLE('',#2761,0.9);
#2763=EDGE_CURVE('',#2757,#629,#2762,.T.);
#2764=ORIENTED_EDGE('',*,*,#2763,.F.);
#2765=CARTESIAN_POINT('',(39.680252894,17.5,-35.928352192));
#2766=DIRECTION('',(0.5,0.,-0.866025404));
#2767=VECTOR('',#2766,8.9297);
#2768=LINE('',#2765,#2767);
#2769=EDGE_CURVE('',#2690,#2757,#2768,.T.);
#2770=ORIENTED_EDGE('',*,*,#2769,.F.);
#2771=EDGE_LOOP('',(#2748,#2754,#2755,#2764,#2770));
#2772=FACE_BOUND('',#2771,.T.);
#2773=ADVANCED_FACE('',(#2772),#2747,.T.);
#2774=CARTESIAN_POINT('',(19.8181,-17.5,0.273905769));
#2775=DIRECTION('',(-0.5,0.,0.866025404));
#2776=DIRECTION('',(0.866025404,0.,0.5));
#2777=AXIS2_PLACEMENT_3D('',#2774,#2775,#2776);
#2778=CYLINDRICAL_SURFACE('',#2777,0.9);
#2779=ORIENTED_EDGE('',*,*,#2730,.T.);
#2780=CARTESIAN_POINT('',(44.145102894,-17.5,-43.66169924));
#2781=VERTEX_POINT('',#2780);
#2782=CARTESIAN_POINT('',(44.145102894,-17.5,-43.66169924));
#2783=DIRECTION('',(-0.5,0.,0.866025404));
#2784=VECTOR('',#2783,8.9297);
#2785=LINE('',#2782,#2784);
#2786=EDGE_CURVE('',#2781,#2715,#2785,.T.);
#2787=ORIENTED_EDGE('',*,*,#2786,.F.);
#2788=CARTESIAN_POINT('',(44.924525758,-17.5,-43.21169924));
#2789=DIRECTION('',(0.5,0.,-0.866025404));
#2790=DIRECTION('',(-0.866025404,0.,-0.5));
#2791=AXIS2_PLACEMENT_3D('',#2788,#2789,#2790);
#2792=CIRCLE('',#2791,0.9);
#2793=EDGE_CURVE('',#726,#2781,#2792,.T.);
#2794=ORIENTED_EDGE('',*,*,#2793,.F.);
#2795=ORIENTED_EDGE('',*,*,#746,.F.);
#2796=CARTESIAN_POINT('',(40.459675758,-18.4,-35.478352192));
#2797=DIRECTION('',(0.5,-0.,-0.866025404));
#2798=VECTOR('',#2797,7.6297);
#2799=LINE('',#2796,#2798);
#2800=EDGE_CURVE('',#2724,#734,#2799,.T.);
#2801=ORIENTED_EDGE('',*,*,#2800,.F.);
#2802=EDGE_LOOP('',(#2779,#2787,#2794,#2795,#2801));
#2803=FACE_BOUND('',#2802,.T.);
#2804=ADVANCED_FACE('',(#2803),#2778,.T.);
#2805=CARTESIAN_POINT('',(44.924525758,14.9,-43.21169924));
#2806=DIRECTION('',(-0.866025404,0.,-0.5));
#2807=DIRECTION('',(-0.5,0.,0.866025404));
#2808=AXIS2_PLACEMENT_3D('',#2805,#2806,#2807);
#2809=TOROIDAL_SURFACE('',#2808,2.6,0.9);
#2810=ORIENTED_EDGE('',*,*,#2666,.F.);
#2811=CARTESIAN_POINT('',(45.441298343,15.098769812,-45.906775614));
#2812=VERTEX_POINT('',#2811);
#2813=CARTESIAN_POINT('',(46.670985871,15.122504581,-46.23665689));
#2814=CARTESIAN_POINT('',(46.626702019,15.182678116,-46.257798044));
#2815=CARTESIAN_POINT('',(46.571200076,15.229520051,-46.279855174));
#2816=CARTESIAN_POINT('',(46.509038886,15.270767603,-46.296715084));
#2817=CARTESIAN_POINT('',(46.446877696,15.312015156,-46.313574993));
#2818=CARTESIAN_POINT('',(46.378702035,15.346523804,-46.325097943));
#2819=CARTESIAN_POINT('',(46.308637157,15.37675045,-46.328827488));
#2820=CARTESIAN_POINT('',(46.168507401,15.437203743,-46.336286579));
#2821=CARTESIAN_POINT('',(46.0198098,15.482164847,-46.312173847));
#2822=CARTESIAN_POINT('',(45.88201807,15.514992584,-46.255312774));
#2823=CARTESIAN_POINT('',(45.813122205,15.531406452,-46.226882237));
#2824=CARTESIAN_POINT('',(45.747675723,15.544694457,-46.191051005));
#2825=CARTESIAN_POINT('',(45.685356962,15.551684531,-46.147336716));
#2826=CARTESIAN_POINT('',(45.654197581,15.555179568,-46.125479572));
#2827=CARTESIAN_POINT('',(45.623630041,15.557082372,-46.101407388));
#2828=CARTESIAN_POINT('',(45.594987212,15.554978917,-46.076197905));
#2829=CARTESIAN_POINT('',(45.566344383,15.552875462,-46.050988423));
#2830=CARTESIAN_POINT('',(45.538319381,15.546988587,-46.023277017));
#2831=CARTESIAN_POINT('',(45.515102887,15.529092212,-45.998058006));
#2832=CARTESIAN_POINT('',(45.50349464,15.520144024,-45.985448501));
#2833=CARTESIAN_POINT('',(45.493166585,15.507706024,-45.973591912));
#2834=CARTESIAN_POINT('',(45.485155211,15.492937306,-45.964106084));
#2835=CARTESIAN_POINT('',(45.477143837,15.478168589,-45.954620256));
#2836=CARTESIAN_POINT('',(45.471076732,15.460799049,-45.947109855));
#2837=CARTESIAN_POINT('',(45.466472578,15.442893146,-45.941309221));
#2838=CARTESIAN_POINT('',(45.457264269,15.407081342,-45.929707954));
#2839=CARTESIAN_POINT('',(45.452926155,15.368411519,-45.923780111));
#2840=CARTESIAN_POINT('',(45.449795799,15.330102999,-45.919452278));
#2841=CARTESIAN_POINT('',(45.443535088,15.25348596,-45.910796611));
#2842=CARTESIAN_POINT('',(45.442285461,15.176156295,-45.908485352));
#2843=CARTESIAN_POINT('',(45.441298343,15.098769812,-45.906775614));
#2844=B_SPLINE_CURVE_WITH_KNOTS('',3,(#2813,#2814,#2815,#2816,#2817,#2818,#2819,#2820,#2821,#2822,#2823,#2824,#2825,#2826,#2827,#2828,#2829,#2830,#2831,#2832,#2833,#2834,#2835,#2836,#2837,#2838,
#2839,#2840,#2841,#2842,#2843),.UNSPECIFIED.,.F.,.F.,(4,3,3,3,3,3,3,3,3,3,4),(0.,0.00022754,0.00045508,0.000910159,0.001137699,0.001251469,0.001365239,0.001422124,0.001479009,0.001592779,0.001820319),.UNSPECIFIED.);
#2845=EDGE_CURVE('',#2653,#2812,#2844,.T.);
#2846=ORIENTED_EDGE('',*,*,#2845,.T.);
#2847=CARTESIAN_POINT('',(44.145102894,14.9,-43.66169924));
#2848=DIRECTION('',(-0.866025404,0.,-0.5));
#2849=DIRECTION('',(-0.5,0.,0.866025404));
#2850=AXIS2_PLACEMENT_3D('',#2847,#2848,#2849);
#2851=CIRCLE('',#2850,2.6);
#2852=EDGE_CURVE('',#2757,#2812,#2851,.T.);
#2853=ORIENTED_EDGE('',*,*,#2852,.F.);
#2854=ORIENTED_EDGE('',*,*,#2763,.T.);
#2855=EDGE_LOOP('',(#2810,#2846,#2853,#2854));
#2856=FACE_BOUND('',#2855,.T.);
#2857=ADVANCED_FACE('',(#2856),#2809,.T.);
#2858=CARTESIAN_POINT('',(44.924525758,-14.9,-43.21169924));
#2859=DIRECTION('',(-0.866025404,0.,-0.5));
#2860=DIRECTION('',(-0.5,0.,0.866025404));
#2861=AXIS2_PLACEMENT_3D('',#2858,#2859,#2860);
#2862=TOROIDAL_SURFACE('',#2861,2.6,0.9);
#2863=CARTESIAN_POINT('',(45.441298343,-15.098769812,-45.906775614));
#2864=VERTEX_POINT('',#2863);
#2865=CARTESIAN_POINT('',(44.145102894,-14.9,-43.66169924));
#2866=DIRECTION('',(-0.866025404,0.,-0.5));
#2867=DIRECTION('',(-0.5,0.,0.866025404));
#2868=AXIS2_PLACEMENT_3D('',#2865,#2866,#2867);
#2869=CIRCLE('',#2868,2.6);
#2870=EDGE_CURVE('',#2864,#2781,#2869,.T.);
#2871=ORIENTED_EDGE('',*,*,#2870,.F.);
#2872=CARTESIAN_POINT('',(45.441298343,-15.098769812,-45.906775614));
#2873=CARTESIAN_POINT('',(45.442283707,-15.176018799,-45.908482315));
#2874=CARTESIAN_POINT('',(45.443544536,-15.253449194,-45.910807933));
#2875=CARTESIAN_POINT('',(45.449780215,-15.329912126,-45.919430731));
#2876=CARTESIAN_POINT('',(45.452898055,-15.368143592,-45.92374213));
#2877=CARTESIAN_POINT('',(45.457182735,-15.406396534,-45.929596021));
#2878=CARTESIAN_POINT('',(45.466262703,-15.44207282,-45.941044706));
#2879=CARTESIAN_POINT('',(45.470802687,-15.459910963,-45.946769048));
#2880=CARTESIAN_POINT('',(45.476727321,-15.477144199,-45.954112303));
#2881=CARTESIAN_POINT('',(45.484657587,-15.492012178,-45.963516421));
#2882=CARTESIAN_POINT('',(45.492587852,-15.506880156,-45.972920539));
#2883=CARTESIAN_POINT('',(45.502643817,-15.519260132,-45.984490483));
#2884=CARTESIAN_POINT('',(45.514168612,-15.528363228,-45.997041827));
#2885=CARTESIAN_POINT('',(45.537218203,-15.54656942,-46.022144515));
#2886=CARTESIAN_POINT('',(45.56519065,-15.552683489,-46.04990536));
#2887=CARTESIAN_POINT('',(45.593956083,-15.554901326,-46.075289186));
#2888=CARTESIAN_POINT('',(45.622721516,-15.557119164,-46.100673012));
#2889=CARTESIAN_POINT('',(45.652758421,-15.55529346,-46.124399587));
#2890=CARTESIAN_POINT('',(45.68410808,-15.551823678,-46.146459293));
#2891=CARTESIAN_POINT('',(45.746807397,-15.544884114,-46.190578706));
#2892=CARTESIAN_POINT('',(45.812873515,-15.531455738,-46.22674867));
#2893=CARTESIAN_POINT('',(45.881660833,-15.515077668,-46.255165275));
#2894=CARTESIAN_POINT('',(46.01923547,-15.482321529,-46.311998486));
#2895=CARTESIAN_POINT('',(46.168279946,-15.43728189,-46.336270281));
#2896=CARTESIAN_POINT('',(46.308440848,-15.376835129,-46.328837916));
#2897=CARTESIAN_POINT('',(46.378521299,-15.346611748,-46.325121734));
#2898=CARTESIAN_POINT('',(46.445479347,-15.312779778,-46.313854795));
#2899=CARTESIAN_POINT('',(46.50767372,-15.271671742,-46.297084252));
#2900=CARTESIAN_POINT('',(46.569868093,-15.230563706,-46.28031371));
#2901=CARTESIAN_POINT('',(46.626814312,-15.182525196,-46.25774446));
#2902=CARTESIAN_POINT('',(46.670985871,-15.122504581,-46.23665689));
#2903=B_SPLINE_CURVE_WITH_KNOTS('',3,(#2872,#2873,#2874,#2875,#2876,#2877,#2878,#2879,#2880,#2881,#2882,#2883,#2884,#2885,#2886,#2887,#2888,#2889,#2890,#2891,#2892,#2893,#2894,#2895,#2896,#2897,
#2898,#2899,#2900,#2901,#2902),.UNSPECIFIED.,.F.,.F.,(4,3,3,3,3,3,3,3,3,3,4),(0.,0.00023177,0.000347655,0.000405597,0.000463539,0.000579424,0.000695309,0.000927079,0.001390618,0.001622388,0.001854158),.UNSPECIFIED.);
#2904=EDGE_CURVE('',#2864,#2222,#2903,.T.);
#2905=ORIENTED_EDGE('',*,*,#2904,.T.);
#2906=ORIENTED_EDGE('',*,*,#2228,.F.);
#2907=ORIENTED_EDGE('',*,*,#2793,.T.);
#2908=EDGE_LOOP('',(#2871,#2905,#2906,#2907));
#2909=FACE_BOUND('',#2908,.T.);
#2910=ADVANCED_FACE('',(#2909),#2862,.T.);
#2911=CARTESIAN_POINT('',(46.224525758,0.,-45.46336529));
#2912=DIRECTION('',(0.,-1.,-0.));
#2913=DIRECTION('',(0.5,0.,-0.866025404));
#2914=AXIS2_PLACEMENT_3D('',#2911,#2912,#2913);
#2915=CYLINDRICAL_SURFACE('',#2914,0.9);
#2916=ORIENTED_EDGE('',*,*,#1241,.F.);
#2917=CARTESIAN_POINT('',(46.224525758,-7.5,-45.46336529));
#2918=DIRECTION('',(-0.,1.,0.));
#2919=DIRECTION('',(-0.866025404,0.,-0.5));
#2920=AXIS2_PLACEMENT_3D('',#2917,#2918,#2919);
#2921=CIRCLE('',#2920,0.9);
#2922=EDGE_CURVE('',#1228,#776,#2921,.T.);
#2923=ORIENTED_EDGE('',*,*,#2922,.T.);
#2924=ORIENTED_EDGE('',*,*,#781,.F.);
#2925=CARTESIAN_POINT('',(45.445102894,-14.499031313,-45.91336529));
#2926=VERTEX_POINT('',#2925);
#2927=CARTESIAN_POINT('',(45.486647838,-13.704546011,-45.978667314));
#2928=CARTESIAN_POINT('',(45.464793199,-13.968172606,-45.947372937));
#2929=CARTESIAN_POINT('',(45.451637783,-14.232971878,-45.924684049));
#2930=CARTESIAN_POINT('',(45.445102894,-14.499031313,-45.91336529));
#2931=B_SPLINE_CURVE_WITH_KNOTS('',3,(#2927,#2928,#2929,#2930),.UNSPECIFIED.,.F.,.F.,(4,4),(0.,0.000798247),.UNSPECIFIED.);
#2932=EDGE_CURVE('',#767,#2926,#2931,.T.);
#2933=ORIENTED_EDGE('',*,*,#2932,.T.);
#2934=CARTESIAN_POINT('',(45.445102894,14.499031313,-45.91336529));
#2935=VERTEX_POINT('',#2934);
#2936=CARTESIAN_POINT('',(45.445102894,14.499031313,-45.91336529));
#2937=DIRECTION('',(0.,-1.,-0.));
#2938=VECTOR('',#2937,28.998062626);
#2939=LINE('',#2936,#2938);
#2940=EDGE_CURVE('',#2935,#2926,#2939,.T.);
#2941=ORIENTED_EDGE('',*,*,#2940,.F.);
#2942=CARTESIAN_POINT('',(45.486647838,13.704546011,-45.978667314));
#2943=VERTEX_POINT('',#2942);
#2944=CARTESIAN_POINT('',(45.445102894,14.499031313,-45.91336529));
#2945=CARTESIAN_POINT('',(45.451637713,14.232971865,-45.924683929));
#2946=CARTESIAN_POINT('',(45.464793104,13.968172582,-45.947372801));
#2947=CARTESIAN_POINT('',(45.486647838,13.704546011,-45.978667314));
#2948=B_SPLINE_CURVE_WITH_KNOTS('',3,(#2944,#2945,#2946,#2947),.UNSPECIFIED.,.F.,.F.,(4,4),(0.,0.000798247),.UNSPECIFIED.);
#2949=EDGE_CURVE('',#2935,#2943,#2948,.T.);
#2950=ORIENTED_EDGE('',*,*,#2949,.T.);
#2951=CARTESIAN_POINT('',(45.486647838,7.5,-45.978667314));
#2952=VERTEX_POINT('',#2951);
#2953=CARTESIAN_POINT('',(45.486647838,13.704546011,-45.978667314));
#2954=DIRECTION('',(0.,-1.,0.));
#2955=VECTOR('',#2954,6.204546011);
#2956=LINE('',#2953,#2955);
#2957=EDGE_CURVE('',#2943,#2952,#2956,.T.);
#2958=ORIENTED_EDGE('',*,*,#2957,.T.);
#2959=CARTESIAN_POINT('',(46.224525758,7.5,-45.46336529));
#2960=DIRECTION('',(0.,-1.,-0.));
#2961=DIRECTION('',(0.866025404,0.,0.5));
#2962=AXIS2_PLACEMENT_3D('',#2959,#2960,#2961);
#2963=CIRCLE('',#2962,0.9);
#2964=EDGE_CURVE('',#2952,#1236,#2963,.T.);
#2965=ORIENTED_EDGE('',*,*,#2964,.T.);
#2966=EDGE_LOOP('',(#2916,#2923,#2924,#2933,#2941,#2950,#2958,#2965));
#2967=FACE_BOUND('',#2966,.T.);
#2968=ADVANCED_FACE('',(#2967),#2915,.T.);
#2969=CARTESIAN_POINT('',(41.320131118,14.45,-32.151227387));
#2970=DIRECTION('',(-0.5,0.,0.866025404));
#2971=DIRECTION('',(0.866025404,-0.,0.5));
#2972=AXIS2_PLACEMENT_3D('',#2969,#2970,#2971);
#2973=PLANE('',#2972);
#2974=ORIENTED_EDGE('',*,*,#1491,.T.);
#2975=CARTESIAN_POINT('',(41.75314382,14.4,-31.901227387));
#2976=DIRECTION('',(-0.866025404,-0.,-0.5));
#2977=VECTOR('',#2976,0.5);
#2978=LINE('',#2975,#2977);
#2979=EDGE_CURVE('',#1477,#142,#2978,.T.);
#2980=ORIENTED_EDGE('',*,*,#2979,.T.);
#2981=ORIENTED_EDGE('',*,*,#147,.F.);
#2982=CARTESIAN_POINT('',(41.320131118,14.9,-32.151227387));
#2983=DIRECTION('',(0.866025404,0.,0.5));
#2984=VECTOR('',#2983,0.5);
#2985=LINE('',#2982,#2984);
#2986=EDGE_CURVE('',#133,#1486,#2985,.T.);
#2987=ORIENTED_EDGE('',*,*,#2986,.T.);
#2988=EDGE_LOOP('',(#2974,#2980,#2981,#2987));
#2989=FACE_BOUND('',#2988,.T.);
#2990=ADVANCED_FACE('',(#2989),#2973,.F.);
#2991=CARTESIAN_POINT('',(47.010554578,14.9,-42.007329939));
#2992=DIRECTION('',(0.866025404,0.,0.5));
#2993=DIRECTION('',(0.5,0.,-0.866025404));
#2994=AXIS2_PLACEMENT_3D('',#2991,#2992,#2993);
#2995=CYLINDRICAL_SURFACE('',#2994,2.451146922);
#2996=ORIENTED_EDGE('',*,*,#122,.F.);
#2997=ORIENTED_EDGE('',*,*,#1978,.T.);
#2998=CARTESIAN_POINT('',(47.435999435,14.9,-41.761699237));
#2999=DIRECTION('',(0.866025404,-0.,0.5));
#3000=DIRECTION('',(-0.5,0.,0.866025404));
#3001=AXIS2_PLACEMENT_3D('',#2998,#2999,#3000);
#3002=CIRCLE('',#3001,2.451146922);
#3003=EDGE_CURVE('',#35,#1966,#3002,.T.);
#3004=ORIENTED_EDGE('',*,*,#3003,.F.);
#3005=ORIENTED_EDGE('',*,*,#62,.T.);
#3006=ORIENTED_EDGE('',*,*,#1515,.T.);
#3007=CARTESIAN_POINT('',(47.010554578,17.351146922,-42.007329939));
#3008=DIRECTION('',(0.866025404,0.,0.5));
#3009=VECTOR('',#3008,0.5);
#3010=LINE('',#3007,#3009);
#3011=EDGE_CURVE('',#116,#1503,#3010,.T.);
#3012=ORIENTED_EDGE('',*,*,#3011,.F.);
#3013=EDGE_LOOP('',(#2996,#2997,#3004,#3005,#3006,#3012));
#3014=FACE_BOUND('',#3013,.T.);
#3015=ADVANCED_FACE('',(#3014),#2995,.F.);
#3016=CARTESIAN_POINT('',(44.778129579,17.351146922,-38.140656415));
#3017=DIRECTION('',(0.,1.,-0.));
#3018=DIRECTION('',(-0.5,0.,0.866025404));
#3019=AXIS2_PLACEMENT_3D('',#3016,#3017,#3018);
#3020=PLANE('',#3019);
#3021=ORIENTED_EDGE('',*,*,#1508,.T.);
#3022=CARTESIAN_POINT('',(42.545704579,17.351146923,-34.27398289));
#3023=DIRECTION('',(0.866025404,0.,0.5));
#3024=VECTOR('',#3023,0.500000011);
#3025=LINE('',#3022,#3024);
#3026=EDGE_CURVE('',#125,#1494,#3025,.T.);
#3027=ORIENTED_EDGE('',*,*,#3026,.F.);
#3028=ORIENTED_EDGE('',*,*,#130,.F.);
#3029=ORIENTED_EDGE('',*,*,#3011,.T.);
#3030=EDGE_LOOP('',(#3021,#3027,#3028,#3029));
#3031=FACE_BOUND('',#3030,.T.);
#3032=ADVANCED_FACE('',(#3031),#3020,.F.);
#3033=CARTESIAN_POINT('',(42.545704579,14.9,-34.27398289));
#3034=DIRECTION('',(0.866025404,0.,0.5));
#3035=DIRECTION('',(0.5,0.,-0.866025404));
#3036=AXIS2_PLACEMENT_3D('',#3033,#3034,#3035);
#3037=CYLINDRICAL_SURFACE('',#3036,2.451146923);
#3038=ORIENTED_EDGE('',*,*,#1500,.T.);
#3039=ORIENTED_EDGE('',*,*,#2986,.F.);
#3040=ORIENTED_EDGE('',*,*,#139,.F.);
#3041=ORIENTED_EDGE('',*,*,#3026,.T.);
#3042=EDGE_LOOP('',(#3038,#3039,#3040,#3041));
#3043=FACE_BOUND('',#3042,.T.);
#3044=ADVANCED_FACE('',(#3043),#3037,.F.);
#3045=CARTESIAN_POINT('',(48.236128039,-14.45,-44.130085442));
#3046=DIRECTION('',(0.5,-0.,-0.866025404));
#3047=DIRECTION('',(-0.866025404,0.,-0.5));
#3048=AXIS2_PLACEMENT_3D('',#3045,#3046,#3047);
#3049=PLANE('',#3048);
#3050=ORIENTED_EDGE('',*,*,#1567,.T.);
#3051=CARTESIAN_POINT('',(48.236128039,-14.4,-44.130085442));
#3052=VERTEX_POINT('',#3051);
#3053=CARTESIAN_POINT('',(48.669140741,-14.4,-43.880085442));
#3054=DIRECTION('',(-0.866025404,-0.,-0.5));
#3055=VECTOR('',#3054,0.5);
#3056=LINE('',#3053,#3055);
#3057=EDGE_CURVE('',#1553,#3052,#3056,.T.);
#3058=ORIENTED_EDGE('',*,*,#3057,.T.);
#3059=CARTESIAN_POINT('',(48.236128039,-14.9,-44.130085442));
#3060=VERTEX_POINT('',#3059);
#3061=CARTESIAN_POINT('',(48.236128039,-14.9,-44.130085442));
#3062=DIRECTION('',(0.,1.,-0.));
#3063=VECTOR('',#3062,0.5);
#3064=LINE('',#3061,#3063);
#3065=EDGE_CURVE('',#3060,#3052,#3064,.T.);
#3066=ORIENTED_EDGE('',*,*,#3065,.F.);
#3067=CARTESIAN_POINT('',(48.236128039,-14.9,-44.130085442));
#3068=DIRECTION('',(0.866025404,0.,0.5));
#3069=VECTOR('',#3068,0.5);
#3070=LINE('',#3067,#3069);
#3071=EDGE_CURVE('',#3060,#1562,#3070,.T.);
#3072=ORIENTED_EDGE('',*,*,#3071,.T.);
#3073=EDGE_LOOP('',(#3050,#3058,#3066,#3072));
#3074=FACE_BOUND('',#3073,.T.);
#3075=ADVANCED_FACE('',(#3074),#3049,.F.);
#3076=CARTESIAN_POINT('',(42.545704579,-14.9,-34.27398289));
#3077=DIRECTION('',(0.866025404,0.,0.5));
#3078=DIRECTION('',(0.5,0.,-0.866025404));
#3079=AXIS2_PLACEMENT_3D('',#3076,#3077,#3078);
#3080=CYLINDRICAL_SURFACE('',#3079,2.451146923);
#3081=ORIENTED_EDGE('',*,*,#373,.F.);
#3082=ORIENTED_EDGE('',*,*,#1591,.T.);
#3083=CARTESIAN_POINT('',(42.545704579,-17.351146923,-34.273982891));
#3084=VERTEX_POINT('',#3083);
#3085=CARTESIAN_POINT('',(42.545704579,-17.351146923,-34.273982891));
#3086=DIRECTION('',(0.866025404,0.,0.5));
#3087=VECTOR('',#3086,0.5);
#3088=LINE('',#3085,#3087);
#3089=EDGE_CURVE('',#3084,#1579,#3088,.T.);
#3090=ORIENTED_EDGE('',*,*,#3089,.F.);
#3091=CARTESIAN_POINT('',(42.545704579,-14.9,-34.27398289));
#3092=DIRECTION('',(0.866025404,0.,0.5));
#3093=DIRECTION('',(0.5,0.,-0.866025404));
#3094=AXIS2_PLACEMENT_3D('',#3091,#3092,#3093);
#3095=CIRCLE('',#3094,2.451146923);
#3096=EDGE_CURVE('',#319,#3084,#3095,.T.);
#3097=ORIENTED_EDGE('',*,*,#3096,.F.);
#3098=EDGE_LOOP('',(#3081,#3082,#3090,#3097));
#3099=FACE_BOUND('',#3098,.T.);
#3100=ADVANCED_FACE('',(#3099),#3080,.F.);
#3101=CARTESIAN_POINT('',(44.778129579,-17.351146922,-38.140656415));
#3102=DIRECTION('',(0.,-1.,-0.));
#3103=DIRECTION('',(0.5,0.,-0.866025404));
#3104=AXIS2_PLACEMENT_3D('',#3101,#3102,#3103);
#3105=PLANE('',#3104);
#3106=ORIENTED_EDGE('',*,*,#1584,.T.);
#3107=CARTESIAN_POINT('',(47.010554578,-17.351146922,-42.007329939));
#3108=VERTEX_POINT('',#3107);
#3109=CARTESIAN_POINT('',(47.010554578,-17.351146922,-42.007329939));
#3110=DIRECTION('',(0.866025404,0.,0.5));
#3111=VECTOR('',#3110,0.500000013);
#3112=LINE('',#3109,#3111);
#3113=EDGE_CURVE('',#3108,#1570,#3112,.T.);
#3114=ORIENTED_EDGE('',*,*,#3113,.F.);
#3115=CARTESIAN_POINT('',(42.545704579,-17.351146923,-34.273982891));
#3116=DIRECTION('',(0.5,0.,-0.866025404));
#3117=VECTOR('',#3116,8.9297);
#3118=LINE('',#3115,#3117);
#3119=EDGE_CURVE('',#3084,#3108,#3118,.T.);
#3120=ORIENTED_EDGE('',*,*,#3119,.F.);
#3121=ORIENTED_EDGE('',*,*,#3089,.T.);
#3122=EDGE_LOOP('',(#3106,#3114,#3120,#3121));
#3123=FACE_BOUND('',#3122,.T.);
#3124=ADVANCED_FACE('',(#3123),#3105,.F.);
#3125=CARTESIAN_POINT('',(47.010554578,-14.9,-42.007329939));
#3126=DIRECTION('',(0.866025404,0.,0.5));
#3127=DIRECTION('',(0.5,0.,-0.866025404));
#3128=AXIS2_PLACEMENT_3D('',#3125,#3126,#3127);
#3129=CYLINDRICAL_SURFACE('',#3128,2.451146922);
#3130=ORIENTED_EDGE('',*,*,#1576,.T.);
#3131=ORIENTED_EDGE('',*,*,#3071,.F.);
#3132=CARTESIAN_POINT('',(47.010554578,-14.9,-42.007329939));
#3133=DIRECTION('',(0.866025404,0.,0.5));
#3134=DIRECTION('',(0.5,0.,-0.866025404));
#3135=AXIS2_PLACEMENT_3D('',#3132,#3133,#3134);
#3136=CIRCLE('',#3135,2.451146922);
#3137=EDGE_CURVE('',#3108,#3060,#3136,.T.);
#3138=ORIENTED_EDGE('',*,*,#3137,.F.);
#3139=ORIENTED_EDGE('',*,*,#3113,.T.);
#3140=EDGE_LOOP('',(#3130,#3131,#3138,#3139));
#3141=FACE_BOUND('',#3140,.T.);
#3142=ADVANCED_FACE('',(#3141),#3129,.F.);
#3143=CARTESIAN_POINT('',(-8.279657879,0.,53.758127224));
#3144=DIRECTION('',(0.866025404,0.,0.5));
#3145=DIRECTION('',(0.,1.,0.));
#3146=AXIS2_PLACEMENT_3D('',#3143,#3144,#3145);
#3147=PLANE('',#3146);
#3148=ORIENTED_EDGE('',*,*,#390,.T.);
#3149=ORIENTED_EDGE('',*,*,#325,.T.);
#3150=ORIENTED_EDGE('',*,*,#3096,.T.);
#3151=ORIENTED_EDGE('',*,*,#3119,.T.);
#3152=ORIENTED_EDGE('',*,*,#3137,.T.);
#3153=ORIENTED_EDGE('',*,*,#3065,.T.);
#3154=CARTESIAN_POINT('',(48.036128039,-14.4,-43.783675281));
#3155=DIRECTION('',(0.866025404,0.,0.5));
#3156=DIRECTION('',(0.5,0.,-0.866025404));
#3157=AXIS2_PLACEMENT_3D('',#3154,#3155,#3156);
#3158=CIRCLE('',#3157,0.4);
#3159=EDGE_CURVE('',#3052,#1985,#3158,.T.);
#3160=ORIENTED_EDGE('',*,*,#3159,.T.);
#3161=ORIENTED_EDGE('',*,*,#1990,.F.);
#3162=EDGE_LOOP('',(#3148,#3149,#3150,#3151,#3152,#3153,#3160,#3161));
#3163=FACE_BOUND('',#3162,.T.);
#3164=ADVANCED_FACE('',(#3163),#3147,.T.);
#3165=CARTESIAN_POINT('',(48.036128039,-14.4,-43.783675281));
#3166=DIRECTION('',(-0.866025404,0.,-0.5));
#3167=DIRECTION('',(-0.5,0.,0.866025404));
#3168=AXIS2_PLACEMENT_3D('',#3165,#3166,#3167);
#3169=CYLINDRICAL_SURFACE('',#3168,0.4);
#3170=ORIENTED_EDGE('',*,*,#1559,.F.);
#3171=ORIENTED_EDGE('',*,*,#1997,.T.);
#3172=ORIENTED_EDGE('',*,*,#3159,.F.);
#3173=ORIENTED_EDGE('',*,*,#3057,.F.);
#3174=EDGE_LOOP('',(#3170,#3171,#3172,#3173));
#3175=FACE_BOUND('',#3174,.T.);
#3176=ADVANCED_FACE('',(#3175),#3169,.F.);
#3177=CARTESIAN_POINT('',(41.520131118,14.4,-32.497637549));
#3178=DIRECTION('',(-0.866025404,0.,-0.5));
#3179=DIRECTION('',(-0.5,0.,0.866025404));
#3180=AXIS2_PLACEMENT_3D('',#3177,#3178,#3179);
#3181=CYLINDRICAL_SURFACE('',#3180,0.4);
#3182=ORIENTED_EDGE('',*,*,#1483,.F.);
#3183=CARTESIAN_POINT('',(41.774931186,14.21844831,-31.938964192));
#3184=CARTESIAN_POINT('',(41.630593616,14.21844831,-32.022297527));
#3185=CARTESIAN_POINT('',(41.486256046,14.21844831,-32.105630862));
#3186=CARTESIAN_POINT('',(41.341918476,14.21844831,-32.188964197));
#3187=B_SPLINE_CURVE_WITH_KNOTS('',3,(#3183,#3184,#3185,#3186),.UNSPECIFIED.,.F.,.F.,(4,4),(0.,0.0005),.UNSPECIFIED.);
#3188=EDGE_CURVE('',#1468,#150,#3187,.T.);
#3189=ORIENTED_EDGE('',*,*,#3188,.T.);
#3190=ORIENTED_EDGE('',*,*,#156,.F.);
#3191=ORIENTED_EDGE('',*,*,#2979,.F.);
#3192=EDGE_LOOP('',(#3182,#3189,#3190,#3191));
#3193=FACE_BOUND('',#3192,.T.);
#3194=ADVANCED_FACE('',(#3193),#3181,.F.);
#3195=CARTESIAN_POINT('',(38.291712969,-9.727926275,-31.923330482));
#3196=DIRECTION('',(-0.866025404,-0.,-0.5));
#3197=DIRECTION('',(0.5,0.,-0.866025404));
#3198=AXIS2_PLACEMENT_3D('',#3195,#3196,#3197);
#3199=PLANE('',#3198);
#3200=CARTESIAN_POINT('',(39.455498222,-8.227926275,-33.93906567));
#3201=DIRECTION('',(-0.5,-0.,0.866025404));
#3202=VECTOR('',#3201,0.902537887);
#3203=LINE('',#3200,#3202);
#3204=EDGE_CURVE('',#556,#1883,#3203,.T.);
#3205=ORIENTED_EDGE('',*,*,#3204,.T.);
#3206=ORIENTED_EDGE('',*,*,#1899,.T.);
#3207=CARTESIAN_POINT('',(38.840770242,-8.227926275,-32.874325576));
#3208=DIRECTION('',(-0.5,-0.,0.866025404));
#3209=VECTOR('',#3208,0.429821232);
#3210=LINE('',#3207,#3209);
#3211=EDGE_CURVE('',#1881,#1683,#3210,.T.);
#3212=ORIENTED_EDGE('',*,*,#3211,.T.);
#3213=ORIENTED_EDGE('',*,*,#1688,.F.);
#3214=CARTESIAN_POINT('',(38.79749976,-11.227926275,-32.799378903));
#3215=DIRECTION('',(-0.5,-0.,0.866025404));
#3216=VECTOR('',#3215,0.343280269);
#3217=LINE('',#3214,#3216);
#3218=EDGE_CURVE('',#1783,#1671,#3217,.T.);
#3219=ORIENTED_EDGE('',*,*,#3218,.F.);
#3220=ORIENTED_EDGE('',*,*,#1788,.F.);
#3221=ORIENTED_EDGE('',*,*,#350,.T.);
#3222=ORIENTED_EDGE('',*,*,#568,.T.);
#3223=EDGE_LOOP('',(#3205,#3206,#3212,#3213,#3219,#3220,#3221,#3222));
#3224=FACE_BOUND('',#3223,.T.);
#3225=ADVANCED_FACE('',(#3224),#3199,.F.);
#3226=CARTESIAN_POINT('',(39.956085924,-8.227926275,-33.806109003));
#3227=DIRECTION('',(-0.5,-0.,0.866025404));
#3228=DIRECTION('',(0.,-1.,-0.));
#3229=AXIS2_PLACEMENT_3D('',#3226,#3227,#3228);
#3230=CYLINDRICAL_SURFACE('',#3229,0.5);
#3231=CARTESIAN_POINT('',(40.321523626,-8.227926275,-33.43906567));
#3232=DIRECTION('',(-0.5,-0.,0.866025404));
#3233=VECTOR('',#3232,0.902537887);
#3234=LINE('',#3231,#3233);
#3235=EDGE_CURVE('',#539,#1851,#3234,.T.);
#3236=ORIENTED_EDGE('',*,*,#3235,.T.);
#3237=ORIENTED_EDGE('',*,*,#1860,.F.);
#3238=CARTESIAN_POINT('',(39.706795646,-8.227926275,-32.374325576));
#3239=DIRECTION('',(-0.5,-0.,0.866025404));
#3240=VECTOR('',#3239,0.435394041);
#3241=LINE('',#3238,#3240);
#3242=EDGE_CURVE('',#1842,#1294,#3241,.T.);
#3243=ORIENTED_EDGE('',*,*,#3242,.T.);
#3244=ORIENTED_EDGE('',*,*,#1300,.T.);
#3245=CARTESIAN_POINT('',(39.542100758,-7.927926282,-33.889065672));
#3246=DIRECTION('',(-0.5,-0.,0.866025404));
#3247=VECTOR('',#3246,1.66485);
#3248=LINE('',#3245,#3247);
#3249=EDGE_CURVE('',#547,#1286,#3248,.T.);
#3250=ORIENTED_EDGE('',*,*,#3249,.F.);
#3251=ORIENTED_EDGE('',*,*,#553,.F.);
#3252=EDGE_LOOP('',(#3236,#3237,#3243,#3244,#3250,#3251));
#3253=FACE_BOUND('',#3252,.T.);
#3254=ADVANCED_FACE('',(#3253),#3230,.F.);
#3255=CARTESIAN_POINT('',(39.455498222,-8.227926275,-33.93906567));
#3256=CARTESIAN_POINT('',(38.623073222,-8.227926275,-32.497263276));
#3257=CARTESIAN_POINT('',(39.455498222,-8.120683398,-33.93906567));
#3258=CARTESIAN_POINT('',(38.623073222,-8.120683398,-32.497263276));
#3259=CARTESIAN_POINT('',(39.486375726,-8.013720585,-33.921238535));
#3260=CARTESIAN_POINT('',(38.653950726,-8.013720585,-32.479436141));
#3261=CARTESIAN_POINT('',(39.542100758,-7.927926282,-33.889065672));
#3262=CARTESIAN_POINT('',(38.709675758,-7.927926282,-32.447263279));
#3263=B_SPLINE_SURFACE_WITH_KNOTS('',3,1,((#3255,#3256),(#3257,#3258),(#3259,#3260),(#3261,#3262)),.UNSPECIFIED.,.F.,.F.,.U.,(4,4),(2,2),(0.,0.000320023),(0.075083333,1.),.UNSPECIFIED.);
#3264=ORIENTED_EDGE('',*,*,#562,.T.);
#3265=ORIENTED_EDGE('',*,*,#3249,.T.);
#3266=ORIENTED_EDGE('',*,*,#1698,.F.);
#3267=ORIENTED_EDGE('',*,*,#3211,.F.);
#3268=ORIENTED_EDGE('',*,*,#1892,.T.);
#3269=ORIENTED_EDGE('',*,*,#3204,.F.);
#3270=EDGE_LOOP('',(#3264,#3265,#3266,#3267,#3268,#3269));
#3271=FACE_BOUND('',#3270,.T.);
#3272=ADVANCED_FACE('',(#3271),#3263,.T.);
#3273=CARTESIAN_POINT('',(40.389098626,-9.727926275,-33.556109003));
#3274=DIRECTION('',(-0.866025404,-0.,-0.5));
#3275=DIRECTION('',(-0.,1.,-0.));
#3276=AXIS2_PLACEMENT_3D('',#3273,#3274,#3275);
#3277=PLANE('',#3276);
#3278=ORIENTED_EDGE('',*,*,#1867,.T.);
#3279=ORIENTED_EDGE('',*,*,#3235,.F.);
#3280=ORIENTED_EDGE('',*,*,#544,.T.);
#3281=ORIENTED_EDGE('',*,*,#1951,.F.);
#3282=ORIENTED_EDGE('',*,*,#1758,.T.);
#3283=EDGE_LOOP('',(#3278,#3279,#3280,#3281,#3282));
#3284=FACE_BOUND('',#3283,.T.);
#3285=ADVANCED_FACE('',(#3284),#3277,.T.);
#3286=CARTESIAN_POINT('',(38.884102296,-11.527926268,-32.749378906));
#3287=CARTESIAN_POINT('',(38.709675758,-11.527926268,-32.447263279));
#3288=CARTESIAN_POINT('',(38.828377264,-11.442131965,-32.781551768));
#3289=CARTESIAN_POINT('',(38.653950726,-11.442131965,-32.479436141));
#3290=CARTESIAN_POINT('',(38.79749976,-11.335169152,-32.799378903));
#3291=CARTESIAN_POINT('',(38.623073222,-11.335169152,-32.497263276));
#3292=CARTESIAN_POINT('',(38.79749976,-11.227926275,-32.799378903));
#3293=CARTESIAN_POINT('',(38.623073222,-11.227926275,-32.497263276));
#3294=B_SPLINE_SURFACE_WITH_KNOTS('',3,1,((#3286,#3287),(#3288,#3289),(#3290,#3291),(#3292,#3293)),.UNSPECIFIED.,.F.,.F.,.U.,(4,4),(2,2),(0.,0.000320036),(0.806192735,1.),.UNSPECIFIED.);
#3295=CARTESIAN_POINT('',(38.884102296,-11.527926268,-32.749378906));
#3296=DIRECTION('',(-0.5,-0.,0.866025404));
#3297=VECTOR('',#3296,0.348853077);
#3298=LINE('',#3295,#3297);
#3299=EDGE_CURVE('',#1791,#1320,#3298,.T.);
#3300=ORIENTED_EDGE('',*,*,#3299,.F.);
#3301=ORIENTED_EDGE('',*,*,#1797,.F.);
#3302=ORIENTED_EDGE('',*,*,#3218,.T.);
#3303=ORIENTED_EDGE('',*,*,#1680,.F.);
#3304=EDGE_LOOP('',(#3300,#3301,#3302,#3303));
#3305=FACE_BOUND('',#3304,.T.);
#3306=ADVANCED_FACE('',(#3305),#3294,.T.);
#3307=CARTESIAN_POINT('',(39.956085924,-11.227926275,-33.806109003));
#3308=DIRECTION('',(-0.5,-0.,0.866025404));
#3309=DIRECTION('',(0.,-1.,-0.));
#3310=AXIS2_PLACEMENT_3D('',#3307,#3308,#3309);
#3311=CYLINDRICAL_SURFACE('',#3310,0.5);
#3312=CARTESIAN_POINT('',(39.056085924,-11.727926275,-32.247263276));
#3313=DIRECTION('',(0.5,0.,-0.866025404));
#3314=VECTOR('',#3313,0.348853077);
#3315=LINE('',#3312,#3314);
#3316=EDGE_CURVE('',#1311,#1800,#3315,.T.);
#3317=ORIENTED_EDGE('',*,*,#3316,.F.);
#3318=ORIENTED_EDGE('',*,*,#1317,.T.);
#3319=CARTESIAN_POINT('',(39.663525164,-11.227926275,-32.299378903));
#3320=DIRECTION('',(-0.5,-0.,0.866025404));
#3321=VECTOR('',#3320,0.348853077);
#3322=LINE('',#3319,#3321);
#3323=EDGE_CURVE('',#1809,#1303,#3322,.T.);
#3324=ORIENTED_EDGE('',*,*,#3323,.F.);
#3325=ORIENTED_EDGE('',*,*,#1815,.T.);
#3326=EDGE_LOOP('',(#3317,#3318,#3324,#3325));
#3327=FACE_BOUND('',#3326,.T.);
#3328=ADVANCED_FACE('',(#3327),#3311,.F.);
#3329=CARTESIAN_POINT('',(40.389098626,-9.727926275,-33.556109003));
#3330=DIRECTION('',(-0.866025404,-0.,-0.5));
#3331=DIRECTION('',(-0.,1.,-0.));
#3332=AXIS2_PLACEMENT_3D('',#3329,#3330,#3331);
#3333=PLANE('',#3332);
#3334=ORIENTED_EDGE('',*,*,#3323,.T.);
#3335=ORIENTED_EDGE('',*,*,#1308,.F.);
#3336=ORIENTED_EDGE('',*,*,#3242,.F.);
#3337=ORIENTED_EDGE('',*,*,#1848,.T.);
#3338=ORIENTED_EDGE('',*,*,#1823,.F.);
#3339=EDGE_LOOP('',(#3334,#3335,#3336,#3337,#3338));
#3340=FACE_BOUND('',#3339,.T.);
#3341=ADVANCED_FACE('',(#3340),#3333,.T.);
#3342=CARTESIAN_POINT('',(40.88978918,9.727926275,-30.423330482));
#3343=DIRECTION('',(-0.866025404,0.,-0.5));
#3344=DIRECTION('',(0.5,-0.,-0.866025404));
#3345=AXIS2_PLACEMENT_3D('',#3342,#3343,#3344);
#3346=PLANE('',#3345);
#3347=ORIENTED_EDGE('',*,*,#189,.T.);
#3348=ORIENTED_EDGE('',*,*,#79,.T.);
#3349=ORIENTED_EDGE('',*,*,#40,.T.);
#3350=ORIENTED_EDGE('',*,*,#3003,.T.);
#3351=ORIENTED_EDGE('',*,*,#1971,.F.);
#3352=CARTESIAN_POINT('',(48.969786935,9.227938193,-44.418297115));
#3353=VERTEX_POINT('',#3352);
#3354=CARTESIAN_POINT('',(48.969786935,9.227938193,-44.418297115));
#3355=DIRECTION('',(-0.5,-0.,0.866025404));
#3356=VECTOR('',#3355,0.832425);
#3357=LINE('',#3354,#3356);
#3358=EDGE_CURVE('',#3353,#1964,#3357,.T.);
#3359=ORIENTED_EDGE('',*,*,#3358,.F.);
#3360=CARTESIAN_POINT('',(48.969786935,10.227938193,-44.418297115));
#3361=VERTEX_POINT('',#3360);
#3362=CARTESIAN_POINT('',(48.969786935,10.227938193,-44.418297115));
#3363=DIRECTION('',(-0.,-1.,-0.));
#3364=VECTOR('',#3363,1.);
#3365=LINE('',#3362,#3364);
#3366=EDGE_CURVE('',#3361,#3353,#3365,.T.);
#3367=ORIENTED_EDGE('',*,*,#3366,.F.);
#3368=CARTESIAN_POINT('',(48.979536045,13.38780268,-44.435183068));
#3369=DIRECTION('',(-0.003085235,-0.999980962,0.005343784));
#3370=VECTOR('',#3369,3.159924644);
#3371=LINE('',#3368,#3370);
#3372=EDGE_CURVE('',#183,#3361,#3371,.T.);
#3373=ORIENTED_EDGE('',*,*,#3372,.F.);
#3374=EDGE_LOOP('',(#3347,#3348,#3349,#3350,#3351,#3359,#3367,#3373));
#3375=FACE_BOUND('',#3374,.T.);
#3376=ADVANCED_FACE('',(#3375),#3346,.F.);
#3377=CARTESIAN_POINT('',(37.999085181,10.334350861,-31.420484285));
#3378=DIRECTION('',(0.866025404,0.,0.5));
#3379=DIRECTION('',(0.5,0.,-0.866025404));
#3380=AXIS2_PLACEMENT_3D('',#3377,#3378,#3379);
#3381=CYLINDRICAL_SURFACE('',#3380,2.90968079);
#3382=ORIENTED_EDGE('',*,*,#1644,.F.);
#3383=CARTESIAN_POINT('',(41.830935373,8.763079024,-32.035966309));
#3384=CARTESIAN_POINT('',(40.962387353,8.763079024,-32.537422742));
#3385=CARTESIAN_POINT('',(40.093839333,8.763079024,-33.038879175));
#3386=CARTESIAN_POINT('',(39.225291314,8.763079024,-33.540335608));
#3387=B_SPLINE_CURVE_WITH_KNOTS('',3,(#3383,#3384,#3385,#3386),.UNSPECIFIED.,.F.,.F.,(4,4),(0.004814992,0.007823731),.UNSPECIFIED.);
#3388=EDGE_CURVE('',#1629,#293,#3387,.T.);
#3389=ORIENTED_EDGE('',*,*,#3388,.T.);
#3390=ORIENTED_EDGE('',*,*,#299,.T.);
#3391=CARTESIAN_POINT('',(39.009134455,8.236869561,-33.165940946));
#3392=DIRECTION('',(0.866025404,0.,0.5));
#3393=VECTOR('',#3392,3.008738598);
#3394=LINE('',#3391,#3393);
#3395=EDGE_CURVE('',#284,#1638,#3394,.T.);
#3396=ORIENTED_EDGE('',*,*,#3395,.T.);
#3397=EDGE_LOOP('',(#3382,#3389,#3390,#3396));
#3398=FACE_BOUND('',#3397,.T.);
#3399=ADVANCED_FACE('',(#3398),#3381,.F.);
#3400=CARTESIAN_POINT('',(38.79576771,9.813822865,-32.800378903));
#3401=DIRECTION('',(0.5,0.,-0.866025404));
#3402=DIRECTION('',(-0.866025404,-0.,-0.5));
#3403=AXIS2_PLACEMENT_3D('',#3400,#3401,#3402);
#3404=PLANE('',#3403);
#3405=CARTESIAN_POINT('',(40.750608346,10.227938193,-31.671751136));
#3406=VERTEX_POINT('',#3405);
#3407=CARTESIAN_POINT('',(41.135768346,9.956416564,-31.449378906));
#3408=VERTEX_POINT('',#3407);
#3409=CARTESIAN_POINT('',(40.750608346,9.727938193,-31.671751136));
#3410=DIRECTION('',(0.5,0.,-0.866025404));
#3411=DIRECTION('',(-0.866025404,-0.,-0.5));
#3412=AXIS2_PLACEMENT_3D('',#3409,#3410,#3411);
#3413=CIRCLE('',#3412,0.5);
#3414=EDGE_CURVE('',#3406,#3408,#3413,.T.);
#3415=ORIENTED_EDGE('',*,*,#3414,.F.);
#3416=CARTESIAN_POINT('',(39.233502162,10.227938193,-32.547652799));
#3417=VERTEX_POINT('',#3416);
#3418=CARTESIAN_POINT('',(39.233502162,10.227938193,-32.547652799));
#3419=DIRECTION('',(0.866025404,0.,0.5));
#3420=VECTOR('',#3419,1.751803327);
#3421=LINE('',#3418,#3420);
#3422=EDGE_CURVE('',#3417,#3406,#3421,.T.);
#3423=ORIENTED_EDGE('',*,*,#3422,.F.);
#3424=CARTESIAN_POINT('',(38.884102296,10.023279202,-32.749378906));
#3425=VERTEX_POINT('',#3424);
#3426=CARTESIAN_POINT('',(39.233502162,9.727938193,-32.547652799));
#3427=DIRECTION('',(0.5,0.,-0.866025404));
#3428=DIRECTION('',(-0.866025404,-0.,-0.5));
#3429=AXIS2_PLACEMENT_3D('',#3426,#3427,#3428);
#3430=CIRCLE('',#3429,0.5);
#3431=EDGE_CURVE('',#3425,#3417,#3430,.T.);
#3432=ORIENTED_EDGE('',*,*,#3431,.F.);
#3433=CARTESIAN_POINT('',(38.884102296,9.432597184,-32.749378906));
#3434=VERTEX_POINT('',#3433);
#3435=CARTESIAN_POINT('',(38.884102296,9.432597184,-32.749378906));
#3436=DIRECTION('',(-0.,1.,0.));
#3437=VECTOR('',#3436,0.590682018);
#3438=LINE('',#3435,#3437);
#3439=EDGE_CURVE('',#3434,#3425,#3438,.T.);
#3440=ORIENTED_EDGE('',*,*,#3439,.F.);
#3441=CARTESIAN_POINT('',(39.233502162,9.227938193,-32.547652799));
#3442=VERTEX_POINT('',#3441);
#3443=CARTESIAN_POINT('',(39.233502162,9.727938193,-32.547652799));
#3444=DIRECTION('',(0.5,0.,-0.866025404));
#3445=DIRECTION('',(-0.866025404,-0.,-0.5));
#3446=AXIS2_PLACEMENT_3D('',#3443,#3444,#3445);
#3447=CIRCLE('',#3446,0.5);
#3448=EDGE_CURVE('',#3442,#3434,#3447,.T.);
#3449=ORIENTED_EDGE('',*,*,#3448,.F.);
#3450=CARTESIAN_POINT('',(40.7506083,9.227938193,-31.671751163));
#3451=VERTEX_POINT('',#3450);
#3452=CARTESIAN_POINT('',(40.7506083,9.227938193,-31.671751163));
#3453=DIRECTION('',(-0.866025404,-0.,-0.5));
#3454=VECTOR('',#3453,1.751803274);
#3455=LINE('',#3452,#3454);
#3456=EDGE_CURVE('',#3451,#3442,#3455,.T.);
#3457=ORIENTED_EDGE('',*,*,#3456,.F.);
#3458=CARTESIAN_POINT('',(41.135768328,9.499459833,-31.449378917));
#3459=VERTEX_POINT('',#3458);
#3460=CARTESIAN_POINT('',(40.750608323,9.727938193,-31.671751149));
#3461=DIRECTION('',(0.5,0.,-0.866025404));
#3462=DIRECTION('',(-0.866025404,-0.,-0.5));
#3463=AXIS2_PLACEMENT_3D('',#3460,#3461,#3462);
#3464=CIRCLE('',#3463,0.5);
#3465=EDGE_CURVE('',#3459,#3451,#3464,.T.);
#3466=ORIENTED_EDGE('',*,*,#3465,.F.);
#3467=CARTESIAN_POINT('',(41.135768346,9.956416564,-31.449378906));
#3468=DIRECTION('',(0.,-1.,-0.));
#3469=VECTOR('',#3468,0.456956731);
#3470=LINE('',#3467,#3469);
#3471=EDGE_CURVE('',#3408,#3459,#3470,.T.);
#3472=ORIENTED_EDGE('',*,*,#3471,.F.);
#3473=EDGE_LOOP('',(#3415,#3423,#3432,#3440,#3449,#3457,#3466,#3472));
#3474=FACE_BOUND('',#3473,.T.);
#3475=ORIENTED_EDGE('',*,*,#1659,.T.);
#3476=CARTESIAN_POINT('',(41.40314382,8.417085318,-31.295009604));
#3477=DIRECTION('',(-0.866025404,-0.,-0.5));
#3478=VECTOR('',#3477,3.008738598);
#3479=LINE('',#3476,#3478);
#3480=EDGE_CURVE('',#1647,#276,#3479,.T.);
#3481=ORIENTED_EDGE('',*,*,#3480,.T.);
#3482=ORIENTED_EDGE('',*,*,#281,.F.);
#3483=ORIENTED_EDGE('',*,*,#247,.T.);
#3484=EDGE_LOOP('',(#3475,#3481,#3482,#3483));
#3485=FACE_BOUND('',#3484,.T.);
#3486=ADVANCED_FACE('',(#3474,#3485),#3404,.T.);
#3487=CARTESIAN_POINT('',(39.225291314,8.763079024,-33.540335608));
#3488=CARTESIAN_POINT('',(39.239754369,8.808162595,-33.565386355));
#3489=CARTESIAN_POINT('',(39.261661094,8.843516744,-33.603329916));
#3490=CARTESIAN_POINT('',(39.311838702,8.881011062,-33.690240081));
#3491=CARTESIAN_POINT('',(39.339969604,8.883046636,-33.738964233));
#3492=CARTESIAN_POINT('',(39.391370801,8.852902637,-33.827993719));
#3493=CARTESIAN_POINT('',(39.414497703,8.820807156,-33.868050688));
#3494=CARTESIAN_POINT('',(39.4466062,8.735056524,-33.923664236));
#3495=CARTESIAN_POINT('',(39.455498222,8.68164059,-33.93906567));
#3496=CARTESIAN_POINT('',(39.455498222,8.628075226,-33.93906567));
#3497=CARTESIAN_POINT('',(40.093839336,8.763079024,-33.038879173));
#3498=CARTESIAN_POINT('',(40.108302392,8.808162595,-33.06392992));
#3499=CARTESIAN_POINT('',(40.130209117,8.843516743,-33.101873481));
#3500=CARTESIAN_POINT('',(40.180386724,8.881011062,-33.188783646));
#3501=CARTESIAN_POINT('',(40.208517627,8.883046636,-33.237507799));
#3502=CARTESIAN_POINT('',(40.259918824,8.852902636,-33.326537284));
#3503=CARTESIAN_POINT('',(40.283045726,8.820807156,-33.366594253));
#3504=CARTESIAN_POINT('',(40.315154223,8.735056524,-33.422207801));
#3505=CARTESIAN_POINT('',(40.324046245,8.68164059,-33.437609235));
#3506=CARTESIAN_POINT('',(40.324046245,8.628075226,-33.437609235));
#3507=CARTESIAN_POINT('',(40.962387359,8.763079024,-32.537422739));
#3508=CARTESIAN_POINT('',(40.976850414,8.808162595,-32.562473485));
#3509=CARTESIAN_POINT('',(40.99875714,8.843516743,-32.600417046));
#3510=CARTESIAN_POINT('',(41.048934747,8.881011062,-32.687327212));
#3511=CARTESIAN_POINT('',(41.07706565,8.883046635,-32.736051364));
#3512=CARTESIAN_POINT('',(41.128466847,8.852902636,-32.825080849));
#3513=CARTESIAN_POINT('',(41.151593749,8.820807156,-32.865137819));
#3514=CARTESIAN_POINT('',(41.183702245,8.735056524,-32.920751366));
#3515=CARTESIAN_POINT('',(41.192594268,8.68164059,-32.9361528));
#3516=CARTESIAN_POINT('',(41.192594268,8.628075225,-32.9361528));
#3517=CARTESIAN_POINT('',(41.830935382,8.763079024,-32.035966304));
#3518=CARTESIAN_POINT('',(41.845398437,8.808162595,-32.06101705));
#3519=CARTESIAN_POINT('',(41.867305163,8.843516743,-32.098960612));
#3520=CARTESIAN_POINT('',(41.91748277,8.881011062,-32.185870777));
#3521=CARTESIAN_POINT('',(41.945613672,8.883046635,-32.234594929));
#3522=CARTESIAN_POINT('',(41.99701487,8.852902636,-32.323624415));
#3523=CARTESIAN_POINT('',(42.020141772,8.820807155,-32.363681384));
#3524=CARTESIAN_POINT('',(42.052250268,8.735056524,-32.419294931));
#3525=CARTESIAN_POINT('',(42.06114229,8.68164059,-32.434696366));
#3526=CARTESIAN_POINT('',(42.06114229,8.628075225,-32.434696366));
#3527=B_SPLINE_SURFACE_WITH_KNOTS('',3,3,((#3487,#3488,#3489,#3490,#3491,#3492,#3493,#3494,#3495,#3496),(#3497,#3498,#3499,#3500,#3501,#3502,#3503,#3504,#3505,#3506),(#3507,#3508,#3509,#3510,#3511,#3512,#3513,#3514,#3515,#3516),(#3517,#3518,#3519,#3520,#3521,#3522,#3523,#3524,#3525,#3526)),.UNSPECIFIED.,.F.,.F.,.U.,(4,4),(4,2,2,2,4),(0.004814992,0.007823731),(0.,0.25,0.5,0.75,1.),.UNSPECIFIED.);
#3528=ORIENTED_EDGE('',*,*,#306,.F.);
#3529=ORIENTED_EDGE('',*,*,#3388,.F.);
#3530=ORIENTED_EDGE('',*,*,#1635,.F.);
#3531=ORIENTED_EDGE('',*,*,#519,.F.);
#3532=EDGE_LOOP('',(#3528,#3529,#3530,#3531));
#3533=FACE_BOUND('',#3532,.T.);
#3534=ADVANCED_FACE('',(#3533),#3527,.T.);
#3535=CARTESIAN_POINT('',(38.92076771,8.417085318,-33.016885254));
#3536=DIRECTION('',(0.866025404,0.,0.5));
#3537=DIRECTION('',(0.5,0.,-0.866025404));
#3538=AXIS2_PLACEMENT_3D('',#3535,#3536,#3537);
#3539=CYLINDRICAL_SURFACE('',#3538,0.25);
#3540=ORIENTED_EDGE('',*,*,#290,.F.);
#3541=ORIENTED_EDGE('',*,*,#3480,.F.);
#3542=ORIENTED_EDGE('',*,*,#1653,.F.);
#3543=ORIENTED_EDGE('',*,*,#3395,.F.);
#3544=EDGE_LOOP('',(#3540,#3541,#3542,#3543));
#3545=FACE_BOUND('',#3544,.T.);
#3546=ADVANCED_FACE('',(#3545),#3539,.F.);
#3547=CARTESIAN_POINT('',(46.540431997,9.227938193,-44.703626469));
#3548=DIRECTION('',(0.,-1.,-0.));
#3549=DIRECTION('',(0.5,0.,-0.866025404));
#3550=AXIS2_PLACEMENT_3D('',#3547,#3548,#3549);
#3551=PLANE('',#3550);
#3552=CARTESIAN_POINT('',(48.977354792,9.227938193,-44.413927811));
#3553=DIRECTION('',(-0.866025404,0.,-0.5));
#3554=VECTOR('',#3553,0.008738608);
#3555=LINE('',#3552,#3554);
#3556=EDGE_CURVE('',#1529,#3353,#3555,.T.);
#3557=ORIENTED_EDGE('',*,*,#3556,.T.);
#3558=ORIENTED_EDGE('',*,*,#3358,.T.);
#3559=ORIENTED_EDGE('',*,*,#2004,.T.);
#3560=ORIENTED_EDGE('',*,*,#1542,.T.);
#3561=EDGE_LOOP('',(#3557,#3558,#3559,#3560));
#3562=FACE_BOUND('',#3561,.T.);
#3563=ADVANCED_FACE('',(#3562),#3551,.F.);
#3564=CARTESIAN_POINT('',(49.576004718,9.727938193,-44.068297115));
#3565=DIRECTION('',(0.5,-0.,-0.866025404));
#3566=DIRECTION('',(-0.866025404,0.,-0.5));
#3567=AXIS2_PLACEMENT_3D('',#3564,#3565,#3566);
#3568=PLANE('',#3567);
#3569=CARTESIAN_POINT('',(48.977354792,10.227938193,-44.413927811));
#3570=DIRECTION('',(-0.866025404,0.,-0.5));
#3571=VECTOR('',#3570,0.008738608);
#3572=LINE('',#3569,#3571);
#3573=EDGE_CURVE('',#1521,#3361,#3572,.T.);
#3574=ORIENTED_EDGE('',*,*,#3573,.T.);
#3575=ORIENTED_EDGE('',*,*,#3366,.T.);
#3576=ORIENTED_EDGE('',*,*,#3556,.F.);
#3577=ORIENTED_EDGE('',*,*,#1534,.T.);
#3578=EDGE_LOOP('',(#3574,#3575,#3576,#3577));
#3579=FACE_BOUND('',#3578,.T.);
#3580=ADVANCED_FACE('',(#3579),#3568,.F.);
#3581=CARTESIAN_POINT('',(49.580879273,11.807870437,-44.076740091));
#3582=DIRECTION('',(0.499990481,-0.00617047,-0.866008917));
#3583=DIRECTION('',(0.003085235,0.999980962,-0.005343784));
#3584=AXIS2_PLACEMENT_3D('',#3581,#3582,#3583);
#3585=PLANE('',#3584);
#3586=ORIENTED_EDGE('',*,*,#1526,.T.);
#3587=ORIENTED_EDGE('',*,*,#197,.T.);
#3588=ORIENTED_EDGE('',*,*,#3372,.T.);
#3589=ORIENTED_EDGE('',*,*,#3573,.F.);
#3590=EDGE_LOOP('',(#3586,#3587,#3588,#3589));
#3591=FACE_BOUND('',#3590,.T.);
#3592=ADVANCED_FACE('',(#3591),#3585,.F.);
#3593=CARTESIAN_POINT('',(39.692055254,10.227938193,-31.590086725));
#3594=DIRECTION('',(-0.,1.,0.));
#3595=DIRECTION('',(-0.5,-0.,0.866025404));
#3596=AXIS2_PLACEMENT_3D('',#3593,#3594,#3595);
#3597=PLANE('',#3596);
#3598=ORIENTED_EDGE('',*,*,#2458,.T.);
#3599=CARTESIAN_POINT('',(39.059075624,10.227938193,-32.245537172));
#3600=DIRECTION('',(0.5,0.,-0.866025404));
#3601=VECTOR('',#3600,0.348853077);
#3602=LINE('',#3599,#3601);
#3603=EDGE_CURVE('',#2446,#3417,#3602,.T.);
#3604=ORIENTED_EDGE('',*,*,#3603,.T.);
#3605=ORIENTED_EDGE('',*,*,#3422,.T.);
#3606=CARTESIAN_POINT('',(40.576181808,10.227938193,-31.369635509));
#3607=DIRECTION('',(0.5,0.,-0.866025404));
#3608=VECTOR('',#3607,0.348853077);
#3609=LINE('',#3606,#3608);
#3610=EDGE_CURVE('',#2429,#3406,#3609,.T.);
#3611=ORIENTED_EDGE('',*,*,#3610,.F.);
#3612=EDGE_LOOP('',(#3598,#3604,#3605,#3611));
#3613=FACE_BOUND('',#3612,.T.);
#3614=ADVANCED_FACE('',(#3613),#3597,.F.);
#3615=CARTESIAN_POINT('',(40.450608346,9.727938193,-31.152135894));
#3616=DIRECTION('',(0.5,0.,-0.866025404));
#3617=DIRECTION('',(-0.866025404,-0.,-0.5));
#3618=AXIS2_PLACEMENT_3D('',#3615,#3616,#3617);
#3619=CYLINDRICAL_SURFACE('',#3618,0.5);
#3620=ORIENTED_EDGE('',*,*,#2435,.T.);
#3621=ORIENTED_EDGE('',*,*,#3610,.T.);
#3622=ORIENTED_EDGE('',*,*,#3414,.T.);
#3623=CARTESIAN_POINT('',(40.961341807,9.956416564,-31.147263279));
#3624=DIRECTION('',(0.5,0.,-0.866025404));
#3625=VECTOR('',#3624,0.348853077);
#3626=LINE('',#3623,#3625);
#3627=EDGE_CURVE('',#2058,#3408,#3626,.T.);
#3628=ORIENTED_EDGE('',*,*,#3627,.F.);
#3629=EDGE_LOOP('',(#3620,#3621,#3622,#3628));
#3630=FACE_BOUND('',#3629,.T.);
#3631=ADVANCED_FACE('',(#3630),#3619,.F.);
#3632=CARTESIAN_POINT('',(40.835768346,9.727938193,-30.929763664));
#3633=DIRECTION('',(0.866025404,0.,0.5));
#3634=DIRECTION('',(0.5,0.,-0.866025404));
#3635=AXIS2_PLACEMENT_3D('',#3632,#3633,#3634);
#3636=PLANE('',#3635);
#3637=ORIENTED_EDGE('',*,*,#2069,.T.);
#3638=ORIENTED_EDGE('',*,*,#3627,.T.);
#3639=ORIENTED_EDGE('',*,*,#3471,.T.);
#3640=CARTESIAN_POINT('',(40.961341789,9.499459833,-31.14726329));
#3641=DIRECTION('',(0.5,0.,-0.866025404));
#3642=VECTOR('',#3641,0.348853077);
#3643=LINE('',#3640,#3642);
#3644=EDGE_CURVE('',#1260,#3459,#3643,.T.);
#3645=ORIENTED_EDGE('',*,*,#3644,.F.);
#3646=EDGE_LOOP('',(#3637,#3638,#3639,#3645));
#3647=FACE_BOUND('',#3646,.T.);
#3648=ADVANCED_FACE('',(#3647),#3636,.F.);
#3649=CARTESIAN_POINT('',(40.450608323,9.727938193,-31.152135907));
#3650=DIRECTION('',(0.5,0.,-0.866025404));
#3651=DIRECTION('',(-0.866025404,-0.,-0.5));
#3652=AXIS2_PLACEMENT_3D('',#3649,#3650,#3651);
#3653=CYLINDRICAL_SURFACE('',#3652,0.5);
#3654=ORIENTED_EDGE('',*,*,#1266,.T.);
#3655=ORIENTED_EDGE('',*,*,#3644,.T.);
#3656=ORIENTED_EDGE('',*,*,#3465,.T.);
#3657=CARTESIAN_POINT('',(40.576181761,9.227938193,-31.369635536));
#3658=DIRECTION('',(0.5,0.,-0.866025404));
#3659=VECTOR('',#3658,0.348853077);
#3660=LINE('',#3657,#3659);
#3661=EDGE_CURVE('',#1258,#3451,#3660,.T.);
#3662=ORIENTED_EDGE('',*,*,#3661,.F.);
#3663=EDGE_LOOP('',(#3654,#3655,#3656,#3662));
#3664=FACE_BOUND('',#3663,.T.);
#3665=ADVANCED_FACE('',(#3664),#3653,.F.);
#3666=CARTESIAN_POINT('',(39.692055231,9.227938193,-31.590086739));
#3667=DIRECTION('',(0.,-1.,-0.));
#3668=DIRECTION('',(0.5,0.,-0.866025404));
#3669=AXIS2_PLACEMENT_3D('',#3666,#3667,#3668);
#3670=PLANE('',#3669);
#3671=ORIENTED_EDGE('',*,*,#1274,.T.);
#3672=ORIENTED_EDGE('',*,*,#3661,.T.);
#3673=ORIENTED_EDGE('',*,*,#3456,.T.);
#3674=CARTESIAN_POINT('',(39.059075624,9.227938193,-32.245537172));
#3675=DIRECTION('',(0.5,0.,-0.866025404));
#3676=VECTOR('',#3675,0.348853077);
#3677=LINE('',#3674,#3676);
#3678=EDGE_CURVE('',#1269,#3442,#3677,.T.);
#3679=ORIENTED_EDGE('',*,*,#3678,.F.);
#3680=EDGE_LOOP('',(#3671,#3672,#3673,#3679));
#3681=FACE_BOUND('',#3680,.T.);
#3682=ADVANCED_FACE('',(#3681),#3670,.F.);
#3683=CARTESIAN_POINT('',(38.933502162,9.727938193,-32.028037557));
#3684=DIRECTION('',(0.5,0.,-0.866025404));
#3685=DIRECTION('',(-0.866025404,-0.,-0.5));
#3686=AXIS2_PLACEMENT_3D('',#3683,#3684,#3685);
#3687=CYLINDRICAL_SURFACE('',#3686,0.5);
#3688=ORIENTED_EDGE('',*,*,#1283,.T.);
#3689=ORIENTED_EDGE('',*,*,#3678,.T.);
#3690=ORIENTED_EDGE('',*,*,#3448,.T.);
#3691=CARTESIAN_POINT('',(38.709675757,9.432597184,-32.447263279));
#3692=DIRECTION('',(0.5,0.,-0.866025404));
#3693=VECTOR('',#3692,0.348853077);
#3694=LINE('',#3691,#3693);
#3695=EDGE_CURVE('',#1277,#3434,#3694,.T.);
#3696=ORIENTED_EDGE('',*,*,#3695,.F.);
#3697=EDGE_LOOP('',(#3688,#3689,#3690,#3696));
#3698=FACE_BOUND('',#3697,.T.);
#3699=ADVANCED_FACE('',(#3698),#3687,.F.);
#3700=CARTESIAN_POINT('',(38.584102296,9.727938193,-32.229763664));
#3701=DIRECTION('',(-0.866025404,-0.,-0.5));
#3702=DIRECTION('',(-0.5,0.,0.866025404));
#3703=AXIS2_PLACEMENT_3D('',#3700,#3701,#3702);
#3704=PLANE('',#3703);
#3705=ORIENTED_EDGE('',*,*,#1707,.T.);
#3706=ORIENTED_EDGE('',*,*,#3695,.T.);
#3707=ORIENTED_EDGE('',*,*,#3439,.T.);
#3708=CARTESIAN_POINT('',(38.709675757,10.023279202,-32.447263279));
#3709=DIRECTION('',(0.5,0.,-0.866025404));
#3710=VECTOR('',#3709,0.348853077);
#3711=LINE('',#3708,#3710);
#3712=EDGE_CURVE('',#1702,#3425,#3711,.T.);
#3713=ORIENTED_EDGE('',*,*,#3712,.F.);
#3714=EDGE_LOOP('',(#3705,#3706,#3707,#3713));
#3715=FACE_BOUND('',#3714,.T.);
#3716=ADVANCED_FACE('',(#3715),#3704,.F.);
#3717=CARTESIAN_POINT('',(38.933502162,9.727938193,-32.028037557));
#3718=DIRECTION('',(0.5,0.,-0.866025404));
#3719=DIRECTION('',(-0.866025404,-0.,-0.5));
#3720=AXIS2_PLACEMENT_3D('',#3717,#3718,#3719);
#3721=CYLINDRICAL_SURFACE('',#3720,0.5);
#3722=ORIENTED_EDGE('',*,*,#2452,.T.);
#3723=ORIENTED_EDGE('',*,*,#3712,.T.);
#3724=ORIENTED_EDGE('',*,*,#3431,.T.);
#3725=ORIENTED_EDGE('',*,*,#3603,.F.);
#3726=EDGE_LOOP('',(#3722,#3723,#3724,#3725));
#3727=FACE_BOUND('',#3726,.T.);
#3728=ADVANCED_FACE('',(#3727),#3721,.F.);
#3729=CARTESIAN_POINT('',(46.860578641,12.,-47.946044027));
#3730=DIRECTION('',(0.819864355,0.,0.572557804));
#3731=DIRECTION('',(0.572557804,0.,-0.819864355));
#3732=AXIS2_PLACEMENT_3D('',#3729,#3730,#3731);
#3733=PLANE('',#3732);
#3734=CARTESIAN_POINT('',(47.680317651,10.9,-49.119855283));
#3735=VERTEX_POINT('',#3734);
#3736=CARTESIAN_POINT('',(47.680317651,14.9,-49.119855283));
#3737=DIRECTION('',(0.819864355,0.,0.572557804));
#3738=DIRECTION('',(0.572557804,0.,-0.819864355));
#3739=AXIS2_PLACEMENT_3D('',#3736,#3737,#3738);
#3740=ELLIPSE('',#3739,4.014845851,4.);
#3741=EDGE_CURVE('',#2943,#3735,#3740,.T.);
#3742=ORIENTED_EDGE('',*,*,#3741,.T.);
#3743=CARTESIAN_POINT('',(48.234509443,10.9,-49.913420739));
#3744=VERTEX_POINT('',#3743);
#3745=CARTESIAN_POINT('',(47.680317651,10.9,-49.119855283));
#3746=DIRECTION('',(0.572557804,0.,-0.819864355));
#3747=VECTOR('',#3746,0.967922867);
#3748=LINE('',#3745,#3747);
#3749=EDGE_CURVE('',#3735,#3744,#3748,.T.);
#3750=ORIENTED_EDGE('',*,*,#3749,.T.);
#3751=CARTESIAN_POINT('',(48.234509443,9.,-49.913420739));
#3752=VERTEX_POINT('',#3751);
#3753=CARTESIAN_POINT('',(48.234509443,10.9,-49.913420739));
#3754=DIRECTION('',(0.,-1.,0.));
#3755=VECTOR('',#3754,1.9);
#3756=LINE('',#3753,#3755);
#3757=EDGE_CURVE('',#3744,#3752,#3756,.T.);
#3758=ORIENTED_EDGE('',*,*,#3757,.T.);
#3759=CARTESIAN_POINT('',(46.760508535,9.,-47.802750351));
#3760=VERTEX_POINT('',#3759);
#3761=CARTESIAN_POINT('',(46.760508535,9.,-47.802750351));
#3762=DIRECTION('',(0.572557804,0.,-0.819864355));
#3763=VECTOR('',#3762,2.57441414);
#3764=LINE('',#3761,#3763);
#3765=EDGE_CURVE('',#3760,#3752,#3764,.T.);
#3766=ORIENTED_EDGE('',*,*,#3765,.F.);
#3767=CARTESIAN_POINT('',(46.760508535,9.,-47.802750351));
#3768=CARTESIAN_POINT('',(46.693081811,9.,-47.706199807));
#3769=CARTESIAN_POINT('',(46.626799113,8.98819478,-47.611287431));
#3770=CARTESIAN_POINT('',(46.561534094,8.965888104,-47.517832304));
#3771=CARTESIAN_POINT('',(46.496269076,8.943581428,-47.424377177));
#3772=CARTESIAN_POINT('',(46.431465189,8.910330871,-47.33158236));
#3773=CARTESIAN_POINT('',(46.369108022,8.868034578,-47.24229108));
#3774=CARTESIAN_POINT('',(46.244393687,8.783441991,-47.063708522));
#3775=CARTESIAN_POINT('',(46.130147311,8.664317544,-46.900115377));
#3776=CARTESIAN_POINT('',(46.024278904,8.520516264,-46.748518923));
#3777=CARTESIAN_POINT('',(45.81254209,8.232913706,-46.445326013));
#3778=CARTESIAN_POINT('',(45.649349018,7.866854057,-46.211644486));
#3779=CARTESIAN_POINT('',(45.486647838,7.5,-45.978667314));
#3780=B_SPLINE_CURVE_WITH_KNOTS('',3,(#3767,#3768,#3769,#3770,#3771,#3772,#3773,#3774,#3775,#3776,#3777,#3778,#3779),.UNSPECIFIED.,.F.,.F.,(4,3,3,3,4),(0.,0.000348338,0.000696676,0.001393352,0.002786703),.UNSPECIFIED.);
#3781=EDGE_CURVE('',#3760,#2952,#3780,.T.);
#3782=ORIENTED_EDGE('',*,*,#3781,.T.);
#3783=ORIENTED_EDGE('',*,*,#2957,.F.);
#3784=EDGE_LOOP('',(#3742,#3750,#3758,#3766,#3782,#3783));
#3785=FACE_BOUND('',#3784,.T.);
#3786=ADVANCED_FACE('',(#3785),#3733,.F.);
#3787=CARTESIAN_POINT('',(49.628278846,12.,-48.940072472));
#3788=DIRECTION('',(0.,-1.,0.));
#3789=DIRECTION('',(0.866025404,0.,0.5));
#3790=AXIS2_PLACEMENT_3D('',#3787,#3788,#3789);
#3791=CYLINDRICAL_SURFACE('',#3790,1.7);
#3792=CARTESIAN_POINT('',(51.100522033,9.,-48.090072472));
#3793=VERTEX_POINT('',#3792);
#3794=CARTESIAN_POINT('',(51.100522033,10.9,-48.090072472));
#3795=VERTEX_POINT('',#3794);
#3796=CARTESIAN_POINT('',(51.100522033,9.,-48.090072472));
#3797=DIRECTION('',(-0.,1.,-0.));
#3798=VECTOR('',#3797,1.9);
#3799=LINE('',#3796,#3798);
#3800=EDGE_CURVE('',#3793,#3795,#3799,.T.);
#3801=ORIENTED_EDGE('',*,*,#3800,.T.);
#3802=CARTESIAN_POINT('',(51.051788767,10.9,-48.010761164));
#3803=VERTEX_POINT('',#3802);
#3804=CARTESIAN_POINT('',(49.628278846,10.9,-48.940072472));
#3805=DIRECTION('',(0.,-1.,-0.));
#3806=DIRECTION('',(0.866025404,0.,0.5));
#3807=AXIS2_PLACEMENT_3D('',#3804,#3805,#3806);
#3808=CIRCLE('',#3807,1.7);
#3809=EDGE_CURVE('',#3795,#3803,#3808,.T.);
#3810=ORIENTED_EDGE('',*,*,#3809,.T.);
#3811=CARTESIAN_POINT('',(51.051788767,9.,-48.010761164));
#3812=VERTEX_POINT('',#3811);
#3813=CARTESIAN_POINT('',(51.051788767,10.9,-48.010761164));
#3814=DIRECTION('',(0.,-1.,0.));
#3815=VECTOR('',#3814,1.9);
#3816=LINE('',#3813,#3815);
#3817=EDGE_CURVE('',#3803,#3812,#3816,.T.);
#3818=ORIENTED_EDGE('',*,*,#3817,.T.);
#3819=CARTESIAN_POINT('',(49.628278846,9.,-48.940072472));
#3820=DIRECTION('',(0.,-1.,-0.));
#3821=DIRECTION('',(-0.866025404,0.,-0.5));
#3822=AXIS2_PLACEMENT_3D('',#3819,#3820,#3821);
#3823=CIRCLE('',#3822,1.7);
#3824=EDGE_CURVE('',#3793,#3812,#3823,.T.);
#3825=ORIENTED_EDGE('',*,*,#3824,.F.);
#3826=EDGE_LOOP('',(#3801,#3810,#3818,#3825));
#3827=FACE_BOUND('',#3826,.T.);
#3828=ADVANCED_FACE('',(#3827),#3791,.T.);
#3829=CARTESIAN_POINT('',(50.090777998,12.,-46.53869432));
#3830=DIRECTION('',(0.837358777,0.,0.54665371));
#3831=DIRECTION('',(0.54665371,0.,-0.837358777));
#3832=AXIS2_PLACEMENT_3D('',#3829,#3830,#3831);
#3833=PLANE('',#3832);
#3834=ORIENTED_EDGE('',*,*,#3817,.F.);
#3835=CARTESIAN_POINT('',(50.570037886,10.9,-47.272819904));
#3836=VERTEX_POINT('',#3835);
#3837=CARTESIAN_POINT('',(51.051788767,10.9,-48.010761164));
#3838=DIRECTION('',(-0.54665371,-0.,0.837358777));
#3839=VECTOR('',#3838,0.881272497);
#3840=LINE('',#3837,#3839);
#3841=EDGE_CURVE('',#3803,#3836,#3840,.T.);
#3842=ORIENTED_EDGE('',*,*,#3841,.T.);
#3843=CARTESIAN_POINT('',(49.129767228,11.886839981,-45.066627476));
#3844=VERTEX_POINT('',#3843);
#3845=CARTESIAN_POINT('',(50.570037886,14.9,-47.272819904));
#3846=DIRECTION('',(-0.837358777,-0.,-0.54665371));
#3847=DIRECTION('',(0.54665371,0.,-0.837358777));
#3848=AXIS2_PLACEMENT_3D('',#3845,#3846,#3847);
#3849=ELLIPSE('',#3848,4.006005692,4.);
#3850=EDGE_CURVE('',#3836,#3844,#3849,.T.);
#3851=ORIENTED_EDGE('',*,*,#3850,.T.);
#3852=CARTESIAN_POINT('',(49.129767228,8.272865256,-45.066627476));
#3853=VERTEX_POINT('',#3852);
#3854=CARTESIAN_POINT('',(49.129767228,11.886839981,-45.066627476));
#3855=DIRECTION('',(0.,-1.,0.));
#3856=VECTOR('',#3855,3.613974725);
#3857=LINE('',#3854,#3856);
#3858=EDGE_CURVE('',#3844,#3853,#3857,.T.);
#3859=ORIENTED_EDGE('',*,*,#3858,.T.);
#3860=CARTESIAN_POINT('',(49.832793701,9.,-46.143516512));
#3861=VERTEX_POINT('',#3860);
#3862=CARTESIAN_POINT('',(49.129767228,8.272865256,-45.066627476));
#3863=CARTESIAN_POINT('',(49.166404224,8.384258313,-45.122747666));
#3864=CARTESIAN_POINT('',(49.210026257,8.48466118,-45.189567467));
#3865=CARTESIAN_POINT('',(49.26041626,8.574415386,-45.266754378));
#3866=CARTESIAN_POINT('',(49.285611262,8.619292489,-45.305347834));
#3867=CARTESIAN_POINT('',(49.312734701,8.661737441,-45.346895251));
#3868=CARTESIAN_POINT('',(49.340973796,8.700425435,-45.390151619));
#3869=CARTESIAN_POINT('',(49.369212891,8.739113429,-45.433407986));
#3870=CARTESIAN_POINT('',(49.398592143,8.774185076,-45.478410837));
#3871=CARTESIAN_POINT('',(49.429087423,8.805716912,-45.525123206));
#3872=CARTESIAN_POINT('',(49.490077983,8.868780586,-45.618547946));
#3873=CARTESIAN_POINT('',(49.556545086,8.91817266,-45.7203616));
#3874=CARTESIAN_POINT('',(49.624417508,8.950779542,-45.824327909));
#3875=CARTESIAN_POINT('',(49.69228993,8.983386424,-45.928294218));
#3876=CARTESIAN_POINT('',(49.761728416,9.,-46.034659407));
#3877=CARTESIAN_POINT('',(49.832793701,9.,-46.143516512));
#3878=B_SPLINE_CURVE_WITH_KNOTS('',3,(#3862,#3863,#3864,#3865,#3866,#3867,#3868,#3869,#3870,#3871,#3872,#3873,#3874,#3875,#3876,#3877),.UNSPECIFIED.,.F.,.F.,(4,3,3,3,3,4),(0.,0.000384466,0.000576699,0.000768932,0.001153398,0.001537864),.UNSPECIFIED.);
#3879=EDGE_CURVE('',#3853,#3861,#3878,.T.);
#3880=ORIENTED_EDGE('',*,*,#3879,.T.);
#3881=CARTESIAN_POINT('',(49.832793701,9.,-46.143516512));
#3882=DIRECTION('',(0.54665371,0.,-0.837358777));
#3883=VECTOR('',#3882,2.229921873);
#3884=LINE('',#3881,#3883);
#3885=EDGE_CURVE('',#3861,#3812,#3884,.T.);
#3886=ORIENTED_EDGE('',*,*,#3885,.T.);
#3887=EDGE_LOOP('',(#3834,#3842,#3851,#3859,#3880,#3886));
#3888=FACE_BOUND('',#3887,.T.);
#3889=ADVANCED_FACE('',(#3888),#3833,.T.);
#3890=CARTESIAN_POINT('',(49.338361618,12.,-44.930450606));
#3891=DIRECTION('',(0.,-1.,0.));
#3892=DIRECTION('',(0.866025404,0.,0.5));
#3893=AXIS2_PLACEMENT_3D('',#3890,#3891,#3892);
#3894=CYLINDRICAL_SURFACE('',#3893,0.249109934);
#3895=ORIENTED_EDGE('',*,*,#3858,.F.);
#3896=CARTESIAN_POINT('',(49.153285655,14.587847294,-44.763709348));
#3897=VERTEX_POINT('',#3896);
#3898=CARTESIAN_POINT('',(49.129767228,11.886839981,-45.066627476));
#3899=CARTESIAN_POINT('',(49.119312612,11.97713391,-45.050613198));
#3900=CARTESIAN_POINT('',(49.111330651,12.071654879,-45.034421956));
#3901=CARTESIAN_POINT('',(49.105250619,12.170356504,-45.0182858));
#3902=CARTESIAN_POINT('',(49.099170586,12.269058129,-45.002149644));
#3903=CARTESIAN_POINT('',(49.094995012,12.372727955,-44.985950374));
#3904=CARTESIAN_POINT('',(49.092457579,12.478338052,-44.970287311));
#3905=CARTESIAN_POINT('',(49.087382715,12.689558246,-44.938961186));
#3906=CARTESIAN_POINT('',(49.088610884,12.908371601,-44.909707672));
#3907=CARTESIAN_POINT('',(49.093846136,13.136113898,-44.882827732));
#3908=CARTESIAN_POINT('',(49.096463761,13.249985046,-44.869387763));
#3909=CARTESIAN_POINT('',(49.100126498,13.36633843,-44.8565405));
#3910=CARTESIAN_POINT('',(49.104527371,13.483242351,-44.844559362));
#3911=CARTESIAN_POINT('',(49.108928244,13.600146273,-44.832578225));
#3912=CARTESIAN_POINT('',(49.114088044,13.718050496,-44.82139231));
#3913=CARTESIAN_POINT('',(49.119685889,13.837699701,-44.811133027));
#3914=CARTESIAN_POINT('',(49.125283733,13.957348907,-44.800873745));
#3915=CARTESIAN_POINT('',(49.131351811,14.078622908,-44.791511292));
#3916=CARTESIAN_POINT('',(49.137297735,14.20310985,-44.783382342));
#3917=CARTESIAN_POINT('',(49.143243659,14.327596792,-44.775253392));
#3918=CARTESIAN_POINT('',(49.149160822,14.456213671,-44.768287744));
#3919=CARTESIAN_POINT('',(49.153285643,14.587847315,-44.763709361));
#3920=B_SPLINE_CURVE_WITH_KNOTS('',3,(#3898,#3899,#3900,#3901,#3902,#3903,#3904,#3905,#3906,#3907,#3908,#3909,#3910,#3911,#3912,#3913,#3914,#3915,#3916,#3917,#3918,#3919),.UNSPECIFIED.,.F.,.F.,(4,3,3,3,3,3,3,4),(0.,0.000407435,0.00081487,0.00162974,0.002037175,0.00244461,0.002852045,0.00325948),.UNSPECIFIED.);
#3921=EDGE_CURVE('',#3844,#3897,#3920,.T.);
#3922=ORIENTED_EDGE('',*,*,#3921,.T.);
#3923=CARTESIAN_POINT('',(49.153285655,7.529007598,-44.763709348));
#3924=VERTEX_POINT('',#3923);
#3925=CARTESIAN_POINT('',(49.153285655,14.587847294,-44.763709348));
#3926=DIRECTION('',(0.,-1.,0.));
#3927=VECTOR('',#3926,7.058839697);
#3928=LINE('',#3925,#3927);
#3929=EDGE_CURVE('',#3897,#3924,#3928,.T.);
#3930=ORIENTED_EDGE('',*,*,#3929,.T.);
#3931=CARTESIAN_POINT('',(49.153285655,7.529007598,-44.763709348));
#3932=CARTESIAN_POINT('',(49.149519932,7.535895545,-44.767889147));
#3933=CARTESIAN_POINT('',(49.147784776,7.543957414,-44.769989533));
#3934=CARTESIAN_POINT('',(49.145706511,7.551792676,-44.772527263));
#3935=CARTESIAN_POINT('',(49.143628247,7.559627938,-44.775064992));
#3936=CARTESIAN_POINT('',(49.141679975,7.567515541,-44.777539039));
#3937=CARTESIAN_POINT('',(49.139822305,7.575432092,-44.779991627));
#3938=CARTESIAN_POINT('',(49.136106966,7.591265194,-44.784896802));
#3939=CARTESIAN_POINT('',(49.132655486,7.60715585,-44.789820911));
#3940=CARTESIAN_POINT('',(49.1293943,7.623059095,-44.794846701));
#3941=CARTESIAN_POINT('',(49.122871926,7.654865586,-44.804898279));
#3942=CARTESIAN_POINT('',(49.117099028,7.68669745,-44.815369254));
#3943=CARTESIAN_POINT('',(49.112080913,7.718352552,-44.826273817));
#3944=CARTESIAN_POINT('',(49.102044683,7.781662754,-44.848082945));
#3945=CARTESIAN_POINT('',(49.09492648,7.844440558,-44.871703064));
#3946=CARTESIAN_POINT('',(49.091495835,7.906753478,-44.897088289));
#3947=CARTESIAN_POINT('',(49.084634543,8.031379319,-44.947858738));
#3948=CARTESIAN_POINT('',(49.091229675,8.155693642,-45.00759603));
#3949=CARTESIAN_POINT('',(49.129767228,8.272865256,-45.066627476));
#3950=B_SPLINE_CURVE_WITH_KNOTS('',3,(#3931,#3932,#3933,#3934,#3935,#3936,#3937,#3938,#3939,#3940,#3941,#3942,#3943,#3944,#3945,#3946,#3947,#3948,#3949),.UNSPECIFIED.,.F.,.F.,(4,3,3,3,3,3,4),(0.,0.000025476,0.000050953,0.000101905,0.000203811,0.000407622,0.000815244),.UNSPECIFIED.);
#3951=EDGE_CURVE('',#3924,#3853,#3950,.T.);
#3952=ORIENTED_EDGE('',*,*,#3951,.T.);
#3953=EDGE_LOOP('',(#3895,#3922,#3930,#3952));
#3954=FACE_BOUND('',#3953,.T.);
#3955=ADVANCED_FACE('',(#3954),#3894,.F.);
#3956=CARTESIAN_POINT('',(48.236257566,12.,-45.781572941));
#3957=DIRECTION('',(0.742948945,0.,-0.669348089));
#3958=DIRECTION('',(-0.669348089,0.,-0.742948945));
#3959=AXIS2_PLACEMENT_3D('',#3956,#3957,#3958);
#3960=PLANE('',#3959);
#3961=ORIENTED_EDGE('',*,*,#3929,.F.);
#3962=CARTESIAN_POINT('',(40.507696242,14.9,-54.359959245));
#3963=DIRECTION('',(-0.742948945,-0.,0.669348089));
#3964=DIRECTION('',(0.669348089,0.,0.742948945));
#3965=AXIS2_PLACEMENT_3D('',#3962,#3963,#3964);
#3966=ELLIPSE('',#3965,12.95594331,4.);
#3967=EDGE_CURVE('',#3897,#1388,#3966,.T.);
#3968=ORIENTED_EDGE('',*,*,#3967,.T.);
#3969=ORIENTED_EDGE('',*,*,#1393,.T.);
#3970=CARTESIAN_POINT('',(49.169140753,7.5,-44.746110839));
#3971=CARTESIAN_POINT('',(49.163856075,7.509669632,-44.751976615));
#3972=CARTESIAN_POINT('',(49.158571429,7.519339303,-44.757842356));
#3973=CARTESIAN_POINT('',(49.153285655,7.529007598,-44.763709348));
#3974=B_SPLINE_CURVE_WITH_KNOTS('',3,(#3970,#3971,#3972,#3973),.UNSPECIFIED.,.F.,.F.,(4,4),(0.,0.00003745),.UNSPECIFIED.);
#3975=EDGE_CURVE('',#1187,#3924,#3974,.T.);
#3976=ORIENTED_EDGE('',*,*,#3975,.T.);
#3977=EDGE_LOOP('',(#3961,#3968,#3969,#3976));
#3978=FACE_BOUND('',#3977,.T.);
#3979=ADVANCED_FACE('',(#3978),#3960,.T.);
#3980=CARTESIAN_POINT('',(49.628278846,12.,-48.940072472));
#3981=DIRECTION('',(0.,-1.,0.));
#3982=DIRECTION('',(0.866025404,0.,0.5));
#3983=AXIS2_PLACEMENT_3D('',#3980,#3981,#3982);
#3984=CYLINDRICAL_SURFACE('',#3983,0.5);
#3985=CARTESIAN_POINT('',(50.061291548,9.2,-48.690072472));
#3986=VERTEX_POINT('',#3985);
#3987=CARTESIAN_POINT('',(50.061291548,12.,-48.690072472));
#3988=VERTEX_POINT('',#3987);
#3989=CARTESIAN_POINT('',(50.061291548,9.2,-48.690072472));
#3990=DIRECTION('',(-0.,1.,-0.));
#3991=VECTOR('',#3990,2.8);
#3992=LINE('',#3989,#3991);
#3993=EDGE_CURVE('',#3986,#3988,#3992,.T.);
#3994=ORIENTED_EDGE('',*,*,#3993,.F.);
#3995=CARTESIAN_POINT('',(49.195266144,9.2,-49.190072472));
#3996=VERTEX_POINT('',#3995);
#3997=CARTESIAN_POINT('',(49.628278846,9.2,-48.940072472));
#3998=DIRECTION('',(0.,-1.,-0.));
#3999=DIRECTION('',(0.866025404,0.,0.5));
#4000=AXIS2_PLACEMENT_3D('',#3997,#3998,#3999);
#4001=CIRCLE('',#4000,0.5);
#4002=EDGE_CURVE('',#3986,#3996,#4001,.T.);
#4003=ORIENTED_EDGE('',*,*,#4002,.T.);
#4004=CARTESIAN_POINT('',(49.628278846,9.2,-48.940072472));
#4005=DIRECTION('',(0.,-1.,-0.));
#4006=DIRECTION('',(0.866025404,0.,0.5));
#4007=AXIS2_PLACEMENT_3D('',#4004,#4005,#4006);
#4008=CIRCLE('',#4007,0.5);
#4009=EDGE_CURVE('',#3996,#3986,#4008,.T.);
#4010=ORIENTED_EDGE('',*,*,#4009,.T.);
#4011=ORIENTED_EDGE('',*,*,#3993,.T.);
#4012=CARTESIAN_POINT('',(49.195266144,12.,-49.190072472));
#4013=VERTEX_POINT('',#4012);
#4014=CARTESIAN_POINT('',(49.628278846,12.,-48.940072472));
#4015=DIRECTION('',(0.,-1.,-0.));
#4016=DIRECTION('',(-0.866025404,0.,-0.5));
#4017=AXIS2_PLACEMENT_3D('',#4014,#4015,#4016);
#4018=CIRCLE('',#4017,0.5);
#4019=EDGE_CURVE('',#4013,#3988,#4018,.T.);
#4020=ORIENTED_EDGE('',*,*,#4019,.F.);
#4021=CARTESIAN_POINT('',(49.628278846,12.,-48.940072472));
#4022=DIRECTION('',(0.,-1.,-0.));
#4023=DIRECTION('',(-0.866025404,0.,-0.5));
#4024=AXIS2_PLACEMENT_3D('',#4021,#4022,#4023);
#4025=CIRCLE('',#4024,0.5);
#4026=EDGE_CURVE('',#3988,#4013,#4025,.T.);
#4027=ORIENTED_EDGE('',*,*,#4026,.F.);
#4028=EDGE_LOOP('',(#3994,#4003,#4010,#4011,#4020,#4027));
#4029=FACE_BOUND('',#4028,.T.);
#4030=ADVANCED_FACE('',(#4029),#3984,.F.);
#4031=CARTESIAN_POINT('',(11.835640646,12.,17.299930939));
#4032=DIRECTION('',(0.,1.,0.));
#4033=DIRECTION('',(0.5,0.,-0.866025404));
#4034=AXIS2_PLACEMENT_3D('',#4031,#4032,#4033);
#4035=PLANE('',#4034);
#4036=CARTESIAN_POINT('',(48.582168442,12.,-48.490041698));
#4037=VERTEX_POINT('',#4036);
#4038=CARTESIAN_POINT('',(49.648943232,12.,-47.874138986));
#4039=VERTEX_POINT('',#4038);
#4040=CARTESIAN_POINT('',(48.582168442,12.,-48.490041698));
#4041=DIRECTION('',(0.866025404,-0.,0.5));
#4042=VECTOR('',#4041,1.231805424);
#4043=LINE('',#4040,#4042);
#4044=EDGE_CURVE('',#4037,#4039,#4043,.T.);
#4045=ORIENTED_EDGE('',*,*,#4044,.T.);
#4046=CARTESIAN_POINT('',(50.130694112,12.,-48.612080246));
#4047=VERTEX_POINT('',#4046);
#4048=CARTESIAN_POINT('',(49.648943232,12.,-47.874138986));
#4049=DIRECTION('',(0.54665371,0.,-0.837358777));
#4050=VECTOR('',#4049,0.881272497);
#4051=LINE('',#4048,#4050);
#4052=EDGE_CURVE('',#4039,#4047,#4051,.T.);
#4053=ORIENTED_EDGE('',*,*,#4052,.T.);
#4054=CARTESIAN_POINT('',(50.147894088,12.,-48.640072472));
#4055=VERTEX_POINT('',#4054);
#4056=CARTESIAN_POINT('',(49.628278846,12.,-48.940072472));
#4057=DIRECTION('',(-0.,1.,0.));
#4058=DIRECTION('',(0.866025404,0.,0.5));
#4059=AXIS2_PLACEMENT_3D('',#4056,#4057,#4058);
#4060=CIRCLE('',#4059,0.6);
#4061=EDGE_CURVE('',#4047,#4055,#4060,.T.);
#4062=ORIENTED_EDGE('',*,*,#4061,.T.);
#4063=CARTESIAN_POINT('',(49.136360233,12.,-49.283607154));
#4064=VERTEX_POINT('',#4063);
#4065=CARTESIAN_POINT('',(49.628278846,12.,-48.940072472));
#4066=DIRECTION('',(-0.,1.,0.));
#4067=DIRECTION('',(0.866025404,0.,0.5));
#4068=AXIS2_PLACEMENT_3D('',#4065,#4066,#4067);
#4069=CIRCLE('',#4068,0.6);
#4070=EDGE_CURVE('',#4055,#4064,#4069,.T.);
#4071=ORIENTED_EDGE('',*,*,#4070,.T.);
#4072=CARTESIAN_POINT('',(49.136360233,12.,-49.283607154));
#4073=DIRECTION('',(-0.572557804,-0.,0.819864355));
#4074=VECTOR('',#4073,0.967922867);
#4075=LINE('',#4072,#4074);
#4076=EDGE_CURVE('',#4064,#4037,#4075,.T.);
#4077=ORIENTED_EDGE('',*,*,#4076,.T.);
#4078=EDGE_LOOP('',(#4045,#4053,#4062,#4071,#4077));
#4079=FACE_BOUND('',#4078,.T.);
#4080=ORIENTED_EDGE('',*,*,#4019,.T.);
#4081=ORIENTED_EDGE('',*,*,#4026,.T.);
#4082=EDGE_LOOP('',(#4080,#4081));
#4083=FACE_BOUND('',#4082,.T.);
#4084=ADVANCED_FACE('',(#4079,#4083),#4035,.T.);
#4085=CARTESIAN_POINT('',(11.835640646,9.,17.299930939));
#4086=DIRECTION('',(0.,1.,0.));
#4087=DIRECTION('',(0.5,0.,-0.866025404));
#4088=AXIS2_PLACEMENT_3D('',#4085,#4086,#4087);
#4089=PLANE('',#4088);
#4090=CARTESIAN_POINT('',(50.234496629,9.,-48.590072472));
#4091=VERTEX_POINT('',#4090);
#4092=CARTESIAN_POINT('',(49.022061064,9.,-49.290072472));
#4093=VERTEX_POINT('',#4092);
#4094=CARTESIAN_POINT('',(49.628278846,9.,-48.940072472));
#4095=DIRECTION('',(-0.,1.,0.));
#4096=DIRECTION('',(0.866025404,0.,0.5));
#4097=AXIS2_PLACEMENT_3D('',#4094,#4095,#4096);
#4098=CIRCLE('',#4097,0.7);
#4099=EDGE_CURVE('',#4091,#4093,#4098,.T.);
#4100=ORIENTED_EDGE('',*,*,#4099,.T.);
#4101=CARTESIAN_POINT('',(49.628278846,9.,-48.940072472));
#4102=DIRECTION('',(-0.,1.,0.));
#4103=DIRECTION('',(0.866025404,0.,0.5));
#4104=AXIS2_PLACEMENT_3D('',#4101,#4102,#4103);
#4105=CIRCLE('',#4104,0.7);
#4106=EDGE_CURVE('',#4093,#4091,#4105,.T.);
#4107=ORIENTED_EDGE('',*,*,#4106,.T.);
#4108=EDGE_LOOP('',(#4100,#4107));
#4109=FACE_BOUND('',#4108,.T.);
#4110=ORIENTED_EDGE('',*,*,#3885,.F.);
#4111=CARTESIAN_POINT('',(49.676191808,9.,-46.241826259));
#4112=VERTEX_POINT('',#4111);
#4113=CARTESIAN_POINT('',(48.426191808,9.,-44.07676275));
#4114=DIRECTION('',(-0.,1.,0.));
#4115=DIRECTION('',(0.866025404,0.,0.5));
#4116=AXIS2_PLACEMENT_3D('',#4113,#4114,#4115);
#4117=CIRCLE('',#4116,2.5);
#4118=EDGE_CURVE('',#3861,#4112,#4117,.T.);
#4119=ORIENTED_EDGE('',*,*,#4118,.T.);
#4120=CARTESIAN_POINT('',(47.424525758,9.,-47.541826259));
#4121=VERTEX_POINT('',#4120);
#4122=CARTESIAN_POINT('',(49.676191808,9.,-46.241826259));
#4123=DIRECTION('',(-0.866025404,0.,-0.5));
#4124=VECTOR('',#4123,2.6);
#4125=LINE('',#4122,#4124);
#4126=EDGE_CURVE('',#4112,#4121,#4125,.T.);
#4127=ORIENTED_EDGE('',*,*,#4126,.T.);
#4128=CARTESIAN_POINT('',(46.224525758,9.,-45.46336529));
#4129=DIRECTION('',(-0.,1.,0.));
#4130=DIRECTION('',(0.866025404,0.,0.5));
#4131=AXIS2_PLACEMENT_3D('',#4128,#4129,#4130);
#4132=CIRCLE('',#4131,2.4);
#4133=EDGE_CURVE('',#4121,#3760,#4132,.T.);
#4134=ORIENTED_EDGE('',*,*,#4133,.T.);
#4135=ORIENTED_EDGE('',*,*,#3765,.T.);
#4136=CARTESIAN_POINT('',(49.628278846,9.,-48.940072472));
#4137=DIRECTION('',(0.,-1.,-0.));
#4138=DIRECTION('',(-0.866025404,0.,-0.5));
#4139=AXIS2_PLACEMENT_3D('',#4136,#4137,#4138);
#4140=CIRCLE('',#4139,1.7);
#4141=EDGE_CURVE('',#3752,#3793,#4140,.T.);
#4142=ORIENTED_EDGE('',*,*,#4141,.T.);
#4143=ORIENTED_EDGE('',*,*,#3824,.T.);
#4144=EDGE_LOOP('',(#4110,#4119,#4127,#4134,#4135,#4142,#4143));
#4145=FACE_BOUND('',#4144,.T.);
#4146=ADVANCED_FACE('',(#4109,#4145),#4089,.F.);
#4147=CARTESIAN_POINT('',(49.510166404,-14.9,-47.954261825));
#4148=DIRECTION('',(0.866025404,0.,0.5));
#4149=DIRECTION('',(0.5,0.,-0.866025404));
#4150=AXIS2_PLACEMENT_3D('',#4147,#4148,#4149);
#4151=CYLINDRICAL_SURFACE('',#4150,2.9);
#4152=ORIENTED_EDGE('',*,*,#2245,.T.);
#4153=CARTESIAN_POINT('',(48.582168442,-14.9,-48.490041698));
#4154=DIRECTION('',(-0.800906258,0.,-0.598789751));
#4155=DIRECTION('',(0.598789751,0.,-0.800906258));
#4156=AXIS2_PLACEMENT_3D('',#4153,#4154,#4155);
#4157=ELLIPSE('',#4156,2.920442981,2.9);
#4158=EDGE_CURVE('',#2231,#1082,#4157,.T.);
#4159=ORIENTED_EDGE('',*,*,#4158,.T.);
#4160=ORIENTED_EDGE('',*,*,#1087,.F.);
#4161=CARTESIAN_POINT('',(48.570401251,-12.715458986,-46.294479005));
#4162=VERTEX_POINT('',#4161);
#4163=CARTESIAN_POINT('',(49.648943232,-14.9,-47.874138986));
#4164=DIRECTION('',(0.825861897,-0.,0.563872439));
#4165=DIRECTION('',(0.563872439,0.,-0.825861897));
#4166=AXIS2_PLACEMENT_3D('',#4163,#4164,#4165);
#4167=ELLIPSE('',#4166,2.908278117,2.9);
#4168=EDGE_CURVE('',#1080,#4162,#4167,.T.);
#4169=ORIENTED_EDGE('',*,*,#4168,.T.);
#4170=CARTESIAN_POINT('',(48.88436452,-14.673689288,-44.977149232));
#4171=VERTEX_POINT('',#4170);
#4172=CARTESIAN_POINT('',(48.570401251,-12.715458986,-46.294479005));
#4173=CARTESIAN_POINT('',(48.528002085,-12.780922084,-46.23238011));
#4174=CARTESIAN_POINT('',(48.498163207,-12.849449933,-46.167936598));
#4175=CARTESIAN_POINT('',(48.477905372,-12.921008611,-46.102492629));
#4176=CARTESIAN_POINT('',(48.457647537,-12.992567289,-46.037048659));
#4177=CARTESIAN_POINT('',(48.447039452,-13.067728751,-45.97010113));
#4178=CARTESIAN_POINT('',(48.444343237,-13.144296072,-45.904406253));
#4179=CARTESIAN_POINT('',(48.438950806,-13.297430712,-45.773016499));
#4180=CARTESIAN_POINT('',(48.464012447,-13.456069798,-45.646464921));
#4181=CARTESIAN_POINT('',(48.507750625,-13.621182963,-45.527539163));
#4182=CARTESIAN_POINT('',(48.529619714,-13.703739545,-45.468076284));
#4183=CARTESIAN_POINT('',(48.556328203,-13.788095376,-45.410474708));
#4184=CARTESIAN_POINT('',(48.586250108,-13.872850719,-45.356132946));
#4185=CARTESIAN_POINT('',(48.616172014,-13.957606062,-45.301791183));
#4186=CARTESIAN_POINT('',(48.649476132,-14.04308661,-45.250391004));
#4187=CARTESIAN_POINT('',(48.684324418,-14.129832284,-45.202679105));
#4188=CARTESIAN_POINT('',(48.719172703,-14.216577958,-45.154967205));
#4189=CARTESIAN_POINT('',(48.755814212,-14.304501609,-45.110807289));
#4190=CARTESIAN_POINT('',(48.791044155,-14.394754641,-45.072028637));
#4191=CARTESIAN_POINT('',(48.826274097,-14.485007674,-45.033249984));
#4192=CARTESIAN_POINT('',(48.860608769,-14.578254912,-44.999490588));
#4193=CARTESIAN_POINT('',(48.884364431,-14.673689304,-44.977149282));
#4194=B_SPLINE_CURVE_WITH_KNOTS('',3,(#4172,#4173,#4174,#4175,#4176,#4177,#4178,#4179,#4180,#4181,#4182,#4183,#4184,#4185,#4186,#4187,#4188,#4189,#4190,#4191,#4192,#4193),.UNSPECIFIED.,.F.,.F.,(4,3,3,3,3,3,3,4),(0.,0.000407435,0.00081487,0.00162974,0.002037175,0.00244461,0.002852045,0.00325948),.UNSPECIFIED.);
#4195=EDGE_CURVE('',#4162,#4171,#4194,.T.);
#4196=ORIENTED_EDGE('',*,*,#4195,.T.);
#4197=CARTESIAN_POINT('',(39.690452402,-14.9,-53.623676347));
#4198=DIRECTION('',(0.685088751,-0.,-0.72845961));
#4199=DIRECTION('',(0.72845961,0.,0.685088751));
#4200=AXIS2_PLACEMENT_3D('',#4197,#4198,#4199);
#4201=ELLIPSE('',#4200,12.659639294,2.9);
#4202=EDGE_CURVE('',#4171,#2240,#4201,.T.);
#4203=ORIENTED_EDGE('',*,*,#4202,.T.);
#4204=EDGE_LOOP('',(#4152,#4159,#4160,#4169,#4196,#4203));
#4205=FACE_BOUND('',#4204,.T.);
#4206=ADVANCED_FACE('',(#4205),#4151,.F.);
#4207=CARTESIAN_POINT('',(51.243949262,14.9,-46.953261825));
#4208=DIRECTION('',(0.866025404,0.,0.5));
#4209=DIRECTION('',(0.5,0.,-0.866025404));
#4210=AXIS2_PLACEMENT_3D('',#4207,#4208,#4209);
#4211=CYLINDRICAL_SURFACE('',#4210,2.9);
#4212=ORIENTED_EDGE('',*,*,#2650,.F.);
#4213=CARTESIAN_POINT('',(48.88436452,14.673689288,-44.977149232));
#4214=VERTEX_POINT('',#4213);
#4215=CARTESIAN_POINT('',(39.690452402,14.9,-53.623676347));
#4216=DIRECTION('',(0.685088751,-0.,-0.72845961));
#4217=DIRECTION('',(0.72845961,0.,0.685088751));
#4218=AXIS2_PLACEMENT_3D('',#4215,#4216,#4217);
#4219=ELLIPSE('',#4218,12.659639294,2.9);
#4220=EDGE_CURVE('',#2636,#4214,#4219,.T.);
#4221=ORIENTED_EDGE('',*,*,#4220,.T.);
#4222=CARTESIAN_POINT('',(48.570401251,12.715458986,-46.294479005));
#4223=VERTEX_POINT('',#4222);
#4224=CARTESIAN_POINT('',(48.884364431,14.673689304,-44.977149282));
#4225=CARTESIAN_POINT('',(48.860608762,14.578254913,-44.999490588));
#4226=CARTESIAN_POINT('',(48.826274099,14.485007674,-45.033249985));
#4227=CARTESIAN_POINT('',(48.791044155,14.394754641,-45.072028637));
#4228=CARTESIAN_POINT('',(48.75581421,14.304501609,-45.110807289));
#4229=CARTESIAN_POINT('',(48.719172706,14.216577957,-45.154967206));
#4230=CARTESIAN_POINT('',(48.684324418,14.129832284,-45.202679105));
#4231=CARTESIAN_POINT('',(48.649476129,14.043086611,-45.250391004));
#4232=CARTESIAN_POINT('',(48.616177155,13.957605705,-45.301792428));
#4233=CARTESIAN_POINT('',(48.586250108,13.872850719,-45.356132946));
#4234=CARTESIAN_POINT('',(48.556323062,13.788095733,-45.410473463));
#4235=CARTESIAN_POINT('',(48.529620496,13.703739546,-45.468076437));
#4236=CARTESIAN_POINT('',(48.507750625,13.621182963,-45.527539163));
#4237=CARTESIAN_POINT('',(48.464010883,13.456069797,-45.646464615));
#4238=CARTESIAN_POINT('',(48.438951,13.297431007,-45.773016835));
#4239=CARTESIAN_POINT('',(48.444343237,13.144296072,-45.904406253));
#4240=CARTESIAN_POINT('',(48.447039355,13.067728604,-45.970100962));
#4241=CARTESIAN_POINT('',(48.457647595,12.992567341,-46.037048696));
#4242=CARTESIAN_POINT('',(48.477905372,12.921008611,-46.102492629));
#4243=CARTESIAN_POINT('',(48.49816315,12.849449881,-46.167936562));
#4244=CARTESIAN_POINT('',(48.528002085,12.780922084,-46.23238011));
#4245=CARTESIAN_POINT('',(48.570401251,12.715458986,-46.294479005));
#4246=B_SPLINE_CURVE_WITH_KNOTS('',3,(#4224,#4225,#4226,#4227,#4228,#4229,#4230,#4231,#4232,#4233,#4234,#4235,#4236,#4237,#4238,#4239,#4240,#4241,#4242,#4243,#4244,#4245),.UNSPECIFIED.,.F.,.F.,(4,3,3,3,3,3,3,4),(0.,0.000407435,0.00081487,0.001222305,0.00162974,0.00244461,0.002852045,0.00325948),.UNSPECIFIED.);
#4247=EDGE_CURVE('',#4214,#4223,#4246,.T.);
#4248=ORIENTED_EDGE('',*,*,#4247,.T.);
#4249=CARTESIAN_POINT('',(49.648943232,14.9,-47.874138986));
#4250=DIRECTION('',(0.825861897,-0.,0.563872439));
#4251=DIRECTION('',(0.563872439,0.,-0.825861897));
#4252=AXIS2_PLACEMENT_3D('',#4249,#4250,#4251);
#4253=ELLIPSE('',#4252,2.908278117,2.9);
#4254=EDGE_CURVE('',#4223,#4039,#4253,.T.);
#4255=ORIENTED_EDGE('',*,*,#4254,.T.);
#4256=ORIENTED_EDGE('',*,*,#4044,.F.);
#4257=CARTESIAN_POINT('',(48.582168442,14.9,-48.490041698));
#4258=DIRECTION('',(-0.800906258,0.,-0.598789751));
#4259=DIRECTION('',(0.598789751,0.,-0.800906258));
#4260=AXIS2_PLACEMENT_3D('',#4257,#4258,#4259);
#4261=ELLIPSE('',#4260,2.920442981,2.9);
#4262=EDGE_CURVE('',#4037,#2645,#4261,.T.);
#4263=ORIENTED_EDGE('',*,*,#4262,.T.);
#4264=EDGE_LOOP('',(#4212,#4221,#4248,#4255,#4256,#4263));
#4265=FACE_BOUND('',#4264,.T.);
#4266=ADVANCED_FACE('',(#4265),#4211,.F.);
#4267=CARTESIAN_POINT('',(48.92246044,-15.128853422,-44.936281383));
#4268=CARTESIAN_POINT('',(48.935022416,-15.125959838,-44.929248307));
#4269=CARTESIAN_POINT('',(48.947437609,-15.123047009,-44.921960995));
#4270=CARTESIAN_POINT('',(48.971954544,-15.117187542,-44.906889626));
#4271=CARTESIAN_POINT('',(48.984056286,-15.114240903,-44.899105569));
#4272=CARTESIAN_POINT('',(49.007926932,-15.108318549,-44.883053225));
#4273=CARTESIAN_POINT('',(49.019695837,-15.105342835,-44.874784939));
#4274=CARTESIAN_POINT('',(49.042881953,-15.099367106,-44.857777426));
#4275=CARTESIAN_POINT('',(49.054299164,-15.096367092,-44.849038199));
#4276=CARTESIAN_POINT('',(49.0767636,-15.090347581,-44.831102844));
#4277=CARTESIAN_POINT('',(49.087810824,-15.087328084,-44.821906717));
#4278=CARTESIAN_POINT('',(49.109517578,-15.08127445,-44.803072327));
#4279=CARTESIAN_POINT('',(49.120177108,-15.078240314,-44.793434065));
#4280=CARTESIAN_POINT('',(49.141091388,-15.07216227,-44.773730879));
#4281=CARTESIAN_POINT('',(49.151346136,-15.069118362,-44.763665955));
#4282=CARTESIAN_POINT('',(49.167760147,-15.064140048,-44.74688255));
#4283=CARTESIAN_POINT('',(49.174045314,-15.062207103,-44.740286771));
#4284=CARTESIAN_POINT('',(49.180243762,-15.060273799,-44.733610582));
#4285=CARTESIAN_POINT('',(48.915819442,-15.052677898,-44.945883457));
#4286=CARTESIAN_POINT('',(48.928312399,-15.050744667,-44.938744159));
#4287=CARTESIAN_POINT('',(48.940662326,-15.048799114,-44.931357126));
#4288=CARTESIAN_POINT('',(48.965056866,-15.044886366,-44.916099146));
#4289=CARTESIAN_POINT('',(48.977101478,-15.042919171,-44.908228199));
#4290=CARTESIAN_POINT('',(49.000866609,-15.03896617,-44.892014702));
#4291=CARTESIAN_POINT('',(49.012587127,-15.036980365,-44.883672151));
#4292=CARTESIAN_POINT('',(49.035685792,-15.032993204,-44.866528487));
#4293=CARTESIAN_POINT('',(49.047063939,-15.030991848,-44.857727375));
#4294=CARTESIAN_POINT('',(49.069460117,-15.02697667,-44.839680341));
#4295=CARTESIAN_POINT('',(49.080478147,-15.024962847,-44.83043442));
#4296=CARTESIAN_POINT('',(49.102136906,-15.020925833,-44.811512213));
#4297=CARTESIAN_POINT('',(49.112777633,-15.018902643,-44.801835927));
#4298=CARTESIAN_POINT('',(49.133665187,-15.014850011,-44.782068105));
#4299=CARTESIAN_POINT('',(49.143912012,-15.012820569,-44.771976568));
#4300=CARTESIAN_POINT('',(49.160322333,-15.009501523,-44.755158672));
#4301=CARTESIAN_POINT('',(49.166608346,-15.008212853,-44.748551723));
#4302=CARTESIAN_POINT('',(49.172809973,-15.006923954,-44.741866525));
#4303=CARTESIAN_POINT('',(48.912488304,-14.976339264,-44.950699875));
#4304=CARTESIAN_POINT('',(48.924946557,-14.975372627,-44.943507099));
#4305=CARTESIAN_POINT('',(48.937263693,-14.974399835,-44.936069903));
#4306=CARTESIAN_POINT('',(48.961596777,-14.972443437,-44.920718116));
#4307=CARTESIAN_POINT('',(48.973612724,-14.97145983,-44.912803524));
#4308=CARTESIAN_POINT('',(48.997324935,-14.969483316,-44.896509127));
#4309=CARTESIAN_POINT('',(49.009021199,-14.968490409,-44.888129322));
#4310=CARTESIAN_POINT('',(49.032076044,-14.966496822,-44.870917394));
#4311=CARTESIAN_POINT('',(49.043434624,-14.965496142,-44.862085272));
#4312=CARTESIAN_POINT('',(49.06579662,-14.96348855,-44.843982303));
#4313=CARTESIAN_POINT('',(49.076800035,-14.962481638,-44.834711456));
#4314=CARTESIAN_POINT('',(49.098434765,-14.960463131,-44.815745308));
#4315=CARTESIAN_POINT('',(49.109066079,-14.959451536,-44.806050006));
#4316=CARTESIAN_POINT('',(49.129940247,-14.95742522,-44.786249868));
#4317=CARTESIAN_POINT('',(49.140183099,-14.956410499,-44.776145032));
#4318=CARTESIAN_POINT('',(49.156591557,-14.954750976,-44.759309907));
#4319=CARTESIAN_POINT('',(49.162877986,-14.954106642,-44.752697381));
#4320=CARTESIAN_POINT('',(49.169081196,-14.953462192,-44.746007687));
#4321=CARTESIAN_POINT('',(48.912488304,-14.9,-44.950699875));
#4322=CARTESIAN_POINT('',(48.924946557,-14.9,-44.943507099));
#4323=CARTESIAN_POINT('',(48.937263693,-14.9,-44.936069903));
#4324=CARTESIAN_POINT('',(48.961596777,-14.9,-44.920718116));
#4325=CARTESIAN_POINT('',(48.973612724,-14.9,-44.912803524));
#4326=CARTESIAN_POINT('',(48.997324935,-14.9,-44.896509127));
#4327=CARTESIAN_POINT('',(49.009021199,-14.9,-44.888129322));
#4328=CARTESIAN_POINT('',(49.032076044,-14.9,-44.870917394));
#4329=CARTESIAN_POINT('',(49.043434624,-14.9,-44.862085272));
#4330=CARTESIAN_POINT('',(49.06579662,-14.9,-44.843982303));
#4331=CARTESIAN_POINT('',(49.076800035,-14.9,-44.834711456));
#4332=CARTESIAN_POINT('',(49.098434765,-14.9,-44.815745308));
#4333=CARTESIAN_POINT('',(49.109066079,-14.9,-44.806050006));
#4334=CARTESIAN_POINT('',(49.129940247,-14.9,-44.786249868));
#4335=CARTESIAN_POINT('',(49.140183099,-14.9,-44.776145032));
#4336=CARTESIAN_POINT('',(49.156591557,-14.9,-44.759309907));
#4337=CARTESIAN_POINT('',(49.162877986,-14.9,-44.752697381));
#4338=CARTESIAN_POINT('',(49.169081196,-14.9,-44.746007687));
#4339=B_SPLINE_SURFACE_WITH_KNOTS('',3,3,((#4267,#4268,#4269,#4270,#4271,#4272,#4273,#4274,#4275,#4276,#4277,#4278,#4279,#4280,#4281,#4282,#4283,#4284),(#4285,#4286,#4287,#4288,#4289,#4290,#4291,#4292,#4293,#4294,#4295,#4296,#4297,#4298,#4299,#4300,#4301,#4302),(#4303,#4304,#4305,#4306,#4307,#4308,#4309,#4310,#4311,#4312,#4313,#4314,#4315,#4316,#4317,#4318,#4319,#4320),(#4321,#4322,#4323,#4324,#4325,#4326,#4327,#4328,#4329,#4330,#4331,#4332,#4333,#4334,#4335,#4336,#4337,#4338)),.UNSPECIFIED.,.F.,.F.,.U.,(4,4),(4,2,2,2,2,2,2,2,4),(6.217751653,6.283185307),(0.,0.125,0.25,0.375,0.5,0.625,0.75,0.875,0.954273528),.UNSPECIFIED.);
#4340=ORIENTED_EDGE('',*,*,#2150,.F.);
#4341=ORIENTED_EDGE('',*,*,#2252,.F.);
#4342=CARTESIAN_POINT('',(48.362488304,-14.9,-43.998071931));
#4343=DIRECTION('',(0.,1.,0.));
#4344=DIRECTION('',(0.866025404,-0.,0.5));
#4345=AXIS2_PLACEMENT_3D('',#4342,#4343,#4344);
#4346=CIRCLE('',#4345,1.1);
#4347=EDGE_CURVE('',#1370,#2240,#4346,.T.);
#4348=ORIENTED_EDGE('',*,*,#4347,.F.);
#4349=ORIENTED_EDGE('',*,*,#1376,.F.);
#4350=EDGE_LOOP('',(#4340,#4341,#4348,#4349));
#4351=FACE_BOUND('',#4350,.T.);
#4352=ADVANCED_FACE('',(#4351),#4339,.T.);
#4353=CARTESIAN_POINT('',(49.153256906,-14.587859922,-44.763741259));
#4354=CARTESIAN_POINT('',(49.1436478,-14.591499551,-44.774406972));
#4355=CARTESIAN_POINT('',(49.13381645,-14.595139179,-44.784872457));
#4356=CARTESIAN_POINT('',(49.113725298,-14.602412499,-44.805385893));
#4357=CARTESIAN_POINT('',(49.103465497,-14.606046191,-44.815433843));
#4358=CARTESIAN_POINT('',(49.082534176,-14.613301708,-44.835095807));
#4359=CARTESIAN_POINT('',(49.071862657,-14.616923534,-44.84470982));
#4360=CARTESIAN_POINT('',(49.050125298,-14.624149412,-44.86348821));
#4361=CARTESIAN_POINT('',(49.039059459,-14.627753463,-44.872652586));
#4362=CARTESIAN_POINT('',(49.016551499,-14.634937909,-44.890516731));
#4363=CARTESIAN_POINT('',(49.005109379,-14.638518304,-44.899216498));
#4364=CARTESIAN_POINT('',(48.981867503,-14.645649592,-44.916137207));
#4365=CARTESIAN_POINT('',(48.970067749,-14.649200486,-44.924358147));
#4366=CARTESIAN_POINT('',(48.946129831,-14.656266972,-44.940307758));
#4367=CARTESIAN_POINT('',(48.933991669,-14.659782565,-44.948036427));
#4368=CARTESIAN_POINT('',(48.90939671,-14.666772707,-44.962988851));
#4369=CARTESIAN_POINT('',(48.896939914,-14.670247256,-44.970212604));
#4370=CARTESIAN_POINT('',(48.884333947,-14.673698443,-44.977177985));
#4371=CARTESIAN_POINT('',(49.170884578,-14.691694969,-44.744175265));
#4372=CARTESIAN_POINT('',(49.161262235,-14.694121454,-44.754855671));
#4373=CARTESIAN_POINT('',(49.151426022,-14.696547939,-44.765343392));
#4374=CARTESIAN_POINT('',(49.131341294,-14.701397174,-44.785916997));
#4375=CARTESIAN_POINT('',(49.12109278,-14.703819925,-44.796002879));
#4376=CARTESIAN_POINT('',(49.100199536,-14.708657962,-44.815756963));
#4377=CARTESIAN_POINT('',(49.089554806,-14.711073248,-44.825425163));
#4378=CARTESIAN_POINT('',(49.067885831,-14.715892639,-44.844328688));
#4379=CARTESIAN_POINT('',(49.056861587,-14.718296743,-44.853564011));
#4380=CARTESIAN_POINT('',(49.034450876,-14.723090066,-44.871587264));
#4381=CARTESIAN_POINT('',(49.02306441,-14.725479286,-44.880375193));
#4382=CARTESIAN_POINT('',(48.999947114,-14.73023916,-44.897489833));
#4383=CARTESIAN_POINT('',(48.988216285,-14.732609815,-44.905816544));
#4384=CARTESIAN_POINT('',(48.964428654,-14.737328905,-44.921995646));
#4385=CARTESIAN_POINT('',(48.952371855,-14.739677341,-44.929848037));
#4386=CARTESIAN_POINT('',(48.927951186,-14.744348373,-44.945066134));
#4387=CARTESIAN_POINT('',(48.915587318,-14.746670968,-44.95243184));
#4388=CARTESIAN_POINT('',(48.903079605,-14.748978852,-44.959548401));
#4389=CARTESIAN_POINT('',(49.179732144,-14.795846972,-44.734354829));
#4390=CARTESIAN_POINT('',(49.170103203,-14.797060214,-44.745042559));
#4391=CARTESIAN_POINT('',(49.160264577,-14.798273456,-44.755541377));
#4392=CARTESIAN_POINT('',(49.140183099,-14.800698073,-44.776145032));
#4393=CARTESIAN_POINT('',(49.129940247,-14.801909448,-44.786249868));
#4394=CARTESIAN_POINT('',(49.109066079,-14.804328466,-44.806050006));
#4395=CARTESIAN_POINT('',(49.098434765,-14.805536109,-44.815745308));
#4396=CARTESIAN_POINT('',(49.076800035,-14.807945805,-44.834711456));
#4397=CARTESIAN_POINT('',(49.06579662,-14.809147858,-44.843982303));
#4398=CARTESIAN_POINT('',(49.043434624,-14.811544524,-44.862085272));
#4399=CARTESIAN_POINT('',(49.032076044,-14.812739137,-44.870917394));
#4400=CARTESIAN_POINT('',(49.009021199,-14.815119083,-44.888129322));
#4401=CARTESIAN_POINT('',(48.997324935,-14.816304417,-44.896509127));
#4402=CARTESIAN_POINT('',(48.973612724,-14.818663981,-44.912803524));
#4403=CARTESIAN_POINT('',(48.961596777,-14.819838212,-44.920718116));
#4404=CARTESIAN_POINT('',(48.937263693,-14.822173763,-44.936069903));
#4405=CARTESIAN_POINT('',(48.924946557,-14.823335083,-44.943507099));
#4406=CARTESIAN_POINT('',(48.912488304,-14.824489055,-44.950699875));
#4407=CARTESIAN_POINT('',(49.179732144,-14.9,-44.734354829));
#4408=CARTESIAN_POINT('',(49.170103203,-14.9,-44.745042559));
#4409=CARTESIAN_POINT('',(49.160264577,-14.9,-44.755541377));
#4410=CARTESIAN_POINT('',(49.140183099,-14.9,-44.776145032));
#4411=CARTESIAN_POINT('',(49.129940247,-14.9,-44.786249868));
#4412=CARTESIAN_POINT('',(49.109066079,-14.9,-44.806050006));
#4413=CARTESIAN_POINT('',(49.098434765,-14.9,-44.815745308));
#4414=CARTESIAN_POINT('',(49.076800035,-14.9,-44.834711456));
#4415=CARTESIAN_POINT('',(49.06579662,-14.9,-44.843982303));
#4416=CARTESIAN_POINT('',(49.043434624,-14.9,-44.862085272));
#4417=CARTESIAN_POINT('',(49.032076044,-14.9,-44.870917394));
#4418=CARTESIAN_POINT('',(49.009021199,-14.9,-44.888129322));
#4419=CARTESIAN_POINT('',(48.997324935,-14.9,-44.896509127));
#4420=CARTESIAN_POINT('',(48.973612724,-14.9,-44.912803524));
#4421=CARTESIAN_POINT('',(48.961596777,-14.9,-44.920718116));
#4422=CARTESIAN_POINT('',(48.937263693,-14.9,-44.936069903));
#4423=CARTESIAN_POINT('',(48.924946557,-14.9,-44.943507099));
#4424=CARTESIAN_POINT('',(48.912488304,-14.9,-44.950699875));
#4425=B_SPLINE_SURFACE_WITH_KNOTS('',3,3,((#4353,#4354,#4355,#4356,#4357,#4358,#4359,#4360,#4361,#4362,#4363,#4364,#4365,#4366,#4367,#4368,#4369,#4370),(#4371,#4372,#4373,#4374,#4375,#4376,#4377,#4378,#4379,#4380,#4381,#4382,#4383,#4384,#4385,#4386,#4387,#4388),(#4389,#4390,#4391,#4392,#4393,#4394,#4395,#4396,#4397,#4398,#4399,#4400,#4401,#4402,#4403,#4404,#4405,#4406),(#4407,#4408,#4409,#4410,#4411,#4412,#4413,#4414,#4415,#4416,#4417,#4418,#4419,#4420,#4421,#4422,#4423,#4424)),.UNSPECIFIED.,.F.,.F.,.U.,(4,4),(4,2,2,2,2,2,2,2,4),(6.205070536,6.283185307),(0.,0.125,0.25,0.375,0.5,0.625,0.75,0.875,1.),.UNSPECIFIED.);
#4426=ORIENTED_EDGE('',*,*,#4347,.T.);
#4427=ORIENTED_EDGE('',*,*,#4202,.F.);
#4428=CARTESIAN_POINT('',(48.336041816,-14.587847294,-44.027426449));
#4429=DIRECTION('',(-0.164500194,0.969330251,-0.182588473));
#4430=DIRECTION('',(0.841891586,0.234431391,0.486066334));
#4431=AXIS2_PLACEMENT_3D('',#4428,#4429,#4430);
#4432=CIRCLE('',#4431,1.1);
#4433=EDGE_CURVE('',#927,#4171,#4432,.T.);
#4434=ORIENTED_EDGE('',*,*,#4433,.F.);
#4435=ORIENTED_EDGE('',*,*,#1010,.F.);
#4436=ORIENTED_EDGE('',*,*,#1383,.F.);
#4437=EDGE_LOOP('',(#4426,#4427,#4434,#4435,#4436));
#4438=FACE_BOUND('',#4437,.T.);
#4439=ADVANCED_FACE('',(#4438),#4425,.T.);
#4440=CARTESIAN_POINT('',(49.129767228,-11.886839981,-45.066627476));
#4441=CARTESIAN_POINT('',(49.182677118,-11.99786429,-45.147674324));
#4442=CARTESIAN_POINT('',(49.2104646,-12.108840787,-45.24507208));
#4443=CARTESIAN_POINT('',(49.211416813,-12.313213733,-45.457224321));
#4444=CARTESIAN_POINT('',(49.184581133,-12.406522169,-45.571887445));
#4445=CARTESIAN_POINT('',(49.080514181,-12.56068216,-45.800322442));
#4446=CARTESIAN_POINT('',(49.003327726,-12.621467326,-45.913995941));
#4447=CARTESIAN_POINT('',(48.810809634,-12.700871254,-46.122345603));
#4448=CARTESIAN_POINT('',(48.695560905,-12.719455822,-46.216932041));
#4449=CARTESIAN_POINT('',(48.570401251,-12.715458986,-46.294479005));
#4450=CARTESIAN_POINT('',(49.119312612,-11.977133915,-45.050613197));
#4451=CARTESIAN_POINT('',(49.166594938,-12.081247093,-45.136632853));
#4452=CARTESIAN_POINT('',(49.189053632,-12.185321248,-45.236065657));
#4453=CARTESIAN_POINT('',(49.181046251,-12.378036456,-45.447006269));
#4454=CARTESIAN_POINT('',(49.150583675,-12.466605218,-45.558434344));
#4455=CARTESIAN_POINT('',(49.041288206,-12.615087008,-45.776726971));
#4456=CARTESIAN_POINT('',(48.962496932,-12.674944166,-45.883509478));
#4457=CARTESIAN_POINT('',(48.768316263,-12.757031148,-46.076590437));
#4458=CARTESIAN_POINT('',(48.65300041,-12.77922978,-46.16281665));
#4459=CARTESIAN_POINT('',(48.528002083,-12.780922088,-46.232380106));
#4460=CARTESIAN_POINT('',(49.111330462,-12.071653478,-45.034421547));
#4461=CARTESIAN_POINT('',(49.152038037,-12.169232848,-45.123481487));
#4462=CARTESIAN_POINT('',(49.168767388,-12.266780277,-45.223347475));
#4463=CARTESIAN_POINT('',(49.152002865,-12.44834918,-45.430858279));
#4464=CARTESIAN_POINT('',(49.118514862,-12.532311187,-45.53843483));
#4465=CARTESIAN_POINT('',(49.005991599,-12.674995343,-45.746360365));
#4466=CARTESIAN_POINT('',(48.926993549,-12.733670656,-45.846641172));
#4467=CARTESIAN_POINT('',(48.734467685,-12.817568995,-46.025997681));
#4468=CARTESIAN_POINT('',(48.621003259,-12.842764296,-46.10501472));
#4469=CARTESIAN_POINT('',(48.498186917,-12.849448772,-46.16792425));
#4470=CARTESIAN_POINT('',(49.102210451,-12.219705827,-45.010217275));
#4471=CARTESIAN_POINT('',(49.132981231,-12.308103872,-45.101370575));
#4472=CARTESIAN_POINT('',(49.141463624,-12.396478467,-45.199991865));
#4473=CARTESIAN_POINT('',(49.112808978,-12.562197103,-45.399899123));
#4474=CARTESIAN_POINT('',(49.075679647,-12.639497174,-45.501131966));
#4475=CARTESIAN_POINT('',(48.960443377,-12.773369424,-45.693567794));
#4476=CARTESIAN_POINT('',(48.882367112,-12.829906054,-45.784719697));
#4477=CARTESIAN_POINT('',(48.695013338,-12.915147797,-45.945562126));
#4478=CARTESIAN_POINT('',(48.58578563,-12.943830224,-46.015209999));
#4479=CARTESIAN_POINT('',(48.467800377,-12.956786725,-46.06975811));
#4480=CARTESIAN_POINT('',(49.099652039,-12.270104069,-45.002160987));
#4481=CARTESIAN_POINT('',(49.127090866,-12.355542762,-45.093604463));
#4482=CARTESIAN_POINT('',(49.132876369,-12.440960481,-45.191497132));
#4483=CARTESIAN_POINT('',(49.100459837,-12.601537266,-45.388461474));
#4484=CARTESIAN_POINT('',(49.062265844,-12.676656914,-45.487484744));
#4485=CARTESIAN_POINT('',(48.946484899,-12.807572019,-45.674764634));
#4486=CARTESIAN_POINT('',(48.86892644,-12.863335319,-45.762975269));
#4487=CARTESIAN_POINT('',(48.683759079,-12.948798836,-45.917986647));
#4488=CARTESIAN_POINT('',(48.576195692,-12.978478024,-45.984749352));
#4489=CARTESIAN_POINT('',(48.460089431,-12.993325465,-46.036777395));
#4490=CARTESIAN_POINT('',(49.095408002,-12.373006111,-44.986112137));
#4491=CARTESIAN_POINT('',(49.11629476,-12.452717908,-45.077414856));
#4492=CARTESIAN_POINT('',(49.116891896,-12.532413098,-45.173315342));
#4493=CARTESIAN_POINT('',(49.077452939,-12.682976352,-45.363718446));
#4494=CARTESIAN_POINT('',(49.037425151,-12.753813048,-45.458181342));
#4495=CARTESIAN_POINT('',(48.921180688,-12.878778292,-45.635201233));
#4496=CARTESIAN_POINT('',(48.844988307,-12.932880783,-45.717721336));
#4497=CARTESIAN_POINT('',(48.664880138,-13.018350456,-45.861675684));
#4498=CARTESIAN_POINT('',(48.561001937,-13.049699779,-45.923079954));
#4499=CARTESIAN_POINT('',(48.449035171,-13.067929442,-45.970524609));
#4500=CARTESIAN_POINT('',(49.09372623,-12.425528879,-44.978118509));
#4501=CARTESIAN_POINT('',(49.111393105,-12.502473401,-45.068987457));
#4502=CARTESIAN_POINT('',(49.109499411,-12.579403206,-45.163622182));
#4503=CARTESIAN_POINT('',(49.066801774,-12.725094988,-45.350403889));
#4504=CARTESIAN_POINT('',(49.026006067,-12.793829092,-45.442515103));
#4505=CARTESIAN_POINT('',(48.909845574,-12.915800933,-45.614430296));
#4506=CARTESIAN_POINT('',(48.834503064,-12.96901532,-45.694201378));
#4507=CARTESIAN_POINT('',(48.657271169,-13.054267507,-45.832931034));
#4508=CARTESIAN_POINT('',(48.555415731,-13.086288961,-45.891863075));
#4509=CARTESIAN_POINT('',(48.4457115,-13.106008437,-45.937245668));
#4510=CARTESIAN_POINT('',(49.08738269,-12.68955371,-44.938960741));
#4511=CARTESIAN_POINT('',(49.089729095,-12.753286755,-45.026189369));
#4512=CARTESIAN_POINT('',(49.076231715,-12.817013192,-45.113515265));
#4513=CARTESIAN_POINT('',(49.018845007,-12.939298332,-45.281145536));
#4514=CARTESIAN_POINT('',(48.974962953,-12.99784426,-45.361431756));
#4515=CARTESIAN_POINT('',(48.860543279,-13.104979843,-45.50838431));
#4516=CARTESIAN_POINT('',(48.790018615,-13.153558025,-45.575035136));
#4517=CARTESIAN_POINT('',(48.628182701,-13.236729054,-45.689285068));
#4518=CARTESIAN_POINT('',(48.536889134,-13.271312523,-45.73687237));
#4519=CARTESIAN_POINT('',(48.438971235,-13.29742644,-45.77300797));
#4520=CARTESIAN_POINT('',(49.088611026,-12.908366322,-44.909705632));
#4521=CARTESIAN_POINT('',(49.081171928,-12.963313225,-44.989457095));
#4522=CARTESIAN_POINT('',(49.061064712,-13.018256163,-45.067876435));
#4523=CARTESIAN_POINT('',(48.996933799,-13.124494036,-45.216831319));
#4524=CARTESIAN_POINT('',(48.952915011,-13.175781293,-45.287356051));
#4525=CARTESIAN_POINT('',(48.843950933,-13.271287399,-45.415815982));
#4526=CARTESIAN_POINT('',(48.779013704,-13.315499307,-45.473741877));
#4527=CARTESIAN_POINT('',(48.632574089,-13.393890995,-45.573139816));
#4528=CARTESIAN_POINT('',(48.551082402,-13.428065009,-45.614604654));
#4529=CARTESIAN_POINT('',(48.464032716,-13.456065584,-45.646456044));
#4530=CARTESIAN_POINT('',(49.096464345,-13.249978606,-44.869385423));
#4531=CARTESIAN_POINT('',(49.079458194,-13.293103622,-44.935918791));
#4532=CARTESIAN_POINT('',(49.053784239,-13.336227027,-45.000190633));
#4533=CARTESIAN_POINT('',(48.986351295,-13.420416958,-45.121142774));
#4534=CARTESIAN_POINT('',(48.944594915,-13.461480335,-45.177818537));
#4535=CARTESIAN_POINT('',(48.847011225,-13.539586077,-45.280866653));
#4536=CARTESIAN_POINT('',(48.791187623,-13.576625507,-45.327235147));
#4537=CARTESIAN_POINT('',(48.668149082,-13.644906969,-45.407450258));
#4538=CARTESIAN_POINT('',(48.60093878,-13.676146415,-45.441293868));
#4539=CARTESIAN_POINT('',(48.529642404,-13.703734489,-45.468065836));
#4540=CARTESIAN_POINT('',(49.100130095,-13.366299511,-44.856528758));
#4541=CARTESIAN_POINT('',(49.080756644,-13.405712663,-44.918286524));
#4542=CARTESIAN_POINT('',(49.053935348,-13.445124677,-44.977677746));
#4543=CARTESIAN_POINT('',(48.986530915,-13.522303095,-45.089247828));
#4544=CARTESIAN_POINT('',(48.945949758,-13.560067268,-45.141423458));
#4545=CARTESIAN_POINT('',(48.852733042,-13.632369975,-45.236378222));
#4546=CARTESIAN_POINT('',(48.8001002,-13.666906417,-45.279154608));
#4547=CARTESIAN_POINT('',(48.684988045,-13.73130667,-45.353519181));
#4548=CARTESIAN_POINT('',(48.622512072,-13.761168613,-45.385105213));
#4549=CARTESIAN_POINT('',(48.556421422,-13.788067145,-45.410434491));
#4550=CARTESIAN_POINT('',(49.108933754,-13.600101744,-44.832565195));
#4551=CARTESIAN_POINT('',(49.086426762,-13.632507897,-44.884806));
#4552=CARTESIAN_POINT('',(49.058588591,-13.664913551,-44.934715681));
#4553=CARTESIAN_POINT('',(48.993128277,-13.728723303,-45.028328271));
#4554=CARTESIAN_POINT('',(48.955507182,-13.760126416,-45.072029731));
#4555=CARTESIAN_POINT('',(48.871658571,-13.820958364,-45.151871041));
#4556=CARTESIAN_POINT('',(48.825432375,-13.850386255,-45.188009654));
#4557=CARTESIAN_POINT('',(48.7258131,-13.906353898,-45.251603828));
#4558=CARTESIAN_POINT('',(48.672421575,-13.932892775,-45.2790584));
#4559=CARTESIAN_POINT('',(48.616275716,-13.957573764,-45.301744194));
#4560=CARTESIAN_POINT('',(49.114088052,-13.718050613,-44.821392299));
#4561=CARTESIAN_POINT('',(49.090798368,-13.747144668,-44.868869609));
#4562=CARTESIAN_POINT('',(49.063081345,-13.776238391,-44.914154349));
#4563=CARTESIAN_POINT('',(48.999531996,-13.833659478,-44.99914422));
#4564=CARTESIAN_POINT('',(48.963700407,-13.861986188,-45.038848378));
#4565=CARTESIAN_POINT('',(48.884874375,-13.917126053,-45.11162745));
#4566=CARTESIAN_POINT('',(48.841880842,-13.943938579,-45.14470153));
#4567=CARTESIAN_POINT('',(48.749870556,-13.995342046,-45.203345031));
#4568=CARTESIAN_POINT('',(48.700854862,-14.019932399,-45.228913778));
#4569=CARTESIAN_POINT('',(48.649476166,-14.043086696,-45.250390954));
#4570=CARTESIAN_POINT('',(49.125283737,-13.957349042,-44.800873734));
#4571=CARTESIAN_POINT('',(49.101689431,-13.980035341,-44.839321637));
#4572=CARTESIAN_POINT('',(49.075169639,-14.002721524,-44.87594917));
#4573=CARTESIAN_POINT('',(49.016772209,-14.047682686,-44.944896564));
#4574=CARTESIAN_POINT('',(48.984894889,-14.069957434,-44.977216064));
#4575=CARTESIAN_POINT('',(48.916370705,-14.113691263,-45.03695767));
#4576=CARTESIAN_POINT('',(48.879724208,-14.135150118,-45.064379462));
#4577=CARTESIAN_POINT('',(48.802334354,-14.176861544,-45.113824042));
#4578=CARTESIAN_POINT('',(48.761591406,-14.197113897,-45.135846567));
#4579=CARTESIAN_POINT('',(48.719172743,-14.216578055,-45.154967155));
#4580=CARTESIAN_POINT('',(49.13135182,-14.078623051,-44.791511282));
#4581=CARTESIAN_POINT('',(49.108243984,-14.098216045,-44.8256851));
#4582=CARTESIAN_POINT('',(49.082809223,-14.117808969,-44.858272565));
#4583=CARTESIAN_POINT('',(49.027671434,-14.156703267,-44.919785783));
#4584=CARTESIAN_POINT('',(48.997968613,-14.1760045,-44.94871131));
#4585=CARTESIAN_POINT('',(48.934743722,-14.214027961,-45.00246569));
#4586=CARTESIAN_POINT('',(48.901221887,-14.232750051,-45.027294345));
#4587=CARTESIAN_POINT('',(48.830864475,-14.269336188,-45.072480924));
#4588=CARTESIAN_POINT('',(48.794029157,-14.287200102,-45.092838681));
#4589=CARTESIAN_POINT('',(48.755814255,-14.304501712,-45.110807239));
#4590=CARTESIAN_POINT('',(49.143243662,-14.327596901,-44.775253387));
#4591=CARTESIAN_POINT('',(49.121832455,-14.341044037,-44.801943619));
#4592=CARTESIAN_POINT('',(49.099014326,-14.354491155,-44.827488834));
#4593=CARTESIAN_POINT('',(49.050785659,-14.381261125,-44.876046923));
#4594=CARTESIAN_POINT('',(49.025375189,-14.394583943,-44.899059731));
#4595=CARTESIAN_POINT('',(48.972206695,-14.420982007,-44.942334004));
#4596=CARTESIAN_POINT('',(48.944448744,-14.434057221,-44.96259541));
#4597=CARTESIAN_POINT('',(48.886851297,-14.459838766,-45.000173188));
#4598=CARTESIAN_POINT('',(48.85701188,-14.472545065,-45.017489508));
#4599=CARTESIAN_POINT('',(48.826274125,-14.485007753,-45.033249956));
#4600=CARTESIAN_POINT('',(49.14916083,-14.456213731,-44.76828774));
#4601=CARTESIAN_POINT('',(49.128989292,-14.466588021,-44.791738452));
#4602=CARTESIAN_POINT('',(49.107734046,-14.476962301,-44.814252631));
#4603=CARTESIAN_POINT('',(49.063220396,-14.497633908,-44.857234912));
#4604=CARTESIAN_POINT('',(49.039962037,-14.507931215,-44.877702972));
#4605=CARTESIAN_POINT('',(48.991621677,-14.528372466,-44.916435479));
#4606=CARTESIAN_POINT('',(48.966539724,-14.53851639,-44.934699889));
#4607=CARTESIAN_POINT('',(48.914745508,-14.558575586,-44.968884309));
#4608=CARTESIAN_POINT('',(48.888033297,-14.568490838,-44.984804287));
#4609=CARTESIAN_POINT('',(48.860608781,-14.578254956,-44.999490576));
#4610=CARTESIAN_POINT('',(49.153285644,-14.587847327,-44.763709361));
#4611=CARTESIAN_POINT('',(49.134067466,-14.595126846,-44.785040749));
#4612=CARTESIAN_POINT('',(49.113959957,-14.602406359,-44.805570881));
#4613=CARTESIAN_POINT('',(49.072097366,-14.616917916,-44.844894788));
#4614=CARTESIAN_POINT('',(49.050342313,-14.624149951,-44.863688534));
#4615=CARTESIAN_POINT('',(49.005326524,-14.638519381,-44.89941709));
#4616=CARTESIAN_POINT('',(48.98206582,-14.645656768,-44.916351873));
#4617=CARTESIAN_POINT('',(48.934190437,-14.65979035,-44.948252047));
#4618=CARTESIAN_POINT('',(48.909575793,-14.666786536,-44.963217415));
#4619=CARTESIAN_POINT('',(48.884364433,-14.673689312,-44.97714928));
#4620=B_SPLINE_SURFACE_WITH_KNOTS('',3,3,((#4440,#4441,#4442,#4443,#4444,#4445,#4446,#4447,#4448,#4449),(#4450,#4451,#4452,#4453,#4454,#4455,#4456,#4457,#4458,#4459),(#4460,#4461,#4462,#4463,#4464,#4465,#4466,#4467,#4468,#4469),(#4470,#4471,#4472,#4473,#4474,#4475,#4476,#4477,#4478,#4479),(#4480,#4481,#4482,#4483,#4484,#4485,#4486,#4487,#4488,#4489),(#4490,#4491,#4492,#4493,#4494,#4495,#4496,#4497,#4498,#4499),(#4500,#4501,#4502,#4503,#4504,#4505,#4506,#4507,#4508,#4509),(#4510,#4511,#4512,#4513,#4514,#4515,#4516,#4517,#4518,#4519),(#4520,#4521,#4522,#4523,#4524,#4525,#4526,#4527,#4528,#4529),(#4530,#4531,#4532,#4533,#4534,#4535,#4536,#4537,#4538,#4539),(#4540,#4541,#4542,#4543,#4544,#4545,#4546,#4547,#4548,#4549),(#4550,#4551,#4552,#4553,#4554,#4555,#4556,#4557,#4558,#4559),(#4560,#4561,#4562,#4563,#4564,#4565,#4566,#4567,#4568,#4569),(#4570,#4571,#4572,#4573,#4574,#4575,#4576,#4577,#4578,#4579),(#4580,#4581,#4582,#4583,#4584,#4585,#4586,#4587,#4588,#4589),(#4590,#4591,#4592,#4593,#4594,#4595,#4596,#4597,#4598,#4599),(#4600,#4601,#4602,#4603,#4604,#4605,#4606,#4607,#4608,#4609),(#4610,#4611,#4612,#4613,#4614,#4615,#4616,#4617,#4618,#4619)),.UNSPECIFIED.,.F.,.F.,.U.,(4,2,2,2,2,2,2,2,4),(4,2,2,2,4),(0.,0.000407435,0.000611153,0.00081487,0.00162974,0.002037175,0.00244461,0.002852045,0.00325948),(0.,0.25,0.5,0.75,1.),.UNSPECIFIED.);
#4621=ORIENTED_EDGE('',*,*,#4433,.T.);
#4622=ORIENTED_EDGE('',*,*,#4195,.F.);
#4623=CARTESIAN_POINT('',(48.208672574,-11.886839981,-45.667946557));
#4624=DIRECTION('',(0.412055869,0.657128465,-0.631183128));
#4625=DIRECTION('',(-0.328844252,0.753290005,0.569574953));
#4626=AXIS2_PLACEMENT_3D('',#4623,#4624,#4625);
#4627=CIRCLE('',#4626,1.1);
#4628=EDGE_CURVE('',#857,#4162,#4627,.T.);
#4629=ORIENTED_EDGE('',*,*,#4628,.F.);
#4630=ORIENTED_EDGE('',*,*,#959,.F.);
#4631=EDGE_LOOP('',(#4621,#4622,#4629,#4630));
#4632=FACE_BOUND('',#4631,.T.);
#4633=ADVANCED_FACE('',(#4632),#4620,.T.);
#4634=CARTESIAN_POINT('',(50.570037886,-10.9,-47.272819904));
#4635=CARTESIAN_POINT('',(50.570037886,-11.043989663,-47.272819904));
#4636=CARTESIAN_POINT('',(50.546064258,-11.187922673,-47.28847063));
#4637=CARTESIAN_POINT('',(50.453783203,-11.453980878,-47.348714557));
#4638=CARTESIAN_POINT('',(50.385512086,-11.576001392,-47.393284055));
#4639=CARTESIAN_POINT('',(50.214998931,-11.779633527,-47.504600316));
#4640=CARTESIAN_POINT('',(50.112823983,-11.861165027,-47.571303283));
#4641=CARTESIAN_POINT('',(49.890037809,-11.971369944,-47.716744988));
#4642=CARTESIAN_POINT('',(49.76951424,-12.,-47.795426502));
#4643=CARTESIAN_POINT('',(49.648943232,-12.,-47.874138986));
#4644=CARTESIAN_POINT('',(50.283380925,-10.9,-46.83372159));
#4645=CARTESIAN_POINT('',(50.293668918,-11.044646455,-46.849480637));
#4646=CARTESIAN_POINT('',(50.279757839,-11.189234969,-46.881028744));
#4647=CARTESIAN_POINT('',(50.205666522,-11.456309364,-46.970926912));
#4648=CARTESIAN_POINT('',(50.145516096,-11.578688259,-47.02924117));
#4649=CARTESIAN_POINT('',(49.988163721,-11.782519726,-47.163750637));
#4650=CARTESIAN_POINT('',(49.891024903,-11.863890641,-47.239892126));
#4651=CARTESIAN_POINT('',(49.674600709,-11.973168514,-47.398382435));
#4652=CARTESIAN_POINT('',(49.555402081,-12.001031687,-47.480667856));
#4653=CARTESIAN_POINT('',(49.434281102,-12.,-47.559739378));
#4654=CARTESIAN_POINT('',(49.996836751,-11.004109293,-46.394796042));
#4655=CARTESIAN_POINT('',(50.017556581,-11.145673205,-46.426534475));
#4656=CARTESIAN_POINT('',(50.013850026,-11.287179325,-46.474200889));
#4657=CARTESIAN_POINT('',(49.958164824,-11.548357288,-46.594095541));
#4658=CARTESIAN_POINT('',(49.906209009,-11.667922506,-46.666275065));
#4659=CARTESIAN_POINT('',(49.762051748,-11.866654059,-46.824040778));
#4660=CARTESIAN_POINT('',(49.66990919,-11.945739259,-46.909562761));
#4661=CARTESIAN_POINT('',(49.459638731,-12.051209766,-47.080774814));
#4662=CARTESIAN_POINT('',(49.34159664,-12.077552008,-47.166395125));
#4663=CARTESIAN_POINT('',(49.219703433,-12.075479238,-47.245463473));
#4664=CARTESIAN_POINT('',(49.512789716,-11.37033431,-45.653337556));
#4665=CARTESIAN_POINT('',(49.551356817,-11.499595593,-45.712414262));
#4666=CARTESIAN_POINT('',(49.565110587,-11.628802492,-45.787654551));
#4667=CARTESIAN_POINT('',(49.540857954,-11.866981634,-45.958758873));
#4668=CARTESIAN_POINT('',(49.502861829,-11.975853668,-46.054551093));
#4669=CARTESIAN_POINT('',(49.381053299,-12.156204076,-46.251710011));
#4670=CARTESIAN_POINT('',(49.297292168,-12.227606568,-46.352993911));
#4671=CARTESIAN_POINT('',(49.097103405,-12.321743714,-46.545206092));
#4672=CARTESIAN_POINT('',(48.980759974,-12.344438757,-46.636053607));
#4673=CARTESIAN_POINT('',(48.857226391,-12.340992375,-46.71457039));
#4674=CARTESIAN_POINT('',(49.308594343,-11.602030703,-45.340553091));
#4675=CARTESIAN_POINT('',(49.354779877,-11.723219931,-45.411299638));
#4676=CARTESIAN_POINT('',(49.375987672,-11.844357503,-45.498309524));
#4677=CARTESIAN_POINT('',(49.365130026,-12.06753975,-45.691230521));
#4678=CARTESIAN_POINT('',(49.333069263,-12.169489294,-45.797059559));
#4679=CARTESIAN_POINT('',(49.220711882,-12.338123493,-46.01087915));
#4680=CARTESIAN_POINT('',(49.140463152,-12.404736268,-46.118778709));
#4681=CARTESIAN_POINT('',(48.94440266,-12.492110724,-46.319654863));
#4682=CARTESIAN_POINT('',(48.828674411,-12.512835161,-46.412545945));
#4683=CARTESIAN_POINT('',(48.704315352,-12.50897226,-46.490612999));
#4684=CARTESIAN_POINT('',(49.129795966,-11.886900283,-45.066671496));
#4685=CARTESIAN_POINT('',(49.182705012,-11.997921645,-45.147717052));
#4686=CARTESIAN_POINT('',(49.21049167,-12.108895198,-45.245113501));
#4687=CARTESIAN_POINT('',(49.21144234,-12.313262933,-45.457263213));
#4688=CARTESIAN_POINT('',(49.184605942,-12.406569108,-45.571925114));
#4689=CARTESIAN_POINT('',(49.080537715,-12.560725796,-45.800357866));
#4690=CARTESIAN_POINT('',(49.003350702,-12.621509924,-45.914030344));
#4691=CARTESIAN_POINT('',(48.810831711,-12.700913287,-46.122378289));
#4692=CARTESIAN_POINT('',(48.695582639,-12.719498327,-46.216964032));
#4693=CARTESIAN_POINT('',(48.570422772,-12.715502705,-46.294510524));
#4694=B_SPLINE_SURFACE_WITH_KNOTS('',3,3,((#4634,#4635,#4636,#4637,#4638,#4639,#4640,#4641,#4642,#4643),(#4644,#4645,#4646,#4647,#4648,#4649,#4650,#4651,#4652,#4653),(#4654,#4655,#4656,#4657,#4658,#4659,#4660,#4661,#4662,#4663),(#4664,#4665,#4666,#4667,#4668,#4669,#4670,#4671,#4672,#4673),(#4674,#4675,#4676,#4677,#4678,#4679,#4680,#4681,#4682,#4683),(#4684,#4685,#4686,#4687,#4688,#4689,#4690,#4691,#4692,#4693)),.UNSPECIFIED.,.F.,.F.,.U.,(4,2,4),(4,2,2,2,4),(1.570796327,1.963495408,2.288540393),(0.,0.25,0.5,0.75,1.),.UNSPECIFIED.);
#4695=ORIENTED_EDGE('',*,*,#4628,.T.);
#4696=ORIENTED_EDGE('',*,*,#4168,.F.);
#4697=CARTESIAN_POINT('',(49.648943232,-10.9,-47.874138986));
#4698=DIRECTION('',(0.54665371,-0.,-0.837358777));
#4699=DIRECTION('',(-0.837358777,0.,-0.54665371));
#4700=AXIS2_PLACEMENT_3D('',#4697,#4698,#4699);
#4701=CIRCLE('',#4700,1.1);
#4702=EDGE_CURVE('',#867,#1080,#4701,.T.);
#4703=ORIENTED_EDGE('',*,*,#4702,.F.);
#4704=ORIENTED_EDGE('',*,*,#873,.F.);
#4705=EDGE_LOOP('',(#4695,#4696,#4703,#4704));
#4706=FACE_BOUND('',#4705,.T.);
#4707=ADVANCED_FACE('',(#4706),#4694,.T.);
#4708=CARTESIAN_POINT('',(49.169683343,-10.9,-47.140013401));
#4709=DIRECTION('',(0.54665371,0.,-0.837358777));
#4710=DIRECTION('',(-0.837358777,0.,-0.54665371));
#4711=AXIS2_PLACEMENT_3D('',#4708,#4709,#4710);
#4712=CYLINDRICAL_SURFACE('',#4711,1.1);
#4713=ORIENTED_EDGE('',*,*,#4702,.T.);
#4714=ORIENTED_EDGE('',*,*,#1110,.F.);
#4715=CARTESIAN_POINT('',(50.130694112,-10.9,-48.612080246));
#4716=DIRECTION('',(0.54665371,-0.,-0.837358777));
#4717=DIRECTION('',(-0.837358777,0.,-0.54665371));
#4718=AXIS2_PLACEMENT_3D('',#4715,#4716,#4717);
#4719=CIRCLE('',#4718,1.1);
#4720=EDGE_CURVE('',#876,#1098,#4719,.T.);
#4721=ORIENTED_EDGE('',*,*,#4720,.F.);
#4722=ORIENTED_EDGE('',*,*,#881,.F.);
#4723=EDGE_LOOP('',(#4713,#4714,#4721,#4722));
#4724=FACE_BOUND('',#4723,.T.);
#4725=ADVANCED_FACE('',(#4724),#4712,.T.);
#4726=CARTESIAN_POINT('',(49.628278846,-10.9,-48.940072472));
#4727=DIRECTION('',(0.,-1.,-0.));
#4728=DIRECTION('',(-0.866025404,0.,-0.5));
#4729=AXIS2_PLACEMENT_3D('',#4726,#4727,#4728);
#4730=DEGENERATE_TOROIDAL_SURFACE('',#4729,0.6,1.1,.T.);
#4731=ORIENTED_EDGE('',*,*,#4720,.T.);
#4732=ORIENTED_EDGE('',*,*,#1104,.F.);
#4733=CARTESIAN_POINT('',(49.136360233,-10.9,-49.283607154));
#4734=DIRECTION('',(-0.572557804,0.,0.819864355));
#4735=DIRECTION('',(0.819864355,0.,0.572557804));
#4736=AXIS2_PLACEMENT_3D('',#4733,#4734,#4735);
#4737=CIRCLE('',#4736,1.1);
#4738=EDGE_CURVE('',#757,#1090,#4737,.T.);
#4739=ORIENTED_EDGE('',*,*,#4738,.F.);
#4740=ORIENTED_EDGE('',*,*,#838,.F.);
#4741=CARTESIAN_POINT('',(49.628278846,-10.9,-48.940072472));
#4742=DIRECTION('',(-0.,1.,0.));
#4743=DIRECTION('',(-0.866025404,0.,-0.5));
#4744=AXIS2_PLACEMENT_3D('',#4741,#4742,#4743);
#4745=CIRCLE('',#4744,1.7);
#4746=EDGE_CURVE('',#876,#826,#4745,.T.);
#4747=ORIENTED_EDGE('',*,*,#4746,.F.);
#4748=EDGE_LOOP('',(#4731,#4732,#4739,#4740,#4747));
#4749=FACE_BOUND('',#4748,.T.);
#4750=ADVANCED_FACE('',(#4749),#4730,.T.);
#4751=CARTESIAN_POINT('',(5.65272054,-10.9,12.982046964));
#4752=DIRECTION('',(-0.572557804,0.,0.819864355));
#4753=DIRECTION('',(0.819864355,0.,0.572557804));
#4754=AXIS2_PLACEMENT_3D('',#4751,#4752,#4753);
#4755=CYLINDRICAL_SURFACE('',#4754,1.1);
#4756=ORIENTED_EDGE('',*,*,#4738,.T.);
#4757=ORIENTED_EDGE('',*,*,#1095,.F.);
#4758=CARTESIAN_POINT('',(48.582168442,-10.9,-48.490041698));
#4759=DIRECTION('',(-0.572557804,0.,0.819864355));
#4760=DIRECTION('',(0.819864355,0.,0.572557804));
#4761=AXIS2_PLACEMENT_3D('',#4758,#4759,#4760);
#4762=CIRCLE('',#4761,1.1);
#4763=EDGE_CURVE('',#759,#1082,#4762,.T.);
#4764=ORIENTED_EDGE('',*,*,#4763,.F.);
#4765=ORIENTED_EDGE('',*,*,#764,.F.);
#4766=EDGE_LOOP('',(#4756,#4757,#4764,#4765));
#4767=FACE_BOUND('',#4766,.T.);
#4768=ADVANCED_FACE('',(#4767),#4755,.T.);
#4769=CARTESIAN_POINT('',(48.582168442,-12.,-48.490041698));
#4770=CARTESIAN_POINT('',(48.464116449,-12.,-48.572484103));
#4771=CARTESIAN_POINT('',(48.346110905,-11.971369944,-48.654894071));
#4772=CARTESIAN_POINT('',(48.127979266,-11.861165027,-48.807227773));
#4773=CARTESIAN_POINT('',(48.027938997,-11.779633527,-48.877091571));
#4774=CARTESIAN_POINT('',(47.860988268,-11.576001392,-48.993682738));
#4775=CARTESIAN_POINT('',(47.794143497,-11.453980878,-49.040364235));
#4776=CARTESIAN_POINT('',(47.703790413,-11.187922673,-49.103462921));
#4777=CARTESIAN_POINT('',(47.680317651,-11.043989663,-49.119855283));
#4778=CARTESIAN_POINT('',(47.680317651,-10.9,-49.119855283));
#4779=CARTESIAN_POINT('',(48.353260047,-12.,-48.183867175));
#4780=CARTESIAN_POINT('',(48.236053281,-11.998380611,-48.265719311));
#4781=CARTESIAN_POINT('',(48.117017473,-11.968546817,-48.344294593));
#4782=CARTESIAN_POINT('',(47.892980675,-11.856886763,-48.483221929));
#4783=CARTESIAN_POINT('',(47.788065384,-11.775103199,-48.54352103));
#4784=CARTESIAN_POINT('',(47.608043483,-11.571783945,-48.636848816));
#4785=CARTESIAN_POINT('',(47.53300583,-11.450325967,-48.669842088));
#4786=CARTESIAN_POINT('',(47.424046263,-11.185862825,-48.703612911));
#4787=CARTESIAN_POINT('',(47.390166205,-11.042958728,-48.704377882));
#4788=CARTESIAN_POINT('',(47.379414425,-10.9,-48.688982054));
#4789=CARTESIAN_POINT('',(48.124441717,-12.075479238,-47.877813119));
#4790=CARTESIAN_POINT('',(48.007724257,-12.072288819,-47.958516127));
#4791=CARTESIAN_POINT('',(47.887388494,-12.042037009,-48.032847017));
#4792=CARTESIAN_POINT('',(47.657115801,-11.931842196,-48.157880962));
#4793=CARTESIAN_POINT('',(47.547264449,-11.851940073,-48.20853771));
#4794=CARTESIAN_POINT('',(47.354237031,-11.65422693,-48.278725199));
#4795=CARTESIAN_POINT('',(47.271132769,-11.536489237,-48.29823008));
#4796=CARTESIAN_POINT('',(47.143934467,-11.280491256,-48.303227644));
#4797=CARTESIAN_POINT('',(47.099887828,-11.142325902,-48.288718724));
#4798=CARTESIAN_POINT('',(47.07862959,-11.004109293,-48.258278355));
#4799=CARTESIAN_POINT('',(47.701474155,-12.366019474,-47.312076369));
#4800=CARTESIAN_POINT('',(47.585130737,-12.360640622,-47.389819622));
#4801=CARTESIAN_POINT('',(47.461992957,-12.331642509,-47.455696445));
#4802=CARTESIAN_POINT('',(47.219703624,-12.230544709,-47.554324422));
#4803=CARTESIAN_POINT('',(47.10063739,-12.158480555,-47.587040999));
#4804=CARTESIAN_POINT('',(46.883661839,-11.981598093,-47.614627696));
#4805=CARTESIAN_POINT('',(46.785828993,-11.876841927,-47.609488316));
#4806=CARTESIAN_POINT('',(46.625448394,-11.649636448,-47.562101079));
#4807=CARTESIAN_POINT('',(46.56295724,-11.527266947,-47.519870153));
#4808=CARTESIAN_POINT('',(46.522632925,-11.404854447,-47.46212844));
#4809=CARTESIAN_POINT('',(47.507491342,-12.580966157,-47.052616268));
#4810=CARTESIAN_POINT('',(47.391040149,-12.574980384,-47.128562041));
#4811=CARTESIAN_POINT('',(47.266407272,-12.547660213,-47.190241428));
#4812=CARTESIAN_POINT('',(47.018349184,-12.454198457,-47.276377948));
#4813=CARTESIAN_POINT('',(46.895009154,-12.38808888,-47.300805589));
#4814=CARTESIAN_POINT('',(46.667099142,-12.226420695,-47.30894616));
#4815=CARTESIAN_POINT('',(46.562607455,-12.130917446,-47.292656409));
#4816=CARTESIAN_POINT('',(46.38728852,-11.924019155,-47.221666459));
#4817=CARTESIAN_POINT('',(46.316521538,-11.812694959,-47.166990765));
#4818=CARTESIAN_POINT('',(46.267639855,-11.70133263,-47.096995475));
#4819=CARTESIAN_POINT('',(47.183765985,-13.117814512,-46.619620106));
#4820=CARTESIAN_POINT('',(47.06687323,-13.111885826,-46.692153157));
#4821=CARTESIAN_POINT('',(46.939550203,-13.089914737,-46.746529952));
#4822=CARTESIAN_POINT('',(46.681626777,-13.016917751,-46.811467744));
#4823=CARTESIAN_POINT('',(46.551111298,-12.965915804,-46.822007444));
#4824=CARTESIAN_POINT('',(46.30500004,-12.841936652,-46.797783102));
#4825=CARTESIAN_POINT('',(46.189485323,-12.769000117,-46.763027148));
#4826=CARTESIAN_POINT('',(45.989496356,-12.611288206,-46.65304021));
#4827=CARTESIAN_POINT('',(45.905088012,-12.526564563,-46.577845564));
#4828=CARTESIAN_POINT('',(45.842098431,-12.44181312,-46.487648711));
#4829=CARTESIAN_POINT('',(47.054150813,-13.439504957,-46.446254409));
#4830=CARTESIAN_POINT('',(46.936932961,-13.43423796,-46.517187022));
#4831=CARTESIAN_POINT('',(46.808422245,-13.415933943,-46.568471168));
#4832=CARTESIAN_POINT('',(46.546413789,-13.355755095,-46.624721388));
#4833=CARTESIAN_POINT('',(46.413000848,-13.313899684,-46.629669281));
#4834=CARTESIAN_POINT('',(46.159628427,-13.212380765,-46.592535997));
#4835=CARTESIAN_POINT('',(46.039750958,-13.152750019,-46.550466869));
#4836=CARTESIAN_POINT('',(45.830031621,-13.023900597,-46.425088333));
#4837=CARTESIAN_POINT('',(45.740257643,-12.954723504,-46.341819537));
#4838=CARTESIAN_POINT('',(45.671717509,-12.885524079,-46.243674663));
#4839=CARTESIAN_POINT('',(46.878951912,-14.140931135,-46.211918575));
#4840=CARTESIAN_POINT('',(46.761242822,-14.137866588,-46.280606012));
#4841=CARTESIAN_POINT('',(46.631088406,-14.128114102,-46.327651322));
#4842=CARTESIAN_POINT('',(46.36351167,-14.09655038,-46.372089678));
#4843=CARTESIAN_POINT('',(46.226173974,-14.074749071,-46.369468694));
#4844=CARTESIAN_POINT('',(45.962996128,-14.022051581,-46.314904186));
#4845=CARTESIAN_POINT('',(45.837239218,-13.991171973,-46.262977951));
#4846=CARTESIAN_POINT('',(45.614418418,-13.924520838,-46.116871817));
#4847=CARTESIAN_POINT('',(45.517425011,-13.888770274,-46.02273816));
#4848=CARTESIAN_POINT('',(45.441416149,-13.853008463,-45.913898571));
#4849=CARTESIAN_POINT('',(46.833437117,-14.520390888,-46.151040638));
#4850=CARTESIAN_POINT('',(46.715567441,-14.518854502,-46.219092727));
#4851=CARTESIAN_POINT('',(46.58496155,-14.513974566,-46.264999476));
#4852=CARTESIAN_POINT('',(46.315908435,-14.498186357,-46.306325127));
#4853=CARTESIAN_POINT('',(46.177545785,-14.487283048,-46.30173104));
#4854=CARTESIAN_POINT('',(45.911826522,-14.460929908,-46.242649215));
#4855=CARTESIAN_POINT('',(45.784553436,-14.445488361,-46.18818005));
#4856=CARTESIAN_POINT('',(45.558361542,-14.41215984,-46.036738262));
#4857=CARTESIAN_POINT('',(45.459513835,-14.394283343,-45.939813242));
#4858=CARTESIAN_POINT('',(45.381586326,-14.376401224,-45.828226279));
#4859=CARTESIAN_POINT('',(46.833437117,-15.076019228,-46.151040638));
#4860=CARTESIAN_POINT('',(46.715567441,-15.076731627,-46.219092727));
#4861=CARTESIAN_POINT('',(46.58496155,-15.078994383,-46.264999476));
#4862=CARTESIAN_POINT('',(46.315908435,-15.086315146,-46.306325127));
#4863=CARTESIAN_POINT('',(46.177545785,-15.091370852,-46.30173104));
#4864=CARTESIAN_POINT('',(45.911826522,-15.10359042,-46.242649215));
#4865=CARTESIAN_POINT('',(45.784553436,-15.11075044,-46.18818005));
#4866=CARTESIAN_POINT('',(45.558361542,-15.126204391,-46.036738262));
#4867=CARTESIAN_POINT('',(45.459513835,-15.134493463,-45.939813242));
#4868=CARTESIAN_POINT('',(45.381586326,-15.142785142,-45.828226279));
#4869=CARTESIAN_POINT('',(46.843222989,-15.252006342,-46.164129651));
#4870=CARTESIAN_POINT('',(46.725387841,-15.253429373,-46.232318342));
#4871=CARTESIAN_POINT('',(46.594879018,-15.257953296,-46.278469886));
#4872=CARTESIAN_POINT('',(46.326143331,-15.272592092,-46.320464783));
#4873=CARTESIAN_POINT('',(46.18800105,-15.282702363,-46.316294921));
#4874=CARTESIAN_POINT('',(45.922828203,-15.307139609,-46.258184338));
#4875=CARTESIAN_POINT('',(45.795881101,-15.321458901,-46.204261914));
#4876=CARTESIAN_POINT('',(45.570414006,-15.352365532,-46.053967313));
#4877=CARTESIAN_POINT('',(45.471964982,-15.368943154,-45.957642449));
#4878=CARTESIAN_POINT('',(45.39444999,-15.385525989,-45.846646182));
#4879=CARTESIAN_POINT('',(46.862452769,-15.425110355,-46.189850283));
#4880=CARTESIAN_POINT('',(46.744679141,-15.427200506,-46.258297414));
#4881=CARTESIAN_POINT('',(46.614356372,-15.433925249,-46.304922827));
#4882=CARTESIAN_POINT('',(46.346238729,-15.455734268,-46.348224362));
#4883=CARTESIAN_POINT('',(46.208528461,-15.470811662,-46.344886824));
#4884=CARTESIAN_POINT('',(45.944430488,-15.5072728,-46.288686921));
#4885=CARTESIAN_POINT('',(45.81812612,-15.528645037,-46.235842295));
#4886=CARTESIAN_POINT('',(45.594089536,-15.574782001,-46.087811414));
#4887=CARTESIAN_POINT('',(45.496428018,-15.599532166,-45.992671875));
#4888=CARTESIAN_POINT('',(45.419727799,-15.624290145,-45.882842309));
#4889=B_SPLINE_SURFACE_WITH_KNOTS('',3,3,((#4769,#4770,#4771,#4772,#4773,#4774,#4775,#4776,#4777,#4778),(#4779,#4780,#4781,#4782,#4783,#4784,#4785,#4786,#4787,#4788),(#4789,#4790,#4791,#4792,#4793,#4794,#4795,#4796,#4797,#4798),(#4799,#4800,#4801,#4802,#4803,#4804,#4805,#4806,#4807,#4808),(#4809,#4810,#4811,#4812,#4813,#4814,#4815,#4816,#4817,#4818),(#4819,#4820,#4821,#4822,#4823,#4824,#4825,#4826,#4827,#4828),(#4829,#4830,#4831,#4832,#4833,#4834,#4835,#4836,#4837,#4838),(#4839,#4840,#4841,#4842,#4843,#4844,#4845,#4846,#4847,#4848),(#4849,#4850,#4851,#4852,#4853,#4854,#4855,#4856,#4857,#4858),(#4859,#4860,#4861,#4862,#4863,#4864,#4865,#4866,#4867,#4868),(#4869,#4870,#4871,#4872,#4873,#4874,#4875,#4876,#4877,#4878),(#4879,#4880,#4881,#4882,#4883,#4884,#4885,#4886,#4887,#4888)),.UNSPECIFIED.,.F.,.F.,.U.,(4,2,2,2,2,4),(4,2,2,2,4),(1.570796327,1.963495408,2.35619449,2.748893572,3.141592654,3.32368151),(0.,0.25,0.5,0.75,1.),.UNSPECIFIED.);
#4890=ORIENTED_EDGE('',*,*,#4763,.T.);
#4891=ORIENTED_EDGE('',*,*,#4158,.F.);
#4892=ORIENTED_EDGE('',*,*,#2237,.F.);
#4893=ORIENTED_EDGE('',*,*,#2904,.F.);
#4894=CARTESIAN_POINT('',(45.445102894,-14.499031313,-45.91336529));
#4895=CARTESIAN_POINT('',(45.440194951,-14.698851788,-45.904864484));
#4896=CARTESIAN_POINT('',(45.43874708,-14.898760061,-45.902356696));
#4897=CARTESIAN_POINT('',(45.441298343,-15.098769812,-45.906775614));
#4898=B_SPLINE_CURVE_WITH_KNOTS('',3,(#4894,#4895,#4896,#4897),.UNSPECIFIED.,.F.,.F.,(4,4),(0.,0.000599787),.UNSPECIFIED.);
#4899=EDGE_CURVE('',#2926,#2864,#4898,.T.);
#4900=ORIENTED_EDGE('',*,*,#4899,.F.);
#4901=ORIENTED_EDGE('',*,*,#2932,.F.);
#4902=ORIENTED_EDGE('',*,*,#773,.F.);
#4903=EDGE_LOOP('',(#4890,#4891,#4892,#4893,#4900,#4901,#4902));
#4904=FACE_BOUND('',#4903,.T.);
#4905=ADVANCED_FACE('',(#4904),#4889,.T.);
#4906=CARTESIAN_POINT('',(46.862454335,15.42512445,-46.189852377));
#4907=CARTESIAN_POINT('',(46.744680712,15.427214656,-46.258299529));
#4908=CARTESIAN_POINT('',(46.614357958,15.433939578,-46.304924981));
#4909=CARTESIAN_POINT('',(46.346240366,15.455749181,-46.348226623));
#4910=CARTESIAN_POINT('',(46.208530133,15.470826979,-46.344889152));
#4911=CARTESIAN_POINT('',(45.944432247,15.507289096,-46.288689405));
#4912=CARTESIAN_POINT('',(45.818127931,15.528661908,-46.235844867));
#4913=CARTESIAN_POINT('',(45.594091464,15.574800112,-46.08781417));
#4914=CARTESIAN_POINT('',(45.49643001,15.599550942,-45.992674728));
#4915=CARTESIAN_POINT('',(45.419729858,15.624309587,-45.882845256));
#4916=CARTESIAN_POINT('',(46.84322352,15.252015896,-46.164130361));
#4917=CARTESIAN_POINT('',(46.725388374,15.253438966,-46.23231906));
#4918=CARTESIAN_POINT('',(46.594879557,15.257963011,-46.278470618));
#4919=CARTESIAN_POINT('',(46.326143886,15.272602205,-46.32046555));
#4920=CARTESIAN_POINT('',(46.188001618,15.282712749,-46.316295711));
#4921=CARTESIAN_POINT('',(45.9228288,15.307150659,-46.258185182));
#4922=CARTESIAN_POINT('',(45.795881716,15.32147034,-46.204262787));
#4923=CARTESIAN_POINT('',(45.57041466,15.35237781,-46.053968249));
#4924=CARTESIAN_POINT('',(45.471965658,15.368955881,-45.957643416));
#4925=CARTESIAN_POINT('',(45.394450688,15.385539167,-45.846647182));
#4926=CARTESIAN_POINT('',(46.833437117,15.076024005,-46.151040638));
#4927=CARTESIAN_POINT('',(46.715567441,15.076736424,-46.219092727));
#4928=CARTESIAN_POINT('',(46.58496155,15.078999241,-46.264999476));
#4929=CARTESIAN_POINT('',(46.315908435,15.086320203,-46.306325127));
#4930=CARTESIAN_POINT('',(46.177545785,15.091376046,-46.30173104));
#4931=CARTESIAN_POINT('',(45.911826522,15.103595946,-46.242649215));
#4932=CARTESIAN_POINT('',(45.784553436,15.110756161,-46.18818005));
#4933=CARTESIAN_POINT('',(45.558361542,15.126210531,-46.036738262));
#4934=CARTESIAN_POINT('',(45.459513835,15.134499828,-45.939813242));
#4935=CARTESIAN_POINT('',(45.381586326,15.142791731,-45.828226279));
#4936=CARTESIAN_POINT('',(46.833437117,14.520390888,-46.151040638));
#4937=CARTESIAN_POINT('',(46.715567441,14.518854502,-46.219092727));
#4938=CARTESIAN_POINT('',(46.58496155,14.513974566,-46.264999476));
#4939=CARTESIAN_POINT('',(46.315908435,14.498186357,-46.306325127));
#4940=CARTESIAN_POINT('',(46.177545785,14.487283048,-46.30173104));
#4941=CARTESIAN_POINT('',(45.911826522,14.460929908,-46.242649215));
#4942=CARTESIAN_POINT('',(45.784553436,14.445488361,-46.18818005));
#4943=CARTESIAN_POINT('',(45.558361542,14.41215984,-46.036738262));
#4944=CARTESIAN_POINT('',(45.459513835,14.394283343,-45.939813242));
#4945=CARTESIAN_POINT('',(45.381586326,14.376401224,-45.828226279));
#4946=CARTESIAN_POINT('',(46.878951912,14.140931135,-46.211918575));
#4947=CARTESIAN_POINT('',(46.761242822,14.137866588,-46.280606012));
#4948=CARTESIAN_POINT('',(46.631088406,14.128114102,-46.327651322));
#4949=CARTESIAN_POINT('',(46.36351167,14.09655038,-46.372089678));
#4950=CARTESIAN_POINT('',(46.226173974,14.074749071,-46.369468694));
#4951=CARTESIAN_POINT('',(45.962996128,14.022051581,-46.314904186));
#4952=CARTESIAN_POINT('',(45.837239218,13.991171973,-46.262977951));
#4953=CARTESIAN_POINT('',(45.614418418,13.924520838,-46.116871817));
#4954=CARTESIAN_POINT('',(45.517425011,13.888770274,-46.02273816));
#4955=CARTESIAN_POINT('',(45.441416149,13.853008463,-45.913898571));
#4956=CARTESIAN_POINT('',(47.054150813,13.439504957,-46.446254409));
#4957=CARTESIAN_POINT('',(46.936932961,13.43423796,-46.517187022));
#4958=CARTESIAN_POINT('',(46.808422245,13.415933943,-46.568471168));
#4959=CARTESIAN_POINT('',(46.546413789,13.355755095,-46.624721388));
#4960=CARTESIAN_POINT('',(46.413000848,13.313899684,-46.629669281));
#4961=CARTESIAN_POINT('',(46.159628427,13.212380765,-46.592535997));
#4962=CARTESIAN_POINT('',(46.039750958,13.152750019,-46.550466869));
#4963=CARTESIAN_POINT('',(45.830031621,13.023900597,-46.425088333));
#4964=CARTESIAN_POINT('',(45.740257643,12.954723504,-46.341819537));
#4965=CARTESIAN_POINT('',(45.671717509,12.885524079,-46.243674663));
#4966=CARTESIAN_POINT('',(47.183765985,13.117814512,-46.619620106));
#4967=CARTESIAN_POINT('',(47.06687323,13.111885826,-46.692153157));
#4968=CARTESIAN_POINT('',(46.939550203,13.089914737,-46.746529952));
#4969=CARTESIAN_POINT('',(46.681626777,13.016917751,-46.811467744));
#4970=CARTESIAN_POINT('',(46.551111298,12.965915804,-46.822007444));
#4971=CARTESIAN_POINT('',(46.30500004,12.841936652,-46.797783102));
#4972=CARTESIAN_POINT('',(46.189485323,12.769000117,-46.763027148));
#4973=CARTESIAN_POINT('',(45.989496356,12.611288206,-46.65304021));
#4974=CARTESIAN_POINT('',(45.905088012,12.526564563,-46.577845564));
#4975=CARTESIAN_POINT('',(45.842098431,12.44181312,-46.487648711));
#4976=CARTESIAN_POINT('',(47.507491342,12.580966157,-47.052616268));
#4977=CARTESIAN_POINT('',(47.391040149,12.574980384,-47.128562041));
#4978=CARTESIAN_POINT('',(47.266407272,12.547660213,-47.190241428));
#4979=CARTESIAN_POINT('',(47.018349184,12.454198457,-47.276377948));
#4980=CARTESIAN_POINT('',(46.895009154,12.38808888,-47.300805589));
#4981=CARTESIAN_POINT('',(46.667099142,12.226420695,-47.30894616));
#4982=CARTESIAN_POINT('',(46.562607455,12.130917446,-47.292656409));
#4983=CARTESIAN_POINT('',(46.38728852,11.924019155,-47.221666459));
#4984=CARTESIAN_POINT('',(46.316521538,11.812694959,-47.166990765));
#4985=CARTESIAN_POINT('',(46.267639855,11.70133263,-47.096995475));
#4986=CARTESIAN_POINT('',(47.701474155,12.366019474,-47.312076369));
#4987=CARTESIAN_POINT('',(47.585130737,12.360640622,-47.389819622));
#4988=CARTESIAN_POINT('',(47.461992957,12.331642509,-47.455696445));
#4989=CARTESIAN_POINT('',(47.219703624,12.230544709,-47.554324422));
#4990=CARTESIAN_POINT('',(47.10063739,12.158480555,-47.587040999));
#4991=CARTESIAN_POINT('',(46.883661839,11.981598093,-47.614627696));
#4992=CARTESIAN_POINT('',(46.785828993,11.876841927,-47.609488316));
#4993=CARTESIAN_POINT('',(46.625448394,11.649636448,-47.562101079));
#4994=CARTESIAN_POINT('',(46.56295724,11.527266947,-47.519870153));
#4995=CARTESIAN_POINT('',(46.522632925,11.404854447,-47.46212844));
#4996=CARTESIAN_POINT('',(48.124441717,12.075479238,-47.877813119));
#4997=CARTESIAN_POINT('',(48.007724257,12.072288819,-47.958516127));
#4998=CARTESIAN_POINT('',(47.887388494,12.042037009,-48.032847017));
#4999=CARTESIAN_POINT('',(47.657115801,11.931842196,-48.157880962));
#5000=CARTESIAN_POINT('',(47.547264449,11.851940073,-48.20853771));
#5001=CARTESIAN_POINT('',(47.354237031,11.65422693,-48.278725199));
#5002=CARTESIAN_POINT('',(47.271132769,11.536489237,-48.29823008));
#5003=CARTESIAN_POINT('',(47.143934467,11.280491256,-48.303227644));
#5004=CARTESIAN_POINT('',(47.099887828,11.142325902,-48.288718724));
#5005=CARTESIAN_POINT('',(47.07862959,11.004109293,-48.258278355));
#5006=CARTESIAN_POINT('',(48.353260047,12.,-48.183867175));
#5007=CARTESIAN_POINT('',(48.236053281,11.998380611,-48.265719311));
#5008=CARTESIAN_POINT('',(48.117017473,11.968546817,-48.344294593));
#5009=CARTESIAN_POINT('',(47.892980675,11.856886763,-48.483221929));
#5010=CARTESIAN_POINT('',(47.788065384,11.775103199,-48.54352103));
#5011=CARTESIAN_POINT('',(47.608043483,11.571783945,-48.636848816));
#5012=CARTESIAN_POINT('',(47.53300583,11.450325967,-48.669842088));
#5013=CARTESIAN_POINT('',(47.424046263,11.185862825,-48.703612911));
#5014=CARTESIAN_POINT('',(47.390166205,11.042958728,-48.704377882));
#5015=CARTESIAN_POINT('',(47.379414425,10.9,-48.688982054));
#5016=CARTESIAN_POINT('',(48.582168442,12.,-48.490041698));
#5017=CARTESIAN_POINT('',(48.464116449,12.,-48.572484103));
#5018=CARTESIAN_POINT('',(48.346110905,11.971369944,-48.654894071));
#5019=CARTESIAN_POINT('',(48.127979266,11.861165027,-48.807227773));
#5020=CARTESIAN_POINT('',(48.027938997,11.779633527,-48.877091571));
#5021=CARTESIAN_POINT('',(47.860988268,11.576001392,-48.993682738));
#5022=CARTESIAN_POINT('',(47.794143497,11.453980878,-49.040364235));
#5023=CARTESIAN_POINT('',(47.703790413,11.187922673,-49.103462921));
#5024=CARTESIAN_POINT('',(47.680317651,11.043989663,-49.119855283));
#5025=CARTESIAN_POINT('',(47.680317651,10.9,-49.119855283));
#5026=B_SPLINE_SURFACE_WITH_KNOTS('',3,3,((#4906,#4907,#4908,#4909,#4910,#4911,#4912,#4913,#4914,#4915),(#4916,#4917,#4918,#4919,#4920,#4921,#4922,#4923,#4924,#4925),(#4926,#4927,#4928,#4929,#4930,#4931,#4932,#4933,#4934,#4935),(#4936,#4937,#4938,#4939,#4940,#4941,#4942,#4943,#4944,#4945),(#4946,#4947,#4948,#4949,#4950,#4951,#4952,#4953,#4954,#4955),(#4956,#4957,#4958,#4959,#4960,#4961,#4962,#4963,#4964,#4965),(#4966,#4967,#4968,#4969,#4970,#4971,#4972,#4973,#4974,#4975),(#4976,#4977,#4978,#4979,#4980,#4981,#4982,#4983,#4984,#4985),(#4986,#4987,#4988,#4989,#4990,#4991,#4992,#4993,#4994,#4995),(#4996,#4997,#4998,#4999,#5000,#5001,#5002,#5003,#5004,#5005),(#5006,#5007,#5008,#5009,#5010,#5011,#5012,#5013,#5014,#5015),(#5016,#5017,#5018,#5019,#5020,#5021,#5022,#5023,#5024,#5025)),.UNSPECIFIED.,.F.,.F.,.U.,(4,2,2,2,2,4),(4,2,2,2,4),(2.959498855,3.141592654,3.534291735,3.926990817,4.319689899,4.71238898),(0.,0.25,0.5,0.75,1.),.UNSPECIFIED.);
#5027=ORIENTED_EDGE('',*,*,#2659,.F.);
#5028=ORIENTED_EDGE('',*,*,#4262,.F.);
#5029=CARTESIAN_POINT('',(48.582168442,10.9,-48.490041698));
#5030=DIRECTION('',(0.572557804,0.,-0.819864355));
#5031=DIRECTION('',(-0.819864355,0.,-0.572557804));
#5032=AXIS2_PLACEMENT_3D('',#5029,#5030,#5031);
#5033=CIRCLE('',#5032,1.1);
#5034=EDGE_CURVE('',#3735,#4037,#5033,.T.);
#5035=ORIENTED_EDGE('',*,*,#5034,.F.);
#5036=ORIENTED_EDGE('',*,*,#3741,.F.);
#5037=ORIENTED_EDGE('',*,*,#2949,.F.);
#5038=CARTESIAN_POINT('',(45.441298343,15.098769812,-45.906775614));
#5039=CARTESIAN_POINT('',(45.438747081,14.898760061,-45.902356698));
#5040=CARTESIAN_POINT('',(45.440195004,14.698851789,-45.904864574));
#5041=CARTESIAN_POINT('',(45.445102894,14.499031313,-45.91336529));
#5042=B_SPLINE_CURVE_WITH_KNOTS('',3,(#5038,#5039,#5040,#5041),.UNSPECIFIED.,.F.,.F.,(4,4),(0.,0.000599787),.UNSPECIFIED.);
#5043=EDGE_CURVE('',#2812,#2935,#5042,.T.);
#5044=ORIENTED_EDGE('',*,*,#5043,.F.);
#5045=ORIENTED_EDGE('',*,*,#2845,.F.);
#5046=EDGE_LOOP('',(#5027,#5028,#5035,#5036,#5037,#5044,#5045));
#5047=FACE_BOUND('',#5046,.T.);
#5048=ADVANCED_FACE('',(#5047),#5026,.T.);
#5049=CARTESIAN_POINT('',(47.762429431,10.9,-47.316230442));
#5050=DIRECTION('',(-0.572557804,0.,0.819864355));
#5051=DIRECTION('',(0.819864355,0.,0.572557804));
#5052=AXIS2_PLACEMENT_3D('',#5049,#5050,#5051);
#5053=CYLINDRICAL_SURFACE('',#5052,1.1);
#5054=ORIENTED_EDGE('',*,*,#5034,.T.);
#5055=ORIENTED_EDGE('',*,*,#4076,.F.);
#5056=CARTESIAN_POINT('',(49.136360233,10.9,-49.283607154));
#5057=DIRECTION('',(0.572557804,0.,-0.819864355));
#5058=DIRECTION('',(-0.819864355,0.,-0.572557804));
#5059=AXIS2_PLACEMENT_3D('',#5056,#5057,#5058);
#5060=CIRCLE('',#5059,1.1);
#5061=EDGE_CURVE('',#3744,#4064,#5060,.T.);
#5062=ORIENTED_EDGE('',*,*,#5061,.F.);
#5063=ORIENTED_EDGE('',*,*,#3749,.F.);
#5064=EDGE_LOOP('',(#5054,#5055,#5062,#5063));
#5065=FACE_BOUND('',#5064,.T.);
#5066=ADVANCED_FACE('',(#5065),#5053,.T.);
#5067=CARTESIAN_POINT('',(49.628278846,10.9,-48.940072472));
#5068=DIRECTION('',(-0.,1.,0.));
#5069=DIRECTION('',(0.866025404,0.,0.5));
#5070=AXIS2_PLACEMENT_3D('',#5067,#5068,#5069);
#5071=DEGENERATE_TOROIDAL_SURFACE('',#5070,0.6,1.1,.T.);
#5072=CARTESIAN_POINT('',(50.147894088,10.9,-48.640072472));
#5073=DIRECTION('',(0.5,-0.,-0.866025404));
#5074=DIRECTION('',(0.866025404,0.,0.5));
#5075=AXIS2_PLACEMENT_3D('',#5072,#5073,#5074);
#5076=CIRCLE('',#5075,1.1);
#5077=EDGE_CURVE('',#4055,#3795,#5076,.T.);
#5078=ORIENTED_EDGE('',*,*,#5077,.T.);
#5079=CARTESIAN_POINT('',(49.628278846,10.9,-48.940072472));
#5080=DIRECTION('',(0.,-1.,-0.));
#5081=DIRECTION('',(0.866025404,0.,0.5));
#5082=AXIS2_PLACEMENT_3D('',#5079,#5080,#5081);
#5083=CIRCLE('',#5082,1.7);
#5084=EDGE_CURVE('',#3744,#3795,#5083,.T.);
#5085=ORIENTED_EDGE('',*,*,#5084,.F.);
#5086=ORIENTED_EDGE('',*,*,#5061,.T.);
#5087=ORIENTED_EDGE('',*,*,#4070,.F.);
#5088=EDGE_LOOP('',(#5078,#5085,#5086,#5087));
#5089=FACE_BOUND('',#5088,.T.);
#5090=ADVANCED_FACE('',(#5089),#5071,.T.);
#5091=CARTESIAN_POINT('',(8.516060445,10.9,15.132806304));
#5092=DIRECTION('',(0.54665371,0.,-0.837358777));
#5093=DIRECTION('',(-0.837358777,0.,-0.54665371));
#5094=AXIS2_PLACEMENT_3D('',#5091,#5092,#5093);
#5095=CYLINDRICAL_SURFACE('',#5094,1.1);
#5096=CARTESIAN_POINT('',(50.130694112,10.9,-48.612080246));
#5097=DIRECTION('',(-0.54665371,0.,0.837358777));
#5098=DIRECTION('',(0.837358777,0.,0.54665371));
#5099=AXIS2_PLACEMENT_3D('',#5096,#5097,#5098);
#5100=CIRCLE('',#5099,1.1);
#5101=EDGE_CURVE('',#3803,#4047,#5100,.T.);
#5102=ORIENTED_EDGE('',*,*,#5101,.T.);
#5103=ORIENTED_EDGE('',*,*,#4052,.F.);
#5104=CARTESIAN_POINT('',(49.648943232,10.9,-47.874138986));
#5105=DIRECTION('',(-0.54665371,0.,0.837358777));
#5106=DIRECTION('',(0.837358777,0.,0.54665371));
#5107=AXIS2_PLACEMENT_3D('',#5104,#5105,#5106);
#5108=CIRCLE('',#5107,1.1);
#5109=EDGE_CURVE('',#3836,#4039,#5108,.T.);
#5110=ORIENTED_EDGE('',*,*,#5109,.F.);
#5111=ORIENTED_EDGE('',*,*,#3841,.F.);
#5112=EDGE_LOOP('',(#5102,#5103,#5110,#5111));
#5113=FACE_BOUND('',#5112,.T.);
#5114=ADVANCED_FACE('',(#5113),#5095,.T.);
#5115=CARTESIAN_POINT('',(49.129795966,11.886900283,-45.066671496));
#5116=CARTESIAN_POINT('',(49.182705012,11.997921645,-45.147717052));
#5117=CARTESIAN_POINT('',(49.21049167,12.108895198,-45.245113501));
#5118=CARTESIAN_POINT('',(49.21144234,12.313262933,-45.457263213));
#5119=CARTESIAN_POINT('',(49.184605942,12.406569108,-45.571925114));
#5120=CARTESIAN_POINT('',(49.080537715,12.560725796,-45.800357866));
#5121=CARTESIAN_POINT('',(49.003350702,12.621509924,-45.914030344));
#5122=CARTESIAN_POINT('',(48.810831711,12.700913287,-46.122378289));
#5123=CARTESIAN_POINT('',(48.695582639,12.719498327,-46.216964032));
#5124=CARTESIAN_POINT('',(48.570422772,12.715502705,-46.294510524));
#5125=CARTESIAN_POINT('',(49.308594343,11.602030703,-45.340553091));
#5126=CARTESIAN_POINT('',(49.354779877,11.723219931,-45.411299638));
#5127=CARTESIAN_POINT('',(49.375987672,11.844357503,-45.498309524));
#5128=CARTESIAN_POINT('',(49.365130026,12.06753975,-45.691230521));
#5129=CARTESIAN_POINT('',(49.333069263,12.169489294,-45.797059559));
#5130=CARTESIAN_POINT('',(49.220711882,12.338123493,-46.01087915));
#5131=CARTESIAN_POINT('',(49.140463152,12.404736268,-46.118778709));
#5132=CARTESIAN_POINT('',(48.94440266,12.492110724,-46.319654863));
#5133=CARTESIAN_POINT('',(48.828674411,12.512835161,-46.412545945));
#5134=CARTESIAN_POINT('',(48.704315352,12.50897226,-46.490612999));
#5135=CARTESIAN_POINT('',(49.512789716,11.37033431,-45.653337556));
#5136=CARTESIAN_POINT('',(49.551356817,11.499595593,-45.712414262));
#5137=CARTESIAN_POINT('',(49.565110587,11.628802492,-45.787654551));
#5138=CARTESIAN_POINT('',(49.540857954,11.866981634,-45.958758873));
#5139=CARTESIAN_POINT('',(49.502861829,11.975853668,-46.054551093));
#5140=CARTESIAN_POINT('',(49.381053299,12.156204076,-46.251710011));
#5141=CARTESIAN_POINT('',(49.297292168,12.227606568,-46.352993911));
#5142=CARTESIAN_POINT('',(49.097103405,12.321743714,-46.545206092));
#5143=CARTESIAN_POINT('',(48.980759974,12.344438757,-46.636053607));
#5144=CARTESIAN_POINT('',(48.857226391,12.340992375,-46.71457039));
#5145=CARTESIAN_POINT('',(49.996836751,11.004109293,-46.394796042));
#5146=CARTESIAN_POINT('',(50.017556581,11.145673205,-46.426534475));
#5147=CARTESIAN_POINT('',(50.013850026,11.287179325,-46.474200889));
#5148=CARTESIAN_POINT('',(49.958164824,11.548357288,-46.594095541));
#5149=CARTESIAN_POINT('',(49.906209009,11.667922506,-46.666275065));
#5150=CARTESIAN_POINT('',(49.762051748,11.866654059,-46.824040778));
#5151=CARTESIAN_POINT('',(49.66990919,11.945739259,-46.909562761));
#5152=CARTESIAN_POINT('',(49.459638731,12.051209766,-47.080774814));
#5153=CARTESIAN_POINT('',(49.34159664,12.077552008,-47.166395125));
#5154=CARTESIAN_POINT('',(49.219703433,12.075479238,-47.245463473));
#5155=CARTESIAN_POINT('',(50.283380925,10.9,-46.83372159));
#5156=CARTESIAN_POINT('',(50.293668918,11.044646455,-46.849480637));
#5157=CARTESIAN_POINT('',(50.279757839,11.189234969,-46.881028744));
#5158=CARTESIAN_POINT('',(50.205666522,11.456309364,-46.970926912));
#5159=CARTESIAN_POINT('',(50.145516096,11.578688259,-47.02924117));
#5160=CARTESIAN_POINT('',(49.988163721,11.782519726,-47.163750637));
#5161=CARTESIAN_POINT('',(49.891024903,11.863890641,-47.239892126));
#5162=CARTESIAN_POINT('',(49.674600709,11.973168514,-47.398382435));
#5163=CARTESIAN_POINT('',(49.555402081,12.001031687,-47.480667856));
#5164=CARTESIAN_POINT('',(49.434281102,12.,-47.559739378));
#5165=CARTESIAN_POINT('',(50.570037886,10.9,-47.272819904));
#5166=CARTESIAN_POINT('',(50.570037886,11.043989663,-47.272819904));
#5167=CARTESIAN_POINT('',(50.546064258,11.187922673,-47.28847063));
#5168=CARTESIAN_POINT('',(50.453783203,11.453980878,-47.348714557));
#5169=CARTESIAN_POINT('',(50.385512086,11.576001392,-47.393284055));
#5170=CARTESIAN_POINT('',(50.214998931,11.779633527,-47.504600316));
#5171=CARTESIAN_POINT('',(50.112823983,11.861165027,-47.571303283));
#5172=CARTESIAN_POINT('',(49.890037809,11.971369944,-47.716744988));
#5173=CARTESIAN_POINT('',(49.76951424,12.,-47.795426502));
#5174=CARTESIAN_POINT('',(49.648943232,12.,-47.874138986));
#5175=B_SPLINE_SURFACE_WITH_KNOTS('',3,3,((#5115,#5116,#5117,#5118,#5119,#5120,#5121,#5122,#5123,#5124),(#5125,#5126,#5127,#5128,#5129,#5130,#5131,#5132,#5133,#5134),(#5135,#5136,#5137,#5138,#5139,#5140,#5141,#5142,#5143,#5144),(#5145,#5146,#5147,#5148,#5149,#5150,#5151,#5152,#5153,#5154),(#5155,#5156,#5157,#5158,#5159,#5160,#5161,#5162,#5163,#5164),(#5165,#5166,#5167,#5168,#5169,#5170,#5171,#5172,#5173,#5174)),.UNSPECIFIED.,.F.,.F.,.U.,(4,2,4),(4,2,2,2,4),(3.994644915,4.319689899,4.71238898),(0.,0.25,0.5,0.75,1.),.UNSPECIFIED.);
#5176=ORIENTED_EDGE('',*,*,#5109,.T.);
#5177=ORIENTED_EDGE('',*,*,#4254,.F.);
#5178=CARTESIAN_POINT('',(48.208672574,11.886839981,-45.667946557));
#5179=DIRECTION('',(-0.412055869,0.657128465,0.631183128));
#5180=DIRECTION('',(-0.328844252,-0.753290005,0.569574953));
#5181=AXIS2_PLACEMENT_3D('',#5178,#5179,#5180);
#5182=CIRCLE('',#5181,1.1);
#5183=EDGE_CURVE('',#3844,#4223,#5182,.T.);
#5184=ORIENTED_EDGE('',*,*,#5183,.F.);
#5185=ORIENTED_EDGE('',*,*,#3850,.F.);
#5186=EDGE_LOOP('',(#5176,#5177,#5184,#5185));
#5187=FACE_BOUND('',#5186,.T.);
#5188=ADVANCED_FACE('',(#5187),#5175,.T.);
#5189=CARTESIAN_POINT('',(48.570401251,12.715458986,-46.294479005));
#5190=CARTESIAN_POINT('',(48.695560905,12.719455822,-46.216932041));
#5191=CARTESIAN_POINT('',(48.810809634,12.700871254,-46.122345603));
#5192=CARTESIAN_POINT('',(49.003327726,12.621467326,-45.913995941));
#5193=CARTESIAN_POINT('',(49.080514181,12.56068216,-45.800322442));
#5194=CARTESIAN_POINT('',(49.184581133,12.406522169,-45.571887445));
#5195=CARTESIAN_POINT('',(49.211416813,12.313213733,-45.457224321));
#5196=CARTESIAN_POINT('',(49.2104646,12.108840787,-45.24507208));
#5197=CARTESIAN_POINT('',(49.182677118,11.99786429,-45.147674324));
#5198=CARTESIAN_POINT('',(49.129767228,11.886839981,-45.066627476));
#5199=CARTESIAN_POINT('',(48.528002083,12.780922088,-46.232380106));
#5200=CARTESIAN_POINT('',(48.65300041,12.77922978,-46.16281665));
#5201=CARTESIAN_POINT('',(48.768316263,12.757031148,-46.076590437));
#5202=CARTESIAN_POINT('',(48.962496932,12.674944166,-45.883509478));
#5203=CARTESIAN_POINT('',(49.041288206,12.615087008,-45.776726971));
#5204=CARTESIAN_POINT('',(49.150583675,12.466605218,-45.558434344));
#5205=CARTESIAN_POINT('',(49.181046251,12.378036456,-45.447006269));
#5206=CARTESIAN_POINT('',(49.189053632,12.185321248,-45.236065657));
#5207=CARTESIAN_POINT('',(49.166594938,12.081247093,-45.136632853));
#5208=CARTESIAN_POINT('',(49.119312612,11.977133915,-45.050613197));
#5209=CARTESIAN_POINT('',(48.498186917,12.849448772,-46.16792425));
#5210=CARTESIAN_POINT('',(48.621003259,12.842764296,-46.10501472));
#5211=CARTESIAN_POINT('',(48.734467685,12.817568995,-46.025997681));
#5212=CARTESIAN_POINT('',(48.926993549,12.733670656,-45.846641172));
#5213=CARTESIAN_POINT('',(49.005991599,12.674995343,-45.746360365));
#5214=CARTESIAN_POINT('',(49.118514862,12.532311187,-45.53843483));
#5215=CARTESIAN_POINT('',(49.152002865,12.44834918,-45.430858279));
#5216=CARTESIAN_POINT('',(49.168767388,12.266780277,-45.223347475));
#5217=CARTESIAN_POINT('',(49.152038037,12.169232848,-45.123481487));
#5218=CARTESIAN_POINT('',(49.111330462,12.071653478,-45.034421547));
#5219=CARTESIAN_POINT('',(48.467800377,12.956786725,-46.06975811));
#5220=CARTESIAN_POINT('',(48.58578563,12.943830224,-46.015209999));
#5221=CARTESIAN_POINT('',(48.695013338,12.915147797,-45.945562126));
#5222=CARTESIAN_POINT('',(48.882367112,12.829906054,-45.784719697));
#5223=CARTESIAN_POINT('',(48.960443377,12.773369424,-45.693567794));
#5224=CARTESIAN_POINT('',(49.075679647,12.639497174,-45.501131966));
#5225=CARTESIAN_POINT('',(49.112808978,12.562197103,-45.399899123));
#5226=CARTESIAN_POINT('',(49.141463624,12.396478467,-45.199991865));
#5227=CARTESIAN_POINT('',(49.132981231,12.308103872,-45.101370575));
#5228=CARTESIAN_POINT('',(49.102210451,12.219705827,-45.010217275));
#5229=CARTESIAN_POINT('',(48.460089421,12.993325462,-46.036777395));
#5230=CARTESIAN_POINT('',(48.576195679,12.978478021,-45.984749352));
#5231=CARTESIAN_POINT('',(48.683759064,12.948798834,-45.917986648));
#5232=CARTESIAN_POINT('',(48.868926421,12.863335318,-45.762975272));
#5233=CARTESIAN_POINT('',(48.946484879,12.807572018,-45.674764638));
#5234=CARTESIAN_POINT('',(49.062265822,12.676656914,-45.487484749));
#5235=CARTESIAN_POINT('',(49.100459814,12.601537267,-45.388461481));
#5236=CARTESIAN_POINT('',(49.132876346,12.440960482,-45.19149714));
#5237=CARTESIAN_POINT('',(49.127090843,12.355542764,-45.093604471));
#5238=CARTESIAN_POINT('',(49.099652017,12.270104071,-45.002160995));
#5239=CARTESIAN_POINT('',(48.449035181,13.067929445,-45.97052461));
#5240=CARTESIAN_POINT('',(48.56100195,13.049699782,-45.923079953));
#5241=CARTESIAN_POINT('',(48.664880153,13.018350458,-45.861675683));
#5242=CARTESIAN_POINT('',(48.844988325,12.932880785,-45.717721333));
#5243=CARTESIAN_POINT('',(48.921180708,12.878778293,-45.635201229));
#5244=CARTESIAN_POINT('',(49.037425173,12.753813048,-45.458181337));
#5245=CARTESIAN_POINT('',(49.077452962,12.682976351,-45.36371844));
#5246=CARTESIAN_POINT('',(49.11689192,12.532413097,-45.173315334));
#5247=CARTESIAN_POINT('',(49.116294783,12.452717906,-45.077414849));
#5248=CARTESIAN_POINT('',(49.095408025,12.373006109,-44.986112129));
#5249=CARTESIAN_POINT('',(48.4457115,13.106008437,-45.937245668));
#5250=CARTESIAN_POINT('',(48.555415731,13.086288961,-45.891863075));
#5251=CARTESIAN_POINT('',(48.657271169,13.054267507,-45.832931034));
#5252=CARTESIAN_POINT('',(48.834503064,12.96901532,-45.694201378));
#5253=CARTESIAN_POINT('',(48.909845574,12.915800933,-45.614430296));
#5254=CARTESIAN_POINT('',(49.026006067,12.793829092,-45.442515103));
#5255=CARTESIAN_POINT('',(49.066801774,12.725094988,-45.350403889));
#5256=CARTESIAN_POINT('',(49.109499411,12.579403206,-45.163622182));
#5257=CARTESIAN_POINT('',(49.111393105,12.502473401,-45.068987457));
#5258=CARTESIAN_POINT('',(49.09372623,12.425528879,-44.978118509));
#5259=CARTESIAN_POINT('',(48.438971235,13.29742644,-45.77300797));
#5260=CARTESIAN_POINT('',(48.536889134,13.271312523,-45.73687237));
#5261=CARTESIAN_POINT('',(48.628182701,13.236729054,-45.689285068));
#5262=CARTESIAN_POINT('',(48.790018615,13.153558025,-45.575035136));
#5263=CARTESIAN_POINT('',(48.860543279,13.104979843,-45.50838431));
#5264=CARTESIAN_POINT('',(48.974962953,12.99784426,-45.361431756));
#5265=CARTESIAN_POINT('',(49.018845007,12.939298332,-45.281145536));
#5266=CARTESIAN_POINT('',(49.076231715,12.817013192,-45.113515265));
#5267=CARTESIAN_POINT('',(49.089729095,12.753286755,-45.026189369));
#5268=CARTESIAN_POINT('',(49.08738269,12.68955371,-44.938960741));
#5269=CARTESIAN_POINT('',(48.464032716,13.456065584,-45.646456044));
#5270=CARTESIAN_POINT('',(48.551082402,13.428065009,-45.614604654));
#5271=CARTESIAN_POINT('',(48.632574089,13.393890995,-45.573139816));
#5272=CARTESIAN_POINT('',(48.779013704,13.315499307,-45.473741877));
#5273=CARTESIAN_POINT('',(48.843950933,13.271287399,-45.415815982));
#5274=CARTESIAN_POINT('',(48.952915011,13.175781293,-45.287356051));
#5275=CARTESIAN_POINT('',(48.996933799,13.124494036,-45.216831319));
#5276=CARTESIAN_POINT('',(49.061064712,13.018256163,-45.067876435));
#5277=CARTESIAN_POINT('',(49.081171928,12.963313225,-44.989457095));
#5278=CARTESIAN_POINT('',(49.088611026,12.908366322,-44.909705632));
#5279=CARTESIAN_POINT('',(48.529642404,13.703734489,-45.468065836));
#5280=CARTESIAN_POINT('',(48.60093878,13.676146415,-45.441293868));
#5281=CARTESIAN_POINT('',(48.668149082,13.644906969,-45.407450258));
#5282=CARTESIAN_POINT('',(48.791187623,13.576625507,-45.327235147));
#5283=CARTESIAN_POINT('',(48.847011225,13.539586077,-45.280866653));
#5284=CARTESIAN_POINT('',(48.944594915,13.461480335,-45.177818537));
#5285=CARTESIAN_POINT('',(48.986351295,13.420416958,-45.121142774));
#5286=CARTESIAN_POINT('',(49.053784239,13.336227027,-45.000190633));
#5287=CARTESIAN_POINT('',(49.079458194,13.293103622,-44.935918791));
#5288=CARTESIAN_POINT('',(49.096464345,13.249978606,-44.869385423));
#5289=CARTESIAN_POINT('',(48.556421421,13.788067145,-45.410434491));
#5290=CARTESIAN_POINT('',(48.622512072,13.761168613,-45.385105213));
#5291=CARTESIAN_POINT('',(48.684988045,13.73130667,-45.353519181));
#5292=CARTESIAN_POINT('',(48.8001002,13.666906417,-45.279154608));
#5293=CARTESIAN_POINT('',(48.852733042,13.632369975,-45.236378222));
#5294=CARTESIAN_POINT('',(48.945949758,13.560067268,-45.141423458));
#5295=CARTESIAN_POINT('',(48.986530915,13.522303095,-45.089247828));
#5296=CARTESIAN_POINT('',(49.053935348,13.445124677,-44.977677746));
#5297=CARTESIAN_POINT('',(49.080756644,13.405712663,-44.918286524));
#5298=CARTESIAN_POINT('',(49.100130095,13.366299511,-44.856528758));
#5299=CARTESIAN_POINT('',(48.616275716,13.957573764,-45.301744194));
#5300=CARTESIAN_POINT('',(48.672421575,13.932892775,-45.2790584));
#5301=CARTESIAN_POINT('',(48.7258131,13.906353898,-45.251603828));
#5302=CARTESIAN_POINT('',(48.825432375,13.850386255,-45.188009654));
#5303=CARTESIAN_POINT('',(48.871658571,13.820958364,-45.151871041));
#5304=CARTESIAN_POINT('',(48.955507182,13.760126416,-45.072029731));
#5305=CARTESIAN_POINT('',(48.993128277,13.728723303,-45.028328271));
#5306=CARTESIAN_POINT('',(49.058588591,13.664913551,-44.934715681));
#5307=CARTESIAN_POINT('',(49.086426762,13.632507897,-44.884806));
#5308=CARTESIAN_POINT('',(49.108933754,13.600101744,-44.832565195));
#5309=CARTESIAN_POINT('',(48.649476162,14.043086696,-45.250390954));
#5310=CARTESIAN_POINT('',(48.700854859,14.0199324,-45.228913777));
#5311=CARTESIAN_POINT('',(48.749870553,13.995342047,-45.203345031));
#5312=CARTESIAN_POINT('',(48.841880838,13.94393858,-45.14470153));
#5313=CARTESIAN_POINT('',(48.884874372,13.917126054,-45.11162745));
#5314=CARTESIAN_POINT('',(48.963700404,13.861986188,-45.038848378));
#5315=CARTESIAN_POINT('',(48.999531993,13.833659479,-44.99914422));
#5316=CARTESIAN_POINT('',(49.063081342,13.776238392,-44.914154349));
#5317=CARTESIAN_POINT('',(49.090798365,13.747144669,-44.868869608));
#5318=CARTESIAN_POINT('',(49.114088049,13.718050614,-44.821392299));
#5319=CARTESIAN_POINT('',(48.719172746,14.216578055,-45.154967156));
#5320=CARTESIAN_POINT('',(48.76159141,14.197113897,-45.135846568));
#5321=CARTESIAN_POINT('',(48.802334358,14.176861543,-45.113824042));
#5322=CARTESIAN_POINT('',(48.879724211,14.135150118,-45.064379463));
#5323=CARTESIAN_POINT('',(48.916370709,14.113691263,-45.036957671));
#5324=CARTESIAN_POINT('',(48.984894892,14.069957434,-44.977216065));
#5325=CARTESIAN_POINT('',(49.016772213,14.047682686,-44.944896564));
#5326=CARTESIAN_POINT('',(49.075169642,14.002721523,-44.875949171));
#5327=CARTESIAN_POINT('',(49.101689434,13.98003534,-44.839321637));
#5328=CARTESIAN_POINT('',(49.12528374,13.957349041,-44.800873734));
#5329=CARTESIAN_POINT('',(48.755814253,14.304501713,-45.110807239));
#5330=CARTESIAN_POINT('',(48.794029154,14.287200103,-45.092838681));
#5331=CARTESIAN_POINT('',(48.830864473,14.269336189,-45.072480924));
#5332=CARTESIAN_POINT('',(48.901221885,14.232750052,-45.027294345));
#5333=CARTESIAN_POINT('',(48.93474372,14.214027961,-45.00246569));
#5334=CARTESIAN_POINT('',(48.997968611,14.1760045,-44.94871131));
#5335=CARTESIAN_POINT('',(49.027671433,14.156703267,-44.919785782));
#5336=CARTESIAN_POINT('',(49.082809221,14.11780897,-44.858272565));
#5337=CARTESIAN_POINT('',(49.108243983,14.098216046,-44.8256851));
#5338=CARTESIAN_POINT('',(49.131351818,14.078623051,-44.791511282));
#5339=CARTESIAN_POINT('',(48.826274127,14.485007753,-45.033249956));
#5340=CARTESIAN_POINT('',(48.857011882,14.472545065,-45.017489508));
#5341=CARTESIAN_POINT('',(48.886851299,14.459838766,-45.000173188));
#5342=CARTESIAN_POINT('',(48.944448746,14.434057221,-44.96259541));
#5343=CARTESIAN_POINT('',(48.972206697,14.420982007,-44.942334004));
#5344=CARTESIAN_POINT('',(49.025375191,14.394583942,-44.899059731));
#5345=CARTESIAN_POINT('',(49.050785661,14.381261125,-44.876046923));
#5346=CARTESIAN_POINT('',(49.099014328,14.354491155,-44.827488834));
#5347=CARTESIAN_POINT('',(49.121832457,14.341044036,-44.801943619));
#5348=CARTESIAN_POINT('',(49.143243664,14.327596901,-44.775253386));
#5349=CARTESIAN_POINT('',(48.860608774,14.578254957,-44.999490577));
#5350=CARTESIAN_POINT('',(48.88803329,14.568490839,-44.984804287));
#5351=CARTESIAN_POINT('',(48.914745502,14.558575587,-44.96888431));
#5352=CARTESIAN_POINT('',(48.966539717,14.538516391,-44.93469989));
#5353=CARTESIAN_POINT('',(48.991621671,14.528372467,-44.91643548));
#5354=CARTESIAN_POINT('',(49.039962031,14.507931216,-44.877702973));
#5355=CARTESIAN_POINT('',(49.063220391,14.497633909,-44.857234913));
#5356=CARTESIAN_POINT('',(49.10773404,14.476962302,-44.814252633));
#5357=CARTESIAN_POINT('',(49.128989287,14.466588022,-44.791738454));
#5358=CARTESIAN_POINT('',(49.149160825,14.456213732,-44.768287742));
#5359=CARTESIAN_POINT('',(48.884364433,14.673689312,-44.97714928));
#5360=CARTESIAN_POINT('',(48.909575793,14.666786536,-44.963217415));
#5361=CARTESIAN_POINT('',(48.934190437,14.65979035,-44.948252047));
#5362=CARTESIAN_POINT('',(48.98206582,14.645656768,-44.916351873));
#5363=CARTESIAN_POINT('',(49.005326524,14.638519381,-44.89941709));
#5364=CARTESIAN_POINT('',(49.050342313,14.624149951,-44.863688534));
#5365=CARTESIAN_POINT('',(49.072097366,14.616917916,-44.844894788));
#5366=CARTESIAN_POINT('',(49.113959957,14.602406359,-44.805570881));
#5367=CARTESIAN_POINT('',(49.134067466,14.595126846,-44.785040749));
#5368=CARTESIAN_POINT('',(49.153285644,14.587847327,-44.763709361));
#5369=B_SPLINE_SURFACE_WITH_KNOTS('',3,3,((#5189,#5190,#5191,#5192,#5193,#5194,#5195,#5196,#5197,#5198),(#5199,#5200,#5201,#5202,#5203,#5204,#5205,#5206,#5207,#5208),(#5209,#5210,#5211,#5212,#5213,#5214,#5215,#5216,#5217,#5218),(#5219,#5220,#5221,#5222,#5223,#5224,#5225,#5226,#5227,#5228),(#5229,#5230,#5231,#5232,#5233,#5234,#5235,#5236,#5237,#5238),(#5239,#5240,#5241,#5242,#5243,#5244,#5245,#5246,#5247,#5248),(#5249,#5250,#5251,#5252,#5253,#5254,#5255,#5256,#5257,#5258),(#5259,#5260,#5261,#5262,#5263,#5264,#5265,#5266,#5267,#5268),(#5269,#5270,#5271,#5272,#5273,#5274,#5275,#5276,#5277,#5278),(#5279,#5280,#5281,#5282,#5283,#5284,#5285,#5286,#5287,#5288),(#5289,#5290,#5291,#5292,#5293,#5294,#5295,#5296,#5297,#5298),(#5299,#5300,#5301,#5302,#5303,#5304,#5305,#5306,#5307,#5308),(#5309,#5310,#5311,#5312,#5313,#5314,#5315,#5316,#5317,#5318),(#5319,#5320,#5321,#5322,#5323,#5324,#5325,#5326,#5327,#5328),(#5329,#5330,#5331,#5332,#5333,#5334,#5335,#5336,#5337,#5338),(#5339,#5340,#5341,#5342,#5343,#5344,#5345,#5346,#5347,#5348),(#5349,#5350,#5351,#5352,#5353,#5354,#5355,#5356,#5357,#5358),(#5359,#5360,#5361,#5362,#5363,#5364,#5365,#5366,#5367,#5368)),.UNSPECIFIED.,.F.,.F.,.U.,(4,2,2,2,2,2,2,2,4),(4,2,2,2,4),(0.,0.000407435,0.000611153,0.00081487,0.00162974,0.002037175,0.00244461,0.002852045,0.00325948),(0.,0.25,0.5,0.75,1.),.UNSPECIFIED.);
#5370=ORIENTED_EDGE('',*,*,#5183,.T.);
#5371=ORIENTED_EDGE('',*,*,#4247,.F.);
#5372=CARTESIAN_POINT('',(48.336041816,14.587847294,-44.027426449));
#5373=DIRECTION('',(0.164500194,0.969330251,0.182588473));
#5374=DIRECTION('',(0.841891586,-0.234431391,0.486066334));
#5375=AXIS2_PLACEMENT_3D('',#5372,#5373,#5374);
#5376=CIRCLE('',#5375,1.1);
#5377=EDGE_CURVE('',#3897,#4214,#5376,.T.);
#5378=ORIENTED_EDGE('',*,*,#5377,.F.);
#5379=ORIENTED_EDGE('',*,*,#3921,.F.);
#5380=EDGE_LOOP('',(#5370,#5371,#5378,#5379));
#5381=FACE_BOUND('',#5380,.T.);
#5382=ADVANCED_FACE('',(#5381),#5369,.T.);
#5383=CARTESIAN_POINT('',(49.179732144,14.9,-44.734354829));
#5384=CARTESIAN_POINT('',(49.170103203,14.9,-44.745042559));
#5385=CARTESIAN_POINT('',(49.160264577,14.9,-44.755541377));
#5386=CARTESIAN_POINT('',(49.140183099,14.9,-44.776145032));
#5387=CARTESIAN_POINT('',(49.129940247,14.9,-44.786249868));
#5388=CARTESIAN_POINT('',(49.109066079,14.9,-44.806050006));
#5389=CARTESIAN_POINT('',(49.098434765,14.9,-44.815745308));
#5390=CARTESIAN_POINT('',(49.076800035,14.9,-44.834711456));
#5391=CARTESIAN_POINT('',(49.06579662,14.9,-44.843982303));
#5392=CARTESIAN_POINT('',(49.043434624,14.9,-44.862085272));
#5393=CARTESIAN_POINT('',(49.032076044,14.9,-44.870917394));
#5394=CARTESIAN_POINT('',(49.009021199,14.9,-44.888129322));
#5395=CARTESIAN_POINT('',(48.997324935,14.9,-44.896509127));
#5396=CARTESIAN_POINT('',(48.973612724,14.9,-44.912803524));
#5397=CARTESIAN_POINT('',(48.961596777,14.9,-44.920718116));
#5398=CARTESIAN_POINT('',(48.937263693,14.9,-44.936069903));
#5399=CARTESIAN_POINT('',(48.924946557,14.9,-44.943507099));
#5400=CARTESIAN_POINT('',(48.912488304,14.9,-44.950699875));
#5401=CARTESIAN_POINT('',(49.179732144,14.795846426,-44.734354829));
#5402=CARTESIAN_POINT('',(49.170103203,14.797059674,-44.745042559));
#5403=CARTESIAN_POINT('',(49.160264577,14.798272923,-44.755541377));
#5404=CARTESIAN_POINT('',(49.140183099,14.800697552,-44.776145032));
#5405=CARTESIAN_POINT('',(49.129940247,14.801908933,-44.786249868));
#5406=CARTESIAN_POINT('',(49.109066079,14.804327964,-44.806050006));
#5407=CARTESIAN_POINT('',(49.098434765,14.805535614,-44.815745308));
#5408=CARTESIAN_POINT('',(49.076800035,14.807945322,-44.834711456));
#5409=CARTESIAN_POINT('',(49.06579662,14.809147382,-44.843982303));
#5410=CARTESIAN_POINT('',(49.043434624,14.81154406,-44.862085272));
#5411=CARTESIAN_POINT('',(49.032076044,14.812738679,-44.870917394));
#5412=CARTESIAN_POINT('',(49.009021199,14.815118638,-44.888129322));
#5413=CARTESIAN_POINT('',(48.997324935,14.816303978,-44.896509127));
#5414=CARTESIAN_POINT('',(48.973612724,14.818663555,-44.912803524));
#5415=CARTESIAN_POINT('',(48.961596777,14.819837791,-44.920718116));
#5416=CARTESIAN_POINT('',(48.937263693,14.822173355,-44.936069903));
#5417=CARTESIAN_POINT('',(48.924946557,14.823334681,-44.943507099));
#5418=CARTESIAN_POINT('',(48.912488304,14.824488659,-44.950699875));
#5419=CARTESIAN_POINT('',(49.170884485,14.691693876,-44.744175368));
#5420=CARTESIAN_POINT('',(49.161262142,14.694120374,-44.754855774));
#5421=CARTESIAN_POINT('',(49.151425929,14.696546871,-44.765343495));
#5422=CARTESIAN_POINT('',(49.131341201,14.701396132,-44.785917099));
#5423=CARTESIAN_POINT('',(49.121092687,14.703818895,-44.796002982));
#5424=CARTESIAN_POINT('',(49.100199443,14.708656958,-44.815757065));
#5425=CARTESIAN_POINT('',(49.089554713,14.711072257,-44.825425264));
#5426=CARTESIAN_POINT('',(49.067885737,14.715891673,-44.844328788));
#5427=CARTESIAN_POINT('',(49.056861493,14.718295789,-44.853564112));
#5428=CARTESIAN_POINT('',(49.034450782,14.723089138,-44.871587364));
#5429=CARTESIAN_POINT('',(49.023064316,14.72547837,-44.880375292));
#5430=CARTESIAN_POINT('',(48.999947019,14.730238269,-44.897489931));
#5431=CARTESIAN_POINT('',(48.988216189,14.732608936,-44.905816642));
#5432=CARTESIAN_POINT('',(48.964428558,14.737328052,-44.921995743));
#5433=CARTESIAN_POINT('',(48.952371758,14.7396765,-44.929848133));
#5434=CARTESIAN_POINT('',(48.927951088,14.744347556,-44.945066228));
#5435=CARTESIAN_POINT('',(48.91558722,14.746670164,-44.952431934));
#5436=CARTESIAN_POINT('',(48.903079507,14.74897806,-44.959548494));
#5437=CARTESIAN_POINT('',(49.153256628,14.587858288,-44.763741567));
#5438=CARTESIAN_POINT('',(49.143647523,14.591497935,-44.77440728));
#5439=CARTESIAN_POINT('',(49.133816173,14.595137583,-44.784872764));
#5440=CARTESIAN_POINT('',(49.113725021,14.602410941,-44.805386199));
#5441=CARTESIAN_POINT('',(49.10346522,14.606044652,-44.815434149));
#5442=CARTESIAN_POINT('',(49.082533898,14.613300207,-44.835096111));
#5443=CARTESIAN_POINT('',(49.071862378,14.616922052,-44.844710124));
#5444=CARTESIAN_POINT('',(49.050125018,14.624147968,-44.863488512));
#5445=CARTESIAN_POINT('',(49.039059179,14.627752038,-44.872652887));
#5446=CARTESIAN_POINT('',(49.016551217,14.634936522,-44.890517029));
#5447=CARTESIAN_POINT('',(49.005109096,14.638516935,-44.899216795));
#5448=CARTESIAN_POINT('',(48.981867219,14.645648261,-44.916137501));
#5449=CARTESIAN_POINT('',(48.970067463,14.649199173,-44.924358439));
#5450=CARTESIAN_POINT('',(48.946129543,14.656265696,-44.940308046));
#5451=CARTESIAN_POINT('',(48.933991379,14.659781307,-44.948036714));
#5452=CARTESIAN_POINT('',(48.909396417,14.666771486,-44.962989133));
#5453=CARTESIAN_POINT('',(48.89693962,14.670246053,-44.970212883));
#5454=CARTESIAN_POINT('',(48.884333652,14.673697259,-44.977178262));
#5455=B_SPLINE_SURFACE_WITH_KNOTS('',3,3,((#5383,#5384,#5385,#5386,#5387,#5388,#5389,#5390,#5391,#5392,#5393,#5394,#5395,#5396,#5397,#5398,#5399,#5400),(#5401,#5402,#5403,#5404,#5405,#5406,#5407,#5408,#5409,#5410,#5411,#5412,#5413,#5414,#5415,#5416,#5417,#5418),(#5419,#5420,#5421,#5422,#5423,#5424,#5425,#5426,#5427,#5428,#5429,#5430,#5431,#5432,#5433,#5434,#5435,#5436),(#5437,#5438,#5439,#5440,#5441,#5442,#5443,#5444,#5445,#5446,#5447,#5448,#5449,#5450,#5451,#5452,#5453,#5454)),.UNSPECIFIED.,.F.,.F.,.U.,(4,4),(4,2,2,2,2,2,2,2,4),(0.,0.078115181),(0.,0.125,0.25,0.375,0.5,0.625,0.75,0.875,1.),.UNSPECIFIED.);
#5456=ORIENTED_EDGE('',*,*,#5377,.T.);
#5457=ORIENTED_EDGE('',*,*,#4220,.F.);
#5458=CARTESIAN_POINT('',(48.362488304,14.9,-43.998071931));
#5459=DIRECTION('',(-0.,1.,0.));
#5460=DIRECTION('',(0.866025404,0.,0.5));
#5461=AXIS2_PLACEMENT_3D('',#5458,#5459,#5460);
#5462=CIRCLE('',#5461,1.1);
#5463=EDGE_CURVE('',#1396,#2636,#5462,.T.);
#5464=ORIENTED_EDGE('',*,*,#5463,.F.);
#5465=ORIENTED_EDGE('',*,*,#1402,.F.);
#5466=ORIENTED_EDGE('',*,*,#3967,.F.);
#5467=EDGE_LOOP('',(#5456,#5457,#5464,#5465,#5466));
#5468=FACE_BOUND('',#5467,.T.);
#5469=ADVANCED_FACE('',(#5468),#5455,.T.);
#5470=CARTESIAN_POINT('',(48.912488304,14.9,-44.950699875));
#5471=CARTESIAN_POINT('',(48.924946557,14.9,-44.943507099));
#5472=CARTESIAN_POINT('',(48.937263693,14.9,-44.936069903));
#5473=CARTESIAN_POINT('',(48.961596777,14.9,-44.920718116));
#5474=CARTESIAN_POINT('',(48.973612724,14.9,-44.912803524));
#5475=CARTESIAN_POINT('',(48.997324935,14.9,-44.896509127));
#5476=CARTESIAN_POINT('',(49.009021199,14.9,-44.888129322));
#5477=CARTESIAN_POINT('',(49.032076044,14.9,-44.870917394));
#5478=CARTESIAN_POINT('',(49.043434624,14.9,-44.862085272));
#5479=CARTESIAN_POINT('',(49.06579662,14.9,-44.843982303));
#5480=CARTESIAN_POINT('',(49.076800035,14.9,-44.834711456));
#5481=CARTESIAN_POINT('',(49.098434765,14.9,-44.815745308));
#5482=CARTESIAN_POINT('',(49.109066079,14.9,-44.806050006));
#5483=CARTESIAN_POINT('',(49.129940247,14.9,-44.786249868));
#5484=CARTESIAN_POINT('',(49.140183099,14.9,-44.776145032));
#5485=CARTESIAN_POINT('',(49.156591557,14.9,-44.759309907));
#5486=CARTESIAN_POINT('',(49.162877986,14.9,-44.752697381));
#5487=CARTESIAN_POINT('',(49.169081196,14.9,-44.746007687));
#5488=CARTESIAN_POINT('',(48.912488304,14.976339587,-44.950699875));
#5489=CARTESIAN_POINT('',(48.924946557,14.975372947,-44.943507099));
#5490=CARTESIAN_POINT('',(48.937263693,14.974400151,-44.936069903));
#5491=CARTESIAN_POINT('',(48.961596777,14.972443744,-44.920718116));
#5492=CARTESIAN_POINT('',(48.973612724,14.971460133,-44.912803524));
#5493=CARTESIAN_POINT('',(48.997324935,14.969483611,-44.896509127));
#5494=CARTESIAN_POINT('',(49.009021199,14.968490699,-44.888129322));
#5495=CARTESIAN_POINT('',(49.032076044,14.966497104,-44.870917394));
#5496=CARTESIAN_POINT('',(49.043434624,14.96549642,-44.862085272));
#5497=CARTESIAN_POINT('',(49.06579662,14.963488819,-44.843982303));
#5498=CARTESIAN_POINT('',(49.076800035,14.962481903,-44.834711456));
#5499=CARTESIAN_POINT('',(49.098434765,14.960463387,-44.815745308));
#5500=CARTESIAN_POINT('',(49.109066079,14.959451788,-44.806050006));
#5501=CARTESIAN_POINT('',(49.129940247,14.957425463,-44.786249868));
#5502=CARTESIAN_POINT('',(49.140183099,14.956410738,-44.776145032));
#5503=CARTESIAN_POINT('',(49.156591557,14.954751208,-44.759309907));
#5504=CARTESIAN_POINT('',(49.162877986,14.954106871,-44.752697381));
#5505=CARTESIAN_POINT('',(49.169081196,14.953462419,-44.746007687));
#5506=CARTESIAN_POINT('',(48.91581947,15.052678545,-44.945883416));
#5507=CARTESIAN_POINT('',(48.928312428,15.050745306,-44.938744119));
#5508=CARTESIAN_POINT('',(48.940662355,15.048799745,-44.931357086));
#5509=CARTESIAN_POINT('',(48.965056895,15.04488698,-44.916099106));
#5510=CARTESIAN_POINT('',(48.977101508,15.042919777,-44.90822816));
#5511=CARTESIAN_POINT('',(49.000866639,15.038966759,-44.892014663));
#5512=CARTESIAN_POINT('',(49.012587157,15.036980945,-44.883672113));
#5513=CARTESIAN_POINT('',(49.035685823,15.032993768,-44.86652845));
#5514=CARTESIAN_POINT('',(49.04706397,15.030992404,-44.857727338));
#5515=CARTESIAN_POINT('',(49.069460148,15.026977208,-44.839680304));
#5516=CARTESIAN_POINT('',(49.080478178,15.024963376,-44.830434383));
#5517=CARTESIAN_POINT('',(49.102136937,15.020926346,-44.811512177));
#5518=CARTESIAN_POINT('',(49.112777665,15.018903147,-44.801835892));
#5519=CARTESIAN_POINT('',(49.133665218,15.014850498,-44.782068069));
#5520=CARTESIAN_POINT('',(49.143912043,15.012821047,-44.771976532));
#5521=CARTESIAN_POINT('',(49.160322364,15.009501987,-44.755158636));
#5522=CARTESIAN_POINT('',(49.166608377,15.008213312,-44.748551688));
#5523=CARTESIAN_POINT('',(49.172810004,15.006924407,-44.74186649));
#5524=CARTESIAN_POINT('',(48.922460525,15.12885439,-44.936281261));
#5525=CARTESIAN_POINT('',(48.935022501,15.125960794,-44.929248186));
#5526=CARTESIAN_POINT('',(48.947437695,15.123047953,-44.921960876));
#5527=CARTESIAN_POINT('',(48.971954632,15.117188461,-44.906889509));
#5528=CARTESIAN_POINT('',(48.984056374,15.11424181,-44.899105453));
#5529=CARTESIAN_POINT('',(49.007927022,15.108319431,-44.883053111));
#5530=CARTESIAN_POINT('',(49.019695927,15.105343704,-44.874784826));
#5531=CARTESIAN_POINT('',(49.042882045,15.09936795,-44.857777315));
#5532=CARTESIAN_POINT('',(49.054299256,15.096367923,-44.849038089));
#5533=CARTESIAN_POINT('',(49.076763693,15.090348387,-44.831102735));
#5534=CARTESIAN_POINT('',(49.087810917,15.087328877,-44.821906608));
#5535=CARTESIAN_POINT('',(49.109517672,15.081275218,-44.803072219));
#5536=CARTESIAN_POINT('',(49.120177202,15.078241069,-44.793433958));
#5537=CARTESIAN_POINT('',(49.141091482,15.072162998,-44.773730773));
#5538=CARTESIAN_POINT('',(49.151346231,15.069119077,-44.76366585));
#5539=CARTESIAN_POINT('',(49.167760242,15.064140742,-44.746882444));
#5540=CARTESIAN_POINT('',(49.174045408,15.06220779,-44.740286666));
#5541=CARTESIAN_POINT('',(49.180243856,15.060274477,-44.733610477));
#5542=B_SPLINE_SURFACE_WITH_KNOTS('',3,3,((#5470,#5471,#5472,#5473,#5474,#5475,#5476,#5477,#5478,#5479,#5480,#5481,#5482,#5483,#5484,#5485,#5486,#5487),(#5488,#5489,#5490,#5491,#5492,#5493,#5494,#5495,#5496,#5497,#5498,#5499,#5500,#5501,#5502,#5503,#5504,#5505),(#5506,#5507,#5508,#5509,#5510,#5511,#5512,#5513,#5514,#5515,#5516,#5517,#5518,#5519,#5520,#5521,#5522,#5523),(#5524,#5525,#5526,#5527,#5528,#5529,#5530,#5531,#5532,#5533,#5534,#5535,#5536,#5537,#5538,#5539,#5540,#5541)),.UNSPECIFIED.,.F.,.F.,.U.,(4,4),(4,2,2,2,2,2,2,2,4),(0.,0.065433932),(0.,0.125,0.25,0.375,0.5,0.625,0.75,0.875,0.954273528),.UNSPECIFIED.);
#5543=ORIENTED_EDGE('',*,*,#2203,.F.);
#5544=ORIENTED_EDGE('',*,*,#1411,.F.);
#5545=ORIENTED_EDGE('',*,*,#5463,.T.);
#5546=ORIENTED_EDGE('',*,*,#2642,.F.);
#5547=EDGE_LOOP('',(#5543,#5544,#5545,#5546));
#5548=FACE_BOUND('',#5547,.T.);
#5549=ADVANCED_FACE('',(#5548),#5542,.T.);
#5550=CARTESIAN_POINT('',(49.628278846,-9.,-48.940072472));
#5551=DIRECTION('',(-0.,1.,0.));
#5552=DIRECTION('',(0.866025404,0.,0.5));
#5553=AXIS2_PLACEMENT_3D('',#5550,#5551,#5552);
#5554=CONICAL_SURFACE('',#5553,0.7,45.);
#5555=CARTESIAN_POINT('',(50.234496629,-9.,-48.590072472));
#5556=DIRECTION('',(-0.612372436,-0.707106781,-0.353553391));
#5557=VECTOR('',#5556,0.282842712);
#5558=LINE('',#5555,#5557);
#5559=EDGE_CURVE('',#1127,#1029,#5558,.T.);
#5560=ORIENTED_EDGE('',*,*,#5559,.F.);
#5561=ORIENTED_EDGE('',*,*,#1133,.F.);
#5562=ORIENTED_EDGE('',*,*,#1140,.F.);
#5563=ORIENTED_EDGE('',*,*,#5559,.T.);
#5564=ORIENTED_EDGE('',*,*,#1052,.F.);
#5565=ORIENTED_EDGE('',*,*,#1045,.F.);
#5566=EDGE_LOOP('',(#5560,#5561,#5562,#5563,#5564,#5565));
#5567=FACE_BOUND('',#5566,.T.);
#5568=ADVANCED_FACE('',(#5567),#5554,.F.);
#5569=CARTESIAN_POINT('',(49.628278846,9.2,-48.940072472));
#5570=DIRECTION('',(0.,-1.,-0.));
#5571=DIRECTION('',(-0.866025404,0.,-0.5));
#5572=AXIS2_PLACEMENT_3D('',#5569,#5570,#5571);
#5573=CONICAL_SURFACE('',#5572,0.5,45.);
#5574=CARTESIAN_POINT('',(49.022061064,9.,-49.290072472));
#5575=DIRECTION('',(0.612372436,0.707106781,0.353553391));
#5576=VECTOR('',#5575,0.282842712);
#5577=LINE('',#5574,#5576);
#5578=EDGE_CURVE('',#4093,#3996,#5577,.T.);
#5579=ORIENTED_EDGE('',*,*,#5578,.F.);
#5580=ORIENTED_EDGE('',*,*,#4099,.F.);
#5581=ORIENTED_EDGE('',*,*,#4106,.F.);
#5582=ORIENTED_EDGE('',*,*,#5578,.T.);
#5583=ORIENTED_EDGE('',*,*,#4002,.F.);
#5584=ORIENTED_EDGE('',*,*,#4009,.F.);
#5585=EDGE_LOOP('',(#5579,#5580,#5581,#5582,#5583,#5584));
#5586=FACE_BOUND('',#5585,.T.);
#5587=ADVANCED_FACE('',(#5586),#5573,.F.);
#5588=CARTESIAN_POINT('',(46.224525758,-7.5,-45.46336529));
#5589=DIRECTION('',(0.,-1.,-0.));
#5590=DIRECTION('',(-0.866025404,0.,-0.5));
#5591=AXIS2_PLACEMENT_3D('',#5588,#5589,#5590);
#5592=TOROIDAL_SURFACE('',#5591,2.4,1.5);
#5593=ORIENTED_EDGE('',*,*,#799,.F.);
#5594=ORIENTED_EDGE('',*,*,#2922,.F.);
#5595=CARTESIAN_POINT('',(47.424525758,-7.5,-47.541826259));
#5596=DIRECTION('',(-0.866025404,0.,-0.5));
#5597=DIRECTION('',(-0.5,0.,0.866025404));
#5598=AXIS2_PLACEMENT_3D('',#5595,#5596,#5597);
#5599=CIRCLE('',#5598,1.5);
#5600=EDGE_CURVE('',#1145,#1228,#5599,.T.);
#5601=ORIENTED_EDGE('',*,*,#5600,.F.);
#5602=ORIENTED_EDGE('',*,*,#1176,.F.);
#5603=EDGE_LOOP('',(#5593,#5594,#5601,#5602));
#5604=FACE_BOUND('',#5603,.T.);
#5605=ADVANCED_FACE('',(#5604),#5592,.F.);
#5606=CARTESIAN_POINT('',(50.543949262,-7.5,-45.740826259));
#5607=DIRECTION('',(-0.866025404,0.,-0.5));
#5608=DIRECTION('',(-0.5,0.,0.866025404));
#5609=AXIS2_PLACEMENT_3D('',#5606,#5607,#5608);
#5610=CYLINDRICAL_SURFACE('',#5609,1.5);
#5611=ORIENTED_EDGE('',*,*,#5600,.T.);
#5612=ORIENTED_EDGE('',*,*,#1233,.F.);
#5613=CARTESIAN_POINT('',(49.676191808,-7.5,-46.241826259));
#5614=DIRECTION('',(-0.866025404,0.,-0.5));
#5615=DIRECTION('',(-0.5,0.,0.866025404));
#5616=AXIS2_PLACEMENT_3D('',#5613,#5614,#5615);
#5617=CIRCLE('',#5616,1.5);
#5618=EDGE_CURVE('',#1147,#1195,#5617,.T.);
#5619=ORIENTED_EDGE('',*,*,#5618,.F.);
#5620=ORIENTED_EDGE('',*,*,#1152,.F.);
#5621=EDGE_LOOP('',(#5611,#5612,#5619,#5620));
#5622=FACE_BOUND('',#5621,.T.);
#5623=ADVANCED_FACE('',(#5622),#5610,.F.);
#5624=CARTESIAN_POINT('',(48.426191808,-7.5,-44.07676275));
#5625=DIRECTION('',(0.,-1.,-0.));
#5626=DIRECTION('',(-0.866025404,0.,-0.5));
#5627=AXIS2_PLACEMENT_3D('',#5624,#5625,#5626);
#5628=TOROIDAL_SURFACE('',#5627,2.5,1.5);
#5629=ORIENTED_EDGE('',*,*,#5618,.T.);
#5630=ORIENTED_EDGE('',*,*,#1201,.F.);
#5631=ORIENTED_EDGE('',*,*,#1018,.F.);
#5632=ORIENTED_EDGE('',*,*,#985,.F.);
#5633=ORIENTED_EDGE('',*,*,#916,.F.);
#5634=ORIENTED_EDGE('',*,*,#1159,.F.);
#5635=EDGE_LOOP('',(#5629,#5630,#5631,#5632,#5633,#5634));
#5636=FACE_BOUND('',#5635,.T.);
#5637=ADVANCED_FACE('',(#5636),#5628,.F.);
#5638=CARTESIAN_POINT('',(46.224525758,7.5,-45.46336529));
#5639=DIRECTION('',(-0.,1.,0.));
#5640=DIRECTION('',(0.866025404,0.,0.5));
#5641=AXIS2_PLACEMENT_3D('',#5638,#5639,#5640);
#5642=TOROIDAL_SURFACE('',#5641,2.4,1.5);
#5643=ORIENTED_EDGE('',*,*,#3781,.F.);
#5644=ORIENTED_EDGE('',*,*,#4133,.F.);
#5645=CARTESIAN_POINT('',(47.424525758,7.5,-47.541826259));
#5646=DIRECTION('',(-0.866025404,0.,-0.5));
#5647=DIRECTION('',(-0.5,0.,0.866025404));
#5648=AXIS2_PLACEMENT_3D('',#5645,#5646,#5647);
#5649=CIRCLE('',#5648,1.5);
#5650=EDGE_CURVE('',#1236,#4121,#5649,.T.);
#5651=ORIENTED_EDGE('',*,*,#5650,.F.);
#5652=ORIENTED_EDGE('',*,*,#2964,.F.);
#5653=EDGE_LOOP('',(#5643,#5644,#5651,#5652));
#5654=FACE_BOUND('',#5653,.T.);
#5655=ADVANCED_FACE('',(#5654),#5642,.F.);
#5656=CARTESIAN_POINT('',(48.810166404,7.5,-46.741826259));
#5657=DIRECTION('',(-0.866025404,0.,-0.5));
#5658=DIRECTION('',(-0.5,0.,0.866025404));
#5659=AXIS2_PLACEMENT_3D('',#5656,#5657,#5658);
#5660=CYLINDRICAL_SURFACE('',#5659,1.5);
#5661=ORIENTED_EDGE('',*,*,#5650,.T.);
#5662=ORIENTED_EDGE('',*,*,#4126,.F.);
#5663=CARTESIAN_POINT('',(49.676191808,7.5,-46.241826259));
#5664=DIRECTION('',(-0.866025404,0.,-0.5));
#5665=DIRECTION('',(-0.5,0.,0.866025404));
#5666=AXIS2_PLACEMENT_3D('',#5663,#5664,#5665);
#5667=CIRCLE('',#5666,1.5);
#5668=EDGE_CURVE('',#1204,#4112,#5667,.T.);
#5669=ORIENTED_EDGE('',*,*,#5668,.F.);
#5670=ORIENTED_EDGE('',*,*,#1247,.F.);
#5671=EDGE_LOOP('',(#5661,#5662,#5669,#5670));
#5672=FACE_BOUND('',#5671,.T.);
#5673=ADVANCED_FACE('',(#5672),#5660,.F.);
#5674=CARTESIAN_POINT('',(48.426191808,7.5,-44.07676275));
#5675=DIRECTION('',(-0.,1.,0.));
#5676=DIRECTION('',(0.866025404,0.,0.5));
#5677=AXIS2_PLACEMENT_3D('',#5674,#5675,#5676);
#5678=TOROIDAL_SURFACE('',#5677,2.5,1.5);
#5679=ORIENTED_EDGE('',*,*,#5668,.T.);
#5680=ORIENTED_EDGE('',*,*,#4118,.F.);
#5681=ORIENTED_EDGE('',*,*,#3879,.F.);
#5682=ORIENTED_EDGE('',*,*,#3951,.F.);
#5683=ORIENTED_EDGE('',*,*,#3975,.F.);
#5684=ORIENTED_EDGE('',*,*,#1216,.F.);
#5685=EDGE_LOOP('',(#5679,#5680,#5681,#5682,#5683,#5684));
#5686=FACE_BOUND('',#5685,.T.);
#5687=ADVANCED_FACE('',(#5686),#5678,.F.);
#5688=CARTESIAN_POINT('',(11.835640646,-17.9,17.299930939));
#5689=DIRECTION('',(0.,1.,0.));
#5690=DIRECTION('',(0.5,0.,-0.866025404));
#5691=AXIS2_PLACEMENT_3D('',#5688,#5689,#5690);
#5692=PLANE('',#5691);
#5693=ORIENTED_EDGE('',*,*,#2350,.T.);
#5694=CARTESIAN_POINT('',(44.274525758,-17.9,-42.085866215));
#5695=VERTEX_POINT('',#5694);
#5696=CARTESIAN_POINT('',(39.558287939,-17.9,-33.917102693));
#5697=DIRECTION('',(0.5,0.,-0.866025404));
#5698=VECTOR('',#5697,9.432475638);
#5699=LINE('',#5696,#5698);
#5700=EDGE_CURVE('',#2336,#5695,#5699,.T.);
#5701=ORIENTED_EDGE('',*,*,#5700,.T.);
#5702=CARTESIAN_POINT('',(46.526191808,-17.9,-40.785866215));
#5703=VERTEX_POINT('',#5702);
#5704=CARTESIAN_POINT('',(45.400358783,-17.9,-41.435866215));
#5705=DIRECTION('',(0.,-1.,-0.));
#5706=DIRECTION('',(-0.866025404,0.,-0.5));
#5707=AXIS2_PLACEMENT_3D('',#5704,#5705,#5706);
#5708=CIRCLE('',#5707,1.3);
#5709=EDGE_CURVE('',#5695,#5703,#5708,.T.);
#5710=ORIENTED_EDGE('',*,*,#5709,.T.);
#5711=CARTESIAN_POINT('',(42.711341808,-17.9,-34.178352192));
#5712=VERTEX_POINT('',#5711);
#5713=CARTESIAN_POINT('',(46.526191808,-17.9,-40.785866215));
#5714=DIRECTION('',(-0.5,0.,0.866025404));
#5715=VECTOR('',#5714,7.6297);
#5716=LINE('',#5713,#5715);
#5717=EDGE_CURVE('',#5703,#5712,#5716,.T.);
#5718=ORIENTED_EDGE('',*,*,#5717,.T.);
#5719=CARTESIAN_POINT('',(41.994801009,-17.9,-34.592047215));
#5720=VERTEX_POINT('',#5719);
#5721=CARTESIAN_POINT('',(42.353071408,-17.9,-34.385199704));
#5722=DIRECTION('',(0.,-1.,-0.));
#5723=DIRECTION('',(-0.866025404,0.,-0.5));
#5724=AXIS2_PLACEMENT_3D('',#5721,#5722,#5723);
#5725=CIRCLE('',#5724,0.413695023);
#5726=EDGE_CURVE('',#5712,#5720,#5725,.T.);
#5727=ORIENTED_EDGE('',*,*,#5726,.T.);
#5728=CARTESIAN_POINT('',(42.140213819,-17.9,-34.739932306));
#5729=VERTEX_POINT('',#5728);
#5730=CARTESIAN_POINT('',(42.353071408,-17.9,-34.385199704));
#5731=DIRECTION('',(0.,-1.,-0.));
#5732=DIRECTION('',(-0.866025404,0.,-0.5));
#5733=AXIS2_PLACEMENT_3D('',#5730,#5731,#5732);
#5734=CIRCLE('',#5733,0.413695023);
#5735=EDGE_CURVE('',#5720,#5729,#5734,.T.);
#5736=ORIENTED_EDGE('',*,*,#5735,.T.);
#5737=CARTESIAN_POINT('',(42.351112383,-17.9,-34.954416526));
#5738=VERTEX_POINT('',#5737);
#5739=CARTESIAN_POINT('',(41.83149714,-17.9,-35.254416526));
#5740=DIRECTION('',(0.,-1.,-0.));
#5741=DIRECTION('',(-0.866025404,0.,-0.5));
#5742=AXIS2_PLACEMENT_3D('',#5739,#5740,#5741);
#5743=CIRCLE('',#5742,0.6);
#5744=EDGE_CURVE('',#5738,#5729,#5743,.T.);
#5745=ORIENTED_EDGE('',*,*,#5744,.F.);
#5746=CARTESIAN_POINT('',(41.361162234,-17.9,-34.881877835));
#5747=VERTEX_POINT('',#5746);
#5748=CARTESIAN_POINT('',(41.83149714,-17.9,-35.254416526));
#5749=DIRECTION('',(0.,-1.,-0.));
#5750=DIRECTION('',(-0.866025404,0.,-0.5));
#5751=AXIS2_PLACEMENT_3D('',#5748,#5749,#5750);
#5752=CIRCLE('',#5751,0.6);
#5753=EDGE_CURVE('',#5747,#5738,#5752,.T.);
#5754=ORIENTED_EDGE('',*,*,#5753,.F.);
#5755=CARTESIAN_POINT('',(41.389909097,-17.9,-34.489563599));
#5756=VERTEX_POINT('',#5755);
#5757=CARTESIAN_POINT('',(41.086800206,-17.9,-34.664563599));
#5758=DIRECTION('',(-0.,1.,0.));
#5759=DIRECTION('',(0.866025404,0.,0.5));
#5760=AXIS2_PLACEMENT_3D('',#5757,#5758,#5759);
#5761=CIRCLE('',#5760,0.35);
#5762=EDGE_CURVE('',#5756,#5747,#5761,.T.);
#5763=ORIENTED_EDGE('',*,*,#5762,.F.);
#5764=CARTESIAN_POINT('',(41.381882652,-17.9,-34.475661388));
#5765=VERTEX_POINT('',#5764);
#5766=CARTESIAN_POINT('',(41.381882652,-17.9,-34.475661388));
#5767=DIRECTION('',(0.5,0.,-0.866025404));
#5768=VECTOR('',#5767,0.01605289);
#5769=LINE('',#5766,#5768);
#5770=EDGE_CURVE('',#5765,#5756,#5769,.T.);
#5771=ORIENTED_EDGE('',*,*,#5770,.F.);
#5772=CARTESIAN_POINT('',(41.027755126,-17.9,-34.304399783));
#5773=VERTEX_POINT('',#5772);
#5774=CARTESIAN_POINT('',(41.078773761,-17.9,-34.650661388));
#5775=DIRECTION('',(-0.,1.,0.));
#5776=DIRECTION('',(0.866025404,0.,0.5));
#5777=AXIS2_PLACEMENT_3D('',#5774,#5775,#5776);
#5778=CIRCLE('',#5777,0.35);
#5779=EDGE_CURVE('',#5773,#5765,#5778,.T.);
#5780=ORIENTED_EDGE('',*,*,#5779,.F.);
#5781=CARTESIAN_POINT('',(40.940294609,-17.9,-33.710808461));
#5782=DIRECTION('',(0.,-1.,-0.));
#5783=DIRECTION('',(-0.866025404,0.,-0.5));
#5784=AXIS2_PLACEMENT_3D('',#5781,#5782,#5783);
#5785=CIRCLE('',#5784,0.6);
#5786=EDGE_CURVE('',#2345,#5773,#5785,.T.);
#5787=ORIENTED_EDGE('',*,*,#5786,.F.);
#5788=EDGE_LOOP('',(#5693,#5701,#5710,#5718,#5727,#5736,#5745,#5754,#5763,#5771,#5780,#5787));
#5789=FACE_BOUND('',#5788,.T.);
#5790=CARTESIAN_POINT('',(45.915922509,-17.9,-41.128848784));
#5791=VERTEX_POINT('',#5790);
#5792=CARTESIAN_POINT('',(44.876692025,-17.9,-41.728848784));
#5793=VERTEX_POINT('',#5792);
#5794=CARTESIAN_POINT('',(45.396307267,-17.9,-41.428848784));
#5795=DIRECTION('',(0.,-1.,-0.));
#5796=DIRECTION('',(-0.866025404,0.,-0.5));
#5797=AXIS2_PLACEMENT_3D('',#5794,#5795,#5796);
#5798=CIRCLE('',#5797,0.6);
#5799=EDGE_CURVE('',#5791,#5793,#5798,.T.);
#5800=ORIENTED_EDGE('',*,*,#5799,.F.);
#5801=CARTESIAN_POINT('',(45.396307267,-17.9,-41.428848784));
#5802=DIRECTION('',(0.,-1.,-0.));
#5803=DIRECTION('',(-0.866025404,0.,-0.5));
#5804=AXIS2_PLACEMENT_3D('',#5801,#5802,#5803);
#5805=CIRCLE('',#5804,0.6);
#5806=EDGE_CURVE('',#5793,#5791,#5805,.T.);
#5807=ORIENTED_EDGE('',*,*,#5806,.F.);
#5808=EDGE_LOOP('',(#5800,#5807));
#5809=FACE_BOUND('',#5808,.T.);
#5810=CARTESIAN_POINT('',(45.024719978,-17.9,-39.58524072));
#5811=VERTEX_POINT('',#5810);
#5812=CARTESIAN_POINT('',(43.985489493,-17.9,-40.18524072));
#5813=VERTEX_POINT('',#5812);
#5814=CARTESIAN_POINT('',(44.505104735,-17.9,-39.88524072));
#5815=DIRECTION('',(0.,-1.,-0.));
#5816=DIRECTION('',(-0.866025404,0.,-0.5));
#5817=AXIS2_PLACEMENT_3D('',#5814,#5815,#5816);
#5818=CIRCLE('',#5817,0.6);
#5819=EDGE_CURVE('',#5811,#5813,#5818,.T.);
#5820=ORIENTED_EDGE('',*,*,#5819,.F.);
#5821=CARTESIAN_POINT('',(44.505104735,-17.9,-39.88524072));
#5822=DIRECTION('',(0.,-1.,-0.));
#5823=DIRECTION('',(-0.866025404,0.,-0.5));
#5824=AXIS2_PLACEMENT_3D('',#5821,#5822,#5823);
#5825=CIRCLE('',#5824,0.6);
#5826=EDGE_CURVE('',#5813,#5811,#5825,.T.);
#5827=ORIENTED_EDGE('',*,*,#5826,.F.);
#5828=EDGE_LOOP('',(#5820,#5827));
#5829=FACE_BOUND('',#5828,.T.);
#5830=CARTESIAN_POINT('',(44.133517446,-17.9,-38.041632655));
#5831=VERTEX_POINT('',#5830);
#5832=CARTESIAN_POINT('',(43.094286961,-17.9,-38.641632655));
#5833=VERTEX_POINT('',#5832);
#5834=CARTESIAN_POINT('',(43.613902204,-17.9,-38.341632655));
#5835=DIRECTION('',(0.,-1.,-0.));
#5836=DIRECTION('',(-0.866025404,0.,-0.5));
#5837=AXIS2_PLACEMENT_3D('',#5834,#5835,#5836);
#5838=CIRCLE('',#5837,0.6);
#5839=EDGE_CURVE('',#5831,#5833,#5838,.T.);
#5840=ORIENTED_EDGE('',*,*,#5839,.F.);
#5841=CARTESIAN_POINT('',(43.613902204,-17.9,-38.341632655));
#5842=DIRECTION('',(0.,-1.,-0.));
#5843=DIRECTION('',(-0.866025404,0.,-0.5));
#5844=AXIS2_PLACEMENT_3D('',#5841,#5842,#5843);
#5845=CIRCLE('',#5844,0.6);
#5846=EDGE_CURVE('',#5833,#5831,#5845,.T.);
#5847=ORIENTED_EDGE('',*,*,#5846,.F.);
#5848=EDGE_LOOP('',(#5840,#5847));
#5849=FACE_BOUND('',#5848,.T.);
#5850=CARTESIAN_POINT('',(43.242314914,-17.9,-36.49802459));
#5851=VERTEX_POINT('',#5850);
#5852=CARTESIAN_POINT('',(42.20308443,-17.9,-37.09802459));
#5853=VERTEX_POINT('',#5852);
#5854=CARTESIAN_POINT('',(42.722699672,-17.9,-36.79802459));
#5855=DIRECTION('',(0.,-1.,-0.));
#5856=DIRECTION('',(-0.866025404,0.,-0.5));
#5857=AXIS2_PLACEMENT_3D('',#5854,#5855,#5856);
#5858=CIRCLE('',#5857,0.6);
#5859=EDGE_CURVE('',#5851,#5853,#5858,.T.);
#5860=ORIENTED_EDGE('',*,*,#5859,.F.);
#5861=CARTESIAN_POINT('',(42.722699672,-17.9,-36.79802459));
#5862=DIRECTION('',(0.,-1.,-0.));
#5863=DIRECTION('',(-0.866025404,0.,-0.5));
#5864=AXIS2_PLACEMENT_3D('',#5861,#5862,#5863);
#5865=CIRCLE('',#5864,0.6);
#5866=EDGE_CURVE('',#5853,#5851,#5865,.T.);
#5867=ORIENTED_EDGE('',*,*,#5866,.F.);
#5868=EDGE_LOOP('',(#5860,#5867));
#5869=FACE_BOUND('',#5868,.T.);
#5870=ADVANCED_FACE('',(#5789,#5809,#5829,#5849,#5869),#5692,.F.);
#5871=CARTESIAN_POINT('',(40.940294609,-18.9,-33.710808461));
#5872=DIRECTION('',(-0.,1.,0.));
#5873=DIRECTION('',(0.866025404,0.,0.5));
#5874=AXIS2_PLACEMENT_3D('',#5871,#5872,#5873);
#5875=CYLINDRICAL_SURFACE('',#5874,0.6);
#5876=ORIENTED_EDGE('',*,*,#2377,.T.);
#5877=ORIENTED_EDGE('',*,*,#5786,.T.);
#5878=CARTESIAN_POINT('',(41.027755126,-18.322462417,-34.304399783));
#5879=DIRECTION('',(0.,1.,0.));
#5880=VECTOR('',#5879,0.422462417);
#5881=LINE('',#5878,#5880);
#5882=EDGE_CURVE('',#2353,#5773,#5881,.T.);
#5883=ORIENTED_EDGE('',*,*,#5882,.F.);
#5884=EDGE_LOOP('',(#5876,#5877,#5883));
#5885=FACE_BOUND('',#5884,.T.);
#5886=ADVANCED_FACE('',(#5885),#5875,.T.);
#5887=CARTESIAN_POINT('',(41.83149714,-18.9,-35.254416526));
#5888=DIRECTION('',(-0.,1.,0.));
#5889=DIRECTION('',(0.866025404,0.,0.5));
#5890=AXIS2_PLACEMENT_3D('',#5887,#5888,#5889);
#5891=CYLINDRICAL_SURFACE('',#5890,0.6);
#5892=CARTESIAN_POINT('',(42.351112383,-17.9,-34.954416526));
#5893=DIRECTION('',(-0.,-1.,-0.));
#5894=VECTOR('',#5893,0.5);
#5895=LINE('',#5892,#5894);
#5896=EDGE_CURVE('',#5738,#2266,#5895,.T.);
#5897=ORIENTED_EDGE('',*,*,#5896,.T.);
#5898=ORIENTED_EDGE('',*,*,#2274,.T.);
#5899=ORIENTED_EDGE('',*,*,#2417,.T.);
#5900=CARTESIAN_POINT('',(41.361162234,-17.9,-34.881877835));
#5901=DIRECTION('',(-0.,-1.,-0.));
#5902=VECTOR('',#5901,0.499381074);
#5903=LINE('',#5900,#5902);
#5904=EDGE_CURVE('',#5747,#2401,#5903,.T.);
#5905=ORIENTED_EDGE('',*,*,#5904,.F.);
#5906=ORIENTED_EDGE('',*,*,#5753,.T.);
#5907=EDGE_LOOP('',(#5897,#5898,#5899,#5905,#5906));
#5908=FACE_BOUND('',#5907,.T.);
#5909=ADVANCED_FACE('',(#5908),#5891,.T.);
#5910=CARTESIAN_POINT('',(45.400358783,-18.9,-41.435866215));
#5911=DIRECTION('',(-0.,1.,0.));
#5912=DIRECTION('',(0.866025404,0.,0.5));
#5913=AXIS2_PLACEMENT_3D('',#5910,#5911,#5912);
#5914=CYLINDRICAL_SURFACE('',#5913,1.3);
#5915=CARTESIAN_POINT('',(46.526191808,-18.4,-40.785866215));
#5916=DIRECTION('',(0.,1.,0.));
#5917=VECTOR('',#5916,0.5);
#5918=LINE('',#5915,#5917);
#5919=EDGE_CURVE('',#695,#5703,#5918,.T.);
#5920=ORIENTED_EDGE('',*,*,#5919,.T.);
#5921=ORIENTED_EDGE('',*,*,#5709,.F.);
#5922=CARTESIAN_POINT('',(44.274525758,-18.4,-42.085866215));
#5923=DIRECTION('',(0.,1.,0.));
#5924=VECTOR('',#5923,0.5);
#5925=LINE('',#5922,#5924);
#5926=EDGE_CURVE('',#734,#5695,#5925,.T.);
#5927=ORIENTED_EDGE('',*,*,#5926,.F.);
#5928=ORIENTED_EDGE('',*,*,#740,.F.);
#5929=ORIENTED_EDGE('',*,*,#709,.F.);
#5930=EDGE_LOOP('',(#5920,#5921,#5927,#5928,#5929));
#5931=FACE_BOUND('',#5930,.T.);
#5932=ADVANCED_FACE('',(#5931),#5914,.F.);
#5933=CARTESIAN_POINT('',(12.11287855,-18.9,18.819740804));
#5934=DIRECTION('',(-0.866025404,0.,-0.5));
#5935=DIRECTION('',(-0.5,0.,0.866025404));
#5936=AXIS2_PLACEMENT_3D('',#5933,#5934,#5935);
#5937=PLANE('',#5936);
#5938=CARTESIAN_POINT('',(42.711341808,-17.9,-34.178352192));
#5939=DIRECTION('',(0.,-1.,0.));
#5940=VECTOR('',#5939,0.5);
#5941=LINE('',#5938,#5940);
#5942=EDGE_CURVE('',#5712,#2015,#5941,.T.);
#5943=ORIENTED_EDGE('',*,*,#5942,.F.);
#5944=ORIENTED_EDGE('',*,*,#5717,.F.);
#5945=ORIENTED_EDGE('',*,*,#5919,.F.);
#5946=ORIENTED_EDGE('',*,*,#2093,.F.);
#5947=EDGE_LOOP('',(#5943,#5944,#5945,#5946));
#5948=FACE_BOUND('',#5947,.T.);
#5949=ADVANCED_FACE('',(#5948),#5937,.T.);
#5950=CARTESIAN_POINT('',(42.722699672,-18.9,-36.79802459));
#5951=DIRECTION('',(-0.,1.,0.));
#5952=DIRECTION('',(0.866025404,0.,0.5));
#5953=AXIS2_PLACEMENT_3D('',#5950,#5951,#5952);
#5954=CYLINDRICAL_SURFACE('',#5953,0.6);
#5955=CARTESIAN_POINT('',(43.242314914,-18.4,-36.49802459));
#5956=VERTEX_POINT('',#5955);
#5957=CARTESIAN_POINT('',(43.242314914,-17.9,-36.49802459));
#5958=DIRECTION('',(-0.,-1.,-0.));
#5959=VECTOR('',#5958,0.5);
#5960=LINE('',#5957,#5959);
#5961=EDGE_CURVE('',#5851,#5956,#5960,.T.);
#5962=ORIENTED_EDGE('',*,*,#5961,.T.);
#5963=CARTESIAN_POINT('',(42.20308443,-18.4,-37.09802459));
#5964=VERTEX_POINT('',#5963);
#5965=CARTESIAN_POINT('',(42.722699672,-18.4,-36.79802459));
#5966=DIRECTION('',(-0.,1.,0.));
#5967=DIRECTION('',(-0.866025404,0.,-0.5));
#5968=AXIS2_PLACEMENT_3D('',#5965,#5966,#5967);
#5969=CIRCLE('',#5968,0.6);
#5970=EDGE_CURVE('',#5956,#5964,#5969,.T.);
#5971=ORIENTED_EDGE('',*,*,#5970,.T.);
#5972=CARTESIAN_POINT('',(42.722699672,-18.4,-36.79802459));
#5973=DIRECTION('',(-0.,1.,0.));
#5974=DIRECTION('',(-0.866025404,0.,-0.5));
#5975=AXIS2_PLACEMENT_3D('',#5972,#5973,#5974);
#5976=CIRCLE('',#5975,0.6);
#5977=EDGE_CURVE('',#5964,#5956,#5976,.T.);
#5978=ORIENTED_EDGE('',*,*,#5977,.T.);
#5979=ORIENTED_EDGE('',*,*,#5961,.F.);
#5980=ORIENTED_EDGE('',*,*,#5859,.T.);
#5981=ORIENTED_EDGE('',*,*,#5866,.T.);
#5982=EDGE_LOOP('',(#5962,#5971,#5978,#5979,#5980,#5981));
#5983=FACE_BOUND('',#5982,.T.);
#5984=ADVANCED_FACE('',(#5983),#5954,.T.);
#5985=CARTESIAN_POINT('',(43.613902204,-18.9,-38.341632655));
#5986=DIRECTION('',(-0.,1.,0.));
#5987=DIRECTION('',(0.866025404,0.,0.5));
#5988=AXIS2_PLACEMENT_3D('',#5985,#5986,#5987);
#5989=CYLINDRICAL_SURFACE('',#5988,0.6);
#5990=CARTESIAN_POINT('',(44.133517446,-18.4,-38.041632655));
#5991=VERTEX_POINT('',#5990);
#5992=CARTESIAN_POINT('',(44.133517446,-17.9,-38.041632655));
#5993=DIRECTION('',(-0.,-1.,-0.));
#5994=VECTOR('',#5993,0.5);
#5995=LINE('',#5992,#5994);
#5996=EDGE_CURVE('',#5831,#5991,#5995,.T.);
#5997=ORIENTED_EDGE('',*,*,#5996,.T.);
#5998=CARTESIAN_POINT('',(43.094286961,-18.4,-38.641632655));
#5999=VERTEX_POINT('',#5998);
#6000=CARTESIAN_POINT('',(43.613902204,-18.4,-38.341632655));
#6001=DIRECTION('',(-0.,1.,0.));
#6002=DIRECTION('',(-0.866025404,0.,-0.5));
#6003=AXIS2_PLACEMENT_3D('',#6000,#6001,#6002);
#6004=CIRCLE('',#6003,0.6);
#6005=EDGE_CURVE('',#5991,#5999,#6004,.T.);
#6006=ORIENTED_EDGE('',*,*,#6005,.T.);
#6007=CARTESIAN_POINT('',(43.613902204,-18.4,-38.341632655));
#6008=DIRECTION('',(-0.,1.,0.));
#6009=DIRECTION('',(-0.866025404,0.,-0.5));
#6010=AXIS2_PLACEMENT_3D('',#6007,#6008,#6009);
#6011=CIRCLE('',#6010,0.6);
#6012=EDGE_CURVE('',#5999,#5991,#6011,.T.);
#6013=ORIENTED_EDGE('',*,*,#6012,.T.);
#6014=ORIENTED_EDGE('',*,*,#5996,.F.);
#6015=ORIENTED_EDGE('',*,*,#5839,.T.);
#6016=ORIENTED_EDGE('',*,*,#5846,.T.);
#6017=EDGE_LOOP('',(#5997,#6006,#6013,#6014,#6015,#6016));
#6018=FACE_BOUND('',#6017,.T.);
#6019=ADVANCED_FACE('',(#6018),#5989,.T.);
#6020=CARTESIAN_POINT('',(44.505104735,-18.9,-39.88524072));
#6021=DIRECTION('',(-0.,1.,0.));
#6022=DIRECTION('',(0.866025404,0.,0.5));
#6023=AXIS2_PLACEMENT_3D('',#6020,#6021,#6022);
#6024=CYLINDRICAL_SURFACE('',#6023,0.6);
#6025=CARTESIAN_POINT('',(45.024719978,-18.4,-39.58524072));
#6026=VERTEX_POINT('',#6025);
#6027=CARTESIAN_POINT('',(45.024719978,-17.9,-39.58524072));
#6028=DIRECTION('',(-0.,-1.,-0.));
#6029=VECTOR('',#6028,0.5);
#6030=LINE('',#6027,#6029);
#6031=EDGE_CURVE('',#5811,#6026,#6030,.T.);
#6032=ORIENTED_EDGE('',*,*,#6031,.T.);
#6033=CARTESIAN_POINT('',(43.985489493,-18.4,-40.18524072));
#6034=VERTEX_POINT('',#6033);
#6035=CARTESIAN_POINT('',(44.505104735,-18.4,-39.88524072));
#6036=DIRECTION('',(-0.,1.,0.));
#6037=DIRECTION('',(-0.866025404,0.,-0.5));
#6038=AXIS2_PLACEMENT_3D('',#6035,#6036,#6037);
#6039=CIRCLE('',#6038,0.6);
#6040=EDGE_CURVE('',#6026,#6034,#6039,.T.);
#6041=ORIENTED_EDGE('',*,*,#6040,.T.);
#6042=CARTESIAN_POINT('',(44.505104735,-18.4,-39.88524072));
#6043=DIRECTION('',(-0.,1.,0.));
#6044=DIRECTION('',(-0.866025404,0.,-0.5));
#6045=AXIS2_PLACEMENT_3D('',#6042,#6043,#6044);
#6046=CIRCLE('',#6045,0.6);
#6047=EDGE_CURVE('',#6034,#6026,#6046,.T.);
#6048=ORIENTED_EDGE('',*,*,#6047,.T.);
#6049=ORIENTED_EDGE('',*,*,#6031,.F.);
#6050=ORIENTED_EDGE('',*,*,#5819,.T.);
#6051=ORIENTED_EDGE('',*,*,#5826,.T.);
#6052=EDGE_LOOP('',(#6032,#6041,#6048,#6049,#6050,#6051));
#6053=FACE_BOUND('',#6052,.T.);
#6054=ADVANCED_FACE('',(#6053),#6024,.T.);
#6055=CARTESIAN_POINT('',(45.396307267,-18.9,-41.428848784));
#6056=DIRECTION('',(-0.,1.,0.));
#6057=DIRECTION('',(0.866025404,0.,0.5));
#6058=AXIS2_PLACEMENT_3D('',#6055,#6056,#6057);
#6059=CYLINDRICAL_SURFACE('',#6058,0.6);
#6060=CARTESIAN_POINT('',(45.915922509,-18.4,-41.128848784));
#6061=VERTEX_POINT('',#6060);
#6062=CARTESIAN_POINT('',(45.915922509,-17.9,-41.128848784));
#6063=DIRECTION('',(-0.,-1.,-0.));
#6064=VECTOR('',#6063,0.5);
#6065=LINE('',#6062,#6064);
#6066=EDGE_CURVE('',#5791,#6061,#6065,.T.);
#6067=ORIENTED_EDGE('',*,*,#6066,.T.);
#6068=CARTESIAN_POINT('',(44.876692025,-18.4,-41.728848784));
#6069=VERTEX_POINT('',#6068);
#6070=CARTESIAN_POINT('',(45.396307267,-18.4,-41.428848784));
#6071=DIRECTION('',(-0.,1.,0.));
#6072=DIRECTION('',(-0.866025404,0.,-0.5));
#6073=AXIS2_PLACEMENT_3D('',#6070,#6071,#6072);
#6074=CIRCLE('',#6073,0.6);
#6075=EDGE_CURVE('',#6061,#6069,#6074,.T.);
#6076=ORIENTED_EDGE('',*,*,#6075,.T.);
#6077=CARTESIAN_POINT('',(45.396307267,-18.4,-41.428848784));
#6078=DIRECTION('',(-0.,1.,0.));
#6079=DIRECTION('',(-0.866025404,0.,-0.5));
#6080=AXIS2_PLACEMENT_3D('',#6077,#6078,#6079);
#6081=CIRCLE('',#6080,0.6);
#6082=EDGE_CURVE('',#6069,#6061,#6081,.T.);
#6083=ORIENTED_EDGE('',*,*,#6082,.T.);
#6084=ORIENTED_EDGE('',*,*,#6066,.F.);
#6085=ORIENTED_EDGE('',*,*,#5799,.T.);
#6086=ORIENTED_EDGE('',*,*,#5806,.T.);
#6087=EDGE_LOOP('',(#6067,#6076,#6083,#6084,#6085,#6086));
#6088=FACE_BOUND('',#6087,.T.);
#6089=ADVANCED_FACE('',(#6088),#6059,.T.);
#6090=CARTESIAN_POINT('',(9.07,-18.9,18.890161054));
#6091=DIRECTION('',(0.866025404,0.,0.5));
#6092=DIRECTION('',(0.5,0.,-0.866025404));
#6093=AXIS2_PLACEMENT_3D('',#6090,#6091,#6092);
#6094=PLANE('',#6093);
#6095=ORIENTED_EDGE('',*,*,#2800,.T.);
#6096=ORIENTED_EDGE('',*,*,#5926,.T.);
#6097=ORIENTED_EDGE('',*,*,#5700,.F.);
#6098=ORIENTED_EDGE('',*,*,#2737,.F.);
#6099=EDGE_LOOP('',(#6095,#6096,#6097,#6098));
#6100=FACE_BOUND('',#6099,.T.);
#6101=ADVANCED_FACE('',(#6100),#6094,.T.);
#6102=CARTESIAN_POINT('',(42.353071408,-17.9,-34.385199704));
#6103=DIRECTION('',(0.,-1.,-0.));
#6104=DIRECTION('',(-0.866025404,0.,-0.5));
#6105=AXIS2_PLACEMENT_3D('',#6102,#6103,#6104);
#6106=CYLINDRICAL_SURFACE('',#6105,0.413695023);
#6107=CARTESIAN_POINT('',(41.994801009,-18.4,-34.592047215));
#6108=DIRECTION('',(-0.,1.,-0.));
#6109=VECTOR('',#6108,0.5);
#6110=LINE('',#6107,#6109);
#6111=EDGE_CURVE('',#2286,#5720,#6110,.T.);
#6112=ORIENTED_EDGE('',*,*,#6111,.F.);
#6113=ORIENTED_EDGE('',*,*,#2292,.T.);
#6114=CARTESIAN_POINT('',(42.140213819,-17.9,-34.739932306));
#6115=DIRECTION('',(0.,-1.,0.));
#6116=VECTOR('',#6115,0.5);
#6117=LINE('',#6114,#6116);
#6118=EDGE_CURVE('',#5729,#2277,#6117,.T.);
#6119=ORIENTED_EDGE('',*,*,#6118,.F.);
#6120=ORIENTED_EDGE('',*,*,#5735,.F.);
#6121=EDGE_LOOP('',(#6112,#6113,#6119,#6120));
#6122=FACE_BOUND('',#6121,.T.);
#6123=ADVANCED_FACE('',(#6122),#6106,.F.);
#6124=CARTESIAN_POINT('',(41.385895875,-17.9,-34.482612493));
#6125=DIRECTION('',(-0.866025404,0.,-0.5));
#6126=DIRECTION('',(-0.5,0.,0.866025404));
#6127=AXIS2_PLACEMENT_3D('',#6124,#6125,#6126);
#6128=PLANE('',#6127);
#6129=CARTESIAN_POINT('',(41.381882652,-17.9,-34.475661388));
#6130=DIRECTION('',(0.,-1.,0.));
#6131=VECTOR('',#6130,0.476225769);
#6132=LINE('',#6129,#6131);
#6133=EDGE_CURVE('',#5765,#2380,#6132,.T.);
#6134=ORIENTED_EDGE('',*,*,#6133,.F.);
#6135=ORIENTED_EDGE('',*,*,#5770,.T.);
#6136=CARTESIAN_POINT('',(41.389909097,-18.378068868,-34.489563599));
#6137=DIRECTION('',(-0.,1.,-0.));
#6138=VECTOR('',#6137,0.478068868);
#6139=LINE('',#6136,#6138);
#6140=EDGE_CURVE('',#2392,#5756,#6139,.T.);
#6141=ORIENTED_EDGE('',*,*,#6140,.F.);
#6142=ORIENTED_EDGE('',*,*,#2398,.F.);
#6143=EDGE_LOOP('',(#6134,#6135,#6141,#6142));
#6144=FACE_BOUND('',#6143,.T.);
#6145=ADVANCED_FACE('',(#6144),#6128,.T.);
#6146=CARTESIAN_POINT('',(41.086800206,-18.9,-34.664563599));
#6147=DIRECTION('',(-0.,1.,0.));
#6148=DIRECTION('',(0.866025404,0.,0.5));
#6149=AXIS2_PLACEMENT_3D('',#6146,#6147,#6148);
#6150=CYLINDRICAL_SURFACE('',#6149,0.35);
#6151=ORIENTED_EDGE('',*,*,#2410,.T.);
#6152=ORIENTED_EDGE('',*,*,#6140,.T.);
#6153=ORIENTED_EDGE('',*,*,#5762,.T.);
#6154=ORIENTED_EDGE('',*,*,#5904,.T.);
#6155=EDGE_LOOP('',(#6151,#6152,#6153,#6154));
#6156=FACE_BOUND('',#6155,.T.);
#6157=ADVANCED_FACE('',(#6156),#6150,.F.);
#6158=CARTESIAN_POINT('',(41.078773761,-18.9,-34.650661388));
#6159=DIRECTION('',(-0.,1.,0.));
#6160=DIRECTION('',(0.866025404,0.,0.5));
#6161=AXIS2_PLACEMENT_3D('',#6158,#6159,#6160);
#6162=CYLINDRICAL_SURFACE('',#6161,0.35);
#6163=ORIENTED_EDGE('',*,*,#2389,.T.);
#6164=ORIENTED_EDGE('',*,*,#5882,.T.);
#6165=ORIENTED_EDGE('',*,*,#5779,.T.);
#6166=ORIENTED_EDGE('',*,*,#6133,.T.);
#6167=EDGE_LOOP('',(#6163,#6164,#6165,#6166));
#6168=FACE_BOUND('',#6167,.T.);
#6169=ADVANCED_FACE('',(#6168),#6162,.F.);
#6170=CARTESIAN_POINT('',(45.811524262,-18.4,-37.544025716));
#6171=DIRECTION('',(0.,-1.,0.));
#6172=DIRECTION('',(-0.866025404,0.,-0.5));
#6173=AXIS2_PLACEMENT_3D('',#6170,#6171,#6172);
#6174=PLANE('',#6173);
#6175=ORIENTED_EDGE('',*,*,#6075,.F.);
#6176=ORIENTED_EDGE('',*,*,#6082,.F.);
#6177=EDGE_LOOP('',(#6175,#6176));
#6178=FACE_BOUND('',#6177,.T.);
#6179=ADVANCED_FACE('',(#6178),#6174,.T.);
#6180=CARTESIAN_POINT('',(45.811524262,-18.4,-37.544025716));
#6181=DIRECTION('',(0.,-1.,0.));
#6182=DIRECTION('',(-0.866025404,0.,-0.5));
#6183=AXIS2_PLACEMENT_3D('',#6180,#6181,#6182);
#6184=PLANE('',#6183);
#6185=ORIENTED_EDGE('',*,*,#6040,.F.);
#6186=ORIENTED_EDGE('',*,*,#6047,.F.);
#6187=EDGE_LOOP('',(#6185,#6186));
#6188=FACE_BOUND('',#6187,.T.);
#6189=ADVANCED_FACE('',(#6188),#6184,.T.);
#6190=CARTESIAN_POINT('',(45.811524262,-18.4,-37.544025716));
#6191=DIRECTION('',(0.,-1.,0.));
#6192=DIRECTION('',(-0.866025404,0.,-0.5));
#6193=AXIS2_PLACEMENT_3D('',#6190,#6191,#6192);
#6194=PLANE('',#6193);
#6195=ORIENTED_EDGE('',*,*,#6005,.F.);
#6196=ORIENTED_EDGE('',*,*,#6012,.F.);
#6197=EDGE_LOOP('',(#6195,#6196));
#6198=FACE_BOUND('',#6197,.T.);
#6199=ADVANCED_FACE('',(#6198),#6194,.T.);
#6200=CARTESIAN_POINT('',(45.811524262,-18.4,-37.544025716));
#6201=DIRECTION('',(0.,-1.,0.));
#6202=DIRECTION('',(-0.866025404,0.,-0.5));
#6203=AXIS2_PLACEMENT_3D('',#6200,#6201,#6202);
#6204=PLANE('',#6203);
#6205=ORIENTED_EDGE('',*,*,#5970,.F.);
#6206=ORIENTED_EDGE('',*,*,#5977,.F.);
#6207=EDGE_LOOP('',(#6205,#6206));
#6208=FACE_BOUND('',#6207,.T.);
#6209=ADVANCED_FACE('',(#6208),#6204,.T.);
#6210=CARTESIAN_POINT('',(11.835640646,17.9,17.299930939));
#6211=DIRECTION('',(0.,-1.,0.));
#6212=DIRECTION('',(0.5,0.,-0.866025404));
#6213=AXIS2_PLACEMENT_3D('',#6210,#6211,#6212);
#6214=PLANE('',#6213);
#6215=ORIENTED_EDGE('',*,*,#2581,.T.);
#6216=CARTESIAN_POINT('',(41.027755126,17.9,-34.304399783));
#6217=VERTEX_POINT('',#6216);
#6218=CARTESIAN_POINT('',(40.940294609,17.9,-33.710808461));
#6219=DIRECTION('',(0.,-1.,-0.));
#6220=DIRECTION('',(-0.866025404,0.,-0.5));
#6221=AXIS2_PLACEMENT_3D('',#6218,#6219,#6220);
#6222=CIRCLE('',#6221,0.6);
#6223=EDGE_CURVE('',#2546,#6217,#6222,.T.);
#6224=ORIENTED_EDGE('',*,*,#6223,.T.);
#6225=CARTESIAN_POINT('',(41.381882652,17.9,-34.475661388));
#6226=VERTEX_POINT('',#6225);
#6227=CARTESIAN_POINT('',(41.078773761,17.9,-34.650661388));
#6228=DIRECTION('',(-0.,1.,0.));
#6229=DIRECTION('',(0.866025404,0.,0.5));
#6230=AXIS2_PLACEMENT_3D('',#6227,#6228,#6229);
#6231=CIRCLE('',#6230,0.35);
#6232=EDGE_CURVE('',#6217,#6226,#6231,.T.);
#6233=ORIENTED_EDGE('',*,*,#6232,.T.);
#6234=CARTESIAN_POINT('',(41.389909097,17.9,-34.489563599));
#6235=VERTEX_POINT('',#6234);
#6236=CARTESIAN_POINT('',(41.381882652,17.9,-34.475661388));
#6237=DIRECTION('',(0.5,0.,-0.866025404));
#6238=VECTOR('',#6237,0.01605289);
#6239=LINE('',#6236,#6238);
#6240=EDGE_CURVE('',#6226,#6235,#6239,.T.);
#6241=ORIENTED_EDGE('',*,*,#6240,.T.);
#6242=CARTESIAN_POINT('',(41.361162234,17.9,-34.881877835));
#6243=VERTEX_POINT('',#6242);
#6244=CARTESIAN_POINT('',(41.086800206,17.9,-34.664563599));
#6245=DIRECTION('',(-0.,1.,0.));
#6246=DIRECTION('',(0.866025404,0.,0.5));
#6247=AXIS2_PLACEMENT_3D('',#6244,#6245,#6246);
#6248=CIRCLE('',#6247,0.35);
#6249=EDGE_CURVE('',#6235,#6243,#6248,.T.);
#6250=ORIENTED_EDGE('',*,*,#6249,.T.);
#6251=CARTESIAN_POINT('',(42.351112383,17.9,-34.954416526));
#6252=VERTEX_POINT('',#6251);
#6253=CARTESIAN_POINT('',(41.83149714,17.9,-35.254416526));
#6254=DIRECTION('',(0.,-1.,-0.));
#6255=DIRECTION('',(-0.866025404,0.,-0.5));
#6256=AXIS2_PLACEMENT_3D('',#6253,#6254,#6255);
#6257=CIRCLE('',#6256,0.6);
#6258=EDGE_CURVE('',#6243,#6252,#6257,.T.);
#6259=ORIENTED_EDGE('',*,*,#6258,.T.);
#6260=CARTESIAN_POINT('',(42.140213819,17.9,-34.739932306));
#6261=VERTEX_POINT('',#6260);
#6262=CARTESIAN_POINT('',(41.83149714,17.9,-35.254416526));
#6263=DIRECTION('',(0.,-1.,-0.));
#6264=DIRECTION('',(-0.866025404,0.,-0.5));
#6265=AXIS2_PLACEMENT_3D('',#6262,#6263,#6264);
#6266=CIRCLE('',#6265,0.6);
#6267=EDGE_CURVE('',#6252,#6261,#6266,.T.);
#6268=ORIENTED_EDGE('',*,*,#6267,.T.);
#6269=CARTESIAN_POINT('',(41.994801009,17.9,-34.592047215));
#6270=VERTEX_POINT('',#6269);
#6271=CARTESIAN_POINT('',(42.353071408,17.9,-34.385199704));
#6272=DIRECTION('',(0.,-1.,-0.));
#6273=DIRECTION('',(-0.866025404,0.,-0.5));
#6274=AXIS2_PLACEMENT_3D('',#6271,#6272,#6273);
#6275=CIRCLE('',#6274,0.413695023);
#6276=EDGE_CURVE('',#6270,#6261,#6275,.T.);
#6277=ORIENTED_EDGE('',*,*,#6276,.F.);
#6278=CARTESIAN_POINT('',(42.711341808,17.9,-34.178352192));
#6279=VERTEX_POINT('',#6278);
#6280=CARTESIAN_POINT('',(42.353071408,17.9,-34.385199704));
#6281=DIRECTION('',(0.,-1.,-0.));
#6282=DIRECTION('',(-0.866025404,0.,-0.5));
#6283=AXIS2_PLACEMENT_3D('',#6280,#6281,#6282);
#6284=CIRCLE('',#6283,0.413695023);
#6285=EDGE_CURVE('',#6279,#6270,#6284,.T.);
#6286=ORIENTED_EDGE('',*,*,#6285,.F.);
#6287=CARTESIAN_POINT('',(46.526191808,17.9,-40.785866215));
#6288=VERTEX_POINT('',#6287);
#6289=CARTESIAN_POINT('',(46.526191808,17.9,-40.785866215));
#6290=DIRECTION('',(-0.5,0.,0.866025404));
#6291=VECTOR('',#6290,7.6297);
#6292=LINE('',#6289,#6291);
#6293=EDGE_CURVE('',#6288,#6279,#6292,.T.);
#6294=ORIENTED_EDGE('',*,*,#6293,.F.);
#6295=CARTESIAN_POINT('',(44.274525758,17.9,-42.085866215));
#6296=VERTEX_POINT('',#6295);
#6297=CARTESIAN_POINT('',(45.400358783,17.9,-41.435866215));
#6298=DIRECTION('',(0.,-1.,-0.));
#6299=DIRECTION('',(-0.866025404,0.,-0.5));
#6300=AXIS2_PLACEMENT_3D('',#6297,#6298,#6299);
#6301=CIRCLE('',#6300,1.3);
#6302=EDGE_CURVE('',#6296,#6288,#6301,.T.);
#6303=ORIENTED_EDGE('',*,*,#6302,.F.);
#6304=CARTESIAN_POINT('',(39.558287939,17.9,-33.917102693));
#6305=DIRECTION('',(0.5,0.,-0.866025404));
#6306=VECTOR('',#6305,9.432475638);
#6307=LINE('',#6304,#6306);
#6308=EDGE_CURVE('',#2576,#6296,#6307,.T.);
#6309=ORIENTED_EDGE('',*,*,#6308,.F.);
#6310=EDGE_LOOP('',(#6215,#6224,#6233,#6241,#6250,#6259,#6268,#6277,#6286,#6294,#6303,#6309));
#6311=FACE_BOUND('',#6310,.T.);
#6312=CARTESIAN_POINT('',(44.876692025,17.9,-41.728848784));
#6313=VERTEX_POINT('',#6312);
#6314=CARTESIAN_POINT('',(45.915922509,17.9,-41.128848784));
#6315=VERTEX_POINT('',#6314);
#6316=CARTESIAN_POINT('',(45.396307267,17.9,-41.428848784));
#6317=DIRECTION('',(0.,-1.,-0.));
#6318=DIRECTION('',(-0.866025404,0.,-0.5));
#6319=AXIS2_PLACEMENT_3D('',#6316,#6317,#6318);
#6320=CIRCLE('',#6319,0.6);
#6321=EDGE_CURVE('',#6313,#6315,#6320,.T.);
#6322=ORIENTED_EDGE('',*,*,#6321,.T.);
#6323=CARTESIAN_POINT('',(45.396307267,17.9,-41.428848784));
#6324=DIRECTION('',(0.,-1.,-0.));
#6325=DIRECTION('',(-0.866025404,0.,-0.5));
#6326=AXIS2_PLACEMENT_3D('',#6323,#6324,#6325);
#6327=CIRCLE('',#6326,0.6);
#6328=EDGE_CURVE('',#6315,#6313,#6327,.T.);
#6329=ORIENTED_EDGE('',*,*,#6328,.T.);
#6330=EDGE_LOOP('',(#6322,#6329));
#6331=FACE_BOUND('',#6330,.T.);
#6332=CARTESIAN_POINT('',(43.985489493,17.9,-40.18524072));
#6333=VERTEX_POINT('',#6332);
#6334=CARTESIAN_POINT('',(45.024719978,17.9,-39.58524072));
#6335=VERTEX_POINT('',#6334);
#6336=CARTESIAN_POINT('',(44.505104735,17.9,-39.88524072));
#6337=DIRECTION('',(0.,-1.,-0.));
#6338=DIRECTION('',(-0.866025404,0.,-0.5));
#6339=AXIS2_PLACEMENT_3D('',#6336,#6337,#6338);
#6340=CIRCLE('',#6339,0.6);
#6341=EDGE_CURVE('',#6333,#6335,#6340,.T.);
#6342=ORIENTED_EDGE('',*,*,#6341,.T.);
#6343=CARTESIAN_POINT('',(44.505104735,17.9,-39.88524072));
#6344=DIRECTION('',(0.,-1.,-0.));
#6345=DIRECTION('',(-0.866025404,0.,-0.5));
#6346=AXIS2_PLACEMENT_3D('',#6343,#6344,#6345);
#6347=CIRCLE('',#6346,0.6);
#6348=EDGE_CURVE('',#6335,#6333,#6347,.T.);
#6349=ORIENTED_EDGE('',*,*,#6348,.T.);
#6350=EDGE_LOOP('',(#6342,#6349));
#6351=FACE_BOUND('',#6350,.T.);
#6352=CARTESIAN_POINT('',(43.094286961,17.9,-38.641632655));
#6353=VERTEX_POINT('',#6352);
#6354=CARTESIAN_POINT('',(44.133517446,17.9,-38.041632655));
#6355=VERTEX_POINT('',#6354);
#6356=CARTESIAN_POINT('',(43.613902204,17.9,-38.341632655));
#6357=DIRECTION('',(0.,-1.,-0.));
#6358=DIRECTION('',(-0.866025404,0.,-0.5));
#6359=AXIS2_PLACEMENT_3D('',#6356,#6357,#6358);
#6360=CIRCLE('',#6359,0.6);
#6361=EDGE_CURVE('',#6353,#6355,#6360,.T.);
#6362=ORIENTED_EDGE('',*,*,#6361,.T.);
#6363=CARTESIAN_POINT('',(43.613902204,17.9,-38.341632655));
#6364=DIRECTION('',(0.,-1.,-0.));
#6365=DIRECTION('',(-0.866025404,0.,-0.5));
#6366=AXIS2_PLACEMENT_3D('',#6363,#6364,#6365);
#6367=CIRCLE('',#6366,0.6);
#6368=EDGE_CURVE('',#6355,#6353,#6367,.T.);
#6369=ORIENTED_EDGE('',*,*,#6368,.T.);
#6370=EDGE_LOOP('',(#6362,#6369));
#6371=FACE_BOUND('',#6370,.T.);
#6372=CARTESIAN_POINT('',(42.20308443,17.9,-37.09802459));
#6373=VERTEX_POINT('',#6372);
#6374=CARTESIAN_POINT('',(43.242314914,17.9,-36.49802459));
#6375=VERTEX_POINT('',#6374);
#6376=CARTESIAN_POINT('',(42.722699672,17.9,-36.79802459));
#6377=DIRECTION('',(0.,-1.,-0.));
#6378=DIRECTION('',(-0.866025404,0.,-0.5));
#6379=AXIS2_PLACEMENT_3D('',#6376,#6377,#6378);
#6380=CIRCLE('',#6379,0.6);
#6381=EDGE_CURVE('',#6373,#6375,#6380,.T.);
#6382=ORIENTED_EDGE('',*,*,#6381,.T.);
#6383=CARTESIAN_POINT('',(42.722699672,17.9,-36.79802459));
#6384=DIRECTION('',(0.,-1.,-0.));
#6385=DIRECTION('',(-0.866025404,0.,-0.5));
#6386=AXIS2_PLACEMENT_3D('',#6383,#6384,#6385);
#6387=CIRCLE('',#6386,0.6);
#6388=EDGE_CURVE('',#6375,#6373,#6387,.T.);
#6389=ORIENTED_EDGE('',*,*,#6388,.T.);
#6390=EDGE_LOOP('',(#6382,#6389));
#6391=FACE_BOUND('',#6390,.T.);
#6392=ADVANCED_FACE('',(#6311,#6331,#6351,#6371,#6391),#6214,.F.);
#6393=CARTESIAN_POINT('',(40.940294609,18.9,-33.710808461));
#6394=DIRECTION('',(0.,-1.,0.));
#6395=DIRECTION('',(0.866025404,0.,0.5));
#6396=AXIS2_PLACEMENT_3D('',#6393,#6394,#6395);
#6397=CYLINDRICAL_SURFACE('',#6396,0.6);
#6398=ORIENTED_EDGE('',*,*,#2573,.T.);
#6399=CARTESIAN_POINT('',(41.027755126,18.322462417,-34.304399783));
#6400=DIRECTION('',(0.,-1.,0.));
#6401=VECTOR('',#6400,0.422462417);
#6402=LINE('',#6399,#6401);
#6403=EDGE_CURVE('',#2534,#6217,#6402,.T.);
#6404=ORIENTED_EDGE('',*,*,#6403,.T.);
#6405=ORIENTED_EDGE('',*,*,#6223,.F.);
#6406=EDGE_LOOP('',(#6398,#6404,#6405));
#6407=FACE_BOUND('',#6406,.T.);
#6408=ADVANCED_FACE('',(#6407),#6397,.T.);
#6409=CARTESIAN_POINT('',(41.83149714,18.9,-35.254416526));
#6410=DIRECTION('',(0.,-1.,0.));
#6411=DIRECTION('',(0.866025404,0.,0.5));
#6412=AXIS2_PLACEMENT_3D('',#6409,#6410,#6411);
#6413=CYLINDRICAL_SURFACE('',#6412,0.6);
#6414=CARTESIAN_POINT('',(42.351112383,17.9,-34.954416526));
#6415=DIRECTION('',(-0.,1.,-0.));
#6416=VECTOR('',#6415,0.5);
#6417=LINE('',#6414,#6416);
#6418=EDGE_CURVE('',#6252,#2601,#6417,.T.);
#6419=ORIENTED_EDGE('',*,*,#6418,.T.);
#6420=ORIENTED_EDGE('',*,*,#2609,.T.);
#6421=CARTESIAN_POINT('',(42.140213819,17.9,-34.739932306));
#6422=DIRECTION('',(0.,1.,0.));
#6423=VECTOR('',#6422,0.5);
#6424=LINE('',#6421,#6423);
#6425=EDGE_CURVE('',#6261,#2603,#6424,.T.);
#6426=ORIENTED_EDGE('',*,*,#6425,.F.);
#6427=ORIENTED_EDGE('',*,*,#6267,.F.);
#6428=EDGE_LOOP('',(#6419,#6420,#6426,#6427));
#6429=FACE_BOUND('',#6428,.T.);
#6430=ADVANCED_FACE('',(#6429),#6413,.T.);
#6431=CARTESIAN_POINT('',(45.400358783,18.9,-41.435866215));
#6432=DIRECTION('',(0.,-1.,0.));
#6433=DIRECTION('',(0.866025404,0.,0.5));
#6434=AXIS2_PLACEMENT_3D('',#6431,#6432,#6433);
#6435=CYLINDRICAL_SURFACE('',#6434,1.3);
#6436=CARTESIAN_POINT('',(44.274525758,18.4,-42.085866215));
#6437=DIRECTION('',(0.,-1.,0.));
#6438=VECTOR('',#6437,0.5);
#6439=LINE('',#6436,#6438);
#6440=EDGE_CURVE('',#631,#6296,#6439,.T.);
#6441=ORIENTED_EDGE('',*,*,#6440,.T.);
#6442=ORIENTED_EDGE('',*,*,#6302,.T.);
#6443=CARTESIAN_POINT('',(46.526191808,18.4,-40.785866215));
#6444=DIRECTION('',(0.,-1.,0.));
#6445=VECTOR('',#6444,0.5);
#6446=LINE('',#6443,#6445);
#6447=EDGE_CURVE('',#670,#6288,#6446,.T.);
#6448=ORIENTED_EDGE('',*,*,#6447,.F.);
#6449=ORIENTED_EDGE('',*,*,#676,.F.);
#6450=ORIENTED_EDGE('',*,*,#645,.F.);
#6451=EDGE_LOOP('',(#6441,#6442,#6448,#6449,#6450));
#6452=FACE_BOUND('',#6451,.T.);
#6453=ADVANCED_FACE('',(#6452),#6435,.F.);
#6454=CARTESIAN_POINT('',(12.11287855,18.9,18.819740804));
#6455=DIRECTION('',(-0.866025404,0.,-0.5));
#6456=DIRECTION('',(-0.5,0.,0.866025404));
#6457=AXIS2_PLACEMENT_3D('',#6454,#6455,#6456);
#6458=PLANE('',#6457);
#6459=ORIENTED_EDGE('',*,*,#6447,.T.);
#6460=ORIENTED_EDGE('',*,*,#6293,.T.);
#6461=CARTESIAN_POINT('',(42.711341808,17.9,-34.178352192));
#6462=DIRECTION('',(0.,1.,0.));
#6463=VECTOR('',#6462,0.5);
#6464=LINE('',#6461,#6463);
#6465=EDGE_CURVE('',#6279,#2107,#6464,.T.);
#6466=ORIENTED_EDGE('',*,*,#6465,.T.);
#6467=ORIENTED_EDGE('',*,*,#2176,.T.);
#6468=EDGE_LOOP('',(#6459,#6460,#6466,#6467));
#6469=FACE_BOUND('',#6468,.T.);
#6470=ADVANCED_FACE('',(#6469),#6458,.T.);
#6471=CARTESIAN_POINT('',(42.722699672,18.9,-36.79802459));
#6472=DIRECTION('',(0.,-1.,0.));
#6473=DIRECTION('',(0.866025404,0.,0.5));
#6474=AXIS2_PLACEMENT_3D('',#6471,#6472,#6473);
#6475=CYLINDRICAL_SURFACE('',#6474,0.6);
#6476=CARTESIAN_POINT('',(43.242314914,18.4,-36.49802459));
#6477=VERTEX_POINT('',#6476);
#6478=CARTESIAN_POINT('',(43.242314914,17.9,-36.49802459));
#6479=DIRECTION('',(-0.,1.,-0.));
#6480=VECTOR('',#6479,0.5);
#6481=LINE('',#6478,#6480);
#6482=EDGE_CURVE('',#6375,#6477,#6481,.T.);
#6483=ORIENTED_EDGE('',*,*,#6482,.T.);
#6484=CARTESIAN_POINT('',(42.422699672,18.4,-36.278409348));
#6485=VERTEX_POINT('',#6484);
#6486=CARTESIAN_POINT('',(42.722699672,18.4,-36.79802459));
#6487=DIRECTION('',(0.,-1.,-0.));
#6488=DIRECTION('',(-0.5,-0.,0.866025404));
#6489=AXIS2_PLACEMENT_3D('',#6486,#6487,#6488);
#6490=CIRCLE('',#6489,0.6);
#6491=EDGE_CURVE('',#6477,#6485,#6490,.T.);
#6492=ORIENTED_EDGE('',*,*,#6491,.T.);
#6493=CARTESIAN_POINT('',(42.722699672,18.4,-36.79802459));
#6494=DIRECTION('',(0.,-1.,-0.));
#6495=DIRECTION('',(-0.5,-0.,0.866025404));
#6496=AXIS2_PLACEMENT_3D('',#6493,#6494,#6495);
#6497=CIRCLE('',#6496,0.6);
#6498=EDGE_CURVE('',#6485,#6477,#6497,.T.);
#6499=ORIENTED_EDGE('',*,*,#6498,.T.);
#6500=ORIENTED_EDGE('',*,*,#6482,.F.);
#6501=ORIENTED_EDGE('',*,*,#6381,.F.);
#6502=ORIENTED_EDGE('',*,*,#6388,.F.);
#6503=EDGE_LOOP('',(#6483,#6492,#6499,#6500,#6501,#6502));
#6504=FACE_BOUND('',#6503,.T.);
#6505=ADVANCED_FACE('',(#6504),#6475,.T.);
#6506=CARTESIAN_POINT('',(43.613902204,18.9,-38.341632655));
#6507=DIRECTION('',(0.,-1.,0.));
#6508=DIRECTION('',(0.866025404,0.,0.5));
#6509=AXIS2_PLACEMENT_3D('',#6506,#6507,#6508);
#6510=CYLINDRICAL_SURFACE('',#6509,0.6);
#6511=CARTESIAN_POINT('',(44.133517446,18.4,-38.041632655));
#6512=VERTEX_POINT('',#6511);
#6513=CARTESIAN_POINT('',(44.133517446,17.9,-38.041632655));
#6514=DIRECTION('',(-0.,1.,-0.));
#6515=VECTOR('',#6514,0.5);
#6516=LINE('',#6513,#6515);
#6517=EDGE_CURVE('',#6355,#6512,#6516,.T.);
#6518=ORIENTED_EDGE('',*,*,#6517,.T.);
#6519=CARTESIAN_POINT('',(43.313902204,18.4,-37.822017413));
#6520=VERTEX_POINT('',#6519);
#6521=CARTESIAN_POINT('',(43.613902204,18.4,-38.341632655));
#6522=DIRECTION('',(0.,-1.,-0.));
#6523=DIRECTION('',(-0.5,-0.,0.866025404));
#6524=AXIS2_PLACEMENT_3D('',#6521,#6522,#6523);
#6525=CIRCLE('',#6524,0.6);
#6526=EDGE_CURVE('',#6512,#6520,#6525,.T.);
#6527=ORIENTED_EDGE('',*,*,#6526,.T.);
#6528=CARTESIAN_POINT('',(43.613902204,18.4,-38.341632655));
#6529=DIRECTION('',(0.,-1.,-0.));
#6530=DIRECTION('',(-0.5,-0.,0.866025404));
#6531=AXIS2_PLACEMENT_3D('',#6528,#6529,#6530);
#6532=CIRCLE('',#6531,0.6);
#6533=EDGE_CURVE('',#6520,#6512,#6532,.T.);
#6534=ORIENTED_EDGE('',*,*,#6533,.T.);
#6535=ORIENTED_EDGE('',*,*,#6517,.F.);
#6536=ORIENTED_EDGE('',*,*,#6361,.F.);
#6537=ORIENTED_EDGE('',*,*,#6368,.F.);
#6538=EDGE_LOOP('',(#6518,#6527,#6534,#6535,#6536,#6537));
#6539=FACE_BOUND('',#6538,.T.);
#6540=ADVANCED_FACE('',(#6539),#6510,.T.);
#6541=CARTESIAN_POINT('',(44.505104735,18.9,-39.88524072));
#6542=DIRECTION('',(0.,-1.,0.));
#6543=DIRECTION('',(0.866025404,0.,0.5));
#6544=AXIS2_PLACEMENT_3D('',#6541,#6542,#6543);
#6545=CYLINDRICAL_SURFACE('',#6544,0.6);
#6546=CARTESIAN_POINT('',(45.024719978,18.4,-39.58524072));
#6547=VERTEX_POINT('',#6546);
#6548=CARTESIAN_POINT('',(45.024719978,17.9,-39.58524072));
#6549=DIRECTION('',(-0.,1.,-0.));
#6550=VECTOR('',#6549,0.5);
#6551=LINE('',#6548,#6550);
#6552=EDGE_CURVE('',#6335,#6547,#6551,.T.);
#6553=ORIENTED_EDGE('',*,*,#6552,.T.);
#6554=CARTESIAN_POINT('',(44.205104735,18.4,-39.365625477));
#6555=VERTEX_POINT('',#6554);
#6556=CARTESIAN_POINT('',(44.505104735,18.4,-39.88524072));
#6557=DIRECTION('',(0.,-1.,-0.));
#6558=DIRECTION('',(-0.5,-0.,0.866025404));
#6559=AXIS2_PLACEMENT_3D('',#6556,#6557,#6558);
#6560=CIRCLE('',#6559,0.6);
#6561=EDGE_CURVE('',#6547,#6555,#6560,.T.);
#6562=ORIENTED_EDGE('',*,*,#6561,.T.);
#6563=CARTESIAN_POINT('',(44.505104735,18.4,-39.88524072));
#6564=DIRECTION('',(0.,-1.,-0.));
#6565=DIRECTION('',(-0.5,-0.,0.866025404));
#6566=AXIS2_PLACEMENT_3D('',#6563,#6564,#6565);
#6567=CIRCLE('',#6566,0.6);
#6568=EDGE_CURVE('',#6555,#6547,#6567,.T.);
#6569=ORIENTED_EDGE('',*,*,#6568,.T.);
#6570=ORIENTED_EDGE('',*,*,#6552,.F.);
#6571=ORIENTED_EDGE('',*,*,#6341,.F.);
#6572=ORIENTED_EDGE('',*,*,#6348,.F.);
#6573=EDGE_LOOP('',(#6553,#6562,#6569,#6570,#6571,#6572));
#6574=FACE_BOUND('',#6573,.T.);
#6575=ADVANCED_FACE('',(#6574),#6545,.T.);
#6576=CARTESIAN_POINT('',(45.396307267,18.9,-41.428848784));
#6577=DIRECTION('',(0.,-1.,0.));
#6578=DIRECTION('',(0.866025404,0.,0.5));
#6579=AXIS2_PLACEMENT_3D('',#6576,#6577,#6578);
#6580=CYLINDRICAL_SURFACE('',#6579,0.6);
#6581=CARTESIAN_POINT('',(45.915922509,18.4,-41.128848784));
#6582=VERTEX_POINT('',#6581);
#6583=CARTESIAN_POINT('',(45.915922509,17.9,-41.128848784));
#6584=DIRECTION('',(-0.,1.,-0.));
#6585=VECTOR('',#6584,0.5);
#6586=LINE('',#6583,#6585);
#6587=EDGE_CURVE('',#6315,#6582,#6586,.T.);
#6588=ORIENTED_EDGE('',*,*,#6587,.T.);
#6589=CARTESIAN_POINT('',(45.096307267,18.4,-40.909233542));
#6590=VERTEX_POINT('',#6589);
#6591=CARTESIAN_POINT('',(45.396307267,18.4,-41.428848784));
#6592=DIRECTION('',(0.,-1.,-0.));
#6593=DIRECTION('',(-0.5,-0.,0.866025404));
#6594=AXIS2_PLACEMENT_3D('',#6591,#6592,#6593);
#6595=CIRCLE('',#6594,0.6);
#6596=EDGE_CURVE('',#6582,#6590,#6595,.T.);
#6597=ORIENTED_EDGE('',*,*,#6596,.T.);
#6598=CARTESIAN_POINT('',(45.396307267,18.4,-41.428848784));
#6599=DIRECTION('',(0.,-1.,-0.));
#6600=DIRECTION('',(-0.5,-0.,0.866025404));
#6601=AXIS2_PLACEMENT_3D('',#6598,#6599,#6600);
#6602=CIRCLE('',#6601,0.6);
#6603=EDGE_CURVE('',#6590,#6582,#6602,.T.);
#6604=ORIENTED_EDGE('',*,*,#6603,.T.);
#6605=ORIENTED_EDGE('',*,*,#6587,.F.);
#6606=ORIENTED_EDGE('',*,*,#6321,.F.);
#6607=ORIENTED_EDGE('',*,*,#6328,.F.);
#6608=EDGE_LOOP('',(#6588,#6597,#6604,#6605,#6606,#6607));
#6609=FACE_BOUND('',#6608,.T.);
#6610=ADVANCED_FACE('',(#6609),#6580,.T.);
#6611=CARTESIAN_POINT('',(9.07,18.9,18.890161054));
#6612=DIRECTION('',(0.866025404,0.,0.5));
#6613=DIRECTION('',(0.5,0.,-0.866025404));
#6614=AXIS2_PLACEMENT_3D('',#6611,#6612,#6613);
#6615=PLANE('',#6614);
#6616=ORIENTED_EDGE('',*,*,#6308,.T.);
#6617=ORIENTED_EDGE('',*,*,#6440,.F.);
#6618=ORIENTED_EDGE('',*,*,#2753,.T.);
#6619=ORIENTED_EDGE('',*,*,#2687,.T.);
#6620=EDGE_LOOP('',(#6616,#6617,#6618,#6619));
#6621=FACE_BOUND('',#6620,.T.);
#6622=ADVANCED_FACE('',(#6621),#6615,.T.);
#6623=CARTESIAN_POINT('',(42.353071408,17.9,-34.385199704));
#6624=DIRECTION('',(0.,1.,0.));
#6625=DIRECTION('',(-0.866025404,0.,-0.5));
#6626=AXIS2_PLACEMENT_3D('',#6623,#6624,#6625);
#6627=CYLINDRICAL_SURFACE('',#6626,0.413695023);
#6628=CARTESIAN_POINT('',(41.994801009,18.4,-34.592047215));
#6629=DIRECTION('',(-0.,-1.,-0.));
#6630=VECTOR('',#6629,0.5);
#6631=LINE('',#6628,#6630);
#6632=EDGE_CURVE('',#2469,#6270,#6631,.T.);
#6633=ORIENTED_EDGE('',*,*,#6632,.F.);
#6634=ORIENTED_EDGE('',*,*,#2493,.T.);
#6635=ORIENTED_EDGE('',*,*,#6465,.F.);
#6636=ORIENTED_EDGE('',*,*,#6285,.T.);
#6637=EDGE_LOOP('',(#6633,#6634,#6635,#6636));
#6638=FACE_BOUND('',#6637,.T.);
#6639=ADVANCED_FACE('',(#6638),#6627,.F.);
#6640=CARTESIAN_POINT('',(41.385895875,17.9,-34.482612493));
#6641=DIRECTION('',(-0.866025404,0.,-0.5));
#6642=DIRECTION('',(-0.5,0.,0.866025404));
#6643=AXIS2_PLACEMENT_3D('',#6640,#6641,#6642);
#6644=PLANE('',#6643);
#6645=CARTESIAN_POINT('',(41.389909097,18.378068868,-34.489563599));
#6646=DIRECTION('',(-0.,-1.,-0.));
#6647=VECTOR('',#6646,0.478068868);
#6648=LINE('',#6645,#6647);
#6649=EDGE_CURVE('',#2513,#6235,#6648,.T.);
#6650=ORIENTED_EDGE('',*,*,#6649,.T.);
#6651=ORIENTED_EDGE('',*,*,#6240,.F.);
#6652=CARTESIAN_POINT('',(41.381882652,17.9,-34.475661388));
#6653=DIRECTION('',(0.,1.,0.));
#6654=VECTOR('',#6653,0.476225769);
#6655=LINE('',#6652,#6654);
#6656=EDGE_CURVE('',#6226,#2525,#6655,.T.);
#6657=ORIENTED_EDGE('',*,*,#6656,.T.);
#6658=ORIENTED_EDGE('',*,*,#2531,.F.);
#6659=EDGE_LOOP('',(#6650,#6651,#6657,#6658));
#6660=FACE_BOUND('',#6659,.T.);
#6661=ADVANCED_FACE('',(#6660),#6644,.T.);
#6662=CARTESIAN_POINT('',(41.086800206,18.9,-34.664563599));
#6663=DIRECTION('',(0.,-1.,0.));
#6664=DIRECTION('',(0.866025404,0.,0.5));
#6665=AXIS2_PLACEMENT_3D('',#6662,#6663,#6664);
#6666=CYLINDRICAL_SURFACE('',#6665,0.35);
#6667=ORIENTED_EDGE('',*,*,#2522,.T.);
#6668=CARTESIAN_POINT('',(41.361162234,17.9,-34.881877835));
#6669=DIRECTION('',(-0.,1.,-0.));
#6670=VECTOR('',#6669,0.499381074);
#6671=LINE('',#6668,#6670);
#6672=EDGE_CURVE('',#6243,#2504,#6671,.T.);
#6673=ORIENTED_EDGE('',*,*,#6672,.F.);
#6674=ORIENTED_EDGE('',*,*,#6249,.F.);
#6675=ORIENTED_EDGE('',*,*,#6649,.F.);
#6676=EDGE_LOOP('',(#6667,#6673,#6674,#6675));
#6677=FACE_BOUND('',#6676,.T.);
#6678=ADVANCED_FACE('',(#6677),#6666,.F.);
#6679=CARTESIAN_POINT('',(41.078773761,18.9,-34.650661388));
#6680=DIRECTION('',(0.,-1.,0.));
#6681=DIRECTION('',(0.866025404,0.,0.5));
#6682=AXIS2_PLACEMENT_3D('',#6679,#6680,#6681);
#6683=CYLINDRICAL_SURFACE('',#6682,0.35);
#6684=ORIENTED_EDGE('',*,*,#2543,.T.);
#6685=ORIENTED_EDGE('',*,*,#6656,.F.);
#6686=ORIENTED_EDGE('',*,*,#6232,.F.);
#6687=ORIENTED_EDGE('',*,*,#6403,.F.);
#6688=EDGE_LOOP('',(#6684,#6685,#6686,#6687));
#6689=FACE_BOUND('',#6688,.T.);
#6690=ADVANCED_FACE('',(#6689),#6683,.F.);
#6691=CARTESIAN_POINT('',(45.811524262,18.4,-37.544025716));
#6692=DIRECTION('',(-0.,1.,0.));
#6693=DIRECTION('',(-0.5,-0.,0.866025404));
#6694=AXIS2_PLACEMENT_3D('',#6691,#6692,#6693);
#6695=PLANE('',#6694);
#6696=ORIENTED_EDGE('',*,*,#6596,.F.);
#6697=ORIENTED_EDGE('',*,*,#6603,.F.);
#6698=EDGE_LOOP('',(#6696,#6697));
#6699=FACE_BOUND('',#6698,.T.);
#6700=ADVANCED_FACE('',(#6699),#6695,.T.);
#6701=CARTESIAN_POINT('',(45.811524262,18.4,-37.544025716));
#6702=DIRECTION('',(-0.,1.,0.));
#6703=DIRECTION('',(-0.5,-0.,0.866025404));
#6704=AXIS2_PLACEMENT_3D('',#6701,#6702,#6703);
#6705=PLANE('',#6704);
#6706=ORIENTED_EDGE('',*,*,#6561,.F.);
#6707=ORIENTED_EDGE('',*,*,#6568,.F.);
#6708=EDGE_LOOP('',(#6706,#6707));
#6709=FACE_BOUND('',#6708,.T.);
#6710=ADVANCED_FACE('',(#6709),#6705,.T.);
#6711=CARTESIAN_POINT('',(45.811524262,18.4,-37.544025716));
#6712=DIRECTION('',(-0.,1.,0.));
#6713=DIRECTION('',(-0.5,-0.,0.866025404));
#6714=AXIS2_PLACEMENT_3D('',#6711,#6712,#6713);
#6715=PLANE('',#6714);
#6716=ORIENTED_EDGE('',*,*,#6526,.F.);
#6717=ORIENTED_EDGE('',*,*,#6533,.F.);
#6718=EDGE_LOOP('',(#6716,#6717));
#6719=FACE_BOUND('',#6718,.T.);
#6720=ADVANCED_FACE('',(#6719),#6715,.T.);
#6721=CARTESIAN_POINT('',(45.811524262,18.4,-37.544025716));
#6722=DIRECTION('',(-0.,1.,0.));
#6723=DIRECTION('',(-0.5,-0.,0.866025404));
#6724=AXIS2_PLACEMENT_3D('',#6721,#6722,#6723);
#6725=PLANE('',#6724);
#6726=ORIENTED_EDGE('',*,*,#6491,.F.);
#6727=ORIENTED_EDGE('',*,*,#6498,.F.);
#6728=EDGE_LOOP('',(#6726,#6727));
#6729=FACE_BOUND('',#6728,.T.);
#6730=ADVANCED_FACE('',(#6729),#6725,.T.);
#6731=CARTESIAN_POINT('',(19.038677137,0.,-0.176094231));
#6732=DIRECTION('',(-0.866025404,0.,-0.5));
#6733=DIRECTION('',(0.5,0.,-0.866025404));
#6734=AXIS2_PLACEMENT_3D('',#6731,#6732,#6733);
#6735=PLANE('',#6734);
#6736=ORIENTED_EDGE('',*,*,#2940,.T.);
#6737=ORIENTED_EDGE('',*,*,#4899,.T.);
#6738=ORIENTED_EDGE('',*,*,#2870,.T.);
#6739=ORIENTED_EDGE('',*,*,#2786,.T.);
#6740=ORIENTED_EDGE('',*,*,#2721,.T.);
#6741=ORIENTED_EDGE('',*,*,#1732,.T.);
#6742=ORIENTED_EDGE('',*,*,#2703,.T.);
#6743=ORIENTED_EDGE('',*,*,#2769,.T.);
#6744=ORIENTED_EDGE('',*,*,#2852,.T.);
#6745=ORIENTED_EDGE('',*,*,#5043,.T.);
#6746=EDGE_LOOP('',(#6736,#6737,#6738,#6739,#6740,#6741,#6742,#6743,#6744,#6745));
#6747=FACE_BOUND('',#6746,.T.);
#6748=ADVANCED_FACE('',(#6747),#6735,.T.);
#6749=CARTESIAN_POINT('',(38.504594068,15.579304973,-32.296051363));
#6750=DIRECTION('',(-0.866025404,0.,-0.5));
#6751=DIRECTION('',(-0.5,0.,0.866025404));
#6752=AXIS2_PLACEMENT_3D('',#6749,#6750,#6751);
#6753=CYLINDRICAL_SURFACE('',#6752,1.9);
#6754=ORIENTED_EDGE('',*,*,#1474,.F.);
#6755=ORIENTED_EDGE('',*,*,#232,.F.);
#6756=ORIENTED_EDGE('',*,*,#272,.F.);
#6757=ORIENTED_EDGE('',*,*,#605,.T.);
#6758=ORIENTED_EDGE('',*,*,#165,.F.);
#6759=ORIENTED_EDGE('',*,*,#3188,.F.);
#6760=EDGE_LOOP('',(#6754,#6755,#6756,#6757,#6758,#6759));
#6761=FACE_BOUND('',#6760,.T.);
#6762=ADVANCED_FACE('',(#6761),#6753,.T.);
#6763=CARTESIAN_POINT('',(49.628278846,-12.,-48.940072472));
#6764=DIRECTION('',(-0.,1.,0.));
#6765=DIRECTION('',(0.866025404,0.,0.5));
#6766=AXIS2_PLACEMENT_3D('',#6763,#6764,#6765);
#6767=CYLINDRICAL_SURFACE('',#6766,1.7);
#6768=ORIENTED_EDGE('',*,*,#831,.F.);
#6769=ORIENTED_EDGE('',*,*,#1167,.T.);
#6770=ORIENTED_EDGE('',*,*,#889,.F.);
#6771=ORIENTED_EDGE('',*,*,#4746,.T.);
#6772=EDGE_LOOP('',(#6768,#6769,#6770,#6771));
#6773=FACE_BOUND('',#6772,.T.);
#6774=ADVANCED_FACE('',(#6773),#6767,.T.);
#6775=CARTESIAN_POINT('',(39.956085924,-11.227926275,-33.806109003));
#6776=DIRECTION('',(-0.5,-0.,0.866025404));
#6777=DIRECTION('',(0.,-1.,-0.));
#6778=AXIS2_PLACEMENT_3D('',#6775,#6776,#6777);
#6779=CYLINDRICAL_SURFACE('',#6778,0.5);
#6780=ORIENTED_EDGE('',*,*,#3316,.T.);
#6781=ORIENTED_EDGE('',*,*,#1806,.T.);
#6782=ORIENTED_EDGE('',*,*,#3299,.T.);
#6783=ORIENTED_EDGE('',*,*,#1326,.T.);
#6784=EDGE_LOOP('',(#6780,#6781,#6782,#6783));
#6785=FACE_BOUND('',#6784,.T.);
#6786=ADVANCED_FACE('',(#6785),#6779,.F.);
#6787=CARTESIAN_POINT('',(49.628278846,12.,-48.940072472));
#6788=DIRECTION('',(0.,-1.,0.));
#6789=DIRECTION('',(0.866025404,0.,0.5));
#6790=AXIS2_PLACEMENT_3D('',#6787,#6788,#6789);
#6791=CYLINDRICAL_SURFACE('',#6790,1.7);
#6792=ORIENTED_EDGE('',*,*,#3800,.F.);
#6793=ORIENTED_EDGE('',*,*,#4141,.F.);
#6794=ORIENTED_EDGE('',*,*,#3757,.F.);
#6795=ORIENTED_EDGE('',*,*,#5084,.T.);
#6796=EDGE_LOOP('',(#6792,#6793,#6794,#6795));
#6797=FACE_BOUND('',#6796,.T.);
#6798=ADVANCED_FACE('',(#6797),#6791,.T.);
#6799=CARTESIAN_POINT('',(49.628278846,10.9,-48.940072472));
#6800=DIRECTION('',(-0.,1.,0.));
#6801=DIRECTION('',(0.866025404,0.,0.5));
#6802=AXIS2_PLACEMENT_3D('',#6799,#6800,#6801);
#6803=DEGENERATE_TOROIDAL_SURFACE('',#6802,0.6,1.1,.T.);
#6804=ORIENTED_EDGE('',*,*,#5077,.F.);
#6805=ORIENTED_EDGE('',*,*,#4061,.F.);
#6806=ORIENTED_EDGE('',*,*,#5101,.F.);
#6807=ORIENTED_EDGE('',*,*,#3809,.F.);
#6808=EDGE_LOOP('',(#6804,#6805,#6806,#6807));
#6809=FACE_BOUND('',#6808,.T.);
#6810=ADVANCED_FACE('',(#6809),#6803,.T.);
#6811=CARTESIAN_POINT('',(41.83149714,-18.9,-35.254416526));
#6812=DIRECTION('',(-0.,1.,0.));
#6813=DIRECTION('',(0.866025404,0.,0.5));
#6814=AXIS2_PLACEMENT_3D('',#6811,#6812,#6813);
#6815=CYLINDRICAL_SURFACE('',#6814,0.6);
#6816=ORIENTED_EDGE('',*,*,#5896,.F.);
#6817=ORIENTED_EDGE('',*,*,#5744,.T.);
#6818=ORIENTED_EDGE('',*,*,#6118,.T.);
#6819=ORIENTED_EDGE('',*,*,#2283,.T.);
#6820=EDGE_LOOP('',(#6816,#6817,#6818,#6819));
#6821=FACE_BOUND('',#6820,.T.);
#6822=ADVANCED_FACE('',(#6821),#6815,.T.);
#6823=CARTESIAN_POINT('',(42.353071408,-17.9,-34.385199704));
#6824=DIRECTION('',(0.,-1.,-0.));
#6825=DIRECTION('',(-0.866025404,0.,-0.5));
#6826=AXIS2_PLACEMENT_3D('',#6823,#6824,#6825);
#6827=CYLINDRICAL_SURFACE('',#6826,0.413695023);
#6828=ORIENTED_EDGE('',*,*,#6111,.T.);
#6829=ORIENTED_EDGE('',*,*,#5726,.F.);
#6830=ORIENTED_EDGE('',*,*,#5942,.T.);
#6831=ORIENTED_EDGE('',*,*,#2331,.T.);
#6832=EDGE_LOOP('',(#6828,#6829,#6830,#6831));
#6833=FACE_BOUND('',#6832,.T.);
#6834=ADVANCED_FACE('',(#6833),#6827,.F.);
#6835=CARTESIAN_POINT('',(41.83149714,18.9,-35.254416526));
#6836=DIRECTION('',(0.,-1.,0.));
#6837=DIRECTION('',(0.866025404,0.,0.5));
#6838=AXIS2_PLACEMENT_3D('',#6835,#6836,#6837);
#6839=CYLINDRICAL_SURFACE('',#6838,0.6);
#6840=ORIENTED_EDGE('',*,*,#6418,.F.);
#6841=ORIENTED_EDGE('',*,*,#6258,.F.);
#6842=ORIENTED_EDGE('',*,*,#6672,.T.);
#6843=ORIENTED_EDGE('',*,*,#2510,.T.);
#6844=ORIENTED_EDGE('',*,*,#2616,.T.);
#6845=EDGE_LOOP('',(#6840,#6841,#6842,#6843,#6844));
#6846=FACE_BOUND('',#6845,.T.);
#6847=ADVANCED_FACE('',(#6846),#6839,.T.);
#6848=CARTESIAN_POINT('',(42.353071408,17.9,-34.385199704));
#6849=DIRECTION('',(0.,1.,0.));
#6850=DIRECTION('',(-0.866025404,0.,-0.5));
#6851=AXIS2_PLACEMENT_3D('',#6848,#6849,#6850);
#6852=CYLINDRICAL_SURFACE('',#6851,0.413695023);
#6853=ORIENTED_EDGE('',*,*,#6632,.T.);
#6854=ORIENTED_EDGE('',*,*,#6276,.T.);
#6855=ORIENTED_EDGE('',*,*,#6425,.T.);
#6856=ORIENTED_EDGE('',*,*,#2624,.T.);
#6857=EDGE_LOOP('',(#6853,#6854,#6855,#6856));
#6858=FACE_BOUND('',#6857,.T.);
#6859=ADVANCED_FACE('',(#6858),#6852,.F.);
#6860=CLOSED_SHELL('',(#66,#99,#175,#208,#251,#310,#377,#433,#464,#496,#579,#609,#621,#655,#686,#719,#750,#817,#850,#920,#989,#1022,#1073,#1118,#1180,#1220,
#1251,#1352,#1663,#1743,#1776,#1835,#1874,#1903,#1957,#2008,#2040,#2074,#2098,#2124,#2156,#2180,#2215,#2259,#2302,#2422,#2462,#2594,#2628,#2672,#2707,
#2742,#2773,#2804,#2857,#2910,#2968,#2990,#3015,#3032,#3044,#3075,#3100,#3124,#3142,#3164,#3176,#3194,#3225,#3254,#3272,#3285,#3306,#3328,#3341,#3376,
#3399,#3486,#3534,#3546,#3563,#3580,#3592,#3614,#3631,#3648,#3665,#3682,#3699,#3716,#3728,#3786,#3828,#3889,#3955,#3979,#4030,#4084,#4146,#4206,#4266,
#4352,#4439,#4633,#4707,#4725,#4750,#4768,#4905,#5048,#5066,#5090,#5114,#5188,#5382,#5469,#5549,#5568,#5587,#5605,#5623,#5637,#5655,#5673,#5687,#5870,
#5886,#5909,#5932,#5949,#5984,#6019,#6054,#6089,#6101,#6123,#6145,#6157,#6169,#6179,#6189,#6199,#6209,#6392,#6408,#6430,#6453,#6470,#6505,#6540,#6575,
#6610,#6622,#6639,#6661,#6678,#6690,#6700,#6710,#6720,#6730,#6748,#6762,#6774,#6786,#6798,#6810,#6822,#6834,#6847,#6859));
#6861=MANIFOLD_SOLID_BREP('main case (end battery 2)',#6860);
#6862=COLOUR_RGB('',0.435294122,0.435294122,0.435294122);
#6863=FILL_AREA_STYLE_COLOUR('',#6862);
#6864=FILL_AREA_STYLE('',(#6863));
#6865=SURFACE_STYLE_FILL_AREA(#6864);
#6866=SURFACE_SIDE_STYLE('',(#6865));
#6867=SURFACE_STYLE_USAGE(.BOTH.,#6866);
#6868=PRESENTATION_STYLE_ASSIGNMENT((#6867));
#26=STYLED_ITEM('',(#6868),#6861);
#16=SHAPE_REPRESENTATION('main case (end battery 2)',(#15),#10);
#17=ADVANCED_BREP_SHAPE_REPRESENTATION('main case (end battery 2)',(#6861),#10);
#6876=SHAPE_REPRESENTATION_RELATIONSHIP('','',#16,#17);
#6877=CARTESIAN_POINT('',(0.,0.,0.));
#6878=DIRECTION('',(0.,0.,1.));
#6879=DIRECTION('',(1.,0.,0.));
#6880=AXIS2_PLACEMENT_3D('',#6877,#6878,#6879);
#6882=MAPPED_ITEM('',#6881,#6880);
#6881=REPRESENTATION_MAP(#6880,#16);
#6883=APPLICATION_CONTEXT('Managed model based 3d engineering');
#6884=APPLICATION_PROTOCOL_DEFINITION('international standard','ap242_managed_model_based_3d_engineering',2014,#6883);
#6885=PRODUCT_CONTEXT('',#6883,'mechanical');
#6886=PRODUCT_DEFINITION_CONTEXT('part definition',#6883,'design');
#24=PRODUCT('main case (end battery 2)','main case (end battery 2)','',(#6885));
#6887=PRODUCT_RELATED_PRODUCT_CATEGORY('part','',(#24));
#6888=PRODUCT_DEFINITION_FORMATION_WITH_SPECIFIED_SOURCE('','',#24,.NOT_KNOWN.);
#25=PRODUCT_DEFINITION('design','',#6888,#6886);
#23=PRODUCT_DEFINITION_SHAPE('','',#25);
#6889=SHAPE_DEFINITION_REPRESENTATION(#23,#16);
#11=DRAUGHTING_MODEL('',(#6882),#10);
#6890=DESCRIPTIVE_REPRESENTATION_ITEM('KEY','C:\\Users\\sanya\\AppData\\Local\\Packages\\Shapr3D.Shapr3D_dvv5p1vgwv6mp\\TempState\\328bed39-0f02-41af-aa16-86c6a864e554.tmp');
#6891=PROPERTY_DEFINITION('KEY','',#25);
#6892=REPRESENTATION('',(#6890),#10);
#6893=PROPERTY_DEFINITION_REPRESENTATION(#6891,#6892);
#6894=GENERAL_PROPERTY('','KEY','');
#6895=GENERAL_PROPERTY_ASSOCIATION('','',#6894,#6891);
#1=MECHANICAL_DESIGN_GEOMETRIC_PRESENTATION_REPRESENTATION('',(#472,#497,#622,#26),#10);
ENDSEC;
END-ISO-10303-21;
