ISO-10303-21;
HEADER;

/* File generated by Shapr3D Version 26.10.0.10376 */

FILE_DESCRIPTION(('HOOPS Exchange Step'),'2;1');

FILE_NAME('/Users/sanyamsaharan/Library/Containers/com.shapr3d.shapr/Data/tmp/export/temp_export',
'2026-02-08T07:36:54-13:00',
('sanyamsaharan'),
('Shapr3D Limited'),
'HOOPS Exchange 2025.9',
'Shapr3D',
'Authorized');

FILE_SCHEMA( ('AP242_MANAGED_MODEL_BASED_3D_ENGINEERING_MIM_LF {1 0 10303 442 1 1 4}') );

ENDSEC;

DATA;
#3=(NAMED_UNIT(*)PLANE_ANGLE_UNIT()SI_UNIT($,.RADIAN.));
#4=PLANE_ANGLE_MEASURE_WITH_UNIT(PLANE_ANGLE_MEASURE(0.0174532925),#3);
#5=(CONVERSION_BASED_UNIT('DEGREE',#4)NAMED_UNIT(#6)PLANE_ANGLE_UNIT());
#6=DIMENSIONAL_EXPONENTS(0.,0.,0.,0.,0.,0.,0.);
#7=(NAMED_UNIT(*)SI_UNIT($,.STERADIAN.)SOLID_ANGLE_UNIT());
#8=(LENGTH_UNIT()NAMED_UNIT(*)SI_UNIT(.MILLI.,.METRE.));
#9=UNCERTAINTY_MEASURE_WITH_UNIT(LENGTH_MEASURE(1.000000E-05),#8,'DISTANCE_ACCURACY_VALUE','Maximum Tolerance applied to model');
#10=(GEOMETRIC_REPRESENTATION_CONTEXT(3)GLOBAL_UNCERTAINTY_ASSIGNED_CONTEXT((#9))GLOBAL_UNIT_ASSIGNED_CONTEXT((#8,#5,#7))REPRESENTATION_CONTEXT('','top plate (E-ink)'));
#12=CARTESIAN_POINT('',(0.,0.,0.));
#13=DIRECTION('',(0.,0.,1.));
#14=DIRECTION('',(1.,0.,0.));
#15=AXIS2_PLACEMENT_3D('TS3D_PRODUCT_CSYS',#12,#13,#14);
#27=CARTESIAN_POINT('',(0.,0.,2.));
#28=DIRECTION('',(0.,0.,1.));
#29=DIRECTION('',(-1.,0.,0.));
#30=AXIS2_PLACEMENT_3D('',#27,#28,#29);
#31=PLANE('',#30);
#32=CARTESIAN_POINT('',(14.114456265,10.5,2.));
#33=VERTEX_POINT('',#32);
#34=CARTESIAN_POINT('',(14.114456265,-10.5,2.));
#35=VERTEX_POINT('',#34);
#36=CARTESIAN_POINT('',(14.114456265,10.5,2.));
#37=DIRECTION('',(0.,-1.,0.));
#38=VECTOR('',#37,21.);
#39=LINE('',#36,#38);
#40=EDGE_CURVE('',#33,#35,#39,.T.);
#41=ORIENTED_EDGE('',*,*,#40,.T.);
#42=CARTESIAN_POINT('',(7.74,-16.874456265,2.));
#43=VERTEX_POINT('',#42);
#44=CARTESIAN_POINT('',(7.74,-10.5,2.));
#45=DIRECTION('',(-0.,-0.,-1.));
#46=DIRECTION('',(1.,0.,-0.));
#47=AXIS2_PLACEMENT_3D('',#44,#45,#46);
#48=CIRCLE('',#47,6.374456265);
#49=EDGE_CURVE('',#35,#43,#48,.T.);
#50=ORIENTED_EDGE('',*,*,#49,.T.);
#51=CARTESIAN_POINT('',(-13.26,-16.874456265,2.));
#52=VERTEX_POINT('',#51);
#53=CARTESIAN_POINT('',(7.74,-16.874456265,2.));
#54=DIRECTION('',(-1.,0.,0.));
#55=VECTOR('',#54,21.);
#56=LINE('',#53,#55);
#57=EDGE_CURVE('',#43,#52,#56,.T.);
#58=ORIENTED_EDGE('',*,*,#57,.T.);
#59=CARTESIAN_POINT('',(-19.634456265,-10.5,2.));
#60=VERTEX_POINT('',#59);
#61=CARTESIAN_POINT('',(-13.26,-10.5,2.));
#62=DIRECTION('',(-0.,-0.,-1.));
#63=DIRECTION('',(1.,0.,-0.));
#64=AXIS2_PLACEMENT_3D('',#61,#62,#63);
#65=CIRCLE('',#64,6.374456265);
#66=EDGE_CURVE('',#52,#60,#65,.T.);
#67=ORIENTED_EDGE('',*,*,#66,.T.);
#68=CARTESIAN_POINT('',(-19.634456265,10.5,2.));
#69=VERTEX_POINT('',#68);
#70=CARTESIAN_POINT('',(-19.634456265,-10.5,2.));
#71=DIRECTION('',(0.,1.,0.));
#72=VECTOR('',#71,21.);
#73=LINE('',#70,#72);
#74=EDGE_CURVE('',#60,#69,#73,.T.);
#75=ORIENTED_EDGE('',*,*,#74,.T.);
#76=CARTESIAN_POINT('',(-13.26,16.874456265,2.));
#77=VERTEX_POINT('',#76);
#78=CARTESIAN_POINT('',(-13.26,10.5,2.));
#79=DIRECTION('',(-0.,-0.,-1.));
#80=DIRECTION('',(1.,0.,-0.));
#81=AXIS2_PLACEMENT_3D('',#78,#79,#80);
#82=CIRCLE('',#81,6.374456265);
#83=EDGE_CURVE('',#69,#77,#82,.T.);
#84=ORIENTED_EDGE('',*,*,#83,.T.);
#85=CARTESIAN_POINT('',(7.74,16.874456265,2.));
#86=VERTEX_POINT('',#85);
#87=CARTESIAN_POINT('',(-13.26,16.874456265,2.));
#88=DIRECTION('',(1.,0.,-0.));
#89=VECTOR('',#88,21.);
#90=LINE('',#87,#89);
#91=EDGE_CURVE('',#77,#86,#90,.T.);
#92=ORIENTED_EDGE('',*,*,#91,.T.);
#93=CARTESIAN_POINT('',(7.74,10.5,2.));
#94=DIRECTION('',(-0.,-0.,-1.));
#95=DIRECTION('',(1.,0.,-0.));
#96=AXIS2_PLACEMENT_3D('',#93,#94,#95);
#97=CIRCLE('',#96,6.374456265);
#98=EDGE_CURVE('',#86,#33,#97,.T.);
#99=ORIENTED_EDGE('',*,*,#98,.T.);
#100=EDGE_LOOP('',(#41,#50,#58,#67,#75,#84,#92,#99));
#101=FACE_BOUND('',#100,.T.);
#102=CARTESIAN_POINT('',(16.992897686,-11.1,2.));
#103=VERTEX_POINT('',#102);
#104=CARTESIAN_POINT('',(19.16,-13.488672993,2.));
#105=VERTEX_POINT('',#104);
#106=CARTESIAN_POINT('',(19.392897686,-11.1,2.));
#107=DIRECTION('',(0.,0.,1.));
#108=DIRECTION('',(1.,0.,-0.));
#109=AXIS2_PLACEMENT_3D('',#106,#107,#108);
#110=CIRCLE('',#109,2.4);
#111=EDGE_CURVE('',#103,#105,#110,.T.);
#112=ORIENTED_EDGE('',*,*,#111,.F.);
#113=CARTESIAN_POINT('',(16.992897686,11.1,2.));
#114=VERTEX_POINT('',#113);
#115=CARTESIAN_POINT('',(16.992897686,-11.1,2.));
#116=DIRECTION('',(0.,1.,0.));
#117=VECTOR('',#116,22.2);
#118=LINE('',#115,#117);
#119=EDGE_CURVE('',#103,#114,#118,.T.);
#120=ORIENTED_EDGE('',*,*,#119,.T.);
#121=CARTESIAN_POINT('',(19.16,13.488672993,2.));
#122=VERTEX_POINT('',#121);
#123=CARTESIAN_POINT('',(19.392897686,11.1,2.));
#124=DIRECTION('',(0.,0.,1.));
#125=DIRECTION('',(1.,0.,-0.));
#126=AXIS2_PLACEMENT_3D('',#123,#124,#125);
#127=CIRCLE('',#126,2.4);
#128=EDGE_CURVE('',#122,#114,#127,.T.);
#129=ORIENTED_EDGE('',*,*,#128,.F.);
#130=CARTESIAN_POINT('',(19.16,14.9,2.));
#131=VERTEX_POINT('',#130);
#132=CARTESIAN_POINT('',(19.16,13.488672993,2.));
#133=DIRECTION('',(-0.,1.,-0.));
#134=VECTOR('',#133,1.411327007);
#135=LINE('',#132,#134);
#136=EDGE_CURVE('',#122,#131,#135,.T.);
#137=ORIENTED_EDGE('',*,*,#136,.T.);
#138=CARTESIAN_POINT('',(16.66,17.4,2.));
#139=VERTEX_POINT('',#138);
#140=CARTESIAN_POINT('',(16.66,14.9,2.));
#141=DIRECTION('',(0.,0.,1.));
#142=DIRECTION('',(1.,0.,-0.));
#143=AXIS2_PLACEMENT_3D('',#140,#141,#142);
#144=CIRCLE('',#143,2.5);
#145=EDGE_CURVE('',#131,#139,#144,.T.);
#146=ORIENTED_EDGE('',*,*,#145,.T.);
#147=CARTESIAN_POINT('',(-22.18,17.4,2.));
#148=VERTEX_POINT('',#147);
#149=CARTESIAN_POINT('',(16.66,17.4,2.));
#150=DIRECTION('',(-1.,0.,0.));
#151=VECTOR('',#150,38.84);
#152=LINE('',#149,#151);
#153=EDGE_CURVE('',#139,#148,#152,.T.);
#154=ORIENTED_EDGE('',*,*,#153,.T.);
#155=CARTESIAN_POINT('',(-24.68,14.9,2.));
#156=VERTEX_POINT('',#155);
#157=CARTESIAN_POINT('',(-22.18,14.9,2.));
#158=DIRECTION('',(0.,0.,1.));
#159=DIRECTION('',(1.,0.,-0.));
#160=AXIS2_PLACEMENT_3D('',#157,#158,#159);
#161=CIRCLE('',#160,2.5);
#162=EDGE_CURVE('',#148,#156,#161,.T.);
#163=ORIENTED_EDGE('',*,*,#162,.T.);
#164=CARTESIAN_POINT('',(-24.68,13.488672993,2.));
#165=VERTEX_POINT('',#164);
#166=CARTESIAN_POINT('',(-24.68,14.9,2.));
#167=DIRECTION('',(0.,-1.,0.));
#168=VECTOR('',#167,1.411327007);
#169=LINE('',#166,#168);
#170=EDGE_CURVE('',#156,#165,#169,.T.);
#171=ORIENTED_EDGE('',*,*,#170,.T.);
#172=CARTESIAN_POINT('',(-22.512897686,11.1,2.));
#173=VERTEX_POINT('',#172);
#174=CARTESIAN_POINT('',(-24.912897686,11.1,2.));
#175=DIRECTION('',(-0.,-0.,-1.));
#176=DIRECTION('',(1.,0.,-0.));
#177=AXIS2_PLACEMENT_3D('',#174,#175,#176);
#178=CIRCLE('',#177,2.4);
#179=EDGE_CURVE('',#165,#173,#178,.T.);
#180=ORIENTED_EDGE('',*,*,#179,.T.);
#181=CARTESIAN_POINT('',(-22.512897686,-11.1,2.));
#182=VERTEX_POINT('',#181);
#183=CARTESIAN_POINT('',(-22.512897686,-11.1,2.));
#184=DIRECTION('',(0.,1.,0.));
#185=VECTOR('',#184,22.2);
#186=LINE('',#183,#185);
#187=EDGE_CURVE('',#182,#173,#186,.T.);
#188=ORIENTED_EDGE('',*,*,#187,.F.);
#189=CARTESIAN_POINT('',(-24.68,-13.488672993,2.));
#190=VERTEX_POINT('',#189);
#191=CARTESIAN_POINT('',(-24.912897686,-11.1,2.));
#192=DIRECTION('',(-0.,-0.,-1.));
#193=DIRECTION('',(1.,0.,-0.));
#194=AXIS2_PLACEMENT_3D('',#191,#192,#193);
#195=CIRCLE('',#194,2.4);
#196=EDGE_CURVE('',#182,#190,#195,.T.);
#197=ORIENTED_EDGE('',*,*,#196,.T.);
#198=CARTESIAN_POINT('',(-24.68,-14.9,2.));
#199=VERTEX_POINT('',#198);
#200=CARTESIAN_POINT('',(-24.68,-13.488672993,2.));
#201=DIRECTION('',(0.,-1.,0.));
#202=VECTOR('',#201,1.411327007);
#203=LINE('',#200,#202);
#204=EDGE_CURVE('',#190,#199,#203,.T.);
#205=ORIENTED_EDGE('',*,*,#204,.T.);
#206=CARTESIAN_POINT('',(-22.18,-17.4,2.));
#207=VERTEX_POINT('',#206);
#208=CARTESIAN_POINT('',(-22.18,-14.9,2.));
#209=DIRECTION('',(0.,0.,1.));
#210=DIRECTION('',(1.,0.,-0.));
#211=AXIS2_PLACEMENT_3D('',#208,#209,#210);
#212=CIRCLE('',#211,2.5);
#213=EDGE_CURVE('',#199,#207,#212,.T.);
#214=ORIENTED_EDGE('',*,*,#213,.T.);
#215=CARTESIAN_POINT('',(16.66,-17.4,2.));
#216=VERTEX_POINT('',#215);
#217=CARTESIAN_POINT('',(-22.18,-17.4,2.));
#218=DIRECTION('',(1.,-0.,-0.));
#219=VECTOR('',#218,38.84);
#220=LINE('',#217,#219);
#221=EDGE_CURVE('',#207,#216,#220,.T.);
#222=ORIENTED_EDGE('',*,*,#221,.T.);
#223=CARTESIAN_POINT('',(19.16,-14.9,2.));
#224=VERTEX_POINT('',#223);
#225=CARTESIAN_POINT('',(16.66,-14.9,2.));
#226=DIRECTION('',(0.,0.,1.));
#227=DIRECTION('',(1.,0.,-0.));
#228=AXIS2_PLACEMENT_3D('',#225,#226,#227);
#229=CIRCLE('',#228,2.5);
#230=EDGE_CURVE('',#216,#224,#229,.T.);
#231=ORIENTED_EDGE('',*,*,#230,.T.);
#232=CARTESIAN_POINT('',(19.16,-14.9,2.));
#233=DIRECTION('',(-0.,1.,-0.));
#234=VECTOR('',#233,1.411327007);
#235=LINE('',#232,#234);
#236=EDGE_CURVE('',#224,#105,#235,.T.);
#237=ORIENTED_EDGE('',*,*,#236,.T.);
#238=EDGE_LOOP('',(#112,#120,#129,#137,#146,#154,#163,#171,#180,#188,#197,#205,#214,#222,#231,#237));
#239=FACE_BOUND('',#238,.T.);
#240=CARTESIAN_POINT('',(-20.805735931,-14.9,2.));
#241=VERTEX_POINT('',#240);
#242=CARTESIAN_POINT('',(-22.18,-14.9,2.));
#243=DIRECTION('',(-0.,-0.,-1.));
#244=DIRECTION('',(1.,0.,-0.));
#245=AXIS2_PLACEMENT_3D('',#242,#243,#244);
#246=CIRCLE('',#245,1.374264069);
#247=EDGE_CURVE('',#241,#241,#246,.T.);
#248=ORIENTED_EDGE('',*,*,#247,.T.);
#249=EDGE_LOOP('',(#248));
#250=FACE_BOUND('',#249,.T.);
#251=CARTESIAN_POINT('',(18.034264069,-14.9,2.));
#252=VERTEX_POINT('',#251);
#253=CARTESIAN_POINT('',(16.66,-14.9,2.));
#254=DIRECTION('',(-0.,-0.,-1.));
#255=DIRECTION('',(1.,0.,-0.));
#256=AXIS2_PLACEMENT_3D('',#253,#254,#255);
#257=CIRCLE('',#256,1.374264069);
#258=EDGE_CURVE('',#252,#252,#257,.T.);
#259=ORIENTED_EDGE('',*,*,#258,.T.);
#260=EDGE_LOOP('',(#259));
#261=FACE_BOUND('',#260,.T.);
#262=CARTESIAN_POINT('',(-20.805735931,14.9,2.));
#263=VERTEX_POINT('',#262);
#264=CARTESIAN_POINT('',(-22.18,14.9,2.));
#265=DIRECTION('',(-0.,-0.,-1.));
#266=DIRECTION('',(1.,0.,-0.));
#267=AXIS2_PLACEMENT_3D('',#264,#265,#266);
#268=CIRCLE('',#267,1.374264069);
#269=EDGE_CURVE('',#263,#263,#268,.T.);
#270=ORIENTED_EDGE('',*,*,#269,.T.);
#271=EDGE_LOOP('',(#270));
#272=FACE_BOUND('',#271,.T.);
#273=CARTESIAN_POINT('',(18.034264069,14.9,2.));
#274=VERTEX_POINT('',#273);
#275=CARTESIAN_POINT('',(16.66,14.9,2.));
#276=DIRECTION('',(-0.,-0.,-1.));
#277=DIRECTION('',(1.,0.,-0.));
#278=AXIS2_PLACEMENT_3D('',#275,#276,#277);
#279=CIRCLE('',#278,1.374264069);
#280=EDGE_CURVE('',#274,#274,#279,.T.);
#281=ORIENTED_EDGE('',*,*,#280,.T.);
#282=EDGE_LOOP('',(#281));
#283=FACE_BOUND('',#282,.T.);
#284=ADVANCED_FACE('',(#101,#239,#250,#261,#272,#283),#31,.T.);
#285=CARTESIAN_POINT('',(0.,0.,2.));
#286=DIRECTION('',(0.,0.,1.));
#287=DIRECTION('',(-1.,0.,0.));
#288=AXIS2_PLACEMENT_3D('',#285,#286,#287);
#289=PLANE('',#288);
#290=CARTESIAN_POINT('',(11.34,10.5,2.));
#291=VERTEX_POINT('',#290);
#292=CARTESIAN_POINT('',(11.34,-10.5,2.));
#293=VERTEX_POINT('',#292);
#294=CARTESIAN_POINT('',(11.34,10.5,2.));
#295=DIRECTION('',(-0.,-1.,-0.));
#296=VECTOR('',#295,21.);
#297=LINE('',#294,#296);
#298=EDGE_CURVE('',#291,#293,#297,.T.);
#299=ORIENTED_EDGE('',*,*,#298,.T.);
#300=CARTESIAN_POINT('',(7.74,-14.1,2.));
#301=VERTEX_POINT('',#300);
#302=CARTESIAN_POINT('',(7.74,-10.5,2.));
#303=DIRECTION('',(-0.,-0.,-1.));
#304=DIRECTION('',(1.,0.,-0.));
#305=AXIS2_PLACEMENT_3D('',#302,#303,#304);
#306=CIRCLE('',#305,3.6);
#307=EDGE_CURVE('',#293,#301,#306,.T.);
#308=ORIENTED_EDGE('',*,*,#307,.T.);
#309=CARTESIAN_POINT('',(-13.26,-14.1,2.));
#310=VERTEX_POINT('',#309);
#311=CARTESIAN_POINT('',(7.74,-14.1,2.));
#312=DIRECTION('',(-1.,0.,0.));
#313=VECTOR('',#312,21.);
#314=LINE('',#311,#313);
#315=EDGE_CURVE('',#301,#310,#314,.T.);
#316=ORIENTED_EDGE('',*,*,#315,.T.);
#317=CARTESIAN_POINT('',(-16.86,-10.5,2.));
#318=VERTEX_POINT('',#317);
#319=CARTESIAN_POINT('',(-13.26,-10.5,2.));
#320=DIRECTION('',(-0.,-0.,-1.));
#321=DIRECTION('',(1.,0.,-0.));
#322=AXIS2_PLACEMENT_3D('',#319,#320,#321);
#323=CIRCLE('',#322,3.6);
#324=EDGE_CURVE('',#310,#318,#323,.T.);
#325=ORIENTED_EDGE('',*,*,#324,.T.);
#326=CARTESIAN_POINT('',(-16.86,10.5,2.));
#327=VERTEX_POINT('',#326);
#328=CARTESIAN_POINT('',(-16.86,-10.5,2.));
#329=DIRECTION('',(0.,1.,0.));
#330=VECTOR('',#329,21.);
#331=LINE('',#328,#330);
#332=EDGE_CURVE('',#318,#327,#331,.T.);
#333=ORIENTED_EDGE('',*,*,#332,.T.);
#334=CARTESIAN_POINT('',(-13.26,14.1,2.));
#335=VERTEX_POINT('',#334);
#336=CARTESIAN_POINT('',(-13.26,10.5,2.));
#337=DIRECTION('',(-0.,-0.,-1.));
#338=DIRECTION('',(1.,0.,-0.));
#339=AXIS2_PLACEMENT_3D('',#336,#337,#338);
#340=CIRCLE('',#339,3.6);
#341=EDGE_CURVE('',#327,#335,#340,.T.);
#342=ORIENTED_EDGE('',*,*,#341,.T.);
#343=CARTESIAN_POINT('',(7.74,14.1,2.));
#344=VERTEX_POINT('',#343);
#345=CARTESIAN_POINT('',(-13.26,14.1,2.));
#346=DIRECTION('',(1.,-0.,-0.));
#347=VECTOR('',#346,21.);
#348=LINE('',#345,#347);
#349=EDGE_CURVE('',#335,#344,#348,.T.);
#350=ORIENTED_EDGE('',*,*,#349,.T.);
#351=CARTESIAN_POINT('',(7.74,10.5,2.));
#352=DIRECTION('',(-0.,-0.,-1.));
#353=DIRECTION('',(1.,0.,-0.));
#354=AXIS2_PLACEMENT_3D('',#351,#352,#353);
#355=CIRCLE('',#354,3.6);
#356=EDGE_CURVE('',#344,#291,#355,.T.);
#357=ORIENTED_EDGE('',*,*,#356,.T.);
#358=EDGE_LOOP('',(#299,#308,#316,#325,#333,#342,#350,#357));
#359=FACE_BOUND('',#358,.T.);
#360=CARTESIAN_POINT('',(-13.26,-14.125543735,2.));
#361=VERTEX_POINT('',#360);
#362=CARTESIAN_POINT('',(7.74,-14.125543735,2.));
#363=VERTEX_POINT('',#362);
#364=CARTESIAN_POINT('',(-13.26,-14.125543735,2.));
#365=DIRECTION('',(1.,-0.,-0.));
#366=VECTOR('',#365,21.);
#367=LINE('',#364,#366);
#368=EDGE_CURVE('',#361,#363,#367,.T.);
#369=ORIENTED_EDGE('',*,*,#368,.T.);
#370=CARTESIAN_POINT('',(11.365543735,-10.5,2.));
#371=VERTEX_POINT('',#370);
#372=CARTESIAN_POINT('',(7.74,-10.5,2.));
#373=DIRECTION('',(0.,0.,1.));
#374=DIRECTION('',(1.,0.,-0.));
#375=AXIS2_PLACEMENT_3D('',#372,#373,#374);
#376=CIRCLE('',#375,3.625543735);
#377=EDGE_CURVE('',#363,#371,#376,.T.);
#378=ORIENTED_EDGE('',*,*,#377,.T.);
#379=CARTESIAN_POINT('',(11.365543735,10.5,2.));
#380=VERTEX_POINT('',#379);
#381=CARTESIAN_POINT('',(11.365543735,-10.5,2.));
#382=DIRECTION('',(-0.,1.,0.));
#383=VECTOR('',#382,21.);
#384=LINE('',#381,#383);
#385=EDGE_CURVE('',#371,#380,#384,.T.);
#386=ORIENTED_EDGE('',*,*,#385,.T.);
#387=CARTESIAN_POINT('',(7.74,14.125543735,2.));
#388=VERTEX_POINT('',#387);
#389=CARTESIAN_POINT('',(7.74,10.5,2.));
#390=DIRECTION('',(0.,0.,1.));
#391=DIRECTION('',(1.,0.,-0.));
#392=AXIS2_PLACEMENT_3D('',#389,#390,#391);
#393=CIRCLE('',#392,3.625543735);
#394=EDGE_CURVE('',#380,#388,#393,.T.);
#395=ORIENTED_EDGE('',*,*,#394,.T.);
#396=CARTESIAN_POINT('',(-13.26,14.125543735,2.));
#397=VERTEX_POINT('',#396);
#398=CARTESIAN_POINT('',(7.74,14.125543735,2.));
#399=DIRECTION('',(-1.,-0.,0.));
#400=VECTOR('',#399,21.);
#401=LINE('',#398,#400);
#402=EDGE_CURVE('',#388,#397,#401,.T.);
#403=ORIENTED_EDGE('',*,*,#402,.T.);
#404=CARTESIAN_POINT('',(-16.885543735,10.5,2.));
#405=VERTEX_POINT('',#404);
#406=CARTESIAN_POINT('',(-13.26,10.5,2.));
#407=DIRECTION('',(0.,0.,1.));
#408=DIRECTION('',(1.,0.,-0.));
#409=AXIS2_PLACEMENT_3D('',#406,#407,#408);
#410=CIRCLE('',#409,3.625543735);
#411=EDGE_CURVE('',#397,#405,#410,.T.);
#412=ORIENTED_EDGE('',*,*,#411,.T.);
#413=CARTESIAN_POINT('',(-16.885543735,-10.5,2.));
#414=VERTEX_POINT('',#413);
#415=CARTESIAN_POINT('',(-16.885543735,10.5,2.));
#416=DIRECTION('',(-0.,-1.,-0.));
#417=VECTOR('',#416,21.);
#418=LINE('',#415,#417);
#419=EDGE_CURVE('',#405,#414,#418,.T.);
#420=ORIENTED_EDGE('',*,*,#419,.T.);
#421=CARTESIAN_POINT('',(-13.26,-10.5,2.));
#422=DIRECTION('',(0.,0.,1.));
#423=DIRECTION('',(1.,0.,-0.));
#424=AXIS2_PLACEMENT_3D('',#421,#422,#423);
#425=CIRCLE('',#424,3.625543735);
#426=EDGE_CURVE('',#414,#361,#425,.T.);
#427=ORIENTED_EDGE('',*,*,#426,.T.);
#428=EDGE_LOOP('',(#369,#378,#386,#395,#403,#412,#420,#427));
#429=FACE_BOUND('',#428,.T.);
#430=ADVANCED_FACE('',(#359,#429),#289,.T.);
#431=CARTESIAN_POINT('',(0.,0.,1.35));
#432=DIRECTION('',(0.,0.,-1.));
#433=DIRECTION('',(1.,0.,0.));
#434=AXIS2_PLACEMENT_3D('',#431,#432,#433);
#435=PLANE('',#434);
#436=CARTESIAN_POINT('',(-22.93,-14.9,1.35));
#437=VERTEX_POINT('',#436);
#438=CARTESIAN_POINT('',(-22.18,-14.9,1.35));
#439=DIRECTION('',(0.,0.,-1.));
#440=DIRECTION('',(-1.,0.,0.));
#441=AXIS2_PLACEMENT_3D('',#438,#439,#440);
#442=CIRCLE('',#441,0.75);
#443=EDGE_CURVE('',#437,#437,#442,.T.);
#444=ORIENTED_EDGE('',*,*,#443,.F.);
#445=EDGE_LOOP('',(#444));
#446=FACE_BOUND('',#445,.T.);
#447=CARTESIAN_POINT('',(-20.88,-14.9,1.35));
#448=VERTEX_POINT('',#447);
#449=CARTESIAN_POINT('',(-23.48,-14.9,1.35));
#450=VERTEX_POINT('',#449);
#451=CARTESIAN_POINT('',(-22.18,-14.9,1.35));
#452=DIRECTION('',(-0.,-0.,1.));
#453=DIRECTION('',(-1.,0.,0.));
#454=AXIS2_PLACEMENT_3D('',#451,#452,#453);
#455=CIRCLE('',#454,1.3);
#456=EDGE_CURVE('',#448,#450,#455,.T.);
#457=ORIENTED_EDGE('',*,*,#456,.F.);
#458=CARTESIAN_POINT('',(-22.18,-14.9,1.35));
#459=DIRECTION('',(-0.,-0.,1.));
#460=DIRECTION('',(-1.,0.,0.));
#461=AXIS2_PLACEMENT_3D('',#458,#459,#460);
#462=CIRCLE('',#461,1.3);
#463=EDGE_CURVE('',#450,#448,#462,.T.);
#464=ORIENTED_EDGE('',*,*,#463,.F.);
#465=EDGE_LOOP('',(#457,#464));
#466=FACE_BOUND('',#465,.T.);
#467=ADVANCED_FACE('',(#446,#466),#435,.T.);
#468=CARTESIAN_POINT('',(0.,0.,1.35));
#469=DIRECTION('',(0.,0.,-1.));
#470=DIRECTION('',(1.,0.,0.));
#471=AXIS2_PLACEMENT_3D('',#468,#469,#470);
#472=PLANE('',#471);
#473=CARTESIAN_POINT('',(-22.93,14.9,1.35));
#474=VERTEX_POINT('',#473);
#475=CARTESIAN_POINT('',(-22.18,14.9,1.35));
#476=DIRECTION('',(0.,0.,-1.));
#477=DIRECTION('',(-1.,0.,0.));
#478=AXIS2_PLACEMENT_3D('',#475,#476,#477);
#479=CIRCLE('',#478,0.75);
#480=EDGE_CURVE('',#474,#474,#479,.T.);
#481=ORIENTED_EDGE('',*,*,#480,.F.);
#482=EDGE_LOOP('',(#481));
#483=FACE_BOUND('',#482,.T.);
#484=CARTESIAN_POINT('',(-20.88,14.9,1.35));
#485=VERTEX_POINT('',#484);
#486=CARTESIAN_POINT('',(-23.48,14.9,1.35));
#487=VERTEX_POINT('',#486);
#488=CARTESIAN_POINT('',(-22.18,14.9,1.35));
#489=DIRECTION('',(-0.,-0.,1.));
#490=DIRECTION('',(-1.,0.,0.));
#491=AXIS2_PLACEMENT_3D('',#488,#489,#490);
#492=CIRCLE('',#491,1.3);
#493=EDGE_CURVE('',#485,#487,#492,.T.);
#494=ORIENTED_EDGE('',*,*,#493,.F.);
#495=CARTESIAN_POINT('',(-22.18,14.9,1.35));
#496=DIRECTION('',(-0.,-0.,1.));
#497=DIRECTION('',(-1.,0.,0.));
#498=AXIS2_PLACEMENT_3D('',#495,#496,#497);
#499=CIRCLE('',#498,1.3);
#500=EDGE_CURVE('',#487,#485,#499,.T.);
#501=ORIENTED_EDGE('',*,*,#500,.F.);
#502=EDGE_LOOP('',(#494,#501));
#503=FACE_BOUND('',#502,.T.);
#504=ADVANCED_FACE('',(#483,#503),#472,.T.);
#505=CARTESIAN_POINT('',(0.,0.,1.35));
#506=DIRECTION('',(0.,0.,-1.));
#507=DIRECTION('',(1.,0.,0.));
#508=AXIS2_PLACEMENT_3D('',#505,#506,#507);
#509=PLANE('',#508);
#510=CARTESIAN_POINT('',(18.435782723,-17.175943661,1.35));
#511=VERTEX_POINT('',#510);
#512=CARTESIAN_POINT('',(16.66,-17.7867497,1.35));
#513=VERTEX_POINT('',#512);
#514=CARTESIAN_POINT('',(16.66,-14.9,1.35));
#515=DIRECTION('',(0.,0.,-1.));
#516=DIRECTION('',(-1.,0.,0.));
#517=AXIS2_PLACEMENT_3D('',#514,#515,#516);
#518=CIRCLE('',#517,2.8867497);
#519=EDGE_CURVE('',#511,#513,#518,.T.);
#520=ORIENTED_EDGE('',*,*,#519,.F.);
#521=CARTESIAN_POINT('',(18.570480387,-16.9,1.35));
#522=VERTEX_POINT('',#521);
#523=CARTESIAN_POINT('',(18.220480387,-16.9,1.35));
#524=DIRECTION('',(0.,0.,-1.));
#525=DIRECTION('',(-1.,0.,0.));
#526=AXIS2_PLACEMENT_3D('',#523,#524,#525);
#527=CIRCLE('',#526,0.35);
#528=EDGE_CURVE('',#522,#511,#527,.T.);
#529=ORIENTED_EDGE('',*,*,#528,.F.);
#530=CARTESIAN_POINT('',(18.220480387,-16.55,1.35));
#531=VERTEX_POINT('',#530);
#532=CARTESIAN_POINT('',(18.220480387,-16.9,1.35));
#533=DIRECTION('',(0.,0.,-1.));
#534=DIRECTION('',(-1.,0.,0.));
#535=AXIS2_PLACEMENT_3D('',#532,#533,#534);
#536=CIRCLE('',#535,0.35);
#537=EDGE_CURVE('',#531,#522,#536,.T.);
#538=ORIENTED_EDGE('',*,*,#537,.F.);
#539=CARTESIAN_POINT('',(-18.86,-16.55,1.35));
#540=VERTEX_POINT('',#539);
#541=CARTESIAN_POINT('',(-18.86,-16.55,1.35));
#542=DIRECTION('',(1.,0.,-0.));
#543=VECTOR('',#542,37.080480387);
#544=LINE('',#541,#543);
#545=EDGE_CURVE('',#540,#531,#544,.T.);
#546=ORIENTED_EDGE('',*,*,#545,.F.);
#547=CARTESIAN_POINT('',(-19.31,-16.1,1.35));
#548=VERTEX_POINT('',#547);
#549=CARTESIAN_POINT('',(-18.86,-16.1,1.35));
#550=DIRECTION('',(0.,0.,-1.));
#551=DIRECTION('',(-1.,0.,0.));
#552=AXIS2_PLACEMENT_3D('',#549,#550,#551);
#553=CIRCLE('',#552,0.45);
#554=EDGE_CURVE('',#540,#548,#553,.T.);
#555=ORIENTED_EDGE('',*,*,#554,.T.);
#556=CARTESIAN_POINT('',(-19.31,-12.15,1.35));
#557=VERTEX_POINT('',#556);
#558=CARTESIAN_POINT('',(-19.31,-12.15,1.35));
#559=DIRECTION('',(0.,-1.,0.));
#560=VECTOR('',#559,3.95);
#561=LINE('',#558,#560);
#562=EDGE_CURVE('',#557,#548,#561,.T.);
#563=ORIENTED_EDGE('',*,*,#562,.F.);
#564=CARTESIAN_POINT('',(-19.66,-11.8,1.35));
#565=VERTEX_POINT('',#564);
#566=CARTESIAN_POINT('',(-19.66,-12.15,1.35));
#567=DIRECTION('',(0.,0.,-1.));
#568=DIRECTION('',(-1.,0.,0.));
#569=AXIS2_PLACEMENT_3D('',#566,#567,#568);
#570=CIRCLE('',#569,0.35);
#571=EDGE_CURVE('',#565,#557,#570,.T.);
#572=ORIENTED_EDGE('',*,*,#571,.F.);
#573=CARTESIAN_POINT('',(-21.858195164,-11.8,1.35));
#574=VERTEX_POINT('',#573);
#575=CARTESIAN_POINT('',(-21.858195164,-11.8,1.35));
#576=DIRECTION('',(1.,0.,0.));
#577=VECTOR('',#576,2.198195164);
#578=LINE('',#575,#577);
#579=EDGE_CURVE('',#574,#565,#578,.T.);
#580=ORIENTED_EDGE('',*,*,#579,.F.);
#581=CARTESIAN_POINT('',(-22.189064334,-12.035870284,1.35));
#582=VERTEX_POINT('',#581);
#583=CARTESIAN_POINT('',(-21.858195164,-12.15,1.35));
#584=DIRECTION('',(0.,0.,-1.));
#585=DIRECTION('',(-1.,0.,0.));
#586=AXIS2_PLACEMENT_3D('',#583,#584,#585);
#587=CIRCLE('',#586,0.35);
#588=EDGE_CURVE('',#582,#574,#587,.T.);
#589=ORIENTED_EDGE('',*,*,#588,.F.);
#590=CARTESIAN_POINT('',(-24.755408032,-14.024384243,1.35));
#591=VERTEX_POINT('',#590);
#592=CARTESIAN_POINT('',(-24.755408032,-14.024384243,1.35));
#593=CARTESIAN_POINT('',(-24.210327153,-13.963808123,1.35));
#594=CARTESIAN_POINT('',(-23.072584115,-13.563456492,1.35));
#595=CARTESIAN_POINT('',(-22.377362302,-12.581757847,1.35));
#596=CARTESIAN_POINT('',(-22.189064334,-12.035870284,1.35));
#597=B_SPLINE_CURVE_WITH_KNOTS('',3,(#592,#593,#594,#595,#596),.UNSPECIFIED.,.F.,.F.,(4,1,4),(0.190642773,0.538476288,0.886309802),.UNSPECIFIED.);
#598=EDGE_CURVE('',#591,#582,#597,.T.);
#599=ORIENTED_EDGE('',*,*,#598,.F.);
#600=CARTESIAN_POINT('',(-25.0667497,-14.372242739,1.35));
#601=VERTEX_POINT('',#600);
#602=CARTESIAN_POINT('',(-24.7167497,-14.372242739,1.35));
#603=DIRECTION('',(0.,0.,-1.));
#604=DIRECTION('',(-1.,0.,0.));
#605=AXIS2_PLACEMENT_3D('',#602,#603,#604);
#606=CIRCLE('',#605,0.35);
#607=EDGE_CURVE('',#601,#591,#606,.T.);
#608=ORIENTED_EDGE('',*,*,#607,.F.);
#609=CARTESIAN_POINT('',(-25.0667497,-14.9,1.35));
#610=VERTEX_POINT('',#609);
#611=CARTESIAN_POINT('',(-25.0667497,-14.9,1.35));
#612=DIRECTION('',(0.,1.,0.));
#613=VECTOR('',#612,0.527757261);
#614=LINE('',#611,#613);
#615=EDGE_CURVE('',#610,#601,#614,.T.);
#616=ORIENTED_EDGE('',*,*,#615,.F.);
#617=CARTESIAN_POINT('',(-22.18,-17.7867497,1.35));
#618=VERTEX_POINT('',#617);
#619=CARTESIAN_POINT('',(-22.18,-14.9,1.35));
#620=DIRECTION('',(0.,0.,-1.));
#621=DIRECTION('',(-1.,0.,0.));
#622=AXIS2_PLACEMENT_3D('',#619,#620,#621);
#623=CIRCLE('',#622,2.8867497);
#624=EDGE_CURVE('',#618,#610,#623,.T.);
#625=ORIENTED_EDGE('',*,*,#624,.F.);
#626=CARTESIAN_POINT('',(16.66,-17.7867497,1.35));
#627=DIRECTION('',(-1.,0.,0.));
#628=VECTOR('',#627,38.84);
#629=LINE('',#626,#628);
#630=EDGE_CURVE('',#513,#618,#629,.T.);
#631=ORIENTED_EDGE('',*,*,#630,.F.);
#632=EDGE_LOOP('',(#520,#529,#538,#546,#555,#563,#572,#580,#589,#599,#608,#616,#625,#631));
#633=FACE_BOUND('',#632,.T.);
#634=CARTESIAN_POINT('',(-19.66,-4.6,1.35));
#635=VERTEX_POINT('',#634);
#636=CARTESIAN_POINT('',(-21.680316618,-4.6,1.35));
#637=VERTEX_POINT('',#636);
#638=CARTESIAN_POINT('',(-19.66,-4.6,1.35));
#639=DIRECTION('',(-1.,0.,0.));
#640=VECTOR('',#639,2.020316618);
#641=LINE('',#638,#640);
#642=EDGE_CURVE('',#635,#637,#641,.T.);
#643=ORIENTED_EDGE('',*,*,#642,.F.);
#644=CARTESIAN_POINT('',(-19.31,-4.25,1.35));
#645=VERTEX_POINT('',#644);
#646=CARTESIAN_POINT('',(-19.66,-4.25,1.35));
#647=DIRECTION('',(0.,0.,-1.));
#648=DIRECTION('',(-1.,0.,0.));
#649=AXIS2_PLACEMENT_3D('',#646,#647,#648);
#650=CIRCLE('',#649,0.35);
#651=EDGE_CURVE('',#645,#635,#650,.T.);
#652=ORIENTED_EDGE('',*,*,#651,.F.);
#653=CARTESIAN_POINT('',(-19.31,4.25,1.35));
#654=VERTEX_POINT('',#653);
#655=CARTESIAN_POINT('',(-19.31,4.25,1.35));
#656=DIRECTION('',(0.,-1.,0.));
#657=VECTOR('',#656,8.5);
#658=LINE('',#655,#657);
#659=EDGE_CURVE('',#654,#645,#658,.T.);
#660=ORIENTED_EDGE('',*,*,#659,.F.);
#661=CARTESIAN_POINT('',(-19.66,4.6,1.35));
#662=VERTEX_POINT('',#661);
#663=CARTESIAN_POINT('',(-19.66,4.25,1.35));
#664=DIRECTION('',(0.,0.,-1.));
#665=DIRECTION('',(-1.,0.,0.));
#666=AXIS2_PLACEMENT_3D('',#663,#664,#665);
#667=CIRCLE('',#666,0.35);
#668=EDGE_CURVE('',#662,#654,#667,.T.);
#669=ORIENTED_EDGE('',*,*,#668,.F.);
#670=CARTESIAN_POINT('',(-21.680316618,4.6,1.35));
#671=VERTEX_POINT('',#670);
#672=CARTESIAN_POINT('',(-21.680316618,4.6,1.35));
#673=DIRECTION('',(1.,-0.,0.));
#674=VECTOR('',#673,2.020316618);
#675=LINE('',#672,#674);
#676=EDGE_CURVE('',#671,#662,#675,.T.);
#677=ORIENTED_EDGE('',*,*,#676,.F.);
#678=CARTESIAN_POINT('',(-22.030316618,4.25,1.35));
#679=VERTEX_POINT('',#678);
#680=CARTESIAN_POINT('',(-21.680316618,4.25,1.35));
#681=DIRECTION('',(0.,0.,-1.));
#682=DIRECTION('',(-1.,0.,0.));
#683=AXIS2_PLACEMENT_3D('',#680,#681,#682);
#684=CIRCLE('',#683,0.35);
#685=EDGE_CURVE('',#679,#671,#684,.T.);
#686=ORIENTED_EDGE('',*,*,#685,.F.);
#687=CARTESIAN_POINT('',(-22.030316618,-4.25,1.35));
#688=VERTEX_POINT('',#687);
#689=CARTESIAN_POINT('',(-22.030316618,-4.25,1.35));
#690=DIRECTION('',(0.,1.,0.));
#691=VECTOR('',#690,8.5);
#692=LINE('',#689,#691);
#693=EDGE_CURVE('',#688,#679,#692,.T.);
#694=ORIENTED_EDGE('',*,*,#693,.F.);
#695=CARTESIAN_POINT('',(-21.680316618,-4.25,1.35));
#696=DIRECTION('',(0.,0.,-1.));
#697=DIRECTION('',(-1.,0.,0.));
#698=AXIS2_PLACEMENT_3D('',#695,#696,#697);
#699=CIRCLE('',#698,0.35);
#700=EDGE_CURVE('',#637,#688,#699,.T.);
#701=ORIENTED_EDGE('',*,*,#700,.F.);
#702=EDGE_LOOP('',(#643,#652,#660,#669,#677,#686,#694,#701));
#703=FACE_BOUND('',#702,.T.);
#704=CARTESIAN_POINT('',(-25.272635347,-13.5,1.35));
#705=VERTEX_POINT('',#704);
#706=CARTESIAN_POINT('',(-25.6167497,-13.5,1.35));
#707=VERTEX_POINT('',#706);
#708=CARTESIAN_POINT('',(-25.272635347,-13.5,1.35));
#709=DIRECTION('',(-1.,0.,0.));
#710=VECTOR('',#709,0.344114353);
#711=LINE('',#708,#710);
#712=EDGE_CURVE('',#705,#707,#711,.T.);
#713=ORIENTED_EDGE('',*,*,#712,.F.);
#714=CARTESIAN_POINT('',(-22.580316618,-11.1,1.35));
#715=VERTEX_POINT('',#714);
#716=CARTESIAN_POINT('',(-25.272635347,-13.5,1.35));
#717=CARTESIAN_POINT('',(-25.103332763,-13.5,1.35));
#718=CARTESIAN_POINT('',(-24.934565323,-13.494131918,1.35));
#719=CARTESIAN_POINT('',(-24.767115442,-13.473816225,1.35));
#720=CARTESIAN_POINT('',(-24.599665561,-13.453500531,1.35));
#721=CARTESIAN_POINT('',(-24.432327704,-13.418744445,1.35));
#722=CARTESIAN_POINT('',(-24.271806729,-13.368380761,1.35));
#723=CARTESIAN_POINT('',(-24.111285754,-13.318017076,1.35));
#724=CARTESIAN_POINT('',(-23.956584618,-13.25234065,1.35));
#725=CARTESIAN_POINT('',(-23.808178749,-13.170100571,1.35));
#726=CARTESIAN_POINT('',(-23.65977288,-13.087860492,1.35));
#727=CARTESIAN_POINT('',(-23.521661033,-12.991146701,1.35));
#728=CARTESIAN_POINT('',(-23.395312222,-12.881441045,1.35));
#729=CARTESIAN_POINT('',(-23.332137817,-12.826588216,1.35));
#730=CARTESIAN_POINT('',(-23.271778822,-12.768376478,1.35));
#731=CARTESIAN_POINT('',(-23.214310252,-12.706716334,1.35));
#732=CARTESIAN_POINT('',(-23.156841681,-12.64505619,1.35));
#733=CARTESIAN_POINT('',(-23.102019168,-12.579554613,1.35));
#734=CARTESIAN_POINT('',(-23.051398169,-12.512015579,1.35));
#735=CARTESIAN_POINT('',(-22.950156169,-12.37693751,1.35));
#736=CARTESIAN_POINT('',(-22.864503048,-12.23289511,1.35));
#737=CARTESIAN_POINT('',(-22.794368626,-12.079928732,1.35));
#738=CARTESIAN_POINT('',(-22.724234205,-11.926962353,1.35));
#739=CARTESIAN_POINT('',(-22.670002802,-11.764414106,1.35));
#740=CARTESIAN_POINT('',(-22.634287608,-11.600662973,1.35));
#741=CARTESIAN_POINT('',(-22.598572414,-11.436911841,1.35));
#742=CARTESIAN_POINT('',(-22.580316618,-11.270071159,1.35));
#743=CARTESIAN_POINT('',(-22.580316618,-11.1,1.35));
#744=B_SPLINE_CURVE_WITH_KNOTS('',3,(#716,#717,#718,#719,#720,#721,#722,#723,#724,#725,#726,#727,#728,#729,#730,#731,#732,#733,#734,#735,#736,#737,#738,#739,#740,#741,
#742,#743),.UNSPECIFIED.,.F.,.F.,(4,3,3,3,3,3,3,3,3,4),(0.,0.000505809,0.001011618,0.001517426,0.002023235,0.00227614,0.002529044,0.003034853,0.003540662,0.00404647),.UNSPECIFIED.);
#745=EDGE_CURVE('',#705,#715,#744,.T.);
#746=ORIENTED_EDGE('',*,*,#745,.T.);
#747=CARTESIAN_POINT('',(-22.580316618,11.1,1.35));
#748=VERTEX_POINT('',#747);
#749=CARTESIAN_POINT('',(-22.580316618,-11.1,1.35));
#750=DIRECTION('',(0.,1.,0.));
#751=VECTOR('',#750,22.2);
#752=LINE('',#749,#751);
#753=EDGE_CURVE('',#715,#748,#752,.T.);
#754=ORIENTED_EDGE('',*,*,#753,.T.);
#755=CARTESIAN_POINT('',(-25.272635347,13.5,1.35));
#756=VERTEX_POINT('',#755);
#757=CARTESIAN_POINT('',(-22.580316618,11.1,1.35));
#758=CARTESIAN_POINT('',(-22.580316618,11.270040272,1.35));
#759=CARTESIAN_POINT('',(-22.598566461,11.436968402,1.35));
#760=CARTESIAN_POINT('',(-22.634341072,11.600908037,1.35));
#761=CARTESIAN_POINT('',(-22.670115682,11.764847672,1.35));
#762=CARTESIAN_POINT('',(-22.724442036,11.927484474,1.35));
#763=CARTESIAN_POINT('',(-22.794536286,12.080294325,1.35));
#764=CARTESIAN_POINT('',(-22.864630536,12.233104177,1.35));
#765=CARTESIAN_POINT('',(-22.950331676,12.377265642,1.35));
#766=CARTESIAN_POINT('',(-23.051873296,12.512649279,1.35));
#767=CARTESIAN_POINT('',(-23.153414915,12.648032916,1.35));
#768=CARTESIAN_POINT('',(-23.26924207,12.772046061,1.35));
#769=CARTESIAN_POINT('',(-23.395889626,12.881942255,1.35));
#770=CARTESIAN_POINT('',(-23.459213404,12.936890351,1.35));
#771=CARTESIAN_POINT('',(-23.525466862,12.98856422,1.35));
#772=CARTESIAN_POINT('',(-23.594691225,13.036917786,1.35));
#773=CARTESIAN_POINT('',(-23.663915589,13.085271352,1.35));
#774=CARTESIAN_POINT('',(-23.736354657,13.130389686,1.35));
#775=CARTESIAN_POINT('',(-23.810149807,13.171191668,1.35));
#776=CARTESIAN_POINT('',(-23.957740107,13.25279563,1.35));
#777=CARTESIAN_POINT('',(-24.112130296,13.318374943,1.35));
#778=CARTESIAN_POINT('',(-24.272973693,13.368746598,1.35));
#779=CARTESIAN_POINT('',(-24.43381709,13.419118252,1.35));
#780=CARTESIAN_POINT('',(-24.600945539,13.453702587,1.35));
#781=CARTESIAN_POINT('',(-24.767964426,13.473919108,1.35));
#782=CARTESIAN_POINT('',(-24.934983312,13.494135629,1.35));
#783=CARTESIAN_POINT('',(-25.103502761,13.5,1.35));
#784=CARTESIAN_POINT('',(-25.272635347,13.5,1.35));
#785=B_SPLINE_CURVE_WITH_KNOTS('',3,(#757,#758,#759,#760,#761,#762,#763,#764,#765,#766,#767,#768,#769,#770,#771,#772,#773,#774,#775,#776,#777,#778,#779,#780,#781,#782,
#783,#784),.UNSPECIFIED.,.F.,.F.,(4,3,3,3,3,3,3,3,3,4),(0.,0.000502862,0.001005723,0.001508585,0.002011446,0.002262877,0.002514308,0.003017169,0.003520031,0.004022892),.UNSPECIFIED.);
#786=EDGE_CURVE('',#748,#756,#785,.T.);
#787=ORIENTED_EDGE('',*,*,#786,.T.);
#788=CARTESIAN_POINT('',(-25.6167497,13.5,1.35));
#789=VERTEX_POINT('',#788);
#790=CARTESIAN_POINT('',(-25.6167497,13.5,1.35));
#791=DIRECTION('',(1.,0.,-0.));
#792=VECTOR('',#791,0.344114353);
#793=LINE('',#790,#792);
#794=EDGE_CURVE('',#789,#756,#793,.T.);
#795=ORIENTED_EDGE('',*,*,#794,.F.);
#796=CARTESIAN_POINT('',(-25.6167497,14.9,1.35));
#797=VERTEX_POINT('',#796);
#798=CARTESIAN_POINT('',(-25.6167497,13.5,1.35));
#799=DIRECTION('',(-0.,1.,-0.));
#800=VECTOR('',#799,1.4);
#801=LINE('',#798,#800);
#802=EDGE_CURVE('',#789,#797,#801,.T.);
#803=ORIENTED_EDGE('',*,*,#802,.T.);
#804=CARTESIAN_POINT('',(-22.18,18.3367497,1.35));
#805=VERTEX_POINT('',#804);
#806=CARTESIAN_POINT('',(-22.18,14.9,1.35));
#807=DIRECTION('',(-0.,-0.,-1.));
#808=DIRECTION('',(1.,0.,-0.));
#809=AXIS2_PLACEMENT_3D('',#806,#807,#808);
#810=CIRCLE('',#809,3.4367497);
#811=EDGE_CURVE('',#797,#805,#810,.T.);
#812=ORIENTED_EDGE('',*,*,#811,.T.);
#813=CARTESIAN_POINT('',(16.66,18.3367497,1.35));
#814=VERTEX_POINT('',#813);
#815=CARTESIAN_POINT('',(-22.18,18.3367497,1.35));
#816=DIRECTION('',(1.,-0.,-0.));
#817=VECTOR('',#816,38.84);
#818=LINE('',#815,#817);
#819=EDGE_CURVE('',#805,#814,#818,.T.);
#820=ORIENTED_EDGE('',*,*,#819,.T.);
#821=CARTESIAN_POINT('',(20.0967497,14.9,1.35));
#822=VERTEX_POINT('',#821);
#823=CARTESIAN_POINT('',(16.66,14.9,1.35));
#824=DIRECTION('',(-0.,-0.,-1.));
#825=DIRECTION('',(1.,0.,-0.));
#826=AXIS2_PLACEMENT_3D('',#823,#824,#825);
#827=CIRCLE('',#826,3.4367497);
#828=EDGE_CURVE('',#814,#822,#827,.T.);
#829=ORIENTED_EDGE('',*,*,#828,.T.);
#830=CARTESIAN_POINT('',(20.0967497,-14.9,1.35));
#831=VERTEX_POINT('',#830);
#832=CARTESIAN_POINT('',(20.0967497,14.9,1.35));
#833=DIRECTION('',(-0.,-1.,-0.));
#834=VECTOR('',#833,29.8);
#835=LINE('',#832,#834);
#836=EDGE_CURVE('',#822,#831,#835,.T.);
#837=ORIENTED_EDGE('',*,*,#836,.T.);
#838=CARTESIAN_POINT('',(16.66,-18.3367497,1.35));
#839=VERTEX_POINT('',#838);
#840=CARTESIAN_POINT('',(16.66,-14.9,1.35));
#841=DIRECTION('',(-0.,-0.,-1.));
#842=DIRECTION('',(1.,0.,-0.));
#843=AXIS2_PLACEMENT_3D('',#840,#841,#842);
#844=CIRCLE('',#843,3.4367497);
#845=EDGE_CURVE('',#831,#839,#844,.T.);
#846=ORIENTED_EDGE('',*,*,#845,.T.);
#847=CARTESIAN_POINT('',(-22.18,-18.3367497,1.35));
#848=VERTEX_POINT('',#847);
#849=CARTESIAN_POINT('',(16.66,-18.3367497,1.35));
#850=DIRECTION('',(-1.,-0.,0.));
#851=VECTOR('',#850,38.84);
#852=LINE('',#849,#851);
#853=EDGE_CURVE('',#839,#848,#852,.T.);
#854=ORIENTED_EDGE('',*,*,#853,.T.);
#855=CARTESIAN_POINT('',(-25.6167497,-14.9,1.35));
#856=VERTEX_POINT('',#855);
#857=CARTESIAN_POINT('',(-22.18,-14.9,1.35));
#858=DIRECTION('',(-0.,-0.,-1.));
#859=DIRECTION('',(1.,0.,-0.));
#860=AXIS2_PLACEMENT_3D('',#857,#858,#859);
#861=CIRCLE('',#860,3.4367497);
#862=EDGE_CURVE('',#848,#856,#861,.T.);
#863=ORIENTED_EDGE('',*,*,#862,.T.);
#864=CARTESIAN_POINT('',(-25.6167497,-14.9,1.35));
#865=DIRECTION('',(-0.,1.,-0.));
#866=VECTOR('',#865,1.4);
#867=LINE('',#864,#866);
#868=EDGE_CURVE('',#856,#707,#867,.T.);
#869=ORIENTED_EDGE('',*,*,#868,.T.);
#870=EDGE_LOOP('',(#713,#746,#754,#787,#795,#803,#812,#820,#829,#837,#846,#854,#863,#869));
#871=FACE_BOUND('',#870,.T.);
#872=CARTESIAN_POINT('',(-22.504169953,-5.15,1.35));
#873=VERTEX_POINT('',#872);
#874=CARTESIAN_POINT('',(-19.964211403,-5.15,1.35));
#875=VERTEX_POINT('',#874);
#876=CARTESIAN_POINT('',(-22.504169953,-5.15,1.35));
#877=DIRECTION('',(1.,0.,-0.));
#878=VECTOR('',#877,2.53995855);
#879=LINE('',#876,#878);
#880=EDGE_CURVE('',#873,#875,#879,.T.);
#881=ORIENTED_EDGE('',*,*,#880,.F.);
#882=CARTESIAN_POINT('',(-22.504169953,-11.25,1.35));
#883=VERTEX_POINT('',#882);
#884=CARTESIAN_POINT('',(-22.504169953,-11.25,1.35));
#885=DIRECTION('',(0.,1.,0.));
#886=VECTOR('',#885,6.1);
#887=LINE('',#884,#886);
#888=EDGE_CURVE('',#883,#873,#887,.T.);
#889=ORIENTED_EDGE('',*,*,#888,.F.);
#890=CARTESIAN_POINT('',(-19.964211403,-11.25,1.35));
#891=VERTEX_POINT('',#890);
#892=CARTESIAN_POINT('',(-19.964211403,-11.25,1.35));
#893=DIRECTION('',(-1.,0.,0.));
#894=VECTOR('',#893,2.53995855);
#895=LINE('',#892,#894);
#896=EDGE_CURVE('',#891,#883,#895,.T.);
#897=ORIENTED_EDGE('',*,*,#896,.F.);
#898=CARTESIAN_POINT('',(-19.964211403,-5.15,1.35));
#899=DIRECTION('',(0.,-1.,0.));
#900=VECTOR('',#899,6.1);
#901=LINE('',#898,#900);
#902=EDGE_CURVE('',#875,#891,#901,.T.);
#903=ORIENTED_EDGE('',*,*,#902,.F.);
#904=EDGE_LOOP('',(#881,#889,#897,#903));
#905=FACE_BOUND('',#904,.T.);
#906=CARTESIAN_POINT('',(-19.964211403,5.15,1.35));
#907=VERTEX_POINT('',#906);
#908=CARTESIAN_POINT('',(-22.504169953,5.15,1.35));
#909=VERTEX_POINT('',#908);
#910=CARTESIAN_POINT('',(-19.964211403,5.15,1.35));
#911=DIRECTION('',(-1.,0.,0.));
#912=VECTOR('',#911,2.53995855);
#913=LINE('',#910,#912);
#914=EDGE_CURVE('',#907,#909,#913,.T.);
#915=ORIENTED_EDGE('',*,*,#914,.F.);
#916=CARTESIAN_POINT('',(-19.964211403,11.25,1.35));
#917=VERTEX_POINT('',#916);
#918=CARTESIAN_POINT('',(-19.964211403,11.25,1.35));
#919=DIRECTION('',(0.,-1.,0.));
#920=VECTOR('',#919,6.1);
#921=LINE('',#918,#920);
#922=EDGE_CURVE('',#917,#907,#921,.T.);
#923=ORIENTED_EDGE('',*,*,#922,.F.);
#924=CARTESIAN_POINT('',(-22.504169953,11.25,1.35));
#925=VERTEX_POINT('',#924);
#926=CARTESIAN_POINT('',(-22.504169953,11.25,1.35));
#927=DIRECTION('',(1.,0.,0.));
#928=VECTOR('',#927,2.53995855);
#929=LINE('',#926,#928);
#930=EDGE_CURVE('',#925,#917,#929,.T.);
#931=ORIENTED_EDGE('',*,*,#930,.F.);
#932=CARTESIAN_POINT('',(-22.504169953,5.15,1.35));
#933=DIRECTION('',(0.,1.,0.));
#934=VECTOR('',#933,6.1);
#935=LINE('',#932,#934);
#936=EDGE_CURVE('',#909,#925,#935,.T.);
#937=ORIENTED_EDGE('',*,*,#936,.F.);
#938=EDGE_LOOP('',(#915,#923,#931,#937));
#939=FACE_BOUND('',#938,.T.);
#940=CARTESIAN_POINT('',(18.66,-15.9,1.35));
#941=VERTEX_POINT('',#940);
#942=CARTESIAN_POINT('',(18.66,15.9,1.35));
#943=VERTEX_POINT('',#942);
#944=CARTESIAN_POINT('',(18.66,-15.9,1.35));
#945=DIRECTION('',(0.,1.,0.));
#946=VECTOR('',#945,31.8);
#947=LINE('',#944,#946);
#948=EDGE_CURVE('',#941,#943,#947,.T.);
#949=ORIENTED_EDGE('',*,*,#948,.T.);
#950=CARTESIAN_POINT('',(-18.66,15.9,1.35));
#951=VERTEX_POINT('',#950);
#952=CARTESIAN_POINT('',(18.66,15.9,1.35));
#953=DIRECTION('',(-1.,0.,0.));
#954=VECTOR('',#953,37.32);
#955=LINE('',#952,#954);
#956=EDGE_CURVE('',#943,#951,#955,.T.);
#957=ORIENTED_EDGE('',*,*,#956,.T.);
#958=CARTESIAN_POINT('',(-18.66,-15.9,1.35));
#959=VERTEX_POINT('',#958);
#960=CARTESIAN_POINT('',(-18.66,-15.9,1.35));
#961=DIRECTION('',(0.,1.,0.));
#962=VECTOR('',#961,31.8);
#963=LINE('',#960,#962);
#964=EDGE_CURVE('',#959,#951,#963,.T.);
#965=ORIENTED_EDGE('',*,*,#964,.F.);
#966=CARTESIAN_POINT('',(-18.66,-15.9,1.35));
#967=DIRECTION('',(1.,0.,-0.));
#968=VECTOR('',#967,37.32);
#969=LINE('',#966,#968);
#970=EDGE_CURVE('',#959,#941,#969,.T.);
#971=ORIENTED_EDGE('',*,*,#970,.T.);
#972=EDGE_LOOP('',(#949,#957,#965,#971));
#973=FACE_BOUND('',#972,.T.);
#974=CARTESIAN_POINT('',(-19.26,12.15,1.35));
#975=VERTEX_POINT('',#974);
#976=CARTESIAN_POINT('',(-19.26,16.1,1.35));
#977=VERTEX_POINT('',#976);
#978=CARTESIAN_POINT('',(-19.26,12.15,1.35));
#979=DIRECTION('',(0.,1.,0.));
#980=VECTOR('',#979,3.95);
#981=LINE('',#978,#980);
#982=EDGE_CURVE('',#975,#977,#981,.T.);
#983=ORIENTED_EDGE('',*,*,#982,.T.);
#984=CARTESIAN_POINT('',(-18.86,16.5,1.35));
#985=VERTEX_POINT('',#984);
#986=CARTESIAN_POINT('',(-18.86,16.1,1.35));
#987=DIRECTION('',(0.,0.,-1.));
#988=DIRECTION('',(-1.,0.,0.));
#989=AXIS2_PLACEMENT_3D('',#986,#987,#988);
#990=CIRCLE('',#989,0.4);
#991=EDGE_CURVE('',#977,#985,#990,.T.);
#992=ORIENTED_EDGE('',*,*,#991,.T.);
#993=CARTESIAN_POINT('',(18.220480387,16.5,1.35));
#994=VERTEX_POINT('',#993);
#995=CARTESIAN_POINT('',(-18.86,16.5,1.35));
#996=DIRECTION('',(1.,0.,0.));
#997=VECTOR('',#996,37.080480387);
#998=LINE('',#995,#997);
#999=EDGE_CURVE('',#985,#994,#998,.T.);
#1000=ORIENTED_EDGE('',*,*,#999,.T.);
#1001=CARTESIAN_POINT('',(18.620480387,16.9,1.35));
#1002=VERTEX_POINT('',#1001);
#1003=CARTESIAN_POINT('',(18.220480387,16.9,1.35));
#1004=DIRECTION('',(0.,0.,-1.));
#1005=DIRECTION('',(-1.,0.,0.));
#1006=AXIS2_PLACEMENT_3D('',#1003,#1004,#1005);
#1007=CIRCLE('',#1006,0.4);
#1008=EDGE_CURVE('',#1002,#994,#1007,.T.);
#1009=ORIENTED_EDGE('',*,*,#1008,.F.);
#1010=CARTESIAN_POINT('',(18.4665402,17.215364184,1.35));
#1011=VERTEX_POINT('',#1010);
#1012=CARTESIAN_POINT('',(18.220480387,16.9,1.35));
#1013=DIRECTION('',(0.,0.,-1.));
#1014=DIRECTION('',(-1.,0.,0.));
#1015=AXIS2_PLACEMENT_3D('',#1012,#1013,#1014);
#1016=CIRCLE('',#1015,0.4);
#1017=EDGE_CURVE('',#1011,#1002,#1016,.T.);
#1018=ORIENTED_EDGE('',*,*,#1017,.F.);
#1019=CARTESIAN_POINT('',(16.66,17.8367497,1.35));
#1020=VERTEX_POINT('',#1019);
#1021=CARTESIAN_POINT('',(16.66,14.9,1.35));
#1022=DIRECTION('',(0.,0.,-1.));
#1023=DIRECTION('',(-1.,0.,0.));
#1024=AXIS2_PLACEMENT_3D('',#1021,#1022,#1023);
#1025=CIRCLE('',#1024,2.9367497);
#1026=EDGE_CURVE('',#1020,#1011,#1025,.T.);
#1027=ORIENTED_EDGE('',*,*,#1026,.F.);
#1028=CARTESIAN_POINT('',(-22.18,17.8367497,1.35));
#1029=VERTEX_POINT('',#1028);
#1030=CARTESIAN_POINT('',(-22.18,17.8367497,1.35));
#1031=DIRECTION('',(1.,0.,-0.));
#1032=VECTOR('',#1031,38.84);
#1033=LINE('',#1030,#1032);
#1034=EDGE_CURVE('',#1029,#1020,#1033,.T.);
#1035=ORIENTED_EDGE('',*,*,#1034,.F.);
#1036=CARTESIAN_POINT('',(-25.1167497,14.9,1.35));
#1037=VERTEX_POINT('',#1036);
#1038=CARTESIAN_POINT('',(-22.18,14.9,1.35));
#1039=DIRECTION('',(0.,0.,-1.));
#1040=DIRECTION('',(-1.,0.,0.));
#1041=AXIS2_PLACEMENT_3D('',#1038,#1039,#1040);
#1042=CIRCLE('',#1041,2.9367497);
#1043=EDGE_CURVE('',#1037,#1029,#1042,.T.);
#1044=ORIENTED_EDGE('',*,*,#1043,.F.);
#1045=CARTESIAN_POINT('',(-25.1167497,14.372220254,1.35));
#1046=VERTEX_POINT('',#1045);
#1047=CARTESIAN_POINT('',(-25.1167497,14.372220254,1.35));
#1048=DIRECTION('',(0.,1.,0.));
#1049=VECTOR('',#1048,0.527779746);
#1050=LINE('',#1047,#1049);
#1051=EDGE_CURVE('',#1046,#1037,#1050,.T.);
#1052=ORIENTED_EDGE('',*,*,#1051,.F.);
#1053=CARTESIAN_POINT('',(-24.760961515,13.974671119,1.35));
#1054=VERTEX_POINT('',#1053);
#1055=CARTESIAN_POINT('',(-24.7167497,14.372220254,1.35));
#1056=DIRECTION('',(0.,0.,-1.));
#1057=DIRECTION('',(-1.,0.,0.));
#1058=AXIS2_PLACEMENT_3D('',#1055,#1056,#1057);
#1059=CIRCLE('',#1058,0.4);
#1060=EDGE_CURVE('',#1054,#1046,#1059,.T.);
#1061=ORIENTED_EDGE('',*,*,#1060,.F.);
#1062=CARTESIAN_POINT('',(-22.236322052,12.019561786,1.35));
#1063=VERTEX_POINT('',#1062);
#1064=CARTESIAN_POINT('',(-24.760961515,13.974671119,1.35));
#1065=CARTESIAN_POINT('',(-24.50824895,13.946566716,1.35));
#1066=CARTESIAN_POINT('',(-23.865203075,13.813266853,1.35));
#1067=CARTESIAN_POINT('',(-22.875151978,13.218448084,1.35));
#1068=CARTESIAN_POINT('',(-22.391449744,12.469270239,1.35));
#1069=CARTESIAN_POINT('',(-22.236322052,12.019561786,1.35));
#1070=B_SPLINE_CURVE_WITH_KNOTS('',3,(#1064,#1065,#1066,#1067,#1068,#1069),.UNSPECIFIED.,.F.,.F.,(4,1,1,4),(0.113543692,0.276675086,0.517783391,0.809341077),.UNSPECIFIED.);
#1071=EDGE_CURVE('',#1054,#1063,#1070,.T.);
#1072=ORIENTED_EDGE('',*,*,#1071,.T.);
#1073=CARTESIAN_POINT('',(-21.858187325,11.75,1.35));
#1074=VERTEX_POINT('',#1073);
#1075=CARTESIAN_POINT('',(-21.858187325,12.15,1.35));
#1076=DIRECTION('',(0.,0.,-1.));
#1077=DIRECTION('',(-1.,0.,0.));
#1078=AXIS2_PLACEMENT_3D('',#1075,#1076,#1077);
#1079=CIRCLE('',#1078,0.4);
#1080=EDGE_CURVE('',#1074,#1063,#1079,.T.);
#1081=ORIENTED_EDGE('',*,*,#1080,.F.);
#1082=CARTESIAN_POINT('',(-19.66,11.75,1.35));
#1083=VERTEX_POINT('',#1082);
#1084=CARTESIAN_POINT('',(-21.858187325,11.75,1.35));
#1085=DIRECTION('',(1.,0.,0.));
#1086=VECTOR('',#1085,2.198187325);
#1087=LINE('',#1084,#1086);
#1088=EDGE_CURVE('',#1074,#1083,#1087,.T.);
#1089=ORIENTED_EDGE('',*,*,#1088,.T.);
#1090=CARTESIAN_POINT('',(-19.66,12.15,1.35));
#1091=DIRECTION('',(0.,0.,-1.));
#1092=DIRECTION('',(-1.,0.,0.));
#1093=AXIS2_PLACEMENT_3D('',#1090,#1091,#1092);
#1094=CIRCLE('',#1093,0.4);
#1095=EDGE_CURVE('',#975,#1083,#1094,.T.);
#1096=ORIENTED_EDGE('',*,*,#1095,.F.);
#1097=EDGE_LOOP('',(#983,#992,#1000,#1009,#1018,#1027,#1035,#1044,#1052,#1061,#1072,#1081,#1089,#1096));
#1098=FACE_BOUND('',#1097,.T.);
#1099=ADVANCED_FACE('',(#633,#703,#871,#905,#939,#973,#1098),#509,.T.);
#1100=CARTESIAN_POINT('',(0.,0.,1.35));
#1101=DIRECTION('',(0.,0.,-1.));
#1102=DIRECTION('',(1.,0.,0.));
#1103=AXIS2_PLACEMENT_3D('',#1100,#1101,#1102);
#1104=PLANE('',#1103);
#1105=CARTESIAN_POINT('',(11.64,14.4,1.35));
#1106=VERTEX_POINT('',#1105);
#1107=CARTESIAN_POINT('',(11.64,-14.4,1.35));
#1108=VERTEX_POINT('',#1107);
#1109=CARTESIAN_POINT('',(11.64,14.4,1.35));
#1110=DIRECTION('',(0.,-1.,0.));
#1111=VECTOR('',#1110,28.8);
#1112=LINE('',#1109,#1111);
#1113=EDGE_CURVE('',#1106,#1108,#1112,.T.);
#1114=ORIENTED_EDGE('',*,*,#1113,.T.);
#1115=CARTESIAN_POINT('',(-17.16,-14.4,1.35));
#1116=VERTEX_POINT('',#1115);
#1117=CARTESIAN_POINT('',(11.64,-14.4,1.35));
#1118=DIRECTION('',(-1.,0.,0.));
#1119=VECTOR('',#1118,28.8);
#1120=LINE('',#1117,#1119);
#1121=EDGE_CURVE('',#1108,#1116,#1120,.T.);
#1122=ORIENTED_EDGE('',*,*,#1121,.T.);
#1123=CARTESIAN_POINT('',(-17.16,14.4,1.35));
#1124=VERTEX_POINT('',#1123);
#1125=CARTESIAN_POINT('',(-17.16,-14.4,1.35));
#1126=DIRECTION('',(0.,1.,0.));
#1127=VECTOR('',#1126,28.8);
#1128=LINE('',#1125,#1127);
#1129=EDGE_CURVE('',#1116,#1124,#1128,.T.);
#1130=ORIENTED_EDGE('',*,*,#1129,.T.);
#1131=CARTESIAN_POINT('',(-17.16,14.4,1.35));
#1132=DIRECTION('',(1.,0.,-0.));
#1133=VECTOR('',#1132,28.8);
#1134=LINE('',#1131,#1133);
#1135=EDGE_CURVE('',#1124,#1106,#1134,.T.);
#1136=ORIENTED_EDGE('',*,*,#1135,.T.);
#1137=EDGE_LOOP('',(#1114,#1122,#1130,#1136));
#1138=FACE_BOUND('',#1137,.T.);
#1139=CARTESIAN_POINT('',(7.74,-13.5,1.35));
#1140=VERTEX_POINT('',#1139);
#1141=CARTESIAN_POINT('',(-13.26,-13.5,1.35));
#1142=VERTEX_POINT('',#1141);
#1143=CARTESIAN_POINT('',(7.74,-13.5,1.35));
#1144=DIRECTION('',(-1.,0.,0.));
#1145=VECTOR('',#1144,21.);
#1146=LINE('',#1143,#1145);
#1147=EDGE_CURVE('',#1140,#1142,#1146,.T.);
#1148=ORIENTED_EDGE('',*,*,#1147,.F.);
#1149=CARTESIAN_POINT('',(10.74,-10.5,1.35));
#1150=VERTEX_POINT('',#1149);
#1151=CARTESIAN_POINT('',(7.74,-10.5,1.35));
#1152=DIRECTION('',(0.,0.,-1.));
#1153=DIRECTION('',(-1.,0.,0.));
#1154=AXIS2_PLACEMENT_3D('',#1151,#1152,#1153);
#1155=CIRCLE('',#1154,3.);
#1156=EDGE_CURVE('',#1150,#1140,#1155,.T.);
#1157=ORIENTED_EDGE('',*,*,#1156,.F.);
#1158=CARTESIAN_POINT('',(10.74,10.5,1.35));
#1159=VERTEX_POINT('',#1158);
#1160=CARTESIAN_POINT('',(10.74,-10.5,1.35));
#1161=DIRECTION('',(0.,1.,0.));
#1162=VECTOR('',#1161,21.);
#1163=LINE('',#1160,#1162);
#1164=EDGE_CURVE('',#1150,#1159,#1163,.T.);
#1165=ORIENTED_EDGE('',*,*,#1164,.T.);
#1166=CARTESIAN_POINT('',(7.74,13.5,1.35));
#1167=VERTEX_POINT('',#1166);
#1168=CARTESIAN_POINT('',(7.74,10.5,1.35));
#1169=DIRECTION('',(0.,0.,-1.));
#1170=DIRECTION('',(-1.,0.,0.));
#1171=AXIS2_PLACEMENT_3D('',#1168,#1169,#1170);
#1172=CIRCLE('',#1171,3.);
#1173=EDGE_CURVE('',#1167,#1159,#1172,.T.);
#1174=ORIENTED_EDGE('',*,*,#1173,.F.);
#1175=CARTESIAN_POINT('',(-13.26,13.5,1.35));
#1176=VERTEX_POINT('',#1175);
#1177=CARTESIAN_POINT('',(7.74,13.5,1.35));
#1178=DIRECTION('',(-1.,0.,0.));
#1179=VECTOR('',#1178,21.);
#1180=LINE('',#1177,#1179);
#1181=EDGE_CURVE('',#1167,#1176,#1180,.T.);
#1182=ORIENTED_EDGE('',*,*,#1181,.T.);
#1183=CARTESIAN_POINT('',(-16.26,10.5,1.35));
#1184=VERTEX_POINT('',#1183);
#1185=CARTESIAN_POINT('',(-13.26,10.5,1.35));
#1186=DIRECTION('',(0.,0.,-1.));
#1187=DIRECTION('',(-1.,0.,0.));
#1188=AXIS2_PLACEMENT_3D('',#1185,#1186,#1187);
#1189=CIRCLE('',#1188,3.);
#1190=EDGE_CURVE('',#1184,#1176,#1189,.T.);
#1191=ORIENTED_EDGE('',*,*,#1190,.F.);
#1192=CARTESIAN_POINT('',(-16.26,-10.5,1.35));
#1193=VERTEX_POINT('',#1192);
#1194=CARTESIAN_POINT('',(-16.26,-10.5,1.35));
#1195=DIRECTION('',(0.,1.,0.));
#1196=VECTOR('',#1195,21.);
#1197=LINE('',#1194,#1196);
#1198=EDGE_CURVE('',#1193,#1184,#1197,.T.);
#1199=ORIENTED_EDGE('',*,*,#1198,.F.);
#1200=CARTESIAN_POINT('',(-13.26,-10.5,1.35));
#1201=DIRECTION('',(0.,0.,-1.));
#1202=DIRECTION('',(-1.,0.,0.));
#1203=AXIS2_PLACEMENT_3D('',#1200,#1201,#1202);
#1204=CIRCLE('',#1203,3.);
#1205=EDGE_CURVE('',#1142,#1193,#1204,.T.);
#1206=ORIENTED_EDGE('',*,*,#1205,.F.);
#1207=EDGE_LOOP('',(#1148,#1157,#1165,#1174,#1182,#1191,#1199,#1206));
#1208=FACE_BOUND('',#1207,.T.);
#1209=ADVANCED_FACE('',(#1138,#1208),#1104,.T.);
#1210=CARTESIAN_POINT('',(0.,0.,1.6));
#1211=DIRECTION('',(0.,0.,1.));
#1212=DIRECTION('',(1.,0.,0.));
#1213=AXIS2_PLACEMENT_3D('',#1210,#1211,#1212);
#1214=PLANE('',#1213);
#1215=CARTESIAN_POINT('',(19.792455532,-13.2,1.6));
#1216=VERTEX_POINT('',#1215);
#1217=CARTESIAN_POINT('',(19.847386354,-13.2,1.6));
#1218=VERTEX_POINT('',#1217);
#1219=CARTESIAN_POINT('',(19.792455532,-13.2,1.6));
#1220=DIRECTION('',(1.,-0.,-0.));
#1221=VECTOR('',#1220,0.054930822);
#1222=LINE('',#1219,#1221);
#1223=EDGE_CURVE('',#1216,#1218,#1222,.T.);
#1224=ORIENTED_EDGE('',*,*,#1223,.F.);
#1225=CARTESIAN_POINT('',(19.792455532,-13.254476089,1.6));
#1226=VERTEX_POINT('',#1225);
#1227=CARTESIAN_POINT('',(19.792455532,-13.254476089,1.6));
#1228=DIRECTION('',(-0.,1.,-0.));
#1229=VECTOR('',#1228,0.054476089);
#1230=LINE('',#1227,#1229);
#1231=EDGE_CURVE('',#1226,#1216,#1230,.T.);
#1232=ORIENTED_EDGE('',*,*,#1231,.F.);
#1233=CARTESIAN_POINT('',(19.792455532,-13.254476089,1.6));
#1234=CARTESIAN_POINT('',(19.810916727,-13.236469632,1.6));
#1235=CARTESIAN_POINT('',(19.829151389,-13.218234661,1.6));
#1236=CARTESIAN_POINT('',(19.847386354,-13.2,1.6));
#1237=B_SPLINE_CURVE_WITH_KNOTS('',3,(#1233,#1234,#1235,#1236),.UNSPECIFIED.,.F.,.F.,(4,4),(0.,0.000077363),.UNSPECIFIED.);
#1238=EDGE_CURVE('',#1226,#1218,#1237,.T.);
#1239=ORIENTED_EDGE('',*,*,#1238,.T.);
#1240=EDGE_LOOP('',(#1224,#1232,#1239));
#1241=FACE_BOUND('',#1240,.T.);
#1242=ADVANCED_FACE('',(#1241),#1214,.T.);
#1243=CARTESIAN_POINT('',(0.,0.,1.6));
#1244=DIRECTION('',(0.,0.,1.));
#1245=DIRECTION('',(1.,0.,0.));
#1246=AXIS2_PLACEMENT_3D('',#1243,#1244,#1245);
#1247=PLANE('',#1246);
#1248=CARTESIAN_POINT('',(19.792455532,13.254476089,1.6));
#1249=VERTEX_POINT('',#1248);
#1250=CARTESIAN_POINT('',(19.792455532,13.2,1.6));
#1251=VERTEX_POINT('',#1250);
#1252=CARTESIAN_POINT('',(19.792455532,13.254476089,1.6));
#1253=DIRECTION('',(0.,-1.,0.));
#1254=VECTOR('',#1253,0.054476089);
#1255=LINE('',#1252,#1254);
#1256=EDGE_CURVE('',#1249,#1251,#1255,.T.);
#1257=ORIENTED_EDGE('',*,*,#1256,.T.);
#1258=CARTESIAN_POINT('',(19.847386354,13.2,1.6));
#1259=VERTEX_POINT('',#1258);
#1260=CARTESIAN_POINT('',(19.792455532,13.2,1.6));
#1261=DIRECTION('',(1.,-0.,-0.));
#1262=VECTOR('',#1261,0.054930822);
#1263=LINE('',#1260,#1262);
#1264=EDGE_CURVE('',#1251,#1259,#1263,.T.);
#1265=ORIENTED_EDGE('',*,*,#1264,.T.);
#1266=CARTESIAN_POINT('',(19.847386354,13.2,1.6));
#1267=CARTESIAN_POINT('',(19.829151389,13.218234661,1.6));
#1268=CARTESIAN_POINT('',(19.810916727,13.236469632,1.6));
#1269=CARTESIAN_POINT('',(19.792455532,13.254476089,1.6));
#1270=B_SPLINE_CURVE_WITH_KNOTS('',3,(#1266,#1267,#1268,#1269),.UNSPECIFIED.,.F.,.F.,(4,4),(0.,0.000077363),.UNSPECIFIED.);
#1271=EDGE_CURVE('',#1259,#1249,#1270,.T.);
#1272=ORIENTED_EDGE('',*,*,#1271,.T.);
#1273=EDGE_LOOP('',(#1257,#1265,#1272));
#1274=FACE_BOUND('',#1273,.T.);
#1275=ADVANCED_FACE('',(#1274),#1247,.T.);
#1276=CARTESIAN_POINT('',(19.847386354,-13.2,1.3));
#1277=DIRECTION('',(0.,-1.,0.));
#1278=DIRECTION('',(0.,0.,-1.));
#1279=AXIS2_PLACEMENT_3D('',#1276,#1277,#1278);
#1280=PLANE('',#1279);
#1281=CARTESIAN_POINT('',(19.983470058,-13.2,1.567359731));
#1282=VERTEX_POINT('',#1281);
#1283=CARTESIAN_POINT('',(19.847386354,-13.2,1.6));
#1284=CARTESIAN_POINT('',(19.89446627,-13.2,1.6));
#1285=CARTESIAN_POINT('',(19.941475384,-13.2,1.588617433));
#1286=CARTESIAN_POINT('',(19.983455496,-13.2,1.567330918));
#1287=B_SPLINE_CURVE_WITH_KNOTS('',3,(#1283,#1284,#1285,#1286),.UNSPECIFIED.,.F.,.F.,(4,4),(2.670793501,3.141592654),.UNSPECIFIED.);
#1288=EDGE_CURVE('',#1218,#1282,#1287,.T.);
#1289=ORIENTED_EDGE('',*,*,#1288,.T.);
#1290=CARTESIAN_POINT('',(20.063509295,-13.2,1.428568493));
#1291=VERTEX_POINT('',#1290);
#1292=CARTESIAN_POINT('',(19.16,-13.2,1.));
#1293=DIRECTION('',(0.,-1.,0.));
#1294=DIRECTION('',(0.,0.,-1.));
#1295=AXIS2_PLACEMENT_3D('',#1292,#1293,#1294);
#1296=CIRCLE('',#1295,1.);
#1297=EDGE_CURVE('',#1291,#1282,#1296,.T.);
#1298=ORIENTED_EDGE('',*,*,#1297,.F.);
#1299=CARTESIAN_POINT('',(19.792455532,-13.2,1.3));
#1300=DIRECTION('',(-0.,1.,-0.));
#1301=DIRECTION('',(0.,0.,-1.));
#1302=AXIS2_PLACEMENT_3D('',#1299,#1300,#1301);
#1303=CIRCLE('',#1302,0.3);
#1304=EDGE_CURVE('',#1216,#1291,#1303,.T.);
#1305=ORIENTED_EDGE('',*,*,#1304,.F.);
#1306=ORIENTED_EDGE('',*,*,#1223,.T.);
#1307=EDGE_LOOP('',(#1289,#1298,#1305,#1306));
#1308=FACE_BOUND('',#1307,.T.);
#1309=ADVANCED_FACE('',(#1308),#1280,.F.);
#1310=CARTESIAN_POINT('',(19.847386354,13.2,1.3));
#1311=DIRECTION('',(0.,-1.,0.));
#1312=DIRECTION('',(0.,0.,-1.));
#1313=AXIS2_PLACEMENT_3D('',#1310,#1311,#1312);
#1314=PLANE('',#1313);
#1315=CARTESIAN_POINT('',(19.983470058,13.2,1.567359731));
#1316=VERTEX_POINT('',#1315);
#1317=CARTESIAN_POINT('',(19.983455496,13.2,1.567330918));
#1318=CARTESIAN_POINT('',(19.941475384,13.2,1.588617433));
#1319=CARTESIAN_POINT('',(19.89446627,13.2,1.6));
#1320=CARTESIAN_POINT('',(19.847386354,13.2,1.6));
#1321=B_SPLINE_CURVE_WITH_KNOTS('',3,(#1317,#1318,#1319,#1320),.UNSPECIFIED.,.F.,.F.,(4,4),(2.670793501,3.141592654),.UNSPECIFIED.);
#1322=EDGE_CURVE('',#1316,#1259,#1321,.T.);
#1323=ORIENTED_EDGE('',*,*,#1322,.T.);
#1324=ORIENTED_EDGE('',*,*,#1264,.F.);
#1325=CARTESIAN_POINT('',(20.063509295,13.2,1.428568493));
#1326=VERTEX_POINT('',#1325);
#1327=CARTESIAN_POINT('',(19.792455532,13.2,1.3));
#1328=DIRECTION('',(0.,-1.,0.));
#1329=DIRECTION('',(0.,0.,-1.));
#1330=AXIS2_PLACEMENT_3D('',#1327,#1328,#1329);
#1331=CIRCLE('',#1330,0.3);
#1332=EDGE_CURVE('',#1326,#1251,#1331,.T.);
#1333=ORIENTED_EDGE('',*,*,#1332,.F.);
#1334=CARTESIAN_POINT('',(19.16,13.2,1.));
#1335=DIRECTION('',(0.,-1.,0.));
#1336=DIRECTION('',(0.,0.,-1.));
#1337=AXIS2_PLACEMENT_3D('',#1334,#1335,#1336);
#1338=CIRCLE('',#1337,1.);
#1339=EDGE_CURVE('',#1326,#1316,#1338,.T.);
#1340=ORIENTED_EDGE('',*,*,#1339,.T.);
#1341=EDGE_LOOP('',(#1323,#1324,#1333,#1340));
#1342=FACE_BOUND('',#1341,.T.);
#1343=ADVANCED_FACE('',(#1342),#1314,.T.);
#1344=CARTESIAN_POINT('',(19.792455532,-13.2,1.9));
#1345=DIRECTION('',(1.,0.,0.));
#1346=DIRECTION('',(0.,0.,-1.));
#1347=AXIS2_PLACEMENT_3D('',#1344,#1345,#1346);
#1348=PLANE('',#1347);
#1349=CARTESIAN_POINT('',(19.792455532,-13.472532575,1.774596669));
#1350=VERTEX_POINT('',#1349);
#1351=CARTESIAN_POINT('',(19.792455532,-13.2,1.9));
#1352=DIRECTION('',(1.,0.,0.));
#1353=DIRECTION('',(0.,0.,-1.));
#1354=AXIS2_PLACEMENT_3D('',#1351,#1352,#1353);
#1355=CIRCLE('',#1354,0.3);
#1356=EDGE_CURVE('',#1350,#1216,#1355,.T.);
#1357=ORIENTED_EDGE('',*,*,#1356,.F.);
#1358=CARTESIAN_POINT('',(19.792455532,-13.473968254,1.774596669));
#1359=VERTEX_POINT('',#1358);
#1360=CARTESIAN_POINT('',(19.792455532,-13.473968254,1.774596669));
#1361=DIRECTION('',(0.,1.,0.));
#1362=VECTOR('',#1361,0.001435679);
#1363=LINE('',#1360,#1362);
#1364=EDGE_CURVE('',#1359,#1350,#1363,.T.);
#1365=ORIENTED_EDGE('',*,*,#1364,.F.);
#1366=CARTESIAN_POINT('',(19.792455532,-13.473968254,1.774596669));
#1367=CARTESIAN_POINT('',(19.792455532,-13.454340346,1.730310514));
#1368=CARTESIAN_POINT('',(19.792455532,-13.423868022,1.690633332));
#1369=CARTESIAN_POINT('',(19.792455532,-13.385644185,1.660174001));
#1370=CARTESIAN_POINT('',(19.792455532,-13.347420348,1.62971467));
#1371=CARTESIAN_POINT('',(19.792455532,-13.302013038,1.608923935));
#1372=CARTESIAN_POINT('',(19.792455532,-13.254476089,1.6));
#1373=B_SPLINE_CURVE_WITH_KNOTS('',3,(#1366,#1367,#1368,#1369,#1370,#1371,#1372),.UNSPECIFIED.,.F.,.F.,(4,3,4),(0.000066563,0.000211694,0.000356826),.UNSPECIFIED.);
#1374=EDGE_CURVE('',#1359,#1226,#1373,.T.);
#1375=ORIENTED_EDGE('',*,*,#1374,.T.);
#1376=ORIENTED_EDGE('',*,*,#1231,.T.);
#1377=EDGE_LOOP('',(#1357,#1365,#1375,#1376));
#1378=FACE_BOUND('',#1377,.T.);
#1379=ADVANCED_FACE('',(#1378),#1348,.T.);
#1380=CARTESIAN_POINT('',(19.792455532,13.2,1.9));
#1381=DIRECTION('',(1.,0.,0.));
#1382=DIRECTION('',(0.,0.,-1.));
#1383=AXIS2_PLACEMENT_3D('',#1380,#1381,#1382);
#1384=PLANE('',#1383);
#1385=CARTESIAN_POINT('',(19.792455532,13.472532575,1.774596669));
#1386=VERTEX_POINT('',#1385);
#1387=CARTESIAN_POINT('',(19.792455532,13.2,1.9));
#1388=DIRECTION('',(-1.,-0.,-0.));
#1389=DIRECTION('',(0.,0.,-1.));
#1390=AXIS2_PLACEMENT_3D('',#1387,#1388,#1389);
#1391=CIRCLE('',#1390,0.3);
#1392=EDGE_CURVE('',#1386,#1251,#1391,.T.);
#1393=ORIENTED_EDGE('',*,*,#1392,.T.);
#1394=ORIENTED_EDGE('',*,*,#1256,.F.);
#1395=CARTESIAN_POINT('',(19.792455532,13.473968254,1.774596669));
#1396=VERTEX_POINT('',#1395);
#1397=CARTESIAN_POINT('',(19.792455532,13.473968254,1.774596669));
#1398=CARTESIAN_POINT('',(19.792455532,13.454340346,1.730310514));
#1399=CARTESIAN_POINT('',(19.792455532,13.423868022,1.690633332));
#1400=CARTESIAN_POINT('',(19.792455532,13.385644185,1.660174001));
#1401=CARTESIAN_POINT('',(19.792455532,13.347420348,1.62971467));
#1402=CARTESIAN_POINT('',(19.792455532,13.302013038,1.608923935));
#1403=CARTESIAN_POINT('',(19.792455532,13.254476089,1.6));
#1404=B_SPLINE_CURVE_WITH_KNOTS('',3,(#1397,#1398,#1399,#1400,#1401,#1402,#1403),.UNSPECIFIED.,.F.,.F.,(4,3,4),(0.000066563,0.000211694,0.000356826),.UNSPECIFIED.);
#1405=EDGE_CURVE('',#1396,#1249,#1404,.T.);
#1406=ORIENTED_EDGE('',*,*,#1405,.F.);
#1407=CARTESIAN_POINT('',(19.792455532,13.473968254,1.774596669));
#1408=DIRECTION('',(-0.,-1.,-0.));
#1409=VECTOR('',#1408,0.001435679);
#1410=LINE('',#1407,#1409);
#1411=EDGE_CURVE('',#1396,#1386,#1410,.T.);
#1412=ORIENTED_EDGE('',*,*,#1411,.T.);
#1413=EDGE_LOOP('',(#1393,#1394,#1406,#1412));
#1414=FACE_BOUND('',#1413,.T.);
#1415=ADVANCED_FACE('',(#1414),#1384,.T.);
#1416=CARTESIAN_POINT('',(-24.68,0.,1.));
#1417=DIRECTION('',(0.,-1.,0.));
#1418=DIRECTION('',(0.,0.,-1.));
#1419=AXIS2_PLACEMENT_3D('',#1416,#1417,#1418);
#1420=CYLINDRICAL_SURFACE('',#1419,1.);
#1421=ORIENTED_EDGE('',*,*,#204,.F.);
#1422=CARTESIAN_POINT('',(-24.913391684,-13.5,1.972382806));
#1423=VERTEX_POINT('',#1422);
#1424=CARTESIAN_POINT('',(-24.68,-13.488672993,2.));
#1425=CARTESIAN_POINT('',(-24.758697391,-13.496346057,2.));
#1426=CARTESIAN_POINT('',(-24.836505592,-13.499999895,1.990837035));
#1427=CARTESIAN_POINT('',(-24.913391684,-13.5,1.972382806));
#1428=B_SPLINE_CURVE_WITH_KNOTS('',3,(#1424,#1425,#1426,#1427),.UNSPECIFIED.,.F.,.F.,(4,4),(0.,0.000235293),.UNSPECIFIED.);
#1429=EDGE_CURVE('',#190,#1423,#1428,.T.);
#1430=ORIENTED_EDGE('',*,*,#1429,.T.);
#1431=CARTESIAN_POINT('',(-24.68,-13.5,1.));
#1432=DIRECTION('',(0.,-1.,0.));
#1433=DIRECTION('',(0.,0.,-1.));
#1434=AXIS2_PLACEMENT_3D('',#1431,#1432,#1433);
#1435=CIRCLE('',#1434,1.);
#1436=EDGE_CURVE('',#1423,#707,#1435,.T.);
#1437=ORIENTED_EDGE('',*,*,#1436,.T.);
#1438=ORIENTED_EDGE('',*,*,#868,.F.);
#1439=CARTESIAN_POINT('',(-24.68,-14.9,1.));
#1440=DIRECTION('',(-0.,-1.,-0.));
#1441=DIRECTION('',(-1.,0.,0.));
#1442=AXIS2_PLACEMENT_3D('',#1439,#1440,#1441);
#1443=CIRCLE('',#1442,1.);
#1444=EDGE_CURVE('',#199,#856,#1443,.T.);
#1445=ORIENTED_EDGE('',*,*,#1444,.F.);
#1446=EDGE_LOOP('',(#1421,#1430,#1437,#1438,#1445));
#1447=FACE_BOUND('',#1446,.T.);
#1448=ADVANCED_FACE('',(#1447),#1420,.T.);
#1449=CARTESIAN_POINT('',(7.74,-10.5,2.002));
#1450=DIRECTION('',(0.,0.,-1.));
#1451=DIRECTION('',(-1.,0.,0.));
#1452=AXIS2_PLACEMENT_3D('',#1449,#1450,#1451);
#1453=CYLINDRICAL_SURFACE('',#1452,3.);
#1454=CARTESIAN_POINT('',(7.74,-13.5,1.4));
#1455=VERTEX_POINT('',#1454);
#1456=CARTESIAN_POINT('',(7.74,-13.5,1.4));
#1457=DIRECTION('',(0.,0.,-1.));
#1458=VECTOR('',#1457,0.05);
#1459=LINE('',#1456,#1458);
#1460=EDGE_CURVE('',#1455,#1140,#1459,.T.);
#1461=ORIENTED_EDGE('',*,*,#1460,.F.);
#1462=CARTESIAN_POINT('',(10.74,-10.5,1.4));
#1463=VERTEX_POINT('',#1462);
#1464=CARTESIAN_POINT('',(7.74,-10.5,1.4));
#1465=DIRECTION('',(0.,0.,1.));
#1466=DIRECTION('',(1.,0.,-0.));
#1467=AXIS2_PLACEMENT_3D('',#1464,#1465,#1466);
#1468=CIRCLE('',#1467,3.);
#1469=EDGE_CURVE('',#1455,#1463,#1468,.T.);
#1470=ORIENTED_EDGE('',*,*,#1469,.T.);
#1471=CARTESIAN_POINT('',(10.74,-10.5,1.4));
#1472=DIRECTION('',(0.,0.,-1.));
#1473=VECTOR('',#1472,0.05);
#1474=LINE('',#1471,#1473);
#1475=EDGE_CURVE('',#1463,#1150,#1474,.T.);
#1476=ORIENTED_EDGE('',*,*,#1475,.T.);
#1477=ORIENTED_EDGE('',*,*,#1156,.T.);
#1478=EDGE_LOOP('',(#1461,#1470,#1476,#1477));
#1479=FACE_BOUND('',#1478,.T.);
#1480=ADVANCED_FACE('',(#1479),#1453,.F.);
#1481=CARTESIAN_POINT('',(10.74,0.,2.002));
#1482=DIRECTION('',(-1.,0.,0.));
#1483=DIRECTION('',(0.,0.,1.));
#1484=AXIS2_PLACEMENT_3D('',#1481,#1482,#1483);
#1485=PLANE('',#1484);
#1486=ORIENTED_EDGE('',*,*,#1475,.F.);
#1487=CARTESIAN_POINT('',(10.74,10.5,1.4));
#1488=VERTEX_POINT('',#1487);
#1489=CARTESIAN_POINT('',(10.74,-10.5,1.4));
#1490=DIRECTION('',(0.,1.,0.));
#1491=VECTOR('',#1490,21.);
#1492=LINE('',#1489,#1491);
#1493=EDGE_CURVE('',#1463,#1488,#1492,.T.);
#1494=ORIENTED_EDGE('',*,*,#1493,.T.);
#1495=CARTESIAN_POINT('',(10.74,10.5,1.4));
#1496=DIRECTION('',(0.,0.,-1.));
#1497=VECTOR('',#1496,0.05);
#1498=LINE('',#1495,#1497);
#1499=EDGE_CURVE('',#1488,#1159,#1498,.T.);
#1500=ORIENTED_EDGE('',*,*,#1499,.T.);
#1501=ORIENTED_EDGE('',*,*,#1164,.F.);
#1502=EDGE_LOOP('',(#1486,#1494,#1500,#1501));
#1503=FACE_BOUND('',#1502,.T.);
#1504=ADVANCED_FACE('',(#1503),#1485,.T.);
#1505=CARTESIAN_POINT('',(7.74,10.5,2.002));
#1506=DIRECTION('',(0.,0.,-1.));
#1507=DIRECTION('',(-1.,0.,0.));
#1508=AXIS2_PLACEMENT_3D('',#1505,#1506,#1507);
#1509=CYLINDRICAL_SURFACE('',#1508,3.);
#1510=ORIENTED_EDGE('',*,*,#1499,.F.);
#1511=CARTESIAN_POINT('',(7.74,13.5,1.4));
#1512=VERTEX_POINT('',#1511);
#1513=CARTESIAN_POINT('',(7.74,10.5,1.4));
#1514=DIRECTION('',(0.,0.,1.));
#1515=DIRECTION('',(1.,0.,-0.));
#1516=AXIS2_PLACEMENT_3D('',#1513,#1514,#1515);
#1517=CIRCLE('',#1516,3.);
#1518=EDGE_CURVE('',#1488,#1512,#1517,.T.);
#1519=ORIENTED_EDGE('',*,*,#1518,.T.);
#1520=CARTESIAN_POINT('',(7.74,13.5,1.4));
#1521=DIRECTION('',(0.,0.,-1.));
#1522=VECTOR('',#1521,0.05);
#1523=LINE('',#1520,#1522);
#1524=EDGE_CURVE('',#1512,#1167,#1523,.T.);
#1525=ORIENTED_EDGE('',*,*,#1524,.T.);
#1526=ORIENTED_EDGE('',*,*,#1173,.T.);
#1527=EDGE_LOOP('',(#1510,#1519,#1525,#1526));
#1528=FACE_BOUND('',#1527,.T.);
#1529=ADVANCED_FACE('',(#1528),#1509,.F.);
#1530=CARTESIAN_POINT('',(-2.76,13.5,2.002));
#1531=DIRECTION('',(0.,-1.,0.));
#1532=DIRECTION('',(0.,0.,-1.));
#1533=AXIS2_PLACEMENT_3D('',#1530,#1531,#1532);
#1534=PLANE('',#1533);
#1535=ORIENTED_EDGE('',*,*,#1524,.F.);
#1536=CARTESIAN_POINT('',(-13.26,13.5,1.4));
#1537=VERTEX_POINT('',#1536);
#1538=CARTESIAN_POINT('',(7.74,13.5,1.4));
#1539=DIRECTION('',(-1.,0.,0.));
#1540=VECTOR('',#1539,21.);
#1541=LINE('',#1538,#1540);
#1542=EDGE_CURVE('',#1512,#1537,#1541,.T.);
#1543=ORIENTED_EDGE('',*,*,#1542,.T.);
#1544=CARTESIAN_POINT('',(-13.26,13.5,1.4));
#1545=DIRECTION('',(0.,0.,-1.));
#1546=VECTOR('',#1545,0.05);
#1547=LINE('',#1544,#1546);
#1548=EDGE_CURVE('',#1537,#1176,#1547,.T.);
#1549=ORIENTED_EDGE('',*,*,#1548,.T.);
#1550=ORIENTED_EDGE('',*,*,#1181,.F.);
#1551=EDGE_LOOP('',(#1535,#1543,#1549,#1550));
#1552=FACE_BOUND('',#1551,.T.);
#1553=ADVANCED_FACE('',(#1552),#1534,.T.);
#1554=CARTESIAN_POINT('',(-13.26,10.5,2.002));
#1555=DIRECTION('',(0.,0.,-1.));
#1556=DIRECTION('',(-1.,0.,0.));
#1557=AXIS2_PLACEMENT_3D('',#1554,#1555,#1556);
#1558=CYLINDRICAL_SURFACE('',#1557,3.);
#1559=ORIENTED_EDGE('',*,*,#1548,.F.);
#1560=CARTESIAN_POINT('',(-16.26,10.5,1.4));
#1561=VERTEX_POINT('',#1560);
#1562=CARTESIAN_POINT('',(-13.26,10.5,1.4));
#1563=DIRECTION('',(0.,0.,1.));
#1564=DIRECTION('',(1.,0.,-0.));
#1565=AXIS2_PLACEMENT_3D('',#1562,#1563,#1564);
#1566=CIRCLE('',#1565,3.);
#1567=EDGE_CURVE('',#1537,#1561,#1566,.T.);
#1568=ORIENTED_EDGE('',*,*,#1567,.T.);
#1569=CARTESIAN_POINT('',(-16.26,10.5,1.4));
#1570=DIRECTION('',(0.,0.,-1.));
#1571=VECTOR('',#1570,0.05);
#1572=LINE('',#1569,#1571);
#1573=EDGE_CURVE('',#1561,#1184,#1572,.T.);
#1574=ORIENTED_EDGE('',*,*,#1573,.T.);
#1575=ORIENTED_EDGE('',*,*,#1190,.T.);
#1576=EDGE_LOOP('',(#1559,#1568,#1574,#1575));
#1577=FACE_BOUND('',#1576,.T.);
#1578=ADVANCED_FACE('',(#1577),#1558,.F.);
#1579=CARTESIAN_POINT('',(-16.26,0.,2.002));
#1580=DIRECTION('',(-1.,0.,0.));
#1581=DIRECTION('',(0.,0.,1.));
#1582=AXIS2_PLACEMENT_3D('',#1579,#1580,#1581);
#1583=PLANE('',#1582);
#1584=ORIENTED_EDGE('',*,*,#1573,.F.);
#1585=CARTESIAN_POINT('',(-16.26,-10.5,1.4));
#1586=VERTEX_POINT('',#1585);
#1587=CARTESIAN_POINT('',(-16.26,10.5,1.4));
#1588=DIRECTION('',(-0.,-1.,-0.));
#1589=VECTOR('',#1588,21.);
#1590=LINE('',#1587,#1589);
#1591=EDGE_CURVE('',#1561,#1586,#1590,.T.);
#1592=ORIENTED_EDGE('',*,*,#1591,.T.);
#1593=CARTESIAN_POINT('',(-16.26,-10.5,1.4));
#1594=DIRECTION('',(0.,0.,-1.));
#1595=VECTOR('',#1594,0.05);
#1596=LINE('',#1593,#1595);
#1597=EDGE_CURVE('',#1586,#1193,#1596,.T.);
#1598=ORIENTED_EDGE('',*,*,#1597,.T.);
#1599=ORIENTED_EDGE('',*,*,#1198,.T.);
#1600=EDGE_LOOP('',(#1584,#1592,#1598,#1599));
#1601=FACE_BOUND('',#1600,.T.);
#1602=ADVANCED_FACE('',(#1601),#1583,.F.);
#1603=CARTESIAN_POINT('',(-2.76,-13.5,2.002));
#1604=DIRECTION('',(0.,-1.,0.));
#1605=DIRECTION('',(0.,0.,-1.));
#1606=AXIS2_PLACEMENT_3D('',#1603,#1604,#1605);
#1607=PLANE('',#1606);
#1608=CARTESIAN_POINT('',(-13.26,-13.5,1.4));
#1609=VERTEX_POINT('',#1608);
#1610=CARTESIAN_POINT('',(-13.26,-13.5,1.4));
#1611=DIRECTION('',(0.,0.,-1.));
#1612=VECTOR('',#1611,0.05);
#1613=LINE('',#1610,#1612);
#1614=EDGE_CURVE('',#1609,#1142,#1613,.T.);
#1615=ORIENTED_EDGE('',*,*,#1614,.F.);
#1616=CARTESIAN_POINT('',(-13.26,-13.5,1.4));
#1617=DIRECTION('',(1.,-0.,-0.));
#1618=VECTOR('',#1617,21.);
#1619=LINE('',#1616,#1618);
#1620=EDGE_CURVE('',#1609,#1455,#1619,.T.);
#1621=ORIENTED_EDGE('',*,*,#1620,.T.);
#1622=ORIENTED_EDGE('',*,*,#1460,.T.);
#1623=ORIENTED_EDGE('',*,*,#1147,.T.);
#1624=EDGE_LOOP('',(#1615,#1621,#1622,#1623));
#1625=FACE_BOUND('',#1624,.T.);
#1626=ADVANCED_FACE('',(#1625),#1607,.F.);
#1627=CARTESIAN_POINT('',(-13.26,-10.5,2.002));
#1628=DIRECTION('',(0.,0.,-1.));
#1629=DIRECTION('',(-1.,0.,0.));
#1630=AXIS2_PLACEMENT_3D('',#1627,#1628,#1629);
#1631=CYLINDRICAL_SURFACE('',#1630,3.);
#1632=ORIENTED_EDGE('',*,*,#1597,.F.);
#1633=CARTESIAN_POINT('',(-13.26,-10.5,1.4));
#1634=DIRECTION('',(0.,0.,1.));
#1635=DIRECTION('',(1.,0.,-0.));
#1636=AXIS2_PLACEMENT_3D('',#1633,#1634,#1635);
#1637=CIRCLE('',#1636,3.);
#1638=EDGE_CURVE('',#1586,#1609,#1637,.T.);
#1639=ORIENTED_EDGE('',*,*,#1638,.T.);
#1640=ORIENTED_EDGE('',*,*,#1614,.T.);
#1641=ORIENTED_EDGE('',*,*,#1205,.T.);
#1642=EDGE_LOOP('',(#1632,#1639,#1640,#1641));
#1643=FACE_BOUND('',#1642,.T.);
#1644=ADVANCED_FACE('',(#1643),#1631,.F.);
#1645=CARTESIAN_POINT('',(-22.18,-14.9,1.));
#1646=DIRECTION('',(0.,0.,1.));
#1647=DIRECTION('',(1.,0.,-0.));
#1648=AXIS2_PLACEMENT_3D('',#1645,#1646,#1647);
#1649=TOROIDAL_SURFACE('',#1648,2.5,1.);
#1650=ORIENTED_EDGE('',*,*,#862,.F.);
#1651=CARTESIAN_POINT('',(-22.18,-17.4,1.));
#1652=DIRECTION('',(-1.,0.,0.));
#1653=DIRECTION('',(-0.,-1.,0.));
#1654=AXIS2_PLACEMENT_3D('',#1651,#1652,#1653);
#1655=CIRCLE('',#1654,1.);
#1656=EDGE_CURVE('',#848,#207,#1655,.T.);
#1657=ORIENTED_EDGE('',*,*,#1656,.T.);
#1658=ORIENTED_EDGE('',*,*,#213,.F.);
#1659=ORIENTED_EDGE('',*,*,#1444,.T.);
#1660=EDGE_LOOP('',(#1650,#1657,#1658,#1659));
#1661=FACE_BOUND('',#1660,.T.);
#1662=ADVANCED_FACE('',(#1661),#1649,.T.);
#1663=CARTESIAN_POINT('',(-24.68,0.,1.));
#1664=DIRECTION('',(0.,-1.,0.));
#1665=DIRECTION('',(0.,0.,-1.));
#1666=AXIS2_PLACEMENT_3D('',#1663,#1664,#1665);
#1667=CYLINDRICAL_SURFACE('',#1666,1.);
#1668=CARTESIAN_POINT('',(-24.913391684,13.5,1.972382806));
#1669=VERTEX_POINT('',#1668);
#1670=CARTESIAN_POINT('',(-24.68,13.5,1.));
#1671=DIRECTION('',(-0.,-1.,-0.));
#1672=DIRECTION('',(0.,-0.,1.));
#1673=AXIS2_PLACEMENT_3D('',#1670,#1671,#1672);
#1674=CIRCLE('',#1673,1.);
#1675=EDGE_CURVE('',#1669,#789,#1674,.T.);
#1676=ORIENTED_EDGE('',*,*,#1675,.F.);
#1677=CARTESIAN_POINT('',(-24.913391684,13.5,1.972382806));
#1678=CARTESIAN_POINT('',(-24.836505592,13.499999895,1.990837035));
#1679=CARTESIAN_POINT('',(-24.758697391,13.496346057,2.));
#1680=CARTESIAN_POINT('',(-24.68,13.488672993,2.));
#1681=B_SPLINE_CURVE_WITH_KNOTS('',3,(#1677,#1678,#1679,#1680),.UNSPECIFIED.,.F.,.F.,(4,4),(0.,0.000235293),.UNSPECIFIED.);
#1682=EDGE_CURVE('',#1669,#165,#1681,.T.);
#1683=ORIENTED_EDGE('',*,*,#1682,.T.);
#1684=ORIENTED_EDGE('',*,*,#170,.F.);
#1685=CARTESIAN_POINT('',(-24.68,14.9,1.));
#1686=DIRECTION('',(0.,-1.,0.));
#1687=DIRECTION('',(0.,0.,-1.));
#1688=AXIS2_PLACEMENT_3D('',#1685,#1686,#1687);
#1689=CIRCLE('',#1688,1.);
#1690=EDGE_CURVE('',#156,#797,#1689,.T.);
#1691=ORIENTED_EDGE('',*,*,#1690,.T.);
#1692=ORIENTED_EDGE('',*,*,#802,.F.);
#1693=EDGE_LOOP('',(#1676,#1683,#1684,#1691,#1692));
#1694=FACE_BOUND('',#1693,.T.);
#1695=ADVANCED_FACE('',(#1694),#1667,.T.);
#1696=CARTESIAN_POINT('',(0.,-17.4,1.));
#1697=DIRECTION('',(1.,0.,0.));
#1698=DIRECTION('',(0.,0.,-1.));
#1699=AXIS2_PLACEMENT_3D('',#1696,#1697,#1698);
#1700=CYLINDRICAL_SURFACE('',#1699,1.);
#1701=ORIENTED_EDGE('',*,*,#853,.F.);
#1702=CARTESIAN_POINT('',(16.66,-17.4,1.));
#1703=DIRECTION('',(-1.,-0.,-0.));
#1704=DIRECTION('',(0.,0.,-1.));
#1705=AXIS2_PLACEMENT_3D('',#1702,#1703,#1704);
#1706=CIRCLE('',#1705,1.);
#1707=EDGE_CURVE('',#839,#216,#1706,.T.);
#1708=ORIENTED_EDGE('',*,*,#1707,.T.);
#1709=ORIENTED_EDGE('',*,*,#221,.F.);
#1710=ORIENTED_EDGE('',*,*,#1656,.F.);
#1711=EDGE_LOOP('',(#1701,#1708,#1709,#1710));
#1712=FACE_BOUND('',#1711,.T.);
#1713=ADVANCED_FACE('',(#1712),#1700,.T.);
#1714=CARTESIAN_POINT('',(-22.18,14.9,1.));
#1715=DIRECTION('',(0.,0.,1.));
#1716=DIRECTION('',(1.,0.,-0.));
#1717=AXIS2_PLACEMENT_3D('',#1714,#1715,#1716);
#1718=TOROIDAL_SURFACE('',#1717,2.5,1.);
#1719=ORIENTED_EDGE('',*,*,#811,.F.);
#1720=ORIENTED_EDGE('',*,*,#1690,.F.);
#1721=ORIENTED_EDGE('',*,*,#162,.F.);
#1722=CARTESIAN_POINT('',(-22.18,17.4,1.));
#1723=DIRECTION('',(-1.,0.,-0.));
#1724=DIRECTION('',(0.,1.,0.));
#1725=AXIS2_PLACEMENT_3D('',#1722,#1723,#1724);
#1726=CIRCLE('',#1725,1.);
#1727=EDGE_CURVE('',#148,#805,#1726,.T.);
#1728=ORIENTED_EDGE('',*,*,#1727,.T.);
#1729=EDGE_LOOP('',(#1719,#1720,#1721,#1728));
#1730=FACE_BOUND('',#1729,.T.);
#1731=ADVANCED_FACE('',(#1730),#1718,.T.);
#1732=CARTESIAN_POINT('',(16.66,-14.9,1.));
#1733=DIRECTION('',(0.,0.,1.));
#1734=DIRECTION('',(1.,0.,-0.));
#1735=AXIS2_PLACEMENT_3D('',#1732,#1733,#1734);
#1736=TOROIDAL_SURFACE('',#1735,2.5,1.);
#1737=ORIENTED_EDGE('',*,*,#845,.F.);
#1738=CARTESIAN_POINT('',(19.16,-14.9,1.));
#1739=DIRECTION('',(0.,-1.,0.));
#1740=DIRECTION('',(0.,0.,-1.));
#1741=AXIS2_PLACEMENT_3D('',#1738,#1739,#1740);
#1742=CIRCLE('',#1741,1.);
#1743=EDGE_CURVE('',#831,#224,#1742,.T.);
#1744=ORIENTED_EDGE('',*,*,#1743,.T.);
#1745=ORIENTED_EDGE('',*,*,#230,.F.);
#1746=ORIENTED_EDGE('',*,*,#1707,.F.);
#1747=EDGE_LOOP('',(#1737,#1744,#1745,#1746));
#1748=FACE_BOUND('',#1747,.T.);
#1749=ADVANCED_FACE('',(#1748),#1736,.T.);
#1750=CARTESIAN_POINT('',(0.,17.4,1.));
#1751=DIRECTION('',(-1.,0.,0.));
#1752=DIRECTION('',(0.,0.,1.));
#1753=AXIS2_PLACEMENT_3D('',#1750,#1751,#1752);
#1754=CYLINDRICAL_SURFACE('',#1753,1.);
#1755=ORIENTED_EDGE('',*,*,#819,.F.);
#1756=ORIENTED_EDGE('',*,*,#1727,.F.);
#1757=ORIENTED_EDGE('',*,*,#153,.F.);
#1758=CARTESIAN_POINT('',(16.66,17.4,1.));
#1759=DIRECTION('',(-1.,0.,0.));
#1760=DIRECTION('',(0.,0.,1.));
#1761=AXIS2_PLACEMENT_3D('',#1758,#1759,#1760);
#1762=CIRCLE('',#1761,1.);
#1763=EDGE_CURVE('',#139,#814,#1762,.T.);
#1764=ORIENTED_EDGE('',*,*,#1763,.T.);
#1765=EDGE_LOOP('',(#1755,#1756,#1757,#1764));
#1766=FACE_BOUND('',#1765,.T.);
#1767=ADVANCED_FACE('',(#1766),#1754,.T.);
#1768=CARTESIAN_POINT('',(19.16,0.,1.));
#1769=DIRECTION('',(0.,1.,0.));
#1770=DIRECTION('',(0.,-0.,1.));
#1771=AXIS2_PLACEMENT_3D('',#1768,#1769,#1770);
#1772=CYLINDRICAL_SURFACE('',#1771,1.);
#1773=CARTESIAN_POINT('',(19.393395012,13.5,1.972382007));
#1774=VERTEX_POINT('',#1773);
#1775=CARTESIAN_POINT('',(19.595889718,13.5,1.900000085));
#1776=VERTEX_POINT('',#1775);
#1777=CARTESIAN_POINT('',(19.16,13.5,1.));
#1778=DIRECTION('',(-0.,1.,-0.));
#1779=DIRECTION('',(0.,0.,-1.));
#1780=AXIS2_PLACEMENT_3D('',#1777,#1778,#1779);
#1781=CIRCLE('',#1780,1.);
#1782=EDGE_CURVE('',#1774,#1776,#1781,.T.);
#1783=ORIENTED_EDGE('',*,*,#1782,.T.);
#1784=CARTESIAN_POINT('',(19.595889718,13.5,1.900000085));
#1785=CARTESIAN_POINT('',(19.667295716,13.50000001,1.865416599));
#1786=CARTESIAN_POINT('',(19.733049652,13.494851561,1.823101367));
#1787=CARTESIAN_POINT('',(19.792455532,13.472532575,1.774596669));
#1788=B_SPLINE_CURVE_WITH_KNOTS('',3,(#1784,#1785,#1786,#1787),.UNSPECIFIED.,.F.,.F.,(4,4),(0.,0.000234773),.UNSPECIFIED.);
#1789=EDGE_CURVE('',#1776,#1386,#1788,.T.);
#1790=ORIENTED_EDGE('',*,*,#1789,.T.);
#1791=ORIENTED_EDGE('',*,*,#1411,.F.);
#1792=CARTESIAN_POINT('',(19.792455532,13.473968254,1.774596669));
#1793=CARTESIAN_POINT('',(19.843673353,13.452806246,1.732777498));
#1794=CARTESIAN_POINT('',(19.887065156,13.419749292,1.688606643));
#1795=CARTESIAN_POINT('',(19.921387116,13.37464,1.648297509));
#1796=CARTESIAN_POINT('',(19.938548096,13.352085354,1.628142942));
#1797=CARTESIAN_POINT('',(19.953348987,13.326699869,1.609064176));
#1798=CARTESIAN_POINT('',(19.964642475,13.297532234,1.593759621));
#1799=CARTESIAN_POINT('',(19.975935963,13.268364599,1.578455067));
#1800=CARTESIAN_POINT('',(19.983470108,13.234676565,1.567359658));
#1801=CARTESIAN_POINT('',(19.983470058,13.2,1.567359731));
#1802=B_SPLINE_CURVE_WITH_KNOTS('',3,(#1792,#1793,#1794,#1795,#1796,#1797,#1798,#1799,#1800,#1801),.UNSPECIFIED.,.F.,.F.,(4,3,3,4),(0.002043444,0.002251342,0.002355291,0.00245924),.UNSPECIFIED.);
#1803=EDGE_CURVE('',#1396,#1316,#1802,.T.);
#1804=ORIENTED_EDGE('',*,*,#1803,.T.);
#1805=ORIENTED_EDGE('',*,*,#1339,.F.);
#1806=CARTESIAN_POINT('',(20.063507903,13.2,1.428571429));
#1807=DIRECTION('',(-0.,-1.,-0.));
#1808=VECTOR('',#1807,26.4);
#1809=LINE('',#1806,#1808);
#1810=EDGE_CURVE('',#1326,#1291,#1809,.T.);
#1811=ORIENTED_EDGE('',*,*,#1810,.T.);
#1812=ORIENTED_EDGE('',*,*,#1297,.T.);
#1813=CARTESIAN_POINT('',(19.983470058,-13.2,1.567359731));
#1814=CARTESIAN_POINT('',(19.983470009,-13.234821583,1.567359802));
#1815=CARTESIAN_POINT('',(19.975811442,-13.268743527,1.578627697));
#1816=CARTESIAN_POINT('',(19.96457003,-13.297719151,1.593857783));
#1817=CARTESIAN_POINT('',(19.953328619,-13.326694776,1.609087869));
#1818=CARTESIAN_POINT('',(19.938280737,-13.352479372,1.628467842));
#1819=CARTESIAN_POINT('',(19.921210878,-13.37487141,1.648504432));
#1820=CARTESIAN_POINT('',(19.887071162,-13.419655486,1.688577612));
#1821=CARTESIAN_POINT('',(19.843235185,-13.452986348,1.733135321));
#1822=CARTESIAN_POINT('',(19.792455532,-13.473968254,1.774596669));
#1823=B_SPLINE_CURVE_WITH_KNOTS('',3,(#1813,#1814,#1815,#1816,#1817,#1818,#1819,#1820,#1821,#1822),.UNSPECIFIED.,.F.,.F.,(4,3,3,4),(0.002092707,0.002195957,0.002299206,0.002505706),.UNSPECIFIED.);
#1824=EDGE_CURVE('',#1282,#1359,#1823,.T.);
#1825=ORIENTED_EDGE('',*,*,#1824,.T.);
#1826=ORIENTED_EDGE('',*,*,#1364,.T.);
#1827=CARTESIAN_POINT('',(19.595889718,-13.5,1.900000085));
#1828=VERTEX_POINT('',#1827);
#1829=CARTESIAN_POINT('',(19.792455532,-13.472532575,1.774596669));
#1830=CARTESIAN_POINT('',(19.733351193,-13.494738271,1.82285516));
#1831=CARTESIAN_POINT('',(19.667100419,-13.50000001,1.865511186));
#1832=CARTESIAN_POINT('',(19.595889718,-13.5,1.900000085));
#1833=B_SPLINE_CURVE_WITH_KNOTS('',3,(#1829,#1830,#1831,#1832),.UNSPECIFIED.,.F.,.F.,(4,4),(0.,0.000234841),.UNSPECIFIED.);
#1834=EDGE_CURVE('',#1350,#1828,#1833,.T.);
#1835=ORIENTED_EDGE('',*,*,#1834,.T.);
#1836=CARTESIAN_POINT('',(19.393395012,-13.5,1.972382007));
#1837=VERTEX_POINT('',#1836);
#1838=CARTESIAN_POINT('',(19.16,-13.5,1.));
#1839=DIRECTION('',(-0.,1.,-0.));
#1840=DIRECTION('',(0.,0.,-1.));
#1841=AXIS2_PLACEMENT_3D('',#1838,#1839,#1840);
#1842=CIRCLE('',#1841,1.);
#1843=EDGE_CURVE('',#1837,#1828,#1842,.T.);
#1844=ORIENTED_EDGE('',*,*,#1843,.F.);
#1845=CARTESIAN_POINT('',(19.16,-13.488672993,2.));
#1846=CARTESIAN_POINT('',(19.238292483,-13.496306578,2.));
#1847=CARTESIAN_POINT('',(19.316872615,-13.5,1.990749219));
#1848=CARTESIAN_POINT('',(19.393395012,-13.5,1.972382007));
#1849=B_SPLINE_CURVE_WITH_KNOTS('',3,(#1845,#1846,#1847,#1848),.UNSPECIFIED.,.F.,.F.,(4,4),(0.000240563,0.000475851),.UNSPECIFIED.);
#1850=EDGE_CURVE('',#105,#1837,#1849,.T.);
#1851=ORIENTED_EDGE('',*,*,#1850,.F.);
#1852=ORIENTED_EDGE('',*,*,#236,.F.);
#1853=ORIENTED_EDGE('',*,*,#1743,.F.);
#1854=ORIENTED_EDGE('',*,*,#836,.F.);
#1855=CARTESIAN_POINT('',(19.16,14.9,1.));
#1856=DIRECTION('',(-0.,-1.,-0.));
#1857=DIRECTION('',(0.,-0.,1.));
#1858=AXIS2_PLACEMENT_3D('',#1855,#1856,#1857);
#1859=CIRCLE('',#1858,1.);
#1860=EDGE_CURVE('',#822,#131,#1859,.T.);
#1861=ORIENTED_EDGE('',*,*,#1860,.T.);
#1862=ORIENTED_EDGE('',*,*,#136,.F.);
#1863=CARTESIAN_POINT('',(19.393395012,13.5,1.972382007));
#1864=CARTESIAN_POINT('',(19.316940531,13.5,1.990732917));
#1865=CARTESIAN_POINT('',(19.238301963,13.49630727,1.999999959));
#1866=CARTESIAN_POINT('',(19.16,13.488672993,2.));
#1867=B_SPLINE_CURVE_WITH_KNOTS('',3,(#1863,#1864,#1865,#1866),.UNSPECIFIED.,.F.,.F.,(4,4),(0.000837839,0.001073042),.UNSPECIFIED.);
#1868=EDGE_CURVE('',#1774,#122,#1867,.T.);
#1869=ORIENTED_EDGE('',*,*,#1868,.F.);
#1870=EDGE_LOOP('',(#1783,#1790,#1791,#1804,#1805,#1811,#1812,#1825,#1826,#1835,#1844,#1851,#1852,#1853,#1854,#1861,#1862,#1869));
#1871=FACE_BOUND('',#1870,.T.);
#1872=ADVANCED_FACE('',(#1871),#1772,.T.);
#1873=CARTESIAN_POINT('',(16.66,14.9,1.));
#1874=DIRECTION('',(0.,0.,1.));
#1875=DIRECTION('',(1.,0.,-0.));
#1876=AXIS2_PLACEMENT_3D('',#1873,#1874,#1875);
#1877=TOROIDAL_SURFACE('',#1876,2.5,1.);
#1878=ORIENTED_EDGE('',*,*,#828,.F.);
#1879=ORIENTED_EDGE('',*,*,#1763,.F.);
#1880=ORIENTED_EDGE('',*,*,#145,.F.);
#1881=ORIENTED_EDGE('',*,*,#1860,.F.);
#1882=EDGE_LOOP('',(#1878,#1879,#1880,#1881));
#1883=FACE_BOUND('',#1882,.T.);
#1884=ADVANCED_FACE('',(#1883),#1877,.T.);
#1885=CARTESIAN_POINT('',(-2.76,-13.5,2.002));
#1886=DIRECTION('',(0.,-1.,0.));
#1887=DIRECTION('',(0.,0.,-1.));
#1888=AXIS2_PLACEMENT_3D('',#1885,#1886,#1887);
#1889=PLANE('',#1888);
#1890=ORIENTED_EDGE('',*,*,#1436,.F.);
#1891=CARTESIAN_POINT('',(-25.68,-13.5,2.));
#1892=DIRECTION('',(-0.,1.,-0.));
#1893=DIRECTION('',(0.,0.,-1.));
#1894=AXIS2_PLACEMENT_3D('',#1891,#1892,#1893);
#1895=CIRCLE('',#1894,0.767102314);
#1896=EDGE_CURVE('',#1423,#705,#1895,.T.);
#1897=ORIENTED_EDGE('',*,*,#1896,.T.);
#1898=ORIENTED_EDGE('',*,*,#712,.T.);
#1899=EDGE_LOOP('',(#1890,#1897,#1898));
#1900=FACE_BOUND('',#1899,.T.);
#1901=ADVANCED_FACE('',(#1900),#1889,.F.);
#1902=CARTESIAN_POINT('',(-25.68,-13.502,2.));
#1903=DIRECTION('',(0.,1.,0.));
#1904=DIRECTION('',(0.,-0.,1.));
#1905=AXIS2_PLACEMENT_3D('',#1902,#1903,#1904);
#1906=CYLINDRICAL_SURFACE('',#1905,3.167102314);
#1907=ORIENTED_EDGE('',*,*,#753,.F.);
#1908=CARTESIAN_POINT('',(-25.68,-11.1,2.));
#1909=DIRECTION('',(0.,-1.,0.));
#1910=DIRECTION('',(0.,0.,-1.));
#1911=AXIS2_PLACEMENT_3D('',#1908,#1909,#1910);
#1912=CIRCLE('',#1911,3.167102314);
#1913=EDGE_CURVE('',#715,#182,#1912,.T.);
#1914=ORIENTED_EDGE('',*,*,#1913,.T.);
#1915=ORIENTED_EDGE('',*,*,#187,.T.);
#1916=CARTESIAN_POINT('',(-25.68,11.1,2.));
#1917=DIRECTION('',(0.,1.,0.));
#1918=DIRECTION('',(0.,-0.,1.));
#1919=AXIS2_PLACEMENT_3D('',#1916,#1917,#1918);
#1920=CIRCLE('',#1919,3.167102314);
#1921=EDGE_CURVE('',#173,#748,#1920,.T.);
#1922=ORIENTED_EDGE('',*,*,#1921,.T.);
#1923=EDGE_LOOP('',(#1907,#1914,#1915,#1922));
#1924=FACE_BOUND('',#1923,.T.);
#1925=ADVANCED_FACE('',(#1924),#1906,.F.);
#1926=CARTESIAN_POINT('',(-2.76,13.5,2.002));
#1927=DIRECTION('',(0.,1.,0.));
#1928=DIRECTION('',(0.,0.,-1.));
#1929=AXIS2_PLACEMENT_3D('',#1926,#1927,#1928);
#1930=PLANE('',#1929);
#1931=ORIENTED_EDGE('',*,*,#794,.T.);
#1932=CARTESIAN_POINT('',(-25.68,13.5,2.));
#1933=DIRECTION('',(-0.,-1.,-0.));
#1934=DIRECTION('',(0.,-0.,1.));
#1935=AXIS2_PLACEMENT_3D('',#1932,#1933,#1934);
#1936=CIRCLE('',#1935,0.767102314);
#1937=EDGE_CURVE('',#756,#1669,#1936,.T.);
#1938=ORIENTED_EDGE('',*,*,#1937,.T.);
#1939=ORIENTED_EDGE('',*,*,#1675,.T.);
#1940=EDGE_LOOP('',(#1931,#1938,#1939));
#1941=FACE_BOUND('',#1940,.T.);
#1942=ADVANCED_FACE('',(#1941),#1930,.F.);
#1943=CARTESIAN_POINT('',(-25.68,-11.1,2.));
#1944=DIRECTION('',(0.,-1.,0.));
#1945=DIRECTION('',(0.,0.,-1.));
#1946=AXIS2_PLACEMENT_3D('',#1943,#1944,#1945);
#1947=DEGENERATE_TOROIDAL_SURFACE('',#1946,0.767102314,2.4,.T.);
#1948=ORIENTED_EDGE('',*,*,#745,.F.);
#1949=ORIENTED_EDGE('',*,*,#1896,.F.);
#1950=ORIENTED_EDGE('',*,*,#1429,.F.);
#1951=ORIENTED_EDGE('',*,*,#196,.F.);
#1952=ORIENTED_EDGE('',*,*,#1913,.F.);
#1953=EDGE_LOOP('',(#1948,#1949,#1950,#1951,#1952));
#1954=FACE_BOUND('',#1953,.T.);
#1955=ADVANCED_FACE('',(#1954),#1947,.F.);
#1956=CARTESIAN_POINT('',(-25.68,11.1,2.));
#1957=DIRECTION('',(0.,1.,0.));
#1958=DIRECTION('',(0.,-0.,1.));
#1959=AXIS2_PLACEMENT_3D('',#1956,#1957,#1958);
#1960=DEGENERATE_TOROIDAL_SURFACE('',#1959,0.767102314,2.4,.T.);
#1961=ORIENTED_EDGE('',*,*,#786,.F.);
#1962=ORIENTED_EDGE('',*,*,#1921,.F.);
#1963=ORIENTED_EDGE('',*,*,#179,.F.);
#1964=ORIENTED_EDGE('',*,*,#1682,.F.);
#1965=ORIENTED_EDGE('',*,*,#1937,.F.);
#1966=EDGE_LOOP('',(#1961,#1962,#1963,#1964,#1965));
#1967=FACE_BOUND('',#1966,.T.);
#1968=ADVANCED_FACE('',(#1967),#1960,.F.);
#1969=CARTESIAN_POINT('',(19.392897686,-11.1,1.6));
#1970=DIRECTION('',(0.,0.,1.));
#1971=DIRECTION('',(1.,0.,-0.));
#1972=AXIS2_PLACEMENT_3D('',#1969,#1970,#1971);
#1973=CYLINDRICAL_SURFACE('',#1972,2.4);
#1974=CARTESIAN_POINT('',(19.16,-13.488672993,1.9));
#1975=VERTEX_POINT('',#1974);
#1976=CARTESIAN_POINT('',(19.16,-13.488672993,1.9));
#1977=DIRECTION('',(0.,0.,1.));
#1978=VECTOR('',#1977,0.1);
#1979=LINE('',#1976,#1978);
#1980=EDGE_CURVE('',#1975,#105,#1979,.T.);
#1981=ORIENTED_EDGE('',*,*,#1980,.F.);
#1982=CARTESIAN_POINT('',(16.992897686,-11.1,1.9));
#1983=VERTEX_POINT('',#1982);
#1984=CARTESIAN_POINT('',(19.392897686,-11.1,1.9));
#1985=DIRECTION('',(-0.,-0.,-1.));
#1986=DIRECTION('',(1.,0.,-0.));
#1987=AXIS2_PLACEMENT_3D('',#1984,#1985,#1986);
#1988=CIRCLE('',#1987,2.4);
#1989=EDGE_CURVE('',#1975,#1983,#1988,.T.);
#1990=ORIENTED_EDGE('',*,*,#1989,.T.);
#1991=CARTESIAN_POINT('',(16.992897686,-11.1,1.9));
#1992=DIRECTION('',(0.,0.,1.));
#1993=VECTOR('',#1992,0.1);
#1994=LINE('',#1991,#1993);
#1995=EDGE_CURVE('',#1983,#103,#1994,.T.);
#1996=ORIENTED_EDGE('',*,*,#1995,.T.);
#1997=ORIENTED_EDGE('',*,*,#111,.T.);
#1998=EDGE_LOOP('',(#1981,#1990,#1996,#1997));
#1999=FACE_BOUND('',#1998,.T.);
#2000=ADVANCED_FACE('',(#1999),#1973,.F.);
#2001=CARTESIAN_POINT('',(19.16,-13.488672993,1.9));
#2002=CARTESIAN_POINT('',(19.16,-13.488672993,2.));
#2003=CARTESIAN_POINT('',(19.237552779,-13.496234456,1.9));
#2004=CARTESIAN_POINT('',(19.237552779,-13.496234456,2.));
#2005=CARTESIAN_POINT('',(19.315474481,-13.5,1.9));
#2006=CARTESIAN_POINT('',(19.315474481,-13.5,2.));
#2007=CARTESIAN_POINT('',(19.393395012,-13.5,1.9));
#2008=CARTESIAN_POINT('',(19.393395012,-13.5,2.));
#2009=B_SPLINE_SURFACE_WITH_KNOTS('',3,1,((#2001,#2002),(#2003,#2004),(#2005,#2006),(#2007,#2008)),.UNSPECIFIED.,.F.,.F.,.U.,(4,4),(2,2),(0.,0.000235296),(0.75,1.),.UNSPECIFIED.);
#2010=CARTESIAN_POINT('',(19.393395012,-13.5,1.9));
#2011=VERTEX_POINT('',#2010);
#2012=CARTESIAN_POINT('',(19.393395012,-13.5,1.9));
#2013=DIRECTION('',(0.,0.,1.));
#2014=VECTOR('',#2013,0.072382007);
#2015=LINE('',#2012,#2014);
#2016=EDGE_CURVE('',#2011,#1837,#2015,.T.);
#2017=ORIENTED_EDGE('',*,*,#2016,.F.);
#2018=CARTESIAN_POINT('',(19.393395012,-13.5,1.9));
#2019=CARTESIAN_POINT('',(19.354462324,-13.5,1.9));
#2020=CARTESIAN_POINT('',(19.3155237,-13.499060145,1.9));
#2021=CARTESIAN_POINT('',(19.276613136,-13.49717464,1.9));
#2022=CARTESIAN_POINT('',(19.257157855,-13.496231888,1.9));
#2023=CARTESIAN_POINT('',(19.237703194,-13.495052303,1.9));
#2024=CARTESIAN_POINT('',(19.21826598,-13.4936356,1.9));
#2025=CARTESIAN_POINT('',(19.208547372,-13.492927249,1.9));
#2026=CARTESIAN_POINT('',(19.198836376,-13.492159958,1.9));
#2027=CARTESIAN_POINT('',(19.189124726,-13.49133287,1.9));
#2028=CARTESIAN_POINT('',(19.179413075,-13.490505782,1.9));
#2029=CARTESIAN_POINT('',(19.168485663,-13.489500353,1.9));
#2030=CARTESIAN_POINT('',(19.16,-13.488672993,1.9));
#2031=B_SPLINE_CURVE_WITH_KNOTS('',3,(#2018,#2019,#2020,#2021,#2022,#2023,#2024,#2025,#2026,#2027,#2028,#2029,#2030),.UNSPECIFIED.,.F.,.F.,(4,3,3,3,4),(0.,0.000102298,0.000153447,0.000179022,0.000204596),.UNSPECIFIED.);
#2032=EDGE_CURVE('',#2011,#1975,#2031,.T.);
#2033=ORIENTED_EDGE('',*,*,#2032,.T.);
#2034=ORIENTED_EDGE('',*,*,#1980,.T.);
#2035=ORIENTED_EDGE('',*,*,#1850,.T.);
#2036=EDGE_LOOP('',(#2017,#2033,#2034,#2035));
#2037=FACE_BOUND('',#2036,.T.);
#2038=ADVANCED_FACE('',(#2037),#2009,.F.);
#2039=CARTESIAN_POINT('',(19.745072356,-13.5,1.6));
#2040=DIRECTION('',(0.,-1.,0.));
#2041=DIRECTION('',(0.,0.,-1.));
#2042=AXIS2_PLACEMENT_3D('',#2039,#2040,#2041);
#2043=PLANE('',#2042);
#2044=ORIENTED_EDGE('',*,*,#1843,.T.);
#2045=CARTESIAN_POINT('',(19.595889718,-13.5,1.9));
#2046=DIRECTION('',(-1.,-0.,0.));
#2047=VECTOR('',#2046,0.202494706);
#2048=LINE('',#2045,#2047);
#2049=EDGE_CURVE('',#1828,#2011,#2048,.T.);
#2050=ORIENTED_EDGE('',*,*,#2049,.T.);
#2051=ORIENTED_EDGE('',*,*,#2016,.T.);
#2052=EDGE_LOOP('',(#2044,#2050,#2051));
#2053=FACE_BOUND('',#2052,.T.);
#2054=ADVANCED_FACE('',(#2053),#2043,.F.);
#2055=CARTESIAN_POINT('',(20.114565854,13.5,1.6));
#2056=DIRECTION('',(0.,-1.,0.));
#2057=DIRECTION('',(0.,0.,-1.));
#2058=AXIS2_PLACEMENT_3D('',#2055,#2056,#2057);
#2059=PLANE('',#2058);
#2060=CARTESIAN_POINT('',(19.393395012,13.5,1.9));
#2061=VERTEX_POINT('',#2060);
#2062=CARTESIAN_POINT('',(19.393395012,13.5,1.9));
#2063=DIRECTION('',(0.,0.,1.));
#2064=VECTOR('',#2063,0.072382007);
#2065=LINE('',#2062,#2064);
#2066=EDGE_CURVE('',#2061,#1774,#2065,.T.);
#2067=ORIENTED_EDGE('',*,*,#2066,.F.);
#2068=CARTESIAN_POINT('',(19.393395012,13.5,1.9));
#2069=DIRECTION('',(1.,0.,-0.));
#2070=VECTOR('',#2069,0.202494706);
#2071=LINE('',#2068,#2070);
#2072=EDGE_CURVE('',#2061,#1776,#2071,.T.);
#2073=ORIENTED_EDGE('',*,*,#2072,.T.);
#2074=ORIENTED_EDGE('',*,*,#1782,.F.);
#2075=EDGE_LOOP('',(#2067,#2073,#2074));
#2076=FACE_BOUND('',#2075,.T.);
#2077=ADVANCED_FACE('',(#2076),#2059,.T.);
#2078=CARTESIAN_POINT('',(19.393395012,13.5,1.9));
#2079=CARTESIAN_POINT('',(19.393395012,13.5,2.));
#2080=CARTESIAN_POINT('',(19.315474481,13.5,1.9));
#2081=CARTESIAN_POINT('',(19.315474481,13.5,2.));
#2082=CARTESIAN_POINT('',(19.237552779,13.496234456,1.9));
#2083=CARTESIAN_POINT('',(19.237552779,13.496234456,2.));
#2084=CARTESIAN_POINT('',(19.16,13.488672993,1.9));
#2085=CARTESIAN_POINT('',(19.16,13.488672993,2.));
#2086=B_SPLINE_SURFACE_WITH_KNOTS('',3,1,((#2078,#2079),(#2080,#2081),(#2082,#2083),(#2084,#2085)),.UNSPECIFIED.,.F.,.F.,.U.,(4,4),(2,2),(0.,0.000235296),(0.75,1.),.UNSPECIFIED.);
#2087=CARTESIAN_POINT('',(19.16,13.488672993,1.9));
#2088=VERTEX_POINT('',#2087);
#2089=CARTESIAN_POINT('',(19.16,13.488672993,1.9));
#2090=DIRECTION('',(0.,0.,1.));
#2091=VECTOR('',#2090,0.1);
#2092=LINE('',#2089,#2091);
#2093=EDGE_CURVE('',#2088,#122,#2092,.T.);
#2094=ORIENTED_EDGE('',*,*,#2093,.F.);
#2095=CARTESIAN_POINT('',(19.16,13.488672993,1.9));
#2096=CARTESIAN_POINT('',(19.198819446,13.492457923,1.9));
#2097=CARTESIAN_POINT('',(19.237702074,13.495289103,1.9));
#2098=CARTESIAN_POINT('',(19.276612639,13.497174616,1.9));
#2099=CARTESIAN_POINT('',(19.296067921,13.498117372,1.9));
#2100=CARTESIAN_POINT('',(19.315528987,13.498823617,1.9));
#2101=CARTESIAN_POINT('',(19.334994358,13.499294313,1.9));
#2102=CARTESIAN_POINT('',(19.344727043,13.49952966,1.9));
#2103=CARTESIAN_POINT('',(19.354463246,13.499706109,1.9));
#2104=CARTESIAN_POINT('',(19.36419607,13.49982368,1.9));
#2105=CARTESIAN_POINT('',(19.373928894,13.49994125,1.9));
#2106=CARTESIAN_POINT('',(19.384869121,13.5,1.9));
#2107=CARTESIAN_POINT('',(19.393395012,13.5,1.9));
#2108=B_SPLINE_CURVE_WITH_KNOTS('',3,(#2095,#2096,#2097,#2098,#2099,#2100,#2101,#2102,#2103,#2104,#2105,#2106,#2107),.UNSPECIFIED.,.F.,.F.,(4,3,3,3,4),(0.,0.000102298,0.000153447,0.000179022,0.000204597),.UNSPECIFIED.);
#2109=EDGE_CURVE('',#2088,#2061,#2108,.T.);
#2110=ORIENTED_EDGE('',*,*,#2109,.T.);
#2111=ORIENTED_EDGE('',*,*,#2066,.T.);
#2112=ORIENTED_EDGE('',*,*,#1868,.T.);
#2113=EDGE_LOOP('',(#2094,#2110,#2111,#2112));
#2114=FACE_BOUND('',#2113,.T.);
#2115=ADVANCED_FACE('',(#2114),#2086,.F.);
#2116=CARTESIAN_POINT('',(19.392897686,11.1,1.6));
#2117=DIRECTION('',(0.,0.,1.));
#2118=DIRECTION('',(1.,0.,-0.));
#2119=AXIS2_PLACEMENT_3D('',#2116,#2117,#2118);
#2120=CYLINDRICAL_SURFACE('',#2119,2.4);
#2121=CARTESIAN_POINT('',(16.992897686,11.1,1.9));
#2122=VERTEX_POINT('',#2121);
#2123=CARTESIAN_POINT('',(16.992897686,11.1,1.9));
#2124=DIRECTION('',(0.,0.,1.));
#2125=VECTOR('',#2124,0.1);
#2126=LINE('',#2123,#2125);
#2127=EDGE_CURVE('',#2122,#114,#2126,.T.);
#2128=ORIENTED_EDGE('',*,*,#2127,.F.);
#2129=CARTESIAN_POINT('',(19.392897686,11.1,1.9));
#2130=DIRECTION('',(-0.,-0.,-1.));
#2131=DIRECTION('',(1.,0.,-0.));
#2132=AXIS2_PLACEMENT_3D('',#2129,#2130,#2131);
#2133=CIRCLE('',#2132,2.4);
#2134=EDGE_CURVE('',#2122,#2088,#2133,.T.);
#2135=ORIENTED_EDGE('',*,*,#2134,.T.);
#2136=ORIENTED_EDGE('',*,*,#2093,.T.);
#2137=ORIENTED_EDGE('',*,*,#128,.T.);
#2138=EDGE_LOOP('',(#2128,#2135,#2136,#2137));
#2139=FACE_BOUND('',#2138,.T.);
#2140=ADVANCED_FACE('',(#2139),#2120,.F.);
#2141=CARTESIAN_POINT('',(16.992897686,0.,1.6));
#2142=DIRECTION('',(1.,0.,0.));
#2143=DIRECTION('',(0.,0.,-1.));
#2144=AXIS2_PLACEMENT_3D('',#2141,#2142,#2143);
#2145=PLANE('',#2144);
#2146=ORIENTED_EDGE('',*,*,#1995,.F.);
#2147=CARTESIAN_POINT('',(16.992897686,-11.1,1.9));
#2148=DIRECTION('',(0.,1.,0.));
#2149=VECTOR('',#2148,22.2);
#2150=LINE('',#2147,#2149);
#2151=EDGE_CURVE('',#1983,#2122,#2150,.T.);
#2152=ORIENTED_EDGE('',*,*,#2151,.T.);
#2153=ORIENTED_EDGE('',*,*,#2127,.T.);
#2154=ORIENTED_EDGE('',*,*,#119,.F.);
#2155=EDGE_LOOP('',(#2146,#2152,#2153,#2154));
#2156=FACE_BOUND('',#2155,.T.);
#2157=ADVANCED_FACE('',(#2156),#2145,.T.);
#2158=CARTESIAN_POINT('',(0.,0.,1.6));
#2159=DIRECTION('',(0.,0.,1.));
#2160=DIRECTION('',(1.,0.,0.));
#2161=AXIS2_PLACEMENT_3D('',#2158,#2159,#2160);
#2162=PLANE('',#2161);
#2163=CARTESIAN_POINT('',(19.792455532,-13.2,1.6));
#2164=DIRECTION('',(0.,1.,0.));
#2165=VECTOR('',#2164,26.4);
#2166=LINE('',#2163,#2165);
#2167=EDGE_CURVE('',#1216,#1251,#2166,.T.);
#2168=ORIENTED_EDGE('',*,*,#2167,.T.);
#2169=CARTESIAN_POINT('',(19.393395012,13.2,1.6));
#2170=VERTEX_POINT('',#2169);
#2171=CARTESIAN_POINT('',(19.792455532,13.2,1.6));
#2172=DIRECTION('',(-1.,-0.,0.));
#2173=VECTOR('',#2172,0.39906052);
#2174=LINE('',#2171,#2173);
#2175=EDGE_CURVE('',#1251,#2170,#2174,.T.);
#2176=ORIENTED_EDGE('',*,*,#2175,.T.);
#2177=CARTESIAN_POINT('',(19.189112211,13.190088869,1.6));
#2178=VERTEX_POINT('',#2177);
#2179=CARTESIAN_POINT('',(19.393395012,13.2,1.6));
#2180=CARTESIAN_POINT('',(19.325187877,13.2,1.6));
#2181=CARTESIAN_POINT('',(19.256997524,13.196707746,1.6));
#2182=CARTESIAN_POINT('',(19.189112211,13.190088869,1.6));
#2183=B_SPLINE_CURVE_WITH_KNOTS('',3,(#2179,#2180,#2181,#2182),.UNSPECIFIED.,.F.,.F.,(4,4),(0.,0.000204597),.UNSPECIFIED.);
#2184=EDGE_CURVE('',#2170,#2178,#2183,.T.);
#2185=ORIENTED_EDGE('',*,*,#2184,.T.);
#2186=CARTESIAN_POINT('',(17.292897686,11.1,1.6));
#2187=VERTEX_POINT('',#2186);
#2188=CARTESIAN_POINT('',(19.392897686,11.1,1.6));
#2189=DIRECTION('',(0.,0.,1.));
#2190=DIRECTION('',(1.,0.,-0.));
#2191=AXIS2_PLACEMENT_3D('',#2188,#2189,#2190);
#2192=CIRCLE('',#2191,2.1);
#2193=EDGE_CURVE('',#2178,#2187,#2192,.T.);
#2194=ORIENTED_EDGE('',*,*,#2193,.T.);
#2195=CARTESIAN_POINT('',(17.292897686,-11.1,1.6));
#2196=VERTEX_POINT('',#2195);
#2197=CARTESIAN_POINT('',(17.292897686,11.1,1.6));
#2198=DIRECTION('',(-0.,-1.,-0.));
#2199=VECTOR('',#2198,22.2);
#2200=LINE('',#2197,#2199);
#2201=EDGE_CURVE('',#2187,#2196,#2200,.T.);
#2202=ORIENTED_EDGE('',*,*,#2201,.T.);
#2203=CARTESIAN_POINT('',(19.189112211,-13.190088869,1.6));
#2204=VERTEX_POINT('',#2203);
#2205=CARTESIAN_POINT('',(19.392897686,-11.1,1.6));
#2206=DIRECTION('',(0.,0.,1.));
#2207=DIRECTION('',(1.,0.,-0.));
#2208=AXIS2_PLACEMENT_3D('',#2205,#2206,#2207);
#2209=CIRCLE('',#2208,2.1);
#2210=EDGE_CURVE('',#2196,#2204,#2209,.T.);
#2211=ORIENTED_EDGE('',*,*,#2210,.T.);
#2212=CARTESIAN_POINT('',(19.393666041,-13.2,1.6));
#2213=VERTEX_POINT('',#2212);
#2214=CARTESIAN_POINT('',(19.189112211,-13.190088869,1.6));
#2215=CARTESIAN_POINT('',(19.257087434,-13.196716512,1.6));
#2216=CARTESIAN_POINT('',(19.325368568,-13.2,1.6));
#2217=CARTESIAN_POINT('',(19.393666041,-13.2,1.6));
#2218=B_SPLINE_CURVE_WITH_KNOTS('',3,(#2214,#2215,#2216,#2217),.UNSPECIFIED.,.F.,.F.,(4,4),(0.,0.000204867),.UNSPECIFIED.);
#2219=EDGE_CURVE('',#2204,#2213,#2218,.T.);
#2220=ORIENTED_EDGE('',*,*,#2219,.T.);
#2221=CARTESIAN_POINT('',(19.393666041,-13.2,1.6));
#2222=DIRECTION('',(1.,0.,-0.));
#2223=VECTOR('',#2222,0.398789491);
#2224=LINE('',#2221,#2223);
#2225=EDGE_CURVE('',#2213,#1216,#2224,.T.);
#2226=ORIENTED_EDGE('',*,*,#2225,.T.);
#2227=EDGE_LOOP('',(#2168,#2176,#2185,#2194,#2202,#2211,#2220,#2226));
#2228=FACE_BOUND('',#2227,.T.);
#2229=ADVANCED_FACE('',(#2228),#2162,.T.);
#2230=CARTESIAN_POINT('',(19.792455532,0.,1.3));
#2231=DIRECTION('',(0.,1.,0.));
#2232=DIRECTION('',(0.,-0.,1.));
#2233=AXIS2_PLACEMENT_3D('',#2230,#2231,#2232);
#2234=CYLINDRICAL_SURFACE('',#2233,0.3);
#2235=ORIENTED_EDGE('',*,*,#1810,.F.);
#2236=ORIENTED_EDGE('',*,*,#1332,.T.);
#2237=ORIENTED_EDGE('',*,*,#2167,.F.);
#2238=ORIENTED_EDGE('',*,*,#1304,.T.);
#2239=EDGE_LOOP('',(#2235,#2236,#2237,#2238));
#2240=FACE_BOUND('',#2239,.T.);
#2241=ADVANCED_FACE('',(#2240),#2234,.T.);
#2242=CARTESIAN_POINT('',(19.847386354,-13.2,1.3));
#2243=DIRECTION('',(0.,-1.,0.));
#2244=DIRECTION('',(0.,0.,-1.));
#2245=AXIS2_PLACEMENT_3D('',#2242,#2243,#2244);
#2246=TOROIDAL_SURFACE('',#2245,0.6,0.3);
#2247=ORIENTED_EDGE('',*,*,#1824,.F.);
#2248=ORIENTED_EDGE('',*,*,#1288,.F.);
#2249=ORIENTED_EDGE('',*,*,#1238,.F.);
#2250=ORIENTED_EDGE('',*,*,#1374,.F.);
#2251=EDGE_LOOP('',(#2247,#2248,#2249,#2250));
#2252=FACE_BOUND('',#2251,.T.);
#2253=ADVANCED_FACE('',(#2252),#2246,.F.);
#2254=CARTESIAN_POINT('',(0.,-13.2,1.9));
#2255=DIRECTION('',(1.,0.,0.));
#2256=DIRECTION('',(0.,0.,-1.));
#2257=AXIS2_PLACEMENT_3D('',#2254,#2255,#2256);
#2258=CYLINDRICAL_SURFACE('',#2257,0.3);
#2259=ORIENTED_EDGE('',*,*,#1356,.T.);
#2260=ORIENTED_EDGE('',*,*,#2225,.F.);
#2261=CARTESIAN_POINT('',(19.393395012,-13.2,1.9));
#2262=DIRECTION('',(1.,0.,-0.));
#2263=DIRECTION('',(-0.,0.,-1.));
#2264=AXIS2_PLACEMENT_3D('',#2261,#2262,#2263);
#2265=CIRCLE('',#2264,0.3);
#2266=EDGE_CURVE('',#2011,#2213,#2265,.T.);
#2267=ORIENTED_EDGE('',*,*,#2266,.F.);
#2268=ORIENTED_EDGE('',*,*,#2049,.F.);
#2269=ORIENTED_EDGE('',*,*,#1834,.F.);
#2270=EDGE_LOOP('',(#2259,#2260,#2267,#2268,#2269));
#2271=FACE_BOUND('',#2270,.T.);
#2272=ADVANCED_FACE('',(#2271),#2258,.F.);
#2273=CARTESIAN_POINT('',(19.189112211,-13.190088869,1.6));
#2274=CARTESIAN_POINT('',(19.185301431,-13.229173439,1.6));
#2275=CARTESIAN_POINT('',(19.181492151,-13.268242632,1.607808197));
#2276=CARTESIAN_POINT('',(19.174450749,-13.340461501,1.637864083));
#2277=CARTESIAN_POINT('',(19.171221397,-13.373582763,1.660099947));
#2278=CARTESIAN_POINT('',(19.165832141,-13.428856693,1.715635984));
#2279=CARTESIAN_POINT('',(19.163674357,-13.450987612,1.748914306));
#2280=CARTESIAN_POINT('',(19.160757713,-13.480901648,1.821475635));
#2281=CARTESIAN_POINT('',(19.16,-13.488672993,1.860730092));
#2282=CARTESIAN_POINT('',(19.16,-13.488672993,1.9));
#2283=CARTESIAN_POINT('',(19.193360662,-13.190503097,1.6));
#2284=CARTESIAN_POINT('',(19.189549883,-13.229587667,1.6));
#2285=CARTESIAN_POINT('',(19.185740603,-13.268656859,1.607808197));
#2286=CARTESIAN_POINT('',(19.1786992,-13.340875729,1.637864083));
#2287=CARTESIAN_POINT('',(19.175469849,-13.373996991,1.660099947));
#2288=CARTESIAN_POINT('',(19.170080593,-13.42927092,1.715635984));
#2289=CARTESIAN_POINT('',(19.167922809,-13.45140184,1.748914306));
#2290=CARTESIAN_POINT('',(19.165006164,-13.481315875,1.821475635));
#2291=CARTESIAN_POINT('',(19.164248451,-13.489087221,1.860730092));
#2292=CARTESIAN_POINT('',(19.164248451,-13.489087221,1.9));
#2293=CARTESIAN_POINT('',(19.197610179,-13.190904277,1.6));
#2294=CARTESIAN_POINT('',(19.193959174,-13.230004178,1.6));
#2295=CARTESIAN_POINT('',(19.190309605,-13.269088695,1.607808197));
#2296=CARTESIAN_POINT('',(19.183563428,-13.341335892,1.637864083));
#2297=CARTESIAN_POINT('',(19.180469473,-13.374470146,1.660099947));
#2298=CARTESIAN_POINT('',(19.175306173,-13.429765756,1.715635984));
#2299=CARTESIAN_POINT('',(19.173238858,-13.451905357,1.748914306));
#2300=CARTESIAN_POINT('',(19.1704445,-13.481831126,1.821475635));
#2301=CARTESIAN_POINT('',(19.169718556,-13.48960552,1.860730092));
#2302=CARTESIAN_POINT('',(19.169718556,-13.48960552,1.9));
#2303=CARTESIAN_POINT('',(19.206111339,-13.191680579,1.6));
#2304=CARTESIAN_POINT('',(19.202620024,-13.230795063,1.6));
#2305=CARTESIAN_POINT('',(19.199130082,-13.269894156,1.607808197));
#2306=CARTESIAN_POINT('',(19.192678972,-13.342168298,1.637864083));
#2307=CARTESIAN_POINT('',(19.189720343,-13.375314909,1.660099947));
#2308=CARTESIAN_POINT('',(19.184782877,-13.430631143,1.715635984));
#2309=CARTESIAN_POINT('',(19.182805984,-13.452779,1.748914306));
#2310=CARTESIAN_POINT('',(19.180133847,-13.48271593,1.821475635));
#2311=CARTESIAN_POINT('',(19.179439654,-13.490493223,1.860730092));
#2312=CARTESIAN_POINT('',(19.179439654,-13.490493223,1.9));
#2313=CARTESIAN_POINT('',(19.210362983,-13.192055701,1.6));
#2314=CARTESIAN_POINT('',(19.206951484,-13.231177227,1.6));
#2315=CARTESIAN_POINT('',(19.203541328,-13.27028336,1.607808197));
#2316=CARTESIAN_POINT('',(19.197237701,-13.342570514,1.637864083));
#2317=CARTESIAN_POINT('',(19.19434671,-13.375723093,1.660099947));
#2318=CARTESIAN_POINT('',(19.189522123,-13.431049285,1.715635984));
#2319=CARTESIAN_POINT('',(19.187590424,-13.45320113,1.748914306));
#2320=CARTESIAN_POINT('',(19.184979377,-13.48314345,1.821475635));
#2321=CARTESIAN_POINT('',(19.184301054,-13.490922143,1.860730092));
#2322=CARTESIAN_POINT('',(19.184301054,-13.490922143,1.9));
#2323=CARTESIAN_POINT('',(19.2231211,-13.193142033,1.6));
#2324=CARTESIAN_POINT('',(19.219948974,-13.232283941,1.6));
#2325=CARTESIAN_POINT('',(19.216778095,-13.271410448,1.607808197));
#2326=CARTESIAN_POINT('',(19.21091677,-13.343735263,1.637864083));
#2327=CARTESIAN_POINT('',(19.208228629,-13.376905114,1.660099947));
#2328=CARTESIAN_POINT('',(19.203742565,-13.432260131,1.715635984));
#2329=CARTESIAN_POINT('',(19.201946406,-13.454423517,1.748914306));
#2330=CARTESIAN_POINT('',(19.199518566,-13.484381436,1.821475635));
#2331=CARTESIAN_POINT('',(19.198887839,-13.492164182,1.860730092));
#2332=CARTESIAN_POINT('',(19.198887839,-13.492164182,1.9));
#2333=CARTESIAN_POINT('',(19.231630761,-13.193814208,1.6));
#2334=CARTESIAN_POINT('',(19.22861811,-13.232968712,1.6));
#2335=CARTESIAN_POINT('',(19.225606645,-13.27210781,1.607808197));
#2336=CARTESIAN_POINT('',(19.220039993,-13.344455899,1.637864083));
#2337=CARTESIAN_POINT('',(19.217486997,-13.377636424,1.660099947));
#2338=CARTESIAN_POINT('',(19.213226466,-13.433009254,1.715635984));
#2339=CARTESIAN_POINT('',(19.211520608,-13.455179773,1.748914306));
#2340=CARTESIAN_POINT('',(19.209214825,-13.485147332,1.821475635));
#2341=CARTESIAN_POINT('',(19.208615808,-13.492932583,1.860730092));
#2342=CARTESIAN_POINT('',(19.208615808,-13.492932583,1.9));
#2343=CARTESIAN_POINT('',(19.257172461,-13.195674931,1.6));
#2344=CARTESIAN_POINT('',(19.254637961,-13.234864268,1.6));
#2345=CARTESIAN_POINT('',(19.252104459,-13.274038186,1.607808197));
#2346=CARTESIAN_POINT('',(19.247421314,-13.346450639,1.637864083));
#2347=CARTESIAN_POINT('',(19.245273514,-13.379660683,1.660099947));
#2348=CARTESIAN_POINT('',(19.241689191,-13.435082775,1.715635984));
#2349=CARTESIAN_POINT('',(19.240254077,-13.457273017,1.748914306));
#2350=CARTESIAN_POINT('',(19.238314255,-13.487267237,1.821475635));
#2351=CARTESIAN_POINT('',(19.23781031,-13.495059414,1.860730092));
#2352=CARTESIAN_POINT('',(19.23781031,-13.495059414,1.9));
#2353=CARTESIAN_POINT('',(19.274216541,-13.196707591,1.6));
#2354=CARTESIAN_POINT('',(19.272000425,-13.235916211,1.6));
#2355=CARTESIAN_POINT('',(19.269785181,-13.275109403,1.607808197));
#2356=CARTESIAN_POINT('',(19.265690333,-13.347557486,1.637864083));
#2357=CARTESIAN_POINT('',(19.26381234,-13.38078387,1.660099947));
#2358=CARTESIAN_POINT('',(19.260678278,-13.436233231,1.715635984));
#2359=CARTESIAN_POINT('',(19.259423444,-13.458434392,1.748914306));
#2360=CARTESIAN_POINT('',(19.257727302,-13.48844337,1.821475635));
#2361=CARTESIAN_POINT('',(19.257286662,-13.496239381,1.860730092));
#2362=CARTESIAN_POINT('',(19.257286662,-13.496239381,1.9));
#2363=CARTESIAN_POINT('',(19.308320772,-13.198357994,1.6));
#2364=CARTESIAN_POINT('',(19.30674056,-13.237597387,1.6));
#2365=CARTESIAN_POINT('',(19.30516097,-13.276821341,1.607808197));
#2366=CARTESIAN_POINT('',(19.302241119,-13.349326285,1.637864083));
#2367=CARTESIAN_POINT('',(19.300902006,-13.382578747,1.660099947));
#2368=CARTESIAN_POINT('',(19.298667249,-13.438071629,1.715635984));
#2369=CARTESIAN_POINT('',(19.297772483,-13.460290214,1.748914306));
#2370=CARTESIAN_POINT('',(19.296563041,-13.490322745,1.821475635));
#2371=CARTESIAN_POINT('',(19.296248841,-13.498124874,1.860730092));
#2372=CARTESIAN_POINT('',(19.296248841,-13.498124874,1.9));
#2373=CARTESIAN_POINT('',(19.325385362,-13.198975942,1.6));
#2374=CARTESIAN_POINT('',(19.324122753,-13.23822683,1.6));
#2375=CARTESIAN_POINT('',(19.32286064,-13.277462274,1.607808197));
#2376=CARTESIAN_POINT('',(19.320527642,-13.349988457,1.637864083));
#2377=CARTESIAN_POINT('',(19.319457675,-13.38325066,1.660099947));
#2378=CARTESIAN_POINT('',(19.317672075,-13.438759798,1.715635984));
#2379=CARTESIAN_POINT('',(19.316957146,-13.460984891,1.748914306));
#2380=CARTESIAN_POINT('',(19.315990787,-13.49102622,1.821475635));
#2381=CARTESIAN_POINT('',(19.315739737,-13.498830635,1.860730092));
#2382=CARTESIAN_POINT('',(19.315739737,-13.498830635,1.9));
#2383=CARTESIAN_POINT('',(19.350986804,-13.199592475,1.6));
#2384=CARTESIAN_POINT('',(19.350199975,-13.23885482,1.6));
#2385=CARTESIAN_POINT('',(19.349413455,-13.278101718,1.607808197));
#2386=CARTESIAN_POINT('',(19.347959585,-13.350649072,1.637864083));
#2387=CARTESIAN_POINT('',(19.347292806,-13.383920985,1.660099947));
#2388=CARTESIAN_POINT('',(19.346180062,-13.439446326,1.715635984));
#2389=CARTESIAN_POINT('',(19.345734535,-13.461677907,1.748914306));
#2390=CARTESIAN_POINT('',(19.345132322,-13.491728005,1.821475635));
#2391=CARTESIAN_POINT('',(19.344975874,-13.499534699,1.860730092));
#2392=CARTESIAN_POINT('',(19.344975874,-13.499534699,1.9));
#2393=CARTESIAN_POINT('',(19.359521466,-13.199746268,1.6));
#2394=CARTESIAN_POINT('',(19.358893128,-13.239011468,1.6));
#2395=CARTESIAN_POINT('',(19.358265038,-13.27826122,1.607808197));
#2396=CARTESIAN_POINT('',(19.357104021,-13.35081385,1.637864083));
#2397=CARTESIAN_POINT('',(19.356571552,-13.384088183,1.660099947));
#2398=CARTESIAN_POINT('',(19.355682949,-13.439617562,1.715635984));
#2399=CARTESIAN_POINT('',(19.355327164,-13.46185076,1.748914306));
#2400=CARTESIAN_POINT('',(19.354846255,-13.491903043,1.821475635));
#2401=CARTESIAN_POINT('',(19.35472132,-13.499710304,1.860730092));
#2402=CARTESIAN_POINT('',(19.35472132,-13.499710304,1.9));
#2403=CARTESIAN_POINT('',(19.372324729,-13.199899493,1.6));
#2404=CARTESIAN_POINT('',(19.371933996,-13.239167537,1.6));
#2405=CARTESIAN_POINT('',(19.371543417,-13.278420131,1.607808197));
#2406=CARTESIAN_POINT('',(19.370821436,-13.350978015,1.637864083));
#2407=CARTESIAN_POINT('',(19.370490319,-13.384254757,1.660099947));
#2408=CARTESIAN_POINT('',(19.369937739,-13.439788158,1.715635984));
#2409=CARTESIAN_POINT('',(19.369716494,-13.462022966,1.748914306));
#2410=CARTESIAN_POINT('',(19.36941744,-13.492077426,1.821475635));
#2411=CARTESIAN_POINT('',(19.369339749,-13.499885252,1.860730092));
#2412=CARTESIAN_POINT('',(19.369339749,-13.499885252,1.9));
#2413=CARTESIAN_POINT('',(19.376592695,-13.199937657,1.6));
#2414=CARTESIAN_POINT('',(19.376281141,-13.239206409,1.6));
#2415=CARTESIAN_POINT('',(19.37596971,-13.27845971,1.607808197));
#2416=CARTESIAN_POINT('',(19.375394034,-13.351018903,1.637864083));
#2417=CARTESIAN_POINT('',(19.375130016,-13.384296245,1.660099947));
#2418=CARTESIAN_POINT('',(19.374689413,-13.439830647,1.715635984));
#2419=CARTESIAN_POINT('',(19.374513001,-13.462065856,1.748914306));
#2420=CARTESIAN_POINT('',(19.374274548,-13.492120857,1.821475635));
#2421=CARTESIAN_POINT('',(19.374212601,-13.499928824,1.860730092));
#2422=CARTESIAN_POINT('',(19.374212601,-13.499928824,1.9));
#2423=CARTESIAN_POINT('',(19.385129051,-13.199988174,1.6));
#2424=CARTESIAN_POINT('',(19.384975815,-13.239257863,1.6));
#2425=CARTESIAN_POINT('',(19.38482264,-13.278512102,1.607808197));
#2426=CARTESIAN_POINT('',(19.384539498,-13.351073025,1.637864083));
#2427=CARTESIAN_POINT('',(19.384409643,-13.384351161,1.660099947));
#2428=CARTESIAN_POINT('',(19.384192935,-13.439886888,1.715635984));
#2429=CARTESIAN_POINT('',(19.384106168,-13.462122628,1.748914306));
#2430=CARTESIAN_POINT('',(19.383988887,-13.492178347,1.821475635));
#2431=CARTESIAN_POINT('',(19.383958419,-13.4999865,1.860730092));
#2432=CARTESIAN_POINT('',(19.383958419,-13.4999865,1.9));
#2433=CARTESIAN_POINT('',(19.389397449,-13.2,1.6));
#2434=CARTESIAN_POINT('',(19.389397449,-13.239269908,1.6));
#2435=CARTESIAN_POINT('',(19.389397449,-13.278524365,1.607808197));
#2436=CARTESIAN_POINT('',(19.389397449,-13.351085694,1.637864083));
#2437=CARTESIAN_POINT('',(19.389397449,-13.384364016,1.660099947));
#2438=CARTESIAN_POINT('',(19.389397449,-13.439900053,1.715635984));
#2439=CARTESIAN_POINT('',(19.389397449,-13.462135917,1.748914306));
#2440=CARTESIAN_POINT('',(19.389397449,-13.492191803,1.821475635));
#2441=CARTESIAN_POINT('',(19.389397449,-13.5,1.860730092));
#2442=CARTESIAN_POINT('',(19.389397449,-13.5,1.9));
#2443=CARTESIAN_POINT('',(19.393666041,-13.2,1.6));
#2444=CARTESIAN_POINT('',(19.393666041,-13.239269908,1.6));
#2445=CARTESIAN_POINT('',(19.393666041,-13.278524365,1.607808197));
#2446=CARTESIAN_POINT('',(19.393666041,-13.351085694,1.637864083));
#2447=CARTESIAN_POINT('',(19.393666041,-13.384364016,1.660099947));
#2448=CARTESIAN_POINT('',(19.393666041,-13.439900053,1.715635984));
#2449=CARTESIAN_POINT('',(19.393666041,-13.462135917,1.748914306));
#2450=CARTESIAN_POINT('',(19.393666041,-13.492191803,1.821475635));
#2451=CARTESIAN_POINT('',(19.393666041,-13.5,1.860730092));
#2452=CARTESIAN_POINT('',(19.393666041,-13.5,1.9));
#2453=B_SPLINE_SURFACE_WITH_KNOTS('',3,3,((#2273,#2274,#2275,#2276,#2277,#2278,#2279,#2280,#2281,#2282),(#2283,#2284,#2285,#2286,#2287,#2288,#2289,#2290,#2291,#2292),(#2293,#2294,#2295,#2296,#2297,#2298,#2299,#2300,#2301,#2302),(#2303,#2304,#2305,#2306,#2307,#2308,#2309,#2310,#2311,#2312),(#2313,#2314,#2315,#2316,#2317,#2318,#2319,#2320,#2321,#2322),(#2323,#2324,#2325,#2326,#2327,#2328,#2329,#2330,#2331,#2332),(#2333,#2334,#2335,#2336,#2337,#2338,#2339,#2340,#2341,#2342),(#2343,#2344,#2345,#2346,#2347,#2348,#2349,#2350,#2351,#2352),(#2353,#2354,#2355,#2356,#2357,#2358,#2359,#2360,#2361,#2362),(#2363,#2364,#2365,#2366,#2367,#2368,#2369,#2370,#2371,#2372),(#2373,#2374,#2375,#2376,#2377,#2378,#2379,#2380,#2381,#2382),(#2383,#2384,#2385,#2386,#2387,#2388,#2389,#2390,#2391,#2392),(#2393,#2394,#2395,#2396,#2397,#2398,#2399,#2400,#2401,#2402),(#2403,#2404,#2405,#2406,#2407,#2408,#2409,#2410,#2411,#2412),(#2413,#2414,#2415,#2416,#2417,#2418,#2419,#2420,#2421,#2422),(#2423,#2424,#2425,#2426,#2427,#2428,#2429,#2430,#2431,#2432),(#2433,#2434,#2435,#2436,#2437,#2438,#2439,#2440,#2441,#2442),(#2443,#2444,#2445,#2446,#2447,#2448,#2449,#2450,#2451,#2452)),.UNSPECIFIED.,.F.,.F.,.U.,(4,2,2,2,2,2,2,2,4),(4,2,2,2,4),(0.,0.000012804,0.000025608,0.000051217,0.000102434,0.00015365,0.000179259,0.000192063,0.000204867),(0.,0.25,0.5,0.75,1.),.UNSPECIFIED.);
#2454=ORIENTED_EDGE('',*,*,#2266,.T.);
#2455=ORIENTED_EDGE('',*,*,#2219,.F.);
#2456=CARTESIAN_POINT('',(19.189112211,-13.190088869,1.9));
#2457=DIRECTION('',(0.995280414,-0.097040702,-0.));
#2458=DIRECTION('',(0.097040702,0.995280414,-0.));
#2459=AXIS2_PLACEMENT_3D('',#2456,#2457,#2458);
#2460=CIRCLE('',#2459,0.3);
#2461=EDGE_CURVE('',#1975,#2204,#2460,.T.);
#2462=ORIENTED_EDGE('',*,*,#2461,.F.);
#2463=ORIENTED_EDGE('',*,*,#2032,.F.);
#2464=EDGE_LOOP('',(#2454,#2455,#2462,#2463));
#2465=FACE_BOUND('',#2464,.T.);
#2466=ADVANCED_FACE('',(#2465),#2453,.F.);
#2467=CARTESIAN_POINT('',(19.392897686,-11.1,1.9));
#2468=DIRECTION('',(0.,0.,1.));
#2469=DIRECTION('',(1.,0.,-0.));
#2470=AXIS2_PLACEMENT_3D('',#2467,#2468,#2469);
#2471=TOROIDAL_SURFACE('',#2470,2.1,0.3);
#2472=ORIENTED_EDGE('',*,*,#2461,.T.);
#2473=ORIENTED_EDGE('',*,*,#2210,.F.);
#2474=CARTESIAN_POINT('',(17.292897686,-11.1,1.9));
#2475=DIRECTION('',(0.,-1.,0.));
#2476=DIRECTION('',(0.,0.,-1.));
#2477=AXIS2_PLACEMENT_3D('',#2474,#2475,#2476);
#2478=CIRCLE('',#2477,0.3);
#2479=EDGE_CURVE('',#1983,#2196,#2478,.T.);
#2480=ORIENTED_EDGE('',*,*,#2479,.F.);
#2481=ORIENTED_EDGE('',*,*,#1989,.F.);
#2482=EDGE_LOOP('',(#2472,#2473,#2480,#2481));
#2483=FACE_BOUND('',#2482,.T.);
#2484=ADVANCED_FACE('',(#2483),#2471,.F.);
#2485=CARTESIAN_POINT('',(17.292897686,0.,1.9));
#2486=DIRECTION('',(0.,-1.,0.));
#2487=DIRECTION('',(0.,0.,-1.));
#2488=AXIS2_PLACEMENT_3D('',#2485,#2486,#2487);
#2489=CYLINDRICAL_SURFACE('',#2488,0.3);
#2490=ORIENTED_EDGE('',*,*,#2479,.T.);
#2491=ORIENTED_EDGE('',*,*,#2201,.F.);
#2492=CARTESIAN_POINT('',(17.292897686,11.1,1.9));
#2493=DIRECTION('',(0.,-1.,0.));
#2494=DIRECTION('',(0.,0.,-1.));
#2495=AXIS2_PLACEMENT_3D('',#2492,#2493,#2494);
#2496=CIRCLE('',#2495,0.3);
#2497=EDGE_CURVE('',#2122,#2187,#2496,.T.);
#2498=ORIENTED_EDGE('',*,*,#2497,.F.);
#2499=ORIENTED_EDGE('',*,*,#2151,.F.);
#2500=EDGE_LOOP('',(#2490,#2491,#2498,#2499));
#2501=FACE_BOUND('',#2500,.T.);
#2502=ADVANCED_FACE('',(#2501),#2489,.F.);
#2503=CARTESIAN_POINT('',(19.392897686,11.1,1.9));
#2504=DIRECTION('',(0.,0.,1.));
#2505=DIRECTION('',(1.,0.,-0.));
#2506=AXIS2_PLACEMENT_3D('',#2503,#2504,#2505);
#2507=TOROIDAL_SURFACE('',#2506,2.1,0.3);
#2508=ORIENTED_EDGE('',*,*,#2497,.T.);
#2509=ORIENTED_EDGE('',*,*,#2193,.F.);
#2510=CARTESIAN_POINT('',(19.189112211,13.190088869,1.9));
#2511=DIRECTION('',(-0.995280414,-0.097040702,-0.));
#2512=DIRECTION('',(0.097040702,-0.995280414,-0.));
#2513=AXIS2_PLACEMENT_3D('',#2510,#2511,#2512);
#2514=CIRCLE('',#2513,0.3);
#2515=EDGE_CURVE('',#2088,#2178,#2514,.T.);
#2516=ORIENTED_EDGE('',*,*,#2515,.F.);
#2517=ORIENTED_EDGE('',*,*,#2134,.F.);
#2518=EDGE_LOOP('',(#2508,#2509,#2516,#2517));
#2519=FACE_BOUND('',#2518,.T.);
#2520=ADVANCED_FACE('',(#2519),#2507,.F.);
#2521=CARTESIAN_POINT('',(19.393395012,13.2,1.6));
#2522=CARTESIAN_POINT('',(19.393395012,13.239269908,1.6));
#2523=CARTESIAN_POINT('',(19.393395012,13.278524365,1.607808197));
#2524=CARTESIAN_POINT('',(19.393395012,13.351085694,1.637864083));
#2525=CARTESIAN_POINT('',(19.393395012,13.384364016,1.660099947));
#2526=CARTESIAN_POINT('',(19.393395012,13.439900053,1.715635984));
#2527=CARTESIAN_POINT('',(19.393395012,13.462135917,1.748914306));
#2528=CARTESIAN_POINT('',(19.393395012,13.492191803,1.821475635));
#2529=CARTESIAN_POINT('',(19.393395012,13.5,1.860730092));
#2530=CARTESIAN_POINT('',(19.393395012,13.5,1.9));
#2531=CARTESIAN_POINT('',(19.389132066,13.2,1.6));
#2532=CARTESIAN_POINT('',(19.389132066,13.239269908,1.6));
#2533=CARTESIAN_POINT('',(19.389132066,13.278524365,1.607808197));
#2534=CARTESIAN_POINT('',(19.389132066,13.351085694,1.637864083));
#2535=CARTESIAN_POINT('',(19.389132066,13.384364016,1.660099947));
#2536=CARTESIAN_POINT('',(19.389132066,13.439900053,1.715635984));
#2537=CARTESIAN_POINT('',(19.389132066,13.462135917,1.748914306));
#2538=CARTESIAN_POINT('',(19.389132066,13.492191803,1.821475635));
#2539=CARTESIAN_POINT('',(19.389132066,13.5,1.860730092));
#2540=CARTESIAN_POINT('',(19.389132066,13.5,1.9));
#2541=CARTESIAN_POINT('',(19.384869321,13.199987134,1.6));
#2542=CARTESIAN_POINT('',(19.384711269,13.239256803,1.6));
#2543=CARTESIAN_POINT('',(19.38455328,13.278511022,1.607808197));
#2544=CARTESIAN_POINT('',(19.384261239,13.35107191,1.637864083));
#2545=CARTESIAN_POINT('',(19.384127302,13.38435003,1.660099947));
#2546=CARTESIAN_POINT('',(19.383903784,13.43988573,1.715635984));
#2547=CARTESIAN_POINT('',(19.38381429,13.462121458,1.748914306));
#2548=CARTESIAN_POINT('',(19.383693323,13.492177162,1.821475635));
#2549=CARTESIAN_POINT('',(19.383661897,13.499985312,1.860730092));
#2550=CARTESIAN_POINT('',(19.383661897,13.499985312,1.9));
#2551=CARTESIAN_POINT('',(19.37634423,13.199935659,1.6));
#2552=CARTESIAN_POINT('',(19.376028067,13.239204374,1.6));
#2553=CARTESIAN_POINT('',(19.375712029,13.278457639,1.607808197));
#2554=CARTESIAN_POINT('',(19.375127836,13.351016763,1.637864083));
#2555=CARTESIAN_POINT('',(19.374859912,13.384294074,1.660099947));
#2556=CARTESIAN_POINT('',(19.37441279,13.439828423,1.715635984));
#2557=CARTESIAN_POINT('',(19.374233769,13.462063611,1.748914306));
#2558=CARTESIAN_POINT('',(19.373991789,13.492118585,1.821475635));
#2559=CARTESIAN_POINT('',(19.373928925,13.499926544,1.860730092));
#2560=CARTESIAN_POINT('',(19.373928925,13.499926544,1.9));
#2561=CARTESIAN_POINT('',(19.372081884,13.199897051,1.6));
#2562=CARTESIAN_POINT('',(19.371686646,13.23916505,1.6));
#2563=CARTESIAN_POINT('',(19.371291562,13.278417598,1.607808197));
#2564=CARTESIAN_POINT('',(19.370561256,13.350975399,1.637864083));
#2565=CARTESIAN_POINT('',(19.370226321,13.384252103,1.660099947));
#2566=CARTESIAN_POINT('',(19.369667369,13.43978544,1.715635984));
#2567=CARTESIAN_POINT('',(19.369443572,13.462020222,1.748914306));
#2568=CARTESIAN_POINT('',(19.369141069,13.492074647,1.821475635));
#2569=CARTESIAN_POINT('',(19.369062482,13.499882465,1.860730092));
#2570=CARTESIAN_POINT('',(19.369062482,13.499882465,1.9));
#2571=CARTESIAN_POINT('',(19.35929545,13.199742594,1.6));
#2572=CARTESIAN_POINT('',(19.358662916,13.239007726,1.6));
#2573=CARTESIAN_POINT('',(19.358030631,13.278257409,1.607808197));
#2574=CARTESIAN_POINT('',(19.35686186,13.350809914,1.637864083));
#2575=CARTESIAN_POINT('',(19.356325835,13.384084188,1.660099947));
#2576=CARTESIAN_POINT('',(19.355431297,13.439613471,1.715635984));
#2577=CARTESIAN_POINT('',(19.355073136,13.461846631,1.748914306));
#2578=CARTESIAN_POINT('',(19.354589016,13.491898862,1.821475635));
#2579=CARTESIAN_POINT('',(19.354463246,13.499706109,1.860730092));
#2580=CARTESIAN_POINT('',(19.354463246,13.499706109,1.9));
#2581=CARTESIAN_POINT('',(19.350771961,13.199588114,1.6));
#2582=CARTESIAN_POINT('',(19.349981141,13.238850378,1.6));
#2583=CARTESIAN_POINT('',(19.349190633,13.278097194,1.607808197));
#2584=CARTESIAN_POINT('',(19.347729389,13.350644399,1.637864083));
#2585=CARTESIAN_POINT('',(19.347059228,13.383916243,1.660099947));
#2586=CARTESIAN_POINT('',(19.34594084,13.43944147,1.715635984));
#2587=CARTESIAN_POINT('',(19.345493053,13.461673005,1.748914306));
#2588=CARTESIAN_POINT('',(19.344887786,13.491723041,1.821475635));
#2589=CARTESIAN_POINT('',(19.344730544,13.499529719,1.860730092));
#2590=CARTESIAN_POINT('',(19.344730544,13.499529719,1.9));
#2591=CARTESIAN_POINT('',(19.325203903,13.198969918,1.6));
#2592=CARTESIAN_POINT('',(19.323937918,13.238220693,1.6));
#2593=CARTESIAN_POINT('',(19.32267243,13.277456025,1.607808197));
#2594=CARTESIAN_POINT('',(19.320333194,13.349982001,1.637864083));
#2595=CARTESIAN_POINT('',(19.319260366,13.38324411,1.660099947));
#2596=CARTESIAN_POINT('',(19.317469992,13.438753089,1.715635984));
#2597=CARTESIAN_POINT('',(19.316753151,13.460978119,1.748914306));
#2598=CARTESIAN_POINT('',(19.315784208,13.491019362,1.821475635));
#2599=CARTESIAN_POINT('',(19.315532487,13.498823755,1.860730092));
#2600=CARTESIAN_POINT('',(19.315532487,13.498823755,1.9));
#2601=CARTESIAN_POINT('',(19.30816239,13.198351427,1.6));
#2602=CARTESIAN_POINT('',(19.306579228,13.237590698,1.6));
#2603=CARTESIAN_POINT('',(19.304996689,13.276814529,1.607808197));
#2604=CARTESIAN_POINT('',(19.302071386,13.349319247,1.637864083));
#2605=CARTESIAN_POINT('',(19.300729774,13.382571606,1.660099947));
#2606=CARTESIAN_POINT('',(19.298490845,13.438064314,1.715635984));
#2607=CARTESIAN_POINT('',(19.297594408,13.46028283,1.748914306));
#2608=CARTESIAN_POINT('',(19.296382708,13.490315267,1.821475635));
#2609=CARTESIAN_POINT('',(19.296067921,13.498117372,1.860730092));
#2610=CARTESIAN_POINT('',(19.296067921,13.498117372,1.9));
#2611=CARTESIAN_POINT('',(19.257073872,13.1958758,1.6));
#2612=CARTESIAN_POINT('',(19.254538109,13.235068909,1.6));
#2613=CARTESIAN_POINT('',(19.252003345,13.274246598,1.607808197));
#2614=CARTESIAN_POINT('',(19.247317867,13.346666022,1.637864083));
#2615=CARTESIAN_POINT('',(19.245168997,13.379879263,1.660099947));
#2616=CARTESIAN_POINT('',(19.241582888,13.435306691,1.715635984));
#2617=CARTESIAN_POINT('',(19.240147059,13.457499069,1.748914306));
#2618=CARTESIAN_POINT('',(19.23820627,13.487496176,1.821475635));
#2619=CARTESIAN_POINT('',(19.237702074,13.495289103,1.860730092));
#2620=CARTESIAN_POINT('',(19.237702074,13.495289103,1.9));
#2621=CARTESIAN_POINT('',(19.223054867,13.193398307,1.6));
#2622=CARTESIAN_POINT('',(19.219882458,13.232545119,1.6));
#2623=CARTESIAN_POINT('',(19.216711297,13.271676529,1.607808197));
#2624=CARTESIAN_POINT('',(19.210849449,13.344010406,1.637864083));
#2625=CARTESIAN_POINT('',(19.208161068,13.377184413,1.660099947));
#2626=CARTESIAN_POINT('',(19.203674604,13.432546366,1.715635984));
#2627=CARTESIAN_POINT('',(19.201878286,13.454712529,1.748914306));
#2628=CARTESIAN_POINT('',(19.199450229,13.484674201,1.821475635));
#2629=CARTESIAN_POINT('',(19.198819446,13.492457923,1.860730092));
#2630=CARTESIAN_POINT('',(19.198819446,13.492457923,1.9));
#2631=CARTESIAN_POINT('',(19.189112211,13.190088869,1.6));
#2632=CARTESIAN_POINT('',(19.185301431,13.229173439,1.6));
#2633=CARTESIAN_POINT('',(19.181492151,13.268242632,1.607808197));
#2634=CARTESIAN_POINT('',(19.174450749,13.340461501,1.637864083));
#2635=CARTESIAN_POINT('',(19.171221397,13.373582763,1.660099947));
#2636=CARTESIAN_POINT('',(19.165832141,13.428856693,1.715635984));
#2637=CARTESIAN_POINT('',(19.163674357,13.450987612,1.748914306));
#2638=CARTESIAN_POINT('',(19.160757713,13.480901648,1.821475635));
#2639=CARTESIAN_POINT('',(19.16,13.488672993,1.860730092));
#2640=CARTESIAN_POINT('',(19.16,13.488672993,1.9));
#2641=B_SPLINE_SURFACE_WITH_KNOTS('',3,3,((#2521,#2522,#2523,#2524,#2525,#2526,#2527,#2528,#2529,#2530),(#2531,#2532,#2533,#2534,#2535,#2536,#2537,#2538,#2539,#2540),(#2541,#2542,#2543,#2544,#2545,#2546,#2547,#2548,#2549,#2550),(#2551,#2552,#2553,#2554,#2555,#2556,#2557,#2558,#2559,#2560),(#2561,#2562,#2563,#2564,#2565,#2566,#2567,#2568,#2569,#2570),(#2571,#2572,#2573,#2574,#2575,#2576,#2577,#2578,#2579,#2580),(#2581,#2582,#2583,#2584,#2585,#2586,#2587,#2588,#2589,#2590),(#2591,#2592,#2593,#2594,#2595,#2596,#2597,#2598,#2599,#2600),(#2601,#2602,#2603,#2604,#2605,#2606,#2607,#2608,#2609,#2610),(#2611,#2612,#2613,#2614,#2615,#2616,#2617,#2618,#2619,#2620),(#2621,#2622,#2623,#2624,#2625,#2626,#2627,#2628,#2629,#2630),(#2631,#2632,#2633,#2634,#2635,#2636,#2637,#2638,#2639,#2640)),.UNSPECIFIED.,.F.,.F.,.U.,(4,2,2,2,2,4),(4,2,2,2,4),(0.,0.000012787,0.000025575,0.000051149,0.000102298,0.000204597),(0.,0.25,0.5,0.75,1.),.UNSPECIFIED.);
#2642=ORIENTED_EDGE('',*,*,#2515,.T.);
#2643=ORIENTED_EDGE('',*,*,#2184,.F.);
#2644=CARTESIAN_POINT('',(19.393395012,13.2,1.9));
#2645=DIRECTION('',(-1.,0.,-0.));
#2646=DIRECTION('',(-0.,-1.,0.));
#2647=AXIS2_PLACEMENT_3D('',#2644,#2645,#2646);
#2648=CIRCLE('',#2647,0.3);
#2649=EDGE_CURVE('',#2061,#2170,#2648,.T.);
#2650=ORIENTED_EDGE('',*,*,#2649,.F.);
#2651=ORIENTED_EDGE('',*,*,#2109,.F.);
#2652=EDGE_LOOP('',(#2642,#2643,#2650,#2651));
#2653=FACE_BOUND('',#2652,.T.);
#2654=ADVANCED_FACE('',(#2653),#2641,.F.);
#2655=CARTESIAN_POINT('',(20.114565854,13.2,1.9));
#2656=DIRECTION('',(-1.,0.,0.));
#2657=DIRECTION('',(0.,0.,1.));
#2658=AXIS2_PLACEMENT_3D('',#2655,#2656,#2657);
#2659=CYLINDRICAL_SURFACE('',#2658,0.3);
#2660=ORIENTED_EDGE('',*,*,#2649,.T.);
#2661=ORIENTED_EDGE('',*,*,#2175,.F.);
#2662=ORIENTED_EDGE('',*,*,#1392,.F.);
#2663=ORIENTED_EDGE('',*,*,#1789,.F.);
#2664=ORIENTED_EDGE('',*,*,#2072,.F.);
#2665=EDGE_LOOP('',(#2660,#2661,#2662,#2663,#2664));
#2666=FACE_BOUND('',#2665,.T.);
#2667=ADVANCED_FACE('',(#2666),#2659,.F.);
#2668=CARTESIAN_POINT('',(19.847386354,13.2,1.3));
#2669=DIRECTION('',(0.,-1.,0.));
#2670=DIRECTION('',(0.,0.,-1.));
#2671=AXIS2_PLACEMENT_3D('',#2668,#2669,#2670);
#2672=TOROIDAL_SURFACE('',#2671,0.6,0.3);
#2673=ORIENTED_EDGE('',*,*,#1405,.T.);
#2674=ORIENTED_EDGE('',*,*,#1271,.F.);
#2675=ORIENTED_EDGE('',*,*,#1322,.F.);
#2676=ORIENTED_EDGE('',*,*,#1803,.F.);
#2677=EDGE_LOOP('',(#2673,#2674,#2675,#2676));
#2678=FACE_BOUND('',#2677,.T.);
#2679=ADVANCED_FACE('',(#2678),#2672,.F.);
#2680=CARTESIAN_POINT('',(-20.560003166,-5.15,1.457878113));
#2681=DIRECTION('',(0.,1.,0.));
#2682=DIRECTION('',(0.258819045,0.,0.965925826));
#2683=AXIS2_PLACEMENT_3D('',#2680,#2681,#2682);
#2684=PLANE('',#2683);
#2685=CARTESIAN_POINT('',(-22.140839827,-5.15,1.933225828));
#2686=VERTEX_POINT('',#2685);
#2687=CARTESIAN_POINT('',(-22.140839827,-5.15,1.933225828));
#2688=DIRECTION('',(0.965925826,0.,-0.258819045));
#2689=VECTOR('',#2688,2.253411561);
#2690=LINE('',#2687,#2689);
#2691=EDGE_CURVE('',#2686,#875,#2690,.T.);
#2692=ORIENTED_EDGE('',*,*,#2691,.F.);
#2693=CARTESIAN_POINT('',(-22.385788802,-5.15,1.791804472));
#2694=VERTEX_POINT('',#2693);
#2695=CARTESIAN_POINT('',(-22.192603636,-5.15,1.740040663));
#2696=DIRECTION('',(-0.,-1.,-0.));
#2697=DIRECTION('',(0.,-0.,1.));
#2698=AXIS2_PLACEMENT_3D('',#2695,#2696,#2697);
#2699=CIRCLE('',#2698,0.2);
#2700=EDGE_CURVE('',#2686,#2694,#2699,.T.);
#2701=ORIENTED_EDGE('',*,*,#2700,.T.);
#2702=CARTESIAN_POINT('',(-22.385788802,-5.15,1.791804472));
#2703=DIRECTION('',(-0.258819045,0.,-0.965925826));
#2704=VECTOR('',#2703,0.457389647);
#2705=LINE('',#2702,#2704);
#2706=EDGE_CURVE('',#2694,#873,#2705,.T.);
#2707=ORIENTED_EDGE('',*,*,#2706,.T.);
#2708=ORIENTED_EDGE('',*,*,#880,.T.);
#2709=EDGE_LOOP('',(#2692,#2701,#2707,#2708));
#2710=FACE_BOUND('',#2709,.T.);
#2711=ADVANCED_FACE('',(#2710),#2684,.F.);
#2712=CARTESIAN_POINT('',(-22.346965945,-8.2,1.936693346));
#2713=DIRECTION('',(-0.965925826,0.,0.258819045));
#2714=DIRECTION('',(0.258819045,0.,0.965925826));
#2715=AXIS2_PLACEMENT_3D('',#2712,#2713,#2714);
#2716=PLANE('',#2715);
#2717=ORIENTED_EDGE('',*,*,#2706,.F.);
#2718=CARTESIAN_POINT('',(-22.385788802,-11.25,1.791804472));
#2719=VERTEX_POINT('',#2718);
#2720=CARTESIAN_POINT('',(-22.385788802,-5.15,1.791804472));
#2721=DIRECTION('',(-0.,-1.,-0.));
#2722=VECTOR('',#2721,6.1);
#2723=LINE('',#2720,#2722);
#2724=EDGE_CURVE('',#2694,#2719,#2723,.T.);
#2725=ORIENTED_EDGE('',*,*,#2724,.T.);
#2726=CARTESIAN_POINT('',(-22.385788802,-11.25,1.791804472));
#2727=DIRECTION('',(-0.258819045,0.,-0.965925826));
#2728=VECTOR('',#2727,0.457389647);
#2729=LINE('',#2726,#2728);
#2730=EDGE_CURVE('',#2719,#883,#2729,.T.);
#2731=ORIENTED_EDGE('',*,*,#2730,.T.);
#2732=ORIENTED_EDGE('',*,*,#888,.T.);
#2733=EDGE_LOOP('',(#2717,#2725,#2731,#2732));
#2734=FACE_BOUND('',#2733,.T.);
#2735=ADVANCED_FACE('',(#2734),#2716,.F.);
#2736=CARTESIAN_POINT('',(-20.560003166,-11.25,1.457878113));
#2737=DIRECTION('',(-0.,-1.,0.));
#2738=DIRECTION('',(0.965925826,-0.,-0.258819045));
#2739=AXIS2_PLACEMENT_3D('',#2736,#2737,#2738);
#2740=PLANE('',#2739);
#2741=ORIENTED_EDGE('',*,*,#2730,.F.);
#2742=CARTESIAN_POINT('',(-22.140839827,-11.25,1.933225828));
#2743=VERTEX_POINT('',#2742);
#2744=CARTESIAN_POINT('',(-22.192603636,-11.25,1.740040663));
#2745=DIRECTION('',(0.,1.,-0.));
#2746=DIRECTION('',(1.,-0.,0.));
#2747=AXIS2_PLACEMENT_3D('',#2744,#2745,#2746);
#2748=CIRCLE('',#2747,0.2);
#2749=EDGE_CURVE('',#2719,#2743,#2748,.T.);
#2750=ORIENTED_EDGE('',*,*,#2749,.T.);
#2751=CARTESIAN_POINT('',(-19.964211403,-11.25,1.35));
#2752=DIRECTION('',(-0.965925826,0.,0.258819045));
#2753=VECTOR('',#2752,2.253411561);
#2754=LINE('',#2751,#2753);
#2755=EDGE_CURVE('',#891,#2743,#2754,.T.);
#2756=ORIENTED_EDGE('',*,*,#2755,.F.);
#2757=ORIENTED_EDGE('',*,*,#896,.T.);
#2758=EDGE_LOOP('',(#2741,#2750,#2756,#2757));
#2759=FACE_BOUND('',#2758,.T.);
#2760=ADVANCED_FACE('',(#2759),#2740,.F.);
#2761=CARTESIAN_POINT('',(-20.547062214,-36.2,1.506174404));
#2762=DIRECTION('',(0.258819045,0.,0.965925826));
#2763=DIRECTION('',(0.965925826,0.,-0.258819045));
#2764=AXIS2_PLACEMENT_3D('',#2761,#2762,#2763);
#2765=PLANE('',#2764);
#2766=ORIENTED_EDGE('',*,*,#2755,.T.);
#2767=CARTESIAN_POINT('',(-22.140839827,-11.25,1.933225828));
#2768=DIRECTION('',(0.,1.,0.));
#2769=VECTOR('',#2768,6.1);
#2770=LINE('',#2767,#2769);
#2771=EDGE_CURVE('',#2743,#2686,#2770,.T.);
#2772=ORIENTED_EDGE('',*,*,#2771,.T.);
#2773=ORIENTED_EDGE('',*,*,#2691,.T.);
#2774=ORIENTED_EDGE('',*,*,#902,.T.);
#2775=EDGE_LOOP('',(#2766,#2772,#2773,#2774));
#2776=FACE_BOUND('',#2775,.T.);
#2777=ADVANCED_FACE('',(#2776),#2765,.F.);
#2778=CARTESIAN_POINT('',(-20.560003166,5.15,1.457878113));
#2779=DIRECTION('',(0.,-1.,0.));
#2780=DIRECTION('',(0.258819045,0.,0.965925826));
#2781=AXIS2_PLACEMENT_3D('',#2778,#2779,#2780);
#2782=PLANE('',#2781);
#2783=CARTESIAN_POINT('',(-22.385788802,5.15,1.791804472));
#2784=VERTEX_POINT('',#2783);
#2785=CARTESIAN_POINT('',(-22.385788802,5.15,1.791804472));
#2786=DIRECTION('',(-0.258819045,0.,-0.965925826));
#2787=VECTOR('',#2786,0.457389647);
#2788=LINE('',#2785,#2787);
#2789=EDGE_CURVE('',#2784,#909,#2788,.T.);
#2790=ORIENTED_EDGE('',*,*,#2789,.F.);
#2791=CARTESIAN_POINT('',(-22.192603636,5.15,1.940040663));
#2792=VERTEX_POINT('',#2791);
#2793=CARTESIAN_POINT('',(-22.192603636,5.15,1.740040663));
#2794=DIRECTION('',(-0.,1.,-0.));
#2795=DIRECTION('',(0.,0.,-1.));
#2796=AXIS2_PLACEMENT_3D('',#2793,#2794,#2795);
#2797=CIRCLE('',#2796,0.2);
#2798=EDGE_CURVE('',#2784,#2792,#2797,.T.);
#2799=ORIENTED_EDGE('',*,*,#2798,.T.);
#2800=CARTESIAN_POINT('',(-22.140839827,5.15,1.933225828));
#2801=VERTEX_POINT('',#2800);
#2802=CARTESIAN_POINT('',(-22.192603636,5.15,1.740040663));
#2803=DIRECTION('',(-0.,1.,-0.));
#2804=DIRECTION('',(0.,0.,-1.));
#2805=AXIS2_PLACEMENT_3D('',#2802,#2803,#2804);
#2806=CIRCLE('',#2805,0.2);
#2807=EDGE_CURVE('',#2792,#2801,#2806,.T.);
#2808=ORIENTED_EDGE('',*,*,#2807,.T.);
#2809=CARTESIAN_POINT('',(-22.140839827,5.15,1.933225828));
#2810=DIRECTION('',(0.965925826,0.,-0.258819045));
#2811=VECTOR('',#2810,2.253411561);
#2812=LINE('',#2809,#2811);
#2813=EDGE_CURVE('',#2801,#907,#2812,.T.);
#2814=ORIENTED_EDGE('',*,*,#2813,.T.);
#2815=ORIENTED_EDGE('',*,*,#914,.T.);
#2816=EDGE_LOOP('',(#2790,#2799,#2808,#2814,#2815));
#2817=FACE_BOUND('',#2816,.T.);
#2818=ADVANCED_FACE('',(#2817),#2782,.F.);
#2819=CARTESIAN_POINT('',(-22.346965945,8.2,1.936693346));
#2820=DIRECTION('',(-0.965925826,0.,0.258819045));
#2821=DIRECTION('',(0.258819045,0.,0.965925826));
#2822=AXIS2_PLACEMENT_3D('',#2819,#2820,#2821);
#2823=PLANE('',#2822);
#2824=CARTESIAN_POINT('',(-22.385788802,11.25,1.791804472));
#2825=VERTEX_POINT('',#2824);
#2826=CARTESIAN_POINT('',(-22.385788802,11.25,1.791804472));
#2827=DIRECTION('',(-0.258819045,0.,-0.965925826));
#2828=VECTOR('',#2827,0.457389647);
#2829=LINE('',#2826,#2828);
#2830=EDGE_CURVE('',#2825,#925,#2829,.T.);
#2831=ORIENTED_EDGE('',*,*,#2830,.F.);
#2832=CARTESIAN_POINT('',(-22.385788802,11.25,1.791804472));
#2833=DIRECTION('',(0.,-1.,0.));
#2834=VECTOR('',#2833,6.1);
#2835=LINE('',#2832,#2834);
#2836=EDGE_CURVE('',#2825,#2784,#2835,.T.);
#2837=ORIENTED_EDGE('',*,*,#2836,.T.);
#2838=ORIENTED_EDGE('',*,*,#2789,.T.);
#2839=ORIENTED_EDGE('',*,*,#936,.T.);
#2840=EDGE_LOOP('',(#2831,#2837,#2838,#2839));
#2841=FACE_BOUND('',#2840,.T.);
#2842=ADVANCED_FACE('',(#2841),#2823,.F.);
#2843=CARTESIAN_POINT('',(-20.560003166,11.25,1.457878113));
#2844=DIRECTION('',(-0.,1.,0.));
#2845=DIRECTION('',(0.965925826,0.,-0.258819045));
#2846=AXIS2_PLACEMENT_3D('',#2843,#2844,#2845);
#2847=PLANE('',#2846);
#2848=CARTESIAN_POINT('',(-22.140839827,11.25,1.933225828));
#2849=VERTEX_POINT('',#2848);
#2850=CARTESIAN_POINT('',(-19.964211403,11.25,1.35));
#2851=DIRECTION('',(-0.965925826,-0.,0.258819045));
#2852=VECTOR('',#2851,2.253411561);
#2853=LINE('',#2850,#2852);
#2854=EDGE_CURVE('',#917,#2849,#2853,.T.);
#2855=ORIENTED_EDGE('',*,*,#2854,.T.);
#2856=CARTESIAN_POINT('',(-22.192603636,11.25,1.940040663));
#2857=VERTEX_POINT('',#2856);
#2858=CARTESIAN_POINT('',(-22.192603636,11.25,1.740040663));
#2859=DIRECTION('',(0.,-1.,-0.));
#2860=DIRECTION('',(-1.,-0.,0.));
#2861=AXIS2_PLACEMENT_3D('',#2858,#2859,#2860);
#2862=CIRCLE('',#2861,0.2);
#2863=EDGE_CURVE('',#2849,#2857,#2862,.T.);
#2864=ORIENTED_EDGE('',*,*,#2863,.T.);
#2865=CARTESIAN_POINT('',(-22.192603636,11.25,1.740040663));
#2866=DIRECTION('',(0.,-1.,-0.));
#2867=DIRECTION('',(-1.,-0.,0.));
#2868=AXIS2_PLACEMENT_3D('',#2865,#2866,#2867);
#2869=CIRCLE('',#2868,0.2);
#2870=EDGE_CURVE('',#2857,#2825,#2869,.T.);
#2871=ORIENTED_EDGE('',*,*,#2870,.T.);
#2872=ORIENTED_EDGE('',*,*,#2830,.T.);
#2873=ORIENTED_EDGE('',*,*,#930,.T.);
#2874=EDGE_LOOP('',(#2855,#2864,#2871,#2872,#2873));
#2875=FACE_BOUND('',#2874,.T.);
#2876=ADVANCED_FACE('',(#2875),#2847,.F.);
#2877=CARTESIAN_POINT('',(-20.547062214,36.2,1.506174404));
#2878=DIRECTION('',(0.258819045,0.,0.965925826));
#2879=DIRECTION('',(0.965925826,0.,-0.258819045));
#2880=AXIS2_PLACEMENT_3D('',#2877,#2878,#2879);
#2881=PLANE('',#2880);
#2882=ORIENTED_EDGE('',*,*,#2813,.F.);
#2883=CARTESIAN_POINT('',(-22.140839827,5.15,1.933225828));
#2884=DIRECTION('',(-0.,1.,-0.));
#2885=VECTOR('',#2884,6.1);
#2886=LINE('',#2883,#2885);
#2887=EDGE_CURVE('',#2801,#2849,#2886,.T.);
#2888=ORIENTED_EDGE('',*,*,#2887,.T.);
#2889=ORIENTED_EDGE('',*,*,#2854,.F.);
#2890=ORIENTED_EDGE('',*,*,#922,.T.);
#2891=EDGE_LOOP('',(#2882,#2888,#2889,#2890));
#2892=FACE_BOUND('',#2891,.T.);
#2893=ADVANCED_FACE('',(#2892),#2881,.F.);
#2894=CARTESIAN_POINT('',(-22.192603636,-36.2,1.740040663));
#2895=DIRECTION('',(0.,-1.,0.));
#2896=DIRECTION('',(0.,0.,-1.));
#2897=AXIS2_PLACEMENT_3D('',#2894,#2895,#2896);
#2898=CYLINDRICAL_SURFACE('',#2897,0.2);
#2899=ORIENTED_EDGE('',*,*,#2749,.F.);
#2900=ORIENTED_EDGE('',*,*,#2724,.F.);
#2901=ORIENTED_EDGE('',*,*,#2700,.F.);
#2902=ORIENTED_EDGE('',*,*,#2771,.F.);
#2903=EDGE_LOOP('',(#2899,#2900,#2901,#2902));
#2904=FACE_BOUND('',#2903,.T.);
#2905=ADVANCED_FACE('',(#2904),#2898,.F.);
#2906=CARTESIAN_POINT('',(-22.192603636,8.2,1.740040663));
#2907=DIRECTION('',(0.,1.,0.));
#2908=DIRECTION('',(0.,-0.,1.));
#2909=AXIS2_PLACEMENT_3D('',#2906,#2907,#2908);
#2910=CYLINDRICAL_SURFACE('',#2909,0.2);
#2911=CARTESIAN_POINT('',(-22.192603636,11.25,1.940040663));
#2912=DIRECTION('',(-0.,-1.,-0.));
#2913=VECTOR('',#2912,6.1);
#2914=LINE('',#2911,#2913);
#2915=EDGE_CURVE('',#2857,#2792,#2914,.T.);
#2916=ORIENTED_EDGE('',*,*,#2915,.F.);
#2917=ORIENTED_EDGE('',*,*,#2863,.F.);
#2918=ORIENTED_EDGE('',*,*,#2887,.F.);
#2919=ORIENTED_EDGE('',*,*,#2807,.F.);
#2920=EDGE_LOOP('',(#2916,#2917,#2918,#2919));
#2921=FACE_BOUND('',#2920,.T.);
#2922=ADVANCED_FACE('',(#2921),#2910,.F.);
#2923=CARTESIAN_POINT('',(-22.18,14.9,5.625));
#2924=DIRECTION('',(0.,0.,-1.));
#2925=DIRECTION('',(-1.,0.,0.));
#2926=AXIS2_PLACEMENT_3D('',#2923,#2924,#2925);
#2927=CYLINDRICAL_SURFACE('',#2926,0.75);
#2928=CARTESIAN_POINT('',(-22.93,14.9,1.5));
#2929=VERTEX_POINT('',#2928);
#2930=CARTESIAN_POINT('',(-22.93,14.9,1.35));
#2931=DIRECTION('',(-0.,-0.,1.));
#2932=VECTOR('',#2931,0.15);
#2933=LINE('',#2930,#2932);
#2934=EDGE_CURVE('',#474,#2929,#2933,.T.);
#2935=ORIENTED_EDGE('',*,*,#2934,.F.);
#2936=ORIENTED_EDGE('',*,*,#480,.T.);
#2937=ORIENTED_EDGE('',*,*,#2934,.T.);
#2938=CARTESIAN_POINT('',(-21.43,14.9,1.5));
#2939=VERTEX_POINT('',#2938);
#2940=CARTESIAN_POINT('',(-22.18,14.9,1.5));
#2941=DIRECTION('',(0.,0.,1.));
#2942=DIRECTION('',(1.,0.,-0.));
#2943=AXIS2_PLACEMENT_3D('',#2940,#2941,#2942);
#2944=CIRCLE('',#2943,0.75);
#2945=EDGE_CURVE('',#2929,#2939,#2944,.T.);
#2946=ORIENTED_EDGE('',*,*,#2945,.T.);
#2947=CARTESIAN_POINT('',(-22.18,14.9,1.5));
#2948=DIRECTION('',(0.,0.,1.));
#2949=DIRECTION('',(1.,0.,-0.));
#2950=AXIS2_PLACEMENT_3D('',#2947,#2948,#2949);
#2951=CIRCLE('',#2950,0.75);
#2952=EDGE_CURVE('',#2939,#2929,#2951,.T.);
#2953=ORIENTED_EDGE('',*,*,#2952,.T.);
#2954=EDGE_LOOP('',(#2935,#2936,#2937,#2946,#2953));
#2955=FACE_BOUND('',#2954,.T.);
#2956=ADVANCED_FACE('',(#2955),#2927,.F.);
#2957=CARTESIAN_POINT('',(-22.18,-14.9,5.625));
#2958=DIRECTION('',(0.,0.,-1.));
#2959=DIRECTION('',(-1.,0.,0.));
#2960=AXIS2_PLACEMENT_3D('',#2957,#2958,#2959);
#2961=CYLINDRICAL_SURFACE('',#2960,0.75);
#2962=CARTESIAN_POINT('',(-22.93,-14.9,1.5));
#2963=VERTEX_POINT('',#2962);
#2964=CARTESIAN_POINT('',(-22.93,-14.9,1.35));
#2965=DIRECTION('',(-0.,-0.,1.));
#2966=VECTOR('',#2965,0.15);
#2967=LINE('',#2964,#2966);
#2968=EDGE_CURVE('',#437,#2963,#2967,.T.);
#2969=ORIENTED_EDGE('',*,*,#2968,.F.);
#2970=ORIENTED_EDGE('',*,*,#443,.T.);
#2971=ORIENTED_EDGE('',*,*,#2968,.T.);
#2972=CARTESIAN_POINT('',(-21.43,-14.9,1.5));
#2973=VERTEX_POINT('',#2972);
#2974=CARTESIAN_POINT('',(-22.18,-14.9,1.5));
#2975=DIRECTION('',(0.,0.,1.));
#2976=DIRECTION('',(1.,0.,-0.));
#2977=AXIS2_PLACEMENT_3D('',#2974,#2975,#2976);
#2978=CIRCLE('',#2977,0.75);
#2979=EDGE_CURVE('',#2963,#2973,#2978,.T.);
#2980=ORIENTED_EDGE('',*,*,#2979,.T.);
#2981=CARTESIAN_POINT('',(-22.18,-14.9,1.5));
#2982=DIRECTION('',(0.,0.,1.));
#2983=DIRECTION('',(1.,0.,-0.));
#2984=AXIS2_PLACEMENT_3D('',#2981,#2982,#2983);
#2985=CIRCLE('',#2984,0.75);
#2986=EDGE_CURVE('',#2973,#2963,#2985,.T.);
#2987=ORIENTED_EDGE('',*,*,#2986,.T.);
#2988=EDGE_LOOP('',(#2969,#2970,#2971,#2980,#2987));
#2989=FACE_BOUND('',#2988,.T.);
#2990=ADVANCED_FACE('',(#2989),#2961,.F.);
#2991=CARTESIAN_POINT('',(-22.18,-14.9,2.));
#2992=DIRECTION('',(0.,0.,1.));
#2993=DIRECTION('',(1.,0.,-0.));
#2994=AXIS2_PLACEMENT_3D('',#2991,#2992,#2993);
#2995=CONICAL_SURFACE('',#2994,1.25,45.);
#2996=CARTESIAN_POINT('',(-21.017867966,-14.9,1.912132034));
#2997=VERTEX_POINT('',#2996);
#2998=CARTESIAN_POINT('',(-21.017867966,-14.9,1.912132034));
#2999=DIRECTION('',(-0.707106781,-0.,-0.707106781));
#3000=VECTOR('',#2999,0.582842712);
#3001=LINE('',#2998,#3000);
#3002=EDGE_CURVE('',#2997,#2973,#3001,.T.);
#3003=ORIENTED_EDGE('',*,*,#3002,.F.);
#3004=CARTESIAN_POINT('',(-22.18,-14.9,1.912132034));
#3005=DIRECTION('',(0.,0.,1.));
#3006=DIRECTION('',(1.,0.,-0.));
#3007=AXIS2_PLACEMENT_3D('',#3004,#3005,#3006);
#3008=CIRCLE('',#3007,1.162132034);
#3009=EDGE_CURVE('',#2997,#2997,#3008,.T.);
#3010=ORIENTED_EDGE('',*,*,#3009,.T.);
#3011=ORIENTED_EDGE('',*,*,#3002,.T.);
#3012=ORIENTED_EDGE('',*,*,#2979,.F.);
#3013=ORIENTED_EDGE('',*,*,#2986,.F.);
#3014=EDGE_LOOP('',(#3003,#3010,#3011,#3012,#3013));
#3015=FACE_BOUND('',#3014,.T.);
#3016=ADVANCED_FACE('',(#3015),#2995,.F.);
#3017=CARTESIAN_POINT('',(-22.18,14.9,2.));
#3018=DIRECTION('',(0.,0.,1.));
#3019=DIRECTION('',(1.,0.,-0.));
#3020=AXIS2_PLACEMENT_3D('',#3017,#3018,#3019);
#3021=CONICAL_SURFACE('',#3020,1.25,45.);
#3022=CARTESIAN_POINT('',(-21.017867966,14.9,1.912132034));
#3023=VERTEX_POINT('',#3022);
#3024=CARTESIAN_POINT('',(-21.017867966,14.9,1.912132034));
#3025=DIRECTION('',(-0.707106781,-0.,-0.707106781));
#3026=VECTOR('',#3025,0.582842712);
#3027=LINE('',#3024,#3026);
#3028=EDGE_CURVE('',#3023,#2939,#3027,.T.);
#3029=ORIENTED_EDGE('',*,*,#3028,.F.);
#3030=CARTESIAN_POINT('',(-22.18,14.9,1.912132034));
#3031=DIRECTION('',(0.,0.,1.));
#3032=DIRECTION('',(1.,0.,-0.));
#3033=AXIS2_PLACEMENT_3D('',#3030,#3031,#3032);
#3034=CIRCLE('',#3033,1.162132034);
#3035=EDGE_CURVE('',#3023,#3023,#3034,.T.);
#3036=ORIENTED_EDGE('',*,*,#3035,.T.);
#3037=ORIENTED_EDGE('',*,*,#3028,.T.);
#3038=ORIENTED_EDGE('',*,*,#2945,.F.);
#3039=ORIENTED_EDGE('',*,*,#2952,.F.);
#3040=EDGE_LOOP('',(#3029,#3036,#3037,#3038,#3039));
#3041=FACE_BOUND('',#3040,.T.);
#3042=ADVANCED_FACE('',(#3041),#3021,.F.);
#3043=CARTESIAN_POINT('',(16.66,14.9,2.));
#3044=DIRECTION('',(0.,0.,1.));
#3045=DIRECTION('',(-1.,0.,0.));
#3046=AXIS2_PLACEMENT_3D('',#3043,#3044,#3045);
#3047=CONICAL_SURFACE('',#3046,1.25,45.);
#3048=CARTESIAN_POINT('',(15.497867966,14.9,1.912132034));
#3049=VERTEX_POINT('',#3048);
#3050=CARTESIAN_POINT('',(15.96,14.9,1.45));
#3051=VERTEX_POINT('',#3050);
#3052=CARTESIAN_POINT('',(15.497867966,14.9,1.912132034));
#3053=DIRECTION('',(0.707106781,-0.,-0.707106781));
#3054=VECTOR('',#3053,0.653553391);
#3055=LINE('',#3052,#3054);
#3056=EDGE_CURVE('',#3049,#3051,#3055,.T.);
#3057=ORIENTED_EDGE('',*,*,#3056,.F.);
#3058=CARTESIAN_POINT('',(17.822132034,14.9,1.912132034));
#3059=VERTEX_POINT('',#3058);
#3060=CARTESIAN_POINT('',(16.66,14.9,1.912132034));
#3061=DIRECTION('',(0.,0.,1.));
#3062=DIRECTION('',(1.,0.,-0.));
#3063=AXIS2_PLACEMENT_3D('',#3060,#3061,#3062);
#3064=CIRCLE('',#3063,1.162132034);
#3065=EDGE_CURVE('',#3049,#3059,#3064,.T.);
#3066=ORIENTED_EDGE('',*,*,#3065,.T.);
#3067=CARTESIAN_POINT('',(16.66,14.9,1.912132034));
#3068=DIRECTION('',(0.,0.,1.));
#3069=DIRECTION('',(1.,0.,-0.));
#3070=AXIS2_PLACEMENT_3D('',#3067,#3068,#3069);
#3071=CIRCLE('',#3070,1.162132034);
#3072=EDGE_CURVE('',#3059,#3049,#3071,.T.);
#3073=ORIENTED_EDGE('',*,*,#3072,.T.);
#3074=ORIENTED_EDGE('',*,*,#3056,.T.);
#3075=CARTESIAN_POINT('',(17.36,14.9,1.45));
#3076=VERTEX_POINT('',#3075);
#3077=CARTESIAN_POINT('',(16.66,14.9,1.45));
#3078=DIRECTION('',(0.,0.,1.));
#3079=DIRECTION('',(1.,0.,-0.));
#3080=AXIS2_PLACEMENT_3D('',#3077,#3078,#3079);
#3081=CIRCLE('',#3080,0.7);
#3082=EDGE_CURVE('',#3076,#3051,#3081,.T.);
#3083=ORIENTED_EDGE('',*,*,#3082,.F.);
#3084=CARTESIAN_POINT('',(16.66,14.9,1.45));
#3085=DIRECTION('',(0.,0.,1.));
#3086=DIRECTION('',(1.,0.,-0.));
#3087=AXIS2_PLACEMENT_3D('',#3084,#3085,#3086);
#3088=CIRCLE('',#3087,0.7);
#3089=EDGE_CURVE('',#3051,#3076,#3088,.T.);
#3090=ORIENTED_EDGE('',*,*,#3089,.F.);
#3091=EDGE_LOOP('',(#3057,#3066,#3073,#3074,#3083,#3090));
#3092=FACE_BOUND('',#3091,.T.);
#3093=ADVANCED_FACE('',(#3092),#3047,.F.);
#3094=CARTESIAN_POINT('',(17.01,14.9,1.45));
#3095=DIRECTION('',(0.,0.,-1.));
#3096=DIRECTION('',(1.,0.,0.));
#3097=AXIS2_PLACEMENT_3D('',#3094,#3095,#3096);
#3098=PLANE('',#3097);
#3099=ORIENTED_EDGE('',*,*,#3082,.T.);
#3100=ORIENTED_EDGE('',*,*,#3089,.T.);
#3101=EDGE_LOOP('',(#3099,#3100));
#3102=FACE_BOUND('',#3101,.T.);
#3103=ADVANCED_FACE('',(#3102),#3098,.F.);
#3104=CARTESIAN_POINT('',(16.66,-14.9,2.));
#3105=DIRECTION('',(0.,0.,1.));
#3106=DIRECTION('',(-1.,0.,0.));
#3107=AXIS2_PLACEMENT_3D('',#3104,#3105,#3106);
#3108=CONICAL_SURFACE('',#3107,1.25,45.);
#3109=CARTESIAN_POINT('',(15.497867966,-14.9,1.912132034));
#3110=VERTEX_POINT('',#3109);
#3111=CARTESIAN_POINT('',(15.96,-14.9,1.45));
#3112=VERTEX_POINT('',#3111);
#3113=CARTESIAN_POINT('',(15.497867966,-14.9,1.912132034));
#3114=DIRECTION('',(0.707106781,-0.,-0.707106781));
#3115=VECTOR('',#3114,0.653553391);
#3116=LINE('',#3113,#3115);
#3117=EDGE_CURVE('',#3110,#3112,#3116,.T.);
#3118=ORIENTED_EDGE('',*,*,#3117,.F.);
#3119=CARTESIAN_POINT('',(17.822132034,-14.9,1.912132034));
#3120=VERTEX_POINT('',#3119);
#3121=CARTESIAN_POINT('',(16.66,-14.9,1.912132034));
#3122=DIRECTION('',(0.,0.,1.));
#3123=DIRECTION('',(1.,0.,-0.));
#3124=AXIS2_PLACEMENT_3D('',#3121,#3122,#3123);
#3125=CIRCLE('',#3124,1.162132034);
#3126=EDGE_CURVE('',#3110,#3120,#3125,.T.);
#3127=ORIENTED_EDGE('',*,*,#3126,.T.);
#3128=CARTESIAN_POINT('',(16.66,-14.9,1.912132034));
#3129=DIRECTION('',(0.,0.,1.));
#3130=DIRECTION('',(1.,0.,-0.));
#3131=AXIS2_PLACEMENT_3D('',#3128,#3129,#3130);
#3132=CIRCLE('',#3131,1.162132034);
#3133=EDGE_CURVE('',#3120,#3110,#3132,.T.);
#3134=ORIENTED_EDGE('',*,*,#3133,.T.);
#3135=ORIENTED_EDGE('',*,*,#3117,.T.);
#3136=CARTESIAN_POINT('',(17.36,-14.9,1.45));
#3137=VERTEX_POINT('',#3136);
#3138=CARTESIAN_POINT('',(16.66,-14.9,1.45));
#3139=DIRECTION('',(0.,0.,-1.));
#3140=DIRECTION('',(1.,0.,0.));
#3141=AXIS2_PLACEMENT_3D('',#3138,#3139,#3140);
#3142=CIRCLE('',#3141,0.7);
#3143=EDGE_CURVE('',#3112,#3137,#3142,.T.);
#3144=ORIENTED_EDGE('',*,*,#3143,.T.);
#3145=CARTESIAN_POINT('',(16.66,-14.9,1.45));
#3146=DIRECTION('',(0.,0.,-1.));
#3147=DIRECTION('',(1.,0.,0.));
#3148=AXIS2_PLACEMENT_3D('',#3145,#3146,#3147);
#3149=CIRCLE('',#3148,0.7);
#3150=EDGE_CURVE('',#3137,#3112,#3149,.T.);
#3151=ORIENTED_EDGE('',*,*,#3150,.T.);
#3152=EDGE_LOOP('',(#3118,#3127,#3134,#3135,#3144,#3151));
#3153=FACE_BOUND('',#3152,.T.);
#3154=ADVANCED_FACE('',(#3153),#3108,.F.);
#3155=CARTESIAN_POINT('',(17.01,-14.9,1.45));
#3156=DIRECTION('',(0.,0.,-1.));
#3157=DIRECTION('',(1.,0.,0.));
#3158=AXIS2_PLACEMENT_3D('',#3155,#3156,#3157);
#3159=PLANE('',#3158);
#3160=ORIENTED_EDGE('',*,*,#3143,.F.);
#3161=ORIENTED_EDGE('',*,*,#3150,.F.);
#3162=EDGE_LOOP('',(#3160,#3161));
#3163=FACE_BOUND('',#3162,.T.);
#3164=ADVANCED_FACE('',(#3163),#3159,.F.);
#3165=CARTESIAN_POINT('',(16.66,14.9,1.7));
#3166=DIRECTION('',(0.,0.,1.));
#3167=DIRECTION('',(1.,0.,-0.));
#3168=AXIS2_PLACEMENT_3D('',#3165,#3166,#3167);
#3169=TOROIDAL_SURFACE('',#3168,1.374264069,0.3);
#3170=CARTESIAN_POINT('',(18.034264069,14.9,1.7));
#3171=DIRECTION('',(-0.,1.,-0.));
#3172=DIRECTION('',(1.,0.,0.));
#3173=AXIS2_PLACEMENT_3D('',#3170,#3171,#3172);
#3174=CIRCLE('',#3173,0.3);
#3175=EDGE_CURVE('',#3059,#274,#3174,.T.);
#3176=ORIENTED_EDGE('',*,*,#3175,.T.);
#3177=ORIENTED_EDGE('',*,*,#280,.F.);
#3178=ORIENTED_EDGE('',*,*,#3175,.F.);
#3179=ORIENTED_EDGE('',*,*,#3065,.F.);
#3180=ORIENTED_EDGE('',*,*,#3072,.F.);
#3181=EDGE_LOOP('',(#3176,#3177,#3178,#3179,#3180));
#3182=FACE_BOUND('',#3181,.T.);
#3183=ADVANCED_FACE('',(#3182),#3169,.T.);
#3184=CARTESIAN_POINT('',(-22.18,14.9,1.7));
#3185=DIRECTION('',(0.,0.,1.));
#3186=DIRECTION('',(1.,0.,-0.));
#3187=AXIS2_PLACEMENT_3D('',#3184,#3185,#3186);
#3188=TOROIDAL_SURFACE('',#3187,1.374264069,0.3);
#3189=CARTESIAN_POINT('',(-20.805735931,14.9,1.7));
#3190=DIRECTION('',(-0.,1.,-0.));
#3191=DIRECTION('',(1.,0.,0.));
#3192=AXIS2_PLACEMENT_3D('',#3189,#3190,#3191);
#3193=CIRCLE('',#3192,0.3);
#3194=EDGE_CURVE('',#3023,#263,#3193,.T.);
#3195=ORIENTED_EDGE('',*,*,#3194,.T.);
#3196=ORIENTED_EDGE('',*,*,#269,.F.);
#3197=ORIENTED_EDGE('',*,*,#3194,.F.);
#3198=ORIENTED_EDGE('',*,*,#3035,.F.);
#3199=EDGE_LOOP('',(#3195,#3196,#3197,#3198));
#3200=FACE_BOUND('',#3199,.T.);
#3201=ADVANCED_FACE('',(#3200),#3188,.T.);
#3202=CARTESIAN_POINT('',(16.66,-14.9,1.7));
#3203=DIRECTION('',(0.,0.,1.));
#3204=DIRECTION('',(1.,0.,-0.));
#3205=AXIS2_PLACEMENT_3D('',#3202,#3203,#3204);
#3206=TOROIDAL_SURFACE('',#3205,1.374264069,0.3);
#3207=CARTESIAN_POINT('',(18.034264069,-14.9,1.7));
#3208=DIRECTION('',(-0.,1.,-0.));
#3209=DIRECTION('',(1.,0.,0.));
#3210=AXIS2_PLACEMENT_3D('',#3207,#3208,#3209);
#3211=CIRCLE('',#3210,0.3);
#3212=EDGE_CURVE('',#3120,#252,#3211,.T.);
#3213=ORIENTED_EDGE('',*,*,#3212,.T.);
#3214=ORIENTED_EDGE('',*,*,#258,.F.);
#3215=ORIENTED_EDGE('',*,*,#3212,.F.);
#3216=ORIENTED_EDGE('',*,*,#3126,.F.);
#3217=ORIENTED_EDGE('',*,*,#3133,.F.);
#3218=EDGE_LOOP('',(#3213,#3214,#3215,#3216,#3217));
#3219=FACE_BOUND('',#3218,.T.);
#3220=ADVANCED_FACE('',(#3219),#3206,.T.);
#3221=CARTESIAN_POINT('',(-22.18,-14.9,1.7));
#3222=DIRECTION('',(0.,0.,1.));
#3223=DIRECTION('',(1.,0.,-0.));
#3224=AXIS2_PLACEMENT_3D('',#3221,#3222,#3223);
#3225=TOROIDAL_SURFACE('',#3224,1.374264069,0.3);
#3226=CARTESIAN_POINT('',(-20.805735931,-14.9,1.7));
#3227=DIRECTION('',(-0.,1.,-0.));
#3228=DIRECTION('',(1.,0.,0.));
#3229=AXIS2_PLACEMENT_3D('',#3226,#3227,#3228);
#3230=CIRCLE('',#3229,0.3);
#3231=EDGE_CURVE('',#2997,#241,#3230,.T.);
#3232=ORIENTED_EDGE('',*,*,#3231,.T.);
#3233=ORIENTED_EDGE('',*,*,#247,.F.);
#3234=ORIENTED_EDGE('',*,*,#3231,.F.);
#3235=ORIENTED_EDGE('',*,*,#3009,.F.);
#3236=EDGE_LOOP('',(#3232,#3233,#3234,#3235));
#3237=FACE_BOUND('',#3236,.T.);
#3238=ADVANCED_FACE('',(#3237),#3225,.T.);
#3239=CARTESIAN_POINT('',(18.66,0.,0.87));
#3240=DIRECTION('',(1.,0.,0.));
#3241=DIRECTION('',(0.,0.,-1.));
#3242=AXIS2_PLACEMENT_3D('',#3239,#3240,#3241);
#3243=PLANE('',#3242);
#3244=ORIENTED_EDGE('',*,*,#948,.F.);
#3245=CARTESIAN_POINT('',(18.66,-15.9,0.87));
#3246=VERTEX_POINT('',#3245);
#3247=CARTESIAN_POINT('',(18.66,-15.9,0.87));
#3248=DIRECTION('',(0.,0.,1.));
#3249=VECTOR('',#3248,0.48);
#3250=LINE('',#3247,#3249);
#3251=EDGE_CURVE('',#3246,#941,#3250,.T.);
#3252=ORIENTED_EDGE('',*,*,#3251,.F.);
#3253=CARTESIAN_POINT('',(18.66,15.9,0.87));
#3254=VERTEX_POINT('',#3253);
#3255=CARTESIAN_POINT('',(18.66,-15.9,0.87));
#3256=DIRECTION('',(0.,1.,0.));
#3257=VECTOR('',#3256,31.8);
#3258=LINE('',#3255,#3257);
#3259=EDGE_CURVE('',#3246,#3254,#3258,.T.);
#3260=ORIENTED_EDGE('',*,*,#3259,.T.);
#3261=CARTESIAN_POINT('',(18.66,15.9,0.87));
#3262=DIRECTION('',(0.,0.,1.));
#3263=VECTOR('',#3262,0.48);
#3264=LINE('',#3261,#3263);
#3265=EDGE_CURVE('',#3254,#943,#3264,.T.);
#3266=ORIENTED_EDGE('',*,*,#3265,.T.);
#3267=EDGE_LOOP('',(#3244,#3252,#3260,#3266));
#3268=FACE_BOUND('',#3267,.T.);
#3269=ADVANCED_FACE('',(#3268),#3243,.T.);
#3270=CARTESIAN_POINT('',(0.,-15.9,0.87));
#3271=DIRECTION('',(0.,-1.,0.));
#3272=DIRECTION('',(0.,0.,-1.));
#3273=AXIS2_PLACEMENT_3D('',#3270,#3271,#3272);
#3274=PLANE('',#3273);
#3275=ORIENTED_EDGE('',*,*,#970,.F.);
#3276=CARTESIAN_POINT('',(-18.66,-15.9,0.87));
#3277=VERTEX_POINT('',#3276);
#3278=CARTESIAN_POINT('',(-18.66,-15.9,0.87));
#3279=DIRECTION('',(0.,0.,1.));
#3280=VECTOR('',#3279,0.48);
#3281=LINE('',#3278,#3280);
#3282=EDGE_CURVE('',#3277,#959,#3281,.T.);
#3283=ORIENTED_EDGE('',*,*,#3282,.F.);
#3284=CARTESIAN_POINT('',(-18.66,-15.9,0.87));
#3285=DIRECTION('',(1.,0.,-0.));
#3286=VECTOR('',#3285,37.32);
#3287=LINE('',#3284,#3286);
#3288=EDGE_CURVE('',#3277,#3246,#3287,.T.);
#3289=ORIENTED_EDGE('',*,*,#3288,.T.);
#3290=ORIENTED_EDGE('',*,*,#3251,.T.);
#3291=EDGE_LOOP('',(#3275,#3283,#3289,#3290));
#3292=FACE_BOUND('',#3291,.T.);
#3293=ADVANCED_FACE('',(#3292),#3274,.T.);
#3294=CARTESIAN_POINT('',(-18.66,0.,0.87));
#3295=DIRECTION('',(1.,0.,0.));
#3296=DIRECTION('',(0.,0.,-1.));
#3297=AXIS2_PLACEMENT_3D('',#3294,#3295,#3296);
#3298=PLANE('',#3297);
#3299=ORIENTED_EDGE('',*,*,#964,.T.);
#3300=CARTESIAN_POINT('',(-18.66,15.9,0.87));
#3301=VERTEX_POINT('',#3300);
#3302=CARTESIAN_POINT('',(-18.66,15.9,0.87));
#3303=DIRECTION('',(0.,0.,1.));
#3304=VECTOR('',#3303,0.48);
#3305=LINE('',#3302,#3304);
#3306=EDGE_CURVE('',#3301,#951,#3305,.T.);
#3307=ORIENTED_EDGE('',*,*,#3306,.F.);
#3308=CARTESIAN_POINT('',(-18.66,-15.9,0.87));
#3309=DIRECTION('',(0.,1.,0.));
#3310=VECTOR('',#3309,31.8);
#3311=LINE('',#3308,#3310);
#3312=EDGE_CURVE('',#3277,#3301,#3311,.T.);
#3313=ORIENTED_EDGE('',*,*,#3312,.F.);
#3314=ORIENTED_EDGE('',*,*,#3282,.T.);
#3315=EDGE_LOOP('',(#3299,#3307,#3313,#3314));
#3316=FACE_BOUND('',#3315,.T.);
#3317=ADVANCED_FACE('',(#3316),#3298,.F.);
#3318=CARTESIAN_POINT('',(11.64,0.,0.87));
#3319=DIRECTION('',(-1.,0.,0.));
#3320=DIRECTION('',(0.,0.,1.));
#3321=AXIS2_PLACEMENT_3D('',#3318,#3319,#3320);
#3322=PLANE('',#3321);
#3323=ORIENTED_EDGE('',*,*,#1113,.F.);
#3324=CARTESIAN_POINT('',(11.64,14.4,0.87));
#3325=VERTEX_POINT('',#3324);
#3326=CARTESIAN_POINT('',(11.64,14.4,0.87));
#3327=DIRECTION('',(0.,0.,1.));
#3328=VECTOR('',#3327,0.48);
#3329=LINE('',#3326,#3328);
#3330=EDGE_CURVE('',#3325,#1106,#3329,.T.);
#3331=ORIENTED_EDGE('',*,*,#3330,.F.);
#3332=CARTESIAN_POINT('',(11.64,-14.4,0.87));
#3333=VERTEX_POINT('',#3332);
#3334=CARTESIAN_POINT('',(11.64,14.4,0.87));
#3335=DIRECTION('',(0.,-1.,0.));
#3336=VECTOR('',#3335,28.8);
#3337=LINE('',#3334,#3336);
#3338=EDGE_CURVE('',#3325,#3333,#3337,.T.);
#3339=ORIENTED_EDGE('',*,*,#3338,.T.);
#3340=CARTESIAN_POINT('',(11.64,-14.4,0.87));
#3341=DIRECTION('',(0.,0.,1.));
#3342=VECTOR('',#3341,0.48);
#3343=LINE('',#3340,#3342);
#3344=EDGE_CURVE('',#3333,#1108,#3343,.T.);
#3345=ORIENTED_EDGE('',*,*,#3344,.T.);
#3346=EDGE_LOOP('',(#3323,#3331,#3339,#3345));
#3347=FACE_BOUND('',#3346,.T.);
#3348=ADVANCED_FACE('',(#3347),#3322,.T.);
#3349=CARTESIAN_POINT('',(-2.76,14.4,0.87));
#3350=DIRECTION('',(0.,-1.,0.));
#3351=DIRECTION('',(0.,0.,-1.));
#3352=AXIS2_PLACEMENT_3D('',#3349,#3350,#3351);
#3353=PLANE('',#3352);
#3354=ORIENTED_EDGE('',*,*,#1135,.F.);
#3355=CARTESIAN_POINT('',(-17.16,14.4,0.87));
#3356=VERTEX_POINT('',#3355);
#3357=CARTESIAN_POINT('',(-17.16,14.4,0.87));
#3358=DIRECTION('',(0.,0.,1.));
#3359=VECTOR('',#3358,0.48);
#3360=LINE('',#3357,#3359);
#3361=EDGE_CURVE('',#3356,#1124,#3360,.T.);
#3362=ORIENTED_EDGE('',*,*,#3361,.F.);
#3363=CARTESIAN_POINT('',(-17.16,14.4,0.87));
#3364=DIRECTION('',(1.,0.,-0.));
#3365=VECTOR('',#3364,28.8);
#3366=LINE('',#3363,#3365);
#3367=EDGE_CURVE('',#3356,#3325,#3366,.T.);
#3368=ORIENTED_EDGE('',*,*,#3367,.T.);
#3369=ORIENTED_EDGE('',*,*,#3330,.T.);
#3370=EDGE_LOOP('',(#3354,#3362,#3368,#3369));
#3371=FACE_BOUND('',#3370,.T.);
#3372=ADVANCED_FACE('',(#3371),#3353,.T.);
#3373=CARTESIAN_POINT('',(-17.16,0.,0.87));
#3374=DIRECTION('',(1.,0.,0.));
#3375=DIRECTION('',(0.,0.,-1.));
#3376=AXIS2_PLACEMENT_3D('',#3373,#3374,#3375);
#3377=PLANE('',#3376);
#3378=ORIENTED_EDGE('',*,*,#1129,.F.);
#3379=CARTESIAN_POINT('',(-17.16,-14.4,0.87));
#3380=VERTEX_POINT('',#3379);
#3381=CARTESIAN_POINT('',(-17.16,-14.4,0.87));
#3382=DIRECTION('',(0.,0.,1.));
#3383=VECTOR('',#3382,0.48);
#3384=LINE('',#3381,#3383);
#3385=EDGE_CURVE('',#3380,#1116,#3384,.T.);
#3386=ORIENTED_EDGE('',*,*,#3385,.F.);
#3387=CARTESIAN_POINT('',(-17.16,-14.4,0.87));
#3388=DIRECTION('',(0.,1.,0.));
#3389=VECTOR('',#3388,28.8);
#3390=LINE('',#3387,#3389);
#3391=EDGE_CURVE('',#3380,#3356,#3390,.T.);
#3392=ORIENTED_EDGE('',*,*,#3391,.T.);
#3393=ORIENTED_EDGE('',*,*,#3361,.T.);
#3394=EDGE_LOOP('',(#3378,#3386,#3392,#3393));
#3395=FACE_BOUND('',#3394,.T.);
#3396=ADVANCED_FACE('',(#3395),#3377,.T.);
#3397=CARTESIAN_POINT('',(-2.76,-14.4,0.87));
#3398=DIRECTION('',(0.,1.,0.));
#3399=DIRECTION('',(0.,0.,1.));
#3400=AXIS2_PLACEMENT_3D('',#3397,#3398,#3399);
#3401=PLANE('',#3400);
#3402=ORIENTED_EDGE('',*,*,#1121,.F.);
#3403=ORIENTED_EDGE('',*,*,#3344,.F.);
#3404=CARTESIAN_POINT('',(11.64,-14.4,0.87));
#3405=DIRECTION('',(-1.,0.,0.));
#3406=VECTOR('',#3405,28.8);
#3407=LINE('',#3404,#3406);
#3408=EDGE_CURVE('',#3333,#3380,#3407,.T.);
#3409=ORIENTED_EDGE('',*,*,#3408,.T.);
#3410=ORIENTED_EDGE('',*,*,#3385,.T.);
#3411=EDGE_LOOP('',(#3402,#3403,#3409,#3410));
#3412=FACE_BOUND('',#3411,.T.);
#3413=ADVANCED_FACE('',(#3412),#3401,.T.);
#3414=CARTESIAN_POINT('',(0.,15.9,0.87));
#3415=DIRECTION('',(0.,1.,0.));
#3416=DIRECTION('',(0.,0.,1.));
#3417=AXIS2_PLACEMENT_3D('',#3414,#3415,#3416);
#3418=PLANE('',#3417);
#3419=ORIENTED_EDGE('',*,*,#956,.F.);
#3420=ORIENTED_EDGE('',*,*,#3265,.F.);
#3421=CARTESIAN_POINT('',(18.66,15.9,0.87));
#3422=DIRECTION('',(-1.,0.,0.));
#3423=VECTOR('',#3422,37.32);
#3424=LINE('',#3421,#3423);
#3425=EDGE_CURVE('',#3254,#3301,#3424,.T.);
#3426=ORIENTED_EDGE('',*,*,#3425,.T.);
#3427=ORIENTED_EDGE('',*,*,#3306,.T.);
#3428=EDGE_LOOP('',(#3419,#3420,#3426,#3427));
#3429=FACE_BOUND('',#3428,.T.);
#3430=ADVANCED_FACE('',(#3429),#3418,.T.);
#3431=CARTESIAN_POINT('',(0.,0.,0.87));
#3432=DIRECTION('',(0.,0.,-1.));
#3433=DIRECTION('',(1.,0.,0.));
#3434=AXIS2_PLACEMENT_3D('',#3431,#3432,#3433);
#3435=PLANE('',#3434);
#3436=ORIENTED_EDGE('',*,*,#3338,.F.);
#3437=ORIENTED_EDGE('',*,*,#3367,.F.);
#3438=ORIENTED_EDGE('',*,*,#3391,.F.);
#3439=ORIENTED_EDGE('',*,*,#3408,.F.);
#3440=EDGE_LOOP('',(#3436,#3437,#3438,#3439));
#3441=FACE_BOUND('',#3440,.T.);
#3442=ORIENTED_EDGE('',*,*,#3259,.F.);
#3443=ORIENTED_EDGE('',*,*,#3288,.F.);
#3444=ORIENTED_EDGE('',*,*,#3312,.T.);
#3445=ORIENTED_EDGE('',*,*,#3425,.F.);
#3446=EDGE_LOOP('',(#3442,#3443,#3444,#3445));
#3447=FACE_BOUND('',#3446,.T.);
#3448=ADVANCED_FACE('',(#3441,#3447),#3435,.T.);
#3449=CARTESIAN_POINT('',(-19.26,14.125,0.9));
#3450=DIRECTION('',(1.,0.,0.));
#3451=DIRECTION('',(0.,0.,-1.));
#3452=AXIS2_PLACEMENT_3D('',#3449,#3450,#3451);
#3453=PLANE('',#3452);
#3454=ORIENTED_EDGE('',*,*,#982,.F.);
#3455=CARTESIAN_POINT('',(-19.26,12.15,0.9));
#3456=VERTEX_POINT('',#3455);
#3457=CARTESIAN_POINT('',(-19.26,12.15,0.9));
#3458=DIRECTION('',(0.,0.,1.));
#3459=VECTOR('',#3458,0.45);
#3460=LINE('',#3457,#3459);
#3461=EDGE_CURVE('',#3456,#975,#3460,.T.);
#3462=ORIENTED_EDGE('',*,*,#3461,.F.);
#3463=CARTESIAN_POINT('',(-19.26,16.1,0.9));
#3464=VERTEX_POINT('',#3463);
#3465=CARTESIAN_POINT('',(-19.26,12.15,0.9));
#3466=DIRECTION('',(0.,1.,0.));
#3467=VECTOR('',#3466,3.95);
#3468=LINE('',#3465,#3467);
#3469=EDGE_CURVE('',#3456,#3464,#3468,.T.);
#3470=ORIENTED_EDGE('',*,*,#3469,.T.);
#3471=CARTESIAN_POINT('',(-19.26,16.1,0.9));
#3472=DIRECTION('',(0.,0.,1.));
#3473=VECTOR('',#3472,0.45);
#3474=LINE('',#3471,#3473);
#3475=EDGE_CURVE('',#3464,#977,#3474,.T.);
#3476=ORIENTED_EDGE('',*,*,#3475,.T.);
#3477=EDGE_LOOP('',(#3454,#3462,#3470,#3476));
#3478=FACE_BOUND('',#3477,.T.);
#3479=ADVANCED_FACE('',(#3478),#3453,.T.);
#3480=CARTESIAN_POINT('',(-19.66,12.15,0.9));
#3481=DIRECTION('',(0.,0.,1.));
#3482=DIRECTION('',(1.,0.,-0.));
#3483=AXIS2_PLACEMENT_3D('',#3480,#3481,#3482);
#3484=CYLINDRICAL_SURFACE('',#3483,0.4);
#3485=ORIENTED_EDGE('',*,*,#1095,.T.);
#3486=CARTESIAN_POINT('',(-19.66,11.75,0.9));
#3487=VERTEX_POINT('',#3486);
#3488=CARTESIAN_POINT('',(-19.66,11.75,0.9));
#3489=DIRECTION('',(0.,0.,1.));
#3490=VECTOR('',#3489,0.45);
#3491=LINE('',#3488,#3490);
#3492=EDGE_CURVE('',#3487,#1083,#3491,.T.);
#3493=ORIENTED_EDGE('',*,*,#3492,.F.);
#3494=CARTESIAN_POINT('',(-19.66,12.15,0.9));
#3495=DIRECTION('',(0.,0.,-1.));
#3496=DIRECTION('',(-1.,0.,0.));
#3497=AXIS2_PLACEMENT_3D('',#3494,#3495,#3496);
#3498=CIRCLE('',#3497,0.4);
#3499=EDGE_CURVE('',#3456,#3487,#3498,.T.);
#3500=ORIENTED_EDGE('',*,*,#3499,.F.);
#3501=ORIENTED_EDGE('',*,*,#3461,.T.);
#3502=EDGE_LOOP('',(#3485,#3493,#3500,#3501));
#3503=FACE_BOUND('',#3502,.T.);
#3504=ADVANCED_FACE('',(#3503),#3484,.T.);
#3505=CARTESIAN_POINT('',(-20.759093662,11.75,0.9));
#3506=DIRECTION('',(0.,-1.,0.));
#3507=DIRECTION('',(1.,0.,0.));
#3508=AXIS2_PLACEMENT_3D('',#3505,#3506,#3507);
#3509=PLANE('',#3508);
#3510=ORIENTED_EDGE('',*,*,#1088,.F.);
#3511=CARTESIAN_POINT('',(-21.858187325,11.75,0.9));
#3512=VERTEX_POINT('',#3511);
#3513=CARTESIAN_POINT('',(-21.858187325,11.75,0.9));
#3514=DIRECTION('',(0.,0.,1.));
#3515=VECTOR('',#3514,0.45);
#3516=LINE('',#3513,#3515);
#3517=EDGE_CURVE('',#3512,#1074,#3516,.T.);
#3518=ORIENTED_EDGE('',*,*,#3517,.F.);
#3519=CARTESIAN_POINT('',(-21.858187325,11.75,0.9));
#3520=DIRECTION('',(1.,0.,0.));
#3521=VECTOR('',#3520,2.198187325);
#3522=LINE('',#3519,#3521);
#3523=EDGE_CURVE('',#3512,#3487,#3522,.T.);
#3524=ORIENTED_EDGE('',*,*,#3523,.T.);
#3525=ORIENTED_EDGE('',*,*,#3492,.T.);
#3526=EDGE_LOOP('',(#3510,#3518,#3524,#3525));
#3527=FACE_BOUND('',#3526,.T.);
#3528=ADVANCED_FACE('',(#3527),#3509,.T.);
#3529=CARTESIAN_POINT('',(-21.858187325,12.15,0.9));
#3530=DIRECTION('',(0.,0.,1.));
#3531=DIRECTION('',(1.,0.,-0.));
#3532=AXIS2_PLACEMENT_3D('',#3529,#3530,#3531);
#3533=CYLINDRICAL_SURFACE('',#3532,0.4);
#3534=ORIENTED_EDGE('',*,*,#1080,.T.);
#3535=CARTESIAN_POINT('',(-22.236322052,12.019561786,0.9));
#3536=VERTEX_POINT('',#3535);
#3537=CARTESIAN_POINT('',(-22.236322052,12.019561786,0.9));
#3538=DIRECTION('',(0.,0.,1.));
#3539=VECTOR('',#3538,0.45);
#3540=LINE('',#3537,#3539);
#3541=EDGE_CURVE('',#3536,#1063,#3540,.T.);
#3542=ORIENTED_EDGE('',*,*,#3541,.F.);
#3543=CARTESIAN_POINT('',(-21.858187325,12.15,0.9));
#3544=DIRECTION('',(0.,0.,-1.));
#3545=DIRECTION('',(-1.,0.,0.));
#3546=AXIS2_PLACEMENT_3D('',#3543,#3544,#3545);
#3547=CIRCLE('',#3546,0.4);
#3548=EDGE_CURVE('',#3512,#3536,#3547,.T.);
#3549=ORIENTED_EDGE('',*,*,#3548,.F.);
#3550=ORIENTED_EDGE('',*,*,#3517,.T.);
#3551=EDGE_LOOP('',(#3534,#3542,#3549,#3550));
#3552=FACE_BOUND('',#3551,.T.);
#3553=ADVANCED_FACE('',(#3552),#3533,.T.);
#3554=CARTESIAN_POINT('',(-24.760961515,13.974671119,0.9));
#3555=CARTESIAN_POINT('',(-24.760961515,13.974671119,1.35));
#3556=CARTESIAN_POINT('',(-24.50824895,13.946566716,0.9));
#3557=CARTESIAN_POINT('',(-24.50824895,13.946566716,1.35));
#3558=CARTESIAN_POINT('',(-23.865203075,13.813266853,0.9));
#3559=CARTESIAN_POINT('',(-23.865203075,13.813266853,1.35));
#3560=CARTESIAN_POINT('',(-22.875151978,13.218448084,0.9));
#3561=CARTESIAN_POINT('',(-22.875151978,13.218448084,1.35));
#3562=CARTESIAN_POINT('',(-22.391449744,12.469270239,0.9));
#3563=CARTESIAN_POINT('',(-22.391449744,12.469270239,1.35));
#3564=CARTESIAN_POINT('',(-22.236322052,12.019561786,0.9));
#3565=CARTESIAN_POINT('',(-22.236322052,12.019561786,1.35));
#3566=B_SPLINE_SURFACE_WITH_KNOTS('',3,1,((#3554,#3555),(#3556,#3557),(#3558,#3559),(#3560,#3561),(#3562,#3563),(#3564,#3565)),.UNSPECIFIED.,.F.,.F.,.U.,(4,1,1,4),(2,2),(0.113543692,0.276675086,0.517783391,0.809341077),(0.,1.),.UNSPECIFIED.);
#3567=ORIENTED_EDGE('',*,*,#1071,.F.);
#3568=CARTESIAN_POINT('',(-24.760961515,13.974671119,0.9));
#3569=VERTEX_POINT('',#3568);
#3570=CARTESIAN_POINT('',(-24.760961515,13.974671119,0.9));
#3571=DIRECTION('',(0.,0.,1.));
#3572=VECTOR('',#3571,0.45);
#3573=LINE('',#3570,#3572);
#3574=EDGE_CURVE('',#3569,#1054,#3573,.T.);
#3575=ORIENTED_EDGE('',*,*,#3574,.F.);
#3576=CARTESIAN_POINT('',(-24.760961515,13.974671119,0.9));
#3577=CARTESIAN_POINT('',(-24.50824895,13.946566716,0.9));
#3578=CARTESIAN_POINT('',(-23.865203075,13.813266853,0.9));
#3579=CARTESIAN_POINT('',(-22.875151978,13.218448084,0.9));
#3580=CARTESIAN_POINT('',(-22.391449744,12.469270239,0.9));
#3581=CARTESIAN_POINT('',(-22.236322052,12.019561786,0.9));
#3582=B_SPLINE_CURVE_WITH_KNOTS('',3,(#3576,#3577,#3578,#3579,#3580,#3581),.UNSPECIFIED.,.F.,.F.,(4,1,1,4),(0.113543692,0.276675086,0.517783391,0.809341077),.UNSPECIFIED.);
#3583=EDGE_CURVE('',#3569,#3536,#3582,.T.);
#3584=ORIENTED_EDGE('',*,*,#3583,.T.);
#3585=ORIENTED_EDGE('',*,*,#3541,.T.);
#3586=EDGE_LOOP('',(#3567,#3575,#3584,#3585));
#3587=FACE_BOUND('',#3586,.T.);
#3588=ADVANCED_FACE('',(#3587),#3566,.T.);
#3589=CARTESIAN_POINT('',(-24.7167497,14.372220254,0.9));
#3590=DIRECTION('',(0.,0.,1.));
#3591=DIRECTION('',(1.,0.,-0.));
#3592=AXIS2_PLACEMENT_3D('',#3589,#3590,#3591);
#3593=CYLINDRICAL_SURFACE('',#3592,0.4);
#3594=ORIENTED_EDGE('',*,*,#1060,.T.);
#3595=CARTESIAN_POINT('',(-25.1167497,14.372220254,0.9));
#3596=VERTEX_POINT('',#3595);
#3597=CARTESIAN_POINT('',(-25.1167497,14.372220254,0.9));
#3598=DIRECTION('',(0.,0.,1.));
#3599=VECTOR('',#3598,0.45);
#3600=LINE('',#3597,#3599);
#3601=EDGE_CURVE('',#3596,#1046,#3600,.T.);
#3602=ORIENTED_EDGE('',*,*,#3601,.F.);
#3603=CARTESIAN_POINT('',(-24.7167497,14.372220254,0.9));
#3604=DIRECTION('',(0.,0.,-1.));
#3605=DIRECTION('',(-1.,0.,0.));
#3606=AXIS2_PLACEMENT_3D('',#3603,#3604,#3605);
#3607=CIRCLE('',#3606,0.4);
#3608=EDGE_CURVE('',#3569,#3596,#3607,.T.);
#3609=ORIENTED_EDGE('',*,*,#3608,.F.);
#3610=ORIENTED_EDGE('',*,*,#3574,.T.);
#3611=EDGE_LOOP('',(#3594,#3602,#3609,#3610));
#3612=FACE_BOUND('',#3611,.T.);
#3613=ADVANCED_FACE('',(#3612),#3593,.T.);
#3614=CARTESIAN_POINT('',(-25.1167497,14.636110127,0.9));
#3615=DIRECTION('',(1.,0.,0.));
#3616=DIRECTION('',(0.,0.,-1.));
#3617=AXIS2_PLACEMENT_3D('',#3614,#3615,#3616);
#3618=PLANE('',#3617);
#3619=ORIENTED_EDGE('',*,*,#1051,.T.);
#3620=CARTESIAN_POINT('',(-25.1167497,14.9,0.9));
#3621=VERTEX_POINT('',#3620);
#3622=CARTESIAN_POINT('',(-25.1167497,14.9,0.9));
#3623=DIRECTION('',(0.,0.,1.));
#3624=VECTOR('',#3623,0.45);
#3625=LINE('',#3622,#3624);
#3626=EDGE_CURVE('',#3621,#1037,#3625,.T.);
#3627=ORIENTED_EDGE('',*,*,#3626,.F.);
#3628=CARTESIAN_POINT('',(-25.1167497,14.372220254,0.9));
#3629=DIRECTION('',(0.,1.,0.));
#3630=VECTOR('',#3629,0.527779746);
#3631=LINE('',#3628,#3630);
#3632=EDGE_CURVE('',#3596,#3621,#3631,.T.);
#3633=ORIENTED_EDGE('',*,*,#3632,.F.);
#3634=ORIENTED_EDGE('',*,*,#3601,.T.);
#3635=EDGE_LOOP('',(#3619,#3627,#3633,#3634));
#3636=FACE_BOUND('',#3635,.T.);
#3637=ADVANCED_FACE('',(#3636),#3618,.F.);
#3638=CARTESIAN_POINT('',(-22.18,14.9,0.9));
#3639=DIRECTION('',(0.,0.,1.));
#3640=DIRECTION('',(1.,0.,-0.));
#3641=AXIS2_PLACEMENT_3D('',#3638,#3639,#3640);
#3642=CYLINDRICAL_SURFACE('',#3641,2.9367497);
#3643=ORIENTED_EDGE('',*,*,#1043,.T.);
#3644=CARTESIAN_POINT('',(-22.18,17.8367497,0.9));
#3645=VERTEX_POINT('',#3644);
#3646=CARTESIAN_POINT('',(-22.18,17.8367497,0.9));
#3647=DIRECTION('',(0.,0.,1.));
#3648=VECTOR('',#3647,0.45);
#3649=LINE('',#3646,#3648);
#3650=EDGE_CURVE('',#3645,#1029,#3649,.T.);
#3651=ORIENTED_EDGE('',*,*,#3650,.F.);
#3652=CARTESIAN_POINT('',(-22.18,14.9,0.9));
#3653=DIRECTION('',(0.,0.,-1.));
#3654=DIRECTION('',(-1.,0.,0.));
#3655=AXIS2_PLACEMENT_3D('',#3652,#3653,#3654);
#3656=CIRCLE('',#3655,2.9367497);
#3657=EDGE_CURVE('',#3621,#3645,#3656,.T.);
#3658=ORIENTED_EDGE('',*,*,#3657,.F.);
#3659=ORIENTED_EDGE('',*,*,#3626,.T.);
#3660=EDGE_LOOP('',(#3643,#3651,#3658,#3659));
#3661=FACE_BOUND('',#3660,.T.);
#3662=ADVANCED_FACE('',(#3661),#3642,.T.);
#3663=CARTESIAN_POINT('',(-2.76,17.8367497,0.9));
#3664=DIRECTION('',(0.,-1.,0.));
#3665=DIRECTION('',(0.,0.,-1.));
#3666=AXIS2_PLACEMENT_3D('',#3663,#3664,#3665);
#3667=PLANE('',#3666);
#3668=ORIENTED_EDGE('',*,*,#1034,.T.);
#3669=CARTESIAN_POINT('',(16.66,17.8367497,0.9));
#3670=VERTEX_POINT('',#3669);
#3671=CARTESIAN_POINT('',(16.66,17.8367497,0.9));
#3672=DIRECTION('',(0.,0.,1.));
#3673=VECTOR('',#3672,0.45);
#3674=LINE('',#3671,#3673);
#3675=EDGE_CURVE('',#3670,#1020,#3674,.T.);
#3676=ORIENTED_EDGE('',*,*,#3675,.F.);
#3677=CARTESIAN_POINT('',(-22.18,17.8367497,0.9));
#3678=DIRECTION('',(1.,0.,-0.));
#3679=VECTOR('',#3678,38.84);
#3680=LINE('',#3677,#3679);
#3681=EDGE_CURVE('',#3645,#3670,#3680,.T.);
#3682=ORIENTED_EDGE('',*,*,#3681,.F.);
#3683=ORIENTED_EDGE('',*,*,#3650,.T.);
#3684=EDGE_LOOP('',(#3668,#3676,#3682,#3683));
#3685=FACE_BOUND('',#3684,.T.);
#3686=ADVANCED_FACE('',(#3685),#3667,.F.);
#3687=CARTESIAN_POINT('',(16.66,14.9,0.9));
#3688=DIRECTION('',(0.,0.,1.));
#3689=DIRECTION('',(1.,0.,-0.));
#3690=AXIS2_PLACEMENT_3D('',#3687,#3688,#3689);
#3691=CYLINDRICAL_SURFACE('',#3690,2.9367497);
#3692=ORIENTED_EDGE('',*,*,#1026,.T.);
#3693=CARTESIAN_POINT('',(18.4665402,17.215364184,0.9));
#3694=VERTEX_POINT('',#3693);
#3695=CARTESIAN_POINT('',(18.4665402,17.215364184,0.9));
#3696=DIRECTION('',(0.,0.,1.));
#3697=VECTOR('',#3696,0.45);
#3698=LINE('',#3695,#3697);
#3699=EDGE_CURVE('',#3694,#1011,#3698,.T.);
#3700=ORIENTED_EDGE('',*,*,#3699,.F.);
#3701=CARTESIAN_POINT('',(16.66,14.9,0.9));
#3702=DIRECTION('',(0.,0.,-1.));
#3703=DIRECTION('',(-1.,0.,0.));
#3704=AXIS2_PLACEMENT_3D('',#3701,#3702,#3703);
#3705=CIRCLE('',#3704,2.9367497);
#3706=EDGE_CURVE('',#3670,#3694,#3705,.T.);
#3707=ORIENTED_EDGE('',*,*,#3706,.F.);
#3708=ORIENTED_EDGE('',*,*,#3675,.T.);
#3709=EDGE_LOOP('',(#3692,#3700,#3707,#3708));
#3710=FACE_BOUND('',#3709,.T.);
#3711=ADVANCED_FACE('',(#3710),#3691,.T.);
#3712=CARTESIAN_POINT('',(18.220480387,16.9,0.9));
#3713=DIRECTION('',(0.,0.,1.));
#3714=DIRECTION('',(1.,0.,-0.));
#3715=AXIS2_PLACEMENT_3D('',#3712,#3713,#3714);
#3716=CYLINDRICAL_SURFACE('',#3715,0.4);
#3717=CARTESIAN_POINT('',(18.620480387,16.9,0.9));
#3718=VERTEX_POINT('',#3717);
#3719=CARTESIAN_POINT('',(18.620480387,16.9,1.35));
#3720=DIRECTION('',(-0.,-0.,-1.));
#3721=VECTOR('',#3720,0.45);
#3722=LINE('',#3719,#3721);
#3723=EDGE_CURVE('',#1002,#3718,#3722,.T.);
#3724=ORIENTED_EDGE('',*,*,#3723,.T.);
#3725=CARTESIAN_POINT('',(18.220480387,16.9,0.9));
#3726=DIRECTION('',(0.,0.,-1.));
#3727=DIRECTION('',(-1.,0.,0.));
#3728=AXIS2_PLACEMENT_3D('',#3725,#3726,#3727);
#3729=CIRCLE('',#3728,0.4);
#3730=EDGE_CURVE('',#3694,#3718,#3729,.T.);
#3731=ORIENTED_EDGE('',*,*,#3730,.F.);
#3732=ORIENTED_EDGE('',*,*,#3699,.T.);
#3733=ORIENTED_EDGE('',*,*,#1017,.T.);
#3734=EDGE_LOOP('',(#3724,#3731,#3732,#3733));
#3735=FACE_BOUND('',#3734,.T.);
#3736=ADVANCED_FACE('',(#3735),#3716,.T.);
#3737=CARTESIAN_POINT('',(-0.319759806,16.5,0.9));
#3738=DIRECTION('',(0.,-1.,0.));
#3739=DIRECTION('',(1.,0.,0.));
#3740=AXIS2_PLACEMENT_3D('',#3737,#3738,#3739);
#3741=PLANE('',#3740);
#3742=ORIENTED_EDGE('',*,*,#999,.F.);
#3743=CARTESIAN_POINT('',(-18.86,16.5,0.9));
#3744=VERTEX_POINT('',#3743);
#3745=CARTESIAN_POINT('',(-18.86,16.5,0.9));
#3746=DIRECTION('',(0.,0.,1.));
#3747=VECTOR('',#3746,0.45);
#3748=LINE('',#3745,#3747);
#3749=EDGE_CURVE('',#3744,#985,#3748,.T.);
#3750=ORIENTED_EDGE('',*,*,#3749,.F.);
#3751=CARTESIAN_POINT('',(18.220480387,16.5,0.9));
#3752=VERTEX_POINT('',#3751);
#3753=CARTESIAN_POINT('',(-18.86,16.5,0.9));
#3754=DIRECTION('',(1.,0.,0.));
#3755=VECTOR('',#3754,37.080480387);
#3756=LINE('',#3753,#3755);
#3757=EDGE_CURVE('',#3744,#3752,#3756,.T.);
#3758=ORIENTED_EDGE('',*,*,#3757,.T.);
#3759=CARTESIAN_POINT('',(18.220480387,16.5,0.9));
#3760=DIRECTION('',(0.,0.,1.));
#3761=VECTOR('',#3760,0.45);
#3762=LINE('',#3759,#3761);
#3763=EDGE_CURVE('',#3752,#994,#3762,.T.);
#3764=ORIENTED_EDGE('',*,*,#3763,.T.);
#3765=EDGE_LOOP('',(#3742,#3750,#3758,#3764));
#3766=FACE_BOUND('',#3765,.T.);
#3767=ADVANCED_FACE('',(#3766),#3741,.T.);
#3768=CARTESIAN_POINT('',(-22.18,14.9,0.9));
#3769=DIRECTION('',(0.,0.,1.));
#3770=DIRECTION('',(1.,0.,-0.));
#3771=AXIS2_PLACEMENT_3D('',#3768,#3769,#3770);
#3772=CYLINDRICAL_SURFACE('',#3771,1.3);
#3773=CARTESIAN_POINT('',(-20.88,14.9,0.9));
#3774=VERTEX_POINT('',#3773);
#3775=CARTESIAN_POINT('',(-20.88,14.9,1.35));
#3776=DIRECTION('',(-0.,-0.,-1.));
#3777=VECTOR('',#3776,0.45);
#3778=LINE('',#3775,#3777);
#3779=EDGE_CURVE('',#485,#3774,#3778,.T.);
#3780=ORIENTED_EDGE('',*,*,#3779,.F.);
#3781=ORIENTED_EDGE('',*,*,#493,.T.);
#3782=ORIENTED_EDGE('',*,*,#500,.T.);
#3783=ORIENTED_EDGE('',*,*,#3779,.T.);
#3784=CARTESIAN_POINT('',(-23.48,14.9,0.9));
#3785=VERTEX_POINT('',#3784);
#3786=CARTESIAN_POINT('',(-22.18,14.9,0.9));
#3787=DIRECTION('',(0.,0.,-1.));
#3788=DIRECTION('',(-1.,0.,0.));
#3789=AXIS2_PLACEMENT_3D('',#3786,#3787,#3788);
#3790=CIRCLE('',#3789,1.3);
#3791=EDGE_CURVE('',#3774,#3785,#3790,.T.);
#3792=ORIENTED_EDGE('',*,*,#3791,.T.);
#3793=CARTESIAN_POINT('',(-22.18,14.9,0.9));
#3794=DIRECTION('',(0.,0.,-1.));
#3795=DIRECTION('',(-1.,0.,0.));
#3796=AXIS2_PLACEMENT_3D('',#3793,#3794,#3795);
#3797=CIRCLE('',#3796,1.3);
#3798=EDGE_CURVE('',#3785,#3774,#3797,.T.);
#3799=ORIENTED_EDGE('',*,*,#3798,.T.);
#3800=EDGE_LOOP('',(#3780,#3781,#3782,#3783,#3792,#3799));
#3801=FACE_BOUND('',#3800,.T.);
#3802=ADVANCED_FACE('',(#3801),#3772,.F.);
#3803=CARTESIAN_POINT('',(-18.86,16.1,0.9));
#3804=DIRECTION('',(0.,0.,1.));
#3805=DIRECTION('',(1.,0.,-0.));
#3806=AXIS2_PLACEMENT_3D('',#3803,#3804,#3805);
#3807=CYLINDRICAL_SURFACE('',#3806,0.4);
#3808=ORIENTED_EDGE('',*,*,#991,.F.);
#3809=ORIENTED_EDGE('',*,*,#3475,.F.);
#3810=CARTESIAN_POINT('',(-18.86,16.1,0.9));
#3811=DIRECTION('',(0.,0.,-1.));
#3812=DIRECTION('',(-1.,0.,0.));
#3813=AXIS2_PLACEMENT_3D('',#3810,#3811,#3812);
#3814=CIRCLE('',#3813,0.4);
#3815=EDGE_CURVE('',#3464,#3744,#3814,.T.);
#3816=ORIENTED_EDGE('',*,*,#3815,.T.);
#3817=ORIENTED_EDGE('',*,*,#3749,.T.);
#3818=EDGE_LOOP('',(#3808,#3809,#3816,#3817));
#3819=FACE_BOUND('',#3818,.T.);
#3820=ADVANCED_FACE('',(#3819),#3807,.F.);
#3821=CARTESIAN_POINT('',(0.,0.,0.9));
#3822=DIRECTION('',(0.,0.,-1.));
#3823=DIRECTION('',(0.,-1.,0.));
#3824=AXIS2_PLACEMENT_3D('',#3821,#3822,#3823);
#3825=PLANE('',#3824);
#3826=ORIENTED_EDGE('',*,*,#3791,.F.);
#3827=ORIENTED_EDGE('',*,*,#3798,.F.);
#3828=EDGE_LOOP('',(#3826,#3827));
#3829=FACE_BOUND('',#3828,.T.);
#3830=ORIENTED_EDGE('',*,*,#3469,.F.);
#3831=ORIENTED_EDGE('',*,*,#3499,.T.);
#3832=ORIENTED_EDGE('',*,*,#3523,.F.);
#3833=ORIENTED_EDGE('',*,*,#3548,.T.);
#3834=ORIENTED_EDGE('',*,*,#3583,.F.);
#3835=ORIENTED_EDGE('',*,*,#3608,.T.);
#3836=ORIENTED_EDGE('',*,*,#3632,.T.);
#3837=ORIENTED_EDGE('',*,*,#3657,.T.);
#3838=ORIENTED_EDGE('',*,*,#3681,.T.);
#3839=ORIENTED_EDGE('',*,*,#3706,.T.);
#3840=ORIENTED_EDGE('',*,*,#3730,.T.);
#3841=CARTESIAN_POINT('',(18.220480387,16.9,0.9));
#3842=DIRECTION('',(0.,0.,-1.));
#3843=DIRECTION('',(-1.,0.,0.));
#3844=AXIS2_PLACEMENT_3D('',#3841,#3842,#3843);
#3845=CIRCLE('',#3844,0.4);
#3846=EDGE_CURVE('',#3718,#3752,#3845,.T.);
#3847=ORIENTED_EDGE('',*,*,#3846,.T.);
#3848=ORIENTED_EDGE('',*,*,#3757,.F.);
#3849=ORIENTED_EDGE('',*,*,#3815,.F.);
#3850=EDGE_LOOP('',(#3830,#3831,#3832,#3833,#3834,#3835,#3836,#3837,#3838,#3839,#3840,#3847,#3848,#3849));
#3851=FACE_BOUND('',#3850,.T.);
#3852=ADVANCED_FACE('',(#3829,#3851),#3825,.T.);
#3853=CARTESIAN_POINT('',(-19.66,-4.25,0.9));
#3854=DIRECTION('',(0.,0.,1.));
#3855=DIRECTION('',(1.,0.,-0.));
#3856=AXIS2_PLACEMENT_3D('',#3853,#3854,#3855);
#3857=CYLINDRICAL_SURFACE('',#3856,0.35);
#3858=ORIENTED_EDGE('',*,*,#651,.T.);
#3859=CARTESIAN_POINT('',(-19.66,-4.6,0.9));
#3860=VERTEX_POINT('',#3859);
#3861=CARTESIAN_POINT('',(-19.66,-4.6,0.9));
#3862=DIRECTION('',(0.,0.,1.));
#3863=VECTOR('',#3862,0.45);
#3864=LINE('',#3861,#3863);
#3865=EDGE_CURVE('',#3860,#635,#3864,.T.);
#3866=ORIENTED_EDGE('',*,*,#3865,.F.);
#3867=CARTESIAN_POINT('',(-19.31,-4.25,0.9));
#3868=VERTEX_POINT('',#3867);
#3869=CARTESIAN_POINT('',(-19.66,-4.25,0.9));
#3870=DIRECTION('',(0.,0.,-1.));
#3871=DIRECTION('',(-1.,0.,0.));
#3872=AXIS2_PLACEMENT_3D('',#3869,#3870,#3871);
#3873=CIRCLE('',#3872,0.35);
#3874=EDGE_CURVE('',#3868,#3860,#3873,.T.);
#3875=ORIENTED_EDGE('',*,*,#3874,.F.);
#3876=CARTESIAN_POINT('',(-19.31,-4.25,0.9));
#3877=DIRECTION('',(0.,0.,1.));
#3878=VECTOR('',#3877,0.45);
#3879=LINE('',#3876,#3878);
#3880=EDGE_CURVE('',#3868,#645,#3879,.T.);
#3881=ORIENTED_EDGE('',*,*,#3880,.T.);
#3882=EDGE_LOOP('',(#3858,#3866,#3875,#3881));
#3883=FACE_BOUND('',#3882,.T.);
#3884=ADVANCED_FACE('',(#3883),#3857,.T.);
#3885=CARTESIAN_POINT('',(-20.670158309,-4.6,0.9));
#3886=DIRECTION('',(0.,1.,0.));
#3887=DIRECTION('',(0.,0.,1.));
#3888=AXIS2_PLACEMENT_3D('',#3885,#3886,#3887);
#3889=PLANE('',#3888);
#3890=ORIENTED_EDGE('',*,*,#642,.T.);
#3891=CARTESIAN_POINT('',(-21.680316618,-4.6,0.9));
#3892=VERTEX_POINT('',#3891);
#3893=CARTESIAN_POINT('',(-21.680316618,-4.6,0.9));
#3894=DIRECTION('',(0.,0.,1.));
#3895=VECTOR('',#3894,0.45);
#3896=LINE('',#3893,#3895);
#3897=EDGE_CURVE('',#3892,#637,#3896,.T.);
#3898=ORIENTED_EDGE('',*,*,#3897,.F.);
#3899=CARTESIAN_POINT('',(-19.66,-4.6,0.9));
#3900=DIRECTION('',(-1.,0.,0.));
#3901=VECTOR('',#3900,2.020316618);
#3902=LINE('',#3899,#3901);
#3903=EDGE_CURVE('',#3860,#3892,#3902,.T.);
#3904=ORIENTED_EDGE('',*,*,#3903,.F.);
#3905=ORIENTED_EDGE('',*,*,#3865,.T.);
#3906=EDGE_LOOP('',(#3890,#3898,#3904,#3905));
#3907=FACE_BOUND('',#3906,.T.);
#3908=ADVANCED_FACE('',(#3907),#3889,.F.);
#3909=CARTESIAN_POINT('',(-21.680316618,-4.25,0.9));
#3910=DIRECTION('',(0.,0.,1.));
#3911=DIRECTION('',(1.,0.,-0.));
#3912=AXIS2_PLACEMENT_3D('',#3909,#3910,#3911);
#3913=CYLINDRICAL_SURFACE('',#3912,0.35);
#3914=ORIENTED_EDGE('',*,*,#700,.T.);
#3915=CARTESIAN_POINT('',(-22.030316618,-4.25,0.9));
#3916=VERTEX_POINT('',#3915);
#3917=CARTESIAN_POINT('',(-22.030316618,-4.25,0.9));
#3918=DIRECTION('',(0.,0.,1.));
#3919=VECTOR('',#3918,0.45);
#3920=LINE('',#3917,#3919);
#3921=EDGE_CURVE('',#3916,#688,#3920,.T.);
#3922=ORIENTED_EDGE('',*,*,#3921,.F.);
#3923=CARTESIAN_POINT('',(-21.680316618,-4.25,0.9));
#3924=DIRECTION('',(0.,0.,-1.));
#3925=DIRECTION('',(-1.,0.,0.));
#3926=AXIS2_PLACEMENT_3D('',#3923,#3924,#3925);
#3927=CIRCLE('',#3926,0.35);
#3928=EDGE_CURVE('',#3892,#3916,#3927,.T.);
#3929=ORIENTED_EDGE('',*,*,#3928,.F.);
#3930=ORIENTED_EDGE('',*,*,#3897,.T.);
#3931=EDGE_LOOP('',(#3914,#3922,#3929,#3930));
#3932=FACE_BOUND('',#3931,.T.);
#3933=ADVANCED_FACE('',(#3932),#3913,.T.);
#3934=CARTESIAN_POINT('',(-22.030316618,0.,0.9));
#3935=DIRECTION('',(1.,0.,0.));
#3936=DIRECTION('',(0.,0.,-1.));
#3937=AXIS2_PLACEMENT_3D('',#3934,#3935,#3936);
#3938=PLANE('',#3937);
#3939=ORIENTED_EDGE('',*,*,#693,.T.);
#3940=CARTESIAN_POINT('',(-22.030316618,4.25,0.9));
#3941=VERTEX_POINT('',#3940);
#3942=CARTESIAN_POINT('',(-22.030316618,4.25,0.9));
#3943=DIRECTION('',(0.,0.,1.));
#3944=VECTOR('',#3943,0.45);
#3945=LINE('',#3942,#3944);
#3946=EDGE_CURVE('',#3941,#679,#3945,.T.);
#3947=ORIENTED_EDGE('',*,*,#3946,.F.);
#3948=CARTESIAN_POINT('',(-22.030316618,-4.25,0.9));
#3949=DIRECTION('',(0.,1.,0.));
#3950=VECTOR('',#3949,8.5);
#3951=LINE('',#3948,#3950);
#3952=EDGE_CURVE('',#3916,#3941,#3951,.T.);
#3953=ORIENTED_EDGE('',*,*,#3952,.F.);
#3954=ORIENTED_EDGE('',*,*,#3921,.T.);
#3955=EDGE_LOOP('',(#3939,#3947,#3953,#3954));
#3956=FACE_BOUND('',#3955,.T.);
#3957=ADVANCED_FACE('',(#3956),#3938,.F.);
#3958=CARTESIAN_POINT('',(-21.680316618,4.25,0.9));
#3959=DIRECTION('',(0.,0.,1.));
#3960=DIRECTION('',(1.,0.,-0.));
#3961=AXIS2_PLACEMENT_3D('',#3958,#3959,#3960);
#3962=CYLINDRICAL_SURFACE('',#3961,0.35);
#3963=ORIENTED_EDGE('',*,*,#685,.T.);
#3964=CARTESIAN_POINT('',(-21.680316618,4.6,0.9));
#3965=VERTEX_POINT('',#3964);
#3966=CARTESIAN_POINT('',(-21.680316618,4.6,0.9));
#3967=DIRECTION('',(0.,0.,1.));
#3968=VECTOR('',#3967,0.45);
#3969=LINE('',#3966,#3968);
#3970=EDGE_CURVE('',#3965,#671,#3969,.T.);
#3971=ORIENTED_EDGE('',*,*,#3970,.F.);
#3972=CARTESIAN_POINT('',(-21.680316618,4.25,0.9));
#3973=DIRECTION('',(0.,0.,-1.));
#3974=DIRECTION('',(-1.,0.,0.));
#3975=AXIS2_PLACEMENT_3D('',#3972,#3973,#3974);
#3976=CIRCLE('',#3975,0.35);
#3977=EDGE_CURVE('',#3941,#3965,#3976,.T.);
#3978=ORIENTED_EDGE('',*,*,#3977,.F.);
#3979=ORIENTED_EDGE('',*,*,#3946,.T.);
#3980=EDGE_LOOP('',(#3963,#3971,#3978,#3979));
#3981=FACE_BOUND('',#3980,.T.);
#3982=ADVANCED_FACE('',(#3981),#3962,.T.);
#3983=CARTESIAN_POINT('',(-20.670158309,4.6,0.9));
#3984=DIRECTION('',(-0.,-1.,0.));
#3985=DIRECTION('',(1.,-0.,0.));
#3986=AXIS2_PLACEMENT_3D('',#3983,#3984,#3985);
#3987=PLANE('',#3986);
#3988=ORIENTED_EDGE('',*,*,#676,.T.);
#3989=CARTESIAN_POINT('',(-19.66,4.6,0.9));
#3990=VERTEX_POINT('',#3989);
#3991=CARTESIAN_POINT('',(-19.66,4.6,0.9));
#3992=DIRECTION('',(0.,0.,1.));
#3993=VECTOR('',#3992,0.45);
#3994=LINE('',#3991,#3993);
#3995=EDGE_CURVE('',#3990,#662,#3994,.T.);
#3996=ORIENTED_EDGE('',*,*,#3995,.F.);
#3997=CARTESIAN_POINT('',(-21.680316618,4.6,0.9));
#3998=DIRECTION('',(1.,-0.,0.));
#3999=VECTOR('',#3998,2.020316618);
#4000=LINE('',#3997,#3999);
#4001=EDGE_CURVE('',#3965,#3990,#4000,.T.);
#4002=ORIENTED_EDGE('',*,*,#4001,.F.);
#4003=ORIENTED_EDGE('',*,*,#3970,.T.);
#4004=EDGE_LOOP('',(#3988,#3996,#4002,#4003));
#4005=FACE_BOUND('',#4004,.T.);
#4006=ADVANCED_FACE('',(#4005),#3987,.F.);
#4007=CARTESIAN_POINT('',(-19.66,4.25,0.9));
#4008=DIRECTION('',(0.,0.,1.));
#4009=DIRECTION('',(1.,0.,-0.));
#4010=AXIS2_PLACEMENT_3D('',#4007,#4008,#4009);
#4011=CYLINDRICAL_SURFACE('',#4010,0.35);
#4012=ORIENTED_EDGE('',*,*,#668,.T.);
#4013=CARTESIAN_POINT('',(-19.31,4.25,0.9));
#4014=VERTEX_POINT('',#4013);
#4015=CARTESIAN_POINT('',(-19.31,4.25,0.9));
#4016=DIRECTION('',(0.,0.,1.));
#4017=VECTOR('',#4016,0.45);
#4018=LINE('',#4015,#4017);
#4019=EDGE_CURVE('',#4014,#654,#4018,.T.);
#4020=ORIENTED_EDGE('',*,*,#4019,.F.);
#4021=CARTESIAN_POINT('',(-19.66,4.25,0.9));
#4022=DIRECTION('',(0.,0.,-1.));
#4023=DIRECTION('',(-1.,0.,0.));
#4024=AXIS2_PLACEMENT_3D('',#4021,#4022,#4023);
#4025=CIRCLE('',#4024,0.35);
#4026=EDGE_CURVE('',#3990,#4014,#4025,.T.);
#4027=ORIENTED_EDGE('',*,*,#4026,.F.);
#4028=ORIENTED_EDGE('',*,*,#3995,.T.);
#4029=EDGE_LOOP('',(#4012,#4020,#4027,#4028));
#4030=FACE_BOUND('',#4029,.T.);
#4031=ADVANCED_FACE('',(#4030),#4011,.T.);
#4032=CARTESIAN_POINT('',(-19.31,0.,0.9));
#4033=DIRECTION('',(-1.,0.,0.));
#4034=DIRECTION('',(0.,0.,1.));
#4035=AXIS2_PLACEMENT_3D('',#4032,#4033,#4034);
#4036=PLANE('',#4035);
#4037=ORIENTED_EDGE('',*,*,#659,.T.);
#4038=ORIENTED_EDGE('',*,*,#3880,.F.);
#4039=CARTESIAN_POINT('',(-19.31,4.25,0.9));
#4040=DIRECTION('',(0.,-1.,0.));
#4041=VECTOR('',#4040,8.5);
#4042=LINE('',#4039,#4041);
#4043=EDGE_CURVE('',#4014,#3868,#4042,.T.);
#4044=ORIENTED_EDGE('',*,*,#4043,.F.);
#4045=ORIENTED_EDGE('',*,*,#4019,.T.);
#4046=EDGE_LOOP('',(#4037,#4038,#4044,#4045));
#4047=FACE_BOUND('',#4046,.T.);
#4048=ADVANCED_FACE('',(#4047),#4036,.F.);
#4049=CARTESIAN_POINT('',(0.,0.,0.9));
#4050=DIRECTION('',(0.,0.,-1.));
#4051=DIRECTION('',(0.,-1.,0.));
#4052=AXIS2_PLACEMENT_3D('',#4049,#4050,#4051);
#4053=PLANE('',#4052);
#4054=ORIENTED_EDGE('',*,*,#3874,.T.);
#4055=ORIENTED_EDGE('',*,*,#3903,.T.);
#4056=ORIENTED_EDGE('',*,*,#3928,.T.);
#4057=ORIENTED_EDGE('',*,*,#3952,.T.);
#4058=ORIENTED_EDGE('',*,*,#3977,.T.);
#4059=ORIENTED_EDGE('',*,*,#4001,.T.);
#4060=ORIENTED_EDGE('',*,*,#4026,.T.);
#4061=ORIENTED_EDGE('',*,*,#4043,.T.);
#4062=EDGE_LOOP('',(#4054,#4055,#4056,#4057,#4058,#4059,#4060,#4061));
#4063=FACE_BOUND('',#4062,.T.);
#4064=ADVANCED_FACE('',(#4063),#4053,.T.);
#4065=CARTESIAN_POINT('',(18.220480387,-16.9,0.9));
#4066=DIRECTION('',(0.,0.,1.));
#4067=DIRECTION('',(1.,0.,-0.));
#4068=AXIS2_PLACEMENT_3D('',#4065,#4066,#4067);
#4069=CYLINDRICAL_SURFACE('',#4068,0.35);
#4070=CARTESIAN_POINT('',(18.570480387,-16.9,0.9));
#4071=VERTEX_POINT('',#4070);
#4072=CARTESIAN_POINT('',(18.570480387,-16.9,1.35));
#4073=DIRECTION('',(-0.,-0.,-1.));
#4074=VECTOR('',#4073,0.45);
#4075=LINE('',#4072,#4074);
#4076=EDGE_CURVE('',#522,#4071,#4075,.T.);
#4077=ORIENTED_EDGE('',*,*,#4076,.T.);
#4078=CARTESIAN_POINT('',(18.220480387,-16.55,0.9));
#4079=VERTEX_POINT('',#4078);
#4080=CARTESIAN_POINT('',(18.220480387,-16.9,0.9));
#4081=DIRECTION('',(0.,0.,-1.));
#4082=DIRECTION('',(-1.,0.,0.));
#4083=AXIS2_PLACEMENT_3D('',#4080,#4081,#4082);
#4084=CIRCLE('',#4083,0.35);
#4085=EDGE_CURVE('',#4079,#4071,#4084,.T.);
#4086=ORIENTED_EDGE('',*,*,#4085,.F.);
#4087=CARTESIAN_POINT('',(18.220480387,-16.55,0.9));
#4088=DIRECTION('',(0.,0.,1.));
#4089=VECTOR('',#4088,0.45);
#4090=LINE('',#4087,#4089);
#4091=EDGE_CURVE('',#4079,#531,#4090,.T.);
#4092=ORIENTED_EDGE('',*,*,#4091,.T.);
#4093=ORIENTED_EDGE('',*,*,#537,.T.);
#4094=EDGE_LOOP('',(#4077,#4086,#4092,#4093));
#4095=FACE_BOUND('',#4094,.T.);
#4096=ADVANCED_FACE('',(#4095),#4069,.T.);
#4097=CARTESIAN_POINT('',(16.66,-14.9,0.9));
#4098=DIRECTION('',(0.,0.,1.));
#4099=DIRECTION('',(1.,0.,-0.));
#4100=AXIS2_PLACEMENT_3D('',#4097,#4098,#4099);
#4101=CYLINDRICAL_SURFACE('',#4100,2.8867497);
#4102=ORIENTED_EDGE('',*,*,#519,.T.);
#4103=CARTESIAN_POINT('',(16.66,-17.7867497,0.9));
#4104=VERTEX_POINT('',#4103);
#4105=CARTESIAN_POINT('',(16.66,-17.7867497,0.9));
#4106=DIRECTION('',(0.,0.,1.));
#4107=VECTOR('',#4106,0.45);
#4108=LINE('',#4105,#4107);
#4109=EDGE_CURVE('',#4104,#513,#4108,.T.);
#4110=ORIENTED_EDGE('',*,*,#4109,.F.);
#4111=CARTESIAN_POINT('',(18.435782723,-17.175943661,0.9));
#4112=VERTEX_POINT('',#4111);
#4113=CARTESIAN_POINT('',(16.66,-14.9,0.9));
#4114=DIRECTION('',(0.,0.,-1.));
#4115=DIRECTION('',(-1.,0.,0.));
#4116=AXIS2_PLACEMENT_3D('',#4113,#4114,#4115);
#4117=CIRCLE('',#4116,2.8867497);
#4118=EDGE_CURVE('',#4112,#4104,#4117,.T.);
#4119=ORIENTED_EDGE('',*,*,#4118,.F.);
#4120=CARTESIAN_POINT('',(18.435782723,-17.175943661,0.9));
#4121=DIRECTION('',(0.,0.,1.));
#4122=VECTOR('',#4121,0.45);
#4123=LINE('',#4120,#4122);
#4124=EDGE_CURVE('',#4112,#511,#4123,.T.);
#4125=ORIENTED_EDGE('',*,*,#4124,.T.);
#4126=EDGE_LOOP('',(#4102,#4110,#4119,#4125));
#4127=FACE_BOUND('',#4126,.T.);
#4128=ADVANCED_FACE('',(#4127),#4101,.T.);
#4129=CARTESIAN_POINT('',(-2.76,-17.7867497,0.9));
#4130=DIRECTION('',(0.,1.,0.));
#4131=DIRECTION('',(0.,0.,1.));
#4132=AXIS2_PLACEMENT_3D('',#4129,#4130,#4131);
#4133=PLANE('',#4132);
#4134=ORIENTED_EDGE('',*,*,#630,.T.);
#4135=CARTESIAN_POINT('',(-22.18,-17.7867497,0.9));
#4136=VERTEX_POINT('',#4135);
#4137=CARTESIAN_POINT('',(-22.18,-17.7867497,0.9));
#4138=DIRECTION('',(0.,0.,1.));
#4139=VECTOR('',#4138,0.45);
#4140=LINE('',#4137,#4139);
#4141=EDGE_CURVE('',#4136,#618,#4140,.T.);
#4142=ORIENTED_EDGE('',*,*,#4141,.F.);
#4143=CARTESIAN_POINT('',(16.66,-17.7867497,0.9));
#4144=DIRECTION('',(-1.,0.,0.));
#4145=VECTOR('',#4144,38.84);
#4146=LINE('',#4143,#4145);
#4147=EDGE_CURVE('',#4104,#4136,#4146,.T.);
#4148=ORIENTED_EDGE('',*,*,#4147,.F.);
#4149=ORIENTED_EDGE('',*,*,#4109,.T.);
#4150=EDGE_LOOP('',(#4134,#4142,#4148,#4149));
#4151=FACE_BOUND('',#4150,.T.);
#4152=ADVANCED_FACE('',(#4151),#4133,.F.);
#4153=CARTESIAN_POINT('',(-22.18,-14.9,0.9));
#4154=DIRECTION('',(0.,0.,1.));
#4155=DIRECTION('',(1.,0.,-0.));
#4156=AXIS2_PLACEMENT_3D('',#4153,#4154,#4155);
#4157=CYLINDRICAL_SURFACE('',#4156,2.8867497);
#4158=ORIENTED_EDGE('',*,*,#624,.T.);
#4159=CARTESIAN_POINT('',(-25.0667497,-14.9,0.9));
#4160=VERTEX_POINT('',#4159);
#4161=CARTESIAN_POINT('',(-25.0667497,-14.9,0.9));
#4162=DIRECTION('',(0.,0.,1.));
#4163=VECTOR('',#4162,0.45);
#4164=LINE('',#4161,#4163);
#4165=EDGE_CURVE('',#4160,#610,#4164,.T.);
#4166=ORIENTED_EDGE('',*,*,#4165,.F.);
#4167=CARTESIAN_POINT('',(-22.18,-14.9,0.9));
#4168=DIRECTION('',(0.,0.,-1.));
#4169=DIRECTION('',(-1.,0.,0.));
#4170=AXIS2_PLACEMENT_3D('',#4167,#4168,#4169);
#4171=CIRCLE('',#4170,2.8867497);
#4172=EDGE_CURVE('',#4136,#4160,#4171,.T.);
#4173=ORIENTED_EDGE('',*,*,#4172,.F.);
#4174=ORIENTED_EDGE('',*,*,#4141,.T.);
#4175=EDGE_LOOP('',(#4158,#4166,#4173,#4174));
#4176=FACE_BOUND('',#4175,.T.);
#4177=ADVANCED_FACE('',(#4176),#4157,.T.);
#4178=CARTESIAN_POINT('',(-25.0667497,-14.636121369,0.9));
#4179=DIRECTION('',(1.,0.,0.));
#4180=DIRECTION('',(0.,0.,-1.));
#4181=AXIS2_PLACEMENT_3D('',#4178,#4179,#4180);
#4182=PLANE('',#4181);
#4183=ORIENTED_EDGE('',*,*,#615,.T.);
#4184=CARTESIAN_POINT('',(-25.0667497,-14.372242739,0.9));
#4185=VERTEX_POINT('',#4184);
#4186=CARTESIAN_POINT('',(-25.0667497,-14.372242739,0.9));
#4187=DIRECTION('',(0.,0.,1.));
#4188=VECTOR('',#4187,0.45);
#4189=LINE('',#4186,#4188);
#4190=EDGE_CURVE('',#4185,#601,#4189,.T.);
#4191=ORIENTED_EDGE('',*,*,#4190,.F.);
#4192=CARTESIAN_POINT('',(-25.0667497,-14.9,0.9));
#4193=DIRECTION('',(0.,1.,0.));
#4194=VECTOR('',#4193,0.527757261);
#4195=LINE('',#4192,#4194);
#4196=EDGE_CURVE('',#4160,#4185,#4195,.T.);
#4197=ORIENTED_EDGE('',*,*,#4196,.F.);
#4198=ORIENTED_EDGE('',*,*,#4165,.T.);
#4199=EDGE_LOOP('',(#4183,#4191,#4197,#4198));
#4200=FACE_BOUND('',#4199,.T.);
#4201=ADVANCED_FACE('',(#4200),#4182,.F.);
#4202=CARTESIAN_POINT('',(-24.7167497,-14.372242739,0.9));
#4203=DIRECTION('',(0.,0.,1.));
#4204=DIRECTION('',(1.,0.,-0.));
#4205=AXIS2_PLACEMENT_3D('',#4202,#4203,#4204);
#4206=CYLINDRICAL_SURFACE('',#4205,0.35);
#4207=ORIENTED_EDGE('',*,*,#607,.T.);
#4208=CARTESIAN_POINT('',(-24.755408032,-14.024384243,0.9));
#4209=VERTEX_POINT('',#4208);
#4210=CARTESIAN_POINT('',(-24.755408032,-14.024384243,0.9));
#4211=DIRECTION('',(0.,0.,1.));
#4212=VECTOR('',#4211,0.45);
#4213=LINE('',#4210,#4212);
#4214=EDGE_CURVE('',#4209,#591,#4213,.T.);
#4215=ORIENTED_EDGE('',*,*,#4214,.F.);
#4216=CARTESIAN_POINT('',(-24.7167497,-14.372242739,0.9));
#4217=DIRECTION('',(0.,0.,-1.));
#4218=DIRECTION('',(-1.,0.,0.));
#4219=AXIS2_PLACEMENT_3D('',#4216,#4217,#4218);
#4220=CIRCLE('',#4219,0.35);
#4221=EDGE_CURVE('',#4185,#4209,#4220,.T.);
#4222=ORIENTED_EDGE('',*,*,#4221,.F.);
#4223=ORIENTED_EDGE('',*,*,#4190,.T.);
#4224=EDGE_LOOP('',(#4207,#4215,#4222,#4223));
#4225=FACE_BOUND('',#4224,.T.);
#4226=ADVANCED_FACE('',(#4225),#4206,.T.);
#4227=CARTESIAN_POINT('',(-24.755408032,-14.024384243,0.9));
#4228=CARTESIAN_POINT('',(-24.755408032,-14.024384243,1.35));
#4229=CARTESIAN_POINT('',(-24.210327153,-13.963808123,0.9));
#4230=CARTESIAN_POINT('',(-24.210327153,-13.963808123,1.35));
#4231=CARTESIAN_POINT('',(-23.072584117,-13.563456493,0.9));
#4232=CARTESIAN_POINT('',(-23.072584117,-13.563456493,1.35));
#4233=CARTESIAN_POINT('',(-22.377362304,-12.581757851,0.9));
#4234=CARTESIAN_POINT('',(-22.377362304,-12.581757851,1.35));
#4235=CARTESIAN_POINT('',(-22.189064336,-12.03587029,0.9));
#4236=CARTESIAN_POINT('',(-22.189064336,-12.03587029,1.35));
#4237=B_SPLINE_SURFACE_WITH_KNOTS('',3,1,((#4227,#4228),(#4229,#4230),(#4231,#4232),(#4233,#4234),(#4235,#4236)),.UNSPECIFIED.,.F.,.F.,.U.,(4,1,4),(2,2),(0.190642773,0.538476288,0.886309801),(0.,1.),.UNSPECIFIED.);
#4238=ORIENTED_EDGE('',*,*,#598,.T.);
#4239=CARTESIAN_POINT('',(-22.189064334,-12.035870284,0.9));
#4240=VERTEX_POINT('',#4239);
#4241=CARTESIAN_POINT('',(-22.189064334,-12.035870284,0.9));
#4242=DIRECTION('',(0.,0.,1.));
#4243=VECTOR('',#4242,0.45);
#4244=LINE('',#4241,#4243);
#4245=EDGE_CURVE('',#4240,#582,#4244,.T.);
#4246=ORIENTED_EDGE('',*,*,#4245,.F.);
#4247=CARTESIAN_POINT('',(-24.755408032,-14.024384243,0.9));
#4248=CARTESIAN_POINT('',(-24.210327153,-13.963808123,0.9));
#4249=CARTESIAN_POINT('',(-23.072584115,-13.563456492,0.9));
#4250=CARTESIAN_POINT('',(-22.377362302,-12.581757847,0.9));
#4251=CARTESIAN_POINT('',(-22.189064334,-12.035870284,0.9));
#4252=B_SPLINE_CURVE_WITH_KNOTS('',3,(#4247,#4248,#4249,#4250,#4251),.UNSPECIFIED.,.F.,.F.,(4,1,4),(0.190642773,0.538476288,0.886309802),.UNSPECIFIED.);
#4253=EDGE_CURVE('',#4209,#4240,#4252,.T.);
#4254=ORIENTED_EDGE('',*,*,#4253,.F.);
#4255=ORIENTED_EDGE('',*,*,#4214,.T.);
#4256=EDGE_LOOP('',(#4238,#4246,#4254,#4255));
#4257=FACE_BOUND('',#4256,.T.);
#4258=ADVANCED_FACE('',(#4257),#4237,.F.);
#4259=CARTESIAN_POINT('',(-21.858195164,-12.15,0.9));
#4260=DIRECTION('',(0.,0.,1.));
#4261=DIRECTION('',(1.,0.,-0.));
#4262=AXIS2_PLACEMENT_3D('',#4259,#4260,#4261);
#4263=CYLINDRICAL_SURFACE('',#4262,0.35);
#4264=ORIENTED_EDGE('',*,*,#588,.T.);
#4265=CARTESIAN_POINT('',(-21.858195164,-11.8,0.9));
#4266=VERTEX_POINT('',#4265);
#4267=CARTESIAN_POINT('',(-21.858195164,-11.8,0.9));
#4268=DIRECTION('',(0.,0.,1.));
#4269=VECTOR('',#4268,0.45);
#4270=LINE('',#4267,#4269);
#4271=EDGE_CURVE('',#4266,#574,#4270,.T.);
#4272=ORIENTED_EDGE('',*,*,#4271,.F.);
#4273=CARTESIAN_POINT('',(-21.858195164,-12.15,0.9));
#4274=DIRECTION('',(0.,0.,-1.));
#4275=DIRECTION('',(-1.,0.,0.));
#4276=AXIS2_PLACEMENT_3D('',#4273,#4274,#4275);
#4277=CIRCLE('',#4276,0.35);
#4278=EDGE_CURVE('',#4240,#4266,#4277,.T.);
#4279=ORIENTED_EDGE('',*,*,#4278,.F.);
#4280=ORIENTED_EDGE('',*,*,#4245,.T.);
#4281=EDGE_LOOP('',(#4264,#4272,#4279,#4280));
#4282=FACE_BOUND('',#4281,.T.);
#4283=ADVANCED_FACE('',(#4282),#4263,.T.);
#4284=CARTESIAN_POINT('',(-20.759097582,-11.8,0.9));
#4285=DIRECTION('',(0.,-1.,0.));
#4286=DIRECTION('',(1.,0.,0.));
#4287=AXIS2_PLACEMENT_3D('',#4284,#4285,#4286);
#4288=PLANE('',#4287);
#4289=ORIENTED_EDGE('',*,*,#579,.T.);
#4290=CARTESIAN_POINT('',(-19.66,-11.8,0.9));
#4291=VERTEX_POINT('',#4290);
#4292=CARTESIAN_POINT('',(-19.66,-11.8,0.9));
#4293=DIRECTION('',(0.,0.,1.));
#4294=VECTOR('',#4293,0.45);
#4295=LINE('',#4292,#4294);
#4296=EDGE_CURVE('',#4291,#565,#4295,.T.);
#4297=ORIENTED_EDGE('',*,*,#4296,.F.);
#4298=CARTESIAN_POINT('',(-21.858195164,-11.8,0.9));
#4299=DIRECTION('',(1.,0.,0.));
#4300=VECTOR('',#4299,2.198195164);
#4301=LINE('',#4298,#4300);
#4302=EDGE_CURVE('',#4266,#4291,#4301,.T.);
#4303=ORIENTED_EDGE('',*,*,#4302,.F.);
#4304=ORIENTED_EDGE('',*,*,#4271,.T.);
#4305=EDGE_LOOP('',(#4289,#4297,#4303,#4304));
#4306=FACE_BOUND('',#4305,.T.);
#4307=ADVANCED_FACE('',(#4306),#4288,.F.);
#4308=CARTESIAN_POINT('',(-19.66,-12.15,0.9));
#4309=DIRECTION('',(0.,0.,1.));
#4310=DIRECTION('',(1.,0.,-0.));
#4311=AXIS2_PLACEMENT_3D('',#4308,#4309,#4310);
#4312=CYLINDRICAL_SURFACE('',#4311,0.35);
#4313=ORIENTED_EDGE('',*,*,#571,.T.);
#4314=CARTESIAN_POINT('',(-19.31,-12.15,0.9));
#4315=VERTEX_POINT('',#4314);
#4316=CARTESIAN_POINT('',(-19.31,-12.15,0.9));
#4317=DIRECTION('',(0.,0.,1.));
#4318=VECTOR('',#4317,0.45);
#4319=LINE('',#4316,#4318);
#4320=EDGE_CURVE('',#4315,#557,#4319,.T.);
#4321=ORIENTED_EDGE('',*,*,#4320,.F.);
#4322=CARTESIAN_POINT('',(-19.66,-12.15,0.9));
#4323=DIRECTION('',(0.,0.,-1.));
#4324=DIRECTION('',(-1.,0.,0.));
#4325=AXIS2_PLACEMENT_3D('',#4322,#4323,#4324);
#4326=CIRCLE('',#4325,0.35);
#4327=EDGE_CURVE('',#4291,#4315,#4326,.T.);
#4328=ORIENTED_EDGE('',*,*,#4327,.F.);
#4329=ORIENTED_EDGE('',*,*,#4296,.T.);
#4330=EDGE_LOOP('',(#4313,#4321,#4328,#4329));
#4331=FACE_BOUND('',#4330,.T.);
#4332=ADVANCED_FACE('',(#4331),#4312,.T.);
#4333=CARTESIAN_POINT('',(-19.31,-14.125,0.9));
#4334=DIRECTION('',(-1.,0.,0.));
#4335=DIRECTION('',(0.,0.,1.));
#4336=AXIS2_PLACEMENT_3D('',#4333,#4334,#4335);
#4337=PLANE('',#4336);
#4338=ORIENTED_EDGE('',*,*,#562,.T.);
#4339=CARTESIAN_POINT('',(-19.31,-16.1,0.9));
#4340=VERTEX_POINT('',#4339);
#4341=CARTESIAN_POINT('',(-19.31,-16.1,0.9));
#4342=DIRECTION('',(0.,0.,1.));
#4343=VECTOR('',#4342,0.45);
#4344=LINE('',#4341,#4343);
#4345=EDGE_CURVE('',#4340,#548,#4344,.T.);
#4346=ORIENTED_EDGE('',*,*,#4345,.F.);
#4347=CARTESIAN_POINT('',(-19.31,-12.15,0.9));
#4348=DIRECTION('',(0.,-1.,0.));
#4349=VECTOR('',#4348,3.95);
#4350=LINE('',#4347,#4349);
#4351=EDGE_CURVE('',#4315,#4340,#4350,.T.);
#4352=ORIENTED_EDGE('',*,*,#4351,.F.);
#4353=ORIENTED_EDGE('',*,*,#4320,.T.);
#4354=EDGE_LOOP('',(#4338,#4346,#4352,#4353));
#4355=FACE_BOUND('',#4354,.T.);
#4356=ADVANCED_FACE('',(#4355),#4337,.F.);
#4357=CARTESIAN_POINT('',(-18.86,-16.1,0.9));
#4358=DIRECTION('',(0.,0.,1.));
#4359=DIRECTION('',(1.,0.,-0.));
#4360=AXIS2_PLACEMENT_3D('',#4357,#4358,#4359);
#4361=CYLINDRICAL_SURFACE('',#4360,0.45);
#4362=ORIENTED_EDGE('',*,*,#554,.F.);
#4363=CARTESIAN_POINT('',(-18.86,-16.55,0.9));
#4364=VERTEX_POINT('',#4363);
#4365=CARTESIAN_POINT('',(-18.86,-16.55,0.9));
#4366=DIRECTION('',(0.,0.,1.));
#4367=VECTOR('',#4366,0.45);
#4368=LINE('',#4365,#4367);
#4369=EDGE_CURVE('',#4364,#540,#4368,.T.);
#4370=ORIENTED_EDGE('',*,*,#4369,.F.);
#4371=CARTESIAN_POINT('',(-18.86,-16.1,0.9));
#4372=DIRECTION('',(0.,0.,-1.));
#4373=DIRECTION('',(-1.,0.,0.));
#4374=AXIS2_PLACEMENT_3D('',#4371,#4372,#4373);
#4375=CIRCLE('',#4374,0.45);
#4376=EDGE_CURVE('',#4364,#4340,#4375,.T.);
#4377=ORIENTED_EDGE('',*,*,#4376,.T.);
#4378=ORIENTED_EDGE('',*,*,#4345,.T.);
#4379=EDGE_LOOP('',(#4362,#4370,#4377,#4378));
#4380=FACE_BOUND('',#4379,.T.);
#4381=ADVANCED_FACE('',(#4380),#4361,.F.);
#4382=CARTESIAN_POINT('',(-22.18,-14.9,0.9));
#4383=DIRECTION('',(0.,0.,1.));
#4384=DIRECTION('',(1.,0.,-0.));
#4385=AXIS2_PLACEMENT_3D('',#4382,#4383,#4384);
#4386=CYLINDRICAL_SURFACE('',#4385,1.3);
#4387=CARTESIAN_POINT('',(-20.88,-14.9,0.9));
#4388=VERTEX_POINT('',#4387);
#4389=CARTESIAN_POINT('',(-20.88,-14.9,1.35));
#4390=DIRECTION('',(-0.,-0.,-1.));
#4391=VECTOR('',#4390,0.45);
#4392=LINE('',#4389,#4391);
#4393=EDGE_CURVE('',#448,#4388,#4392,.T.);
#4394=ORIENTED_EDGE('',*,*,#4393,.F.);
#4395=ORIENTED_EDGE('',*,*,#456,.T.);
#4396=ORIENTED_EDGE('',*,*,#463,.T.);
#4397=ORIENTED_EDGE('',*,*,#4393,.T.);
#4398=CARTESIAN_POINT('',(-23.48,-14.9,0.9));
#4399=VERTEX_POINT('',#4398);
#4400=CARTESIAN_POINT('',(-22.18,-14.9,0.9));
#4401=DIRECTION('',(0.,0.,-1.));
#4402=DIRECTION('',(-1.,0.,0.));
#4403=AXIS2_PLACEMENT_3D('',#4400,#4401,#4402);
#4404=CIRCLE('',#4403,1.3);
#4405=EDGE_CURVE('',#4388,#4399,#4404,.T.);
#4406=ORIENTED_EDGE('',*,*,#4405,.T.);
#4407=CARTESIAN_POINT('',(-22.18,-14.9,0.9));
#4408=DIRECTION('',(0.,0.,-1.));
#4409=DIRECTION('',(-1.,0.,0.));
#4410=AXIS2_PLACEMENT_3D('',#4407,#4408,#4409);
#4411=CIRCLE('',#4410,1.3);
#4412=EDGE_CURVE('',#4399,#4388,#4411,.T.);
#4413=ORIENTED_EDGE('',*,*,#4412,.T.);
#4414=EDGE_LOOP('',(#4394,#4395,#4396,#4397,#4406,#4413));
#4415=FACE_BOUND('',#4414,.T.);
#4416=ADVANCED_FACE('',(#4415),#4386,.F.);
#4417=CARTESIAN_POINT('',(-0.319759806,-16.55,0.9));
#4418=DIRECTION('',(0.,-1.,0.));
#4419=DIRECTION('',(0.,0.,-1.));
#4420=AXIS2_PLACEMENT_3D('',#4417,#4418,#4419);
#4421=PLANE('',#4420);
#4422=ORIENTED_EDGE('',*,*,#545,.T.);
#4423=ORIENTED_EDGE('',*,*,#4091,.F.);
#4424=CARTESIAN_POINT('',(-18.86,-16.55,0.9));
#4425=DIRECTION('',(1.,0.,-0.));
#4426=VECTOR('',#4425,37.080480387);
#4427=LINE('',#4424,#4426);
#4428=EDGE_CURVE('',#4364,#4079,#4427,.T.);
#4429=ORIENTED_EDGE('',*,*,#4428,.F.);
#4430=ORIENTED_EDGE('',*,*,#4369,.T.);
#4431=EDGE_LOOP('',(#4422,#4423,#4429,#4430));
#4432=FACE_BOUND('',#4431,.T.);
#4433=ADVANCED_FACE('',(#4432),#4421,.F.);
#4434=CARTESIAN_POINT('',(0.,0.,0.9));
#4435=DIRECTION('',(0.,0.,-1.));
#4436=DIRECTION('',(0.,-1.,0.));
#4437=AXIS2_PLACEMENT_3D('',#4434,#4435,#4436);
#4438=PLANE('',#4437);
#4439=ORIENTED_EDGE('',*,*,#4405,.F.);
#4440=ORIENTED_EDGE('',*,*,#4412,.F.);
#4441=EDGE_LOOP('',(#4439,#4440));
#4442=FACE_BOUND('',#4441,.T.);
#4443=ORIENTED_EDGE('',*,*,#4085,.T.);
#4444=CARTESIAN_POINT('',(18.220480387,-16.9,0.9));
#4445=DIRECTION('',(0.,0.,-1.));
#4446=DIRECTION('',(-1.,0.,0.));
#4447=AXIS2_PLACEMENT_3D('',#4444,#4445,#4446);
#4448=CIRCLE('',#4447,0.35);
#4449=EDGE_CURVE('',#4071,#4112,#4448,.T.);
#4450=ORIENTED_EDGE('',*,*,#4449,.T.);
#4451=ORIENTED_EDGE('',*,*,#4118,.T.);
#4452=ORIENTED_EDGE('',*,*,#4147,.T.);
#4453=ORIENTED_EDGE('',*,*,#4172,.T.);
#4454=ORIENTED_EDGE('',*,*,#4196,.T.);
#4455=ORIENTED_EDGE('',*,*,#4221,.T.);
#4456=ORIENTED_EDGE('',*,*,#4253,.T.);
#4457=ORIENTED_EDGE('',*,*,#4278,.T.);
#4458=ORIENTED_EDGE('',*,*,#4302,.T.);
#4459=ORIENTED_EDGE('',*,*,#4327,.T.);
#4460=ORIENTED_EDGE('',*,*,#4351,.T.);
#4461=ORIENTED_EDGE('',*,*,#4376,.F.);
#4462=ORIENTED_EDGE('',*,*,#4428,.T.);
#4463=EDGE_LOOP('',(#4443,#4450,#4451,#4452,#4453,#4454,#4455,#4456,#4457,#4458,#4459,#4460,#4461,#4462));
#4464=FACE_BOUND('',#4463,.T.);
#4465=ADVANCED_FACE('',(#4442,#4464),#4438,.T.);
#4466=CARTESIAN_POINT('',(0.,0.,1.7));
#4467=DIRECTION('',(0.,0.,1.));
#4468=DIRECTION('',(-1.,0.,0.));
#4469=AXIS2_PLACEMENT_3D('',#4466,#4467,#4468);
#4470=PLANE('',#4469);
#4471=CARTESIAN_POINT('',(12.978674595,10.5,1.7));
#4472=VERTEX_POINT('',#4471);
#4473=CARTESIAN_POINT('',(7.74,15.738674595,1.7));
#4474=VERTEX_POINT('',#4473);
#4475=CARTESIAN_POINT('',(7.74,10.5,1.7));
#4476=DIRECTION('',(0.,0.,1.));
#4477=DIRECTION('',(1.,0.,-0.));
#4478=AXIS2_PLACEMENT_3D('',#4475,#4476,#4477);
#4479=CIRCLE('',#4478,5.238674595);
#4480=EDGE_CURVE('',#4472,#4474,#4479,.T.);
#4481=ORIENTED_EDGE('',*,*,#4480,.T.);
#4482=CARTESIAN_POINT('',(-13.26,15.738674595,1.7));
#4483=VERTEX_POINT('',#4482);
#4484=CARTESIAN_POINT('',(7.74,15.738674595,1.7));
#4485=DIRECTION('',(-1.,-0.,0.));
#4486=VECTOR('',#4485,21.);
#4487=LINE('',#4484,#4486);
#4488=EDGE_CURVE('',#4474,#4483,#4487,.T.);
#4489=ORIENTED_EDGE('',*,*,#4488,.T.);
#4490=CARTESIAN_POINT('',(-18.498674595,10.5,1.7));
#4491=VERTEX_POINT('',#4490);
#4492=CARTESIAN_POINT('',(-13.26,10.5,1.7));
#4493=DIRECTION('',(0.,0.,1.));
#4494=DIRECTION('',(1.,0.,-0.));
#4495=AXIS2_PLACEMENT_3D('',#4492,#4493,#4494);
#4496=CIRCLE('',#4495,5.238674595);
#4497=EDGE_CURVE('',#4483,#4491,#4496,.T.);
#4498=ORIENTED_EDGE('',*,*,#4497,.T.);
#4499=CARTESIAN_POINT('',(-18.498674595,-10.5,1.7));
#4500=VERTEX_POINT('',#4499);
#4501=CARTESIAN_POINT('',(-18.498674595,10.5,1.7));
#4502=DIRECTION('',(-0.,-1.,-0.));
#4503=VECTOR('',#4502,21.);
#4504=LINE('',#4501,#4503);
#4505=EDGE_CURVE('',#4491,#4500,#4504,.T.);
#4506=ORIENTED_EDGE('',*,*,#4505,.T.);
#4507=CARTESIAN_POINT('',(-13.26,-15.738674595,1.7));
#4508=VERTEX_POINT('',#4507);
#4509=CARTESIAN_POINT('',(-13.26,-10.5,1.7));
#4510=DIRECTION('',(0.,0.,1.));
#4511=DIRECTION('',(1.,0.,-0.));
#4512=AXIS2_PLACEMENT_3D('',#4509,#4510,#4511);
#4513=CIRCLE('',#4512,5.238674595);
#4514=EDGE_CURVE('',#4500,#4508,#4513,.T.);
#4515=ORIENTED_EDGE('',*,*,#4514,.T.);
#4516=CARTESIAN_POINT('',(7.74,-15.738674595,1.7));
#4517=VERTEX_POINT('',#4516);
#4518=CARTESIAN_POINT('',(-13.26,-15.738674595,1.7));
#4519=DIRECTION('',(1.,-0.,-0.));
#4520=VECTOR('',#4519,21.);
#4521=LINE('',#4518,#4520);
#4522=EDGE_CURVE('',#4508,#4517,#4521,.T.);
#4523=ORIENTED_EDGE('',*,*,#4522,.T.);
#4524=CARTESIAN_POINT('',(12.978674595,-10.5,1.7));
#4525=VERTEX_POINT('',#4524);
#4526=CARTESIAN_POINT('',(7.74,-10.5,1.7));
#4527=DIRECTION('',(0.,0.,1.));
#4528=DIRECTION('',(1.,0.,-0.));
#4529=AXIS2_PLACEMENT_3D('',#4526,#4527,#4528);
#4530=CIRCLE('',#4529,5.238674595);
#4531=EDGE_CURVE('',#4517,#4525,#4530,.T.);
#4532=ORIENTED_EDGE('',*,*,#4531,.T.);
#4533=CARTESIAN_POINT('',(12.978674595,-10.5,1.7));
#4534=DIRECTION('',(-0.,1.,-0.));
#4535=VECTOR('',#4534,21.);
#4536=LINE('',#4533,#4535);
#4537=EDGE_CURVE('',#4525,#4472,#4536,.T.);
#4538=ORIENTED_EDGE('',*,*,#4537,.T.);
#4539=EDGE_LOOP('',(#4481,#4489,#4498,#4506,#4515,#4523,#4532,#4538));
#4540=FACE_BOUND('',#4539,.T.);
#4541=CARTESIAN_POINT('',(-13.26,-15.261325405,1.7));
#4542=VERTEX_POINT('',#4541);
#4543=CARTESIAN_POINT('',(-18.021325405,-10.5,1.7));
#4544=VERTEX_POINT('',#4543);
#4545=CARTESIAN_POINT('',(-13.26,-10.5,1.7));
#4546=DIRECTION('',(-0.,-0.,-1.));
#4547=DIRECTION('',(1.,0.,-0.));
#4548=AXIS2_PLACEMENT_3D('',#4545,#4546,#4547);
#4549=CIRCLE('',#4548,4.761325405);
#4550=EDGE_CURVE('',#4542,#4544,#4549,.T.);
#4551=ORIENTED_EDGE('',*,*,#4550,.T.);
#4552=CARTESIAN_POINT('',(-18.021325405,10.5,1.7));
#4553=VERTEX_POINT('',#4552);
#4554=CARTESIAN_POINT('',(-18.021325405,-10.5,1.7));
#4555=DIRECTION('',(0.,1.,0.));
#4556=VECTOR('',#4555,21.);
#4557=LINE('',#4554,#4556);
#4558=EDGE_CURVE('',#4544,#4553,#4557,.T.);
#4559=ORIENTED_EDGE('',*,*,#4558,.T.);
#4560=CARTESIAN_POINT('',(-13.26,15.261325405,1.7));
#4561=VERTEX_POINT('',#4560);
#4562=CARTESIAN_POINT('',(-13.26,10.5,1.7));
#4563=DIRECTION('',(-0.,-0.,-1.));
#4564=DIRECTION('',(1.,0.,-0.));
#4565=AXIS2_PLACEMENT_3D('',#4562,#4563,#4564);
#4566=CIRCLE('',#4565,4.761325405);
#4567=EDGE_CURVE('',#4553,#4561,#4566,.T.);
#4568=ORIENTED_EDGE('',*,*,#4567,.T.);
#4569=CARTESIAN_POINT('',(7.74,15.261325405,1.7));
#4570=VERTEX_POINT('',#4569);
#4571=CARTESIAN_POINT('',(-13.26,15.261325405,1.7));
#4572=DIRECTION('',(1.,0.,-0.));
#4573=VECTOR('',#4572,21.);
#4574=LINE('',#4571,#4573);
#4575=EDGE_CURVE('',#4561,#4570,#4574,.T.);
#4576=ORIENTED_EDGE('',*,*,#4575,.T.);
#4577=CARTESIAN_POINT('',(12.501325405,10.5,1.7));
#4578=VERTEX_POINT('',#4577);
#4579=CARTESIAN_POINT('',(7.74,10.5,1.7));
#4580=DIRECTION('',(-0.,-0.,-1.));
#4581=DIRECTION('',(1.,0.,-0.));
#4582=AXIS2_PLACEMENT_3D('',#4579,#4580,#4581);
#4583=CIRCLE('',#4582,4.761325405);
#4584=EDGE_CURVE('',#4570,#4578,#4583,.T.);
#4585=ORIENTED_EDGE('',*,*,#4584,.T.);
#4586=CARTESIAN_POINT('',(12.501325405,-10.5,1.7));
#4587=VERTEX_POINT('',#4586);
#4588=CARTESIAN_POINT('',(12.501325405,10.5,1.7));
#4589=DIRECTION('',(0.,-1.,-0.));
#4590=VECTOR('',#4589,21.);
#4591=LINE('',#4588,#4590);
#4592=EDGE_CURVE('',#4578,#4587,#4591,.T.);
#4593=ORIENTED_EDGE('',*,*,#4592,.T.);
#4594=CARTESIAN_POINT('',(7.74,-15.261325405,1.7));
#4595=VERTEX_POINT('',#4594);
#4596=CARTESIAN_POINT('',(7.74,-10.5,1.7));
#4597=DIRECTION('',(-0.,-0.,-1.));
#4598=DIRECTION('',(1.,0.,-0.));
#4599=AXIS2_PLACEMENT_3D('',#4596,#4597,#4598);
#4600=CIRCLE('',#4599,4.761325405);
#4601=EDGE_CURVE('',#4587,#4595,#4600,.T.);
#4602=ORIENTED_EDGE('',*,*,#4601,.T.);
#4603=CARTESIAN_POINT('',(7.74,-15.261325405,1.7));
#4604=DIRECTION('',(-1.,0.,0.));
#4605=VECTOR('',#4604,21.);
#4606=LINE('',#4603,#4605);
#4607=EDGE_CURVE('',#4595,#4542,#4606,.T.);
#4608=ORIENTED_EDGE('',*,*,#4607,.T.);
#4609=EDGE_LOOP('',(#4551,#4559,#4568,#4576,#4585,#4593,#4602,#4608));
#4610=FACE_BOUND('',#4609,.T.);
#4611=ADVANCED_FACE('',(#4540,#4610),#4470,.T.);
#4612=CARTESIAN_POINT('',(-13.26,10.5,1.3));
#4613=DIRECTION('',(0.,0.,-1.));
#4614=DIRECTION('',(-1.,0.,0.));
#4615=AXIS2_PLACEMENT_3D('',#4612,#4613,#4614);
#4616=TOROIDAL_SURFACE('',#4615,3.625543735,0.7);
#4617=CARTESIAN_POINT('',(-13.26,14.471216417,1.908695652));
#4618=VERTEX_POINT('',#4617);
#4619=CARTESIAN_POINT('',(-13.26,14.125543735,1.3));
#4620=DIRECTION('',(1.,0.,0.));
#4621=DIRECTION('',(0.,0.,-1.));
#4622=AXIS2_PLACEMENT_3D('',#4619,#4620,#4621);
#4623=CIRCLE('',#4622,0.7);
#4624=EDGE_CURVE('',#4618,#397,#4623,.T.);
#4625=ORIENTED_EDGE('',*,*,#4624,.F.);
#4626=CARTESIAN_POINT('',(-17.231216417,10.5,1.908695652));
#4627=VERTEX_POINT('',#4626);
#4628=CARTESIAN_POINT('',(-13.26,10.5,1.908695652));
#4629=DIRECTION('',(-0.,-0.,1.));
#4630=DIRECTION('',(-1.,0.,0.));
#4631=AXIS2_PLACEMENT_3D('',#4628,#4629,#4630);
#4632=CIRCLE('',#4631,3.971216417);
#4633=EDGE_CURVE('',#4618,#4627,#4632,.T.);
#4634=ORIENTED_EDGE('',*,*,#4633,.T.);
#4635=CARTESIAN_POINT('',(-16.885543735,10.5,1.3));
#4636=DIRECTION('',(0.,-1.,0.));
#4637=DIRECTION('',(0.,0.,-1.));
#4638=AXIS2_PLACEMENT_3D('',#4635,#4636,#4637);
#4639=CIRCLE('',#4638,0.7);
#4640=EDGE_CURVE('',#405,#4627,#4639,.T.);
#4641=ORIENTED_EDGE('',*,*,#4640,.F.);
#4642=ORIENTED_EDGE('',*,*,#411,.F.);
#4643=EDGE_LOOP('',(#4625,#4634,#4641,#4642));
#4644=FACE_BOUND('',#4643,.T.);
#4645=ADVANCED_FACE('',(#4644),#4616,.T.);
#4646=CARTESIAN_POINT('',(-16.885543735,-0.,1.3));
#4647=DIRECTION('',(-0.,-1.,0.));
#4648=DIRECTION('',(1.,-0.,0.));
#4649=AXIS2_PLACEMENT_3D('',#4646,#4647,#4648);
#4650=CYLINDRICAL_SURFACE('',#4649,0.7);
#4651=ORIENTED_EDGE('',*,*,#4640,.T.);
#4652=CARTESIAN_POINT('',(-17.231216417,-10.5,1.908695652));
#4653=VERTEX_POINT('',#4652);
#4654=CARTESIAN_POINT('',(-17.231216417,10.5,1.908695652));
#4655=DIRECTION('',(-0.,-1.,0.));
#4656=VECTOR('',#4655,21.);
#4657=LINE('',#4654,#4656);
#4658=EDGE_CURVE('',#4627,#4653,#4657,.T.);
#4659=ORIENTED_EDGE('',*,*,#4658,.T.);
#4660=CARTESIAN_POINT('',(-16.885543735,-10.5,1.3));
#4661=DIRECTION('',(0.,-1.,0.));
#4662=DIRECTION('',(0.,0.,-1.));
#4663=AXIS2_PLACEMENT_3D('',#4660,#4661,#4662);
#4664=CIRCLE('',#4663,0.7);
#4665=EDGE_CURVE('',#414,#4653,#4664,.T.);
#4666=ORIENTED_EDGE('',*,*,#4665,.F.);
#4667=ORIENTED_EDGE('',*,*,#419,.F.);
#4668=EDGE_LOOP('',(#4651,#4659,#4666,#4667));
#4669=FACE_BOUND('',#4668,.T.);
#4670=ADVANCED_FACE('',(#4669),#4650,.T.);
#4671=CARTESIAN_POINT('',(-2.76,14.125543735,1.3));
#4672=DIRECTION('',(1.,0.,0.));
#4673=DIRECTION('',(-0.,1.,0.));
#4674=AXIS2_PLACEMENT_3D('',#4671,#4672,#4673);
#4675=CYLINDRICAL_SURFACE('',#4674,0.7);
#4676=CARTESIAN_POINT('',(7.74,14.471216417,1.908695652));
#4677=VERTEX_POINT('',#4676);
#4678=CARTESIAN_POINT('',(7.74,14.125543735,1.3));
#4679=DIRECTION('',(1.,0.,0.));
#4680=DIRECTION('',(0.,0.,-1.));
#4681=AXIS2_PLACEMENT_3D('',#4678,#4679,#4680);
#4682=CIRCLE('',#4681,0.7);
#4683=EDGE_CURVE('',#4677,#388,#4682,.T.);
#4684=ORIENTED_EDGE('',*,*,#4683,.F.);
#4685=CARTESIAN_POINT('',(7.74,14.471216417,1.908695652));
#4686=DIRECTION('',(-1.,-0.,-0.));
#4687=VECTOR('',#4686,21.);
#4688=LINE('',#4685,#4687);
#4689=EDGE_CURVE('',#4677,#4618,#4688,.T.);
#4690=ORIENTED_EDGE('',*,*,#4689,.T.);
#4691=ORIENTED_EDGE('',*,*,#4624,.T.);
#4692=ORIENTED_EDGE('',*,*,#402,.F.);
#4693=EDGE_LOOP('',(#4684,#4690,#4691,#4692));
#4694=FACE_BOUND('',#4693,.T.);
#4695=ADVANCED_FACE('',(#4694),#4675,.T.);
#4696=CARTESIAN_POINT('',(-13.26,-10.5,1.3));
#4697=DIRECTION('',(0.,0.,-1.));
#4698=DIRECTION('',(-1.,0.,0.));
#4699=AXIS2_PLACEMENT_3D('',#4696,#4697,#4698);
#4700=TOROIDAL_SURFACE('',#4699,3.625543735,0.7);
#4701=ORIENTED_EDGE('',*,*,#4665,.T.);
#4702=CARTESIAN_POINT('',(-13.26,-14.471216417,1.908695652));
#4703=VERTEX_POINT('',#4702);
#4704=CARTESIAN_POINT('',(-13.26,-10.5,1.908695652));
#4705=DIRECTION('',(-0.,-0.,1.));
#4706=DIRECTION('',(-1.,0.,0.));
#4707=AXIS2_PLACEMENT_3D('',#4704,#4705,#4706);
#4708=CIRCLE('',#4707,3.971216417);
#4709=EDGE_CURVE('',#4653,#4703,#4708,.T.);
#4710=ORIENTED_EDGE('',*,*,#4709,.T.);
#4711=CARTESIAN_POINT('',(-13.26,-14.125543735,1.3));
#4712=DIRECTION('',(1.,0.,0.));
#4713=DIRECTION('',(0.,0.,-1.));
#4714=AXIS2_PLACEMENT_3D('',#4711,#4712,#4713);
#4715=CIRCLE('',#4714,0.7);
#4716=EDGE_CURVE('',#361,#4703,#4715,.T.);
#4717=ORIENTED_EDGE('',*,*,#4716,.F.);
#4718=ORIENTED_EDGE('',*,*,#426,.F.);
#4719=EDGE_LOOP('',(#4701,#4710,#4717,#4718));
#4720=FACE_BOUND('',#4719,.T.);
#4721=ADVANCED_FACE('',(#4720),#4700,.T.);
#4722=CARTESIAN_POINT('',(7.74,10.5,1.3));
#4723=DIRECTION('',(0.,0.,-1.));
#4724=DIRECTION('',(-1.,0.,0.));
#4725=AXIS2_PLACEMENT_3D('',#4722,#4723,#4724);
#4726=TOROIDAL_SURFACE('',#4725,3.625543735,0.7);
#4727=CARTESIAN_POINT('',(11.711216417,10.5,1.908695652));
#4728=VERTEX_POINT('',#4727);
#4729=CARTESIAN_POINT('',(11.365543735,10.5,1.3));
#4730=DIRECTION('',(0.,-1.,0.));
#4731=DIRECTION('',(0.,0.,-1.));
#4732=AXIS2_PLACEMENT_3D('',#4729,#4730,#4731);
#4733=CIRCLE('',#4732,0.7);
#4734=EDGE_CURVE('',#4728,#380,#4733,.T.);
#4735=ORIENTED_EDGE('',*,*,#4734,.F.);
#4736=CARTESIAN_POINT('',(7.74,10.5,1.908695652));
#4737=DIRECTION('',(-0.,-0.,1.));
#4738=DIRECTION('',(-1.,0.,0.));
#4739=AXIS2_PLACEMENT_3D('',#4736,#4737,#4738);
#4740=CIRCLE('',#4739,3.971216417);
#4741=EDGE_CURVE('',#4728,#4677,#4740,.T.);
#4742=ORIENTED_EDGE('',*,*,#4741,.T.);
#4743=ORIENTED_EDGE('',*,*,#4683,.T.);
#4744=ORIENTED_EDGE('',*,*,#394,.F.);
#4745=EDGE_LOOP('',(#4735,#4742,#4743,#4744));
#4746=FACE_BOUND('',#4745,.T.);
#4747=ADVANCED_FACE('',(#4746),#4726,.T.);
#4748=CARTESIAN_POINT('',(-2.76,-14.125543735,1.3));
#4749=DIRECTION('',(1.,0.,0.));
#4750=DIRECTION('',(0.,0.,-1.));
#4751=AXIS2_PLACEMENT_3D('',#4748,#4749,#4750);
#4752=CYLINDRICAL_SURFACE('',#4751,0.7);
#4753=ORIENTED_EDGE('',*,*,#4716,.T.);
#4754=CARTESIAN_POINT('',(7.74,-14.471216417,1.908695652));
#4755=VERTEX_POINT('',#4754);
#4756=CARTESIAN_POINT('',(-13.26,-14.471216417,1.908695652));
#4757=DIRECTION('',(1.,0.,-0.));
#4758=VECTOR('',#4757,21.);
#4759=LINE('',#4756,#4758);
#4760=EDGE_CURVE('',#4703,#4755,#4759,.T.);
#4761=ORIENTED_EDGE('',*,*,#4760,.T.);
#4762=CARTESIAN_POINT('',(7.74,-14.125543735,1.3));
#4763=DIRECTION('',(1.,0.,0.));
#4764=DIRECTION('',(0.,0.,-1.));
#4765=AXIS2_PLACEMENT_3D('',#4762,#4763,#4764);
#4766=CIRCLE('',#4765,0.7);
#4767=EDGE_CURVE('',#363,#4755,#4766,.T.);
#4768=ORIENTED_EDGE('',*,*,#4767,.F.);
#4769=ORIENTED_EDGE('',*,*,#368,.F.);
#4770=EDGE_LOOP('',(#4753,#4761,#4768,#4769));
#4771=FACE_BOUND('',#4770,.T.);
#4772=ADVANCED_FACE('',(#4771),#4752,.T.);
#4773=CARTESIAN_POINT('',(11.365543735,-0.,1.3));
#4774=DIRECTION('',(0.,-1.,0.));
#4775=DIRECTION('',(1.,0.,0.));
#4776=AXIS2_PLACEMENT_3D('',#4773,#4774,#4775);
#4777=CYLINDRICAL_SURFACE('',#4776,0.7);
#4778=CARTESIAN_POINT('',(11.711216417,-10.5,1.908695652));
#4779=VERTEX_POINT('',#4778);
#4780=CARTESIAN_POINT('',(11.365543735,-10.5,1.3));
#4781=DIRECTION('',(0.,-1.,0.));
#4782=DIRECTION('',(0.,0.,-1.));
#4783=AXIS2_PLACEMENT_3D('',#4780,#4781,#4782);
#4784=CIRCLE('',#4783,0.7);
#4785=EDGE_CURVE('',#4779,#371,#4784,.T.);
#4786=ORIENTED_EDGE('',*,*,#4785,.F.);
#4787=CARTESIAN_POINT('',(11.711216417,-10.5,1.908695652));
#4788=DIRECTION('',(-0.,1.,-0.));
#4789=VECTOR('',#4788,21.);
#4790=LINE('',#4787,#4789);
#4791=EDGE_CURVE('',#4779,#4728,#4790,.T.);
#4792=ORIENTED_EDGE('',*,*,#4791,.T.);
#4793=ORIENTED_EDGE('',*,*,#4734,.T.);
#4794=ORIENTED_EDGE('',*,*,#385,.F.);
#4795=EDGE_LOOP('',(#4786,#4792,#4793,#4794));
#4796=FACE_BOUND('',#4795,.T.);
#4797=ADVANCED_FACE('',(#4796),#4777,.T.);
#4798=CARTESIAN_POINT('',(7.74,-10.5,1.3));
#4799=DIRECTION('',(0.,0.,-1.));
#4800=DIRECTION('',(-1.,0.,0.));
#4801=AXIS2_PLACEMENT_3D('',#4798,#4799,#4800);
#4802=TOROIDAL_SURFACE('',#4801,3.625543735,0.7);
#4803=ORIENTED_EDGE('',*,*,#4767,.T.);
#4804=CARTESIAN_POINT('',(7.74,-10.5,1.908695652));
#4805=DIRECTION('',(-0.,-0.,1.));
#4806=DIRECTION('',(-1.,0.,0.));
#4807=AXIS2_PLACEMENT_3D('',#4804,#4805,#4806);
#4808=CIRCLE('',#4807,3.971216417);
#4809=EDGE_CURVE('',#4755,#4779,#4808,.T.);
#4810=ORIENTED_EDGE('',*,*,#4809,.T.);
#4811=ORIENTED_EDGE('',*,*,#4785,.T.);
#4812=ORIENTED_EDGE('',*,*,#377,.F.);
#4813=EDGE_LOOP('',(#4803,#4810,#4811,#4812));
#4814=FACE_BOUND('',#4813,.T.);
#4815=ADVANCED_FACE('',(#4814),#4802,.T.);
#4816=CARTESIAN_POINT('',(-13.26,10.5,1.3));
#4817=DIRECTION('',(0.,0.,1.));
#4818=DIRECTION('',(1.,0.,-0.));
#4819=AXIS2_PLACEMENT_3D('',#4816,#4817,#4818);
#4820=TOROIDAL_SURFACE('',#4819,6.374456265,0.7);
#4821=CARTESIAN_POINT('',(-19.288783583,10.5,1.908695652));
#4822=VERTEX_POINT('',#4821);
#4823=CARTESIAN_POINT('',(-19.634456265,10.5,1.3));
#4824=DIRECTION('',(0.,-1.,0.));
#4825=DIRECTION('',(0.,0.,-1.));
#4826=AXIS2_PLACEMENT_3D('',#4823,#4824,#4825);
#4827=CIRCLE('',#4826,0.7);
#4828=EDGE_CURVE('',#4822,#69,#4827,.T.);
#4829=ORIENTED_EDGE('',*,*,#4828,.F.);
#4830=CARTESIAN_POINT('',(-13.26,16.528783583,1.908695652));
#4831=VERTEX_POINT('',#4830);
#4832=CARTESIAN_POINT('',(-13.26,10.5,1.908695652));
#4833=DIRECTION('',(0.,0.,-1.));
#4834=DIRECTION('',(-1.,0.,0.));
#4835=AXIS2_PLACEMENT_3D('',#4832,#4833,#4834);
#4836=CIRCLE('',#4835,6.028783583);
#4837=EDGE_CURVE('',#4822,#4831,#4836,.T.);
#4838=ORIENTED_EDGE('',*,*,#4837,.T.);
#4839=CARTESIAN_POINT('',(-13.26,16.874456265,1.3));
#4840=DIRECTION('',(1.,0.,0.));
#4841=DIRECTION('',(0.,0.,-1.));
#4842=AXIS2_PLACEMENT_3D('',#4839,#4840,#4841);
#4843=CIRCLE('',#4842,0.7);
#4844=EDGE_CURVE('',#77,#4831,#4843,.T.);
#4845=ORIENTED_EDGE('',*,*,#4844,.F.);
#4846=ORIENTED_EDGE('',*,*,#83,.F.);
#4847=EDGE_LOOP('',(#4829,#4838,#4845,#4846));
#4848=FACE_BOUND('',#4847,.T.);
#4849=ADVANCED_FACE('',(#4848),#4820,.T.);
#4850=CARTESIAN_POINT('',(-19.634456265,0.,1.3));
#4851=DIRECTION('',(-0.,-1.,0.));
#4852=DIRECTION('',(1.,-0.,0.));
#4853=AXIS2_PLACEMENT_3D('',#4850,#4851,#4852);
#4854=CYLINDRICAL_SURFACE('',#4853,0.7);
#4855=CARTESIAN_POINT('',(-19.288783583,-10.5,1.908695652));
#4856=VERTEX_POINT('',#4855);
#4857=CARTESIAN_POINT('',(-19.634456265,-10.5,1.3));
#4858=DIRECTION('',(0.,-1.,0.));
#4859=DIRECTION('',(0.,0.,-1.));
#4860=AXIS2_PLACEMENT_3D('',#4857,#4858,#4859);
#4861=CIRCLE('',#4860,0.7);
#4862=EDGE_CURVE('',#4856,#60,#4861,.T.);
#4863=ORIENTED_EDGE('',*,*,#4862,.F.);
#4864=CARTESIAN_POINT('',(-19.288783583,-10.5,1.908695652));
#4865=DIRECTION('',(0.,1.,-0.));
#4866=VECTOR('',#4865,21.);
#4867=LINE('',#4864,#4866);
#4868=EDGE_CURVE('',#4856,#4822,#4867,.T.);
#4869=ORIENTED_EDGE('',*,*,#4868,.T.);
#4870=ORIENTED_EDGE('',*,*,#4828,.T.);
#4871=ORIENTED_EDGE('',*,*,#74,.F.);
#4872=EDGE_LOOP('',(#4863,#4869,#4870,#4871));
#4873=FACE_BOUND('',#4872,.T.);
#4874=ADVANCED_FACE('',(#4873),#4854,.T.);
#4875=CARTESIAN_POINT('',(-2.76,16.874456265,1.3));
#4876=DIRECTION('',(1.,0.,0.));
#4877=DIRECTION('',(-0.,1.,0.));
#4878=AXIS2_PLACEMENT_3D('',#4875,#4876,#4877);
#4879=CYLINDRICAL_SURFACE('',#4878,0.7);
#4880=ORIENTED_EDGE('',*,*,#4844,.T.);
#4881=CARTESIAN_POINT('',(7.74,16.528783583,1.908695652));
#4882=VERTEX_POINT('',#4881);
#4883=CARTESIAN_POINT('',(-13.26,16.528783583,1.908695652));
#4884=DIRECTION('',(1.,0.,0.));
#4885=VECTOR('',#4884,21.);
#4886=LINE('',#4883,#4885);
#4887=EDGE_CURVE('',#4831,#4882,#4886,.T.);
#4888=ORIENTED_EDGE('',*,*,#4887,.T.);
#4889=CARTESIAN_POINT('',(7.74,16.874456265,1.3));
#4890=DIRECTION('',(1.,0.,0.));
#4891=DIRECTION('',(0.,0.,-1.));
#4892=AXIS2_PLACEMENT_3D('',#4889,#4890,#4891);
#4893=CIRCLE('',#4892,0.7);
#4894=EDGE_CURVE('',#86,#4882,#4893,.T.);
#4895=ORIENTED_EDGE('',*,*,#4894,.F.);
#4896=ORIENTED_EDGE('',*,*,#91,.F.);
#4897=EDGE_LOOP('',(#4880,#4888,#4895,#4896));
#4898=FACE_BOUND('',#4897,.T.);
#4899=ADVANCED_FACE('',(#4898),#4879,.T.);
#4900=CARTESIAN_POINT('',(-13.26,-10.5,1.3));
#4901=DIRECTION('',(0.,0.,1.));
#4902=DIRECTION('',(1.,0.,-0.));
#4903=AXIS2_PLACEMENT_3D('',#4900,#4901,#4902);
#4904=TOROIDAL_SURFACE('',#4903,6.374456265,0.7);
#4905=CARTESIAN_POINT('',(-13.26,-16.528783583,1.908695652));
#4906=VERTEX_POINT('',#4905);
#4907=CARTESIAN_POINT('',(-13.26,-16.874456265,1.3));
#4908=DIRECTION('',(1.,0.,0.));
#4909=DIRECTION('',(0.,0.,-1.));
#4910=AXIS2_PLACEMENT_3D('',#4907,#4908,#4909);
#4911=CIRCLE('',#4910,0.7);
#4912=EDGE_CURVE('',#4906,#52,#4911,.T.);
#4913=ORIENTED_EDGE('',*,*,#4912,.F.);
#4914=CARTESIAN_POINT('',(-13.26,-10.5,1.908695652));
#4915=DIRECTION('',(0.,0.,-1.));
#4916=DIRECTION('',(-1.,0.,0.));
#4917=AXIS2_PLACEMENT_3D('',#4914,#4915,#4916);
#4918=CIRCLE('',#4917,6.028783583);
#4919=EDGE_CURVE('',#4906,#4856,#4918,.T.);
#4920=ORIENTED_EDGE('',*,*,#4919,.T.);
#4921=ORIENTED_EDGE('',*,*,#4862,.T.);
#4922=ORIENTED_EDGE('',*,*,#66,.F.);
#4923=EDGE_LOOP('',(#4913,#4920,#4921,#4922));
#4924=FACE_BOUND('',#4923,.T.);
#4925=ADVANCED_FACE('',(#4924),#4904,.T.);
#4926=CARTESIAN_POINT('',(7.74,10.5,1.3));
#4927=DIRECTION('',(0.,0.,1.));
#4928=DIRECTION('',(1.,0.,-0.));
#4929=AXIS2_PLACEMENT_3D('',#4926,#4927,#4928);
#4930=TOROIDAL_SURFACE('',#4929,6.374456265,0.7);
#4931=ORIENTED_EDGE('',*,*,#4894,.T.);
#4932=CARTESIAN_POINT('',(13.768783583,10.5,1.908695652));
#4933=VERTEX_POINT('',#4932);
#4934=CARTESIAN_POINT('',(7.74,10.5,1.908695652));
#4935=DIRECTION('',(0.,0.,-1.));
#4936=DIRECTION('',(-1.,0.,0.));
#4937=AXIS2_PLACEMENT_3D('',#4934,#4935,#4936);
#4938=CIRCLE('',#4937,6.028783583);
#4939=EDGE_CURVE('',#4882,#4933,#4938,.T.);
#4940=ORIENTED_EDGE('',*,*,#4939,.T.);
#4941=CARTESIAN_POINT('',(14.114456265,10.5,1.3));
#4942=DIRECTION('',(0.,-1.,0.));
#4943=DIRECTION('',(0.,0.,-1.));
#4944=AXIS2_PLACEMENT_3D('',#4941,#4942,#4943);
#4945=CIRCLE('',#4944,0.7);
#4946=EDGE_CURVE('',#33,#4933,#4945,.T.);
#4947=ORIENTED_EDGE('',*,*,#4946,.F.);
#4948=ORIENTED_EDGE('',*,*,#98,.F.);
#4949=EDGE_LOOP('',(#4931,#4940,#4947,#4948));
#4950=FACE_BOUND('',#4949,.T.);
#4951=ADVANCED_FACE('',(#4950),#4930,.T.);
#4952=CARTESIAN_POINT('',(-2.76,-16.874456265,1.3));
#4953=DIRECTION('',(1.,0.,0.));
#4954=DIRECTION('',(0.,0.,-1.));
#4955=AXIS2_PLACEMENT_3D('',#4952,#4953,#4954);
#4956=CYLINDRICAL_SURFACE('',#4955,0.7);
#4957=CARTESIAN_POINT('',(7.74,-16.528783583,1.908695652));
#4958=VERTEX_POINT('',#4957);
#4959=CARTESIAN_POINT('',(7.74,-16.874456265,1.3));
#4960=DIRECTION('',(1.,0.,0.));
#4961=DIRECTION('',(0.,0.,-1.));
#4962=AXIS2_PLACEMENT_3D('',#4959,#4960,#4961);
#4963=CIRCLE('',#4962,0.7);
#4964=EDGE_CURVE('',#4958,#43,#4963,.T.);
#4965=ORIENTED_EDGE('',*,*,#4964,.F.);
#4966=CARTESIAN_POINT('',(7.74,-16.528783583,1.908695652));
#4967=DIRECTION('',(-1.,-0.,0.));
#4968=VECTOR('',#4967,21.);
#4969=LINE('',#4966,#4968);
#4970=EDGE_CURVE('',#4958,#4906,#4969,.T.);
#4971=ORIENTED_EDGE('',*,*,#4970,.T.);
#4972=ORIENTED_EDGE('',*,*,#4912,.T.);
#4973=ORIENTED_EDGE('',*,*,#57,.F.);
#4974=EDGE_LOOP('',(#4965,#4971,#4972,#4973));
#4975=FACE_BOUND('',#4974,.T.);
#4976=ADVANCED_FACE('',(#4975),#4956,.T.);
#4977=CARTESIAN_POINT('',(14.114456265,0.,1.3));
#4978=DIRECTION('',(-0.,1.,0.));
#4979=DIRECTION('',(-1.,-0.,0.));
#4980=AXIS2_PLACEMENT_3D('',#4977,#4978,#4979);
#4981=CYLINDRICAL_SURFACE('',#4980,0.7);
#4982=ORIENTED_EDGE('',*,*,#4946,.T.);
#4983=CARTESIAN_POINT('',(13.768783583,-10.5,1.908695652));
#4984=VERTEX_POINT('',#4983);
#4985=CARTESIAN_POINT('',(13.768783583,10.5,1.908695652));
#4986=DIRECTION('',(0.,-1.,-0.));
#4987=VECTOR('',#4986,21.);
#4988=LINE('',#4985,#4987);
#4989=EDGE_CURVE('',#4933,#4984,#4988,.T.);
#4990=ORIENTED_EDGE('',*,*,#4989,.T.);
#4991=CARTESIAN_POINT('',(14.114456265,-10.5,1.3));
#4992=DIRECTION('',(0.,-1.,0.));
#4993=DIRECTION('',(0.,0.,-1.));
#4994=AXIS2_PLACEMENT_3D('',#4991,#4992,#4993);
#4995=CIRCLE('',#4994,0.7);
#4996=EDGE_CURVE('',#35,#4984,#4995,.T.);
#4997=ORIENTED_EDGE('',*,*,#4996,.F.);
#4998=ORIENTED_EDGE('',*,*,#40,.F.);
#4999=EDGE_LOOP('',(#4982,#4990,#4997,#4998));
#5000=FACE_BOUND('',#4999,.T.);
#5001=ADVANCED_FACE('',(#5000),#4981,.T.);
#5002=CARTESIAN_POINT('',(7.74,-10.5,1.3));
#5003=DIRECTION('',(0.,0.,1.));
#5004=DIRECTION('',(1.,0.,-0.));
#5005=AXIS2_PLACEMENT_3D('',#5002,#5003,#5004);
#5006=TOROIDAL_SURFACE('',#5005,6.374456265,0.7);
#5007=ORIENTED_EDGE('',*,*,#4996,.T.);
#5008=CARTESIAN_POINT('',(7.74,-10.5,1.908695652));
#5009=DIRECTION('',(0.,0.,-1.));
#5010=DIRECTION('',(-1.,0.,0.));
#5011=AXIS2_PLACEMENT_3D('',#5008,#5009,#5010);
#5012=CIRCLE('',#5011,6.028783583);
#5013=EDGE_CURVE('',#4984,#4958,#5012,.T.);
#5014=ORIENTED_EDGE('',*,*,#5013,.T.);
#5015=ORIENTED_EDGE('',*,*,#4964,.T.);
#5016=ORIENTED_EDGE('',*,*,#49,.F.);
#5017=EDGE_LOOP('',(#5007,#5014,#5015,#5016));
#5018=FACE_BOUND('',#5017,.T.);
#5019=ADVANCED_FACE('',(#5018),#5006,.T.);
#5020=CARTESIAN_POINT('',(-2.76,-15.738674595,3.3));
#5021=DIRECTION('',(1.,0.,0.));
#5022=DIRECTION('',(0.,0.,-1.));
#5023=AXIS2_PLACEMENT_3D('',#5020,#5021,#5022);
#5024=CYLINDRICAL_SURFACE('',#5023,1.6);
#5025=CARTESIAN_POINT('',(-13.26,-15.738674595,3.3));
#5026=DIRECTION('',(1.,0.,0.));
#5027=DIRECTION('',(0.,0.,-1.));
#5028=AXIS2_PLACEMENT_3D('',#5025,#5026,#5027);
#5029=CIRCLE('',#5028,1.6);
#5030=EDGE_CURVE('',#4906,#4508,#5029,.T.);
#5031=ORIENTED_EDGE('',*,*,#5030,.F.);
#5032=ORIENTED_EDGE('',*,*,#4970,.F.);
#5033=CARTESIAN_POINT('',(7.74,-15.738674595,3.3));
#5034=DIRECTION('',(-1.,0.,0.));
#5035=DIRECTION('',(-0.,-1.,0.));
#5036=AXIS2_PLACEMENT_3D('',#5033,#5034,#5035);
#5037=CIRCLE('',#5036,1.6);
#5038=EDGE_CURVE('',#4517,#4958,#5037,.T.);
#5039=ORIENTED_EDGE('',*,*,#5038,.F.);
#5040=ORIENTED_EDGE('',*,*,#4522,.F.);
#5041=EDGE_LOOP('',(#5031,#5032,#5039,#5040));
#5042=FACE_BOUND('',#5041,.T.);
#5043=ADVANCED_FACE('',(#5042),#5024,.F.);
#5044=CARTESIAN_POINT('',(7.74,-10.5,3.3));
#5045=DIRECTION('',(0.,0.,-1.));
#5046=DIRECTION('',(-1.,0.,0.));
#5047=AXIS2_PLACEMENT_3D('',#5044,#5045,#5046);
#5048=TOROIDAL_SURFACE('',#5047,5.238674595,1.6);
#5049=ORIENTED_EDGE('',*,*,#5038,.T.);
#5050=ORIENTED_EDGE('',*,*,#5013,.F.);
#5051=CARTESIAN_POINT('',(12.978674595,-10.5,3.3));
#5052=DIRECTION('',(0.,-1.,0.));
#5053=DIRECTION('',(0.,0.,-1.));
#5054=AXIS2_PLACEMENT_3D('',#5051,#5052,#5053);
#5055=CIRCLE('',#5054,1.6);
#5056=EDGE_CURVE('',#4525,#4984,#5055,.T.);
#5057=ORIENTED_EDGE('',*,*,#5056,.F.);
#5058=ORIENTED_EDGE('',*,*,#4531,.F.);
#5059=EDGE_LOOP('',(#5049,#5050,#5057,#5058));
#5060=FACE_BOUND('',#5059,.T.);
#5061=ADVANCED_FACE('',(#5060),#5048,.F.);
#5062=CARTESIAN_POINT('',(-13.26,-10.5,3.3));
#5063=DIRECTION('',(0.,0.,-1.));
#5064=DIRECTION('',(-1.,0.,0.));
#5065=AXIS2_PLACEMENT_3D('',#5062,#5063,#5064);
#5066=TOROIDAL_SURFACE('',#5065,5.238674595,1.6);
#5067=ORIENTED_EDGE('',*,*,#5030,.T.);
#5068=ORIENTED_EDGE('',*,*,#4514,.F.);
#5069=CARTESIAN_POINT('',(-18.498674595,-10.5,3.3));
#5070=DIRECTION('',(0.,-1.,0.));
#5071=DIRECTION('',(0.,0.,-1.));
#5072=AXIS2_PLACEMENT_3D('',#5069,#5070,#5071);
#5073=CIRCLE('',#5072,1.6);
#5074=EDGE_CURVE('',#4856,#4500,#5073,.T.);
#5075=ORIENTED_EDGE('',*,*,#5074,.F.);
#5076=ORIENTED_EDGE('',*,*,#4919,.F.);
#5077=EDGE_LOOP('',(#5067,#5068,#5075,#5076));
#5078=FACE_BOUND('',#5077,.T.);
#5079=ADVANCED_FACE('',(#5078),#5066,.F.);
#5080=CARTESIAN_POINT('',(12.978674595,0.,3.3));
#5081=DIRECTION('',(-0.,1.,0.));
#5082=DIRECTION('',(-1.,-0.,0.));
#5083=AXIS2_PLACEMENT_3D('',#5080,#5081,#5082);
#5084=CYLINDRICAL_SURFACE('',#5083,1.6);
#5085=ORIENTED_EDGE('',*,*,#5056,.T.);
#5086=ORIENTED_EDGE('',*,*,#4989,.F.);
#5087=CARTESIAN_POINT('',(12.978674595,10.5,3.3));
#5088=DIRECTION('',(0.,-1.,0.));
#5089=DIRECTION('',(0.,0.,-1.));
#5090=AXIS2_PLACEMENT_3D('',#5087,#5088,#5089);
#5091=CIRCLE('',#5090,1.6);
#5092=EDGE_CURVE('',#4472,#4933,#5091,.T.);
#5093=ORIENTED_EDGE('',*,*,#5092,.F.);
#5094=ORIENTED_EDGE('',*,*,#4537,.F.);
#5095=EDGE_LOOP('',(#5085,#5086,#5093,#5094));
#5096=FACE_BOUND('',#5095,.T.);
#5097=ADVANCED_FACE('',(#5096),#5084,.F.);
#5098=CARTESIAN_POINT('',(-18.498674595,0.,3.3));
#5099=DIRECTION('',(-0.,-1.,0.));
#5100=DIRECTION('',(1.,-0.,0.));
#5101=AXIS2_PLACEMENT_3D('',#5098,#5099,#5100);
#5102=CYLINDRICAL_SURFACE('',#5101,1.6);
#5103=ORIENTED_EDGE('',*,*,#5074,.T.);
#5104=ORIENTED_EDGE('',*,*,#4505,.F.);
#5105=CARTESIAN_POINT('',(-18.498674595,10.5,3.3));
#5106=DIRECTION('',(0.,-1.,0.));
#5107=DIRECTION('',(0.,0.,-1.));
#5108=AXIS2_PLACEMENT_3D('',#5105,#5106,#5107);
#5109=CIRCLE('',#5108,1.6);
#5110=EDGE_CURVE('',#4822,#4491,#5109,.T.);
#5111=ORIENTED_EDGE('',*,*,#5110,.F.);
#5112=ORIENTED_EDGE('',*,*,#4868,.F.);
#5113=EDGE_LOOP('',(#5103,#5104,#5111,#5112));
#5114=FACE_BOUND('',#5113,.T.);
#5115=ADVANCED_FACE('',(#5114),#5102,.F.);
#5116=CARTESIAN_POINT('',(7.74,10.5,3.3));
#5117=DIRECTION('',(0.,0.,-1.));
#5118=DIRECTION('',(-1.,0.,0.));
#5119=AXIS2_PLACEMENT_3D('',#5116,#5117,#5118);
#5120=TOROIDAL_SURFACE('',#5119,5.238674595,1.6);
#5121=ORIENTED_EDGE('',*,*,#5092,.T.);
#5122=ORIENTED_EDGE('',*,*,#4939,.F.);
#5123=CARTESIAN_POINT('',(7.74,15.738674595,3.3));
#5124=DIRECTION('',(1.,0.,0.));
#5125=DIRECTION('',(0.,0.,-1.));
#5126=AXIS2_PLACEMENT_3D('',#5123,#5124,#5125);
#5127=CIRCLE('',#5126,1.6);
#5128=EDGE_CURVE('',#4474,#4882,#5127,.T.);
#5129=ORIENTED_EDGE('',*,*,#5128,.F.);
#5130=ORIENTED_EDGE('',*,*,#4480,.F.);
#5131=EDGE_LOOP('',(#5121,#5122,#5129,#5130));
#5132=FACE_BOUND('',#5131,.T.);
#5133=ADVANCED_FACE('',(#5132),#5120,.F.);
#5134=CARTESIAN_POINT('',(-13.26,10.5,3.3));
#5135=DIRECTION('',(0.,0.,-1.));
#5136=DIRECTION('',(-1.,0.,0.));
#5137=AXIS2_PLACEMENT_3D('',#5134,#5135,#5136);
#5138=TOROIDAL_SURFACE('',#5137,5.238674595,1.6);
#5139=ORIENTED_EDGE('',*,*,#5110,.T.);
#5140=ORIENTED_EDGE('',*,*,#4497,.F.);
#5141=CARTESIAN_POINT('',(-13.26,15.738674595,3.3));
#5142=DIRECTION('',(-1.,0.,0.));
#5143=DIRECTION('',(0.,0.,1.));
#5144=AXIS2_PLACEMENT_3D('',#5141,#5142,#5143);
#5145=CIRCLE('',#5144,1.6);
#5146=EDGE_CURVE('',#4831,#4483,#5145,.T.);
#5147=ORIENTED_EDGE('',*,*,#5146,.F.);
#5148=ORIENTED_EDGE('',*,*,#4837,.F.);
#5149=EDGE_LOOP('',(#5139,#5140,#5147,#5148));
#5150=FACE_BOUND('',#5149,.T.);
#5151=ADVANCED_FACE('',(#5150),#5138,.F.);
#5152=CARTESIAN_POINT('',(-2.76,15.738674595,3.3));
#5153=DIRECTION('',(1.,0.,0.));
#5154=DIRECTION('',(-0.,1.,0.));
#5155=AXIS2_PLACEMENT_3D('',#5152,#5153,#5154);
#5156=CYLINDRICAL_SURFACE('',#5155,1.6);
#5157=ORIENTED_EDGE('',*,*,#5128,.T.);
#5158=ORIENTED_EDGE('',*,*,#4887,.F.);
#5159=ORIENTED_EDGE('',*,*,#5146,.T.);
#5160=ORIENTED_EDGE('',*,*,#4488,.F.);
#5161=EDGE_LOOP('',(#5157,#5158,#5159,#5160));
#5162=FACE_BOUND('',#5161,.T.);
#5163=ADVANCED_FACE('',(#5162),#5156,.F.);
#5164=CARTESIAN_POINT('',(12.501325405,0.,3.3));
#5165=DIRECTION('',(0.,-1.,0.));
#5166=DIRECTION('',(1.,0.,0.));
#5167=AXIS2_PLACEMENT_3D('',#5164,#5165,#5166);
#5168=CYLINDRICAL_SURFACE('',#5167,1.6);
#5169=CARTESIAN_POINT('',(12.501325405,10.5,3.3));
#5170=DIRECTION('',(0.,-1.,0.));
#5171=DIRECTION('',(0.,0.,-1.));
#5172=AXIS2_PLACEMENT_3D('',#5169,#5170,#5171);
#5173=CIRCLE('',#5172,1.6);
#5174=EDGE_CURVE('',#4728,#4578,#5173,.T.);
#5175=ORIENTED_EDGE('',*,*,#5174,.F.);
#5176=ORIENTED_EDGE('',*,*,#4791,.F.);
#5177=CARTESIAN_POINT('',(12.501325405,-10.5,3.3));
#5178=DIRECTION('',(0.,1.,0.));
#5179=DIRECTION('',(0.,-0.,1.));
#5180=AXIS2_PLACEMENT_3D('',#5177,#5178,#5179);
#5181=CIRCLE('',#5180,1.6);
#5182=EDGE_CURVE('',#4587,#4779,#5181,.T.);
#5183=ORIENTED_EDGE('',*,*,#5182,.F.);
#5184=ORIENTED_EDGE('',*,*,#4592,.F.);
#5185=EDGE_LOOP('',(#5175,#5176,#5183,#5184));
#5186=FACE_BOUND('',#5185,.T.);
#5187=ADVANCED_FACE('',(#5186),#5168,.F.);
#5188=CARTESIAN_POINT('',(7.74,-10.5,3.3));
#5189=DIRECTION('',(0.,0.,1.));
#5190=DIRECTION('',(1.,0.,-0.));
#5191=AXIS2_PLACEMENT_3D('',#5188,#5189,#5190);
#5192=TOROIDAL_SURFACE('',#5191,4.761325405,1.6);
#5193=ORIENTED_EDGE('',*,*,#5182,.T.);
#5194=ORIENTED_EDGE('',*,*,#4809,.F.);
#5195=CARTESIAN_POINT('',(7.74,-15.261325405,3.3));
#5196=DIRECTION('',(1.,0.,0.));
#5197=DIRECTION('',(0.,0.,-1.));
#5198=AXIS2_PLACEMENT_3D('',#5195,#5196,#5197);
#5199=CIRCLE('',#5198,1.6);
#5200=EDGE_CURVE('',#4595,#4755,#5199,.T.);
#5201=ORIENTED_EDGE('',*,*,#5200,.F.);
#5202=ORIENTED_EDGE('',*,*,#4601,.F.);
#5203=EDGE_LOOP('',(#5193,#5194,#5201,#5202));
#5204=FACE_BOUND('',#5203,.T.);
#5205=ADVANCED_FACE('',(#5204),#5192,.F.);
#5206=CARTESIAN_POINT('',(7.74,10.5,3.3));
#5207=DIRECTION('',(0.,0.,1.));
#5208=DIRECTION('',(1.,0.,-0.));
#5209=AXIS2_PLACEMENT_3D('',#5206,#5207,#5208);
#5210=TOROIDAL_SURFACE('',#5209,4.761325405,1.6);
#5211=ORIENTED_EDGE('',*,*,#5174,.T.);
#5212=ORIENTED_EDGE('',*,*,#4584,.F.);
#5213=CARTESIAN_POINT('',(7.74,15.261325405,3.3));
#5214=DIRECTION('',(1.,-0.,-0.));
#5215=DIRECTION('',(-0.,0.,-1.));
#5216=AXIS2_PLACEMENT_3D('',#5213,#5214,#5215);
#5217=CIRCLE('',#5216,1.6);
#5218=EDGE_CURVE('',#4677,#4570,#5217,.T.);
#5219=ORIENTED_EDGE('',*,*,#5218,.F.);
#5220=ORIENTED_EDGE('',*,*,#4741,.F.);
#5221=EDGE_LOOP('',(#5211,#5212,#5219,#5220));
#5222=FACE_BOUND('',#5221,.T.);
#5223=ADVANCED_FACE('',(#5222),#5210,.F.);
#5224=CARTESIAN_POINT('',(-2.76,-15.261325405,3.3));
#5225=DIRECTION('',(1.,0.,0.));
#5226=DIRECTION('',(0.,0.,-1.));
#5227=AXIS2_PLACEMENT_3D('',#5224,#5225,#5226);
#5228=CYLINDRICAL_SURFACE('',#5227,1.6);
#5229=ORIENTED_EDGE('',*,*,#5200,.T.);
#5230=ORIENTED_EDGE('',*,*,#4760,.F.);
#5231=CARTESIAN_POINT('',(-13.26,-15.261325405,3.3));
#5232=DIRECTION('',(1.,0.,0.));
#5233=DIRECTION('',(0.,0.,-1.));
#5234=AXIS2_PLACEMENT_3D('',#5231,#5232,#5233);
#5235=CIRCLE('',#5234,1.6);
#5236=EDGE_CURVE('',#4542,#4703,#5235,.T.);
#5237=ORIENTED_EDGE('',*,*,#5236,.F.);
#5238=ORIENTED_EDGE('',*,*,#4607,.F.);
#5239=EDGE_LOOP('',(#5229,#5230,#5237,#5238));
#5240=FACE_BOUND('',#5239,.T.);
#5241=ADVANCED_FACE('',(#5240),#5228,.F.);
#5242=CARTESIAN_POINT('',(-2.76,15.261325405,3.3));
#5243=DIRECTION('',(1.,0.,0.));
#5244=DIRECTION('',(-0.,1.,0.));
#5245=AXIS2_PLACEMENT_3D('',#5242,#5243,#5244);
#5246=CYLINDRICAL_SURFACE('',#5245,1.6);
#5247=ORIENTED_EDGE('',*,*,#5218,.T.);
#5248=ORIENTED_EDGE('',*,*,#4575,.F.);
#5249=CARTESIAN_POINT('',(-13.26,15.261325405,3.3));
#5250=DIRECTION('',(1.,0.,0.));
#5251=DIRECTION('',(0.,0.,-1.));
#5252=AXIS2_PLACEMENT_3D('',#5249,#5250,#5251);
#5253=CIRCLE('',#5252,1.6);
#5254=EDGE_CURVE('',#4618,#4561,#5253,.T.);
#5255=ORIENTED_EDGE('',*,*,#5254,.F.);
#5256=ORIENTED_EDGE('',*,*,#4689,.F.);
#5257=EDGE_LOOP('',(#5247,#5248,#5255,#5256));
#5258=FACE_BOUND('',#5257,.T.);
#5259=ADVANCED_FACE('',(#5258),#5246,.F.);
#5260=CARTESIAN_POINT('',(-13.26,-10.5,3.3));
#5261=DIRECTION('',(0.,0.,1.));
#5262=DIRECTION('',(1.,0.,-0.));
#5263=AXIS2_PLACEMENT_3D('',#5260,#5261,#5262);
#5264=TOROIDAL_SURFACE('',#5263,4.761325405,1.6);
#5265=ORIENTED_EDGE('',*,*,#5236,.T.);
#5266=ORIENTED_EDGE('',*,*,#4709,.F.);
#5267=CARTESIAN_POINT('',(-18.021325405,-10.5,3.3));
#5268=DIRECTION('',(0.,-1.,0.));
#5269=DIRECTION('',(0.,0.,-1.));
#5270=AXIS2_PLACEMENT_3D('',#5267,#5268,#5269);
#5271=CIRCLE('',#5270,1.6);
#5272=EDGE_CURVE('',#4544,#4653,#5271,.T.);
#5273=ORIENTED_EDGE('',*,*,#5272,.F.);
#5274=ORIENTED_EDGE('',*,*,#4550,.F.);
#5275=EDGE_LOOP('',(#5265,#5266,#5273,#5274));
#5276=FACE_BOUND('',#5275,.T.);
#5277=ADVANCED_FACE('',(#5276),#5264,.F.);
#5278=CARTESIAN_POINT('',(-13.26,10.5,3.3));
#5279=DIRECTION('',(0.,0.,1.));
#5280=DIRECTION('',(1.,0.,-0.));
#5281=AXIS2_PLACEMENT_3D('',#5278,#5279,#5280);
#5282=TOROIDAL_SURFACE('',#5281,4.761325405,1.6);
#5283=ORIENTED_EDGE('',*,*,#5254,.T.);
#5284=ORIENTED_EDGE('',*,*,#4567,.F.);
#5285=CARTESIAN_POINT('',(-18.021325405,10.5,3.3));
#5286=DIRECTION('',(0.,1.,0.));
#5287=DIRECTION('',(0.,-0.,1.));
#5288=AXIS2_PLACEMENT_3D('',#5285,#5286,#5287);
#5289=CIRCLE('',#5288,1.6);
#5290=EDGE_CURVE('',#4627,#4553,#5289,.T.);
#5291=ORIENTED_EDGE('',*,*,#5290,.F.);
#5292=ORIENTED_EDGE('',*,*,#4633,.F.);
#5293=EDGE_LOOP('',(#5283,#5284,#5291,#5292));
#5294=FACE_BOUND('',#5293,.T.);
#5295=ADVANCED_FACE('',(#5294),#5282,.F.);
#5296=CARTESIAN_POINT('',(-18.021325405,0.,3.3));
#5297=DIRECTION('',(-0.,-1.,0.));
#5298=DIRECTION('',(1.,-0.,0.));
#5299=AXIS2_PLACEMENT_3D('',#5296,#5297,#5298);
#5300=CYLINDRICAL_SURFACE('',#5299,1.6);
#5301=ORIENTED_EDGE('',*,*,#5272,.T.);
#5302=ORIENTED_EDGE('',*,*,#4658,.F.);
#5303=ORIENTED_EDGE('',*,*,#5290,.T.);
#5304=ORIENTED_EDGE('',*,*,#4558,.F.);
#5305=EDGE_LOOP('',(#5301,#5302,#5303,#5304));
#5306=FACE_BOUND('',#5305,.T.);
#5307=ADVANCED_FACE('',(#5306),#5300,.F.);
#5308=CARTESIAN_POINT('',(-13.26,10.5,1.4));
#5309=DIRECTION('',(0.,0.,1.));
#5310=DIRECTION('',(1.,0.,-0.));
#5311=AXIS2_PLACEMENT_3D('',#5308,#5309,#5310);
#5312=TOROIDAL_SURFACE('',#5311,3.6,0.6);
#5313=CARTESIAN_POINT('',(-16.86,10.5,1.4));
#5314=DIRECTION('',(0.,-1.,0.));
#5315=DIRECTION('',(0.,0.,-1.));
#5316=AXIS2_PLACEMENT_3D('',#5313,#5314,#5315);
#5317=CIRCLE('',#5316,0.6);
#5318=EDGE_CURVE('',#1561,#327,#5317,.T.);
#5319=ORIENTED_EDGE('',*,*,#5318,.F.);
#5320=ORIENTED_EDGE('',*,*,#1567,.F.);
#5321=CARTESIAN_POINT('',(-13.26,14.1,1.4));
#5322=DIRECTION('',(1.,0.,0.));
#5323=DIRECTION('',(0.,0.,-1.));
#5324=AXIS2_PLACEMENT_3D('',#5321,#5322,#5323);
#5325=CIRCLE('',#5324,0.6);
#5326=EDGE_CURVE('',#335,#1537,#5325,.T.);
#5327=ORIENTED_EDGE('',*,*,#5326,.F.);
#5328=ORIENTED_EDGE('',*,*,#341,.F.);
#5329=EDGE_LOOP('',(#5319,#5320,#5327,#5328));
#5330=FACE_BOUND('',#5329,.T.);
#5331=ADVANCED_FACE('',(#5330),#5312,.T.);
#5332=CARTESIAN_POINT('',(-2.76,14.1,1.4));
#5333=DIRECTION('',(-1.,0.,0.));
#5334=DIRECTION('',(0.,0.,1.));
#5335=AXIS2_PLACEMENT_3D('',#5332,#5333,#5334);
#5336=CYLINDRICAL_SURFACE('',#5335,0.6);
#5337=ORIENTED_EDGE('',*,*,#5326,.T.);
#5338=ORIENTED_EDGE('',*,*,#1542,.F.);
#5339=CARTESIAN_POINT('',(7.74,14.1,1.4));
#5340=DIRECTION('',(1.,0.,0.));
#5341=DIRECTION('',(0.,0.,-1.));
#5342=AXIS2_PLACEMENT_3D('',#5339,#5340,#5341);
#5343=CIRCLE('',#5342,0.6);
#5344=EDGE_CURVE('',#344,#1512,#5343,.T.);
#5345=ORIENTED_EDGE('',*,*,#5344,.F.);
#5346=ORIENTED_EDGE('',*,*,#349,.F.);
#5347=EDGE_LOOP('',(#5337,#5338,#5345,#5346));
#5348=FACE_BOUND('',#5347,.T.);
#5349=ADVANCED_FACE('',(#5348),#5336,.T.);
#5350=CARTESIAN_POINT('',(-16.86,0.,1.4));
#5351=DIRECTION('',(0.,-1.,0.));
#5352=DIRECTION('',(0.,0.,-1.));
#5353=AXIS2_PLACEMENT_3D('',#5350,#5351,#5352);
#5354=CYLINDRICAL_SURFACE('',#5353,0.6);
#5355=ORIENTED_EDGE('',*,*,#5318,.T.);
#5356=ORIENTED_EDGE('',*,*,#332,.F.);
#5357=CARTESIAN_POINT('',(-16.86,-10.5,1.4));
#5358=DIRECTION('',(0.,-1.,0.));
#5359=DIRECTION('',(0.,0.,-1.));
#5360=AXIS2_PLACEMENT_3D('',#5357,#5358,#5359);
#5361=CIRCLE('',#5360,0.6);
#5362=EDGE_CURVE('',#1586,#318,#5361,.T.);
#5363=ORIENTED_EDGE('',*,*,#5362,.F.);
#5364=ORIENTED_EDGE('',*,*,#1591,.F.);
#5365=EDGE_LOOP('',(#5355,#5356,#5363,#5364));
#5366=FACE_BOUND('',#5365,.T.);
#5367=ADVANCED_FACE('',(#5366),#5354,.T.);
#5368=CARTESIAN_POINT('',(7.74,10.5,1.4));
#5369=DIRECTION('',(0.,0.,1.));
#5370=DIRECTION('',(1.,0.,-0.));
#5371=AXIS2_PLACEMENT_3D('',#5368,#5369,#5370);
#5372=TOROIDAL_SURFACE('',#5371,3.6,0.6);
#5373=ORIENTED_EDGE('',*,*,#5344,.T.);
#5374=ORIENTED_EDGE('',*,*,#1518,.F.);
#5375=CARTESIAN_POINT('',(11.34,10.5,1.4));
#5376=DIRECTION('',(0.,-1.,0.));
#5377=DIRECTION('',(1.,0.,0.));
#5378=AXIS2_PLACEMENT_3D('',#5375,#5376,#5377);
#5379=CIRCLE('',#5378,0.6);
#5380=EDGE_CURVE('',#291,#1488,#5379,.T.);
#5381=ORIENTED_EDGE('',*,*,#5380,.F.);
#5382=ORIENTED_EDGE('',*,*,#356,.F.);
#5383=EDGE_LOOP('',(#5373,#5374,#5381,#5382));
#5384=FACE_BOUND('',#5383,.T.);
#5385=ADVANCED_FACE('',(#5384),#5372,.T.);
#5386=CARTESIAN_POINT('',(-13.26,-10.5,1.4));
#5387=DIRECTION('',(0.,0.,1.));
#5388=DIRECTION('',(1.,0.,-0.));
#5389=AXIS2_PLACEMENT_3D('',#5386,#5387,#5388);
#5390=TOROIDAL_SURFACE('',#5389,3.6,0.6);
#5391=ORIENTED_EDGE('',*,*,#5362,.T.);
#5392=ORIENTED_EDGE('',*,*,#324,.F.);
#5393=CARTESIAN_POINT('',(-13.26,-14.1,1.4));
#5394=DIRECTION('',(1.,0.,0.));
#5395=DIRECTION('',(0.,0.,-1.));
#5396=AXIS2_PLACEMENT_3D('',#5393,#5394,#5395);
#5397=CIRCLE('',#5396,0.6);
#5398=EDGE_CURVE('',#1609,#310,#5397,.T.);
#5399=ORIENTED_EDGE('',*,*,#5398,.F.);
#5400=ORIENTED_EDGE('',*,*,#1638,.F.);
#5401=EDGE_LOOP('',(#5391,#5392,#5399,#5400));
#5402=FACE_BOUND('',#5401,.T.);
#5403=ADVANCED_FACE('',(#5402),#5390,.T.);
#5404=CARTESIAN_POINT('',(11.34,0.,1.4));
#5405=DIRECTION('',(0.,1.,0.));
#5406=DIRECTION('',(0.,-0.,1.));
#5407=AXIS2_PLACEMENT_3D('',#5404,#5405,#5406);
#5408=CYLINDRICAL_SURFACE('',#5407,0.6);
#5409=ORIENTED_EDGE('',*,*,#5380,.T.);
#5410=ORIENTED_EDGE('',*,*,#1493,.F.);
#5411=CARTESIAN_POINT('',(11.34,-10.5,1.4));
#5412=DIRECTION('',(0.,-1.,0.));
#5413=DIRECTION('',(0.,0.,-1.));
#5414=AXIS2_PLACEMENT_3D('',#5411,#5412,#5413);
#5415=CIRCLE('',#5414,0.6);
#5416=EDGE_CURVE('',#293,#1463,#5415,.T.);
#5417=ORIENTED_EDGE('',*,*,#5416,.F.);
#5418=ORIENTED_EDGE('',*,*,#298,.F.);
#5419=EDGE_LOOP('',(#5409,#5410,#5417,#5418));
#5420=FACE_BOUND('',#5419,.T.);
#5421=ADVANCED_FACE('',(#5420),#5408,.T.);
#5422=CARTESIAN_POINT('',(0.,-14.1,1.4));
#5423=DIRECTION('',(1.,0.,0.));
#5424=DIRECTION('',(0.,0.,-1.));
#5425=AXIS2_PLACEMENT_3D('',#5422,#5423,#5424);
#5426=CYLINDRICAL_SURFACE('',#5425,0.6);
#5427=ORIENTED_EDGE('',*,*,#5398,.T.);
#5428=ORIENTED_EDGE('',*,*,#315,.F.);
#5429=CARTESIAN_POINT('',(7.74,-14.1,1.4));
#5430=DIRECTION('',(1.,0.,-0.));
#5431=DIRECTION('',(-0.,0.,-1.));
#5432=AXIS2_PLACEMENT_3D('',#5429,#5430,#5431);
#5433=CIRCLE('',#5432,0.6);
#5434=EDGE_CURVE('',#1455,#301,#5433,.T.);
#5435=ORIENTED_EDGE('',*,*,#5434,.F.);
#5436=ORIENTED_EDGE('',*,*,#1620,.F.);
#5437=EDGE_LOOP('',(#5427,#5428,#5435,#5436));
#5438=FACE_BOUND('',#5437,.T.);
#5439=ADVANCED_FACE('',(#5438),#5426,.T.);
#5440=CARTESIAN_POINT('',(7.74,-10.5,1.4));
#5441=DIRECTION('',(0.,0.,1.));
#5442=DIRECTION('',(1.,0.,-0.));
#5443=AXIS2_PLACEMENT_3D('',#5440,#5441,#5442);
#5444=TOROIDAL_SURFACE('',#5443,3.6,0.6);
#5445=ORIENTED_EDGE('',*,*,#5416,.T.);
#5446=ORIENTED_EDGE('',*,*,#1469,.F.);
#5447=ORIENTED_EDGE('',*,*,#5434,.T.);
#5448=ORIENTED_EDGE('',*,*,#307,.F.);
#5449=EDGE_LOOP('',(#5445,#5446,#5447,#5448));
#5450=FACE_BOUND('',#5449,.T.);
#5451=ADVANCED_FACE('',(#5450),#5444,.T.);
#5452=CARTESIAN_POINT('',(-22.192603636,8.2,1.740040663));
#5453=DIRECTION('',(0.,1.,0.));
#5454=DIRECTION('',(0.,-0.,1.));
#5455=AXIS2_PLACEMENT_3D('',#5452,#5453,#5454);
#5456=CYLINDRICAL_SURFACE('',#5455,0.2);
#5457=ORIENTED_EDGE('',*,*,#2915,.T.);
#5458=ORIENTED_EDGE('',*,*,#2798,.F.);
#5459=ORIENTED_EDGE('',*,*,#2836,.F.);
#5460=ORIENTED_EDGE('',*,*,#2870,.F.);
#5461=EDGE_LOOP('',(#5457,#5458,#5459,#5460));
#5462=FACE_BOUND('',#5461,.T.);
#5463=ADVANCED_FACE('',(#5462),#5456,.F.);
#5464=CARTESIAN_POINT('',(18.220480387,16.9,0.9));
#5465=DIRECTION('',(0.,0.,1.));
#5466=DIRECTION('',(1.,0.,-0.));
#5467=AXIS2_PLACEMENT_3D('',#5464,#5465,#5466);
#5468=CYLINDRICAL_SURFACE('',#5467,0.4);
#5469=ORIENTED_EDGE('',*,*,#3723,.F.);
#5470=ORIENTED_EDGE('',*,*,#1008,.T.);
#5471=ORIENTED_EDGE('',*,*,#3763,.F.);
#5472=ORIENTED_EDGE('',*,*,#3846,.F.);
#5473=EDGE_LOOP('',(#5469,#5470,#5471,#5472));
#5474=FACE_BOUND('',#5473,.T.);
#5475=ADVANCED_FACE('',(#5474),#5468,.T.);
#5476=CARTESIAN_POINT('',(18.220480387,-16.9,0.9));
#5477=DIRECTION('',(0.,0.,1.));
#5478=DIRECTION('',(1.,0.,-0.));
#5479=AXIS2_PLACEMENT_3D('',#5476,#5477,#5478);
#5480=CYLINDRICAL_SURFACE('',#5479,0.35);
#5481=ORIENTED_EDGE('',*,*,#4076,.F.);
#5482=ORIENTED_EDGE('',*,*,#528,.T.);
#5483=ORIENTED_EDGE('',*,*,#4124,.F.);
#5484=ORIENTED_EDGE('',*,*,#4449,.F.);
#5485=EDGE_LOOP('',(#5481,#5482,#5483,#5484));
#5486=FACE_BOUND('',#5485,.T.);
#5487=ADVANCED_FACE('',(#5486),#5480,.T.);
#5488=CLOSED_SHELL('',(#284,#430,#467,#504,#1099,#1209,#1242,#1275,#1309,#1343,#1379,#1415,#1448,#1480,#1504,#1529,#1553,#1578,#1602,#1626,#1644,#1662,#1695,#1713,#1731,#1749,
#1767,#1872,#1884,#1901,#1925,#1942,#1955,#1968,#2000,#2038,#2054,#2077,#2115,#2140,#2157,#2229,#2241,#2253,#2272,#2466,#2484,#2502,#2520,#2654,#2667,
#2679,#2711,#2735,#2760,#2777,#2818,#2842,#2876,#2893,#2905,#2922,#2956,#2990,#3016,#3042,#3093,#3103,#3154,#3164,#3183,#3201,#3220,#3238,#3269,#3293,
#3317,#3348,#3372,#3396,#3413,#3430,#3448,#3479,#3504,#3528,#3553,#3588,#3613,#3637,#3662,#3686,#3711,#3736,#3767,#3802,#3820,#3852,#3884,#3908,#3933,
#3957,#3982,#4006,#4031,#4048,#4064,#4096,#4128,#4152,#4177,#4201,#4226,#4258,#4283,#4307,#4332,#4356,#4381,#4416,#4433,#4465,#4611,#4645,#4670,#4695,
#4721,#4747,#4772,#4797,#4815,#4849,#4874,#4899,#4925,#4951,#4976,#5001,#5019,#5043,#5061,#5079,#5097,#5115,#5133,#5151,#5163,#5187,#5205,#5223,#5241,
#5259,#5277,#5295,#5307,#5331,#5349,#5367,#5385,#5403,#5421,#5439,#5451,#5463,#5475,#5487));
#5489=MANIFOLD_SOLID_BREP('top plate (E-ink)',#5488);
#5490=DRAUGHTING_PRE_DEFINED_COLOUR('white');
#5491=FILL_AREA_STYLE_COLOUR('',#5490);
#5492=FILL_AREA_STYLE('',(#5491));
#5493=SURFACE_STYLE_FILL_AREA(#5492);
#5494=SURFACE_SIDE_STYLE('',(#5493));
#5495=SURFACE_STYLE_USAGE(.BOTH.,#5494);
#5496=PRESENTATION_STYLE_ASSIGNMENT((#5495));
#26=STYLED_ITEM('',(#5496),#5489);
#16=SHAPE_REPRESENTATION('top plate (E-ink)',(#15),#10);
#17=ADVANCED_BREP_SHAPE_REPRESENTATION('top plate (E-ink)',(#5489),#10);
#5504=SHAPE_REPRESENTATION_RELATIONSHIP('','',#16,#17);
#5505=CARTESIAN_POINT('',(0.,0.,0.));
#5506=DIRECTION('',(0.,0.,1.));
#5507=DIRECTION('',(1.,0.,0.));
#5508=AXIS2_PLACEMENT_3D('',#5505,#5506,#5507);
#5510=MAPPED_ITEM('',#5509,#5508);
#5509=REPRESENTATION_MAP(#5508,#16);
#5511=APPLICATION_CONTEXT('Managed model based 3d engineering');
#5512=APPLICATION_PROTOCOL_DEFINITION('international standard','ap242_managed_model_based_3d_engineering',2014,#5511);
#5513=PRODUCT_CONTEXT('',#5511,'mechanical');
#5514=PRODUCT_DEFINITION_CONTEXT('part definition',#5511,'design');
#24=PRODUCT('top plate (E-ink)','top plate (E-ink)','',(#5513));
#5515=PRODUCT_RELATED_PRODUCT_CATEGORY('part','',(#24));
#5516=PRODUCT_DEFINITION_FORMATION_WITH_SPECIFIED_SOURCE('','',#24,.NOT_KNOWN.);
#25=PRODUCT_DEFINITION('design','',#5516,#5514);
#23=PRODUCT_DEFINITION_SHAPE('','',#25);
#5517=SHAPE_DEFINITION_REPRESENTATION(#23,#16);
#11=DRAUGHTING_MODEL('',(#5510),#10);
#5518=DESCRIPTIVE_REPRESENTATION_ITEM('KEY','/Users/sanyamsaharan/Library/Containers/com.shapr3d.shapr/Data/tmp/C2853ABD-B069-40EE-B510-215706F18DEF.tmp');
#5519=PROPERTY_DEFINITION('KEY','',#25);
#5520=REPRESENTATION('',(#5518),#10);
#5521=PROPERTY_DEFINITION_REPRESENTATION(#5519,#5520);
#5522=GENERAL_PROPERTY('','KEY','');
#5523=GENERAL_PROPERTY_ASSOCIATION('','',#5522,#5519);
#1=MECHANICAL_DESIGN_GEOMETRIC_PRESENTATION_REPRESENTATION('',(#26),#10);
ENDSEC;
END-ISO-10303-21;
