ISO-10303-21;
HEADER;

/* File generated by Shapr3D Version 26.10.10376.0 */

FILE_DESCRIPTION(('HOOPS Exchange Step'),'2;1');

FILE_NAME('C:\\Users\\sanya\\AppData\\Local\\Packages\\Shapr3D.Shapr3D_dvv5p1vgwv6mp\\TempState\\export\\temp_export',
'2026-02-15T11:52:47+11:00',
('sanya'),
('Shapr3D Limited'),
'HOOPS Exchange 2025.9',
'Shapr3D',
'Authorized');

FILE_SCHEMA( ('AP242_MANAGED_MODEL_BASED_3D_ENGINEERING_MIM_LF {1 0 10303 442 1 1 4}') );

ENDSEC;

DATA;
#3=(NAMED_UNIT(*)PLANE_ANGLE_UNIT()SI_UNIT($,.RADIAN.));
#4=PLANE_ANGLE_MEASURE_WITH_UNIT(PLANE_ANGLE_MEASURE(0.0174532925),#3);
#5=(CONVERSION_BASED_UNIT('DEGREE',#4)NAMED_UNIT(#6)PLANE_ANGLE_UNIT());
#6=DIMENSIONAL_EXPONENTS(0.,0.,0.,0.,0.,0.,0.);
#7=(NAMED_UNIT(*)SI_UNIT($,.STERADIAN.)SOLID_ANGLE_UNIT());
#8=(LENGTH_UNIT()NAMED_UNIT(*)SI_UNIT(.MILLI.,.METRE.));
#9=UNCERTAINTY_MEASURE_WITH_UNIT(LENGTH_MEASURE(1.000000E-05),#8,'DISTANCE_ACCURACY_VALUE','Maximum Tolerance applied to model');
#10=(GEOMETRIC_REPRESENTATION_CONTEXT(3)GLOBAL_UNCERTAINTY_ASSIGNED_CONTEXT((#9))GLOBAL_UNIT_ASSIGNED_CONTEXT((#8,#5,#7))REPRESENTATION_CONTEXT('','main case (end battery)'));
#12=CARTESIAN_POINT('',(0.,0.,0.));
#13=DIRECTION('',(0.,0.,1.));
#14=DIRECTION('',(1.,0.,0.));
#15=AXIS2_PLACEMENT_3D('',#12,#13,#14);
#27=CARTESIAN_POINT('',(-44.964418122,-14.182699176,-33.958515389));
#28=DIRECTION('',(-0.866025404,0.,0.5));
#29=DIRECTION('',(-0.5,0.,-0.866025404));
#30=AXIS2_PLACEMENT_3D('',#27,#28,#29);
#31=CYLINDRICAL_SURFACE('',#30,1.317300824);
#32=CARTESIAN_POINT('',(-46.852809832,-15.369359284,-32.207828579));
#33=VERTEX_POINT('',#32);
#34=CARTESIAN_POINT('',(-47.13878153,-15.5,-32.70314609));
#35=VERTEX_POINT('',#34);
#36=CARTESIAN_POINT('',(-47.13878153,-14.182699176,-32.70314609));
#37=DIRECTION('',(0.866025404,-0.,-0.5));
#38=DIRECTION('',(0.5,0.,0.866025404));
#39=AXIS2_PLACEMENT_3D('',#36,#37,#38);
#40=CIRCLE('',#39,1.317300824);
#41=EDGE_CURVE('',#33,#35,#40,.T.);
#42=ORIENTED_EDGE('',*,*,#41,.F.);
#43=CARTESIAN_POINT('',(-47.285822533,-15.369359284,-31.957828579));
#44=VERTEX_POINT('',#43);
#45=CARTESIAN_POINT('',(-47.285822533,-15.369359284,-31.957828579));
#46=DIRECTION('',(0.866025404,0.,-0.5));
#47=VECTOR('',#46,0.5);
#48=LINE('',#45,#47);
#49=EDGE_CURVE('',#44,#33,#48,.T.);
#50=ORIENTED_EDGE('',*,*,#49,.F.);
#51=CARTESIAN_POINT('',(-46.91314382,-14.182699176,-31.312330112));
#52=VERTEX_POINT('',#51);
#53=CARTESIAN_POINT('',(-47.571794232,-14.182699176,-32.45314609));
#54=DIRECTION('',(0.866025404,0.,-0.5));
#55=DIRECTION('',(-0.5,0.,-0.866025404));
#56=AXIS2_PLACEMENT_3D('',#53,#54,#55);
#57=CIRCLE('',#56,1.317300824);
#58=EDGE_CURVE('',#52,#44,#57,.T.);
#59=ORIENTED_EDGE('',*,*,#58,.F.);
#60=CARTESIAN_POINT('',(-44.307499761,-14.182699176,-32.816699411));
#61=VERTEX_POINT('',#60);
#62=CARTESIAN_POINT('',(-44.307499761,-14.182699176,-32.816699411));
#63=DIRECTION('',(-0.866025404,0.,0.5));
#64=VECTOR('',#63,3.008738598);
#65=LINE('',#62,#64);
#66=EDGE_CURVE('',#61,#52,#65,.T.);
#67=ORIENTED_EDGE('',*,*,#66,.F.);
#68=CARTESIAN_POINT('',(-44.965498222,-15.499999355,-33.956386178));
#69=VERTEX_POINT('',#68);
#70=CARTESIAN_POINT('',(-44.966150173,-14.182699176,-33.957515389));
#71=DIRECTION('',(0.866025404,-0.,-0.5));
#72=DIRECTION('',(0.5,-0.,0.866025404));
#73=AXIS2_PLACEMENT_3D('',#70,#71,#72);
#74=CIRCLE('',#73,1.317300824);
#75=EDGE_CURVE('',#61,#69,#74,.T.);
#76=ORIENTED_EDGE('',*,*,#75,.T.);
#77=CARTESIAN_POINT('',(-44.966150173,-15.5,-33.957515389));
#78=VERTEX_POINT('',#77);
#79=CARTESIAN_POINT('',(-44.966150173,-15.5,-33.957515389));
#80=DIRECTION('',(0.5,0.,0.866025404));
#81=VECTOR('',#80,0.001303901);
#82=LINE('',#79,#81);
#83=EDGE_CURVE('',#78,#69,#82,.T.);
#84=ORIENTED_EDGE('',*,*,#83,.F.);
#85=CARTESIAN_POINT('',(-44.966150173,-15.5,-33.957515389));
#86=DIRECTION('',(-0.866025404,0.,0.5));
#87=VECTOR('',#86,2.508738598);
#88=LINE('',#85,#87);
#89=EDGE_CURVE('',#78,#35,#88,.T.);
#90=ORIENTED_EDGE('',*,*,#89,.T.);
#91=EDGE_LOOP('',(#42,#50,#59,#67,#76,#84,#90));
#92=FACE_BOUND('',#91,.T.);
#93=ADVANCED_FACE('',(#92),#31,.F.);
#94=CARTESIAN_POINT('',(-4.851283219,-15.5,-33.961013026));
#95=DIRECTION('',(0.,-1.,0.));
#96=DIRECTION('',(0.866025404,0.,-0.5));
#97=AXIS2_PLACEMENT_3D('',#94,#95,#96);
#98=PLANE('',#97);
#99=CARTESIAN_POINT('',(-53.638129578,-15.5,-43.960347129));
#100=VERTEX_POINT('',#99);
#101=CARTESIAN_POINT('',(-47.13878153,-15.5,-32.70314609));
#102=DIRECTION('',(-0.5,0.,-0.866025404));
#103=VECTOR('',#102,12.998696099);
#104=LINE('',#101,#103);
#105=EDGE_CURVE('',#35,#100,#104,.T.);
#106=ORIENTED_EDGE('',*,*,#105,.F.);
#107=ORIENTED_EDGE('',*,*,#89,.F.);
#108=ORIENTED_EDGE('',*,*,#83,.T.);
#109=CARTESIAN_POINT('',(-44.482689059,-15.5,-34.235136178));
#110=VERTEX_POINT('',#109);
#111=CARTESIAN_POINT('',(-44.482689059,-15.5,-34.235136178));
#112=DIRECTION('',(-0.866025404,0.,0.5));
#113=VECTOR('',#112,0.557500001);
#114=LINE('',#111,#113);
#115=EDGE_CURVE('',#110,#69,#114,.T.);
#116=ORIENTED_EDGE('',*,*,#115,.F.);
#117=CARTESIAN_POINT('',(-50.88268906,-15.5,-45.320261346));
#118=VERTEX_POINT('',#117);
#119=CARTESIAN_POINT('',(-50.88268906,-15.5,-45.320261346));
#120=DIRECTION('',(0.5,0.,0.866025404));
#121=VECTOR('',#120,12.8);
#122=LINE('',#119,#121);
#123=EDGE_CURVE('',#118,#110,#122,.T.);
#124=ORIENTED_EDGE('',*,*,#123,.F.);
#125=CARTESIAN_POINT('',(-51.105690596,-15.5,-45.191511349));
#126=VERTEX_POINT('',#125);
#127=CARTESIAN_POINT('',(-51.105690596,-15.5,-45.191511349));
#128=DIRECTION('',(0.866025404,0.,-0.5));
#129=VECTOR('',#128,0.257499994);
#130=LINE('',#127,#129);
#131=EDGE_CURVE('',#126,#118,#130,.T.);
#132=ORIENTED_EDGE('',*,*,#131,.F.);
#133=CARTESIAN_POINT('',(-51.205690596,-15.5,-45.36471643));
#134=VERTEX_POINT('',#133);
#135=CARTESIAN_POINT('',(-51.205690596,-15.5,-45.36471643));
#136=DIRECTION('',(0.5,0.,0.866025404));
#137=VECTOR('',#136,0.2);
#138=LINE('',#135,#137);
#139=EDGE_CURVE('',#134,#126,#138,.T.);
#140=ORIENTED_EDGE('',*,*,#139,.F.);
#141=CARTESIAN_POINT('',(-53.638129578,-15.5,-43.960347129));
#142=DIRECTION('',(0.866025404,0.,-0.5));
#143=VECTOR('',#142,2.808738602);
#144=LINE('',#141,#143);
#145=EDGE_CURVE('',#100,#134,#144,.T.);
#146=ORIENTED_EDGE('',*,*,#145,.F.);
#147=EDGE_LOOP('',(#106,#107,#108,#116,#124,#132,#140,#146));
#148=FACE_BOUND('',#147,.T.);
#149=ADVANCED_FACE('',(#148),#98,.F.);
#150=CARTESIAN_POINT('',(2.769657879,0.,53.740806716));
#151=DIRECTION('',(-0.866025404,0.,0.5));
#152=DIRECTION('',(0.,1.,0.));
#153=AXIS2_PLACEMENT_3D('',#150,#151,#152);
#154=PLANE('',#153);
#155=CARTESIAN_POINT('',(-47.138129579,15.5,-32.702016878));
#156=VERTEX_POINT('',#155);
#157=CARTESIAN_POINT('',(-53.638129578,15.5,-43.960347129));
#158=VERTEX_POINT('',#157);
#159=CARTESIAN_POINT('',(-47.138129579,15.5,-32.702016878));
#160=DIRECTION('',(-0.5,0.,-0.866025404));
#161=VECTOR('',#160,13.);
#162=LINE('',#159,#161);
#163=EDGE_CURVE('',#156,#158,#162,.T.);
#164=ORIENTED_EDGE('',*,*,#163,.F.);
#165=CARTESIAN_POINT('',(-46.851918476,14.21844831,-32.206284705));
#166=VERTEX_POINT('',#165);
#167=CARTESIAN_POINT('',(-46.188957477,15.579304973,-31.058002571));
#168=DIRECTION('',(-0.866025404,0.,0.5));
#169=DIRECTION('',(0.5,0.,0.866025404));
#170=AXIS2_PLACEMENT_3D('',#167,#168,#169);
#171=CIRCLE('',#170,1.9);
#172=EDGE_CURVE('',#156,#166,#171,.T.);
#173=ORIENTED_EDGE('',*,*,#172,.T.);
#174=CARTESIAN_POINT('',(-46.830131118,14.4,-32.168547895));
#175=VERTEX_POINT('',#174);
#176=CARTESIAN_POINT('',(-47.030131118,14.4,-32.514958057));
#177=DIRECTION('',(0.866025404,0.,-0.5));
#178=DIRECTION('',(-0.5,0.,-0.866025404));
#179=AXIS2_PLACEMENT_3D('',#176,#177,#178);
#180=CIRCLE('',#179,0.4);
#181=EDGE_CURVE('',#175,#166,#180,.T.);
#182=ORIENTED_EDGE('',*,*,#181,.F.);
#183=CARTESIAN_POINT('',(-46.830131118,14.9,-32.168547895));
#184=VERTEX_POINT('',#183);
#185=CARTESIAN_POINT('',(-46.830131118,14.9,-32.168547895));
#186=DIRECTION('',(0.,-1.,0.));
#187=VECTOR('',#186,0.5);
#188=LINE('',#185,#187);
#189=EDGE_CURVE('',#184,#175,#188,.T.);
#190=ORIENTED_EDGE('',*,*,#189,.F.);
#191=CARTESIAN_POINT('',(-48.055704579,17.351146923,-34.291303399));
#192=VERTEX_POINT('',#191);
#193=CARTESIAN_POINT('',(-48.055704579,14.9,-34.291303399));
#194=DIRECTION('',(0.866025404,0.,-0.5));
#195=DIRECTION('',(-0.5,0.,-0.866025404));
#196=AXIS2_PLACEMENT_3D('',#193,#194,#195);
#197=CIRCLE('',#196,2.451146923);
#198=EDGE_CURVE('',#192,#184,#197,.T.);
#199=ORIENTED_EDGE('',*,*,#198,.F.);
#200=CARTESIAN_POINT('',(-52.520554578,17.351146922,-42.024650447));
#201=VERTEX_POINT('',#200);
#202=CARTESIAN_POINT('',(-52.520554578,17.351146922,-42.024650447));
#203=DIRECTION('',(0.5,0.,0.866025404));
#204=VECTOR('',#203,8.9297);
#205=LINE('',#202,#204);
#206=EDGE_CURVE('',#201,#192,#205,.T.);
#207=ORIENTED_EDGE('',*,*,#206,.F.);
#208=CARTESIAN_POINT('',(-53.746128039,14.9,-44.14740595));
#209=VERTEX_POINT('',#208);
#210=CARTESIAN_POINT('',(-52.520554578,14.9,-42.024650447));
#211=DIRECTION('',(0.866025404,0.,-0.5));
#212=DIRECTION('',(-0.5,0.,-0.866025404));
#213=AXIS2_PLACEMENT_3D('',#210,#211,#212);
#214=CIRCLE('',#213,2.451146922);
#215=EDGE_CURVE('',#209,#201,#214,.T.);
#216=ORIENTED_EDGE('',*,*,#215,.F.);
#217=CARTESIAN_POINT('',(-53.746128039,14.4,-44.14740595));
#218=VERTEX_POINT('',#217);
#219=CARTESIAN_POINT('',(-53.746128039,14.4,-44.14740595));
#220=DIRECTION('',(-0.,1.,-0.));
#221=VECTOR('',#220,0.5);
#222=LINE('',#219,#221);
#223=EDGE_CURVE('',#218,#209,#222,.T.);
#224=ORIENTED_EDGE('',*,*,#223,.F.);
#225=CARTESIAN_POINT('',(-53.724253638,14.218106944,-44.109518376));
#226=VERTEX_POINT('',#225);
#227=CARTESIAN_POINT('',(-53.546128039,14.4,-43.800995789));
#228=DIRECTION('',(0.866025404,0.,-0.5));
#229=DIRECTION('',(-0.5,0.,-0.866025404));
#230=AXIS2_PLACEMENT_3D('',#227,#228,#229);
#231=CIRCLE('',#230,0.4);
#232=EDGE_CURVE('',#226,#218,#231,.T.);
#233=ORIENTED_EDGE('',*,*,#232,.F.);
#234=CARTESIAN_POINT('',(-53.638129578,14.272178121,-43.960347129));
#235=VERTEX_POINT('',#234);
#236=CARTESIAN_POINT('',(-53.51412882,13.180758401,-43.745571516));
#237=DIRECTION('',(-0.866025404,-0.,0.5));
#238=DIRECTION('',(-0.5,0.,-0.866025404));
#239=AXIS2_PLACEMENT_3D('',#236,#237,#238);
#240=CIRCLE('',#239,1.119241599);
#241=EDGE_CURVE('',#235,#226,#240,.T.);
#242=ORIENTED_EDGE('',*,*,#241,.F.);
#243=CARTESIAN_POINT('',(-53.638129578,14.272178121,-43.960347129));
#244=DIRECTION('',(0.,1.,0.));
#245=VECTOR('',#244,1.227821879);
#246=LINE('',#243,#245);
#247=EDGE_CURVE('',#235,#158,#246,.T.);
#248=ORIENTED_EDGE('',*,*,#247,.T.);
#249=EDGE_LOOP('',(#164,#173,#182,#190,#199,#207,#216,#224,#233,#242,#248));
#250=FACE_BOUND('',#249,.T.);
#251=ADVANCED_FACE('',(#250),#154,.T.);
#252=CARTESIAN_POINT('',(-44.964418122,12.982699176,-33.958515389));
#253=DIRECTION('',(-0.866025404,0.,0.5));
#254=DIRECTION('',(-0.5,0.,-0.866025404));
#255=AXIS2_PLACEMENT_3D('',#252,#253,#254);
#256=CYLINDRICAL_SURFACE('',#255,1.317300824);
#257=CARTESIAN_POINT('',(-46.91314382,12.982699176,-31.312330112));
#258=VERTEX_POINT('',#257);
#259=CARTESIAN_POINT('',(-47.182895563,14.045860858,-31.779553836));
#260=VERTEX_POINT('',#259);
#261=CARTESIAN_POINT('',(-47.571794232,12.982699176,-32.45314609));
#262=DIRECTION('',(-0.866025404,0.,0.5));
#263=DIRECTION('',(-0.5,0.,-0.866025404));
#264=AXIS2_PLACEMENT_3D('',#261,#262,#263);
#265=CIRCLE('',#264,1.317300824);
#266=EDGE_CURVE('',#258,#260,#265,.T.);
#267=ORIENTED_EDGE('',*,*,#266,.T.);
#268=CARTESIAN_POINT('',(-44.577251504,14.045860858,-33.283923136));
#269=VERTEX_POINT('',#268);
#270=CARTESIAN_POINT('',(-47.182895563,14.045860858,-31.779553836));
#271=CARTESIAN_POINT('',(-46.314347543,14.045860858,-32.281010269));
#272=CARTESIAN_POINT('',(-45.445799523,14.045860858,-32.782466703));
#273=CARTESIAN_POINT('',(-44.577251504,14.045860858,-33.283923136));
#274=B_SPLINE_CURVE_WITH_KNOTS('',3,(#270,#271,#272,#273),.UNSPECIFIED.,.F.,.F.,(4,4),(0.,0.003008739),.UNSPECIFIED.);
#275=EDGE_CURVE('',#260,#269,#274,.T.);
#276=ORIENTED_EDGE('',*,*,#275,.T.);
#277=CARTESIAN_POINT('',(-44.307499761,12.982699176,-32.816699411));
#278=VERTEX_POINT('',#277);
#279=CARTESIAN_POINT('',(-44.966150173,12.982699176,-33.957515389));
#280=DIRECTION('',(-0.866025404,-0.,0.5));
#281=DIRECTION('',(0.5,0.,0.866025404));
#282=AXIS2_PLACEMENT_3D('',#279,#280,#281);
#283=CIRCLE('',#282,1.317300824);
#284=EDGE_CURVE('',#278,#269,#283,.T.);
#285=ORIENTED_EDGE('',*,*,#284,.F.);
#286=CARTESIAN_POINT('',(-44.307499761,12.982699176,-32.816699411));
#287=DIRECTION('',(-0.866025404,0.,0.5));
#288=VECTOR('',#287,3.008738598);
#289=LINE('',#286,#288);
#290=EDGE_CURVE('',#278,#258,#289,.T.);
#291=ORIENTED_EDGE('',*,*,#290,.T.);
#292=EDGE_LOOP('',(#267,#276,#285,#291));
#293=FACE_BOUND('',#292,.T.);
#294=ADVANCED_FACE('',(#293),#256,.F.);
#295=CARTESIAN_POINT('',(-54.54579146,13.180758401,-43.149940813));
#296=DIRECTION('',(0.866025404,0.,-0.5));
#297=DIRECTION('',(0.5,0.,0.866025404));
#298=AXIS2_PLACEMENT_3D('',#295,#296,#297);
#299=CYLINDRICAL_SURFACE('',#298,1.119241599);
#300=CARTESIAN_POINT('',(-51.891459834,13.38780268,-45.952503577));
#301=VERTEX_POINT('',#300);
#302=CARTESIAN_POINT('',(-51.465498224,14.272178121,-45.214716426));
#303=VERTEX_POINT('',#302);
#304=CARTESIAN_POINT('',(-51.341497466,13.180758401,-44.999940814));
#305=DIRECTION('',(0.866025404,0.,-0.5));
#306=DIRECTION('',(-0.5,-0.,-0.866025404));
#307=AXIS2_PLACEMENT_3D('',#304,#305,#306);
#308=CIRCLE('',#307,1.119241599);
#309=EDGE_CURVE('',#301,#303,#308,.T.);
#310=ORIENTED_EDGE('',*,*,#309,.T.);
#311=CARTESIAN_POINT('',(-51.465498224,14.272178121,-45.214716426));
#312=CARTESIAN_POINT('',(-52.189708675,14.272178121,-44.796593327));
#313=CARTESIAN_POINT('',(-52.913919127,14.272178121,-44.378470228));
#314=CARTESIAN_POINT('',(-53.638129578,14.272178121,-43.960347129));
#315=B_SPLINE_CURVE_WITH_KNOTS('',3,(#311,#312,#313,#314),.UNSPECIFIED.,.F.,.F.,(4,4),(0.000000231,0.00250897),.UNSPECIFIED.);
#316=EDGE_CURVE('',#303,#235,#315,.T.);
#317=ORIENTED_EDGE('',*,*,#316,.T.);
#318=ORIENTED_EDGE('',*,*,#241,.T.);
#319=CARTESIAN_POINT('',(-54.157266352,14.218106944,-43.85951837));
#320=VERTEX_POINT('',#319);
#321=CARTESIAN_POINT('',(-54.157266352,14.218106944,-43.85951837));
#322=DIRECTION('',(0.866025404,-0.,-0.5));
#323=VECTOR('',#322,0.500000013);
#324=LINE('',#321,#323);
#325=EDGE_CURVE('',#320,#226,#324,.T.);
#326=ORIENTED_EDGE('',*,*,#325,.F.);
#327=CARTESIAN_POINT('',(-54.497103901,13.38780268,-44.448134272));
#328=VERTEX_POINT('',#327);
#329=CARTESIAN_POINT('',(-53.947141534,13.180758401,-43.495571509));
#330=DIRECTION('',(-0.866025404,-0.,0.5));
#331=DIRECTION('',(-0.5,0.,-0.866025404));
#332=AXIS2_PLACEMENT_3D('',#329,#330,#331);
#333=CIRCLE('',#332,1.119241599);
#334=EDGE_CURVE('',#320,#328,#333,.T.);
#335=ORIENTED_EDGE('',*,*,#334,.T.);
#336=CARTESIAN_POINT('',(-54.497103901,13.38780268,-44.448134272));
#337=DIRECTION('',(0.866025404,0.,-0.5));
#338=VECTOR('',#337,3.008738608);
#339=LINE('',#336,#338);
#340=EDGE_CURVE('',#328,#301,#339,.T.);
#341=ORIENTED_EDGE('',*,*,#340,.T.);
#342=EDGE_LOOP('',(#310,#317,#318,#326,#335,#341));
#343=FACE_BOUND('',#342,.T.);
#344=ADVANCED_FACE('',(#343),#299,.F.);
#345=CARTESIAN_POINT('',(-43.801712969,9.727926275,-31.94065099));
#346=DIRECTION('',(0.866025404,0.,-0.5));
#347=DIRECTION('',(-0.5,-0.,-0.866025404));
#348=AXIS2_PLACEMENT_3D('',#345,#346,#347);
#349=PLANE('',#348);
#350=ORIENTED_EDGE('',*,*,#284,.T.);
#351=CARTESIAN_POINT('',(-44.965498222,15.5,-33.956386178));
#352=VERTEX_POINT('',#351);
#353=CARTESIAN_POINT('',(-44.016326119,15.579304973,-32.312371871));
#354=DIRECTION('',(0.866025404,0.,-0.5));
#355=DIRECTION('',(-0.5,-0.,-0.866025404));
#356=AXIS2_PLACEMENT_3D('',#353,#354,#355);
#357=CIRCLE('',#356,1.9);
#358=EDGE_CURVE('',#269,#352,#357,.T.);
#359=ORIENTED_EDGE('',*,*,#358,.T.);
#360=CARTESIAN_POINT('',(-44.965498222,8.628075226,-33.956386177));
#361=VERTEX_POINT('',#360);
#362=CARTESIAN_POINT('',(-44.965498222,15.5,-33.956386177));
#363=DIRECTION('',(0.,-1.,-0.));
#364=VECTOR('',#363,6.871924774);
#365=LINE('',#362,#364);
#366=EDGE_CURVE('',#352,#361,#365,.T.);
#367=ORIENTED_EDGE('',*,*,#366,.T.);
#368=CARTESIAN_POINT('',(-44.735291314,8.763079024,-33.557656116));
#369=VERTEX_POINT('',#368);
#370=CARTESIAN_POINT('',(-44.840498222,8.628075226,-33.739879827));
#371=DIRECTION('',(-0.866025404,-0.,0.5));
#372=DIRECTION('',(0.5,0.,0.866025404));
#373=AXIS2_PLACEMENT_3D('',#370,#371,#372);
#374=CIRCLE('',#373,0.25);
#375=EDGE_CURVE('',#369,#361,#374,.T.);
#376=ORIENTED_EDGE('',*,*,#375,.F.);
#377=CARTESIAN_POINT('',(-44.519134455,8.236869561,-33.183261454));
#378=VERTEX_POINT('',#377);
#379=CARTESIAN_POINT('',(-43.510817231,10.334350861,-31.436804793));
#380=DIRECTION('',(-0.866025404,-0.,0.5));
#381=DIRECTION('',(0.5,0.,0.866025404));
#382=AXIS2_PLACEMENT_3D('',#379,#380,#381);
#383=CIRCLE('',#382,2.90968079);
#384=EDGE_CURVE('',#369,#378,#383,.T.);
#385=ORIENTED_EDGE('',*,*,#384,.T.);
#386=CARTESIAN_POINT('',(-44.307499761,8.417085318,-32.816699411));
#387=VERTEX_POINT('',#386);
#388=CARTESIAN_POINT('',(-44.432499761,8.417085318,-33.033205762));
#389=DIRECTION('',(0.866025404,0.,-0.5));
#390=DIRECTION('',(0.5,0.,0.866025404));
#391=AXIS2_PLACEMENT_3D('',#388,#389,#390);
#392=CIRCLE('',#391,0.25);
#393=EDGE_CURVE('',#387,#378,#392,.T.);
#394=ORIENTED_EDGE('',*,*,#393,.F.);
#395=CARTESIAN_POINT('',(-44.307499761,12.982699176,-32.816699411));
#396=DIRECTION('',(-0.,-1.,-0.));
#397=VECTOR('',#396,4.565613858);
#398=LINE('',#395,#397);
#399=EDGE_CURVE('',#278,#387,#398,.T.);
#400=ORIENTED_EDGE('',*,*,#399,.F.);
#401=EDGE_LOOP('',(#350,#359,#367,#376,#385,#394,#400));
#402=FACE_BOUND('',#401,.T.);
#403=ADVANCED_FACE('',(#402),#349,.F.);
#404=CARTESIAN_POINT('',(-24.981689838,0.,0.056585261));
#405=DIRECTION('',(0.866025404,0.,-0.5));
#406=DIRECTION('',(-0.5,0.,-0.866025404));
#407=AXIS2_PLACEMENT_3D('',#404,#405,#406);
#408=PLANE('',#407);
#409=CARTESIAN_POINT('',(-51.105690596,15.5,-45.191511349));
#410=VERTEX_POINT('',#409);
#411=CARTESIAN_POINT('',(-51.205690596,15.5,-45.36471643));
#412=VERTEX_POINT('',#411);
#413=CARTESIAN_POINT('',(-51.105690596,15.5,-45.191511349));
#414=DIRECTION('',(-0.5,0.,-0.866025404));
#415=VECTOR('',#414,0.2);
#416=LINE('',#413,#415);
#417=EDGE_CURVE('',#410,#412,#416,.T.);
#418=ORIENTED_EDGE('',*,*,#417,.T.);
#419=CARTESIAN_POINT('',(-51.205690596,-15.5,-45.36471643));
#420=DIRECTION('',(0.,1.,0.));
#421=VECTOR('',#420,31.);
#422=LINE('',#419,#421);
#423=EDGE_CURVE('',#134,#412,#422,.T.);
#424=ORIENTED_EDGE('',*,*,#423,.F.);
#425=ORIENTED_EDGE('',*,*,#139,.T.);
#426=CARTESIAN_POINT('',(-51.105690596,-15.5,-45.191511349));
#427=DIRECTION('',(0.,1.,0.));
#428=VECTOR('',#427,31.);
#429=LINE('',#426,#428);
#430=EDGE_CURVE('',#126,#410,#429,.T.);
#431=ORIENTED_EDGE('',*,*,#430,.T.);
#432=EDGE_LOOP('',(#418,#424,#425,#431));
#433=FACE_BOUND('',#432,.T.);
#434=ADVANCED_FACE('',(#433),#408,.F.);
#435=DRAUGHTING_PRE_DEFINED_COLOUR('white');
#436=FILL_AREA_STYLE_COLOUR('',#435);
#437=FILL_AREA_STYLE('',(#436));
#438=SURFACE_STYLE_FILL_AREA(#437);
#439=SURFACE_SIDE_STYLE('',(#438));
#440=SURFACE_STYLE_USAGE(.BOTH.,#439);
#441=PRESENTATION_STYLE_ASSIGNMENT((#440));
#442=OVER_RIDING_STYLED_ITEM('',(#441),#434,#26);
#443=CARTESIAN_POINT('',(-52.268324168,-12.5,-44.520264543));
#444=DIRECTION('',(0.5,0.,0.866025404));
#445=DIRECTION('',(0.866025404,0.,-0.5));
#446=AXIS2_PLACEMENT_3D('',#443,#444,#445);
#447=PLANE('',#446);
#448=CARTESIAN_POINT('',(-50.88268906,15.5,-45.320261346));
#449=VERTEX_POINT('',#448);
#450=CARTESIAN_POINT('',(-50.88268906,-15.5,-45.320261346));
#451=DIRECTION('',(0.,1.,0.));
#452=VECTOR('',#451,31.);
#453=LINE('',#450,#452);
#454=EDGE_CURVE('',#118,#449,#453,.T.);
#455=ORIENTED_EDGE('',*,*,#454,.T.);
#456=CARTESIAN_POINT('',(-51.105690596,15.5,-45.191511349));
#457=DIRECTION('',(0.866025404,0.,-0.5));
#458=VECTOR('',#457,0.257499994);
#459=LINE('',#456,#458);
#460=EDGE_CURVE('',#410,#449,#459,.T.);
#461=ORIENTED_EDGE('',*,*,#460,.F.);
#462=ORIENTED_EDGE('',*,*,#430,.F.);
#463=ORIENTED_EDGE('',*,*,#131,.T.);
#464=EDGE_LOOP('',(#455,#461,#462,#463));
#465=FACE_BOUND('',#464,.T.);
#466=ADVANCED_FACE('',(#465),#447,.T.);
#467=OVER_RIDING_STYLED_ITEM('',(#441),#466,#26);
#468=CARTESIAN_POINT('',(-45.868324168,-12.5,-33.435139375));
#469=DIRECTION('',(-0.5,0.,-0.866025404));
#470=DIRECTION('',(-0.866025404,0.,0.5));
#471=AXIS2_PLACEMENT_3D('',#468,#469,#470);
#472=PLANE('',#471);
#473=ORIENTED_EDGE('',*,*,#366,.F.);
#474=CARTESIAN_POINT('',(-44.482689059,15.5,-34.235136178));
#475=VERTEX_POINT('',#474);
#476=CARTESIAN_POINT('',(-44.482689059,15.5,-34.235136178));
#477=DIRECTION('',(-0.866025404,0.,0.5));
#478=VECTOR('',#477,0.557500001);
#479=LINE('',#476,#478);
#480=EDGE_CURVE('',#475,#352,#479,.T.);
#481=ORIENTED_EDGE('',*,*,#480,.F.);
#482=CARTESIAN_POINT('',(-44.482689059,-15.5,-34.235136178));
#483=DIRECTION('',(0.,1.,0.));
#484=VECTOR('',#483,31.);
#485=LINE('',#482,#484);
#486=EDGE_CURVE('',#110,#475,#485,.T.);
#487=ORIENTED_EDGE('',*,*,#486,.F.);
#488=ORIENTED_EDGE('',*,*,#115,.T.);
#489=CARTESIAN_POINT('',(-44.965498222,-8.227926275,-33.956386178));
#490=VERTEX_POINT('',#489);
#491=CARTESIAN_POINT('',(-44.965498222,-15.499999355,-33.956386177));
#492=DIRECTION('',(0.,1.,-0.));
#493=VECTOR('',#492,7.27207308);
#494=LINE('',#491,#493);
#495=EDGE_CURVE('',#69,#490,#494,.T.);
#496=ORIENTED_EDGE('',*,*,#495,.T.);
#497=CARTESIAN_POINT('',(-45.052100758,-7.927926282,-33.90638618));
#498=VERTEX_POINT('',#497);
#499=CARTESIAN_POINT('',(-44.965498222,-8.227926275,-33.956386178));
#500=CARTESIAN_POINT('',(-44.965498222,-8.120167289,-33.956386178));
#501=CARTESIAN_POINT('',(-44.996092023,-8.014157374,-33.938722839));
#502=CARTESIAN_POINT('',(-45.052100758,-7.927926282,-33.90638618));
#503=B_SPLINE_CURVE_WITH_KNOTS('',3,(#499,#500,#501,#502),.UNSPECIFIED.,.F.,.F.,(4,4),(0.,0.000322066),.UNSPECIFIED.);
#504=EDGE_CURVE('',#490,#498,#503,.T.);
#505=ORIENTED_EDGE('',*,*,#504,.T.);
#506=CARTESIAN_POINT('',(-45.831523626,-8.227926275,-33.456386178));
#507=VERTEX_POINT('',#506);
#508=CARTESIAN_POINT('',(-45.398510924,-8.227926275,-33.706386178));
#509=DIRECTION('',(-0.5,0.,-0.866025404));
#510=DIRECTION('',(-0.866025404,0.,0.5));
#511=AXIS2_PLACEMENT_3D('',#508,#509,#510);
#512=CIRCLE('',#511,0.5);
#513=EDGE_CURVE('',#507,#498,#512,.T.);
#514=ORIENTED_EDGE('',*,*,#513,.F.);
#515=CARTESIAN_POINT('',(-45.831523626,-8.628075226,-33.456386178));
#516=VERTEX_POINT('',#515);
#517=CARTESIAN_POINT('',(-45.831523626,-8.227926275,-33.456386178));
#518=DIRECTION('',(-0.,-1.,0.));
#519=VECTOR('',#518,0.400148951);
#520=LINE('',#517,#519);
#521=EDGE_CURVE('',#507,#516,#520,.T.);
#522=ORIENTED_EDGE('',*,*,#521,.T.);
#523=CARTESIAN_POINT('',(-47.57114229,-8.628075225,-32.452016874));
#524=VERTEX_POINT('',#523);
#525=CARTESIAN_POINT('',(-47.57114229,-8.628075225,-32.452016874));
#526=CARTESIAN_POINT('',(-46.991269402,-8.628075225,-32.786806642));
#527=CARTESIAN_POINT('',(-46.411396514,-8.628075225,-33.12159641));
#528=CARTESIAN_POINT('',(-45.831523626,-8.628075226,-33.456386178));
#529=B_SPLINE_CURVE_WITH_KNOTS('',3,(#525,#526,#527,#528),.UNSPECIFIED.,.F.,.F.,(4,4),(0.005814992,0.007823731),.UNSPECIFIED.);
#530=EDGE_CURVE('',#524,#516,#529,.T.);
#531=ORIENTED_EDGE('',*,*,#530,.F.);
#532=CARTESIAN_POINT('',(-47.57114229,8.628075225,-32.452016874));
#533=VERTEX_POINT('',#532);
#534=CARTESIAN_POINT('',(-47.57114229,-8.628075225,-32.452016874));
#535=DIRECTION('',(-0.,1.,0.));
#536=VECTOR('',#535,17.25615045);
#537=LINE('',#534,#536);
#538=EDGE_CURVE('',#524,#533,#537,.T.);
#539=ORIENTED_EDGE('',*,*,#538,.T.);
#540=CARTESIAN_POINT('',(-44.965498222,8.628075226,-33.956386178));
#541=CARTESIAN_POINT('',(-45.834046245,8.628075226,-33.454929743));
#542=CARTESIAN_POINT('',(-46.702594268,8.628075225,-32.953473308));
#543=CARTESIAN_POINT('',(-47.57114229,8.628075225,-32.452016874));
#544=B_SPLINE_CURVE_WITH_KNOTS('',3,(#540,#541,#542,#543),.UNSPECIFIED.,.F.,.F.,(4,4),(0.004814992,0.007823731),.UNSPECIFIED.);
#545=EDGE_CURVE('',#361,#533,#544,.T.);
#546=ORIENTED_EDGE('',*,*,#545,.F.);
#547=EDGE_LOOP('',(#473,#481,#487,#488,#496,#505,#514,#522,#531,#539,#546));
#548=FACE_BOUND('',#547,.T.);
#549=ADVANCED_FACE('',(#548),#472,.T.);
#550=CARTESIAN_POINT('',(-4.851283219,15.5,-33.961013026));
#551=DIRECTION('',(0.,1.,0.));
#552=DIRECTION('',(0.866025404,0.,-0.5));
#553=AXIS2_PLACEMENT_3D('',#550,#551,#552);
#554=PLANE('',#553);
#555=ORIENTED_EDGE('',*,*,#480,.T.);
#556=CARTESIAN_POINT('',(-44.965498222,15.5,-33.956386178));
#557=DIRECTION('',(-0.866025404,0.,0.5));
#558=VECTOR('',#557,2.508738598);
#559=LINE('',#556,#558);
#560=EDGE_CURVE('',#352,#156,#559,.T.);
#561=ORIENTED_EDGE('',*,*,#560,.T.);
#562=ORIENTED_EDGE('',*,*,#163,.T.);
#563=CARTESIAN_POINT('',(-53.638129578,15.5,-43.960347129));
#564=DIRECTION('',(0.866025404,0.,-0.5));
#565=VECTOR('',#564,2.808738602);
#566=LINE('',#563,#565);
#567=EDGE_CURVE('',#158,#412,#566,.T.);
#568=ORIENTED_EDGE('',*,*,#567,.T.);
#569=ORIENTED_EDGE('',*,*,#417,.F.);
#570=ORIENTED_EDGE('',*,*,#460,.T.);
#571=CARTESIAN_POINT('',(-50.88268906,15.5,-45.320261346));
#572=DIRECTION('',(0.5,0.,0.866025404));
#573=VECTOR('',#572,12.8);
#574=LINE('',#571,#573);
#575=EDGE_CURVE('',#449,#475,#574,.T.);
#576=ORIENTED_EDGE('',*,*,#575,.T.);
#577=EDGE_LOOP('',(#555,#561,#562,#568,#569,#570,#576));
#578=FACE_BOUND('',#577,.T.);
#579=ADVANCED_FACE('',(#578),#554,.F.);
#580=CARTESIAN_POINT('',(-49.38268906,-12.5,-42.722185135));
#581=DIRECTION('',(-0.866025404,0.,0.5));
#582=DIRECTION('',(0.5,0.,0.866025404));
#583=AXIS2_PLACEMENT_3D('',#580,#581,#582);
#584=PLANE('',#583);
#585=ORIENTED_EDGE('',*,*,#486,.T.);
#586=ORIENTED_EDGE('',*,*,#575,.F.);
#587=ORIENTED_EDGE('',*,*,#454,.F.);
#588=ORIENTED_EDGE('',*,*,#123,.T.);
#589=EDGE_LOOP('',(#585,#586,#587,#588));
#590=FACE_BOUND('',#589,.T.);
#591=ADVANCED_FACE('',(#590),#584,.T.);
#592=OVER_RIDING_STYLED_ITEM('',(#441),#591,#26);
#593=CARTESIAN_POINT('',(-51.321524262,18.4,-37.561346224));
#594=DIRECTION('',(0.,1.,0.));
#595=DIRECTION('',(0.5,-0.,0.866025404));
#596=AXIS2_PLACEMENT_3D('',#593,#594,#595);
#597=PLANE('',#596);
#598=CARTESIAN_POINT('',(-51.560358783,18.4,-42.579019748));
#599=VERTEX_POINT('',#598);
#600=CARTESIAN_POINT('',(-50.434525758,18.4,-43.229019748));
#601=VERTEX_POINT('',#600);
#602=CARTESIAN_POINT('',(-51.560358783,18.4,-42.579019748));
#603=DIRECTION('',(0.866025404,0.,-0.5));
#604=VECTOR('',#603,1.3);
#605=LINE('',#602,#604);
#606=EDGE_CURVE('',#599,#601,#605,.T.);
#607=ORIENTED_EDGE('',*,*,#606,.F.);
#608=CARTESIAN_POINT('',(-49.784525758,18.4,-42.103186724));
#609=VERTEX_POINT('',#608);
#610=CARTESIAN_POINT('',(-50.910358783,18.4,-41.453186724));
#611=DIRECTION('',(-0.,-1.,-0.));
#612=DIRECTION('',(-0.5,0.,-0.866025404));
#613=AXIS2_PLACEMENT_3D('',#610,#611,#612);
#614=CIRCLE('',#613,1.3);
#615=EDGE_CURVE('',#599,#609,#614,.T.);
#616=ORIENTED_EDGE('',*,*,#615,.T.);
#617=CARTESIAN_POINT('',(-50.434525758,18.4,-43.229019748));
#618=DIRECTION('',(0.5,-0.,0.866025404));
#619=VECTOR('',#618,1.3);
#620=LINE('',#617,#619);
#621=EDGE_CURVE('',#601,#609,#620,.T.);
#622=ORIENTED_EDGE('',*,*,#621,.F.);
#623=EDGE_LOOP('',(#607,#616,#622));
#624=FACE_BOUND('',#623,.T.);
#625=ADVANCED_FACE('',(#624),#597,.T.);
#626=CARTESIAN_POINT('',(-51.321524262,18.4,-37.561346224));
#627=DIRECTION('',(0.,1.,0.));
#628=DIRECTION('',(0.5,-0.,0.866025404));
#629=AXIS2_PLACEMENT_3D('',#626,#627,#628);
#630=PLANE('',#629);
#631=CARTESIAN_POINT('',(-52.036191808,18.4,-40.803186724));
#632=VERTEX_POINT('',#631);
#633=CARTESIAN_POINT('',(-52.686191808,18.4,-41.929019748));
#634=VERTEX_POINT('',#633);
#635=CARTESIAN_POINT('',(-52.036191808,18.4,-40.803186724));
#636=DIRECTION('',(-0.5,0.,-0.866025404));
#637=VECTOR('',#636,1.3);
#638=LINE('',#635,#637);
#639=EDGE_CURVE('',#632,#634,#638,.T.);
#640=ORIENTED_EDGE('',*,*,#639,.F.);
#641=CARTESIAN_POINT('',(-50.910358783,18.4,-41.453186724));
#642=DIRECTION('',(-0.,-1.,-0.));
#643=DIRECTION('',(-0.5,0.,-0.866025404));
#644=AXIS2_PLACEMENT_3D('',#641,#642,#643);
#645=CIRCLE('',#644,1.3);
#646=EDGE_CURVE('',#632,#599,#645,.T.);
#647=ORIENTED_EDGE('',*,*,#646,.T.);
#648=CARTESIAN_POINT('',(-52.686191808,18.4,-41.929019748));
#649=DIRECTION('',(0.866025404,0.,-0.5));
#650=VECTOR('',#649,1.3);
#651=LINE('',#648,#650);
#652=EDGE_CURVE('',#634,#599,#651,.T.);
#653=ORIENTED_EDGE('',*,*,#652,.F.);
#654=EDGE_LOOP('',(#640,#647,#653));
#655=FACE_BOUND('',#654,.T.);
#656=ADVANCED_FACE('',(#655),#630,.T.);
#657=CARTESIAN_POINT('',(-51.321524262,-18.4,-37.561346224));
#658=DIRECTION('',(0.,-1.,0.));
#659=DIRECTION('',(0.866025404,0.,-0.5));
#660=AXIS2_PLACEMENT_3D('',#657,#658,#659);
#661=PLANE('',#660);
#662=CARTESIAN_POINT('',(-49.784525758,-18.4,-42.103186724));
#663=VERTEX_POINT('',#662);
#664=CARTESIAN_POINT('',(-50.434525758,-18.4,-43.229019748));
#665=VERTEX_POINT('',#664);
#666=CARTESIAN_POINT('',(-49.784525758,-18.4,-42.103186724));
#667=DIRECTION('',(-0.5,-0.,-0.866025404));
#668=VECTOR('',#667,1.3);
#669=LINE('',#666,#668);
#670=EDGE_CURVE('',#663,#665,#669,.T.);
#671=ORIENTED_EDGE('',*,*,#670,.F.);
#672=CARTESIAN_POINT('',(-51.560358783,-18.4,-42.579019748));
#673=VERTEX_POINT('',#672);
#674=CARTESIAN_POINT('',(-50.910358783,-18.4,-41.453186724));
#675=DIRECTION('',(-0.,1.,-0.));
#676=DIRECTION('',(0.866025404,0.,-0.5));
#677=AXIS2_PLACEMENT_3D('',#674,#675,#676);
#678=CIRCLE('',#677,1.3);
#679=EDGE_CURVE('',#663,#673,#678,.T.);
#680=ORIENTED_EDGE('',*,*,#679,.T.);
#681=CARTESIAN_POINT('',(-51.560358783,-18.4,-42.579019748));
#682=DIRECTION('',(0.866025404,0.,-0.5));
#683=VECTOR('',#682,1.3);
#684=LINE('',#681,#683);
#685=EDGE_CURVE('',#673,#665,#684,.T.);
#686=ORIENTED_EDGE('',*,*,#685,.T.);
#687=EDGE_LOOP('',(#671,#680,#686));
#688=FACE_BOUND('',#687,.T.);
#689=ADVANCED_FACE('',(#688),#661,.T.);
#690=CARTESIAN_POINT('',(-51.321524262,-18.4,-37.561346224));
#691=DIRECTION('',(0.,-1.,0.));
#692=DIRECTION('',(0.866025404,0.,-0.5));
#693=AXIS2_PLACEMENT_3D('',#690,#691,#692);
#694=PLANE('',#693);
#695=CARTESIAN_POINT('',(-52.686191808,-18.4,-41.929019748));
#696=VERTEX_POINT('',#695);
#697=CARTESIAN_POINT('',(-52.686191808,-18.4,-41.929019748));
#698=DIRECTION('',(0.866025404,0.,-0.5));
#699=VECTOR('',#698,1.3);
#700=LINE('',#697,#699);
#701=EDGE_CURVE('',#696,#673,#700,.T.);
#702=ORIENTED_EDGE('',*,*,#701,.T.);
#703=CARTESIAN_POINT('',(-52.036191808,-18.4,-40.803186724));
#704=VERTEX_POINT('',#703);
#705=CARTESIAN_POINT('',(-50.910358783,-18.4,-41.453186724));
#706=DIRECTION('',(-0.,1.,-0.));
#707=DIRECTION('',(0.866025404,0.,-0.5));
#708=AXIS2_PLACEMENT_3D('',#705,#706,#707);
#709=CIRCLE('',#708,1.3);
#710=EDGE_CURVE('',#673,#704,#709,.T.);
#711=ORIENTED_EDGE('',*,*,#710,.T.);
#712=CARTESIAN_POINT('',(-52.686191808,-18.4,-41.929019748));
#713=DIRECTION('',(0.5,0.,0.866025404));
#714=VECTOR('',#713,1.3);
#715=LINE('',#712,#714);
#716=EDGE_CURVE('',#696,#704,#715,.T.);
#717=ORIENTED_EDGE('',*,*,#716,.F.);
#718=EDGE_LOOP('',(#702,#711,#717));
#719=FACE_BOUND('',#718,.T.);
#720=ADVANCED_FACE('',(#719),#694,.T.);
#721=CARTESIAN_POINT('',(-52.370578641,12.,-47.963364535));
#722=DIRECTION('',(-0.819864355,0.,0.572557804));
#723=DIRECTION('',(-0.572557804,0.,-0.819864355));
#724=AXIS2_PLACEMENT_3D('',#721,#722,#723);
#725=PLANE('',#724);
#726=CARTESIAN_POINT('',(-53.744509443,10.9,-49.930741247));
#727=VERTEX_POINT('',#726);
#728=CARTESIAN_POINT('',(-53.190317651,10.9,-49.137175791));
#729=VERTEX_POINT('',#728);
#730=CARTESIAN_POINT('',(-53.744509443,10.9,-49.930741247));
#731=DIRECTION('',(0.572557804,-0.,0.819864355));
#732=VECTOR('',#731,0.967922867);
#733=LINE('',#730,#732);
#734=EDGE_CURVE('',#727,#729,#733,.T.);
#735=ORIENTED_EDGE('',*,*,#734,.T.);
#736=CARTESIAN_POINT('',(-50.996647838,13.704546011,-45.995987822));
#737=VERTEX_POINT('',#736);
#738=CARTESIAN_POINT('',(-53.190317651,14.9,-49.137175791));
#739=DIRECTION('',(-0.819864355,0.,0.572557804));
#740=DIRECTION('',(-0.572557804,0.,-0.819864355));
#741=AXIS2_PLACEMENT_3D('',#738,#739,#740);
#742=ELLIPSE('',#741,4.014845851,4.);
#743=EDGE_CURVE('',#729,#737,#742,.T.);
#744=ORIENTED_EDGE('',*,*,#743,.T.);
#745=CARTESIAN_POINT('',(-50.996647838,7.5,-45.995987822));
#746=VERTEX_POINT('',#745);
#747=CARTESIAN_POINT('',(-50.996647838,13.704546011,-45.995987822));
#748=DIRECTION('',(0.,-1.,0.));
#749=VECTOR('',#748,6.204546011);
#750=LINE('',#747,#749);
#751=EDGE_CURVE('',#737,#746,#750,.T.);
#752=ORIENTED_EDGE('',*,*,#751,.T.);
#753=CARTESIAN_POINT('',(-52.270508535,9.,-47.820070859));
#754=VERTEX_POINT('',#753);
#755=CARTESIAN_POINT('',(-50.996647838,7.5,-45.995987822));
#756=CARTESIAN_POINT('',(-51.159349018,7.866854057,-46.228964994));
#757=CARTESIAN_POINT('',(-51.32254209,8.232913706,-46.462646521));
#758=CARTESIAN_POINT('',(-51.534278904,8.520516264,-46.765839431));
#759=CARTESIAN_POINT('',(-51.640147311,8.664317544,-46.917435885));
#760=CARTESIAN_POINT('',(-51.754393687,8.783441991,-47.08102903));
#761=CARTESIAN_POINT('',(-51.879108022,8.868034578,-47.259611588));
#762=CARTESIAN_POINT('',(-51.941465189,8.910330871,-47.348902868));
#763=CARTESIAN_POINT('',(-52.006269076,8.943581428,-47.441697685));
#764=CARTESIAN_POINT('',(-52.071534094,8.965888104,-47.535152812));
#765=CARTESIAN_POINT('',(-52.136799113,8.98819478,-47.628607939));
#766=CARTESIAN_POINT('',(-52.203081811,9.,-47.723520315));
#767=CARTESIAN_POINT('',(-52.270508535,9.,-47.820070859));
#768=B_SPLINE_CURVE_WITH_KNOTS('',3,(#755,#756,#757,#758,#759,#760,#761,#762,#763,#764,#765,#766,#767),.UNSPECIFIED.,.F.,.F.,(4,3,3,3,4),(0.,0.001393352,0.002090027,0.002438365,0.002786703),.UNSPECIFIED.);
#769=EDGE_CURVE('',#746,#754,#768,.T.);
#770=ORIENTED_EDGE('',*,*,#769,.T.);
#771=CARTESIAN_POINT('',(-53.744509443,9.,-49.930741247));
#772=VERTEX_POINT('',#771);
#773=CARTESIAN_POINT('',(-52.270508535,9.,-47.820070859));
#774=DIRECTION('',(-0.572557804,0.,-0.819864355));
#775=VECTOR('',#774,2.57441414);
#776=LINE('',#773,#775);
#777=EDGE_CURVE('',#754,#772,#776,.T.);
#778=ORIENTED_EDGE('',*,*,#777,.T.);
#779=CARTESIAN_POINT('',(-53.744509443,10.9,-49.930741247));
#780=DIRECTION('',(0.,-1.,0.));
#781=VECTOR('',#780,1.9);
#782=LINE('',#779,#781);
#783=EDGE_CURVE('',#727,#772,#782,.T.);
#784=ORIENTED_EDGE('',*,*,#783,.F.);
#785=EDGE_LOOP('',(#735,#744,#752,#770,#778,#784));
#786=FACE_BOUND('',#785,.T.);
#787=ADVANCED_FACE('',(#786),#725,.F.);
#788=CARTESIAN_POINT('',(-55.138278846,12.,-48.95739298));
#789=DIRECTION('',(0.,-1.,0.));
#790=DIRECTION('',(-0.866025404,0.,0.5));
#791=AXIS2_PLACEMENT_3D('',#788,#789,#790);
#792=CYLINDRICAL_SURFACE('',#791,1.7);
#793=CARTESIAN_POINT('',(-56.610522033,9.,-48.10739298));
#794=VERTEX_POINT('',#793);
#795=CARTESIAN_POINT('',(-56.610522033,10.9,-48.10739298));
#796=VERTEX_POINT('',#795);
#797=CARTESIAN_POINT('',(-56.610522033,9.,-48.10739298));
#798=DIRECTION('',(-0.,1.,-0.));
#799=VECTOR('',#798,1.9);
#800=LINE('',#797,#799);
#801=EDGE_CURVE('',#794,#796,#800,.T.);
#802=ORIENTED_EDGE('',*,*,#801,.T.);
#803=CARTESIAN_POINT('',(-55.138278846,10.9,-48.95739298));
#804=DIRECTION('',(-0.,-1.,-0.));
#805=DIRECTION('',(-0.866025404,0.,0.5));
#806=AXIS2_PLACEMENT_3D('',#803,#804,#805);
#807=CIRCLE('',#806,1.7);
#808=EDGE_CURVE('',#796,#727,#807,.T.);
#809=ORIENTED_EDGE('',*,*,#808,.T.);
#810=ORIENTED_EDGE('',*,*,#783,.T.);
#811=CARTESIAN_POINT('',(-55.138278846,9.,-48.95739298));
#812=DIRECTION('',(0.,1.,0.));
#813=DIRECTION('',(0.866025404,0.,-0.5));
#814=AXIS2_PLACEMENT_3D('',#811,#812,#813);
#815=CIRCLE('',#814,1.7);
#816=EDGE_CURVE('',#772,#794,#815,.T.);
#817=ORIENTED_EDGE('',*,*,#816,.T.);
#818=EDGE_LOOP('',(#802,#809,#810,#817));
#819=FACE_BOUND('',#818,.T.);
#820=ADVANCED_FACE('',(#819),#792,.T.);
#821=CARTESIAN_POINT('',(-55.600777998,12.,-46.556014828));
#822=DIRECTION('',(-0.837358777,0.,0.54665371));
#823=DIRECTION('',(-0.54665371,0.,-0.837358777));
#824=AXIS2_PLACEMENT_3D('',#821,#822,#823);
#825=PLANE('',#824);
#826=CARTESIAN_POINT('',(-54.639767228,11.886839981,-45.083947984));
#827=VERTEX_POINT('',#826);
#828=CARTESIAN_POINT('',(-54.639767228,8.272865256,-45.083947984));
#829=VERTEX_POINT('',#828);
#830=CARTESIAN_POINT('',(-54.639767228,11.886839981,-45.083947984));
#831=DIRECTION('',(0.,-1.,0.));
#832=VECTOR('',#831,3.613974725);
#833=LINE('',#830,#832);
#834=EDGE_CURVE('',#827,#829,#833,.T.);
#835=ORIENTED_EDGE('',*,*,#834,.F.);
#836=CARTESIAN_POINT('',(-56.080037886,10.9,-47.290140412));
#837=VERTEX_POINT('',#836);
#838=CARTESIAN_POINT('',(-56.080037886,14.9,-47.290140412));
#839=DIRECTION('',(0.837358777,-0.,-0.54665371));
#840=DIRECTION('',(-0.54665371,0.,-0.837358777));
#841=AXIS2_PLACEMENT_3D('',#838,#839,#840);
#842=ELLIPSE('',#841,4.006005692,4.);
#843=EDGE_CURVE('',#827,#837,#842,.T.);
#844=ORIENTED_EDGE('',*,*,#843,.T.);
#845=CARTESIAN_POINT('',(-56.561788767,10.9,-48.028081672));
#846=VERTEX_POINT('',#845);
#847=CARTESIAN_POINT('',(-56.080037886,10.9,-47.290140412));
#848=DIRECTION('',(-0.54665371,0.,-0.837358777));
#849=VECTOR('',#848,0.881272497);
#850=LINE('',#847,#849);
#851=EDGE_CURVE('',#837,#846,#850,.T.);
#852=ORIENTED_EDGE('',*,*,#851,.T.);
#853=CARTESIAN_POINT('',(-56.561788767,9.,-48.028081672));
#854=VERTEX_POINT('',#853);
#855=CARTESIAN_POINT('',(-56.561788767,10.9,-48.028081672));
#856=DIRECTION('',(0.,-1.,0.));
#857=VECTOR('',#856,1.9);
#858=LINE('',#855,#857);
#859=EDGE_CURVE('',#846,#854,#858,.T.);
#860=ORIENTED_EDGE('',*,*,#859,.T.);
#861=CARTESIAN_POINT('',(-55.342793701,9.,-46.16083702));
#862=VERTEX_POINT('',#861);
#863=CARTESIAN_POINT('',(-55.342793701,9.,-46.16083702));
#864=DIRECTION('',(-0.54665371,0.,-0.837358777));
#865=VECTOR('',#864,2.229921873);
#866=LINE('',#863,#865);
#867=EDGE_CURVE('',#862,#854,#866,.T.);
#868=ORIENTED_EDGE('',*,*,#867,.F.);
#869=CARTESIAN_POINT('',(-55.342793701,9.,-46.16083702));
#870=CARTESIAN_POINT('',(-55.271728436,9.,-46.051979947));
#871=CARTESIAN_POINT('',(-55.202209996,8.983385986,-45.945492283));
#872=CARTESIAN_POINT('',(-55.13419066,8.950670498,-45.841300933));
#873=CARTESIAN_POINT('',(-55.100180992,8.934312753,-45.789205259));
#874=CARTESIAN_POINT('',(-55.066316427,8.91367769,-45.737331852));
#875=CARTESIAN_POINT('',(-55.033636734,8.889356705,-45.687273418));
#876=CARTESIAN_POINT('',(-55.00095704,8.86503572,-45.637214985));
#877=CARTESIAN_POINT('',(-54.96938363,8.837062882,-45.588851146));
#878=CARTESIAN_POINT('',(-54.938892991,8.805515808,-45.542145886));
#879=CARTESIAN_POINT('',(-54.877911714,8.742421659,-45.448735366));
#880=CARTESIAN_POINT('',(-54.820511368,8.663695502,-45.360810079));
#881=CARTESIAN_POINT('',(-54.770248087,8.574115752,-45.283817281));
#882=CARTESIAN_POINT('',(-54.719984807,8.484536003,-45.206824482));
#883=CARTESIAN_POINT('',(-54.676404239,8.384258359,-45.140068197));
#884=CARTESIAN_POINT('',(-54.639767228,8.272865256,-45.083947984));
#885=B_SPLINE_CURVE_WITH_KNOTS('',3,(#869,#870,#871,#872,#873,#874,#875,#876,#877,#878,#879,#880,#881,#882,#883,#884),.UNSPECIFIED.,.F.,.F.,(4,3,3,3,3,4),(0.,0.000384465,0.000576698,0.000768931,0.001153396,0.001537861),.UNSPECIFIED.);
#886=EDGE_CURVE('',#862,#829,#885,.T.);
#887=ORIENTED_EDGE('',*,*,#886,.T.);
#888=EDGE_LOOP('',(#835,#844,#852,#860,#868,#887));
#889=FACE_BOUND('',#888,.T.);
#890=ADVANCED_FACE('',(#889),#825,.T.);
#891=CARTESIAN_POINT('',(-54.848361618,12.,-44.947771114));
#892=DIRECTION('',(0.,-1.,0.));
#893=DIRECTION('',(-0.866025404,0.,0.5));
#894=AXIS2_PLACEMENT_3D('',#891,#892,#893);
#895=CYLINDRICAL_SURFACE('',#894,0.249109934);
#896=CARTESIAN_POINT('',(-54.663285655,14.587847294,-44.781029856));
#897=VERTEX_POINT('',#896);
#898=CARTESIAN_POINT('',(-54.663285655,7.529007598,-44.781029856));
#899=VERTEX_POINT('',#898);
#900=CARTESIAN_POINT('',(-54.663285655,14.587847294,-44.781029856));
#901=DIRECTION('',(0.,-1.,0.));
#902=VECTOR('',#901,7.058839697);
#903=LINE('',#900,#902);
#904=EDGE_CURVE('',#897,#899,#903,.T.);
#905=ORIENTED_EDGE('',*,*,#904,.F.);
#906=CARTESIAN_POINT('',(-54.663285643,14.587847315,-44.781029869));
#907=CARTESIAN_POINT('',(-54.659160828,14.45621367,-44.78560825));
#908=CARTESIAN_POINT('',(-54.653243657,14.327596793,-44.7925739));
#909=CARTESIAN_POINT('',(-54.647297735,14.20310985,-44.80070285));
#910=CARTESIAN_POINT('',(-54.641351813,14.078622908,-44.8088318));
#911=CARTESIAN_POINT('',(-54.63528373,13.957348907,-44.818194253));
#912=CARTESIAN_POINT('',(-54.629685889,13.837699701,-44.828453535));
#913=CARTESIAN_POINT('',(-54.624088047,13.718050495,-44.838712818));
#914=CARTESIAN_POINT('',(-54.618923648,13.600147104,-44.849898543));
#915=CARTESIAN_POINT('',(-54.614527371,13.483242351,-44.86187987));
#916=CARTESIAN_POINT('',(-54.610131095,13.366337598,-44.873861198));
#917=CARTESIAN_POINT('',(-54.606462983,13.24998516,-44.886708298));
#918=CARTESIAN_POINT('',(-54.603846136,13.136113898,-44.90014824));
#919=CARTESIAN_POINT('',(-54.59861244,12.908371373,-44.927028126));
#920=CARTESIAN_POINT('',(-54.597382413,12.689558125,-44.956281592));
#921=CARTESIAN_POINT('',(-54.602457579,12.478338052,-44.987607819));
#922=CARTESIAN_POINT('',(-54.604995163,12.372728016,-45.003270933));
#923=CARTESIAN_POINT('',(-54.609170424,12.269058131,-45.019470215));
#924=CARTESIAN_POINT('',(-54.615250619,12.170356504,-45.035606308));
#925=CARTESIAN_POINT('',(-54.621330813,12.071654877,-45.051742402));
#926=CARTESIAN_POINT('',(-54.629312612,11.97713391,-45.067933706));
#927=CARTESIAN_POINT('',(-54.639767228,11.886839981,-45.083947984));
#928=B_SPLINE_CURVE_WITH_KNOTS('',3,(#906,#907,#908,#909,#910,#911,#912,#913,#914,#915,#916,#917,#918,#919,#920,#921,#922,#923,#924,#925,#926,#927),.UNSPECIFIED.,.F.,.F.,(4,3,3,3,3,3,3,4),(0.,0.000407435,0.00081487,0.001222305,0.00162974,0.00244461,0.002852045,0.00325948),.UNSPECIFIED.);
#929=EDGE_CURVE('',#897,#827,#928,.T.);
#930=ORIENTED_EDGE('',*,*,#929,.T.);
#931=ORIENTED_EDGE('',*,*,#834,.T.);
#932=CARTESIAN_POINT('',(-54.639767228,8.272865256,-45.083947984));
#933=CARTESIAN_POINT('',(-54.620487361,8.21424573,-45.054415273));
#934=CARTESIAN_POINT('',(-54.60968532,8.15459447,-45.024760767));
#935=CARTESIAN_POINT('',(-54.604025837,8.093716781,-44.996307588));
#936=CARTESIAN_POINT('',(-54.598366354,8.032839092,-44.96785441));
#937=CARTESIAN_POINT('',(-54.598027173,7.97045555,-44.94037883));
#938=CARTESIAN_POINT('',(-54.601444758,7.907686259,-44.914788942));
#939=CARTESIAN_POINT('',(-54.604862343,7.844916968,-44.889199053));
#940=CARTESIAN_POINT('',(-54.612008743,7.781857217,-44.865480192));
#941=CARTESIAN_POINT('',(-54.622069798,7.718422648,-44.843618478));
#942=CARTESIAN_POINT('',(-54.627100326,7.686705364,-44.83268762));
#943=CARTESIAN_POINT('',(-54.632873737,7.654858975,-44.82221612));
#944=CARTESIAN_POINT('',(-54.63939485,7.623056413,-44.812166361));
#945=CARTESIAN_POINT('',(-54.642655406,7.607155132,-44.807141482));
#946=CARTESIAN_POINT('',(-54.646107547,7.591266771,-44.802216784));
#947=CARTESIAN_POINT('',(-54.649821783,7.575434273,-44.797312821));
#948=CARTESIAN_POINT('',(-54.651678901,7.567518024,-44.79486084));
#949=CARTESIAN_POINT('',(-54.653612415,7.559622134,-44.792402487));
#950=CARTESIAN_POINT('',(-54.655705925,7.55179589,-44.789848529));
#951=CARTESIAN_POINT('',(-54.657799434,7.543969645,-44.78729457));
#952=CARTESIAN_POINT('',(-54.659518011,7.535899058,-44.785211787));
#953=CARTESIAN_POINT('',(-54.663285655,7.529007598,-44.781029856));
#954=B_SPLINE_CURVE_WITH_KNOTS('',3,(#932,#933,#934,#935,#936,#937,#938,#939,#940,#941,#942,#943,#944,#945,#946,#947,#948,#949,#950,#951,#952,#953),.UNSPECIFIED.,.F.,.F.,(4,3,3,3,3,3,3,4),(0.,0.000202208,0.000404415,0.000606623,0.000707727,0.000758279,0.000783555,0.000808831),.UNSPECIFIED.);
#955=EDGE_CURVE('',#829,#899,#954,.T.);
#956=ORIENTED_EDGE('',*,*,#955,.T.);
#957=EDGE_LOOP('',(#905,#930,#931,#956));
#958=FACE_BOUND('',#957,.T.);
#959=ADVANCED_FACE('',(#958),#895,.F.);
#960=CARTESIAN_POINT('',(-53.746257566,12.,-45.798893449));
#961=DIRECTION('',(-0.742948945,0.,-0.669348089));
#962=DIRECTION('',(0.669348089,0.,-0.742948945));
#963=AXIS2_PLACEMENT_3D('',#960,#961,#962);
#964=PLANE('',#963);
#965=CARTESIAN_POINT('',(-54.679140753,14.702367523,-44.763431347));
#966=VERTEX_POINT('',#965);
#967=CARTESIAN_POINT('',(-54.679140753,7.5,-44.763431347));
#968=VERTEX_POINT('',#967);
#969=CARTESIAN_POINT('',(-54.679140753,14.702367523,-44.763431347));
#970=DIRECTION('',(0.,-1.,0.));
#971=VECTOR('',#970,7.202367523);
#972=LINE('',#969,#971);
#973=EDGE_CURVE('',#966,#968,#972,.T.);
#974=ORIENTED_EDGE('',*,*,#973,.F.);
#975=CARTESIAN_POINT('',(-46.017696242,14.9,-54.377279753));
#976=DIRECTION('',(0.742948945,-0.,0.669348089));
#977=DIRECTION('',(-0.669348089,0.,0.742948945));
#978=AXIS2_PLACEMENT_3D('',#975,#976,#977);
#979=ELLIPSE('',#978,12.95594331,4.);
#980=EDGE_CURVE('',#966,#897,#979,.T.);
#981=ORIENTED_EDGE('',*,*,#980,.T.);
#982=ORIENTED_EDGE('',*,*,#904,.T.);
#983=CARTESIAN_POINT('',(-54.663285655,7.529007598,-44.781029856));
#984=CARTESIAN_POINT('',(-54.668571429,7.519339303,-44.775162864));
#985=CARTESIAN_POINT('',(-54.673856075,7.509669632,-44.769297123));
#986=CARTESIAN_POINT('',(-54.679140753,7.5,-44.763431347));
#987=B_SPLINE_CURVE_WITH_KNOTS('',3,(#983,#984,#985,#986),.UNSPECIFIED.,.F.,.F.,(4,4),(0.,0.00003745),.UNSPECIFIED.);
#988=EDGE_CURVE('',#899,#968,#987,.T.);
#989=ORIENTED_EDGE('',*,*,#988,.T.);
#990=EDGE_LOOP('',(#974,#981,#982,#989));
#991=FACE_BOUND('',#990,.T.);
#992=ADVANCED_FACE('',(#991),#964,.T.);
#993=CARTESIAN_POINT('',(-55.138278846,12.,-48.95739298));
#994=DIRECTION('',(0.,-1.,0.));
#995=DIRECTION('',(-0.866025404,0.,0.5));
#996=AXIS2_PLACEMENT_3D('',#993,#994,#995);
#997=CYLINDRICAL_SURFACE('',#996,0.5);
#998=CARTESIAN_POINT('',(-55.571291548,9.2,-48.70739298));
#999=VERTEX_POINT('',#998);
#1000=CARTESIAN_POINT('',(-55.571291548,12.,-48.70739298));
#1001=VERTEX_POINT('',#1000);
#1002=CARTESIAN_POINT('',(-55.571291548,9.2,-48.70739298));
#1003=DIRECTION('',(-0.,1.,-0.));
#1004=VECTOR('',#1003,2.8);
#1005=LINE('',#1002,#1004);
#1006=EDGE_CURVE('',#999,#1001,#1005,.T.);
#1007=ORIENTED_EDGE('',*,*,#1006,.F.);
#1008=CARTESIAN_POINT('',(-54.705266144,9.2,-49.20739298));
#1009=VERTEX_POINT('',#1008);
#1010=CARTESIAN_POINT('',(-55.138278846,9.2,-48.95739298));
#1011=DIRECTION('',(-0.,-1.,-0.));
#1012=DIRECTION('',(-0.866025404,0.,0.5));
#1013=AXIS2_PLACEMENT_3D('',#1010,#1011,#1012);
#1014=CIRCLE('',#1013,0.5);
#1015=EDGE_CURVE('',#999,#1009,#1014,.T.);
#1016=ORIENTED_EDGE('',*,*,#1015,.T.);
#1017=CARTESIAN_POINT('',(-55.138278846,9.2,-48.95739298));
#1018=DIRECTION('',(-0.,-1.,-0.));
#1019=DIRECTION('',(-0.866025404,0.,0.5));
#1020=AXIS2_PLACEMENT_3D('',#1017,#1018,#1019);
#1021=CIRCLE('',#1020,0.5);
#1022=EDGE_CURVE('',#1009,#999,#1021,.T.);
#1023=ORIENTED_EDGE('',*,*,#1022,.T.);
#1024=ORIENTED_EDGE('',*,*,#1006,.T.);
#1025=CARTESIAN_POINT('',(-54.705266144,12.,-49.20739298));
#1026=VERTEX_POINT('',#1025);
#1027=CARTESIAN_POINT('',(-55.138278846,12.,-48.95739298));
#1028=DIRECTION('',(0.,1.,0.));
#1029=DIRECTION('',(0.866025404,0.,-0.5));
#1030=AXIS2_PLACEMENT_3D('',#1027,#1028,#1029);
#1031=CIRCLE('',#1030,0.5);
#1032=EDGE_CURVE('',#1001,#1026,#1031,.T.);
#1033=ORIENTED_EDGE('',*,*,#1032,.T.);
#1034=CARTESIAN_POINT('',(-55.138278846,12.,-48.95739298));
#1035=DIRECTION('',(0.,1.,0.));
#1036=DIRECTION('',(0.866025404,0.,-0.5));
#1037=AXIS2_PLACEMENT_3D('',#1034,#1035,#1036);
#1038=CIRCLE('',#1037,0.5);
#1039=EDGE_CURVE('',#1026,#1001,#1038,.T.);
#1040=ORIENTED_EDGE('',*,*,#1039,.T.);
#1041=EDGE_LOOP('',(#1007,#1016,#1023,#1024,#1033,#1040));
#1042=FACE_BOUND('',#1041,.T.);
#1043=ADVANCED_FACE('',(#1042),#997,.F.);
#1044=CARTESIAN_POINT('',(-17.345640646,12.,17.282610431));
#1045=DIRECTION('',(0.,1.,0.));
#1046=DIRECTION('',(-0.5,0.,-0.866025404));
#1047=AXIS2_PLACEMENT_3D('',#1044,#1045,#1046);
#1048=PLANE('',#1047);
#1049=CARTESIAN_POINT('',(-55.158943232,12.,-47.891459494));
#1050=VERTEX_POINT('',#1049);
#1051=CARTESIAN_POINT('',(-54.092168442,12.,-48.507362206));
#1052=VERTEX_POINT('',#1051);
#1053=CARTESIAN_POINT('',(-55.158943232,12.,-47.891459494));
#1054=DIRECTION('',(0.866025404,0.,-0.5));
#1055=VECTOR('',#1054,1.231805424);
#1056=LINE('',#1053,#1055);
#1057=EDGE_CURVE('',#1050,#1052,#1056,.T.);
#1058=ORIENTED_EDGE('',*,*,#1057,.T.);
#1059=CARTESIAN_POINT('',(-54.646360233,12.,-49.300927663));
#1060=VERTEX_POINT('',#1059);
#1061=CARTESIAN_POINT('',(-54.092168442,12.,-48.507362206));
#1062=DIRECTION('',(-0.572557804,0.,-0.819864355));
#1063=VECTOR('',#1062,0.967922867);
#1064=LINE('',#1061,#1063);
#1065=EDGE_CURVE('',#1052,#1060,#1064,.T.);
#1066=ORIENTED_EDGE('',*,*,#1065,.T.);
#1067=CARTESIAN_POINT('',(-55.657894088,12.,-48.65739298));
#1068=VERTEX_POINT('',#1067);
#1069=CARTESIAN_POINT('',(-55.138278846,12.,-48.95739298));
#1070=DIRECTION('',(0.,1.,0.));
#1071=DIRECTION('',(-0.866025404,0.,0.5));
#1072=AXIS2_PLACEMENT_3D('',#1069,#1070,#1071);
#1073=CIRCLE('',#1072,0.6);
#1074=EDGE_CURVE('',#1060,#1068,#1073,.T.);
#1075=ORIENTED_EDGE('',*,*,#1074,.T.);
#1076=CARTESIAN_POINT('',(-55.640694112,12.,-48.629400754));
#1077=VERTEX_POINT('',#1076);
#1078=CARTESIAN_POINT('',(-55.138278846,12.,-48.95739298));
#1079=DIRECTION('',(0.,1.,0.));
#1080=DIRECTION('',(-0.866025404,0.,0.5));
#1081=AXIS2_PLACEMENT_3D('',#1078,#1079,#1080);
#1082=CIRCLE('',#1081,0.6);
#1083=EDGE_CURVE('',#1068,#1077,#1082,.T.);
#1084=ORIENTED_EDGE('',*,*,#1083,.T.);
#1085=CARTESIAN_POINT('',(-55.640694112,12.,-48.629400754));
#1086=DIRECTION('',(0.54665371,-0.,0.837358777));
#1087=VECTOR('',#1086,0.881272497);
#1088=LINE('',#1085,#1087);
#1089=EDGE_CURVE('',#1077,#1050,#1088,.T.);
#1090=ORIENTED_EDGE('',*,*,#1089,.T.);
#1091=EDGE_LOOP('',(#1058,#1066,#1075,#1084,#1090));
#1092=FACE_BOUND('',#1091,.T.);
#1093=ORIENTED_EDGE('',*,*,#1032,.F.);
#1094=ORIENTED_EDGE('',*,*,#1039,.F.);
#1095=EDGE_LOOP('',(#1093,#1094));
#1096=FACE_BOUND('',#1095,.T.);
#1097=ADVANCED_FACE('',(#1092,#1096),#1048,.T.);
#1098=CARTESIAN_POINT('',(-17.345640646,9.,17.282610431));
#1099=DIRECTION('',(0.,1.,0.));
#1100=DIRECTION('',(-0.5,0.,-0.866025404));
#1101=AXIS2_PLACEMENT_3D('',#1098,#1099,#1100);
#1102=PLANE('',#1101);
#1103=CARTESIAN_POINT('',(-55.744496629,9.,-48.60739298));
#1104=VERTEX_POINT('',#1103);
#1105=CARTESIAN_POINT('',(-54.532061064,9.,-49.30739298));
#1106=VERTEX_POINT('',#1105);
#1107=CARTESIAN_POINT('',(-55.138278846,9.,-48.95739298));
#1108=DIRECTION('',(0.,1.,0.));
#1109=DIRECTION('',(-0.866025404,0.,0.5));
#1110=AXIS2_PLACEMENT_3D('',#1107,#1108,#1109);
#1111=CIRCLE('',#1110,0.7);
#1112=EDGE_CURVE('',#1104,#1106,#1111,.T.);
#1113=ORIENTED_EDGE('',*,*,#1112,.T.);
#1114=CARTESIAN_POINT('',(-55.138278846,9.,-48.95739298));
#1115=DIRECTION('',(0.,1.,0.));
#1116=DIRECTION('',(-0.866025404,0.,0.5));
#1117=AXIS2_PLACEMENT_3D('',#1114,#1115,#1116);
#1118=CIRCLE('',#1117,0.7);
#1119=EDGE_CURVE('',#1106,#1104,#1118,.T.);
#1120=ORIENTED_EDGE('',*,*,#1119,.T.);
#1121=EDGE_LOOP('',(#1113,#1120));
#1122=FACE_BOUND('',#1121,.T.);
#1123=CARTESIAN_POINT('',(-52.934525758,9.,-47.559146767));
#1124=VERTEX_POINT('',#1123);
#1125=CARTESIAN_POINT('',(-55.186191808,9.,-46.259146767));
#1126=VERTEX_POINT('',#1125);
#1127=CARTESIAN_POINT('',(-52.934525758,9.,-47.559146767));
#1128=DIRECTION('',(-0.866025404,-0.,0.5));
#1129=VECTOR('',#1128,2.6);
#1130=LINE('',#1127,#1129);
#1131=EDGE_CURVE('',#1124,#1126,#1130,.T.);
#1132=ORIENTED_EDGE('',*,*,#1131,.T.);
#1133=CARTESIAN_POINT('',(-53.936191808,9.,-44.094083258));
#1134=DIRECTION('',(0.,1.,0.));
#1135=DIRECTION('',(-0.866025404,0.,0.5));
#1136=AXIS2_PLACEMENT_3D('',#1133,#1134,#1135);
#1137=CIRCLE('',#1136,2.5);
#1138=EDGE_CURVE('',#1126,#862,#1137,.T.);
#1139=ORIENTED_EDGE('',*,*,#1138,.T.);
#1140=ORIENTED_EDGE('',*,*,#867,.T.);
#1141=CARTESIAN_POINT('',(-55.138278846,9.,-48.95739298));
#1142=DIRECTION('',(0.,1.,0.));
#1143=DIRECTION('',(0.866025404,0.,-0.5));
#1144=AXIS2_PLACEMENT_3D('',#1141,#1142,#1143);
#1145=CIRCLE('',#1144,1.7);
#1146=EDGE_CURVE('',#794,#854,#1145,.T.);
#1147=ORIENTED_EDGE('',*,*,#1146,.F.);
#1148=ORIENTED_EDGE('',*,*,#816,.F.);
#1149=ORIENTED_EDGE('',*,*,#777,.F.);
#1150=CARTESIAN_POINT('',(-51.734525758,9.,-45.480685798));
#1151=DIRECTION('',(0.,1.,0.));
#1152=DIRECTION('',(-0.866025404,0.,0.5));
#1153=AXIS2_PLACEMENT_3D('',#1150,#1151,#1152);
#1154=CIRCLE('',#1153,2.4);
#1155=EDGE_CURVE('',#754,#1124,#1154,.T.);
#1156=ORIENTED_EDGE('',*,*,#1155,.T.);
#1157=EDGE_LOOP('',(#1132,#1139,#1140,#1147,#1148,#1149,#1156));
#1158=FACE_BOUND('',#1157,.T.);
#1159=ADVANCED_FACE('',(#1122,#1158),#1102,.F.);
#1160=CARTESIAN_POINT('',(-53.936191808,0.,-44.094083258));
#1161=DIRECTION('',(-0.,-1.,-0.));
#1162=DIRECTION('',(-0.5,0.,-0.866025404));
#1163=AXIS2_PLACEMENT_3D('',#1160,#1161,#1162);
#1164=CYLINDRICAL_SURFACE('',#1163,1.);
#1165=CARTESIAN_POINT('',(-54.679140753,-7.5,-44.763431347));
#1166=VERTEX_POINT('',#1165);
#1167=CARTESIAN_POINT('',(-54.679140753,7.5,-44.763431347));
#1168=DIRECTION('',(-0.,-1.,-0.));
#1169=VECTOR('',#1168,15.);
#1170=LINE('',#1167,#1169);
#1171=EDGE_CURVE('',#968,#1166,#1170,.T.);
#1172=ORIENTED_EDGE('',*,*,#1171,.F.);
#1173=CARTESIAN_POINT('',(-54.436191808,7.5,-44.960108662));
#1174=VERTEX_POINT('',#1173);
#1175=CARTESIAN_POINT('',(-53.936191808,7.5,-44.094083258));
#1176=DIRECTION('',(-0.,-1.,-0.));
#1177=DIRECTION('',(-0.866025404,0.,0.5));
#1178=AXIS2_PLACEMENT_3D('',#1175,#1176,#1177);
#1179=CIRCLE('',#1178,1.);
#1180=EDGE_CURVE('',#968,#1174,#1179,.T.);
#1181=ORIENTED_EDGE('',*,*,#1180,.T.);
#1182=CARTESIAN_POINT('',(-54.436191808,-7.5,-44.960108662));
#1183=VERTEX_POINT('',#1182);
#1184=CARTESIAN_POINT('',(-54.436191808,7.5,-44.960108662));
#1185=DIRECTION('',(-0.,-1.,-0.));
#1186=VECTOR('',#1185,15.);
#1187=LINE('',#1184,#1186);
#1188=EDGE_CURVE('',#1174,#1183,#1187,.T.);
#1189=ORIENTED_EDGE('',*,*,#1188,.T.);
#1190=CARTESIAN_POINT('',(-53.936191808,-7.5,-44.094083258));
#1191=DIRECTION('',(-0.,1.,-0.));
#1192=DIRECTION('',(0.866025404,0.,-0.5));
#1193=AXIS2_PLACEMENT_3D('',#1190,#1191,#1192);
#1194=CIRCLE('',#1193,1.);
#1195=EDGE_CURVE('',#1183,#1166,#1194,.T.);
#1196=ORIENTED_EDGE('',*,*,#1195,.T.);
#1197=EDGE_LOOP('',(#1172,#1181,#1189,#1196));
#1198=FACE_BOUND('',#1197,.T.);
#1199=ADVANCED_FACE('',(#1198),#1164,.T.);
#1200=CARTESIAN_POINT('',(-55.303949262,0.,-44.459108662));
#1201=DIRECTION('',(-0.5,0.,-0.866025404));
#1202=DIRECTION('',(0.,1.,0.));
#1203=AXIS2_PLACEMENT_3D('',#1200,#1201,#1202);
#1204=PLANE('',#1203);
#1205=ORIENTED_EDGE('',*,*,#1188,.F.);
#1206=CARTESIAN_POINT('',(-52.184525758,7.5,-46.260108662));
#1207=VERTEX_POINT('',#1206);
#1208=CARTESIAN_POINT('',(-54.436191808,7.5,-44.960108662));
#1209=DIRECTION('',(0.866025404,0.,-0.5));
#1210=VECTOR('',#1209,2.6);
#1211=LINE('',#1208,#1210);
#1212=EDGE_CURVE('',#1174,#1207,#1211,.T.);
#1213=ORIENTED_EDGE('',*,*,#1212,.T.);
#1214=CARTESIAN_POINT('',(-52.184525758,-7.5,-46.260108662));
#1215=VERTEX_POINT('',#1214);
#1216=CARTESIAN_POINT('',(-52.184525758,-7.5,-46.260108662));
#1217=DIRECTION('',(0.,1.,0.));
#1218=VECTOR('',#1217,15.);
#1219=LINE('',#1216,#1218);
#1220=EDGE_CURVE('',#1215,#1207,#1219,.T.);
#1221=ORIENTED_EDGE('',*,*,#1220,.F.);
#1222=CARTESIAN_POINT('',(-52.184525758,-7.5,-46.260108662));
#1223=DIRECTION('',(-0.866025404,-0.,0.5));
#1224=VECTOR('',#1223,2.6);
#1225=LINE('',#1222,#1224);
#1226=EDGE_CURVE('',#1215,#1183,#1225,.T.);
#1227=ORIENTED_EDGE('',*,*,#1226,.T.);
#1228=EDGE_LOOP('',(#1205,#1213,#1221,#1227));
#1229=FACE_BOUND('',#1228,.T.);
#1230=ADVANCED_FACE('',(#1229),#1204,.T.);
#1231=CARTESIAN_POINT('',(-47.339099262,-0.,-30.663583787));
#1232=DIRECTION('',(0.5,-0.,0.866025404));
#1233=DIRECTION('',(-0.,-1.,-0.));
#1234=AXIS2_PLACEMENT_3D('',#1231,#1232,#1233);
#1235=PLANE('',#1234);
#1236=CARTESIAN_POINT('',(-46.086181761,9.227938193,-31.386956044));
#1237=VERTEX_POINT('',#1236);
#1238=CARTESIAN_POINT('',(-46.471341789,9.499459833,-31.164583798));
#1239=VERTEX_POINT('',#1238);
#1240=CARTESIAN_POINT('',(-46.086181784,9.727938193,-31.38695603));
#1241=DIRECTION('',(-0.5,0.,-0.866025404));
#1242=DIRECTION('',(-0.,-1.,-0.));
#1243=AXIS2_PLACEMENT_3D('',#1240,#1241,#1242);
#1244=CIRCLE('',#1243,0.5);
#1245=EDGE_CURVE('',#1237,#1239,#1244,.T.);
#1246=ORIENTED_EDGE('',*,*,#1245,.T.);
#1247=CARTESIAN_POINT('',(-46.471341808,-14.9,-31.164583787));
#1248=VERTEX_POINT('',#1247);
#1249=CARTESIAN_POINT('',(-46.471341808,-14.9,-31.164583787));
#1250=DIRECTION('',(0.,1.,0.));
#1251=VECTOR('',#1250,24.399459833);
#1252=LINE('',#1249,#1251);
#1253=EDGE_CURVE('',#1248,#1239,#1252,.T.);
#1254=ORIENTED_EDGE('',*,*,#1253,.F.);
#1255=CARTESIAN_POINT('',(-44.219675758,-14.9,-32.464583787));
#1256=VERTEX_POINT('',#1255);
#1257=CARTESIAN_POINT('',(-46.471341808,-14.9,-31.164583787));
#1258=DIRECTION('',(0.866025404,0.,-0.5));
#1259=VECTOR('',#1258,2.6);
#1260=LINE('',#1257,#1259);
#1261=EDGE_CURVE('',#1248,#1256,#1260,.T.);
#1262=ORIENTED_EDGE('',*,*,#1261,.T.);
#1263=CARTESIAN_POINT('',(-44.219675758,-11.527926268,-32.464583787));
#1264=VERTEX_POINT('',#1263);
#1265=CARTESIAN_POINT('',(-44.219675758,-11.527926268,-32.464583787));
#1266=DIRECTION('',(-0.,-1.,-0.));
#1267=VECTOR('',#1266,3.372073732);
#1268=LINE('',#1265,#1267);
#1269=EDGE_CURVE('',#1264,#1256,#1268,.T.);
#1270=ORIENTED_EDGE('',*,*,#1269,.F.);
#1271=CARTESIAN_POINT('',(-44.566085924,-11.727926275,-32.264583784));
#1272=VERTEX_POINT('',#1271);
#1273=CARTESIAN_POINT('',(-44.566085924,-11.227926275,-32.264583784));
#1274=DIRECTION('',(-0.5,0.,-0.866025404));
#1275=DIRECTION('',(-0.,-1.,-0.));
#1276=AXIS2_PLACEMENT_3D('',#1273,#1274,#1275);
#1277=CIRCLE('',#1276,0.5);
#1278=EDGE_CURVE('',#1264,#1272,#1277,.T.);
#1279=ORIENTED_EDGE('',*,*,#1278,.T.);
#1280=CARTESIAN_POINT('',(-44.999098626,-11.227926275,-32.014583784));
#1281=VERTEX_POINT('',#1280);
#1282=CARTESIAN_POINT('',(-44.566085924,-11.227926275,-32.264583784));
#1283=DIRECTION('',(-0.5,0.,-0.866025404));
#1284=DIRECTION('',(-0.,-1.,-0.));
#1285=AXIS2_PLACEMENT_3D('',#1282,#1283,#1284);
#1286=CIRCLE('',#1285,0.5);
#1287=EDGE_CURVE('',#1272,#1281,#1286,.T.);
#1288=ORIENTED_EDGE('',*,*,#1287,.T.);
#1289=CARTESIAN_POINT('',(-44.999098626,-8.227926275,-32.014583784));
#1290=VERTEX_POINT('',#1289);
#1291=CARTESIAN_POINT('',(-44.999098626,-8.227926275,-32.014583784));
#1292=DIRECTION('',(-0.,-1.,-0.));
#1293=VECTOR('',#1292,3.);
#1294=LINE('',#1291,#1293);
#1295=EDGE_CURVE('',#1290,#1281,#1294,.T.);
#1296=ORIENTED_EDGE('',*,*,#1295,.F.);
#1297=CARTESIAN_POINT('',(-44.219675758,-7.927926282,-32.464583787));
#1298=VERTEX_POINT('',#1297);
#1299=CARTESIAN_POINT('',(-44.566085924,-8.227926275,-32.264583784));
#1300=DIRECTION('',(-0.5,0.,-0.866025404));
#1301=DIRECTION('',(-0.,-1.,-0.));
#1302=AXIS2_PLACEMENT_3D('',#1299,#1300,#1301);
#1303=CIRCLE('',#1302,0.5);
#1304=EDGE_CURVE('',#1290,#1298,#1303,.T.);
#1305=ORIENTED_EDGE('',*,*,#1304,.T.);
#1306=CARTESIAN_POINT('',(-44.219675757,9.432597184,-32.464583787));
#1307=VERTEX_POINT('',#1306);
#1308=CARTESIAN_POINT('',(-44.219675758,9.432597184,-32.464583787));
#1309=DIRECTION('',(-0.,-1.,-0.));
#1310=VECTOR('',#1309,17.360523466);
#1311=LINE('',#1308,#1310);
#1312=EDGE_CURVE('',#1307,#1298,#1311,.T.);
#1313=ORIENTED_EDGE('',*,*,#1312,.F.);
#1314=CARTESIAN_POINT('',(-44.569075624,9.227938193,-32.262857681));
#1315=VERTEX_POINT('',#1314);
#1316=CARTESIAN_POINT('',(-44.569075624,9.727938193,-32.262857681));
#1317=DIRECTION('',(-0.5,0.,-0.866025404));
#1318=DIRECTION('',(-0.,-1.,-0.));
#1319=AXIS2_PLACEMENT_3D('',#1316,#1317,#1318);
#1320=CIRCLE('',#1319,0.5);
#1321=EDGE_CURVE('',#1307,#1315,#1320,.T.);
#1322=ORIENTED_EDGE('',*,*,#1321,.T.);
#1323=CARTESIAN_POINT('',(-44.569075624,9.227938193,-32.262857681));
#1324=DIRECTION('',(-0.866025404,-0.,0.5));
#1325=VECTOR('',#1324,1.751803274);
#1326=LINE('',#1323,#1325);
#1327=EDGE_CURVE('',#1315,#1237,#1326,.T.);
#1328=ORIENTED_EDGE('',*,*,#1327,.T.);
#1329=EDGE_LOOP('',(#1246,#1254,#1262,#1270,#1279,#1288,#1296,#1305,#1313,#1322,#1328));
#1330=FACE_BOUND('',#1329,.T.);
#1331=ADVANCED_FACE('',(#1330),#1235,.T.);
#1332=CARTESIAN_POINT('',(-55.305354823,0.,-45.848065933));
#1333=DIRECTION('',(-0.866025404,-0.,0.5));
#1334=DIRECTION('',(0.5,-0.,0.866025404));
#1335=AXIS2_PLACEMENT_3D('',#1332,#1333,#1334);
#1336=PLANE('',#1335);
#1337=CARTESIAN_POINT('',(-52.953567291,18.351146922,-41.774650441));
#1338=VERTEX_POINT('',#1337);
#1339=CARTESIAN_POINT('',(-54.679076738,14.929726802,-44.76332047));
#1340=VERTEX_POINT('',#1339);
#1341=CARTESIAN_POINT('',(-52.953567291,14.9,-41.774650441));
#1342=DIRECTION('',(-0.866025404,-0.,0.5));
#1343=DIRECTION('',(-0.5,0.,-0.866025404));
#1344=AXIS2_PLACEMENT_3D('',#1341,#1342,#1343);
#1345=CIRCLE('',#1344,3.451146922);
#1346=EDGE_CURVE('',#1338,#1340,#1345,.T.);
#1347=ORIENTED_EDGE('',*,*,#1346,.T.);
#1348=CARTESIAN_POINT('',(-54.6790812,14.9,-44.763328199));
#1349=VERTEX_POINT('',#1348);
#1350=CARTESIAN_POINT('',(-54.679076738,14.929726802,-44.76332047));
#1351=CARTESIAN_POINT('',(-54.679079758,14.919818006,-44.763325701));
#1352=CARTESIAN_POINT('',(-54.6790812,14.909909068,-44.763328199));
#1353=CARTESIAN_POINT('',(-54.6790812,14.9,-44.763328199));
#1354=B_SPLINE_CURVE_WITH_KNOTS('',3,(#1350,#1351,#1352,#1353),.UNSPECIFIED.,.F.,.F.,(4,4),(0.,0.000029697),.UNSPECIFIED.);
#1355=EDGE_CURVE('',#1340,#1349,#1354,.T.);
#1356=ORIENTED_EDGE('',*,*,#1355,.T.);
#1357=CARTESIAN_POINT('',(-54.6790812,14.9,-44.763328199));
#1358=CARTESIAN_POINT('',(-54.6790812,14.834122344,-44.763328199));
#1359=CARTESIAN_POINT('',(-54.679140753,14.768245179,-44.763431347));
#1360=CARTESIAN_POINT('',(-54.679140753,14.702367523,-44.763431347));
#1361=B_SPLINE_CURVE_WITH_KNOTS('',3,(#1357,#1358,#1359,#1360),.UNSPECIFIED.,.F.,.F.,(4,4),(0.,0.000197631),.UNSPECIFIED.);
#1362=EDGE_CURVE('',#1349,#966,#1361,.T.);
#1363=ORIENTED_EDGE('',*,*,#1362,.T.);
#1364=ORIENTED_EDGE('',*,*,#973,.T.);
#1365=ORIENTED_EDGE('',*,*,#1171,.T.);
#1366=CARTESIAN_POINT('',(-54.679140753,-14.702367523,-44.763431347));
#1367=VERTEX_POINT('',#1366);
#1368=CARTESIAN_POINT('',(-54.679140753,-14.702367523,-44.763431347));
#1369=DIRECTION('',(0.,1.,0.));
#1370=VECTOR('',#1369,7.202367523);
#1371=LINE('',#1368,#1370);
#1372=EDGE_CURVE('',#1367,#1166,#1371,.T.);
#1373=ORIENTED_EDGE('',*,*,#1372,.F.);
#1374=CARTESIAN_POINT('',(-54.6790812,-14.9,-44.763328199));
#1375=VERTEX_POINT('',#1374);
#1376=CARTESIAN_POINT('',(-54.679140753,-14.702367523,-44.763431347));
#1377=CARTESIAN_POINT('',(-54.679140753,-14.76824519,-44.763431347));
#1378=CARTESIAN_POINT('',(-54.6790812,-14.834122333,-44.763328199));
#1379=CARTESIAN_POINT('',(-54.6790812,-14.9,-44.763328199));
#1380=B_SPLINE_CURVE_WITH_KNOTS('',3,(#1376,#1377,#1378,#1379),.UNSPECIFIED.,.F.,.F.,(4,4),(0.,0.000197631),.UNSPECIFIED.);
#1381=EDGE_CURVE('',#1367,#1375,#1380,.T.);
#1382=ORIENTED_EDGE('',*,*,#1381,.T.);
#1383=CARTESIAN_POINT('',(-54.679076738,-14.929726799,-44.76332047));
#1384=VERTEX_POINT('',#1383);
#1385=CARTESIAN_POINT('',(-54.6790812,-14.9,-44.763328199));
#1386=CARTESIAN_POINT('',(-54.6790812,-14.909909067,-44.763328199));
#1387=CARTESIAN_POINT('',(-54.679079755,-14.919818004,-44.763325696));
#1388=CARTESIAN_POINT('',(-54.679076738,-14.929726799,-44.763320471));
#1389=B_SPLINE_CURVE_WITH_KNOTS('',3,(#1385,#1386,#1387,#1388),.UNSPECIFIED.,.F.,.F.,(4,4),(0.,0.000029697),.UNSPECIFIED.);
#1390=EDGE_CURVE('',#1375,#1384,#1389,.T.);
#1391=ORIENTED_EDGE('',*,*,#1390,.T.);
#1392=CARTESIAN_POINT('',(-52.953567291,-18.351146922,-41.774650441));
#1393=VERTEX_POINT('',#1392);
#1394=CARTESIAN_POINT('',(-52.953567291,-14.9,-41.774650441));
#1395=DIRECTION('',(-0.866025404,-0.,0.5));
#1396=DIRECTION('',(-0.5,0.,-0.866025404));
#1397=AXIS2_PLACEMENT_3D('',#1394,#1395,#1396);
#1398=CIRCLE('',#1397,3.451146922);
#1399=EDGE_CURVE('',#1384,#1393,#1398,.T.);
#1400=ORIENTED_EDGE('',*,*,#1399,.T.);
#1401=CARTESIAN_POINT('',(-48.488717291,-18.351146923,-34.041303393));
#1402=VERTEX_POINT('',#1401);
#1403=CARTESIAN_POINT('',(-52.953567291,-18.351146922,-41.774650441));
#1404=CARTESIAN_POINT('',(-51.465283958,-18.351146922,-39.196868092));
#1405=CARTESIAN_POINT('',(-49.977000624,-18.351146922,-36.619085742));
#1406=CARTESIAN_POINT('',(-48.488717291,-18.351146923,-34.041303393));
#1407=B_SPLINE_CURVE_WITH_KNOTS('',3,(#1403,#1404,#1405,#1406),.UNSPECIFIED.,.F.,.F.,(4,4),(0.008985718,0.017915418),.UNSPECIFIED.);
#1408=EDGE_CURVE('',#1393,#1402,#1407,.T.);
#1409=ORIENTED_EDGE('',*,*,#1408,.T.);
#1410=CARTESIAN_POINT('',(-46.763143829,-14.9,-31.052522486));
#1411=VERTEX_POINT('',#1410);
#1412=CARTESIAN_POINT('',(-48.488717291,-14.9,-34.041303393));
#1413=DIRECTION('',(-0.866025404,-0.,0.5));
#1414=DIRECTION('',(-0.5,0.,-0.866025404));
#1415=AXIS2_PLACEMENT_3D('',#1412,#1413,#1414);
#1416=CIRCLE('',#1415,3.451146923);
#1417=EDGE_CURVE('',#1402,#1411,#1416,.T.);
#1418=ORIENTED_EDGE('',*,*,#1417,.T.);
#1419=CARTESIAN_POINT('',(-46.763143829,14.9,-31.052522486));
#1420=VERTEX_POINT('',#1419);
#1421=CARTESIAN_POINT('',(-46.763143829,-14.9,-31.052522486));
#1422=DIRECTION('',(0.,1.,0.));
#1423=VECTOR('',#1422,29.8);
#1424=LINE('',#1421,#1423);
#1425=EDGE_CURVE('',#1411,#1420,#1424,.T.);
#1426=ORIENTED_EDGE('',*,*,#1425,.T.);
#1427=CARTESIAN_POINT('',(-48.488717291,18.351146923,-34.041303393));
#1428=VERTEX_POINT('',#1427);
#1429=CARTESIAN_POINT('',(-48.488717291,14.9,-34.041303393));
#1430=DIRECTION('',(-0.866025404,-0.,0.5));
#1431=DIRECTION('',(-0.5,0.,-0.866025404));
#1432=AXIS2_PLACEMENT_3D('',#1429,#1430,#1431);
#1433=CIRCLE('',#1432,3.451146923);
#1434=EDGE_CURVE('',#1420,#1428,#1433,.T.);
#1435=ORIENTED_EDGE('',*,*,#1434,.T.);
#1436=CARTESIAN_POINT('',(-48.488717291,18.351146923,-34.041303393));
#1437=CARTESIAN_POINT('',(-49.977000624,18.351146922,-36.619085742));
#1438=CARTESIAN_POINT('',(-51.465283958,18.351146922,-39.196868092));
#1439=CARTESIAN_POINT('',(-52.953567291,18.351146922,-41.774650441));
#1440=B_SPLINE_CURVE_WITH_KNOTS('',3,(#1436,#1437,#1438,#1439),.UNSPECIFIED.,.F.,.F.,(4,4),(0.008985718,0.017915418),.UNSPECIFIED.);
#1441=EDGE_CURVE('',#1428,#1338,#1440,.T.);
#1442=ORIENTED_EDGE('',*,*,#1441,.T.);
#1443=EDGE_LOOP('',(#1347,#1356,#1363,#1364,#1365,#1373,#1382,#1391,#1400,#1409,#1418,#1426,#1435,#1442));
#1444=FACE_BOUND('',#1443,.T.);
#1445=CARTESIAN_POINT('',(-47.284931186,14.21844831,-31.9562847));
#1446=VERTEX_POINT('',#1445);
#1447=CARTESIAN_POINT('',(-47.26314382,14.4,-31.918547895));
#1448=VERTEX_POINT('',#1447);
#1449=CARTESIAN_POINT('',(-47.463143829,14.4,-32.264958052));
#1450=DIRECTION('',(-0.866025404,-0.,0.5));
#1451=DIRECTION('',(-0.5,0.,-0.866025404));
#1452=AXIS2_PLACEMENT_3D('',#1449,#1450,#1451);
#1453=CIRCLE('',#1452,0.4);
#1454=EDGE_CURVE('',#1446,#1448,#1453,.T.);
#1455=ORIENTED_EDGE('',*,*,#1454,.F.);
#1456=CARTESIAN_POINT('',(-46.621970187,15.579304973,-30.808002566));
#1457=DIRECTION('',(-0.866025404,-0.,0.5));
#1458=DIRECTION('',(0.5,-0.,0.866025404));
#1459=AXIS2_PLACEMENT_3D('',#1456,#1457,#1458);
#1460=CIRCLE('',#1459,1.9);
#1461=EDGE_CURVE('',#1446,#260,#1460,.T.);
#1462=ORIENTED_EDGE('',*,*,#1461,.T.);
#1463=ORIENTED_EDGE('',*,*,#266,.F.);
#1464=CARTESIAN_POINT('',(-46.91314382,8.417085318,-31.312330112));
#1465=VERTEX_POINT('',#1464);
#1466=CARTESIAN_POINT('',(-46.91314382,12.982699176,-31.312330112));
#1467=DIRECTION('',(-0.,-1.,-0.));
#1468=VECTOR('',#1467,4.565613858);
#1469=LINE('',#1466,#1468);
#1470=EDGE_CURVE('',#258,#1465,#1469,.T.);
#1471=ORIENTED_EDGE('',*,*,#1470,.T.);
#1472=CARTESIAN_POINT('',(-47.124778515,8.236869561,-31.678892156));
#1473=VERTEX_POINT('',#1472);
#1474=CARTESIAN_POINT('',(-47.038143829,8.417085318,-31.528836458));
#1475=DIRECTION('',(-0.866025404,-0.,0.5));
#1476=DIRECTION('',(-0.5,0.,-0.866025404));
#1477=AXIS2_PLACEMENT_3D('',#1474,#1475,#1476);
#1478=CIRCLE('',#1477,0.25);
#1479=EDGE_CURVE('',#1473,#1465,#1478,.T.);
#1480=ORIENTED_EDGE('',*,*,#1479,.F.);
#1481=CARTESIAN_POINT('',(-47.340935373,8.763079024,-32.053286817));
#1482=VERTEX_POINT('',#1481);
#1483=CARTESIAN_POINT('',(-46.116461291,10.334350861,-29.932435494));
#1484=DIRECTION('',(-0.866025404,0.,0.5));
#1485=DIRECTION('',(-0.5,0.,-0.866025404));
#1486=AXIS2_PLACEMENT_3D('',#1483,#1484,#1485);
#1487=CIRCLE('',#1486,2.90968079);
#1488=EDGE_CURVE('',#1482,#1473,#1487,.T.);
#1489=ORIENTED_EDGE('',*,*,#1488,.F.);
#1490=CARTESIAN_POINT('',(-47.44614229,8.628075225,-32.235510523));
#1491=DIRECTION('',(0.866025404,0.,-0.5));
#1492=DIRECTION('',(-0.5,0.,-0.866025404));
#1493=AXIS2_PLACEMENT_3D('',#1490,#1491,#1492);
#1494=CIRCLE('',#1493,0.25);
#1495=EDGE_CURVE('',#533,#1482,#1494,.T.);
#1496=ORIENTED_EDGE('',*,*,#1495,.F.);
#1497=ORIENTED_EDGE('',*,*,#538,.F.);
#1498=CARTESIAN_POINT('',(-47.340935373,-8.763079024,-32.053286817));
#1499=VERTEX_POINT('',#1498);
#1500=CARTESIAN_POINT('',(-47.446142281,-8.628075225,-32.235510528));
#1501=DIRECTION('',(0.866025404,0.,-0.5));
#1502=DIRECTION('',(-0.5,0.,-0.866025404));
#1503=AXIS2_PLACEMENT_3D('',#1500,#1501,#1502);
#1504=CIRCLE('',#1503,0.25);
#1505=EDGE_CURVE('',#1499,#524,#1504,.T.);
#1506=ORIENTED_EDGE('',*,*,#1505,.F.);
#1507=CARTESIAN_POINT('',(-47.124778515,-8.236869561,-31.678892156));
#1508=VERTEX_POINT('',#1507);
#1509=CARTESIAN_POINT('',(-46.116461291,-10.334350861,-29.932435494));
#1510=DIRECTION('',(0.866025404,0.,-0.5));
#1511=DIRECTION('',(-0.5,0.,-0.866025404));
#1512=AXIS2_PLACEMENT_3D('',#1509,#1510,#1511);
#1513=CIRCLE('',#1512,2.90968079);
#1514=EDGE_CURVE('',#1499,#1508,#1513,.T.);
#1515=ORIENTED_EDGE('',*,*,#1514,.T.);
#1516=CARTESIAN_POINT('',(-46.91314382,-8.417085318,-31.312330112));
#1517=VERTEX_POINT('',#1516);
#1518=CARTESIAN_POINT('',(-47.038143829,-8.417085318,-31.528836458));
#1519=DIRECTION('',(-0.866025404,-0.,0.5));
#1520=DIRECTION('',(-0.5,0.,-0.866025404));
#1521=AXIS2_PLACEMENT_3D('',#1518,#1519,#1520);
#1522=CIRCLE('',#1521,0.25);
#1523=EDGE_CURVE('',#1517,#1508,#1522,.T.);
#1524=ORIENTED_EDGE('',*,*,#1523,.F.);
#1525=CARTESIAN_POINT('',(-46.91314382,-14.182699176,-31.312330112));
#1526=DIRECTION('',(-0.,1.,-0.));
#1527=VECTOR('',#1526,5.765613858);
#1528=LINE('',#1525,#1527);
#1529=EDGE_CURVE('',#52,#1517,#1528,.T.);
#1530=ORIENTED_EDGE('',*,*,#1529,.F.);
#1531=ORIENTED_EDGE('',*,*,#58,.T.);
#1532=CARTESIAN_POINT('',(-48.488717281,-17.351146923,-34.041303399));
#1533=VERTEX_POINT('',#1532);
#1534=CARTESIAN_POINT('',(-48.488717281,-14.9,-34.041303399));
#1535=DIRECTION('',(0.866025404,0.,-0.5));
#1536=DIRECTION('',(-0.5,0.,-0.866025404));
#1537=AXIS2_PLACEMENT_3D('',#1534,#1535,#1536);
#1538=CIRCLE('',#1537,2.451146923);
#1539=EDGE_CURVE('',#44,#1533,#1538,.T.);
#1540=ORIENTED_EDGE('',*,*,#1539,.T.);
#1541=CARTESIAN_POINT('',(-52.953567291,-17.351146922,-41.774650441));
#1542=VERTEX_POINT('',#1541);
#1543=CARTESIAN_POINT('',(-48.488717281,-17.351146923,-34.041303399));
#1544=DIRECTION('',(-0.5,0.,-0.866025404));
#1545=VECTOR('',#1544,8.9297);
#1546=LINE('',#1543,#1545);
#1547=EDGE_CURVE('',#1533,#1542,#1546,.T.);
#1548=ORIENTED_EDGE('',*,*,#1547,.T.);
#1549=CARTESIAN_POINT('',(-54.179140741,-14.9,-43.89740595));
#1550=VERTEX_POINT('',#1549);
#1551=CARTESIAN_POINT('',(-52.95356728,-14.9,-41.774650447));
#1552=DIRECTION('',(0.866025404,0.,-0.5));
#1553=DIRECTION('',(-0.5,0.,-0.866025404));
#1554=AXIS2_PLACEMENT_3D('',#1551,#1552,#1553);
#1555=CIRCLE('',#1554,2.451146922);
#1556=EDGE_CURVE('',#1542,#1550,#1555,.T.);
#1557=ORIENTED_EDGE('',*,*,#1556,.T.);
#1558=CARTESIAN_POINT('',(-54.179140741,-14.4,-43.89740595));
#1559=VERTEX_POINT('',#1558);
#1560=CARTESIAN_POINT('',(-54.179140741,-14.9,-43.89740595));
#1561=DIRECTION('',(-0.,1.,-0.));
#1562=VECTOR('',#1561,0.5);
#1563=LINE('',#1560,#1562);
#1564=EDGE_CURVE('',#1550,#1559,#1563,.T.);
#1565=ORIENTED_EDGE('',*,*,#1564,.T.);
#1566=CARTESIAN_POINT('',(-54.071142292,-14.044834029,-43.710347122));
#1567=VERTEX_POINT('',#1566);
#1568=CARTESIAN_POINT('',(-53.979140753,-14.4,-43.550995782));
#1569=DIRECTION('',(-0.866025404,-0.,0.5));
#1570=DIRECTION('',(-0.5,0.,-0.866025404));
#1571=AXIS2_PLACEMENT_3D('',#1568,#1569,#1570);
#1572=CIRCLE('',#1571,0.4);
#1573=EDGE_CURVE('',#1567,#1559,#1572,.T.);
#1574=ORIENTED_EDGE('',*,*,#1573,.F.);
#1575=CARTESIAN_POINT('',(-54.071142292,9.227938193,-43.710347122));
#1576=VERTEX_POINT('',#1575);
#1577=CARTESIAN_POINT('',(-54.071142292,-14.044834029,-43.710347122));
#1578=DIRECTION('',(-0.,1.,0.));
#1579=VECTOR('',#1578,23.272772222);
#1580=LINE('',#1577,#1579);
#1581=EDGE_CURVE('',#1567,#1576,#1580,.T.);
#1582=ORIENTED_EDGE('',*,*,#1581,.T.);
#1583=CARTESIAN_POINT('',(-54.487354792,9.227938193,-44.431248319));
#1584=VERTEX_POINT('',#1583);
#1585=CARTESIAN_POINT('',(-54.071142292,9.227938193,-43.710347122));
#1586=DIRECTION('',(-0.5,0.,-0.866025404));
#1587=VECTOR('',#1586,0.832425);
#1588=LINE('',#1585,#1587);
#1589=EDGE_CURVE('',#1576,#1584,#1588,.T.);
#1590=ORIENTED_EDGE('',*,*,#1589,.T.);
#1591=CARTESIAN_POINT('',(-54.487354792,10.227938193,-44.431248319));
#1592=VERTEX_POINT('',#1591);
#1593=CARTESIAN_POINT('',(-54.487354792,9.227938193,-44.431248319));
#1594=DIRECTION('',(-0.,1.,-0.));
#1595=VECTOR('',#1594,1.);
#1596=LINE('',#1593,#1595);
#1597=EDGE_CURVE('',#1584,#1592,#1596,.T.);
#1598=ORIENTED_EDGE('',*,*,#1597,.T.);
#1599=CARTESIAN_POINT('',(-54.487354792,10.227938193,-44.431248319));
#1600=DIRECTION('',(-0.003085235,0.999980962,-0.005343784));
#1601=VECTOR('',#1600,3.159924644);
#1602=LINE('',#1599,#1601);
#1603=EDGE_CURVE('',#1592,#328,#1602,.T.);
#1604=ORIENTED_EDGE('',*,*,#1603,.T.);
#1605=ORIENTED_EDGE('',*,*,#334,.F.);
#1606=CARTESIAN_POINT('',(-54.179140741,14.4,-43.89740595));
#1607=VERTEX_POINT('',#1606);
#1608=CARTESIAN_POINT('',(-53.979140753,14.4,-43.550995782));
#1609=DIRECTION('',(-0.866025404,-0.,0.5));
#1610=DIRECTION('',(-0.5,0.,-0.866025404));
#1611=AXIS2_PLACEMENT_3D('',#1608,#1609,#1610);
#1612=CIRCLE('',#1611,0.4);
#1613=EDGE_CURVE('',#1607,#320,#1612,.T.);
#1614=ORIENTED_EDGE('',*,*,#1613,.F.);
#1615=CARTESIAN_POINT('',(-54.179140741,14.9,-43.89740595));
#1616=VERTEX_POINT('',#1615);
#1617=CARTESIAN_POINT('',(-54.179140741,14.4,-43.89740595));
#1618=DIRECTION('',(-0.,1.,-0.));
#1619=VECTOR('',#1618,0.5);
#1620=LINE('',#1617,#1619);
#1621=EDGE_CURVE('',#1607,#1616,#1620,.T.);
#1622=ORIENTED_EDGE('',*,*,#1621,.T.);
#1623=CARTESIAN_POINT('',(-52.95356728,17.351146922,-41.774650447));
#1624=VERTEX_POINT('',#1623);
#1625=CARTESIAN_POINT('',(-52.95356728,14.9,-41.774650447));
#1626=DIRECTION('',(0.866025404,0.,-0.5));
#1627=DIRECTION('',(-0.5,0.,-0.866025404));
#1628=AXIS2_PLACEMENT_3D('',#1625,#1626,#1627);
#1629=CIRCLE('',#1628,2.451146922);
#1630=EDGE_CURVE('',#1616,#1624,#1629,.T.);
#1631=ORIENTED_EDGE('',*,*,#1630,.T.);
#1632=CARTESIAN_POINT('',(-48.488717291,17.351146923,-34.041303393));
#1633=VERTEX_POINT('',#1632);
#1634=CARTESIAN_POINT('',(-52.95356728,17.351146922,-41.774650447));
#1635=DIRECTION('',(0.5,0.,0.866025404));
#1636=VECTOR('',#1635,8.9297);
#1637=LINE('',#1634,#1636);
#1638=EDGE_CURVE('',#1624,#1633,#1637,.T.);
#1639=ORIENTED_EDGE('',*,*,#1638,.T.);
#1640=CARTESIAN_POINT('',(-47.26314382,14.9,-31.918547895));
#1641=VERTEX_POINT('',#1640);
#1642=CARTESIAN_POINT('',(-48.488717281,14.9,-34.041303399));
#1643=DIRECTION('',(0.866025404,0.,-0.5));
#1644=DIRECTION('',(-0.5,0.,-0.866025404));
#1645=AXIS2_PLACEMENT_3D('',#1642,#1643,#1644);
#1646=CIRCLE('',#1645,2.451146923);
#1647=EDGE_CURVE('',#1633,#1641,#1646,.T.);
#1648=ORIENTED_EDGE('',*,*,#1647,.T.);
#1649=CARTESIAN_POINT('',(-47.26314382,14.9,-31.918547895));
#1650=DIRECTION('',(0.,-1.,0.));
#1651=VECTOR('',#1650,0.5);
#1652=LINE('',#1649,#1651);
#1653=EDGE_CURVE('',#1641,#1448,#1652,.T.);
#1654=ORIENTED_EDGE('',*,*,#1653,.T.);
#1655=EDGE_LOOP('',(#1455,#1462,#1463,#1471,#1480,#1489,#1496,#1497,#1506,#1515,#1524,#1530,#1531,#1540,#1548,#1557,#1565,#1574,#1582,#1590,#1598,#1604,#1605,#1614,#1622,#1631,
#1639,#1648,#1654));
#1656=FACE_BOUND('',#1655,.T.);
#1657=ADVANCED_FACE('',(#1444,#1656),#1336,.T.);
#1658=CARTESIAN_POINT('',(-53.546128039,14.4,-43.800995789));
#1659=DIRECTION('',(0.866025404,0.,-0.5));
#1660=DIRECTION('',(0.5,0.,0.866025404));
#1661=AXIS2_PLACEMENT_3D('',#1658,#1659,#1660);
#1662=CYLINDRICAL_SURFACE('',#1661,0.4);
#1663=ORIENTED_EDGE('',*,*,#325,.T.);
#1664=ORIENTED_EDGE('',*,*,#232,.T.);
#1665=CARTESIAN_POINT('',(-53.746128039,14.4,-44.14740595));
#1666=DIRECTION('',(-0.866025404,0.,0.5));
#1667=VECTOR('',#1666,0.5);
#1668=LINE('',#1665,#1667);
#1669=EDGE_CURVE('',#218,#1607,#1668,.T.);
#1670=ORIENTED_EDGE('',*,*,#1669,.T.);
#1671=ORIENTED_EDGE('',*,*,#1613,.T.);
#1672=EDGE_LOOP('',(#1663,#1664,#1670,#1671));
#1673=FACE_BOUND('',#1672,.T.);
#1674=ADVANCED_FACE('',(#1673),#1662,.F.);
#1675=CARTESIAN_POINT('',(-44.669675758,0.,-33.24400665));
#1676=DIRECTION('',(0.,1.,0.));
#1677=DIRECTION('',(0.5,-0.,0.866025404));
#1678=AXIS2_PLACEMENT_3D('',#1675,#1676,#1677);
#1679=CYLINDRICAL_SURFACE('',#1678,0.9);
#1680=ORIENTED_EDGE('',*,*,#1269,.T.);
#1681=CARTESIAN_POINT('',(-43.890252894,-14.9,-33.69400665));
#1682=VERTEX_POINT('',#1681);
#1683=CARTESIAN_POINT('',(-44.669675758,-14.9,-33.24400665));
#1684=DIRECTION('',(0.,1.,0.));
#1685=DIRECTION('',(0.866025404,0.,-0.5));
#1686=AXIS2_PLACEMENT_3D('',#1683,#1684,#1685);
#1687=CIRCLE('',#1686,0.9);
#1688=EDGE_CURVE('',#1256,#1682,#1687,.T.);
#1689=ORIENTED_EDGE('',*,*,#1688,.T.);
#1690=CARTESIAN_POINT('',(-43.890252894,14.9,-33.69400665));
#1691=VERTEX_POINT('',#1690);
#1692=CARTESIAN_POINT('',(-43.890252894,-14.9,-33.69400665));
#1693=DIRECTION('',(0.,1.,0.));
#1694=VECTOR('',#1693,29.8);
#1695=LINE('',#1692,#1694);
#1696=EDGE_CURVE('',#1682,#1691,#1695,.T.);
#1697=ORIENTED_EDGE('',*,*,#1696,.T.);
#1698=CARTESIAN_POINT('',(-44.219675758,14.9,-32.464583787));
#1699=VERTEX_POINT('',#1698);
#1700=CARTESIAN_POINT('',(-44.669675758,14.9,-33.24400665));
#1701=DIRECTION('',(-0.,-1.,-0.));
#1702=DIRECTION('',(0.5,-0.,0.866025404));
#1703=AXIS2_PLACEMENT_3D('',#1700,#1701,#1702);
#1704=CIRCLE('',#1703,0.9);
#1705=EDGE_CURVE('',#1691,#1699,#1704,.T.);
#1706=ORIENTED_EDGE('',*,*,#1705,.T.);
#1707=CARTESIAN_POINT('',(-44.219675757,10.023279202,-32.464583787));
#1708=VERTEX_POINT('',#1707);
#1709=CARTESIAN_POINT('',(-44.219675758,14.9,-32.464583787));
#1710=DIRECTION('',(-0.,-1.,-0.));
#1711=VECTOR('',#1710,4.876720798);
#1712=LINE('',#1709,#1711);
#1713=EDGE_CURVE('',#1699,#1708,#1712,.T.);
#1714=ORIENTED_EDGE('',*,*,#1713,.T.);
#1715=CARTESIAN_POINT('',(-44.219675757,10.023279202,-32.464583787));
#1716=DIRECTION('',(-0.,-1.,-0.));
#1717=VECTOR('',#1716,0.590682018);
#1718=LINE('',#1715,#1717);
#1719=EDGE_CURVE('',#1708,#1307,#1718,.T.);
#1720=ORIENTED_EDGE('',*,*,#1719,.T.);
#1721=ORIENTED_EDGE('',*,*,#1312,.T.);
#1722=CARTESIAN_POINT('',(-44.135859626,-8.227926275,-32.519409978));
#1723=VERTEX_POINT('',#1722);
#1724=CARTESIAN_POINT('',(-44.135859626,-8.227926275,-32.519409978));
#1725=CARTESIAN_POINT('',(-44.135859626,-8.174035671,-32.519409978));
#1726=CARTESIAN_POINT('',(-44.143044619,-8.120536876,-32.513970741));
#1727=CARTESIAN_POINT('',(-44.157109475,-8.069509503,-32.504225733));
#1728=CARTESIAN_POINT('',(-44.171174331,-8.01848213,-32.494480725));
#1729=CARTESIAN_POINT('',(-44.191661896,-7.971056446,-32.480757598));
#1730=CARTESIAN_POINT('',(-44.219675758,-7.927926282,-32.464583787));
#1731=B_SPLINE_CURVE_WITH_KNOTS('',3,(#1724,#1725,#1726,#1727,#1728,#1729,#1730),.UNSPECIFIED.,.F.,.F.,(4,3,4),(0.,0.000161059,0.000322119),.UNSPECIFIED.);
#1732=EDGE_CURVE('',#1723,#1298,#1731,.T.);
#1733=ORIENTED_EDGE('',*,*,#1732,.F.);
#1734=CARTESIAN_POINT('',(-44.135859626,-11.227926275,-32.519409978));
#1735=VERTEX_POINT('',#1734);
#1736=CARTESIAN_POINT('',(-44.135859626,-11.227926275,-32.519409978));
#1737=DIRECTION('',(0.,1.,0.));
#1738=VECTOR('',#1737,3.);
#1739=LINE('',#1736,#1738);
#1740=EDGE_CURVE('',#1735,#1723,#1739,.T.);
#1741=ORIENTED_EDGE('',*,*,#1740,.F.);
#1742=CARTESIAN_POINT('',(-44.219675758,-11.527926268,-32.464583787));
#1743=CARTESIAN_POINT('',(-44.191672295,-11.484812115,-32.480751594));
#1744=CARTESIAN_POINT('',(-44.170904326,-11.436657308,-32.494662152));
#1745=CARTESIAN_POINT('',(-44.156906336,-11.385604114,-32.504366522));
#1746=CARTESIAN_POINT('',(-44.142908345,-11.334550921,-32.514070892));
#1747=CARTESIAN_POINT('',(-44.135859626,-11.281834728,-32.519409978));
#1748=CARTESIAN_POINT('',(-44.135859626,-11.227926275,-32.519409978));
#1749=B_SPLINE_CURVE_WITH_KNOTS('',3,(#1742,#1743,#1744,#1745,#1746,#1747,#1748),.UNSPECIFIED.,.F.,.F.,(4,3,4),(0.,0.000161059,0.000322117),.UNSPECIFIED.);
#1750=EDGE_CURVE('',#1264,#1735,#1749,.T.);
#1751=ORIENTED_EDGE('',*,*,#1750,.F.);
#1752=EDGE_LOOP('',(#1680,#1689,#1697,#1706,#1714,#1720,#1721,#1733,#1741,#1751));
#1753=FACE_BOUND('',#1752,.T.);
#1754=ADVANCED_FACE('',(#1753),#1679,.T.);
#1755=CARTESIAN_POINT('',(-43.509085181,-10.334350861,-31.437804793));
#1756=DIRECTION('',(-0.866025404,0.,0.5));
#1757=DIRECTION('',(-0.5,0.,-0.866025404));
#1758=AXIS2_PLACEMENT_3D('',#1755,#1756,#1757);
#1759=CYLINDRICAL_SURFACE('',#1758,2.90968079);
#1760=CARTESIAN_POINT('',(-45.601316717,-8.763079024,-33.057656116));
#1761=VERTEX_POINT('',#1760);
#1762=CARTESIAN_POINT('',(-45.385159859,-8.236869561,-32.683261455));
#1763=VERTEX_POINT('',#1762);
#1764=CARTESIAN_POINT('',(-44.376842635,-10.334350861,-30.936804793));
#1765=DIRECTION('',(0.866025404,-0.,-0.5));
#1766=DIRECTION('',(0.,1.,-0.));
#1767=AXIS2_PLACEMENT_3D('',#1764,#1765,#1766);
#1768=CIRCLE('',#1767,2.90968079);
#1769=EDGE_CURVE('',#1761,#1763,#1768,.T.);
#1770=ORIENTED_EDGE('',*,*,#1769,.T.);
#1771=CARTESIAN_POINT('',(-47.124778515,-8.236869561,-31.678892156));
#1772=DIRECTION('',(0.866025404,-0.,-0.5));
#1773=VECTOR('',#1772,2.008738598);
#1774=LINE('',#1771,#1773);
#1775=EDGE_CURVE('',#1508,#1763,#1774,.T.);
#1776=ORIENTED_EDGE('',*,*,#1775,.F.);
#1777=ORIENTED_EDGE('',*,*,#1514,.F.);
#1778=CARTESIAN_POINT('',(-45.601316717,-8.763079024,-33.057656116));
#1779=CARTESIAN_POINT('',(-46.181189603,-8.763079024,-32.72286635));
#1780=CARTESIAN_POINT('',(-46.761062488,-8.763079024,-32.388076583));
#1781=CARTESIAN_POINT('',(-47.340935373,-8.763079024,-32.053286817));
#1782=B_SPLINE_CURVE_WITH_KNOTS('',3,(#1778,#1779,#1780,#1781),.UNSPECIFIED.,.F.,.F.,(4,4),(0.005814992,0.007823731),.UNSPECIFIED.);
#1783=EDGE_CURVE('',#1761,#1499,#1782,.T.);
#1784=ORIENTED_EDGE('',*,*,#1783,.F.);
#1785=EDGE_LOOP('',(#1770,#1776,#1777,#1784));
#1786=FACE_BOUND('',#1785,.T.);
#1787=ADVANCED_FACE('',(#1786),#1759,.F.);
#1788=CARTESIAN_POINT('',(-44.30576771,-9.813822865,-32.817699411));
#1789=DIRECTION('',(-0.5,-0.,-0.866025404));
#1790=DIRECTION('',(0.866025404,0.,-0.5));
#1791=AXIS2_PLACEMENT_3D('',#1788,#1789,#1790);
#1792=PLANE('',#1791);
#1793=CARTESIAN_POINT('',(-44.30749976,-11.227926275,-32.816699411));
#1794=VERTEX_POINT('',#1793);
#1795=CARTESIAN_POINT('',(-44.307499761,-14.182699176,-32.816699411));
#1796=DIRECTION('',(-0.,1.,-0.));
#1797=VECTOR('',#1796,2.954772901);
#1798=LINE('',#1795,#1797);
#1799=EDGE_CURVE('',#61,#1794,#1798,.T.);
#1800=ORIENTED_EDGE('',*,*,#1799,.F.);
#1801=ORIENTED_EDGE('',*,*,#66,.T.);
#1802=ORIENTED_EDGE('',*,*,#1529,.T.);
#1803=CARTESIAN_POINT('',(-45.173525164,-8.417085318,-32.316699411));
#1804=VERTEX_POINT('',#1803);
#1805=CARTESIAN_POINT('',(-45.173525164,-8.417085318,-32.316699411));
#1806=DIRECTION('',(-0.866025404,0.,0.5));
#1807=VECTOR('',#1806,2.008738598);
#1808=LINE('',#1805,#1807);
#1809=EDGE_CURVE('',#1804,#1517,#1808,.T.);
#1810=ORIENTED_EDGE('',*,*,#1809,.F.);
#1811=CARTESIAN_POINT('',(-45.173525164,-11.227926275,-32.316699411));
#1812=VERTEX_POINT('',#1811);
#1813=CARTESIAN_POINT('',(-45.173525164,-11.227926275,-32.316699411));
#1814=DIRECTION('',(-0.,1.,-0.));
#1815=VECTOR('',#1814,2.810840957);
#1816=LINE('',#1813,#1815);
#1817=EDGE_CURVE('',#1812,#1804,#1816,.T.);
#1818=ORIENTED_EDGE('',*,*,#1817,.F.);
#1819=CARTESIAN_POINT('',(-44.740512462,-11.727926275,-32.566699411));
#1820=VERTEX_POINT('',#1819);
#1821=CARTESIAN_POINT('',(-44.740512462,-11.227926275,-32.566699411));
#1822=DIRECTION('',(0.5,0.,0.866025404));
#1823=DIRECTION('',(0.866025404,0.,-0.5));
#1824=AXIS2_PLACEMENT_3D('',#1821,#1822,#1823);
#1825=CIRCLE('',#1824,0.5);
#1826=EDGE_CURVE('',#1812,#1820,#1825,.T.);
#1827=ORIENTED_EDGE('',*,*,#1826,.T.);
#1828=CARTESIAN_POINT('',(-44.394102296,-11.527926268,-32.766699414));
#1829=VERTEX_POINT('',#1828);
#1830=CARTESIAN_POINT('',(-44.740512462,-11.227926275,-32.566699411));
#1831=DIRECTION('',(0.5,0.,0.866025404));
#1832=DIRECTION('',(0.866025404,0.,-0.5));
#1833=AXIS2_PLACEMENT_3D('',#1830,#1831,#1832);
#1834=CIRCLE('',#1833,0.5);
#1835=EDGE_CURVE('',#1820,#1829,#1834,.T.);
#1836=ORIENTED_EDGE('',*,*,#1835,.T.);
#1837=CARTESIAN_POINT('',(-44.30749976,-11.227926275,-32.816699411));
#1838=CARTESIAN_POINT('',(-44.30749976,-11.335685261,-32.816699411));
#1839=CARTESIAN_POINT('',(-44.338093561,-11.441695176,-32.799036072));
#1840=CARTESIAN_POINT('',(-44.394102296,-11.527926268,-32.766699414));
#1841=B_SPLINE_CURVE_WITH_KNOTS('',3,(#1837,#1838,#1839,#1840),.UNSPECIFIED.,.F.,.F.,(4,4),(0.,0.000322066),.UNSPECIFIED.);
#1842=EDGE_CURVE('',#1794,#1829,#1841,.T.);
#1843=ORIENTED_EDGE('',*,*,#1842,.F.);
#1844=EDGE_LOOP('',(#1800,#1801,#1802,#1810,#1818,#1827,#1836,#1843));
#1845=FACE_BOUND('',#1844,.T.);
#1846=ADVANCED_FACE('',(#1845),#1792,.T.);
#1847=CARTESIAN_POINT('',(-44.43076771,-8.417085318,-33.034205762));
#1848=DIRECTION('',(-0.866025404,0.,0.5));
#1849=DIRECTION('',(-0.5,0.,-0.866025404));
#1850=AXIS2_PLACEMENT_3D('',#1847,#1848,#1849);
#1851=CYLINDRICAL_SURFACE('',#1850,0.25);
#1852=CARTESIAN_POINT('',(-45.216795646,-8.227926275,-32.391646084));
#1853=VERTEX_POINT('',#1852);
#1854=CARTESIAN_POINT('',(-45.298525164,-8.417085318,-32.533205762));
#1855=DIRECTION('',(0.866025404,-0.,-0.5));
#1856=DIRECTION('',(0.,1.,-0.));
#1857=AXIS2_PLACEMENT_3D('',#1854,#1855,#1856);
#1858=CIRCLE('',#1857,0.25);
#1859=EDGE_CURVE('',#1853,#1804,#1858,.T.);
#1860=ORIENTED_EDGE('',*,*,#1859,.T.);
#1861=ORIENTED_EDGE('',*,*,#1809,.T.);
#1862=ORIENTED_EDGE('',*,*,#1523,.T.);
#1863=ORIENTED_EDGE('',*,*,#1775,.T.);
#1864=CARTESIAN_POINT('',(-45.380254682,-8.227926275,-32.67476544));
#1865=VERTEX_POINT('',#1864);
#1866=CARTESIAN_POINT('',(-45.298525164,-8.417085318,-32.533205762));
#1867=DIRECTION('',(0.866025404,-0.,-0.5));
#1868=DIRECTION('',(0.,1.,-0.));
#1869=AXIS2_PLACEMENT_3D('',#1866,#1867,#1868);
#1870=CIRCLE('',#1869,0.25);
#1871=EDGE_CURVE('',#1763,#1865,#1870,.T.);
#1872=ORIENTED_EDGE('',*,*,#1871,.T.);
#1873=CARTESIAN_POINT('',(-45.216795646,-8.227926275,-32.391646084));
#1874=CARTESIAN_POINT('',(-45.23947651,-8.188727598,-32.430930492));
#1875=CARTESIAN_POINT('',(-45.265498429,-8.167092622,-32.483430841));
#1876=CARTESIAN_POINT('',(-45.295292206,-8.16708532,-32.535036968));
#1877=CARTESIAN_POINT('',(-45.325085984,-8.167078017,-32.586643094));
#1878=CARTESIAN_POINT('',(-45.357576112,-8.188731561,-32.635485004));
#1879=CARTESIAN_POINT('',(-45.380254682,-8.227926275,-32.67476544));
#1880=B_SPLINE_CURVE_WITH_KNOTS('',3,(#1873,#1874,#1875,#1876,#1877,#1878,#1879),.UNSPECIFIED.,.F.,.F.,(4,3,4),(0.,0.000177268,0.000354535),.UNSPECIFIED.);
#1881=EDGE_CURVE('',#1853,#1865,#1880,.T.);
#1882=ORIENTED_EDGE('',*,*,#1881,.F.);
#1883=EDGE_LOOP('',(#1860,#1861,#1862,#1863,#1872,#1882));
#1884=FACE_BOUND('',#1883,.T.);
#1885=ADVANCED_FACE('',(#1884),#1851,.F.);
#1886=CARTESIAN_POINT('',(-44.43076771,-8.417085318,-33.034205762));
#1887=DIRECTION('',(-0.866025404,0.,0.5));
#1888=DIRECTION('',(-0.5,0.,-0.866025404));
#1889=AXIS2_PLACEMENT_3D('',#1886,#1887,#1888);
#1890=CYLINDRICAL_SURFACE('',#1889,0.25);
#1891=CARTESIAN_POINT('',(-44.350770242,-8.227926275,-32.891646084));
#1892=VERTEX_POINT('',#1891);
#1893=CARTESIAN_POINT('',(-44.514229279,-8.227926275,-33.17476544));
#1894=VERTEX_POINT('',#1893);
#1895=CARTESIAN_POINT('',(-44.350770242,-8.227926275,-32.891646084));
#1896=CARTESIAN_POINT('',(-44.373451575,-8.188726787,-32.930931305));
#1897=CARTESIAN_POINT('',(-44.405979309,-8.167092685,-32.979674073));
#1898=CARTESIAN_POINT('',(-44.435774684,-8.16708532,-33.031279339));
#1899=CARTESIAN_POINT('',(-44.465570059,-8.167077954,-33.082884605));
#1900=CARTESIAN_POINT('',(-44.491550442,-8.188731051,-33.135484475));
#1901=CARTESIAN_POINT('',(-44.514229279,-8.227926275,-33.17476544));
#1902=B_SPLINE_CURVE_WITH_KNOTS('',3,(#1895,#1896,#1897,#1898,#1899,#1900,#1901),.UNSPECIFIED.,.F.,.F.,(4,3,4),(0.,0.00017727,0.000354539),.UNSPECIFIED.);
#1903=EDGE_CURVE('',#1892,#1894,#1902,.T.);
#1904=ORIENTED_EDGE('',*,*,#1903,.T.);
#1905=CARTESIAN_POINT('',(-44.432499761,-8.417085318,-33.033205762));
#1906=DIRECTION('',(0.866025404,-0.,-0.5));
#1907=DIRECTION('',(0.5,-0.,0.866025404));
#1908=AXIS2_PLACEMENT_3D('',#1905,#1906,#1907);
#1909=CIRCLE('',#1908,0.25);
#1910=EDGE_CURVE('',#1894,#1892,#1909,.T.);
#1911=ORIENTED_EDGE('',*,*,#1910,.T.);
#1912=EDGE_LOOP('',(#1904,#1911));
#1913=FACE_BOUND('',#1912,.T.);
#1914=ADVANCED_FACE('',(#1913),#1890,.F.);
#1915=CARTESIAN_POINT('',(-45.601316717,-8.763079024,-33.057656116));
#1916=CARTESIAN_POINT('',(-45.615779773,-8.808162595,-33.082706863));
#1917=CARTESIAN_POINT('',(-45.637686498,-8.843516743,-33.120650424));
#1918=CARTESIAN_POINT('',(-45.687864105,-8.881011062,-33.207560589));
#1919=CARTESIAN_POINT('',(-45.715995008,-8.883046636,-33.256284742));
#1920=CARTESIAN_POINT('',(-45.767396205,-8.852902636,-33.345314227));
#1921=CARTESIAN_POINT('',(-45.790523107,-8.820807156,-33.385371196));
#1922=CARTESIAN_POINT('',(-45.822631604,-8.735056524,-33.440984744));
#1923=CARTESIAN_POINT('',(-45.831523626,-8.68164059,-33.456386178));
#1924=CARTESIAN_POINT('',(-45.831523626,-8.628075226,-33.456386178));
#1925=CARTESIAN_POINT('',(-46.181189605,-8.763079024,-32.722866348));
#1926=CARTESIAN_POINT('',(-46.195652661,-8.808162595,-32.747917095));
#1927=CARTESIAN_POINT('',(-46.217559386,-8.843516743,-32.785860656));
#1928=CARTESIAN_POINT('',(-46.267736993,-8.881011062,-32.872770821));
#1929=CARTESIAN_POINT('',(-46.295867896,-8.883046636,-32.921494974));
#1930=CARTESIAN_POINT('',(-46.347269093,-8.852902636,-33.010524459));
#1931=CARTESIAN_POINT('',(-46.370395995,-8.820807156,-33.050581428));
#1932=CARTESIAN_POINT('',(-46.402504492,-8.735056524,-33.106194976));
#1933=CARTESIAN_POINT('',(-46.411396514,-8.68164059,-33.12159641));
#1934=CARTESIAN_POINT('',(-46.411396514,-8.628075225,-33.12159641));
#1935=CARTESIAN_POINT('',(-46.761062494,-8.763079024,-32.38807658));
#1936=CARTESIAN_POINT('',(-46.775525549,-8.808162595,-32.413127327));
#1937=CARTESIAN_POINT('',(-46.797432274,-8.843516743,-32.451070888));
#1938=CARTESIAN_POINT('',(-46.847609882,-8.881011062,-32.537981053));
#1939=CARTESIAN_POINT('',(-46.875740784,-8.883046635,-32.586705205));
#1940=CARTESIAN_POINT('',(-46.927141981,-8.852902636,-32.675734691));
#1941=CARTESIAN_POINT('',(-46.950268883,-8.820807155,-32.71579166));
#1942=CARTESIAN_POINT('',(-46.98237738,-8.735056524,-32.771405208));
#1943=CARTESIAN_POINT('',(-46.991269402,-8.68164059,-32.786806642));
#1944=CARTESIAN_POINT('',(-46.991269402,-8.628075225,-32.786806642));
#1945=CARTESIAN_POINT('',(-47.340935382,-8.763079024,-32.053286812));
#1946=CARTESIAN_POINT('',(-47.355398437,-8.808162595,-32.078337559));
#1947=CARTESIAN_POINT('',(-47.377305163,-8.843516743,-32.11628112));
#1948=CARTESIAN_POINT('',(-47.42748277,-8.881011062,-32.203191285));
#1949=CARTESIAN_POINT('',(-47.455613672,-8.883046635,-32.251915437));
#1950=CARTESIAN_POINT('',(-47.50701487,-8.852902636,-32.340944923));
#1951=CARTESIAN_POINT('',(-47.530141772,-8.820807155,-32.381001892));
#1952=CARTESIAN_POINT('',(-47.562250268,-8.735056524,-32.436615439));
#1953=CARTESIAN_POINT('',(-47.57114229,-8.68164059,-32.452016874));
#1954=CARTESIAN_POINT('',(-47.57114229,-8.628075225,-32.452016874));
#1955=B_SPLINE_SURFACE_WITH_KNOTS('',3,3,((#1915,#1916,#1917,#1918,#1919,#1920,#1921,#1922,#1923,#1924),(#1925,#1926,#1927,#1928,#1929,#1930,#1931,#1932,#1933,#1934),(#1935,#1936,#1937,#1938,#1939,#1940,#1941,#1942,#1943,#1944),(#1945,#1946,#1947,#1948,#1949,#1950,#1951,#1952,#1953,#1954)),.UNSPECIFIED.,.F.,.F.,.U.,(4,4),(4,2,2,2,4),(0.005814992,0.007823731),(0.,0.25,0.5,0.75,1.),.UNSPECIFIED.);
#1956=ORIENTED_EDGE('',*,*,#1783,.T.);
#1957=ORIENTED_EDGE('',*,*,#1505,.T.);
#1958=ORIENTED_EDGE('',*,*,#530,.T.);
#1959=CARTESIAN_POINT('',(-45.706523626,-8.628075226,-33.239879827));
#1960=DIRECTION('',(0.866025404,-0.,-0.5));
#1961=DIRECTION('',(0.,1.,-0.));
#1962=AXIS2_PLACEMENT_3D('',#1959,#1960,#1961);
#1963=CIRCLE('',#1962,0.25);
#1964=EDGE_CURVE('',#1761,#516,#1963,.T.);
#1965=ORIENTED_EDGE('',*,*,#1964,.F.);
#1966=EDGE_LOOP('',(#1956,#1957,#1958,#1965));
#1967=FACE_BOUND('',#1966,.T.);
#1968=ADVANCED_FACE('',(#1967),#1955,.T.);
#1969=CARTESIAN_POINT('',(-54.671524262,0.,-43.36371643));
#1970=DIRECTION('',(0.5,0.,0.866025404));
#1971=DIRECTION('',(-0.866025404,0.,0.5));
#1972=AXIS2_PLACEMENT_3D('',#1969,#1970,#1971);
#1973=PLANE('',#1972);
#1974=CARTESIAN_POINT('',(-53.638129578,-14.044834029,-43.960347129));
#1975=VERTEX_POINT('',#1974);
#1976=CARTESIAN_POINT('',(-53.638129578,-14.044834029,-43.960347129));
#1977=CARTESIAN_POINT('',(-53.782467149,-14.044834029,-43.877013793));
#1978=CARTESIAN_POINT('',(-53.926804721,-14.044834029,-43.793680458));
#1979=CARTESIAN_POINT('',(-54.071142292,-14.044834029,-43.710347122));
#1980=B_SPLINE_CURVE_WITH_KNOTS('',3,(#1976,#1977,#1978,#1979),.UNSPECIFIED.,.F.,.F.,(4,4),(0.000106465,0.000606465),.UNSPECIFIED.);
#1981=EDGE_CURVE('',#1975,#1567,#1980,.T.);
#1982=ORIENTED_EDGE('',*,*,#1981,.F.);
#1983=CARTESIAN_POINT('',(-53.638129578,-14.044834029,-43.960347129));
#1984=DIRECTION('',(0.,-1.,0.));
#1985=VECTOR('',#1984,1.455165971);
#1986=LINE('',#1983,#1985);
#1987=EDGE_CURVE('',#1975,#100,#1986,.T.);
#1988=ORIENTED_EDGE('',*,*,#1987,.T.);
#1989=ORIENTED_EDGE('',*,*,#145,.T.);
#1990=ORIENTED_EDGE('',*,*,#423,.T.);
#1991=ORIENTED_EDGE('',*,*,#567,.F.);
#1992=ORIENTED_EDGE('',*,*,#247,.F.);
#1993=ORIENTED_EDGE('',*,*,#316,.F.);
#1994=CARTESIAN_POINT('',(-51.465498224,9.227938193,-45.214716426));
#1995=VERTEX_POINT('',#1994);
#1996=CARTESIAN_POINT('',(-51.465498224,9.227938193,-45.214716426));
#1997=DIRECTION('',(-0.,1.,0.));
#1998=VECTOR('',#1997,5.044239928);
#1999=LINE('',#1996,#1998);
#2000=EDGE_CURVE('',#1995,#303,#1999,.T.);
#2001=ORIENTED_EDGE('',*,*,#2000,.F.);
#2002=CARTESIAN_POINT('',(-51.465498224,9.227938193,-45.214716426));
#2003=DIRECTION('',(-0.866025404,0.,0.5));
#2004=VECTOR('',#2003,3.008738608);
#2005=LINE('',#2002,#2004);
#2006=EDGE_CURVE('',#1995,#1576,#2005,.T.);
#2007=ORIENTED_EDGE('',*,*,#2006,.T.);
#2008=ORIENTED_EDGE('',*,*,#1581,.F.);
#2009=EDGE_LOOP('',(#1982,#1988,#1989,#1990,#1991,#1992,#1993,#2001,#2007,#2008));
#2010=FACE_BOUND('',#2009,.T.);
#2011=ADVANCED_FACE('',(#2010),#1973,.T.);
#2012=CARTESIAN_POINT('',(-48.221341808,-14.9,-34.1956727));
#2013=DIRECTION('',(-0.866025404,0.,0.5));
#2014=DIRECTION('',(-0.5,0.,-0.866025404));
#2015=AXIS2_PLACEMENT_3D('',#2012,#2013,#2014);
#2016=TOROIDAL_SURFACE('',#2015,2.5,1.);
#2017=CARTESIAN_POINT('',(-48.221341808,-18.4,-34.1956727));
#2018=VERTEX_POINT('',#2017);
#2019=CARTESIAN_POINT('',(-48.221341808,-17.4,-34.1956727));
#2020=DIRECTION('',(0.5,0.,0.866025404));
#2021=DIRECTION('',(0.866025404,0.,-0.5));
#2022=AXIS2_PLACEMENT_3D('',#2019,#2020,#2021);
#2023=CIRCLE('',#2022,1.);
#2024=EDGE_CURVE('',#1402,#2018,#2023,.T.);
#2025=ORIENTED_EDGE('',*,*,#2024,.T.);
#2026=CARTESIAN_POINT('',(-48.221341808,-14.9,-34.1956727));
#2027=DIRECTION('',(-0.866025404,-0.,0.5));
#2028=DIRECTION('',(-0.5,0.,-0.866025404));
#2029=AXIS2_PLACEMENT_3D('',#2026,#2027,#2028);
#2030=CIRCLE('',#2029,3.5);
#2031=EDGE_CURVE('',#2018,#1248,#2030,.T.);
#2032=ORIENTED_EDGE('',*,*,#2031,.T.);
#2033=CARTESIAN_POINT('',(-46.971341808,-14.9,-32.030609191));
#2034=DIRECTION('',(0.,-1.,0.));
#2035=DIRECTION('',(-0.866025404,0.,0.5));
#2036=AXIS2_PLACEMENT_3D('',#2033,#2034,#2035);
#2037=CIRCLE('',#2036,1.);
#2038=EDGE_CURVE('',#1248,#1411,#2037,.T.);
#2039=ORIENTED_EDGE('',*,*,#2038,.T.);
#2040=ORIENTED_EDGE('',*,*,#1417,.F.);
#2041=EDGE_LOOP('',(#2025,#2032,#2039,#2040));
#2042=FACE_BOUND('',#2041,.T.);
#2043=ADVANCED_FACE('',(#2042),#2016,.T.);
#2044=CARTESIAN_POINT('',(-46.971341808,-0.,-32.030609191));
#2045=DIRECTION('',(0.,1.,0.));
#2046=DIRECTION('',(0.5,-0.,0.866025404));
#2047=AXIS2_PLACEMENT_3D('',#2044,#2045,#2046);
#2048=CYLINDRICAL_SURFACE('',#2047,1.);
#2049=ORIENTED_EDGE('',*,*,#2038,.F.);
#2050=ORIENTED_EDGE('',*,*,#1253,.T.);
#2051=CARTESIAN_POINT('',(-46.471341807,9.956416564,-31.164583787));
#2052=VERTEX_POINT('',#2051);
#2053=CARTESIAN_POINT('',(-46.471341807,9.499459833,-31.164583787));
#2054=DIRECTION('',(0.,1.,0.));
#2055=VECTOR('',#2054,0.456956731);
#2056=LINE('',#2053,#2055);
#2057=EDGE_CURVE('',#1239,#2052,#2056,.T.);
#2058=ORIENTED_EDGE('',*,*,#2057,.T.);
#2059=CARTESIAN_POINT('',(-46.471341808,14.9,-31.164583787));
#2060=VERTEX_POINT('',#2059);
#2061=CARTESIAN_POINT('',(-46.471341808,9.956416564,-31.164583787));
#2062=DIRECTION('',(0.,1.,0.));
#2063=VECTOR('',#2062,4.943583436);
#2064=LINE('',#2061,#2063);
#2065=EDGE_CURVE('',#2052,#2060,#2064,.T.);
#2066=ORIENTED_EDGE('',*,*,#2065,.T.);
#2067=CARTESIAN_POINT('',(-46.971341808,14.9,-32.030609191));
#2068=DIRECTION('',(-0.,-1.,0.));
#2069=DIRECTION('',(-0.866025404,0.,0.5));
#2070=AXIS2_PLACEMENT_3D('',#2067,#2068,#2069);
#2071=CIRCLE('',#2070,1.);
#2072=EDGE_CURVE('',#2060,#1420,#2071,.T.);
#2073=ORIENTED_EDGE('',*,*,#2072,.T.);
#2074=ORIENTED_EDGE('',*,*,#1425,.F.);
#2075=EDGE_LOOP('',(#2049,#2050,#2058,#2066,#2073,#2074));
#2076=FACE_BOUND('',#2075,.T.);
#2077=ADVANCED_FACE('',(#2076),#2048,.T.);
#2078=CARTESIAN_POINT('',(-50.453766808,-17.4,-38.062346224));
#2079=DIRECTION('',(0.5,0.,0.866025404));
#2080=DIRECTION('',(-0.866025404,0.,0.5));
#2081=AXIS2_PLACEMENT_3D('',#2078,#2079,#2080);
#2082=CYLINDRICAL_SURFACE('',#2081,1.);
#2083=CARTESIAN_POINT('',(-52.686191808,-17.4,-41.929019748));
#2084=DIRECTION('',(0.5,0.,0.866025404));
#2085=DIRECTION('',(0.866025404,0.,-0.5));
#2086=AXIS2_PLACEMENT_3D('',#2083,#2084,#2085);
#2087=CIRCLE('',#2086,1.);
#2088=EDGE_CURVE('',#1393,#696,#2087,.T.);
#2089=ORIENTED_EDGE('',*,*,#2088,.T.);
#2090=ORIENTED_EDGE('',*,*,#716,.T.);
#2091=CARTESIAN_POINT('',(-52.036191808,-18.4,-40.803186724));
#2092=DIRECTION('',(0.5,0.,0.866025404));
#2093=VECTOR('',#2092,7.6297);
#2094=LINE('',#2091,#2093);
#2095=EDGE_CURVE('',#704,#2018,#2094,.T.);
#2096=ORIENTED_EDGE('',*,*,#2095,.T.);
#2097=ORIENTED_EDGE('',*,*,#2024,.F.);
#2098=ORIENTED_EDGE('',*,*,#1408,.F.);
#2099=EDGE_LOOP('',(#2089,#2090,#2096,#2097,#2098));
#2100=FACE_BOUND('',#2099,.T.);
#2101=ADVANCED_FACE('',(#2100),#2082,.T.);
#2102=CARTESIAN_POINT('',(-48.221341808,14.9,-34.1956727));
#2103=DIRECTION('',(-0.866025404,0.,0.5));
#2104=DIRECTION('',(-0.5,0.,-0.866025404));
#2105=AXIS2_PLACEMENT_3D('',#2102,#2103,#2104);
#2106=TOROIDAL_SURFACE('',#2105,2.5,1.);
#2107=ORIENTED_EDGE('',*,*,#2072,.F.);
#2108=CARTESIAN_POINT('',(-48.221341808,18.4,-34.1956727));
#2109=VERTEX_POINT('',#2108);
#2110=CARTESIAN_POINT('',(-48.221341808,14.9,-34.1956727));
#2111=DIRECTION('',(-0.866025404,-0.,0.5));
#2112=DIRECTION('',(-0.5,0.,-0.866025404));
#2113=AXIS2_PLACEMENT_3D('',#2110,#2111,#2112);
#2114=CIRCLE('',#2113,3.5);
#2115=EDGE_CURVE('',#2060,#2109,#2114,.T.);
#2116=ORIENTED_EDGE('',*,*,#2115,.T.);
#2117=CARTESIAN_POINT('',(-48.221341808,17.4,-34.1956727));
#2118=DIRECTION('',(0.5,0.,0.866025404));
#2119=DIRECTION('',(0.866025404,0.,-0.5));
#2120=AXIS2_PLACEMENT_3D('',#2117,#2118,#2119);
#2121=CIRCLE('',#2120,1.);
#2122=EDGE_CURVE('',#2109,#1428,#2121,.T.);
#2123=ORIENTED_EDGE('',*,*,#2122,.T.);
#2124=ORIENTED_EDGE('',*,*,#1434,.F.);
#2125=EDGE_LOOP('',(#2107,#2116,#2123,#2124));
#2126=FACE_BOUND('',#2125,.T.);
#2127=ADVANCED_FACE('',(#2126),#2106,.T.);
#2128=CARTESIAN_POINT('',(-52.686191808,-14.9,-41.929019748));
#2129=DIRECTION('',(-0.866025404,0.,0.5));
#2130=DIRECTION('',(-0.5,0.,-0.866025404));
#2131=AXIS2_PLACEMENT_3D('',#2128,#2129,#2130);
#2132=TOROIDAL_SURFACE('',#2131,2.5,1.);
#2133=ORIENTED_EDGE('',*,*,#1399,.F.);
#2134=CARTESIAN_POINT('',(-54.432446641,-15.128858529,-44.953621843));
#2135=VERTEX_POINT('',#2134);
#2136=CARTESIAN_POINT('',(-54.679076735,-14.929726799,-44.763320474));
#2137=CARTESIAN_POINT('',(-54.674110305,-14.9439833,-44.768658622));
#2138=CARTESIAN_POINT('',(-54.666931309,-14.955596608,-44.776232672));
#2139=CARTESIAN_POINT('',(-54.658908559,-14.966393346,-44.78434259));
#2140=CARTESIAN_POINT('',(-54.650885809,-14.977190085,-44.792452508));
#2141=CARTESIAN_POINT('',(-54.641984368,-14.986924338,-44.801145122));
#2142=CARTESIAN_POINT('',(-54.632717837,-14.995993284,-44.809819222));
#2143=CARTESIAN_POINT('',(-54.614184774,-15.014131176,-44.82716742));
#2144=CARTESIAN_POINT('',(-54.593972794,-15.030094827,-44.844663473));
#2145=CARTESIAN_POINT('',(-54.572594195,-15.045261023,-44.861566678));
#2146=CARTESIAN_POINT('',(-54.529836996,-15.075593415,-44.89537309));
#2147=CARTESIAN_POINT('',(-54.48254108,-15.10270896,-44.92667843));
#2148=CARTESIAN_POINT('',(-54.432446641,-15.128858529,-44.953621843));
#2149=B_SPLINE_CURVE_WITH_KNOTS('',3,(#2136,#2137,#2138,#2139,#2140,#2141,#2142,#2143,#2144,#2145,#2146,#2147,#2148),.UNSPECIFIED.,.F.,.F.,(4,3,3,3,4),(0.,0.000046813,0.000093626,0.000187252,0.000374504),.UNSPECIFIED.);
#2150=EDGE_CURVE('',#1384,#2135,#2149,.T.);
#2151=ORIENTED_EDGE('',*,*,#2150,.T.);
#2152=CARTESIAN_POINT('',(-52.686191808,-14.9,-41.929019748));
#2153=DIRECTION('',(-0.866025404,-0.,0.5));
#2154=DIRECTION('',(-0.5,0.,-0.866025404));
#2155=AXIS2_PLACEMENT_3D('',#2152,#2153,#2154);
#2156=CIRCLE('',#2155,3.5);
#2157=EDGE_CURVE('',#2135,#696,#2156,.T.);
#2158=ORIENTED_EDGE('',*,*,#2157,.T.);
#2159=ORIENTED_EDGE('',*,*,#2088,.F.);
#2160=EDGE_LOOP('',(#2133,#2151,#2158,#2159));
#2161=FACE_BOUND('',#2160,.T.);
#2162=ADVANCED_FACE('',(#2161),#2132,.T.);
#2163=CARTESIAN_POINT('',(-50.453766808,17.4,-38.062346224));
#2164=DIRECTION('',(-0.5,0.,-0.866025404));
#2165=DIRECTION('',(0.,1.,0.));
#2166=AXIS2_PLACEMENT_3D('',#2163,#2164,#2165);
#2167=CYLINDRICAL_SURFACE('',#2166,1.);
#2168=ORIENTED_EDGE('',*,*,#2122,.F.);
#2169=CARTESIAN_POINT('',(-48.221341808,18.4,-34.1956727));
#2170=DIRECTION('',(-0.5,0.,-0.866025404));
#2171=VECTOR('',#2170,7.6297);
#2172=LINE('',#2169,#2171);
#2173=EDGE_CURVE('',#2109,#632,#2172,.T.);
#2174=ORIENTED_EDGE('',*,*,#2173,.T.);
#2175=ORIENTED_EDGE('',*,*,#639,.T.);
#2176=CARTESIAN_POINT('',(-52.686191808,17.4,-41.929019748));
#2177=DIRECTION('',(0.5,0.,0.866025404));
#2178=DIRECTION('',(0.866025404,0.,-0.5));
#2179=AXIS2_PLACEMENT_3D('',#2176,#2177,#2178);
#2180=CIRCLE('',#2179,1.);
#2181=EDGE_CURVE('',#634,#1338,#2180,.T.);
#2182=ORIENTED_EDGE('',*,*,#2181,.T.);
#2183=ORIENTED_EDGE('',*,*,#1441,.F.);
#2184=EDGE_LOOP('',(#2168,#2174,#2175,#2182,#2183));
#2185=FACE_BOUND('',#2184,.T.);
#2186=ADVANCED_FACE('',(#2185),#2167,.T.);
#2187=CARTESIAN_POINT('',(-52.686191808,14.9,-41.929019748));
#2188=DIRECTION('',(-0.866025404,0.,0.5));
#2189=DIRECTION('',(-0.5,0.,-0.866025404));
#2190=AXIS2_PLACEMENT_3D('',#2187,#2188,#2189);
#2191=TOROIDAL_SURFACE('',#2190,2.5,1.);
#2192=CARTESIAN_POINT('',(-54.432446641,15.128858529,-44.953621843));
#2193=VERTEX_POINT('',#2192);
#2194=CARTESIAN_POINT('',(-52.686191808,14.9,-41.929019748));
#2195=DIRECTION('',(-0.866025404,-0.,0.5));
#2196=DIRECTION('',(-0.5,0.,-0.866025404));
#2197=AXIS2_PLACEMENT_3D('',#2194,#2195,#2196);
#2198=CIRCLE('',#2197,3.5);
#2199=EDGE_CURVE('',#634,#2193,#2198,.T.);
#2200=ORIENTED_EDGE('',*,*,#2199,.T.);
#2201=CARTESIAN_POINT('',(-54.432446641,15.128858529,-44.953621843));
#2202=CARTESIAN_POINT('',(-54.482540557,15.102707552,-44.926678839));
#2203=CARTESIAN_POINT('',(-54.529844191,15.075608714,-44.89536679));
#2204=CARTESIAN_POINT('',(-54.572594181,15.045261013,-44.86156669));
#2205=CARTESIAN_POINT('',(-54.593969176,15.030087162,-44.84466664));
#2206=CARTESIAN_POINT('',(-54.614187879,15.014137971,-44.82716436));
#2207=CARTESIAN_POINT('',(-54.632717844,14.99599328,-44.809819215));
#2208=CARTESIAN_POINT('',(-54.65124781,14.977848589,-44.79247407));
#2209=CARTESIAN_POINT('',(-54.66914387,14.958239708,-44.773996775));
#2210=CARTESIAN_POINT('',(-54.679076735,14.929726799,-44.763320474));
#2211=B_SPLINE_CURVE_WITH_KNOTS('',3,(#2201,#2202,#2203,#2204,#2205,#2206,#2207,#2208,#2209,#2210),.UNSPECIFIED.,.F.,.F.,(4,3,3,4),(0.,0.000187252,0.000280878,0.000374504),.UNSPECIFIED.);
#2212=EDGE_CURVE('',#2193,#1340,#2211,.T.);
#2213=ORIENTED_EDGE('',*,*,#2212,.T.);
#2214=ORIENTED_EDGE('',*,*,#1346,.F.);
#2215=ORIENTED_EDGE('',*,*,#2181,.F.);
#2216=EDGE_LOOP('',(#2200,#2213,#2214,#2215));
#2217=FACE_BOUND('',#2216,.T.);
#2218=ADVANCED_FACE('',(#2217),#2191,.T.);
#2219=CARTESIAN_POINT('',(-53.553949262,-14.9,-41.428019748));
#2220=DIRECTION('',(0.866025404,0.,-0.5));
#2221=DIRECTION('',(0.5,0.,0.866025404));
#2222=AXIS2_PLACEMENT_3D('',#2219,#2220,#2221);
#2223=CYLINDRICAL_SURFACE('',#2222,3.5);
#2224=ORIENTED_EDGE('',*,*,#2157,.F.);
#2225=CARTESIAN_POINT('',(-54.422488304,-14.9,-44.968020383));
#2226=VERTEX_POINT('',#2225);
#2227=CARTESIAN_POINT('',(-59.075709846,-14.9,-38.240029789));
#2228=DIRECTION('',(0.822456305,0.,0.568828292));
#2229=DIRECTION('',(0.568828292,0.,-0.822456305));
#2230=AXIS2_PLACEMENT_3D('',#2227,#2228,#2229);
#2231=ELLIPSE('',#2230,8.180362348,3.5);
#2232=EDGE_CURVE('',#2135,#2226,#2231,.T.);
#2233=ORIENTED_EDGE('',*,*,#2232,.T.);
#2234=CARTESIAN_POINT('',(-52.343437117,-14.9,-46.168361146));
#2235=VERTEX_POINT('',#2234);
#2236=CARTESIAN_POINT('',(-54.422488304,-14.9,-44.968020383));
#2237=DIRECTION('',(0.866025404,0.,-0.5));
#2238=VECTOR('',#2237,2.400681526);
#2239=LINE('',#2236,#2238);
#2240=EDGE_CURVE('',#2226,#2235,#2239,.T.);
#2241=ORIENTED_EDGE('',*,*,#2240,.T.);
#2242=CARTESIAN_POINT('',(-52.180985871,-15.122504581,-46.253977398));
#2243=VERTEX_POINT('',#2242);
#2244=CARTESIAN_POINT('',(-52.343437117,-14.9,-46.168361146));
#2245=CARTESIAN_POINT('',(-52.290129921,-14.973920666,-46.19913807));
#2246=CARTESIAN_POINT('',(-52.23584899,-15.047955788,-46.227785693));
#2247=CARTESIAN_POINT('',(-52.180985871,-15.122504581,-46.253977398));
#2248=B_SPLINE_CURVE_WITH_KNOTS('',3,(#2244,#2245,#2246,#2247),.UNSPECIFIED.,.F.,.F.,(4,4),(0.,0.000288494),.UNSPECIFIED.);
#2249=EDGE_CURVE('',#2235,#2243,#2248,.T.);
#2250=ORIENTED_EDGE('',*,*,#2249,.T.);
#2251=CARTESIAN_POINT('',(-50.434525758,-14.9,-43.229019748));
#2252=DIRECTION('',(0.866025404,-0.,-0.5));
#2253=DIRECTION('',(0.5,0.,0.866025404));
#2254=AXIS2_PLACEMENT_3D('',#2251,#2252,#2253);
#2255=CIRCLE('',#2254,3.5);
#2256=EDGE_CURVE('',#665,#2243,#2255,.T.);
#2257=ORIENTED_EDGE('',*,*,#2256,.F.);
#2258=ORIENTED_EDGE('',*,*,#685,.F.);
#2259=ORIENTED_EDGE('',*,*,#701,.F.);
#2260=EDGE_LOOP('',(#2224,#2233,#2241,#2250,#2257,#2258,#2259));
#2261=FACE_BOUND('',#2260,.T.);
#2262=ADVANCED_FACE('',(#2261),#2223,.T.);
#2263=CARTESIAN_POINT('',(-51.321524262,-18.4,-37.561346224));
#2264=DIRECTION('',(0.,-1.,0.));
#2265=DIRECTION('',(0.866025404,0.,-0.5));
#2266=AXIS2_PLACEMENT_3D('',#2263,#2264,#2265);
#2267=PLANE('',#2266);
#2268=CARTESIAN_POINT('',(-47.865163898,-18.4,-34.978754465));
#2269=VERTEX_POINT('',#2268);
#2270=CARTESIAN_POINT('',(-47.863126294,-18.4,-34.975252589));
#2271=VERTEX_POINT('',#2270);
#2272=CARTESIAN_POINT('',(-47.345548656,-18.4,-35.278754465));
#2273=DIRECTION('',(-0.,1.,-0.));
#2274=DIRECTION('',(0.866025404,0.,-0.5));
#2275=AXIS2_PLACEMENT_3D('',#2272,#2273,#2274);
#2276=CIRCLE('',#2275,0.6);
#2277=EDGE_CURVE('',#2269,#2271,#2276,.T.);
#2278=ORIENTED_EDGE('',*,*,#2277,.F.);
#2279=CARTESIAN_POINT('',(-46.808384794,-18.4,-35.011443813));
#2280=VERTEX_POINT('',#2279);
#2281=CARTESIAN_POINT('',(-47.345548656,-18.4,-35.278754465));
#2282=DIRECTION('',(-0.,1.,-0.));
#2283=DIRECTION('',(0.866025404,0.,-0.5));
#2284=AXIS2_PLACEMENT_3D('',#2281,#2282,#2283);
#2285=CIRCLE('',#2284,0.6);
#2286=EDGE_CURVE('',#2280,#2269,#2285,.T.);
#2287=ORIENTED_EDGE('',*,*,#2286,.F.);
#2288=CARTESIAN_POINT('',(-47.504801009,-18.4,-34.609367724));
#2289=VERTEX_POINT('',#2288);
#2290=CARTESIAN_POINT('',(-47.504801009,-18.4,-34.609367724));
#2291=DIRECTION('',(0.866025404,0.,-0.5));
#2292=VECTOR('',#2291,0.804152178);
#2293=LINE('',#2290,#2292);
#2294=EDGE_CURVE('',#2289,#2280,#2293,.T.);
#2295=ORIENTED_EDGE('',*,*,#2294,.F.);
#2296=CARTESIAN_POINT('',(-47.650213819,-18.4,-34.757252814));
#2297=VERTEX_POINT('',#2296);
#2298=CARTESIAN_POINT('',(-47.863071408,-18.4,-34.402520212));
#2299=DIRECTION('',(0.,-1.,0.));
#2300=DIRECTION('',(0.866025404,0.,-0.5));
#2301=AXIS2_PLACEMENT_3D('',#2298,#2299,#2300);
#2302=CIRCLE('',#2301,0.413695023);
#2303=EDGE_CURVE('',#2297,#2289,#2302,.T.);
#2304=ORIENTED_EDGE('',*,*,#2303,.F.);
#2305=CARTESIAN_POINT('',(-47.34149714,-18.4,-35.271737034));
#2306=DIRECTION('',(0.,-1.,0.));
#2307=DIRECTION('',(0.866025404,0.,-0.5));
#2308=AXIS2_PLACEMENT_3D('',#2305,#2306,#2307);
#2309=CIRCLE('',#2308,0.6);
#2310=EDGE_CURVE('',#2297,#2271,#2309,.T.);
#2311=ORIENTED_EDGE('',*,*,#2310,.T.);
#2312=EDGE_LOOP('',(#2278,#2287,#2295,#2304,#2311));
#2313=FACE_BOUND('',#2312,.T.);
#2314=ADVANCED_FACE('',(#2313),#2267,.T.);
#2315=CARTESIAN_POINT('',(-49.089099262,-14.9,-33.6946727));
#2316=DIRECTION('',(0.866025404,0.,-0.5));
#2317=DIRECTION('',(0.5,0.,0.866025404));
#2318=AXIS2_PLACEMENT_3D('',#2315,#2316,#2317);
#2319=CYLINDRICAL_SURFACE('',#2318,3.5);
#2320=CARTESIAN_POINT('',(-47.504801009,-18.4,-34.609367724));
#2321=CARTESIAN_POINT('',(-47.477447708,-18.4,-34.561990418));
#2322=CARTESIAN_POINT('',(-47.459949221,-18.398680636,-34.510110831));
#2323=CARTESIAN_POINT('',(-47.452893903,-18.396410713,-34.456353162));
#2324=CARTESIAN_POINT('',(-47.445838585,-18.394140791,-34.402595493));
#2325=CARTESIAN_POINT('',(-47.449519698,-18.390951,-34.347516509));
#2326=CARTESIAN_POINT('',(-47.463475172,-18.38775347,-34.295438841));
#2327=CARTESIAN_POINT('',(-47.477430645,-18.384555939,-34.243361173));
#2328=CARTESIAN_POINT('',(-47.50195285,-18.381345912,-34.193620313));
#2329=CARTESIAN_POINT('',(-47.534724109,-18.37907856,-34.150862461));
#2330=CARTESIAN_POINT('',(-47.567495368,-18.376811208,-34.108104609));
#2331=CARTESIAN_POINT('',(-47.609215178,-18.375469583,-34.07143552));
#2332=CARTESIAN_POINT('',(-47.65596489,-18.375464935,-34.044399474));
#2333=CARTESIAN_POINT('',(-47.702714602,-18.375460288,-34.017363429));
#2334=CARTESIAN_POINT('',(-47.755043333,-18.376780569,-33.99951396));
#2335=CARTESIAN_POINT('',(-47.808801423,-18.379057291,-33.992400301));
#2336=CARTESIAN_POINT('',(-47.862559512,-18.381334013,-33.985286643));
#2337=CARTESIAN_POINT('',(-47.917139724,-18.384500981,-33.988757387));
#2338=CARTESIAN_POINT('',(-47.969879747,-18.38773784,-34.00285091));
#2339=CARTESIAN_POINT('',(-48.075359792,-18.394211557,-34.031037955));
#2340=CARTESIAN_POINT('',(-48.166635302,-18.4,-34.100918253));
#2341=CARTESIAN_POINT('',(-48.221341808,-18.4,-34.1956727));
#2342=B_SPLINE_CURVE_WITH_KNOTS('',3,(#2320,#2321,#2322,#2323,#2324,#2325,#2326,#2327,#2328,#2329,#2330,#2331,#2332,#2333,#2334,#2335,#2336,#2337,#2338,#2339,#2340,#2341),.UNSPECIFIED.,.F.,.F.,(4,3,3,3,3,3,3,4),(0.,0.000161779,0.000323559,0.000485338,0.000647118,0.000808897,0.000970677,0.001294236),.UNSPECIFIED.);
#2343=EDGE_CURVE('',#2289,#2018,#2342,.T.);
#2344=ORIENTED_EDGE('',*,*,#2343,.F.);
#2345=ORIENTED_EDGE('',*,*,#2294,.T.);
#2346=CARTESIAN_POINT('',(-46.87521375,-18.399524096,-34.906215774));
#2347=VERTEX_POINT('',#2346);
#2348=CARTESIAN_POINT('',(-46.87521375,-18.399524096,-34.906215774));
#2349=CARTESIAN_POINT('',(-46.84927415,-18.399777944,-34.938964854));
#2350=CARTESIAN_POINT('',(-46.826997876,-18.4,-34.974040608));
#2351=CARTESIAN_POINT('',(-46.808384794,-18.4,-35.011443813));
#2352=B_SPLINE_CURVE_WITH_KNOTS('',3,(#2348,#2349,#2350,#2351),.UNSPECIFIED.,.F.,.F.,(4,4),(0.,0.000124657),.UNSPECIFIED.);
#2353=EDGE_CURVE('',#2347,#2280,#2352,.T.);
#2354=ORIENTED_EDGE('',*,*,#2353,.F.);
#2355=CARTESIAN_POINT('',(-46.903960613,-18.378970709,-34.513901538));
#2356=VERTEX_POINT('',#2355);
#2357=CARTESIAN_POINT('',(-46.903960613,-18.378970709,-34.513901538));
#2358=CARTESIAN_POINT('',(-46.938915078,-18.386668921,-34.574444447));
#2359=CARTESIAN_POINT('',(-46.954919948,-18.391923963,-34.644484515));
#2360=CARTESIAN_POINT('',(-46.949960883,-18.395004636,-34.713857363));
#2361=CARTESIAN_POINT('',(-46.945001819,-18.398085309,-34.783230211));
#2362=CARTESIAN_POINT('',(-46.91888484,-18.399096727,-34.85108046));
#2363=CARTESIAN_POINT('',(-46.87521375,-18.399524096,-34.906215774));
#2364=B_SPLINE_CURVE_WITH_KNOTS('',3,(#2357,#2358,#2359,#2360,#2361,#2362,#2363),.UNSPECIFIED.,.F.,.F.,(4,3,4),(0.,0.000208017,0.000416035),.UNSPECIFIED.);
#2365=EDGE_CURVE('',#2356,#2347,#2364,.T.);
#2366=ORIENTED_EDGE('',*,*,#2365,.F.);
#2367=CARTESIAN_POINT('',(-46.895934168,-18.377165497,-34.499999327));
#2368=VERTEX_POINT('',#2367);
#2369=CARTESIAN_POINT('',(-47.095508783,-14.9,-34.8456727));
#2370=DIRECTION('',(0.866025404,-0.,-0.5));
#2371=DIRECTION('',(0.5,0.,0.866025404));
#2372=AXIS2_PLACEMENT_3D('',#2369,#2370,#2371);
#2373=CIRCLE('',#2372,3.5);
#2374=EDGE_CURVE('',#2368,#2356,#2373,.T.);
#2375=ORIENTED_EDGE('',*,*,#2374,.F.);
#2376=CARTESIAN_POINT('',(-46.541806642,-18.324186974,-34.328737723));
#2377=VERTEX_POINT('',#2376);
#2378=CARTESIAN_POINT('',(-46.541806642,-18.324186974,-34.328737723));
#2379=CARTESIAN_POINT('',(-46.611638631,-18.329689491,-34.318448587));
#2380=CARTESIAN_POINT('',(-46.682641902,-18.338981306,-34.329677995));
#2381=CARTESIAN_POINT('',(-46.745112054,-18.348895567,-34.359866439));
#2382=CARTESIAN_POINT('',(-46.807582205,-18.358809828,-34.390054882));
#2383=CARTESIAN_POINT('',(-46.860772791,-18.369093039,-34.439098036));
#2384=CARTESIAN_POINT('',(-46.895934168,-18.377165497,-34.499999327));
#2385=B_SPLINE_CURVE_WITH_KNOTS('',3,(#2378,#2379,#2380,#2381,#2382,#2383,#2384),.UNSPECIFIED.,.F.,.F.,(4,3,4),(0.,0.000209333,0.000418666),.UNSPECIFIED.);
#2386=EDGE_CURVE('',#2377,#2368,#2385,.T.);
#2387=ORIENTED_EDGE('',*,*,#2386,.F.);
#2388=CARTESIAN_POINT('',(-45.935570007,-17.9,-33.433697665));
#2389=VERTEX_POINT('',#2388);
#2390=CARTESIAN_POINT('',(-45.935570007,-17.9,-33.433697665));
#2391=CARTESIAN_POINT('',(-45.906814717,-17.917113555,-33.483183883));
#2392=CARTESIAN_POINT('',(-45.886216573,-17.937104514,-33.534538469));
#2393=CARTESIAN_POINT('',(-45.872729102,-17.958983205,-33.587763771));
#2394=CARTESIAN_POINT('',(-45.859241632,-17.980861895,-33.640989072));
#2395=CARTESIAN_POINT('',(-45.853215685,-18.004533193,-33.695763422));
#2396=CARTESIAN_POINT('',(-45.85452222,-18.028290546,-33.749681979));
#2397=CARTESIAN_POINT('',(-45.857135289,-18.075805252,-33.857519093));
#2398=CARTESIAN_POINT('',(-45.88904499,-18.124542224,-33.964723689));
#2399=CARTESIAN_POINT('',(-45.948667481,-18.16706903,-34.058084644));
#2400=CARTESIAN_POINT('',(-45.978478726,-18.188332434,-34.104765121));
#2401=CARTESIAN_POINT('',(-46.014384202,-18.207675378,-34.14700262));
#2402=CARTESIAN_POINT('',(-46.056692037,-18.225272106,-34.184447221));
#2403=CARTESIAN_POINT('',(-46.098999873,-18.242868835,-34.221891821));
#2404=CARTESIAN_POINT('',(-46.147270044,-18.258393397,-34.253792388));
#2405=CARTESIAN_POINT('',(-46.199178889,-18.271513818,-34.278183859));
#2406=CARTESIAN_POINT('',(-46.302996578,-18.29775466,-34.326966801));
#2407=CARTESIAN_POINT('',(-46.423923953,-18.31489823,-34.346106711));
#2408=CARTESIAN_POINT('',(-46.541806642,-18.324186974,-34.328737723));
#2409=B_SPLINE_CURVE_WITH_KNOTS('',3,(#2390,#2391,#2392,#2393,#2394,#2395,#2396,#2397,#2398,#2399,#2400,#2401,#2402,#2403,#2404,#2405,#2406,#2407,#2408),.UNSPECIFIED.,.F.,.F.,(4,3,3,3,3,3,4),(0.,0.000176424,0.000352849,0.000705697,0.000882122,0.001058546,0.001411395),.UNSPECIFIED.);
#2410=EDGE_CURVE('',#2389,#2377,#2409,.T.);
#2411=ORIENTED_EDGE('',*,*,#2410,.F.);
#2412=CARTESIAN_POINT('',(-45.068287939,-17.9,-33.934423201));
#2413=VERTEX_POINT('',#2412);
#2414=CARTESIAN_POINT('',(-45.068287939,-17.9,-33.934423201));
#2415=DIRECTION('',(-0.866025404,-0.,0.5));
#2416=VECTOR('',#2415,1.001451071);
#2417=LINE('',#2414,#2416);
#2418=EDGE_CURVE('',#2413,#2389,#2417,.T.);
#2419=ORIENTED_EDGE('',*,*,#2418,.F.);
#2420=CARTESIAN_POINT('',(-45.969675758,-14.9,-35.4956727));
#2421=DIRECTION('',(0.866025404,-0.,-0.5));
#2422=DIRECTION('',(0.5,0.,0.866025404));
#2423=AXIS2_PLACEMENT_3D('',#2420,#2421,#2422);
#2424=CIRCLE('',#2423,3.5);
#2425=EDGE_CURVE('',#1256,#2413,#2424,.T.);
#2426=ORIENTED_EDGE('',*,*,#2425,.F.);
#2427=ORIENTED_EDGE('',*,*,#1261,.F.);
#2428=ORIENTED_EDGE('',*,*,#2031,.F.);
#2429=EDGE_LOOP('',(#2344,#2345,#2354,#2366,#2375,#2387,#2411,#2419,#2426,#2427,#2428));
#2430=FACE_BOUND('',#2429,.T.);
#2431=ADVANCED_FACE('',(#2430),#2319,.T.);
#2432=CARTESIAN_POINT('',(-47.339099262,-0.,-30.663583787));
#2433=DIRECTION('',(0.5,-0.,0.866025404));
#2434=DIRECTION('',(-0.,-1.,-0.));
#2435=AXIS2_PLACEMENT_3D('',#2432,#2433,#2434);
#2436=PLANE('',#2435);
#2437=CARTESIAN_POINT('',(-46.086181808,10.227938193,-31.386956017));
#2438=VERTEX_POINT('',#2437);
#2439=CARTESIAN_POINT('',(-46.086181808,9.727938193,-31.386956017));
#2440=DIRECTION('',(-0.5,0.,-0.866025404));
#2441=DIRECTION('',(-0.,-1.,-0.));
#2442=AXIS2_PLACEMENT_3D('',#2439,#2440,#2441);
#2443=CIRCLE('',#2442,0.5);
#2444=EDGE_CURVE('',#2052,#2438,#2443,.T.);
#2445=ORIENTED_EDGE('',*,*,#2444,.T.);
#2446=CARTESIAN_POINT('',(-44.569075624,10.227938193,-32.262857681));
#2447=VERTEX_POINT('',#2446);
#2448=CARTESIAN_POINT('',(-46.086181808,10.227938193,-31.386956017));
#2449=DIRECTION('',(0.866025404,0.,-0.5));
#2450=VECTOR('',#2449,1.751803327);
#2451=LINE('',#2448,#2450);
#2452=EDGE_CURVE('',#2438,#2447,#2451,.T.);
#2453=ORIENTED_EDGE('',*,*,#2452,.T.);
#2454=CARTESIAN_POINT('',(-44.569075624,9.727938193,-32.262857681));
#2455=DIRECTION('',(-0.5,0.,-0.866025404));
#2456=DIRECTION('',(-0.,-1.,-0.));
#2457=AXIS2_PLACEMENT_3D('',#2454,#2455,#2456);
#2458=CIRCLE('',#2457,0.5);
#2459=EDGE_CURVE('',#2447,#1708,#2458,.T.);
#2460=ORIENTED_EDGE('',*,*,#2459,.T.);
#2461=ORIENTED_EDGE('',*,*,#1713,.F.);
#2462=CARTESIAN_POINT('',(-46.471341808,14.9,-31.164583787));
#2463=DIRECTION('',(0.866025404,0.,-0.5));
#2464=VECTOR('',#2463,2.6);
#2465=LINE('',#2462,#2464);
#2466=EDGE_CURVE('',#2060,#1699,#2465,.T.);
#2467=ORIENTED_EDGE('',*,*,#2466,.F.);
#2468=ORIENTED_EDGE('',*,*,#2065,.F.);
#2469=EDGE_LOOP('',(#2445,#2453,#2460,#2461,#2467,#2468));
#2470=FACE_BOUND('',#2469,.T.);
#2471=ADVANCED_FACE('',(#2470),#2436,.T.);
#2472=CARTESIAN_POINT('',(-49.089099262,14.9,-33.6946727));
#2473=DIRECTION('',(0.866025404,0.,-0.5));
#2474=DIRECTION('',(0.5,0.,0.866025404));
#2475=AXIS2_PLACEMENT_3D('',#2472,#2473,#2474);
#2476=CYLINDRICAL_SURFACE('',#2475,3.5);
#2477=CARTESIAN_POINT('',(-47.504801009,18.4,-34.609367724));
#2478=VERTEX_POINT('',#2477);
#2479=CARTESIAN_POINT('',(-48.221341808,18.4,-34.1956727));
#2480=CARTESIAN_POINT('',(-48.193988508,18.4,-34.148295395));
#2481=CARTESIAN_POINT('',(-48.157808711,18.398680636,-34.107201467));
#2482=CARTESIAN_POINT('',(-48.114780863,18.396410713,-34.074212547));
#2483=CARTESIAN_POINT('',(-48.071753015,18.394140791,-34.041223628));
#2484=CARTESIAN_POINT('',(-48.022212659,18.390951,-34.016872073));
#2485=CARTESIAN_POINT('',(-47.970134339,18.38775347,-34.002919034));
#2486=CARTESIAN_POINT('',(-47.918056019,18.384555939,-33.988965995));
#2487=CARTESIAN_POINT('',(-47.862718068,18.381345912,-33.985332417));
#2488=CARTESIAN_POINT('',(-47.809303053,18.37907856,-33.992334234));
#2489=CARTESIAN_POINT('',(-47.755888037,18.376811208,-33.999336051));
#2490=CARTESIAN_POINT('',(-47.703271769,18.375469583,-34.017131922));
#2491=CARTESIAN_POINT('',(-47.656483011,18.375464935,-34.044100338));
#2492=CARTESIAN_POINT('',(-47.609694252,18.375460288,-34.071068753));
#2493=CARTESIAN_POINT('',(-47.568071794,18.376780569,-34.107462029));
#2494=CARTESIAN_POINT('',(-47.53503214,18.379057291,-34.150461071));
#2495=CARTESIAN_POINT('',(-47.501992486,18.381334013,-34.193460112));
#2496=CARTESIAN_POINT('',(-47.477708133,18.384500981,-34.242463335));
#2497=CARTESIAN_POINT('',(-47.46354347,18.38773784,-34.295184295));
#2498=CARTESIAN_POINT('',(-47.435214145,18.394211557,-34.400626217));
#2499=CARTESIAN_POINT('',(-47.450094503,18.4,-34.514613277));
#2500=CARTESIAN_POINT('',(-47.504801009,18.4,-34.609367724));
#2501=B_SPLINE_CURVE_WITH_KNOTS('',3,(#2479,#2480,#2481,#2482,#2483,#2484,#2485,#2486,#2487,#2488,#2489,#2490,#2491,#2492,#2493,#2494,#2495,#2496,#2497,#2498,#2499,#2500),.UNSPECIFIED.,.F.,.F.,(4,3,3,3,3,3,3,4),(0.,0.000161779,0.000323559,0.000485338,0.000647118,0.000808897,0.000970677,0.001294236),.UNSPECIFIED.);
#2502=EDGE_CURVE('',#2109,#2478,#2501,.T.);
#2503=ORIENTED_EDGE('',*,*,#2502,.F.);
#2504=ORIENTED_EDGE('',*,*,#2115,.F.);
#2505=ORIENTED_EDGE('',*,*,#2466,.T.);
#2506=CARTESIAN_POINT('',(-45.068287939,17.9,-33.934423201));
#2507=VERTEX_POINT('',#2506);
#2508=CARTESIAN_POINT('',(-45.969675758,14.9,-35.4956727));
#2509=DIRECTION('',(0.866025404,-0.,-0.5));
#2510=DIRECTION('',(0.5,0.,0.866025404));
#2511=AXIS2_PLACEMENT_3D('',#2508,#2509,#2510);
#2512=CIRCLE('',#2511,3.5);
#2513=EDGE_CURVE('',#2507,#1699,#2512,.T.);
#2514=ORIENTED_EDGE('',*,*,#2513,.F.);
#2515=CARTESIAN_POINT('',(-45.935570007,17.9,-33.433697665));
#2516=VERTEX_POINT('',#2515);
#2517=CARTESIAN_POINT('',(-45.935570007,17.9,-33.433697665));
#2518=DIRECTION('',(0.866025404,0.,-0.5));
#2519=VECTOR('',#2518,1.001451071);
#2520=LINE('',#2517,#2519);
#2521=EDGE_CURVE('',#2516,#2507,#2520,.T.);
#2522=ORIENTED_EDGE('',*,*,#2521,.F.);
#2523=CARTESIAN_POINT('',(-46.541806642,18.324186974,-34.328737723));
#2524=VERTEX_POINT('',#2523);
#2525=CARTESIAN_POINT('',(-46.541806642,18.324186974,-34.328737723));
#2526=CARTESIAN_POINT('',(-46.424068105,18.314909588,-34.346085472));
#2527=CARTESIAN_POINT('',(-46.30447555,18.29804897,-34.327439655));
#2528=CARTESIAN_POINT('',(-46.200122144,18.271751876,-34.278626085));
#2529=CARTESIAN_POINT('',(-46.095768738,18.245454781,-34.229812514));
#2530=CARTESIAN_POINT('',(-46.007912782,18.209310156,-34.150817652));
#2531=CARTESIAN_POINT('',(-45.948726455,18.167111087,-34.058176971));
#2532=CARTESIAN_POINT('',(-45.889540128,18.124912017,-33.96553629));
#2533=CARTESIAN_POINT('',(-45.857189487,18.076186469,-33.858379235));
#2534=CARTESIAN_POINT('',(-45.854526693,18.028371371,-33.749865413));
#2535=CARTESIAN_POINT('',(-45.853195296,18.004463823,-33.695608501));
#2536=CARTESIAN_POINT('',(-45.859089275,17.981278867,-33.641968489));
#2537=CARTESIAN_POINT('',(-45.872482872,17.959384173,-33.588738905));
#2538=CARTESIAN_POINT('',(-45.885876468,17.937489478,-33.53550932));
#2539=CARTESIAN_POINT('',(-45.906854989,17.917089587,-33.483114577));
#2540=CARTESIAN_POINT('',(-45.935570007,17.9,-33.433697665));
#2541=B_SPLINE_CURVE_WITH_KNOTS('',3,(#2525,#2526,#2527,#2528,#2529,#2530,#2531,#2532,#2533,#2534,#2535,#2536,#2537,#2538,#2539,#2540),.UNSPECIFIED.,.F.,.F.,(4,3,3,3,3,4),(0.,0.000352966,0.000705931,0.001058897,0.001235379,0.001411862),.UNSPECIFIED.);
#2542=EDGE_CURVE('',#2524,#2516,#2541,.T.);
#2543=ORIENTED_EDGE('',*,*,#2542,.F.);
#2544=CARTESIAN_POINT('',(-46.895934168,18.377165497,-34.499999327));
#2545=VERTEX_POINT('',#2544);
#2546=CARTESIAN_POINT('',(-46.895934168,18.377165497,-34.499999327));
#2547=CARTESIAN_POINT('',(-46.860767376,18.369091796,-34.439088658));
#2548=CARTESIAN_POINT('',(-46.80804992,18.358895768,-34.390418411));
#2549=CARTESIAN_POINT('',(-46.745671959,18.348984478,-34.360137625));
#2550=CARTESIAN_POINT('',(-46.683293997,18.339073189,-34.329856838));
#2551=CARTESIAN_POINT('',(-46.611640822,18.329689664,-34.318448264));
#2552=CARTESIAN_POINT('',(-46.541806642,18.324186974,-34.328737723));
#2553=B_SPLINE_CURVE_WITH_KNOTS('',3,(#2546,#2547,#2548,#2549,#2550,#2551,#2552),.UNSPECIFIED.,.F.,.F.,(4,3,4),(0.,0.000209348,0.000418695),.UNSPECIFIED.);
#2554=EDGE_CURVE('',#2545,#2524,#2553,.T.);
#2555=ORIENTED_EDGE('',*,*,#2554,.F.);
#2556=CARTESIAN_POINT('',(-46.903960613,18.378970709,-34.513901538));
#2557=VERTEX_POINT('',#2556);
#2558=CARTESIAN_POINT('',(-47.095508783,14.9,-34.8456727));
#2559=DIRECTION('',(0.866025404,-0.,-0.5));
#2560=DIRECTION('',(0.5,0.,0.866025404));
#2561=AXIS2_PLACEMENT_3D('',#2558,#2559,#2560);
#2562=CIRCLE('',#2561,3.5);
#2563=EDGE_CURVE('',#2557,#2545,#2562,.T.);
#2564=ORIENTED_EDGE('',*,*,#2563,.F.);
#2565=CARTESIAN_POINT('',(-46.87521375,18.399524096,-34.906215774));
#2566=VERTEX_POINT('',#2565);
#2567=CARTESIAN_POINT('',(-46.87521375,18.399524096,-34.906215774));
#2568=CARTESIAN_POINT('',(-46.918883874,18.399096737,-34.851081679));
#2569=CARTESIAN_POINT('',(-46.944825026,18.398101775,-34.783880676));
#2570=CARTESIAN_POINT('',(-46.949913871,18.395033407,-34.714506538));
#2571=CARTESIAN_POINT('',(-46.955002716,18.391965038,-34.6451324));
#2572=CARTESIAN_POINT('',(-46.938915742,18.386669068,-34.574445598));
#2573=CARTESIAN_POINT('',(-46.903960613,18.378970709,-34.513901538));
#2574=B_SPLINE_CURVE_WITH_KNOTS('',3,(#2567,#2568,#2569,#2570,#2571,#2572,#2573),.UNSPECIFIED.,.F.,.F.,(4,3,4),(0.,0.000208014,0.000416028),.UNSPECIFIED.);
#2575=EDGE_CURVE('',#2566,#2557,#2574,.T.);
#2576=ORIENTED_EDGE('',*,*,#2575,.F.);
#2577=CARTESIAN_POINT('',(-46.808384794,18.4,-35.011443813));
#2578=VERTEX_POINT('',#2577);
#2579=CARTESIAN_POINT('',(-46.808384794,18.4,-35.011443813));
#2580=CARTESIAN_POINT('',(-46.826997876,18.4,-34.974040608));
#2581=CARTESIAN_POINT('',(-46.84927415,18.399777944,-34.938964854));
#2582=CARTESIAN_POINT('',(-46.87521375,18.399524096,-34.906215774));
#2583=B_SPLINE_CURVE_WITH_KNOTS('',3,(#2579,#2580,#2581,#2582),.UNSPECIFIED.,.F.,.F.,(4,4),(0.,0.000124657),.UNSPECIFIED.);
#2584=EDGE_CURVE('',#2578,#2566,#2583,.T.);
#2585=ORIENTED_EDGE('',*,*,#2584,.F.);
#2586=CARTESIAN_POINT('',(-47.504801009,18.4,-34.609367724));
#2587=DIRECTION('',(0.866025404,0.,-0.5));
#2588=VECTOR('',#2587,0.804152178);
#2589=LINE('',#2586,#2588);
#2590=EDGE_CURVE('',#2478,#2578,#2589,.T.);
#2591=ORIENTED_EDGE('',*,*,#2590,.F.);
#2592=EDGE_LOOP('',(#2503,#2504,#2505,#2514,#2522,#2543,#2555,#2564,#2576,#2585,#2591));
#2593=FACE_BOUND('',#2592,.T.);
#2594=ADVANCED_FACE('',(#2593),#2476,.T.);
#2595=CARTESIAN_POINT('',(-51.321524262,18.4,-37.561346224));
#2596=DIRECTION('',(0.,1.,0.));
#2597=DIRECTION('',(0.5,-0.,0.866025404));
#2598=AXIS2_PLACEMENT_3D('',#2595,#2596,#2597);
#2599=PLANE('',#2598);
#2600=CARTESIAN_POINT('',(-47.865163898,18.4,-34.978754465));
#2601=VERTEX_POINT('',#2600);
#2602=CARTESIAN_POINT('',(-47.345548656,18.4,-35.278754465));
#2603=DIRECTION('',(-0.,-1.,-0.));
#2604=DIRECTION('',(-0.5,0.,-0.866025404));
#2605=AXIS2_PLACEMENT_3D('',#2602,#2603,#2604);
#2606=CIRCLE('',#2605,0.6);
#2607=EDGE_CURVE('',#2601,#2578,#2606,.T.);
#2608=ORIENTED_EDGE('',*,*,#2607,.F.);
#2609=CARTESIAN_POINT('',(-47.863126294,18.4,-34.975252589));
#2610=VERTEX_POINT('',#2609);
#2611=CARTESIAN_POINT('',(-47.345548656,18.4,-35.278754465));
#2612=DIRECTION('',(-0.,-1.,-0.));
#2613=DIRECTION('',(-0.5,0.,-0.866025404));
#2614=AXIS2_PLACEMENT_3D('',#2611,#2612,#2613);
#2615=CIRCLE('',#2614,0.6);
#2616=EDGE_CURVE('',#2610,#2601,#2615,.T.);
#2617=ORIENTED_EDGE('',*,*,#2616,.F.);
#2618=CARTESIAN_POINT('',(-47.650213819,18.4,-34.757252814));
#2619=VERTEX_POINT('',#2618);
#2620=CARTESIAN_POINT('',(-47.34149714,18.4,-35.271737034));
#2621=DIRECTION('',(0.,1.,0.));
#2622=DIRECTION('',(-0.5,0.,-0.866025404));
#2623=AXIS2_PLACEMENT_3D('',#2620,#2621,#2622);
#2624=CIRCLE('',#2623,0.6);
#2625=EDGE_CURVE('',#2610,#2619,#2624,.T.);
#2626=ORIENTED_EDGE('',*,*,#2625,.T.);
#2627=CARTESIAN_POINT('',(-47.863071408,18.4,-34.402520212));
#2628=DIRECTION('',(0.,1.,0.));
#2629=DIRECTION('',(-0.5,0.,-0.866025404));
#2630=AXIS2_PLACEMENT_3D('',#2627,#2628,#2629);
#2631=CIRCLE('',#2630,0.413695023);
#2632=EDGE_CURVE('',#2478,#2619,#2631,.T.);
#2633=ORIENTED_EDGE('',*,*,#2632,.F.);
#2634=ORIENTED_EDGE('',*,*,#2590,.T.);
#2635=EDGE_LOOP('',(#2608,#2617,#2626,#2633,#2634));
#2636=FACE_BOUND('',#2635,.T.);
#2637=ADVANCED_FACE('',(#2636),#2599,.T.);
#2638=CARTESIAN_POINT('',(-53.553949262,14.9,-41.428019748));
#2639=DIRECTION('',(0.866025404,0.,-0.5));
#2640=DIRECTION('',(0.5,0.,0.866025404));
#2641=AXIS2_PLACEMENT_3D('',#2638,#2639,#2640);
#2642=CYLINDRICAL_SURFACE('',#2641,3.5);
#2643=CARTESIAN_POINT('',(-52.180985871,15.122504581,-46.253977398));
#2644=VERTEX_POINT('',#2643);
#2645=CARTESIAN_POINT('',(-50.434525758,14.9,-43.229019748));
#2646=DIRECTION('',(0.866025404,-0.,-0.5));
#2647=DIRECTION('',(0.5,0.,0.866025404));
#2648=AXIS2_PLACEMENT_3D('',#2645,#2646,#2647);
#2649=CIRCLE('',#2648,3.5);
#2650=EDGE_CURVE('',#2644,#601,#2649,.T.);
#2651=ORIENTED_EDGE('',*,*,#2650,.F.);
#2652=CARTESIAN_POINT('',(-52.343437117,14.9,-46.168361146));
#2653=VERTEX_POINT('',#2652);
#2654=CARTESIAN_POINT('',(-52.180985871,15.122504581,-46.253977398));
#2655=CARTESIAN_POINT('',(-52.235849169,15.047955961,-46.227785577));
#2656=CARTESIAN_POINT('',(-52.290130203,14.973920884,-46.199137907));
#2657=CARTESIAN_POINT('',(-52.343437117,14.9,-46.168361146));
#2658=B_SPLINE_CURVE_WITH_KNOTS('',3,(#2654,#2655,#2656,#2657),.UNSPECIFIED.,.F.,.F.,(4,4),(0.,0.000288494),.UNSPECIFIED.);
#2659=EDGE_CURVE('',#2644,#2653,#2658,.T.);
#2660=ORIENTED_EDGE('',*,*,#2659,.T.);
#2661=CARTESIAN_POINT('',(-54.422488304,14.9,-44.968020383));
#2662=VERTEX_POINT('',#2661);
#2663=CARTESIAN_POINT('',(-54.422488304,14.9,-44.968020383));
#2664=DIRECTION('',(0.866025404,0.,-0.5));
#2665=VECTOR('',#2664,2.400681526);
#2666=LINE('',#2663,#2665);
#2667=EDGE_CURVE('',#2662,#2653,#2666,.T.);
#2668=ORIENTED_EDGE('',*,*,#2667,.F.);
#2669=CARTESIAN_POINT('',(-59.075709846,14.9,-38.240029789));
#2670=DIRECTION('',(0.822456305,0.,0.568828292));
#2671=DIRECTION('',(0.568828292,0.,-0.822456305));
#2672=AXIS2_PLACEMENT_3D('',#2669,#2670,#2671);
#2673=ELLIPSE('',#2672,8.180362348,3.5);
#2674=EDGE_CURVE('',#2662,#2193,#2673,.T.);
#2675=ORIENTED_EDGE('',*,*,#2674,.T.);
#2676=ORIENTED_EDGE('',*,*,#2199,.F.);
#2677=ORIENTED_EDGE('',*,*,#652,.T.);
#2678=ORIENTED_EDGE('',*,*,#606,.T.);
#2679=EDGE_LOOP('',(#2651,#2660,#2668,#2675,#2676,#2677,#2678));
#2680=FACE_BOUND('',#2679,.T.);
#2681=ADVANCED_FACE('',(#2680),#2642,.T.);
#2682=CARTESIAN_POINT('',(-45.969675758,14.9,-35.4956727));
#2683=DIRECTION('',(0.866025404,0.,-0.5));
#2684=DIRECTION('',(0.5,0.,0.866025404));
#2685=AXIS2_PLACEMENT_3D('',#2682,#2683,#2684);
#2686=TOROIDAL_SURFACE('',#2685,2.6,0.9);
#2687=ORIENTED_EDGE('',*,*,#1705,.F.);
#2688=CARTESIAN_POINT('',(-45.190252894,17.5,-35.9456727));
#2689=VERTEX_POINT('',#2688);
#2690=CARTESIAN_POINT('',(-45.190252894,14.9,-35.9456727));
#2691=DIRECTION('',(-0.866025404,0.,0.5));
#2692=DIRECTION('',(0.5,0.,0.866025404));
#2693=AXIS2_PLACEMENT_3D('',#2690,#2691,#2692);
#2694=CIRCLE('',#2693,2.6);
#2695=EDGE_CURVE('',#1691,#2689,#2694,.T.);
#2696=ORIENTED_EDGE('',*,*,#2695,.T.);
#2697=CARTESIAN_POINT('',(-45.969675758,18.4,-35.4956727));
#2698=VERTEX_POINT('',#2697);
#2699=CARTESIAN_POINT('',(-45.969675758,17.5,-35.4956727));
#2700=DIRECTION('',(0.5,0.,0.866025404));
#2701=DIRECTION('',(0.866025404,0.,-0.5));
#2702=AXIS2_PLACEMENT_3D('',#2699,#2700,#2701);
#2703=CIRCLE('',#2702,0.9);
#2704=EDGE_CURVE('',#2689,#2698,#2703,.T.);
#2705=ORIENTED_EDGE('',*,*,#2704,.T.);
#2706=CARTESIAN_POINT('',(-45.969675758,14.9,-35.4956727));
#2707=DIRECTION('',(0.866025404,-0.,-0.5));
#2708=DIRECTION('',(0.5,0.,0.866025404));
#2709=AXIS2_PLACEMENT_3D('',#2706,#2707,#2708);
#2710=CIRCLE('',#2709,3.5);
#2711=EDGE_CURVE('',#2698,#2507,#2710,.T.);
#2712=ORIENTED_EDGE('',*,*,#2711,.T.);
#2713=ORIENTED_EDGE('',*,*,#2513,.T.);
#2714=EDGE_LOOP('',(#2687,#2696,#2705,#2712,#2713));
#2715=FACE_BOUND('',#2714,.T.);
#2716=ADVANCED_FACE('',(#2715),#2686,.T.);
#2717=CARTESIAN_POINT('',(-45.969675758,-14.9,-35.4956727));
#2718=DIRECTION('',(0.866025404,0.,-0.5));
#2719=DIRECTION('',(0.5,0.,0.866025404));
#2720=AXIS2_PLACEMENT_3D('',#2717,#2718,#2719);
#2721=TOROIDAL_SURFACE('',#2720,2.6,0.9);
#2722=ORIENTED_EDGE('',*,*,#1688,.F.);
#2723=ORIENTED_EDGE('',*,*,#2425,.T.);
#2724=CARTESIAN_POINT('',(-45.969675758,-18.4,-35.4956727));
#2725=VERTEX_POINT('',#2724);
#2726=CARTESIAN_POINT('',(-45.969675758,-14.9,-35.4956727));
#2727=DIRECTION('',(0.866025404,-0.,-0.5));
#2728=DIRECTION('',(0.5,0.,0.866025404));
#2729=AXIS2_PLACEMENT_3D('',#2726,#2727,#2728);
#2730=CIRCLE('',#2729,3.5);
#2731=EDGE_CURVE('',#2413,#2725,#2730,.T.);
#2732=ORIENTED_EDGE('',*,*,#2731,.T.);
#2733=CARTESIAN_POINT('',(-45.190252894,-17.5,-35.9456727));
#2734=VERTEX_POINT('',#2733);
#2735=CARTESIAN_POINT('',(-45.969675758,-17.5,-35.4956727));
#2736=DIRECTION('',(0.5,0.,0.866025404));
#2737=DIRECTION('',(0.866025404,0.,-0.5));
#2738=AXIS2_PLACEMENT_3D('',#2735,#2736,#2737);
#2739=CIRCLE('',#2738,0.9);
#2740=EDGE_CURVE('',#2725,#2734,#2739,.T.);
#2741=ORIENTED_EDGE('',*,*,#2740,.T.);
#2742=CARTESIAN_POINT('',(-45.190252894,-14.9,-35.9456727));
#2743=DIRECTION('',(-0.866025404,0.,0.5));
#2744=DIRECTION('',(0.5,0.,0.866025404));
#2745=AXIS2_PLACEMENT_3D('',#2742,#2743,#2744);
#2746=CIRCLE('',#2745,2.6);
#2747=EDGE_CURVE('',#2734,#1682,#2746,.T.);
#2748=ORIENTED_EDGE('',*,*,#2747,.T.);
#2749=EDGE_LOOP('',(#2722,#2723,#2732,#2741,#2748));
#2750=FACE_BOUND('',#2749,.T.);
#2751=ADVANCED_FACE('',(#2750),#2721,.T.);
#2752=CARTESIAN_POINT('',(-25.3281,17.5,0.256585261));
#2753=DIRECTION('',(-0.5,0.,-0.866025404));
#2754=DIRECTION('',(0.,1.,0.));
#2755=AXIS2_PLACEMENT_3D('',#2752,#2753,#2754);
#2756=CYLINDRICAL_SURFACE('',#2755,0.9);
#2757=ORIENTED_EDGE('',*,*,#2704,.F.);
#2758=CARTESIAN_POINT('',(-49.655102894,17.5,-43.679019748));
#2759=VERTEX_POINT('',#2758);
#2760=CARTESIAN_POINT('',(-45.190252894,17.5,-35.9456727));
#2761=DIRECTION('',(-0.5,0.,-0.866025404));
#2762=VECTOR('',#2761,8.9297);
#2763=LINE('',#2760,#2762);
#2764=EDGE_CURVE('',#2689,#2759,#2763,.T.);
#2765=ORIENTED_EDGE('',*,*,#2764,.T.);
#2766=CARTESIAN_POINT('',(-50.434525758,17.5,-43.229019748));
#2767=DIRECTION('',(0.5,0.,0.866025404));
#2768=DIRECTION('',(0.866025404,0.,-0.5));
#2769=AXIS2_PLACEMENT_3D('',#2766,#2767,#2768);
#2770=CIRCLE('',#2769,0.9);
#2771=EDGE_CURVE('',#2759,#601,#2770,.T.);
#2772=ORIENTED_EDGE('',*,*,#2771,.T.);
#2773=ORIENTED_EDGE('',*,*,#621,.T.);
#2774=CARTESIAN_POINT('',(-49.784525758,18.4,-42.103186724));
#2775=DIRECTION('',(0.5,-0.,0.866025404));
#2776=VECTOR('',#2775,7.6297);
#2777=LINE('',#2774,#2776);
#2778=EDGE_CURVE('',#609,#2698,#2777,.T.);
#2779=ORIENTED_EDGE('',*,*,#2778,.T.);
#2780=EDGE_LOOP('',(#2757,#2765,#2772,#2773,#2779));
#2781=FACE_BOUND('',#2780,.T.);
#2782=ADVANCED_FACE('',(#2781),#2756,.T.);
#2783=CARTESIAN_POINT('',(-25.3281,-17.5,0.256585261));
#2784=DIRECTION('',(0.5,0.,0.866025404));
#2785=DIRECTION('',(-0.866025404,0.,0.5));
#2786=AXIS2_PLACEMENT_3D('',#2783,#2784,#2785);
#2787=CYLINDRICAL_SURFACE('',#2786,0.9);
#2788=ORIENTED_EDGE('',*,*,#2740,.F.);
#2789=CARTESIAN_POINT('',(-45.969675758,-18.4,-35.4956727));
#2790=DIRECTION('',(-0.5,-0.,-0.866025404));
#2791=VECTOR('',#2790,7.6297);
#2792=LINE('',#2789,#2791);
#2793=EDGE_CURVE('',#2725,#663,#2792,.T.);
#2794=ORIENTED_EDGE('',*,*,#2793,.T.);
#2795=ORIENTED_EDGE('',*,*,#670,.T.);
#2796=CARTESIAN_POINT('',(-49.655102894,-17.5,-43.679019748));
#2797=VERTEX_POINT('',#2796);
#2798=CARTESIAN_POINT('',(-50.434525758,-17.5,-43.229019748));
#2799=DIRECTION('',(0.5,0.,0.866025404));
#2800=DIRECTION('',(0.866025404,0.,-0.5));
#2801=AXIS2_PLACEMENT_3D('',#2798,#2799,#2800);
#2802=CIRCLE('',#2801,0.9);
#2803=EDGE_CURVE('',#665,#2797,#2802,.T.);
#2804=ORIENTED_EDGE('',*,*,#2803,.T.);
#2805=CARTESIAN_POINT('',(-49.655102894,-17.5,-43.679019748));
#2806=DIRECTION('',(0.5,0.,0.866025404));
#2807=VECTOR('',#2806,8.9297);
#2808=LINE('',#2805,#2807);
#2809=EDGE_CURVE('',#2797,#2734,#2808,.T.);
#2810=ORIENTED_EDGE('',*,*,#2809,.T.);
#2811=EDGE_LOOP('',(#2788,#2794,#2795,#2804,#2810));
#2812=FACE_BOUND('',#2811,.T.);
#2813=ADVANCED_FACE('',(#2812),#2787,.T.);
#2814=CARTESIAN_POINT('',(-50.434525758,14.9,-43.229019748));
#2815=DIRECTION('',(0.866025404,0.,-0.5));
#2816=DIRECTION('',(0.5,0.,0.866025404));
#2817=AXIS2_PLACEMENT_3D('',#2814,#2815,#2816);
#2818=TOROIDAL_SURFACE('',#2817,2.6,0.9);
#2819=CARTESIAN_POINT('',(-50.951298343,15.098769812,-45.924096122));
#2820=VERTEX_POINT('',#2819);
#2821=CARTESIAN_POINT('',(-49.655102894,14.9,-43.679019748));
#2822=DIRECTION('',(-0.866025404,0.,0.5));
#2823=DIRECTION('',(0.5,0.,0.866025404));
#2824=AXIS2_PLACEMENT_3D('',#2821,#2822,#2823);
#2825=CIRCLE('',#2824,2.6);
#2826=EDGE_CURVE('',#2759,#2820,#2825,.T.);
#2827=ORIENTED_EDGE('',*,*,#2826,.T.);
#2828=CARTESIAN_POINT('',(-50.951298343,15.098769812,-45.924096122));
#2829=CARTESIAN_POINT('',(-50.952283707,15.176018799,-45.925802823));
#2830=CARTESIAN_POINT('',(-50.953544536,15.253449194,-45.928128441));
#2831=CARTESIAN_POINT('',(-50.959780215,15.329912126,-45.936751239));
#2832=CARTESIAN_POINT('',(-50.962898055,15.368143592,-45.941062638));
#2833=CARTESIAN_POINT('',(-50.967182735,15.406396534,-45.946916529));
#2834=CARTESIAN_POINT('',(-50.976262703,15.44207282,-45.958365214));
#2835=CARTESIAN_POINT('',(-50.980802687,15.459910963,-45.964089556));
#2836=CARTESIAN_POINT('',(-50.986727321,15.477144199,-45.971432811));
#2837=CARTESIAN_POINT('',(-50.994657587,15.492012178,-45.980836929));
#2838=CARTESIAN_POINT('',(-51.002587852,15.506880156,-45.990241048));
#2839=CARTESIAN_POINT('',(-51.012643817,15.519260132,-46.001810991));
#2840=CARTESIAN_POINT('',(-51.024168612,15.528363228,-46.014362335));
#2841=CARTESIAN_POINT('',(-51.047218203,15.54656942,-46.039465023));
#2842=CARTESIAN_POINT('',(-51.07519065,15.552683489,-46.067225869));
#2843=CARTESIAN_POINT('',(-51.103956083,15.554901326,-46.092609695));
#2844=CARTESIAN_POINT('',(-51.132721516,15.557119164,-46.117993521));
#2845=CARTESIAN_POINT('',(-51.162758421,15.55529346,-46.141720095));
#2846=CARTESIAN_POINT('',(-51.19410808,15.551823678,-46.163779801));
#2847=CARTESIAN_POINT('',(-51.256807397,15.544884114,-46.207899214));
#2848=CARTESIAN_POINT('',(-51.322873515,15.531455738,-46.244069178));
#2849=CARTESIAN_POINT('',(-51.391660833,15.515077668,-46.272485783));
#2850=CARTESIAN_POINT('',(-51.52923547,15.482321529,-46.329318994));
#2851=CARTESIAN_POINT('',(-51.678279946,15.43728189,-46.353590789));
#2852=CARTESIAN_POINT('',(-51.818440848,15.376835129,-46.346158424));
#2853=CARTESIAN_POINT('',(-51.888521299,15.346611748,-46.342442242));
#2854=CARTESIAN_POINT('',(-51.955479347,15.312779778,-46.331175303));
#2855=CARTESIAN_POINT('',(-52.01767372,15.271671742,-46.31440476));
#2856=CARTESIAN_POINT('',(-52.079868093,15.230563706,-46.297634218));
#2857=CARTESIAN_POINT('',(-52.136814312,15.182525196,-46.275064968));
#2858=CARTESIAN_POINT('',(-52.180985871,15.122504581,-46.253977398));
#2859=B_SPLINE_CURVE_WITH_KNOTS('',3,(#2828,#2829,#2830,#2831,#2832,#2833,#2834,#2835,#2836,#2837,#2838,#2839,#2840,#2841,#2842,#2843,#2844,#2845,#2846,#2847,#2848,#2849,#2850,#2851,#2852,#2853,
#2854,#2855,#2856,#2857,#2858),.UNSPECIFIED.,.F.,.F.,(4,3,3,3,3,3,3,3,3,3,4),(0.,0.00023177,0.000347655,0.000405597,0.000463539,0.000579424,0.000695309,0.000927079,0.001390618,0.001622388,0.001854158),.UNSPECIFIED.);
#2860=EDGE_CURVE('',#2820,#2644,#2859,.T.);
#2861=ORIENTED_EDGE('',*,*,#2860,.T.);
#2862=ORIENTED_EDGE('',*,*,#2650,.T.);
#2863=ORIENTED_EDGE('',*,*,#2771,.F.);
#2864=EDGE_LOOP('',(#2827,#2861,#2862,#2863));
#2865=FACE_BOUND('',#2864,.T.);
#2866=ADVANCED_FACE('',(#2865),#2818,.T.);
#2867=CARTESIAN_POINT('',(-50.434525758,-14.9,-43.229019748));
#2868=DIRECTION('',(0.866025404,0.,-0.5));
#2869=DIRECTION('',(0.5,0.,0.866025404));
#2870=AXIS2_PLACEMENT_3D('',#2867,#2868,#2869);
#2871=TOROIDAL_SURFACE('',#2870,2.6,0.9);
#2872=ORIENTED_EDGE('',*,*,#2256,.T.);
#2873=CARTESIAN_POINT('',(-50.951298343,-15.098769812,-45.924096122));
#2874=VERTEX_POINT('',#2873);
#2875=CARTESIAN_POINT('',(-52.180985871,-15.122504581,-46.253977398));
#2876=CARTESIAN_POINT('',(-52.136702019,-15.182678116,-46.275118552));
#2877=CARTESIAN_POINT('',(-52.081200076,-15.229520051,-46.297175682));
#2878=CARTESIAN_POINT('',(-52.019038886,-15.270767603,-46.314035592));
#2879=CARTESIAN_POINT('',(-51.956877696,-15.312015156,-46.330895501));
#2880=CARTESIAN_POINT('',(-51.888702035,-15.346523804,-46.342418451));
#2881=CARTESIAN_POINT('',(-51.818637157,-15.37675045,-46.346147996));
#2882=CARTESIAN_POINT('',(-51.678507401,-15.437203743,-46.353607087));
#2883=CARTESIAN_POINT('',(-51.5298098,-15.482164847,-46.329494356));
#2884=CARTESIAN_POINT('',(-51.39201807,-15.514992584,-46.272633282));
#2885=CARTESIAN_POINT('',(-51.323122205,-15.531406452,-46.244202745));
#2886=CARTESIAN_POINT('',(-51.257675723,-15.544694457,-46.208371513));
#2887=CARTESIAN_POINT('',(-51.195356962,-15.551684531,-46.164657224));
#2888=CARTESIAN_POINT('',(-51.164197581,-15.555179568,-46.14280008));
#2889=CARTESIAN_POINT('',(-51.133630041,-15.557082372,-46.118727896));
#2890=CARTESIAN_POINT('',(-51.104987212,-15.554978917,-46.093518413));
#2891=CARTESIAN_POINT('',(-51.076344383,-15.552875462,-46.068308931));
#2892=CARTESIAN_POINT('',(-51.048319381,-15.546988587,-46.040597525));
#2893=CARTESIAN_POINT('',(-51.025102887,-15.529092212,-46.015378514));
#2894=CARTESIAN_POINT('',(-51.01349464,-15.520144024,-46.002769009));
#2895=CARTESIAN_POINT('',(-51.003166585,-15.507706024,-45.99091242));
#2896=CARTESIAN_POINT('',(-50.995155211,-15.492937306,-45.981426592));
#2897=CARTESIAN_POINT('',(-50.987143837,-15.478168589,-45.971940764));
#2898=CARTESIAN_POINT('',(-50.981076732,-15.460799049,-45.964430363));
#2899=CARTESIAN_POINT('',(-50.976472578,-15.442893146,-45.958629729));
#2900=CARTESIAN_POINT('',(-50.967264269,-15.407081342,-45.947028462));
#2901=CARTESIAN_POINT('',(-50.962926155,-15.368411519,-45.94110062));
#2902=CARTESIAN_POINT('',(-50.959795799,-15.330102999,-45.936772786));
#2903=CARTESIAN_POINT('',(-50.953535088,-15.25348596,-45.928117119));
#2904=CARTESIAN_POINT('',(-50.952285461,-15.176156295,-45.92580586));
#2905=CARTESIAN_POINT('',(-50.951298343,-15.098769812,-45.924096122));
#2906=B_SPLINE_CURVE_WITH_KNOTS('',3,(#2875,#2876,#2877,#2878,#2879,#2880,#2881,#2882,#2883,#2884,#2885,#2886,#2887,#2888,#2889,#2890,#2891,#2892,#2893,#2894,#2895,#2896,#2897,#2898,#2899,#2900,
#2901,#2902,#2903,#2904,#2905),.UNSPECIFIED.,.F.,.F.,(4,3,3,3,3,3,3,3,3,3,4),(0.,0.00022754,0.00045508,0.000910159,0.001137699,0.001251469,0.001365239,0.001422124,0.001479009,0.001592779,0.001820319),.UNSPECIFIED.);
#2907=EDGE_CURVE('',#2243,#2874,#2906,.T.);
#2908=ORIENTED_EDGE('',*,*,#2907,.T.);
#2909=CARTESIAN_POINT('',(-49.655102894,-14.9,-43.679019748));
#2910=DIRECTION('',(-0.866025404,0.,0.5));
#2911=DIRECTION('',(0.5,0.,0.866025404));
#2912=AXIS2_PLACEMENT_3D('',#2909,#2910,#2911);
#2913=CIRCLE('',#2912,2.6);
#2914=EDGE_CURVE('',#2874,#2797,#2913,.T.);
#2915=ORIENTED_EDGE('',*,*,#2914,.T.);
#2916=ORIENTED_EDGE('',*,*,#2803,.F.);
#2917=EDGE_LOOP('',(#2872,#2908,#2915,#2916));
#2918=FACE_BOUND('',#2917,.T.);
#2919=ADVANCED_FACE('',(#2918),#2871,.T.);
#2920=CARTESIAN_POINT('',(-51.734525758,0.,-45.480685798));
#2921=DIRECTION('',(-0.,-1.,-0.));
#2922=DIRECTION('',(-0.5,0.,-0.866025404));
#2923=AXIS2_PLACEMENT_3D('',#2920,#2921,#2922);
#2924=CYLINDRICAL_SURFACE('',#2923,0.9);
#2925=ORIENTED_EDGE('',*,*,#1220,.T.);
#2926=CARTESIAN_POINT('',(-51.734525758,7.5,-45.480685798));
#2927=DIRECTION('',(-0.,-1.,-0.));
#2928=DIRECTION('',(-0.866025404,0.,0.5));
#2929=AXIS2_PLACEMENT_3D('',#2926,#2927,#2928);
#2930=CIRCLE('',#2929,0.9);
#2931=EDGE_CURVE('',#1207,#746,#2930,.T.);
#2932=ORIENTED_EDGE('',*,*,#2931,.T.);
#2933=ORIENTED_EDGE('',*,*,#751,.F.);
#2934=CARTESIAN_POINT('',(-50.955102894,14.499031313,-45.930685798));
#2935=VERTEX_POINT('',#2934);
#2936=CARTESIAN_POINT('',(-50.996647838,13.704546011,-45.995987822));
#2937=CARTESIAN_POINT('',(-50.974793199,13.968172606,-45.964693445));
#2938=CARTESIAN_POINT('',(-50.961637783,14.232971878,-45.942004557));
#2939=CARTESIAN_POINT('',(-50.955102894,14.499031313,-45.930685798));
#2940=B_SPLINE_CURVE_WITH_KNOTS('',3,(#2936,#2937,#2938,#2939),.UNSPECIFIED.,.F.,.F.,(4,4),(0.,0.000798247),.UNSPECIFIED.);
#2941=EDGE_CURVE('',#737,#2935,#2940,.T.);
#2942=ORIENTED_EDGE('',*,*,#2941,.T.);
#2943=CARTESIAN_POINT('',(-50.955102894,-14.499031313,-45.930685798));
#2944=VERTEX_POINT('',#2943);
#2945=CARTESIAN_POINT('',(-50.955102894,14.499031313,-45.930685798));
#2946=DIRECTION('',(-0.,-1.,-0.));
#2947=VECTOR('',#2946,28.998062626);
#2948=LINE('',#2945,#2947);
#2949=EDGE_CURVE('',#2935,#2944,#2948,.T.);
#2950=ORIENTED_EDGE('',*,*,#2949,.T.);
#2951=CARTESIAN_POINT('',(-50.996647838,-13.704546011,-45.995987822));
#2952=VERTEX_POINT('',#2951);
#2953=CARTESIAN_POINT('',(-50.955102894,-14.499031313,-45.930685798));
#2954=CARTESIAN_POINT('',(-50.961637713,-14.232971865,-45.942004437));
#2955=CARTESIAN_POINT('',(-50.974793104,-13.968172582,-45.964693309));
#2956=CARTESIAN_POINT('',(-50.996647838,-13.704546011,-45.995987822));
#2957=B_SPLINE_CURVE_WITH_KNOTS('',3,(#2953,#2954,#2955,#2956),.UNSPECIFIED.,.F.,.F.,(4,4),(0.,0.000798247),.UNSPECIFIED.);
#2958=EDGE_CURVE('',#2944,#2952,#2957,.T.);
#2959=ORIENTED_EDGE('',*,*,#2958,.T.);
#2960=CARTESIAN_POINT('',(-50.996647838,-7.5,-45.995987822));
#2961=VERTEX_POINT('',#2960);
#2962=CARTESIAN_POINT('',(-50.996647838,-13.704546011,-45.995987822));
#2963=DIRECTION('',(0.,1.,0.));
#2964=VECTOR('',#2963,6.204546011);
#2965=LINE('',#2962,#2964);
#2966=EDGE_CURVE('',#2952,#2961,#2965,.T.);
#2967=ORIENTED_EDGE('',*,*,#2966,.T.);
#2968=CARTESIAN_POINT('',(-51.734525758,-7.5,-45.480685798));
#2969=DIRECTION('',(-0.,1.,-0.));
#2970=DIRECTION('',(0.866025404,0.,-0.5));
#2971=AXIS2_PLACEMENT_3D('',#2968,#2969,#2970);
#2972=CIRCLE('',#2971,0.9);
#2973=EDGE_CURVE('',#2961,#1215,#2972,.T.);
#2974=ORIENTED_EDGE('',*,*,#2973,.T.);
#2975=EDGE_LOOP('',(#2925,#2932,#2933,#2942,#2950,#2959,#2967,#2974));
#2976=FACE_BOUND('',#2975,.T.);
#2977=ADVANCED_FACE('',(#2976),#2924,.T.);
#2978=CARTESIAN_POINT('',(-46.830131118,14.45,-32.168547895));
#2979=DIRECTION('',(0.5,0.,0.866025404));
#2980=DIRECTION('',(-0.866025404,-0.,0.5));
#2981=AXIS2_PLACEMENT_3D('',#2978,#2979,#2980);
#2982=PLANE('',#2981);
#2983=ORIENTED_EDGE('',*,*,#1653,.F.);
#2984=CARTESIAN_POINT('',(-46.830131118,14.9,-32.168547895));
#2985=DIRECTION('',(-0.866025404,0.,0.5));
#2986=VECTOR('',#2985,0.5);
#2987=LINE('',#2984,#2986);
#2988=EDGE_CURVE('',#184,#1641,#2987,.T.);
#2989=ORIENTED_EDGE('',*,*,#2988,.F.);
#2990=ORIENTED_EDGE('',*,*,#189,.T.);
#2991=CARTESIAN_POINT('',(-47.26314382,14.4,-31.918547895));
#2992=DIRECTION('',(0.866025404,-0.,-0.5));
#2993=VECTOR('',#2992,0.5);
#2994=LINE('',#2991,#2993);
#2995=EDGE_CURVE('',#1448,#175,#2994,.T.);
#2996=ORIENTED_EDGE('',*,*,#2995,.F.);
#2997=EDGE_LOOP('',(#2983,#2989,#2990,#2996));
#2998=FACE_BOUND('',#2997,.T.);
#2999=ADVANCED_FACE('',(#2998),#2982,.F.);
#3000=CARTESIAN_POINT('',(-53.746128039,14.45,-44.14740595));
#3001=DIRECTION('',(-0.5,-0.,-0.866025404));
#3002=DIRECTION('',(0.866025404,0.,-0.5));
#3003=AXIS2_PLACEMENT_3D('',#3000,#3001,#3002);
#3004=PLANE('',#3003);
#3005=ORIENTED_EDGE('',*,*,#223,.T.);
#3006=CARTESIAN_POINT('',(-53.746128039,14.9,-44.14740595));
#3007=DIRECTION('',(-0.866025404,0.,0.5));
#3008=VECTOR('',#3007,0.5);
#3009=LINE('',#3006,#3008);
#3010=EDGE_CURVE('',#209,#1616,#3009,.T.);
#3011=ORIENTED_EDGE('',*,*,#3010,.T.);
#3012=ORIENTED_EDGE('',*,*,#1621,.F.);
#3013=ORIENTED_EDGE('',*,*,#1669,.F.);
#3014=EDGE_LOOP('',(#3005,#3011,#3012,#3013));
#3015=FACE_BOUND('',#3014,.T.);
#3016=ADVANCED_FACE('',(#3015),#3004,.F.);
#3017=CARTESIAN_POINT('',(-52.520554578,14.9,-42.024650447));
#3018=DIRECTION('',(-0.866025404,0.,0.5));
#3019=DIRECTION('',(-0.5,0.,-0.866025404));
#3020=AXIS2_PLACEMENT_3D('',#3017,#3018,#3019);
#3021=CYLINDRICAL_SURFACE('',#3020,2.451146922);
#3022=ORIENTED_EDGE('',*,*,#1630,.F.);
#3023=ORIENTED_EDGE('',*,*,#3010,.F.);
#3024=ORIENTED_EDGE('',*,*,#215,.T.);
#3025=CARTESIAN_POINT('',(-52.520554578,17.351146922,-42.024650447));
#3026=DIRECTION('',(-0.866025404,0.,0.5));
#3027=VECTOR('',#3026,0.5);
#3028=LINE('',#3025,#3027);
#3029=EDGE_CURVE('',#201,#1624,#3028,.T.);
#3030=ORIENTED_EDGE('',*,*,#3029,.T.);
#3031=EDGE_LOOP('',(#3022,#3023,#3024,#3030));
#3032=FACE_BOUND('',#3031,.T.);
#3033=ADVANCED_FACE('',(#3032),#3021,.F.);
#3034=CARTESIAN_POINT('',(-50.288129579,17.351146922,-38.157976923));
#3035=DIRECTION('',(-0.,1.,-0.));
#3036=DIRECTION('',(0.5,0.,0.866025404));
#3037=AXIS2_PLACEMENT_3D('',#3034,#3035,#3036);
#3038=PLANE('',#3037);
#3039=ORIENTED_EDGE('',*,*,#1638,.F.);
#3040=ORIENTED_EDGE('',*,*,#3029,.F.);
#3041=ORIENTED_EDGE('',*,*,#206,.T.);
#3042=CARTESIAN_POINT('',(-48.055704579,17.351146923,-34.291303399));
#3043=DIRECTION('',(-0.866025404,0.,0.5));
#3044=VECTOR('',#3043,0.500000011);
#3045=LINE('',#3042,#3044);
#3046=EDGE_CURVE('',#192,#1633,#3045,.T.);
#3047=ORIENTED_EDGE('',*,*,#3046,.T.);
#3048=EDGE_LOOP('',(#3039,#3040,#3041,#3047));
#3049=FACE_BOUND('',#3048,.T.);
#3050=ADVANCED_FACE('',(#3049),#3038,.F.);
#3051=CARTESIAN_POINT('',(-48.055704579,14.9,-34.291303399));
#3052=DIRECTION('',(-0.866025404,0.,0.5));
#3053=DIRECTION('',(-0.5,0.,-0.866025404));
#3054=AXIS2_PLACEMENT_3D('',#3051,#3052,#3053);
#3055=CYLINDRICAL_SURFACE('',#3054,2.451146923);
#3056=ORIENTED_EDGE('',*,*,#1647,.F.);
#3057=ORIENTED_EDGE('',*,*,#3046,.F.);
#3058=ORIENTED_EDGE('',*,*,#198,.T.);
#3059=ORIENTED_EDGE('',*,*,#2988,.T.);
#3060=EDGE_LOOP('',(#3056,#3057,#3058,#3059));
#3061=FACE_BOUND('',#3060,.T.);
#3062=ADVANCED_FACE('',(#3061),#3055,.F.);
#3063=CARTESIAN_POINT('',(-53.746128039,-14.45,-44.14740595));
#3064=DIRECTION('',(-0.5,-0.,-0.866025404));
#3065=DIRECTION('',(0.866025404,0.,-0.5));
#3066=AXIS2_PLACEMENT_3D('',#3063,#3064,#3065);
#3067=PLANE('',#3066);
#3068=ORIENTED_EDGE('',*,*,#1564,.F.);
#3069=CARTESIAN_POINT('',(-53.746128039,-14.9,-44.14740595));
#3070=VERTEX_POINT('',#3069);
#3071=CARTESIAN_POINT('',(-53.746128039,-14.9,-44.14740595));
#3072=DIRECTION('',(-0.866025404,0.,0.5));
#3073=VECTOR('',#3072,0.5);
#3074=LINE('',#3071,#3073);
#3075=EDGE_CURVE('',#3070,#1550,#3074,.T.);
#3076=ORIENTED_EDGE('',*,*,#3075,.F.);
#3077=CARTESIAN_POINT('',(-53.746128039,-14.4,-44.14740595));
#3078=VERTEX_POINT('',#3077);
#3079=CARTESIAN_POINT('',(-53.746128039,-14.9,-44.14740595));
#3080=DIRECTION('',(-0.,1.,-0.));
#3081=VECTOR('',#3080,0.5);
#3082=LINE('',#3079,#3081);
#3083=EDGE_CURVE('',#3070,#3078,#3082,.T.);
#3084=ORIENTED_EDGE('',*,*,#3083,.T.);
#3085=CARTESIAN_POINT('',(-54.179140741,-14.4,-43.89740595));
#3086=DIRECTION('',(0.866025404,-0.,-0.5));
#3087=VECTOR('',#3086,0.5);
#3088=LINE('',#3085,#3087);
#3089=EDGE_CURVE('',#1559,#3078,#3088,.T.);
#3090=ORIENTED_EDGE('',*,*,#3089,.F.);
#3091=EDGE_LOOP('',(#3068,#3076,#3084,#3090));
#3092=FACE_BOUND('',#3091,.T.);
#3093=ADVANCED_FACE('',(#3092),#3067,.F.);
#3094=CARTESIAN_POINT('',(-48.055704579,-14.9,-34.291303399));
#3095=DIRECTION('',(-0.866025404,0.,0.5));
#3096=DIRECTION('',(-0.5,0.,-0.866025404));
#3097=AXIS2_PLACEMENT_3D('',#3094,#3095,#3096);
#3098=CYLINDRICAL_SURFACE('',#3097,2.451146923);
#3099=ORIENTED_EDGE('',*,*,#1539,.F.);
#3100=ORIENTED_EDGE('',*,*,#49,.T.);
#3101=CARTESIAN_POINT('',(-48.055704579,-17.351146923,-34.291303399));
#3102=VERTEX_POINT('',#3101);
#3103=CARTESIAN_POINT('',(-48.055704579,-14.9,-34.291303399));
#3104=DIRECTION('',(0.866025404,0.,-0.5));
#3105=DIRECTION('',(-0.5,0.,-0.866025404));
#3106=AXIS2_PLACEMENT_3D('',#3103,#3104,#3105);
#3107=CIRCLE('',#3106,2.451146923);
#3108=EDGE_CURVE('',#33,#3102,#3107,.T.);
#3109=ORIENTED_EDGE('',*,*,#3108,.T.);
#3110=CARTESIAN_POINT('',(-48.055704579,-17.351146923,-34.291303399));
#3111=DIRECTION('',(-0.866025404,0.,0.5));
#3112=VECTOR('',#3111,0.5);
#3113=LINE('',#3110,#3112);
#3114=EDGE_CURVE('',#3102,#1533,#3113,.T.);
#3115=ORIENTED_EDGE('',*,*,#3114,.T.);
#3116=EDGE_LOOP('',(#3099,#3100,#3109,#3115));
#3117=FACE_BOUND('',#3116,.T.);
#3118=ADVANCED_FACE('',(#3117),#3098,.F.);
#3119=CARTESIAN_POINT('',(-50.288129579,-17.351146922,-38.157976923));
#3120=DIRECTION('',(-0.,-1.,-0.));
#3121=DIRECTION('',(-0.5,0.,-0.866025404));
#3122=AXIS2_PLACEMENT_3D('',#3119,#3120,#3121);
#3123=PLANE('',#3122);
#3124=ORIENTED_EDGE('',*,*,#1547,.F.);
#3125=ORIENTED_EDGE('',*,*,#3114,.F.);
#3126=CARTESIAN_POINT('',(-52.520554578,-17.351146922,-42.024650447));
#3127=VERTEX_POINT('',#3126);
#3128=CARTESIAN_POINT('',(-48.055704579,-17.351146923,-34.291303399));
#3129=DIRECTION('',(-0.5,0.,-0.866025404));
#3130=VECTOR('',#3129,8.9297);
#3131=LINE('',#3128,#3130);
#3132=EDGE_CURVE('',#3102,#3127,#3131,.T.);
#3133=ORIENTED_EDGE('',*,*,#3132,.T.);
#3134=CARTESIAN_POINT('',(-52.520554578,-17.351146922,-42.024650447));
#3135=DIRECTION('',(-0.866025404,0.,0.5));
#3136=VECTOR('',#3135,0.500000013);
#3137=LINE('',#3134,#3136);
#3138=EDGE_CURVE('',#3127,#1542,#3137,.T.);
#3139=ORIENTED_EDGE('',*,*,#3138,.T.);
#3140=EDGE_LOOP('',(#3124,#3125,#3133,#3139));
#3141=FACE_BOUND('',#3140,.T.);
#3142=ADVANCED_FACE('',(#3141),#3123,.F.);
#3143=CARTESIAN_POINT('',(-52.520554578,-14.9,-42.024650447));
#3144=DIRECTION('',(-0.866025404,0.,0.5));
#3145=DIRECTION('',(-0.5,0.,-0.866025404));
#3146=AXIS2_PLACEMENT_3D('',#3143,#3144,#3145);
#3147=CYLINDRICAL_SURFACE('',#3146,2.451146922);
#3148=ORIENTED_EDGE('',*,*,#1556,.F.);
#3149=ORIENTED_EDGE('',*,*,#3138,.F.);
#3150=CARTESIAN_POINT('',(-52.520554578,-14.9,-42.024650447));
#3151=DIRECTION('',(0.866025404,0.,-0.5));
#3152=DIRECTION('',(-0.5,0.,-0.866025404));
#3153=AXIS2_PLACEMENT_3D('',#3150,#3151,#3152);
#3154=CIRCLE('',#3153,2.451146922);
#3155=EDGE_CURVE('',#3127,#3070,#3154,.T.);
#3156=ORIENTED_EDGE('',*,*,#3155,.T.);
#3157=ORIENTED_EDGE('',*,*,#3075,.T.);
#3158=EDGE_LOOP('',(#3148,#3149,#3156,#3157));
#3159=FACE_BOUND('',#3158,.T.);
#3160=ADVANCED_FACE('',(#3159),#3147,.F.);
#3161=CARTESIAN_POINT('',(2.769657879,0.,53.740806716));
#3162=DIRECTION('',(-0.866025404,0.,0.5));
#3163=DIRECTION('',(0.,1.,0.));
#3164=AXIS2_PLACEMENT_3D('',#3161,#3162,#3163);
#3165=PLANE('',#3164);
#3166=ORIENTED_EDGE('',*,*,#3108,.F.);
#3167=ORIENTED_EDGE('',*,*,#41,.T.);
#3168=ORIENTED_EDGE('',*,*,#105,.T.);
#3169=ORIENTED_EDGE('',*,*,#1987,.F.);
#3170=CARTESIAN_POINT('',(-53.546128039,-14.4,-43.800995789));
#3171=DIRECTION('',(0.866025404,0.,-0.5));
#3172=DIRECTION('',(-0.5,0.,-0.866025404));
#3173=AXIS2_PLACEMENT_3D('',#3170,#3171,#3172);
#3174=CIRCLE('',#3173,0.4);
#3175=EDGE_CURVE('',#3078,#1975,#3174,.T.);
#3176=ORIENTED_EDGE('',*,*,#3175,.F.);
#3177=ORIENTED_EDGE('',*,*,#3083,.F.);
#3178=ORIENTED_EDGE('',*,*,#3155,.F.);
#3179=ORIENTED_EDGE('',*,*,#3132,.F.);
#3180=EDGE_LOOP('',(#3166,#3167,#3168,#3169,#3176,#3177,#3178,#3179));
#3181=FACE_BOUND('',#3180,.T.);
#3182=ADVANCED_FACE('',(#3181),#3165,.T.);
#3183=CARTESIAN_POINT('',(-53.546128039,-14.4,-43.800995789));
#3184=DIRECTION('',(0.866025404,0.,-0.5));
#3185=DIRECTION('',(0.5,0.,0.866025404));
#3186=AXIS2_PLACEMENT_3D('',#3183,#3184,#3185);
#3187=CYLINDRICAL_SURFACE('',#3186,0.4);
#3188=ORIENTED_EDGE('',*,*,#3175,.T.);
#3189=ORIENTED_EDGE('',*,*,#1981,.T.);
#3190=ORIENTED_EDGE('',*,*,#1573,.T.);
#3191=ORIENTED_EDGE('',*,*,#3089,.T.);
#3192=EDGE_LOOP('',(#3188,#3189,#3190,#3191));
#3193=FACE_BOUND('',#3192,.T.);
#3194=ADVANCED_FACE('',(#3193),#3187,.F.);
#3195=CARTESIAN_POINT('',(-47.030131118,14.4,-32.514958057));
#3196=DIRECTION('',(0.866025404,0.,-0.5));
#3197=DIRECTION('',(0.5,0.,0.866025404));
#3198=AXIS2_PLACEMENT_3D('',#3195,#3196,#3197);
#3199=CYLINDRICAL_SURFACE('',#3198,0.4);
#3200=ORIENTED_EDGE('',*,*,#181,.T.);
#3201=CARTESIAN_POINT('',(-46.851918476,14.21844831,-32.206284705));
#3202=CARTESIAN_POINT('',(-46.996256046,14.21844831,-32.12295137));
#3203=CARTESIAN_POINT('',(-47.140593616,14.21844831,-32.039618035));
#3204=CARTESIAN_POINT('',(-47.284931186,14.21844831,-31.9562847));
#3205=B_SPLINE_CURVE_WITH_KNOTS('',3,(#3201,#3202,#3203,#3204),.UNSPECIFIED.,.F.,.F.,(4,4),(0.,0.0005),.UNSPECIFIED.);
#3206=EDGE_CURVE('',#166,#1446,#3205,.T.);
#3207=ORIENTED_EDGE('',*,*,#3206,.T.);
#3208=ORIENTED_EDGE('',*,*,#1454,.T.);
#3209=ORIENTED_EDGE('',*,*,#2995,.T.);
#3210=EDGE_LOOP('',(#3200,#3207,#3208,#3209));
#3211=FACE_BOUND('',#3210,.T.);
#3212=ADVANCED_FACE('',(#3211),#3199,.F.);
#3213=CARTESIAN_POINT('',(-43.801712969,-9.727926275,-31.94065099));
#3214=DIRECTION('',(0.866025404,-0.,-0.5));
#3215=DIRECTION('',(-0.5,0.,-0.866025404));
#3216=AXIS2_PLACEMENT_3D('',#3213,#3214,#3215);
#3217=PLANE('',#3216);
#3218=CARTESIAN_POINT('',(-44.965498222,-8.227926275,-33.956386178));
#3219=DIRECTION('',(0.5,-0.,0.866025404));
#3220=VECTOR('',#3219,0.902537887);
#3221=LINE('',#3218,#3220);
#3222=EDGE_CURVE('',#490,#1894,#3221,.T.);
#3223=ORIENTED_EDGE('',*,*,#3222,.F.);
#3224=ORIENTED_EDGE('',*,*,#495,.F.);
#3225=ORIENTED_EDGE('',*,*,#75,.F.);
#3226=ORIENTED_EDGE('',*,*,#1799,.T.);
#3227=CARTESIAN_POINT('',(-44.30749976,-11.227926275,-32.816699411));
#3228=DIRECTION('',(0.5,-0.,0.866025404));
#3229=VECTOR('',#3228,0.343280269);
#3230=LINE('',#3227,#3229);
#3231=EDGE_CURVE('',#1794,#1735,#3230,.T.);
#3232=ORIENTED_EDGE('',*,*,#3231,.T.);
#3233=ORIENTED_EDGE('',*,*,#1740,.T.);
#3234=CARTESIAN_POINT('',(-44.350770242,-8.227926275,-32.891646084));
#3235=DIRECTION('',(0.5,-0.,0.866025404));
#3236=VECTOR('',#3235,0.429821232);
#3237=LINE('',#3234,#3236);
#3238=EDGE_CURVE('',#1892,#1723,#3237,.T.);
#3239=ORIENTED_EDGE('',*,*,#3238,.F.);
#3240=ORIENTED_EDGE('',*,*,#1910,.F.);
#3241=EDGE_LOOP('',(#3223,#3224,#3225,#3226,#3232,#3233,#3239,#3240));
#3242=FACE_BOUND('',#3241,.T.);
#3243=ADVANCED_FACE('',(#3242),#3217,.F.);
#3244=CARTESIAN_POINT('',(-45.466085924,-8.227926275,-33.823429511));
#3245=DIRECTION('',(0.5,-0.,0.866025404));
#3246=DIRECTION('',(-0.,-1.,-0.));
#3247=AXIS2_PLACEMENT_3D('',#3244,#3245,#3246);
#3248=CYLINDRICAL_SURFACE('',#3247,0.5);
#3249=CARTESIAN_POINT('',(-45.831523626,-8.227926275,-33.456386178));
#3250=DIRECTION('',(0.5,-0.,0.866025404));
#3251=VECTOR('',#3250,0.902537887);
#3252=LINE('',#3249,#3251);
#3253=EDGE_CURVE('',#507,#1865,#3252,.T.);
#3254=ORIENTED_EDGE('',*,*,#3253,.F.);
#3255=ORIENTED_EDGE('',*,*,#513,.T.);
#3256=CARTESIAN_POINT('',(-45.052100758,-7.927926282,-33.90638618));
#3257=DIRECTION('',(0.5,-0.,0.866025404));
#3258=VECTOR('',#3257,1.66485);
#3259=LINE('',#3256,#3258);
#3260=EDGE_CURVE('',#498,#1298,#3259,.T.);
#3261=ORIENTED_EDGE('',*,*,#3260,.T.);
#3262=ORIENTED_EDGE('',*,*,#1304,.F.);
#3263=CARTESIAN_POINT('',(-45.216795646,-8.227926275,-32.391646084));
#3264=DIRECTION('',(0.5,-0.,0.866025404));
#3265=VECTOR('',#3264,0.435394041);
#3266=LINE('',#3263,#3265);
#3267=EDGE_CURVE('',#1853,#1290,#3266,.T.);
#3268=ORIENTED_EDGE('',*,*,#3267,.F.);
#3269=ORIENTED_EDGE('',*,*,#1881,.T.);
#3270=EDGE_LOOP('',(#3254,#3255,#3261,#3262,#3268,#3269));
#3271=FACE_BOUND('',#3270,.T.);
#3272=ADVANCED_FACE('',(#3271),#3248,.F.);
#3273=CARTESIAN_POINT('',(-44.965498222,-8.227926275,-33.956386178));
#3274=CARTESIAN_POINT('',(-44.133073222,-8.227926275,-32.514583784));
#3275=CARTESIAN_POINT('',(-44.965498222,-8.120683398,-33.956386178));
#3276=CARTESIAN_POINT('',(-44.133073222,-8.120683398,-32.514583784));
#3277=CARTESIAN_POINT('',(-44.996375726,-8.013720585,-33.938559043));
#3278=CARTESIAN_POINT('',(-44.163950726,-8.013720585,-32.496756649));
#3279=CARTESIAN_POINT('',(-45.052100758,-7.927926282,-33.90638618));
#3280=CARTESIAN_POINT('',(-44.219675758,-7.927926282,-32.464583787));
#3281=B_SPLINE_SURFACE_WITH_KNOTS('',3,1,((#3273,#3274),(#3275,#3276),(#3277,#3278),(#3279,#3280)),.UNSPECIFIED.,.F.,.F.,.U.,(4,4),(2,2),(0.,0.000320023),(0.075083333,1.),.UNSPECIFIED.);
#3282=ORIENTED_EDGE('',*,*,#504,.F.);
#3283=ORIENTED_EDGE('',*,*,#3222,.T.);
#3284=ORIENTED_EDGE('',*,*,#1903,.F.);
#3285=ORIENTED_EDGE('',*,*,#3238,.T.);
#3286=ORIENTED_EDGE('',*,*,#1732,.T.);
#3287=ORIENTED_EDGE('',*,*,#3260,.F.);
#3288=EDGE_LOOP('',(#3282,#3283,#3284,#3285,#3286,#3287));
#3289=FACE_BOUND('',#3288,.T.);
#3290=ADVANCED_FACE('',(#3289),#3281,.F.);
#3291=CARTESIAN_POINT('',(-45.899098626,-9.727926275,-33.573429511));
#3292=DIRECTION('',(0.866025404,-0.,-0.5));
#3293=DIRECTION('',(0.,1.,-0.));
#3294=AXIS2_PLACEMENT_3D('',#3291,#3292,#3293);
#3295=PLANE('',#3294);
#3296=ORIENTED_EDGE('',*,*,#1871,.F.);
#3297=ORIENTED_EDGE('',*,*,#1769,.F.);
#3298=ORIENTED_EDGE('',*,*,#1964,.T.);
#3299=ORIENTED_EDGE('',*,*,#521,.F.);
#3300=ORIENTED_EDGE('',*,*,#3253,.T.);
#3301=EDGE_LOOP('',(#3296,#3297,#3298,#3299,#3300));
#3302=FACE_BOUND('',#3301,.T.);
#3303=ADVANCED_FACE('',(#3302),#3295,.T.);
#3304=CARTESIAN_POINT('',(-44.394102296,-11.527926268,-32.766699414));
#3305=CARTESIAN_POINT('',(-44.219675758,-11.527926268,-32.464583787));
#3306=CARTESIAN_POINT('',(-44.338377264,-11.442131965,-32.798872276));
#3307=CARTESIAN_POINT('',(-44.163950726,-11.442131965,-32.496756649));
#3308=CARTESIAN_POINT('',(-44.30749976,-11.335169152,-32.816699411));
#3309=CARTESIAN_POINT('',(-44.133073222,-11.335169152,-32.514583784));
#3310=CARTESIAN_POINT('',(-44.30749976,-11.227926275,-32.816699411));
#3311=CARTESIAN_POINT('',(-44.133073222,-11.227926275,-32.514583784));
#3312=B_SPLINE_SURFACE_WITH_KNOTS('',3,1,((#3304,#3305),(#3306,#3307),(#3308,#3309),(#3310,#3311)),.UNSPECIFIED.,.F.,.F.,.U.,(4,4),(2,2),(0.,0.000320036),(0.806192735,1.),.UNSPECIFIED.);
#3313=CARTESIAN_POINT('',(-44.394102296,-11.527926268,-32.766699414));
#3314=DIRECTION('',(0.5,-0.,0.866025404));
#3315=VECTOR('',#3314,0.348853077);
#3316=LINE('',#3313,#3315);
#3317=EDGE_CURVE('',#1829,#1264,#3316,.T.);
#3318=ORIENTED_EDGE('',*,*,#3317,.T.);
#3319=ORIENTED_EDGE('',*,*,#1750,.T.);
#3320=ORIENTED_EDGE('',*,*,#3231,.F.);
#3321=ORIENTED_EDGE('',*,*,#1842,.T.);
#3322=EDGE_LOOP('',(#3318,#3319,#3320,#3321));
#3323=FACE_BOUND('',#3322,.T.);
#3324=ADVANCED_FACE('',(#3323),#3312,.F.);
#3325=CARTESIAN_POINT('',(-45.466085924,-11.227926275,-33.823429511));
#3326=DIRECTION('',(0.5,-0.,0.866025404));
#3327=DIRECTION('',(-0.,-1.,-0.));
#3328=AXIS2_PLACEMENT_3D('',#3325,#3326,#3327);
#3329=CYLINDRICAL_SURFACE('',#3328,0.5);
#3330=CARTESIAN_POINT('',(-44.566085924,-11.727926275,-32.264583784));
#3331=DIRECTION('',(-0.5,0.,-0.866025404));
#3332=VECTOR('',#3331,0.348853077);
#3333=LINE('',#3330,#3332);
#3334=EDGE_CURVE('',#1272,#1820,#3333,.T.);
#3335=ORIENTED_EDGE('',*,*,#3334,.F.);
#3336=ORIENTED_EDGE('',*,*,#1278,.F.);
#3337=ORIENTED_EDGE('',*,*,#3317,.F.);
#3338=ORIENTED_EDGE('',*,*,#1835,.F.);
#3339=EDGE_LOOP('',(#3335,#3336,#3337,#3338));
#3340=FACE_BOUND('',#3339,.T.);
#3341=ADVANCED_FACE('',(#3340),#3329,.F.);
#3342=CARTESIAN_POINT('',(-45.899098626,-9.727926275,-33.573429511));
#3343=DIRECTION('',(0.866025404,-0.,-0.5));
#3344=DIRECTION('',(0.,1.,-0.));
#3345=AXIS2_PLACEMENT_3D('',#3342,#3343,#3344);
#3346=PLANE('',#3345);
#3347=CARTESIAN_POINT('',(-45.173525164,-11.227926275,-32.316699411));
#3348=DIRECTION('',(0.5,-0.,0.866025404));
#3349=VECTOR('',#3348,0.348853077);
#3350=LINE('',#3347,#3349);
#3351=EDGE_CURVE('',#1812,#1281,#3350,.T.);
#3352=ORIENTED_EDGE('',*,*,#3351,.F.);
#3353=ORIENTED_EDGE('',*,*,#1817,.T.);
#3354=ORIENTED_EDGE('',*,*,#1859,.F.);
#3355=ORIENTED_EDGE('',*,*,#3267,.T.);
#3356=ORIENTED_EDGE('',*,*,#1295,.T.);
#3357=EDGE_LOOP('',(#3352,#3353,#3354,#3355,#3356));
#3358=FACE_BOUND('',#3357,.T.);
#3359=ADVANCED_FACE('',(#3358),#3346,.T.);
#3360=CARTESIAN_POINT('',(-43.801712969,9.727926275,-31.94065099));
#3361=DIRECTION('',(0.866025404,0.,-0.5));
#3362=DIRECTION('',(-0.5,-0.,-0.866025404));
#3363=AXIS2_PLACEMENT_3D('',#3360,#3361,#3362);
#3364=PLANE('',#3363);
#3365=ORIENTED_EDGE('',*,*,#2000,.T.);
#3366=ORIENTED_EDGE('',*,*,#309,.F.);
#3367=CARTESIAN_POINT('',(-51.881710724,10.227938193,-45.935617623));
#3368=VERTEX_POINT('',#3367);
#3369=CARTESIAN_POINT('',(-51.891459834,13.38780268,-45.952503577));
#3370=DIRECTION('',(0.003085235,-0.999980962,0.005343784));
#3371=VECTOR('',#3370,3.159924644);
#3372=LINE('',#3369,#3371);
#3373=EDGE_CURVE('',#301,#3368,#3372,.T.);
#3374=ORIENTED_EDGE('',*,*,#3373,.T.);
#3375=CARTESIAN_POINT('',(-51.881710724,9.227938193,-45.935617623));
#3376=VERTEX_POINT('',#3375);
#3377=CARTESIAN_POINT('',(-51.881710724,10.227938193,-45.935617623));
#3378=DIRECTION('',(0.,-1.,-0.));
#3379=VECTOR('',#3378,1.);
#3380=LINE('',#3377,#3379);
#3381=EDGE_CURVE('',#3368,#3376,#3380,.T.);
#3382=ORIENTED_EDGE('',*,*,#3381,.T.);
#3383=CARTESIAN_POINT('',(-51.881710724,9.227938193,-45.935617623));
#3384=DIRECTION('',(0.5,-0.,0.866025404));
#3385=VECTOR('',#3384,0.832425);
#3386=LINE('',#3383,#3385);
#3387=EDGE_CURVE('',#3376,#1995,#3386,.T.);
#3388=ORIENTED_EDGE('',*,*,#3387,.T.);
#3389=EDGE_LOOP('',(#3365,#3366,#3374,#3382,#3388));
#3390=FACE_BOUND('',#3389,.T.);
#3391=ADVANCED_FACE('',(#3390),#3364,.F.);
#3392=CARTESIAN_POINT('',(-43.509085181,10.334350861,-31.437804793));
#3393=DIRECTION('',(-0.866025404,0.,0.5));
#3394=DIRECTION('',(-0.5,0.,-0.866025404));
#3395=AXIS2_PLACEMENT_3D('',#3392,#3393,#3394);
#3396=CYLINDRICAL_SURFACE('',#3395,2.90968079);
#3397=ORIENTED_EDGE('',*,*,#1488,.T.);
#3398=CARTESIAN_POINT('',(-44.519134455,8.236869561,-33.183261454));
#3399=DIRECTION('',(-0.866025404,0.,0.5));
#3400=VECTOR('',#3399,3.008738598);
#3401=LINE('',#3398,#3400);
#3402=EDGE_CURVE('',#378,#1473,#3401,.T.);
#3403=ORIENTED_EDGE('',*,*,#3402,.F.);
#3404=ORIENTED_EDGE('',*,*,#384,.F.);
#3405=CARTESIAN_POINT('',(-47.340935373,8.763079024,-32.053286817));
#3406=CARTESIAN_POINT('',(-46.472387353,8.763079024,-32.55474325));
#3407=CARTESIAN_POINT('',(-45.603839333,8.763079024,-33.056199683));
#3408=CARTESIAN_POINT('',(-44.735291314,8.763079024,-33.557656116));
#3409=B_SPLINE_CURVE_WITH_KNOTS('',3,(#3405,#3406,#3407,#3408),.UNSPECIFIED.,.F.,.F.,(4,4),(0.004814992,0.007823731),.UNSPECIFIED.);
#3410=EDGE_CURVE('',#1482,#369,#3409,.T.);
#3411=ORIENTED_EDGE('',*,*,#3410,.F.);
#3412=EDGE_LOOP('',(#3397,#3403,#3404,#3411));
#3413=FACE_BOUND('',#3412,.T.);
#3414=ADVANCED_FACE('',(#3413),#3396,.F.);
#3415=CARTESIAN_POINT('',(-44.30576771,9.813822865,-32.817699411));
#3416=DIRECTION('',(-0.5,0.,-0.866025404));
#3417=DIRECTION('',(0.866025404,-0.,-0.5));
#3418=AXIS2_PLACEMENT_3D('',#3415,#3416,#3417);
#3419=PLANE('',#3418);
#3420=CARTESIAN_POINT('',(-46.260608346,10.227938193,-31.689071644));
#3421=VERTEX_POINT('',#3420);
#3422=CARTESIAN_POINT('',(-46.645768346,9.956416564,-31.466699414));
#3423=VERTEX_POINT('',#3422);
#3424=CARTESIAN_POINT('',(-46.260608346,9.727938193,-31.689071644));
#3425=DIRECTION('',(0.5,-0.,0.866025404));
#3426=DIRECTION('',(0.866025404,-0.,-0.5));
#3427=AXIS2_PLACEMENT_3D('',#3424,#3425,#3426);
#3428=CIRCLE('',#3427,0.5);
#3429=EDGE_CURVE('',#3421,#3423,#3428,.T.);
#3430=ORIENTED_EDGE('',*,*,#3429,.T.);
#3431=CARTESIAN_POINT('',(-46.645768328,9.499459833,-31.466699425));
#3432=VERTEX_POINT('',#3431);
#3433=CARTESIAN_POINT('',(-46.645768346,9.956416564,-31.466699414));
#3434=DIRECTION('',(-0.,-1.,-0.));
#3435=VECTOR('',#3434,0.456956731);
#3436=LINE('',#3433,#3435);
#3437=EDGE_CURVE('',#3423,#3432,#3436,.T.);
#3438=ORIENTED_EDGE('',*,*,#3437,.T.);
#3439=CARTESIAN_POINT('',(-46.2606083,9.227938193,-31.689071671));
#3440=VERTEX_POINT('',#3439);
#3441=CARTESIAN_POINT('',(-46.260608323,9.727938193,-31.689071657));
#3442=DIRECTION('',(0.5,-0.,0.866025404));
#3443=DIRECTION('',(0.866025404,-0.,-0.5));
#3444=AXIS2_PLACEMENT_3D('',#3441,#3442,#3443);
#3445=CIRCLE('',#3444,0.5);
#3446=EDGE_CURVE('',#3432,#3440,#3445,.T.);
#3447=ORIENTED_EDGE('',*,*,#3446,.T.);
#3448=CARTESIAN_POINT('',(-44.743502162,9.227938193,-32.564973307));
#3449=VERTEX_POINT('',#3448);
#3450=CARTESIAN_POINT('',(-46.2606083,9.227938193,-31.689071671));
#3451=DIRECTION('',(0.866025404,-0.,-0.5));
#3452=VECTOR('',#3451,1.751803274);
#3453=LINE('',#3450,#3452);
#3454=EDGE_CURVE('',#3440,#3449,#3453,.T.);
#3455=ORIENTED_EDGE('',*,*,#3454,.T.);
#3456=CARTESIAN_POINT('',(-44.394102296,9.432597184,-32.766699414));
#3457=VERTEX_POINT('',#3456);
#3458=CARTESIAN_POINT('',(-44.743502162,9.727938193,-32.564973307));
#3459=DIRECTION('',(0.5,-0.,0.866025404));
#3460=DIRECTION('',(0.866025404,-0.,-0.5));
#3461=AXIS2_PLACEMENT_3D('',#3458,#3459,#3460);
#3462=CIRCLE('',#3461,0.5);
#3463=EDGE_CURVE('',#3449,#3457,#3462,.T.);
#3464=ORIENTED_EDGE('',*,*,#3463,.T.);
#3465=CARTESIAN_POINT('',(-44.394102296,10.023279202,-32.766699414));
#3466=VERTEX_POINT('',#3465);
#3467=CARTESIAN_POINT('',(-44.394102296,9.432597184,-32.766699414));
#3468=DIRECTION('',(0.,1.,0.));
#3469=VECTOR('',#3468,0.590682018);
#3470=LINE('',#3467,#3469);
#3471=EDGE_CURVE('',#3457,#3466,#3470,.T.);
#3472=ORIENTED_EDGE('',*,*,#3471,.T.);
#3473=CARTESIAN_POINT('',(-44.743502162,10.227938193,-32.564973307));
#3474=VERTEX_POINT('',#3473);
#3475=CARTESIAN_POINT('',(-44.743502162,9.727938193,-32.564973307));
#3476=DIRECTION('',(0.5,-0.,0.866025404));
#3477=DIRECTION('',(0.866025404,-0.,-0.5));
#3478=AXIS2_PLACEMENT_3D('',#3475,#3476,#3477);
#3479=CIRCLE('',#3478,0.5);
#3480=EDGE_CURVE('',#3466,#3474,#3479,.T.);
#3481=ORIENTED_EDGE('',*,*,#3480,.T.);
#3482=CARTESIAN_POINT('',(-44.743502162,10.227938193,-32.564973307));
#3483=DIRECTION('',(-0.866025404,0.,0.5));
#3484=VECTOR('',#3483,1.751803327);
#3485=LINE('',#3482,#3484);
#3486=EDGE_CURVE('',#3474,#3421,#3485,.T.);
#3487=ORIENTED_EDGE('',*,*,#3486,.T.);
#3488=EDGE_LOOP('',(#3430,#3438,#3447,#3455,#3464,#3472,#3481,#3487));
#3489=FACE_BOUND('',#3488,.T.);
#3490=ORIENTED_EDGE('',*,*,#1470,.F.);
#3491=ORIENTED_EDGE('',*,*,#290,.F.);
#3492=ORIENTED_EDGE('',*,*,#399,.T.);
#3493=CARTESIAN_POINT('',(-46.91314382,8.417085318,-31.312330112));
#3494=DIRECTION('',(0.866025404,-0.,-0.5));
#3495=VECTOR('',#3494,3.008738598);
#3496=LINE('',#3493,#3495);
#3497=EDGE_CURVE('',#1465,#387,#3496,.T.);
#3498=ORIENTED_EDGE('',*,*,#3497,.F.);
#3499=EDGE_LOOP('',(#3490,#3491,#3492,#3498));
#3500=FACE_BOUND('',#3499,.T.);
#3501=ADVANCED_FACE('',(#3489,#3500),#3419,.T.);
#3502=CARTESIAN_POINT('',(-44.965498222,8.628075226,-33.956386178));
#3503=CARTESIAN_POINT('',(-44.965498222,8.68164059,-33.956386178));
#3504=CARTESIAN_POINT('',(-44.9566062,8.735056524,-33.940984744));
#3505=CARTESIAN_POINT('',(-44.924497703,8.820807156,-33.885371196));
#3506=CARTESIAN_POINT('',(-44.901370801,8.852902637,-33.845314227));
#3507=CARTESIAN_POINT('',(-44.849969604,8.883046636,-33.756284742));
#3508=CARTESIAN_POINT('',(-44.821838702,8.881011062,-33.707560589));
#3509=CARTESIAN_POINT('',(-44.771661094,8.843516744,-33.620650424));
#3510=CARTESIAN_POINT('',(-44.749754369,8.808162595,-33.582706863));
#3511=CARTESIAN_POINT('',(-44.735291314,8.763079024,-33.557656116));
#3512=CARTESIAN_POINT('',(-45.834046245,8.628075226,-33.454929743));
#3513=CARTESIAN_POINT('',(-45.834046245,8.68164059,-33.454929743));
#3514=CARTESIAN_POINT('',(-45.825154223,8.735056524,-33.439528309));
#3515=CARTESIAN_POINT('',(-45.793045726,8.820807156,-33.383914761));
#3516=CARTESIAN_POINT('',(-45.769918824,8.852902636,-33.343857792));
#3517=CARTESIAN_POINT('',(-45.718517627,8.883046636,-33.254828307));
#3518=CARTESIAN_POINT('',(-45.690386724,8.881011062,-33.206104155));
#3519=CARTESIAN_POINT('',(-45.640209117,8.843516743,-33.119193989));
#3520=CARTESIAN_POINT('',(-45.618302392,8.808162595,-33.081250428));
#3521=CARTESIAN_POINT('',(-45.603839336,8.763079024,-33.056199681));
#3522=CARTESIAN_POINT('',(-46.702594268,8.628075225,-32.953473308));
#3523=CARTESIAN_POINT('',(-46.702594268,8.68164059,-32.953473308));
#3524=CARTESIAN_POINT('',(-46.693702245,8.735056524,-32.938071874));
#3525=CARTESIAN_POINT('',(-46.661593749,8.820807156,-32.882458327));
#3526=CARTESIAN_POINT('',(-46.638466847,8.852902636,-32.842401358));
#3527=CARTESIAN_POINT('',(-46.58706565,8.883046635,-32.753371872));
#3528=CARTESIAN_POINT('',(-46.558934747,8.881011062,-32.70464772));
#3529=CARTESIAN_POINT('',(-46.50875714,8.843516743,-32.617737555));
#3530=CARTESIAN_POINT('',(-46.486850414,8.808162595,-32.579793993));
#3531=CARTESIAN_POINT('',(-46.472387359,8.763079024,-32.554743247));
#3532=CARTESIAN_POINT('',(-47.57114229,8.628075225,-32.452016874));
#3533=CARTESIAN_POINT('',(-47.57114229,8.68164059,-32.452016874));
#3534=CARTESIAN_POINT('',(-47.562250268,8.735056524,-32.436615439));
#3535=CARTESIAN_POINT('',(-47.530141772,8.820807155,-32.381001892));
#3536=CARTESIAN_POINT('',(-47.50701487,8.852902636,-32.340944923));
#3537=CARTESIAN_POINT('',(-47.455613672,8.883046635,-32.251915437));
#3538=CARTESIAN_POINT('',(-47.42748277,8.881011062,-32.203191285));
#3539=CARTESIAN_POINT('',(-47.377305163,8.843516743,-32.11628112));
#3540=CARTESIAN_POINT('',(-47.355398437,8.808162595,-32.078337559));
#3541=CARTESIAN_POINT('',(-47.340935382,8.763079024,-32.053286812));
#3542=B_SPLINE_SURFACE_WITH_KNOTS('',3,3,((#3502,#3503,#3504,#3505,#3506,#3507,#3508,#3509,#3510,#3511),(#3512,#3513,#3514,#3515,#3516,#3517,#3518,#3519,#3520,#3521),(#3522,#3523,#3524,#3525,#3526,#3527,#3528,#3529,#3530,#3531),(#3532,#3533,#3534,#3535,#3536,#3537,#3538,#3539,#3540,#3541)),.UNSPECIFIED.,.F.,.F.,.U.,(4,4),(4,2,2,2,4),(0.004814992,0.007823731),(0.,0.25,0.5,0.75,1.),.UNSPECIFIED.);
#3543=ORIENTED_EDGE('',*,*,#375,.T.);
#3544=ORIENTED_EDGE('',*,*,#545,.T.);
#3545=ORIENTED_EDGE('',*,*,#1495,.T.);
#3546=ORIENTED_EDGE('',*,*,#3410,.T.);
#3547=EDGE_LOOP('',(#3543,#3544,#3545,#3546));
#3548=FACE_BOUND('',#3547,.T.);
#3549=ADVANCED_FACE('',(#3548),#3542,.T.);
#3550=CARTESIAN_POINT('',(-44.43076771,8.417085318,-33.034205762));
#3551=DIRECTION('',(-0.866025404,0.,0.5));
#3552=DIRECTION('',(-0.5,0.,-0.866025404));
#3553=AXIS2_PLACEMENT_3D('',#3550,#3551,#3552);
#3554=CYLINDRICAL_SURFACE('',#3553,0.25);
#3555=ORIENTED_EDGE('',*,*,#393,.T.);
#3556=ORIENTED_EDGE('',*,*,#3402,.T.);
#3557=ORIENTED_EDGE('',*,*,#1479,.T.);
#3558=ORIENTED_EDGE('',*,*,#3497,.T.);
#3559=EDGE_LOOP('',(#3555,#3556,#3557,#3558));
#3560=FACE_BOUND('',#3559,.T.);
#3561=ADVANCED_FACE('',(#3560),#3554,.F.);
#3562=CARTESIAN_POINT('',(-52.050431997,9.227938193,-44.720946977));
#3563=DIRECTION('',(-0.,-1.,-0.));
#3564=DIRECTION('',(-0.5,0.,-0.866025404));
#3565=AXIS2_PLACEMENT_3D('',#3562,#3563,#3564);
#3566=PLANE('',#3565);
#3567=CARTESIAN_POINT('',(-52.31462783,9.227938193,-45.678547635));
#3568=VERTEX_POINT('',#3567);
#3569=CARTESIAN_POINT('',(-53.831734014,9.227938193,-44.802645971));
#3570=VERTEX_POINT('',#3569);
#3571=CARTESIAN_POINT('',(-52.31462783,9.227938193,-45.678547635));
#3572=DIRECTION('',(-0.866025404,-0.,0.5));
#3573=VECTOR('',#3572,1.751803327);
#3574=LINE('',#3571,#3573);
#3575=EDGE_CURVE('',#3568,#3570,#3574,.T.);
#3576=ORIENTED_EDGE('',*,*,#3575,.T.);
#3577=CARTESIAN_POINT('',(-53.834819308,9.227938193,-44.807989856));
#3578=VERTEX_POINT('',#3577);
#3579=CARTESIAN_POINT('',(-53.831733968,9.227938193,-44.802645998));
#3580=DIRECTION('',(-0.5,0.,-0.866025404));
#3581=VECTOR('',#3580,0.006170587);
#3582=LINE('',#3579,#3581);
#3583=EDGE_CURVE('',#3570,#3578,#3582,.T.);
#3584=ORIENTED_EDGE('',*,*,#3583,.T.);
#3585=CARTESIAN_POINT('',(-54.487354792,9.227938193,-44.431248319));
#3586=DIRECTION('',(0.866025404,0.,-0.5));
#3587=VECTOR('',#3586,0.753483075);
#3588=LINE('',#3585,#3587);
#3589=EDGE_CURVE('',#1584,#3578,#3588,.T.);
#3590=ORIENTED_EDGE('',*,*,#3589,.F.);
#3591=ORIENTED_EDGE('',*,*,#1589,.F.);
#3592=ORIENTED_EDGE('',*,*,#2006,.F.);
#3593=ORIENTED_EDGE('',*,*,#3387,.F.);
#3594=CARTESIAN_POINT('',(-52.317713124,9.227938193,-45.68389152));
#3595=VERTEX_POINT('',#3594);
#3596=CARTESIAN_POINT('',(-52.317713124,9.227938193,-45.68389152));
#3597=DIRECTION('',(0.866025404,0.,-0.5));
#3598=VECTOR('',#3597,0.503452206);
#3599=LINE('',#3596,#3598);
#3600=EDGE_CURVE('',#3595,#3376,#3599,.T.);
#3601=ORIENTED_EDGE('',*,*,#3600,.F.);
#3602=CARTESIAN_POINT('',(-52.31462783,9.227938193,-45.678547635));
#3603=DIRECTION('',(-0.5,0.,-0.866025404));
#3604=VECTOR('',#3603,0.006170587);
#3605=LINE('',#3602,#3604);
#3606=EDGE_CURVE('',#3568,#3595,#3605,.T.);
#3607=ORIENTED_EDGE('',*,*,#3606,.F.);
#3608=EDGE_LOOP('',(#3576,#3584,#3590,#3591,#3592,#3593,#3601,#3607));
#3609=FACE_BOUND('',#3608,.T.);
#3610=ADVANCED_FACE('',(#3609),#3566,.F.);
#3611=CARTESIAN_POINT('',(-55.086004718,9.727938193,-44.085617623));
#3612=DIRECTION('',(-0.5,-0.,-0.866025404));
#3613=DIRECTION('',(0.866025404,0.,-0.5));
#3614=AXIS2_PLACEMENT_3D('',#3611,#3612,#3613);
#3615=PLANE('',#3614);
#3616=ORIENTED_EDGE('',*,*,#1597,.F.);
#3617=ORIENTED_EDGE('',*,*,#3589,.T.);
#3618=CARTESIAN_POINT('',(-54.219979308,9.499459822,-44.585617626));
#3619=VERTEX_POINT('',#3618);
#3620=CARTESIAN_POINT('',(-53.834819308,9.727938193,-44.807989856));
#3621=DIRECTION('',(-0.5,-0.,-0.866025404));
#3622=DIRECTION('',(0.866025404,0.,-0.5));
#3623=AXIS2_PLACEMENT_3D('',#3620,#3621,#3622);
#3624=CIRCLE('',#3623,0.5);
#3625=EDGE_CURVE('',#3578,#3619,#3624,.T.);
#3626=ORIENTED_EDGE('',*,*,#3625,.T.);
#3627=CARTESIAN_POINT('',(-54.219979308,9.956416564,-44.585617626));
#3628=VERTEX_POINT('',#3627);
#3629=CARTESIAN_POINT('',(-54.219979308,9.499459822,-44.585617626));
#3630=DIRECTION('',(-0.,1.,-0.));
#3631=VECTOR('',#3630,0.456956742);
#3632=LINE('',#3629,#3631);
#3633=EDGE_CURVE('',#3619,#3628,#3632,.T.);
#3634=ORIENTED_EDGE('',*,*,#3633,.T.);
#3635=CARTESIAN_POINT('',(-53.834819308,10.227938193,-44.807989856));
#3636=VERTEX_POINT('',#3635);
#3637=CARTESIAN_POINT('',(-53.834819308,9.727938193,-44.807989856));
#3638=DIRECTION('',(-0.5,-0.,-0.866025404));
#3639=DIRECTION('',(0.866025404,0.,-0.5));
#3640=AXIS2_PLACEMENT_3D('',#3637,#3638,#3639);
#3641=CIRCLE('',#3640,0.5);
#3642=EDGE_CURVE('',#3628,#3636,#3641,.T.);
#3643=ORIENTED_EDGE('',*,*,#3642,.T.);
#3644=CARTESIAN_POINT('',(-54.487354792,10.227938193,-44.431248319));
#3645=DIRECTION('',(0.866025404,0.,-0.5));
#3646=VECTOR('',#3645,0.753483075);
#3647=LINE('',#3644,#3646);
#3648=EDGE_CURVE('',#1592,#3636,#3647,.T.);
#3649=ORIENTED_EDGE('',*,*,#3648,.F.);
#3650=EDGE_LOOP('',(#3616,#3617,#3626,#3634,#3643,#3649));
#3651=FACE_BOUND('',#3650,.T.);
#3652=ADVANCED_FACE('',(#3651),#3615,.F.);
#3653=CARTESIAN_POINT('',(-55.086004718,9.727938193,-44.085617623));
#3654=DIRECTION('',(-0.5,-0.,-0.866025404));
#3655=DIRECTION('',(0.866025404,0.,-0.5));
#3656=AXIS2_PLACEMENT_3D('',#3653,#3654,#3655);
#3657=PLANE('',#3656);
#3658=CARTESIAN_POINT('',(-52.317713124,10.227938193,-45.68389152));
#3659=VERTEX_POINT('',#3658);
#3660=CARTESIAN_POINT('',(-52.317713124,10.227938193,-45.68389152));
#3661=DIRECTION('',(0.866025404,0.,-0.5));
#3662=VECTOR('',#3661,0.503452206);
#3663=LINE('',#3660,#3662);
#3664=EDGE_CURVE('',#3659,#3368,#3663,.T.);
#3665=ORIENTED_EDGE('',*,*,#3664,.F.);
#3666=CARTESIAN_POINT('',(-51.968313258,10.023279202,-45.885617627));
#3667=VERTEX_POINT('',#3666);
#3668=CARTESIAN_POINT('',(-52.317713124,9.727938193,-45.68389152));
#3669=DIRECTION('',(-0.5,-0.,-0.866025404));
#3670=DIRECTION('',(0.866025404,0.,-0.5));
#3671=AXIS2_PLACEMENT_3D('',#3668,#3669,#3670);
#3672=CIRCLE('',#3671,0.5);
#3673=EDGE_CURVE('',#3659,#3667,#3672,.T.);
#3674=ORIENTED_EDGE('',*,*,#3673,.T.);
#3675=CARTESIAN_POINT('',(-51.968313258,9.432597184,-45.885617627));
#3676=VERTEX_POINT('',#3675);
#3677=CARTESIAN_POINT('',(-51.968313258,10.023279202,-45.885617627));
#3678=DIRECTION('',(0.,-1.,0.));
#3679=VECTOR('',#3678,0.590682018);
#3680=LINE('',#3677,#3679);
#3681=EDGE_CURVE('',#3667,#3676,#3680,.T.);
#3682=ORIENTED_EDGE('',*,*,#3681,.T.);
#3683=CARTESIAN_POINT('',(-52.317713124,9.727938193,-45.68389152));
#3684=DIRECTION('',(-0.5,-0.,-0.866025404));
#3685=DIRECTION('',(0.866025404,0.,-0.5));
#3686=AXIS2_PLACEMENT_3D('',#3683,#3684,#3685);
#3687=CIRCLE('',#3686,0.5);
#3688=EDGE_CURVE('',#3676,#3595,#3687,.T.);
#3689=ORIENTED_EDGE('',*,*,#3688,.T.);
#3690=ORIENTED_EDGE('',*,*,#3600,.T.);
#3691=ORIENTED_EDGE('',*,*,#3381,.F.);
#3692=EDGE_LOOP('',(#3665,#3674,#3682,#3689,#3690,#3691));
#3693=FACE_BOUND('',#3692,.T.);
#3694=ADVANCED_FACE('',(#3693),#3657,.F.);
#3695=CARTESIAN_POINT('',(-55.090879273,11.807870437,-44.094060599));
#3696=DIRECTION('',(-0.499990481,-0.00617047,-0.866008917));
#3697=DIRECTION('',(-0.003085235,0.999980962,-0.005343784));
#3698=AXIS2_PLACEMENT_3D('',#3695,#3696,#3697);
#3699=PLANE('',#3698);
#3700=ORIENTED_EDGE('',*,*,#1603,.F.);
#3701=ORIENTED_EDGE('',*,*,#3648,.T.);
#3702=CARTESIAN_POINT('',(-54.219141584,9.956416564,-44.584166646));
#3703=VERTEX_POINT('',#3702);
#3704=CARTESIAN_POINT('',(-53.833276661,9.727938193,-44.805317913));
#3705=DIRECTION('',(-0.499990481,-0.00617047,-0.866008917));
#3706=DIRECTION('',(-0.003085218,0.999980962,-0.005343793));
#3707=AXIS2_PLACEMENT_3D('',#3704,#3705,#3706);
#3708=ELLIPSE('',#3707,0.500009519,0.5);
#3709=EDGE_CURVE('',#3703,#3636,#3708,.T.);
#3710=ORIENTED_EDGE('',*,*,#3709,.F.);
#3711=CARTESIAN_POINT('',(-54.217731738,9.499459822,-44.581724722));
#3712=VERTEX_POINT('',#3711);
#3713=CARTESIAN_POINT('',(-54.217731738,9.499459822,-44.581724722));
#3714=DIRECTION('',(-0.003085235,0.999980962,-0.005343784));
#3715=VECTOR('',#3714,0.456965442);
#3716=LINE('',#3713,#3715);
#3717=EDGE_CURVE('',#3712,#3703,#3716,.T.);
#3718=ORIENTED_EDGE('',*,*,#3717,.F.);
#3719=CARTESIAN_POINT('',(-53.833276661,9.727938193,-44.805317913));
#3720=DIRECTION('',(-0.499990481,-0.00617047,-0.866008917));
#3721=DIRECTION('',(-0.003085218,0.999980962,-0.005343793));
#3722=AXIS2_PLACEMENT_3D('',#3719,#3720,#3721);
#3723=ELLIPSE('',#3722,0.500009519,0.5);
#3724=EDGE_CURVE('',#3570,#3712,#3723,.T.);
#3725=ORIENTED_EDGE('',*,*,#3724,.F.);
#3726=ORIENTED_EDGE('',*,*,#3575,.F.);
#3727=CARTESIAN_POINT('',(-51.965859397,9.432597184,-45.881367416));
#3728=VERTEX_POINT('',#3727);
#3729=CARTESIAN_POINT('',(-52.316170477,9.727938193,-45.681219577));
#3730=DIRECTION('',(-0.499990481,-0.00617047,-0.866008917));
#3731=DIRECTION('',(-0.003085218,0.999980962,-0.005343793));
#3732=AXIS2_PLACEMENT_3D('',#3729,#3730,#3731);
#3733=ELLIPSE('',#3732,0.500009519,0.5);
#3734=EDGE_CURVE('',#3728,#3568,#3733,.T.);
#3735=ORIENTED_EDGE('',*,*,#3734,.F.);
#3736=CARTESIAN_POINT('',(-51.967681825,10.023279202,-45.884523953));
#3737=VERTEX_POINT('',#3736);
#3738=CARTESIAN_POINT('',(-51.967681825,10.023279202,-45.884523953));
#3739=DIRECTION('',(0.003085235,-0.999980962,0.005343784));
#3740=VECTOR('',#3739,0.590693263);
#3741=LINE('',#3738,#3740);
#3742=EDGE_CURVE('',#3737,#3728,#3741,.T.);
#3743=ORIENTED_EDGE('',*,*,#3742,.F.);
#3744=CARTESIAN_POINT('',(-52.316170477,9.727938193,-45.681219577));
#3745=DIRECTION('',(-0.499990481,-0.00617047,-0.866008917));
#3746=DIRECTION('',(-0.003085218,0.999980962,-0.005343793));
#3747=AXIS2_PLACEMENT_3D('',#3744,#3745,#3746);
#3748=ELLIPSE('',#3747,0.500009519,0.5);
#3749=EDGE_CURVE('',#3659,#3737,#3748,.T.);
#3750=ORIENTED_EDGE('',*,*,#3749,.F.);
#3751=ORIENTED_EDGE('',*,*,#3664,.T.);
#3752=ORIENTED_EDGE('',*,*,#3373,.F.);
#3753=ORIENTED_EDGE('',*,*,#340,.F.);
#3754=EDGE_LOOP('',(#3700,#3701,#3710,#3718,#3725,#3726,#3735,#3743,#3750,#3751,#3752,#3753));
#3755=FACE_BOUND('',#3754,.T.);
#3756=ADVANCED_FACE('',(#3755),#3699,.F.);
#3757=CARTESIAN_POINT('',(-45.202055254,10.227938193,-31.607407233));
#3758=DIRECTION('',(0.,1.,0.));
#3759=DIRECTION('',(0.5,-0.,0.866025404));
#3760=AXIS2_PLACEMENT_3D('',#3757,#3758,#3759);
#3761=PLANE('',#3760);
#3762=ORIENTED_EDGE('',*,*,#2452,.F.);
#3763=CARTESIAN_POINT('',(-46.086181808,10.227938193,-31.386956017));
#3764=DIRECTION('',(-0.5,0.,-0.866025404));
#3765=VECTOR('',#3764,0.348853077);
#3766=LINE('',#3763,#3765);
#3767=EDGE_CURVE('',#2438,#3421,#3766,.T.);
#3768=ORIENTED_EDGE('',*,*,#3767,.T.);
#3769=ORIENTED_EDGE('',*,*,#3486,.F.);
#3770=CARTESIAN_POINT('',(-44.569075624,10.227938193,-32.262857681));
#3771=DIRECTION('',(-0.5,0.,-0.866025404));
#3772=VECTOR('',#3771,0.348853077);
#3773=LINE('',#3770,#3772);
#3774=EDGE_CURVE('',#2447,#3474,#3773,.T.);
#3775=ORIENTED_EDGE('',*,*,#3774,.F.);
#3776=EDGE_LOOP('',(#3762,#3768,#3769,#3775));
#3777=FACE_BOUND('',#3776,.T.);
#3778=ADVANCED_FACE('',(#3777),#3761,.F.);
#3779=CARTESIAN_POINT('',(-45.960608346,9.727938193,-31.169456402));
#3780=DIRECTION('',(-0.5,0.,-0.866025404));
#3781=DIRECTION('',(0.866025404,-0.,-0.5));
#3782=AXIS2_PLACEMENT_3D('',#3779,#3780,#3781);
#3783=CYLINDRICAL_SURFACE('',#3782,0.5);
#3784=ORIENTED_EDGE('',*,*,#2444,.F.);
#3785=CARTESIAN_POINT('',(-46.471341807,9.956416564,-31.164583787));
#3786=DIRECTION('',(-0.5,0.,-0.866025404));
#3787=VECTOR('',#3786,0.348853077);
#3788=LINE('',#3785,#3787);
#3789=EDGE_CURVE('',#2052,#3423,#3788,.T.);
#3790=ORIENTED_EDGE('',*,*,#3789,.T.);
#3791=ORIENTED_EDGE('',*,*,#3429,.F.);
#3792=ORIENTED_EDGE('',*,*,#3767,.F.);
#3793=EDGE_LOOP('',(#3784,#3790,#3791,#3792));
#3794=FACE_BOUND('',#3793,.T.);
#3795=ADVANCED_FACE('',(#3794),#3783,.F.);
#3796=CARTESIAN_POINT('',(-46.345768346,9.727938193,-30.947084172));
#3797=DIRECTION('',(-0.866025404,0.,0.5));
#3798=DIRECTION('',(-0.5,0.,-0.866025404));
#3799=AXIS2_PLACEMENT_3D('',#3796,#3797,#3798);
#3800=PLANE('',#3799);
#3801=ORIENTED_EDGE('',*,*,#2057,.F.);
#3802=CARTESIAN_POINT('',(-46.471341789,9.499459833,-31.164583798));
#3803=DIRECTION('',(-0.5,0.,-0.866025404));
#3804=VECTOR('',#3803,0.348853077);
#3805=LINE('',#3802,#3804);
#3806=EDGE_CURVE('',#1239,#3432,#3805,.T.);
#3807=ORIENTED_EDGE('',*,*,#3806,.T.);
#3808=ORIENTED_EDGE('',*,*,#3437,.F.);
#3809=ORIENTED_EDGE('',*,*,#3789,.F.);
#3810=EDGE_LOOP('',(#3801,#3807,#3808,#3809));
#3811=FACE_BOUND('',#3810,.T.);
#3812=ADVANCED_FACE('',(#3811),#3800,.F.);
#3813=CARTESIAN_POINT('',(-45.960608323,9.727938193,-31.169456415));
#3814=DIRECTION('',(-0.5,0.,-0.866025404));
#3815=DIRECTION('',(0.866025404,-0.,-0.5));
#3816=AXIS2_PLACEMENT_3D('',#3813,#3814,#3815);
#3817=CYLINDRICAL_SURFACE('',#3816,0.5);
#3818=ORIENTED_EDGE('',*,*,#1245,.F.);
#3819=CARTESIAN_POINT('',(-46.086181761,9.227938193,-31.386956044));
#3820=DIRECTION('',(-0.5,0.,-0.866025404));
#3821=VECTOR('',#3820,0.348853077);
#3822=LINE('',#3819,#3821);
#3823=EDGE_CURVE('',#1237,#3440,#3822,.T.);
#3824=ORIENTED_EDGE('',*,*,#3823,.T.);
#3825=ORIENTED_EDGE('',*,*,#3446,.F.);
#3826=ORIENTED_EDGE('',*,*,#3806,.F.);
#3827=EDGE_LOOP('',(#3818,#3824,#3825,#3826));
#3828=FACE_BOUND('',#3827,.T.);
#3829=ADVANCED_FACE('',(#3828),#3817,.F.);
#3830=CARTESIAN_POINT('',(-45.202055231,9.227938193,-31.607407247));
#3831=DIRECTION('',(-0.,-1.,-0.));
#3832=DIRECTION('',(-0.5,0.,-0.866025404));
#3833=AXIS2_PLACEMENT_3D('',#3830,#3831,#3832);
#3834=PLANE('',#3833);
#3835=ORIENTED_EDGE('',*,*,#1327,.F.);
#3836=CARTESIAN_POINT('',(-44.569075624,9.227938193,-32.262857681));
#3837=DIRECTION('',(-0.5,0.,-0.866025404));
#3838=VECTOR('',#3837,0.348853077);
#3839=LINE('',#3836,#3838);
#3840=EDGE_CURVE('',#1315,#3449,#3839,.T.);
#3841=ORIENTED_EDGE('',*,*,#3840,.T.);
#3842=ORIENTED_EDGE('',*,*,#3454,.F.);
#3843=ORIENTED_EDGE('',*,*,#3823,.F.);
#3844=EDGE_LOOP('',(#3835,#3841,#3842,#3843));
#3845=FACE_BOUND('',#3844,.T.);
#3846=ADVANCED_FACE('',(#3845),#3834,.F.);
#3847=CARTESIAN_POINT('',(-44.443502162,9.727938193,-32.045358065));
#3848=DIRECTION('',(-0.5,0.,-0.866025404));
#3849=DIRECTION('',(0.866025404,-0.,-0.5));
#3850=AXIS2_PLACEMENT_3D('',#3847,#3848,#3849);
#3851=CYLINDRICAL_SURFACE('',#3850,0.5);
#3852=ORIENTED_EDGE('',*,*,#1321,.F.);
#3853=CARTESIAN_POINT('',(-44.219675757,9.432597184,-32.464583787));
#3854=DIRECTION('',(-0.5,0.,-0.866025404));
#3855=VECTOR('',#3854,0.348853077);
#3856=LINE('',#3853,#3855);
#3857=EDGE_CURVE('',#1307,#3457,#3856,.T.);
#3858=ORIENTED_EDGE('',*,*,#3857,.T.);
#3859=ORIENTED_EDGE('',*,*,#3463,.F.);
#3860=ORIENTED_EDGE('',*,*,#3840,.F.);
#3861=EDGE_LOOP('',(#3852,#3858,#3859,#3860));
#3862=FACE_BOUND('',#3861,.T.);
#3863=ADVANCED_FACE('',(#3862),#3851,.F.);
#3864=CARTESIAN_POINT('',(-44.094102296,9.727938193,-32.247084172));
#3865=DIRECTION('',(0.866025404,-0.,-0.5));
#3866=DIRECTION('',(0.5,0.,0.866025404));
#3867=AXIS2_PLACEMENT_3D('',#3864,#3865,#3866);
#3868=PLANE('',#3867);
#3869=ORIENTED_EDGE('',*,*,#1719,.F.);
#3870=CARTESIAN_POINT('',(-44.219675757,10.023279202,-32.464583787));
#3871=DIRECTION('',(-0.5,0.,-0.866025404));
#3872=VECTOR('',#3871,0.348853077);
#3873=LINE('',#3870,#3872);
#3874=EDGE_CURVE('',#1708,#3466,#3873,.T.);
#3875=ORIENTED_EDGE('',*,*,#3874,.T.);
#3876=ORIENTED_EDGE('',*,*,#3471,.F.);
#3877=ORIENTED_EDGE('',*,*,#3857,.F.);
#3878=EDGE_LOOP('',(#3869,#3875,#3876,#3877));
#3879=FACE_BOUND('',#3878,.T.);
#3880=ADVANCED_FACE('',(#3879),#3868,.F.);
#3881=CARTESIAN_POINT('',(-44.443502162,9.727938193,-32.045358065));
#3882=DIRECTION('',(-0.5,0.,-0.866025404));
#3883=DIRECTION('',(0.866025404,-0.,-0.5));
#3884=AXIS2_PLACEMENT_3D('',#3881,#3882,#3883);
#3885=CYLINDRICAL_SURFACE('',#3884,0.5);
#3886=ORIENTED_EDGE('',*,*,#2459,.F.);
#3887=ORIENTED_EDGE('',*,*,#3774,.T.);
#3888=ORIENTED_EDGE('',*,*,#3480,.F.);
#3889=ORIENTED_EDGE('',*,*,#3874,.F.);
#3890=EDGE_LOOP('',(#3886,#3887,#3888,#3889));
#3891=FACE_BOUND('',#3890,.T.);
#3892=ADVANCED_FACE('',(#3891),#3885,.F.);
#3893=CARTESIAN_POINT('',(-53.830734014,9.727938193,-44.80091392));
#3894=DIRECTION('',(-0.5,0.,-0.866025404));
#3895=DIRECTION('',(0.,1.,0.));
#3896=AXIS2_PLACEMENT_3D('',#3893,#3894,#3895);
#3897=CYLINDRICAL_SURFACE('',#3896,0.5);
#3898=ORIENTED_EDGE('',*,*,#3625,.F.);
#3899=ORIENTED_EDGE('',*,*,#3583,.F.);
#3900=ORIENTED_EDGE('',*,*,#3724,.T.);
#3901=CARTESIAN_POINT('',(-54.217731738,9.499459822,-44.581724722));
#3902=DIRECTION('',(-0.5,0.,-0.866025404));
#3903=VECTOR('',#3902,0.004495139);
#3904=LINE('',#3901,#3903);
#3905=EDGE_CURVE('',#3712,#3619,#3904,.T.);
#3906=ORIENTED_EDGE('',*,*,#3905,.T.);
#3907=EDGE_LOOP('',(#3898,#3899,#3900,#3906));
#3908=FACE_BOUND('',#3907,.T.);
#3909=ADVANCED_FACE('',(#3908),#3897,.T.);
#3910=CARTESIAN_POINT('',(-54.215894014,9.727938193,-44.57854169));
#3911=DIRECTION('',(-0.866025404,0.,0.5));
#3912=DIRECTION('',(-0.5,0.,-0.866025404));
#3913=AXIS2_PLACEMENT_3D('',#3910,#3911,#3912);
#3914=PLANE('',#3913);
#3915=ORIENTED_EDGE('',*,*,#3633,.F.);
#3916=ORIENTED_EDGE('',*,*,#3905,.F.);
#3917=ORIENTED_EDGE('',*,*,#3717,.T.);
#3918=CARTESIAN_POINT('',(-54.219141584,9.956416564,-44.584166646));
#3919=DIRECTION('',(-0.5,0.,-0.866025404));
#3920=VECTOR('',#3919,0.001675448);
#3921=LINE('',#3918,#3920);
#3922=EDGE_CURVE('',#3703,#3628,#3921,.T.);
#3923=ORIENTED_EDGE('',*,*,#3922,.T.);
#3924=EDGE_LOOP('',(#3915,#3916,#3917,#3923));
#3925=FACE_BOUND('',#3924,.T.);
#3926=ADVANCED_FACE('',(#3925),#3914,.T.);
#3927=CARTESIAN_POINT('',(-53.830734014,9.727938193,-44.80091392));
#3928=DIRECTION('',(-0.5,0.,-0.866025404));
#3929=DIRECTION('',(0.,1.,0.));
#3930=AXIS2_PLACEMENT_3D('',#3927,#3928,#3929);
#3931=CYLINDRICAL_SURFACE('',#3930,0.5);
#3932=ORIENTED_EDGE('',*,*,#3642,.F.);
#3933=ORIENTED_EDGE('',*,*,#3922,.F.);
#3934=ORIENTED_EDGE('',*,*,#3709,.T.);
#3935=EDGE_LOOP('',(#3932,#3933,#3934));
#3936=FACE_BOUND('',#3935,.T.);
#3937=ADVANCED_FACE('',(#3936),#3931,.T.);
#3938=CARTESIAN_POINT('',(-51.964227964,9.727938193,-45.87854169));
#3939=DIRECTION('',(0.866025404,0.,-0.5));
#3940=DIRECTION('',(0.5,0.,0.866025404));
#3941=AXIS2_PLACEMENT_3D('',#3938,#3939,#3940);
#3942=PLANE('',#3941);
#3943=ORIENTED_EDGE('',*,*,#3681,.F.);
#3944=CARTESIAN_POINT('',(-51.967681825,10.023279202,-45.884523953));
#3945=DIRECTION('',(-0.5,0.,-0.866025404));
#3946=VECTOR('',#3945,0.001262866);
#3947=LINE('',#3944,#3946);
#3948=EDGE_CURVE('',#3737,#3667,#3947,.T.);
#3949=ORIENTED_EDGE('',*,*,#3948,.F.);
#3950=ORIENTED_EDGE('',*,*,#3742,.T.);
#3951=CARTESIAN_POINT('',(-51.965859397,9.432597184,-45.881367416));
#3952=DIRECTION('',(-0.5,0.,-0.866025404));
#3953=VECTOR('',#3952,0.004907721);
#3954=LINE('',#3951,#3953);
#3955=EDGE_CURVE('',#3728,#3676,#3954,.T.);
#3956=ORIENTED_EDGE('',*,*,#3955,.T.);
#3957=EDGE_LOOP('',(#3943,#3949,#3950,#3956));
#3958=FACE_BOUND('',#3957,.T.);
#3959=ADVANCED_FACE('',(#3958),#3942,.T.);
#3960=CARTESIAN_POINT('',(-52.31362783,9.727938193,-45.676815584));
#3961=DIRECTION('',(-0.5,0.,-0.866025404));
#3962=DIRECTION('',(0.,1.,0.));
#3963=AXIS2_PLACEMENT_3D('',#3960,#3961,#3962);
#3964=CYLINDRICAL_SURFACE('',#3963,0.5);
#3965=ORIENTED_EDGE('',*,*,#3688,.F.);
#3966=ORIENTED_EDGE('',*,*,#3955,.F.);
#3967=ORIENTED_EDGE('',*,*,#3734,.T.);
#3968=ORIENTED_EDGE('',*,*,#3606,.T.);
#3969=EDGE_LOOP('',(#3965,#3966,#3967,#3968));
#3970=FACE_BOUND('',#3969,.T.);
#3971=ADVANCED_FACE('',(#3970),#3964,.T.);
#3972=CARTESIAN_POINT('',(-52.31362783,9.727938193,-45.676815584));
#3973=DIRECTION('',(-0.5,0.,-0.866025404));
#3974=DIRECTION('',(0.,1.,0.));
#3975=AXIS2_PLACEMENT_3D('',#3972,#3973,#3974);
#3976=CYLINDRICAL_SURFACE('',#3975,0.5);
#3977=ORIENTED_EDGE('',*,*,#3673,.F.);
#3978=ORIENTED_EDGE('',*,*,#3749,.T.);
#3979=ORIENTED_EDGE('',*,*,#3948,.T.);
#3980=EDGE_LOOP('',(#3977,#3978,#3979));
#3981=FACE_BOUND('',#3980,.T.);
#3982=ADVANCED_FACE('',(#3981),#3976,.T.);
#3983=CARTESIAN_POINT('',(-52.370578641,-12.,-47.963364535));
#3984=DIRECTION('',(-0.819864355,0.,0.572557804));
#3985=DIRECTION('',(-0.572557804,0.,-0.819864355));
#3986=AXIS2_PLACEMENT_3D('',#3983,#3984,#3985);
#3987=PLANE('',#3986);
#3988=CARTESIAN_POINT('',(-53.190317651,-10.9,-49.137175791));
#3989=VERTEX_POINT('',#3988);
#3990=CARTESIAN_POINT('',(-53.190317651,-14.9,-49.137175791));
#3991=DIRECTION('',(-0.819864355,0.,0.572557804));
#3992=DIRECTION('',(-0.572557804,0.,-0.819864355));
#3993=AXIS2_PLACEMENT_3D('',#3990,#3991,#3992);
#3994=ELLIPSE('',#3993,4.014845851,4.);
#3995=EDGE_CURVE('',#2952,#3989,#3994,.T.);
#3996=ORIENTED_EDGE('',*,*,#3995,.T.);
#3997=CARTESIAN_POINT('',(-53.744509443,-10.9,-49.930741247));
#3998=VERTEX_POINT('',#3997);
#3999=CARTESIAN_POINT('',(-53.190317651,-10.9,-49.137175791));
#4000=DIRECTION('',(-0.572557804,0.,-0.819864355));
#4001=VECTOR('',#4000,0.967922867);
#4002=LINE('',#3999,#4001);
#4003=EDGE_CURVE('',#3989,#3998,#4002,.T.);
#4004=ORIENTED_EDGE('',*,*,#4003,.T.);
#4005=CARTESIAN_POINT('',(-53.744509443,-9.,-49.930741247));
#4006=VERTEX_POINT('',#4005);
#4007=CARTESIAN_POINT('',(-53.744509443,-10.9,-49.930741247));
#4008=DIRECTION('',(0.,1.,0.));
#4009=VECTOR('',#4008,1.9);
#4010=LINE('',#4007,#4009);
#4011=EDGE_CURVE('',#3998,#4006,#4010,.T.);
#4012=ORIENTED_EDGE('',*,*,#4011,.T.);
#4013=CARTESIAN_POINT('',(-52.270508535,-9.,-47.820070859));
#4014=VERTEX_POINT('',#4013);
#4015=CARTESIAN_POINT('',(-52.270508535,-9.,-47.820070859));
#4016=DIRECTION('',(-0.572557804,0.,-0.819864355));
#4017=VECTOR('',#4016,2.57441414);
#4018=LINE('',#4015,#4017);
#4019=EDGE_CURVE('',#4014,#4006,#4018,.T.);
#4020=ORIENTED_EDGE('',*,*,#4019,.F.);
#4021=CARTESIAN_POINT('',(-52.270508535,-9.,-47.820070859));
#4022=CARTESIAN_POINT('',(-52.203081811,-9.,-47.723520315));
#4023=CARTESIAN_POINT('',(-52.136799113,-8.98819478,-47.628607939));
#4024=CARTESIAN_POINT('',(-52.071534094,-8.965888104,-47.535152812));
#4025=CARTESIAN_POINT('',(-52.006269076,-8.943581428,-47.441697685));
#4026=CARTESIAN_POINT('',(-51.941465189,-8.910330871,-47.348902868));
#4027=CARTESIAN_POINT('',(-51.879108022,-8.868034578,-47.259611588));
#4028=CARTESIAN_POINT('',(-51.754393687,-8.783441991,-47.08102903));
#4029=CARTESIAN_POINT('',(-51.640147311,-8.664317544,-46.917435885));
#4030=CARTESIAN_POINT('',(-51.534278904,-8.520516264,-46.765839431));
#4031=CARTESIAN_POINT('',(-51.32254209,-8.232913706,-46.462646521));
#4032=CARTESIAN_POINT('',(-51.159349018,-7.866854057,-46.228964994));
#4033=CARTESIAN_POINT('',(-50.996647838,-7.5,-45.995987822));
#4034=B_SPLINE_CURVE_WITH_KNOTS('',3,(#4021,#4022,#4023,#4024,#4025,#4026,#4027,#4028,#4029,#4030,#4031,#4032,#4033),.UNSPECIFIED.,.F.,.F.,(4,3,3,3,4),(0.,0.000348338,0.000696676,0.001393352,0.002786703),.UNSPECIFIED.);
#4035=EDGE_CURVE('',#4014,#2961,#4034,.T.);
#4036=ORIENTED_EDGE('',*,*,#4035,.T.);
#4037=ORIENTED_EDGE('',*,*,#2966,.F.);
#4038=EDGE_LOOP('',(#3996,#4004,#4012,#4020,#4036,#4037));
#4039=FACE_BOUND('',#4038,.T.);
#4040=ADVANCED_FACE('',(#4039),#3987,.F.);
#4041=CARTESIAN_POINT('',(-55.138278846,-12.,-48.95739298));
#4042=DIRECTION('',(0.,1.,0.));
#4043=DIRECTION('',(-0.866025404,0.,0.5));
#4044=AXIS2_PLACEMENT_3D('',#4041,#4042,#4043);
#4045=CYLINDRICAL_SURFACE('',#4044,1.7);
#4046=CARTESIAN_POINT('',(-56.610522033,-9.,-48.10739298));
#4047=VERTEX_POINT('',#4046);
#4048=CARTESIAN_POINT('',(-56.610522033,-10.9,-48.10739298));
#4049=VERTEX_POINT('',#4048);
#4050=CARTESIAN_POINT('',(-56.610522033,-9.,-48.10739298));
#4051=DIRECTION('',(-0.,-1.,-0.));
#4052=VECTOR('',#4051,1.9);
#4053=LINE('',#4050,#4052);
#4054=EDGE_CURVE('',#4047,#4049,#4053,.T.);
#4055=ORIENTED_EDGE('',*,*,#4054,.T.);
#4056=CARTESIAN_POINT('',(-56.561788767,-10.9,-48.028081672));
#4057=VERTEX_POINT('',#4056);
#4058=CARTESIAN_POINT('',(-55.138278846,-10.9,-48.95739298));
#4059=DIRECTION('',(-0.,1.,-0.));
#4060=DIRECTION('',(0.866025404,0.,-0.5));
#4061=AXIS2_PLACEMENT_3D('',#4058,#4059,#4060);
#4062=CIRCLE('',#4061,1.7);
#4063=EDGE_CURVE('',#4049,#4057,#4062,.T.);
#4064=ORIENTED_EDGE('',*,*,#4063,.T.);
#4065=CARTESIAN_POINT('',(-56.561788767,-9.,-48.028081672));
#4066=VERTEX_POINT('',#4065);
#4067=CARTESIAN_POINT('',(-56.561788767,-10.9,-48.028081672));
#4068=DIRECTION('',(0.,1.,0.));
#4069=VECTOR('',#4068,1.9);
#4070=LINE('',#4067,#4069);
#4071=EDGE_CURVE('',#4057,#4066,#4070,.T.);
#4072=ORIENTED_EDGE('',*,*,#4071,.T.);
#4073=CARTESIAN_POINT('',(-55.138278846,-9.,-48.95739298));
#4074=DIRECTION('',(0.,1.,0.));
#4075=DIRECTION('',(0.866025404,0.,-0.5));
#4076=AXIS2_PLACEMENT_3D('',#4073,#4074,#4075);
#4077=CIRCLE('',#4076,1.7);
#4078=EDGE_CURVE('',#4047,#4066,#4077,.T.);
#4079=ORIENTED_EDGE('',*,*,#4078,.F.);
#4080=EDGE_LOOP('',(#4055,#4064,#4072,#4079));
#4081=FACE_BOUND('',#4080,.T.);
#4082=ADVANCED_FACE('',(#4081),#4045,.T.);
#4083=CARTESIAN_POINT('',(-55.600777998,-12.,-46.556014828));
#4084=DIRECTION('',(-0.837358777,0.,0.54665371));
#4085=DIRECTION('',(-0.54665371,0.,-0.837358777));
#4086=AXIS2_PLACEMENT_3D('',#4083,#4084,#4085);
#4087=PLANE('',#4086);
#4088=ORIENTED_EDGE('',*,*,#4071,.F.);
#4089=CARTESIAN_POINT('',(-56.080037886,-10.9,-47.290140412));
#4090=VERTEX_POINT('',#4089);
#4091=CARTESIAN_POINT('',(-56.561788767,-10.9,-48.028081672));
#4092=DIRECTION('',(0.54665371,-0.,0.837358777));
#4093=VECTOR('',#4092,0.881272497);
#4094=LINE('',#4091,#4093);
#4095=EDGE_CURVE('',#4057,#4090,#4094,.T.);
#4096=ORIENTED_EDGE('',*,*,#4095,.T.);
#4097=CARTESIAN_POINT('',(-54.639767228,-11.886839981,-45.083947984));
#4098=VERTEX_POINT('',#4097);
#4099=CARTESIAN_POINT('',(-56.080037886,-14.9,-47.290140412));
#4100=DIRECTION('',(0.837358777,-0.,-0.54665371));
#4101=DIRECTION('',(-0.54665371,0.,-0.837358777));
#4102=AXIS2_PLACEMENT_3D('',#4099,#4100,#4101);
#4103=ELLIPSE('',#4102,4.006005692,4.);
#4104=EDGE_CURVE('',#4090,#4098,#4103,.T.);
#4105=ORIENTED_EDGE('',*,*,#4104,.T.);
#4106=CARTESIAN_POINT('',(-54.639767228,-8.272865256,-45.083947984));
#4107=VERTEX_POINT('',#4106);
#4108=CARTESIAN_POINT('',(-54.639767228,-11.886839981,-45.083947984));
#4109=DIRECTION('',(0.,1.,0.));
#4110=VECTOR('',#4109,3.613974725);
#4111=LINE('',#4108,#4110);
#4112=EDGE_CURVE('',#4098,#4107,#4111,.T.);
#4113=ORIENTED_EDGE('',*,*,#4112,.T.);
#4114=CARTESIAN_POINT('',(-55.342793701,-9.,-46.16083702));
#4115=VERTEX_POINT('',#4114);
#4116=CARTESIAN_POINT('',(-54.639767228,-8.272865256,-45.083947984));
#4117=CARTESIAN_POINT('',(-54.676404224,-8.384258313,-45.140068174));
#4118=CARTESIAN_POINT('',(-54.720026257,-8.48466118,-45.206887975));
#4119=CARTESIAN_POINT('',(-54.77041626,-8.574415386,-45.284074886));
#4120=CARTESIAN_POINT('',(-54.795611262,-8.619292489,-45.322668342));
#4121=CARTESIAN_POINT('',(-54.822734701,-8.661737441,-45.364215759));
#4122=CARTESIAN_POINT('',(-54.850973796,-8.700425435,-45.407472127));
#4123=CARTESIAN_POINT('',(-54.879212891,-8.739113429,-45.450728494));
#4124=CARTESIAN_POINT('',(-54.908592143,-8.774185076,-45.495731345));
#4125=CARTESIAN_POINT('',(-54.939087423,-8.805716912,-45.542443714));
#4126=CARTESIAN_POINT('',(-55.000077983,-8.868780586,-45.635868454));
#4127=CARTESIAN_POINT('',(-55.066545086,-8.91817266,-45.737682108));
#4128=CARTESIAN_POINT('',(-55.134417508,-8.950779542,-45.841648417));
#4129=CARTESIAN_POINT('',(-55.20228993,-8.983386424,-45.945614726));
#4130=CARTESIAN_POINT('',(-55.271728416,-9.,-46.051979915));
#4131=CARTESIAN_POINT('',(-55.342793701,-9.,-46.16083702));
#4132=B_SPLINE_CURVE_WITH_KNOTS('',3,(#4116,#4117,#4118,#4119,#4120,#4121,#4122,#4123,#4124,#4125,#4126,#4127,#4128,#4129,#4130,#4131),.UNSPECIFIED.,.F.,.F.,(4,3,3,3,3,4),(0.,0.000384466,0.000576699,0.000768932,0.001153398,0.001537864),.UNSPECIFIED.);
#4133=EDGE_CURVE('',#4107,#4115,#4132,.T.);
#4134=ORIENTED_EDGE('',*,*,#4133,.T.);
#4135=CARTESIAN_POINT('',(-55.342793701,-9.,-46.16083702));
#4136=DIRECTION('',(-0.54665371,0.,-0.837358777));
#4137=VECTOR('',#4136,2.229921873);
#4138=LINE('',#4135,#4137);
#4139=EDGE_CURVE('',#4115,#4066,#4138,.T.);
#4140=ORIENTED_EDGE('',*,*,#4139,.T.);
#4141=EDGE_LOOP('',(#4088,#4096,#4105,#4113,#4134,#4140));
#4142=FACE_BOUND('',#4141,.T.);
#4143=ADVANCED_FACE('',(#4142),#4087,.T.);
#4144=CARTESIAN_POINT('',(-54.848361618,-12.,-44.947771114));
#4145=DIRECTION('',(0.,1.,0.));
#4146=DIRECTION('',(-0.866025404,0.,0.5));
#4147=AXIS2_PLACEMENT_3D('',#4144,#4145,#4146);
#4148=CYLINDRICAL_SURFACE('',#4147,0.249109934);
#4149=ORIENTED_EDGE('',*,*,#4112,.F.);
#4150=CARTESIAN_POINT('',(-54.663285655,-14.587847294,-44.781029856));
#4151=VERTEX_POINT('',#4150);
#4152=CARTESIAN_POINT('',(-54.639767228,-11.886839981,-45.083947984));
#4153=CARTESIAN_POINT('',(-54.629312612,-11.97713391,-45.067933706));
#4154=CARTESIAN_POINT('',(-54.621330651,-12.071654879,-45.051742465));
#4155=CARTESIAN_POINT('',(-54.615250619,-12.170356504,-45.035606308));
#4156=CARTESIAN_POINT('',(-54.609170586,-12.269058129,-45.019470152));
#4157=CARTESIAN_POINT('',(-54.604995012,-12.372727955,-45.003270882));
#4158=CARTESIAN_POINT('',(-54.602457579,-12.478338052,-44.987607819));
#4159=CARTESIAN_POINT('',(-54.597382715,-12.689558246,-44.956281694));
#4160=CARTESIAN_POINT('',(-54.598610884,-12.908371601,-44.92702818));
#4161=CARTESIAN_POINT('',(-54.603846136,-13.136113898,-44.90014824));
#4162=CARTESIAN_POINT('',(-54.606463761,-13.249985046,-44.886708271));
#4163=CARTESIAN_POINT('',(-54.610126498,-13.36633843,-44.873861008));
#4164=CARTESIAN_POINT('',(-54.614527371,-13.483242351,-44.86187987));
#4165=CARTESIAN_POINT('',(-54.618928244,-13.600146273,-44.849898733));
#4166=CARTESIAN_POINT('',(-54.624088044,-13.718050496,-44.838712818));
#4167=CARTESIAN_POINT('',(-54.629685889,-13.837699701,-44.828453535));
#4168=CARTESIAN_POINT('',(-54.635283733,-13.957348907,-44.818194253));
#4169=CARTESIAN_POINT('',(-54.641351811,-14.078622908,-44.8088318));
#4170=CARTESIAN_POINT('',(-54.647297735,-14.20310985,-44.80070285));
#4171=CARTESIAN_POINT('',(-54.653243659,-14.327596792,-44.7925739));
#4172=CARTESIAN_POINT('',(-54.659160822,-14.456213671,-44.785608252));
#4173=CARTESIAN_POINT('',(-54.663285643,-14.587847315,-44.781029869));
#4174=B_SPLINE_CURVE_WITH_KNOTS('',3,(#4152,#4153,#4154,#4155,#4156,#4157,#4158,#4159,#4160,#4161,#4162,#4163,#4164,#4165,#4166,#4167,#4168,#4169,#4170,#4171,#4172,#4173),.UNSPECIFIED.,.F.,.F.,(4,3,3,3,3,3,3,4),(0.,0.000407435,0.00081487,0.00162974,0.002037175,0.00244461,0.002852045,0.00325948),.UNSPECIFIED.);
#4175=EDGE_CURVE('',#4098,#4151,#4174,.T.);
#4176=ORIENTED_EDGE('',*,*,#4175,.T.);
#4177=CARTESIAN_POINT('',(-54.663285655,-7.529007598,-44.781029856));
#4178=VERTEX_POINT('',#4177);
#4179=CARTESIAN_POINT('',(-54.663285655,-14.587847294,-44.781029856));
#4180=DIRECTION('',(0.,1.,0.));
#4181=VECTOR('',#4180,7.058839697);
#4182=LINE('',#4179,#4181);
#4183=EDGE_CURVE('',#4151,#4178,#4182,.T.);
#4184=ORIENTED_EDGE('',*,*,#4183,.T.);
#4185=CARTESIAN_POINT('',(-54.663285655,-7.529007598,-44.781029856));
#4186=CARTESIAN_POINT('',(-54.659519932,-7.535895545,-44.785209655));
#4187=CARTESIAN_POINT('',(-54.657784776,-7.543957414,-44.787310041));
#4188=CARTESIAN_POINT('',(-54.655706511,-7.551792676,-44.789847771));
#4189=CARTESIAN_POINT('',(-54.653628247,-7.559627938,-44.7923855));
#4190=CARTESIAN_POINT('',(-54.651679975,-7.567515541,-44.794859547));
#4191=CARTESIAN_POINT('',(-54.649822305,-7.575432092,-44.797312135));
#4192=CARTESIAN_POINT('',(-54.646106966,-7.591265194,-44.80221731));
#4193=CARTESIAN_POINT('',(-54.642655486,-7.60715585,-44.80714142));
#4194=CARTESIAN_POINT('',(-54.6393943,-7.623059095,-44.812167209));
#4195=CARTESIAN_POINT('',(-54.632871926,-7.654865586,-44.822218787));
#4196=CARTESIAN_POINT('',(-54.627099028,-7.68669745,-44.832689762));
#4197=CARTESIAN_POINT('',(-54.622080913,-7.718352552,-44.843594325));
#4198=CARTESIAN_POINT('',(-54.612044683,-7.781662754,-44.865403453));
#4199=CARTESIAN_POINT('',(-54.60492648,-7.844440558,-44.889023572));
#4200=CARTESIAN_POINT('',(-54.601495835,-7.906753478,-44.914408797));
#4201=CARTESIAN_POINT('',(-54.594634543,-8.031379319,-44.965179247));
#4202=CARTESIAN_POINT('',(-54.601229675,-8.155693642,-45.024916538));
#4203=CARTESIAN_POINT('',(-54.639767228,-8.272865256,-45.083947984));
#4204=B_SPLINE_CURVE_WITH_KNOTS('',3,(#4185,#4186,#4187,#4188,#4189,#4190,#4191,#4192,#4193,#4194,#4195,#4196,#4197,#4198,#4199,#4200,#4201,#4202,#4203),.UNSPECIFIED.,.F.,.F.,(4,3,3,3,3,3,4),(0.,0.000025476,0.000050953,0.000101905,0.000203811,0.000407622,0.000815244),.UNSPECIFIED.);
#4205=EDGE_CURVE('',#4178,#4107,#4204,.T.);
#4206=ORIENTED_EDGE('',*,*,#4205,.T.);
#4207=EDGE_LOOP('',(#4149,#4176,#4184,#4206));
#4208=FACE_BOUND('',#4207,.T.);
#4209=ADVANCED_FACE('',(#4208),#4148,.F.);
#4210=CARTESIAN_POINT('',(-53.746257566,-12.,-45.798893449));
#4211=DIRECTION('',(-0.742948945,0.,-0.669348089));
#4212=DIRECTION('',(0.669348089,0.,-0.742948945));
#4213=AXIS2_PLACEMENT_3D('',#4210,#4211,#4212);
#4214=PLANE('',#4213);
#4215=ORIENTED_EDGE('',*,*,#4183,.F.);
#4216=CARTESIAN_POINT('',(-46.017696242,-14.9,-54.377279753));
#4217=DIRECTION('',(0.742948945,-0.,0.669348089));
#4218=DIRECTION('',(-0.669348089,0.,0.742948945));
#4219=AXIS2_PLACEMENT_3D('',#4216,#4217,#4218);
#4220=ELLIPSE('',#4219,12.95594331,4.);
#4221=EDGE_CURVE('',#4151,#1367,#4220,.T.);
#4222=ORIENTED_EDGE('',*,*,#4221,.T.);
#4223=ORIENTED_EDGE('',*,*,#1372,.T.);
#4224=CARTESIAN_POINT('',(-54.679140753,-7.5,-44.763431347));
#4225=CARTESIAN_POINT('',(-54.673856075,-7.509669632,-44.769297123));
#4226=CARTESIAN_POINT('',(-54.668571429,-7.519339303,-44.775162864));
#4227=CARTESIAN_POINT('',(-54.663285655,-7.529007598,-44.781029856));
#4228=B_SPLINE_CURVE_WITH_KNOTS('',3,(#4224,#4225,#4226,#4227),.UNSPECIFIED.,.F.,.F.,(4,4),(0.,0.00003745),.UNSPECIFIED.);
#4229=EDGE_CURVE('',#1166,#4178,#4228,.T.);
#4230=ORIENTED_EDGE('',*,*,#4229,.T.);
#4231=EDGE_LOOP('',(#4215,#4222,#4223,#4230));
#4232=FACE_BOUND('',#4231,.T.);
#4233=ADVANCED_FACE('',(#4232),#4214,.T.);
#4234=CARTESIAN_POINT('',(-55.138278846,-12.,-48.95739298));
#4235=DIRECTION('',(0.,1.,0.));
#4236=DIRECTION('',(-0.866025404,0.,0.5));
#4237=AXIS2_PLACEMENT_3D('',#4234,#4235,#4236);
#4238=CYLINDRICAL_SURFACE('',#4237,0.5);
#4239=CARTESIAN_POINT('',(-55.571291548,-9.2,-48.70739298));
#4240=VERTEX_POINT('',#4239);
#4241=CARTESIAN_POINT('',(-55.571291548,-12.,-48.70739298));
#4242=VERTEX_POINT('',#4241);
#4243=CARTESIAN_POINT('',(-55.571291548,-9.2,-48.70739298));
#4244=DIRECTION('',(-0.,-1.,-0.));
#4245=VECTOR('',#4244,2.8);
#4246=LINE('',#4243,#4245);
#4247=EDGE_CURVE('',#4240,#4242,#4246,.T.);
#4248=ORIENTED_EDGE('',*,*,#4247,.F.);
#4249=CARTESIAN_POINT('',(-54.705266144,-9.2,-49.20739298));
#4250=VERTEX_POINT('',#4249);
#4251=CARTESIAN_POINT('',(-55.138278846,-9.2,-48.95739298));
#4252=DIRECTION('',(-0.,1.,-0.));
#4253=DIRECTION('',(0.866025404,0.,-0.5));
#4254=AXIS2_PLACEMENT_3D('',#4251,#4252,#4253);
#4255=CIRCLE('',#4254,0.5);
#4256=EDGE_CURVE('',#4240,#4250,#4255,.T.);
#4257=ORIENTED_EDGE('',*,*,#4256,.T.);
#4258=CARTESIAN_POINT('',(-55.138278846,-9.2,-48.95739298));
#4259=DIRECTION('',(-0.,1.,-0.));
#4260=DIRECTION('',(0.866025404,0.,-0.5));
#4261=AXIS2_PLACEMENT_3D('',#4258,#4259,#4260);
#4262=CIRCLE('',#4261,0.5);
#4263=EDGE_CURVE('',#4250,#4240,#4262,.T.);
#4264=ORIENTED_EDGE('',*,*,#4263,.T.);
#4265=ORIENTED_EDGE('',*,*,#4247,.T.);
#4266=CARTESIAN_POINT('',(-54.705266144,-12.,-49.20739298));
#4267=VERTEX_POINT('',#4266);
#4268=CARTESIAN_POINT('',(-55.138278846,-12.,-48.95739298));
#4269=DIRECTION('',(0.,1.,0.));
#4270=DIRECTION('',(0.866025404,0.,-0.5));
#4271=AXIS2_PLACEMENT_3D('',#4268,#4269,#4270);
#4272=CIRCLE('',#4271,0.5);
#4273=EDGE_CURVE('',#4267,#4242,#4272,.T.);
#4274=ORIENTED_EDGE('',*,*,#4273,.F.);
#4275=CARTESIAN_POINT('',(-55.138278846,-12.,-48.95739298));
#4276=DIRECTION('',(0.,1.,0.));
#4277=DIRECTION('',(0.866025404,0.,-0.5));
#4278=AXIS2_PLACEMENT_3D('',#4275,#4276,#4277);
#4279=CIRCLE('',#4278,0.5);
#4280=EDGE_CURVE('',#4242,#4267,#4279,.T.);
#4281=ORIENTED_EDGE('',*,*,#4280,.F.);
#4282=EDGE_LOOP('',(#4248,#4257,#4264,#4265,#4274,#4281));
#4283=FACE_BOUND('',#4282,.T.);
#4284=ADVANCED_FACE('',(#4283),#4238,.F.);
#4285=CARTESIAN_POINT('',(-17.345640646,-12.,17.282610431));
#4286=DIRECTION('',(0.,-1.,0.));
#4287=DIRECTION('',(-0.5,0.,-0.866025404));
#4288=AXIS2_PLACEMENT_3D('',#4285,#4286,#4287);
#4289=PLANE('',#4288);
#4290=CARTESIAN_POINT('',(-54.092168442,-12.,-48.507362206));
#4291=VERTEX_POINT('',#4290);
#4292=CARTESIAN_POINT('',(-55.158943232,-12.,-47.891459494));
#4293=VERTEX_POINT('',#4292);
#4294=CARTESIAN_POINT('',(-54.092168442,-12.,-48.507362206));
#4295=DIRECTION('',(-0.866025404,-0.,0.5));
#4296=VECTOR('',#4295,1.231805424);
#4297=LINE('',#4294,#4296);
#4298=EDGE_CURVE('',#4291,#4293,#4297,.T.);
#4299=ORIENTED_EDGE('',*,*,#4298,.T.);
#4300=CARTESIAN_POINT('',(-55.640694112,-12.,-48.629400754));
#4301=VERTEX_POINT('',#4300);
#4302=CARTESIAN_POINT('',(-55.158943232,-12.,-47.891459494));
#4303=DIRECTION('',(-0.54665371,0.,-0.837358777));
#4304=VECTOR('',#4303,0.881272497);
#4305=LINE('',#4302,#4304);
#4306=EDGE_CURVE('',#4293,#4301,#4305,.T.);
#4307=ORIENTED_EDGE('',*,*,#4306,.T.);
#4308=CARTESIAN_POINT('',(-54.646360233,-12.,-49.300927663));
#4309=VERTEX_POINT('',#4308);
#4310=CARTESIAN_POINT('',(-55.138278846,-12.,-48.95739298));
#4311=DIRECTION('',(0.,-1.,0.));
#4312=DIRECTION('',(0.866025404,0.,-0.5));
#4313=AXIS2_PLACEMENT_3D('',#4310,#4311,#4312);
#4314=CIRCLE('',#4313,0.6);
#4315=EDGE_CURVE('',#4301,#4309,#4314,.T.);
#4316=ORIENTED_EDGE('',*,*,#4315,.T.);
#4317=CARTESIAN_POINT('',(-54.646360233,-12.,-49.300927663));
#4318=DIRECTION('',(0.572557804,-0.,0.819864355));
#4319=VECTOR('',#4318,0.967922867);
#4320=LINE('',#4317,#4319);
#4321=EDGE_CURVE('',#4309,#4291,#4320,.T.);
#4322=ORIENTED_EDGE('',*,*,#4321,.T.);
#4323=EDGE_LOOP('',(#4299,#4307,#4316,#4322));
#4324=FACE_BOUND('',#4323,.T.);
#4325=ORIENTED_EDGE('',*,*,#4273,.T.);
#4326=ORIENTED_EDGE('',*,*,#4280,.T.);
#4327=EDGE_LOOP('',(#4325,#4326));
#4328=FACE_BOUND('',#4327,.T.);
#4329=ADVANCED_FACE('',(#4324,#4328),#4289,.T.);
#4330=CARTESIAN_POINT('',(-17.345640646,-9.,17.282610431));
#4331=DIRECTION('',(0.,-1.,0.));
#4332=DIRECTION('',(-0.5,0.,-0.866025404));
#4333=AXIS2_PLACEMENT_3D('',#4330,#4331,#4332);
#4334=PLANE('',#4333);
#4335=CARTESIAN_POINT('',(-54.532061064,-9.,-49.30739298));
#4336=VERTEX_POINT('',#4335);
#4337=CARTESIAN_POINT('',(-55.744496629,-9.,-48.60739298));
#4338=VERTEX_POINT('',#4337);
#4339=CARTESIAN_POINT('',(-55.138278846,-9.,-48.95739298));
#4340=DIRECTION('',(0.,-1.,0.));
#4341=DIRECTION('',(0.866025404,0.,-0.5));
#4342=AXIS2_PLACEMENT_3D('',#4339,#4340,#4341);
#4343=CIRCLE('',#4342,0.7);
#4344=EDGE_CURVE('',#4336,#4338,#4343,.T.);
#4345=ORIENTED_EDGE('',*,*,#4344,.T.);
#4346=CARTESIAN_POINT('',(-55.138278846,-9.,-48.95739298));
#4347=DIRECTION('',(0.,-1.,0.));
#4348=DIRECTION('',(0.866025404,0.,-0.5));
#4349=AXIS2_PLACEMENT_3D('',#4346,#4347,#4348);
#4350=CIRCLE('',#4349,0.7);
#4351=EDGE_CURVE('',#4338,#4336,#4350,.T.);
#4352=ORIENTED_EDGE('',*,*,#4351,.T.);
#4353=EDGE_LOOP('',(#4345,#4352));
#4354=FACE_BOUND('',#4353,.T.);
#4355=ORIENTED_EDGE('',*,*,#4139,.F.);
#4356=CARTESIAN_POINT('',(-55.186191808,-9.,-46.259146767));
#4357=VERTEX_POINT('',#4356);
#4358=CARTESIAN_POINT('',(-53.936191808,-9.,-44.094083258));
#4359=DIRECTION('',(0.,-1.,0.));
#4360=DIRECTION('',(0.866025404,0.,-0.5));
#4361=AXIS2_PLACEMENT_3D('',#4358,#4359,#4360);
#4362=CIRCLE('',#4361,2.5);
#4363=EDGE_CURVE('',#4115,#4357,#4362,.T.);
#4364=ORIENTED_EDGE('',*,*,#4363,.T.);
#4365=CARTESIAN_POINT('',(-52.934525758,-9.,-47.559146767));
#4366=VERTEX_POINT('',#4365);
#4367=CARTESIAN_POINT('',(-55.186191808,-9.,-46.259146767));
#4368=DIRECTION('',(0.866025404,0.,-0.5));
#4369=VECTOR('',#4368,2.6);
#4370=LINE('',#4367,#4369);
#4371=EDGE_CURVE('',#4357,#4366,#4370,.T.);
#4372=ORIENTED_EDGE('',*,*,#4371,.T.);
#4373=CARTESIAN_POINT('',(-51.734525758,-9.,-45.480685798));
#4374=DIRECTION('',(0.,-1.,0.));
#4375=DIRECTION('',(0.866025404,0.,-0.5));
#4376=AXIS2_PLACEMENT_3D('',#4373,#4374,#4375);
#4377=CIRCLE('',#4376,2.4);
#4378=EDGE_CURVE('',#4366,#4014,#4377,.T.);
#4379=ORIENTED_EDGE('',*,*,#4378,.T.);
#4380=ORIENTED_EDGE('',*,*,#4019,.T.);
#4381=CARTESIAN_POINT('',(-55.138278846,-9.,-48.95739298));
#4382=DIRECTION('',(0.,1.,0.));
#4383=DIRECTION('',(0.866025404,0.,-0.5));
#4384=AXIS2_PLACEMENT_3D('',#4381,#4382,#4383);
#4385=CIRCLE('',#4384,1.7);
#4386=EDGE_CURVE('',#4006,#4047,#4385,.T.);
#4387=ORIENTED_EDGE('',*,*,#4386,.T.);
#4388=ORIENTED_EDGE('',*,*,#4078,.T.);
#4389=EDGE_LOOP('',(#4355,#4364,#4372,#4379,#4380,#4387,#4388));
#4390=FACE_BOUND('',#4389,.T.);
#4391=ADVANCED_FACE('',(#4354,#4390),#4334,.F.);
#4392=CARTESIAN_POINT('',(-55.020166404,14.9,-47.971582333));
#4393=DIRECTION('',(-0.866025404,0.,0.5));
#4394=DIRECTION('',(0.5,0.,0.866025404));
#4395=AXIS2_PLACEMENT_3D('',#4392,#4393,#4394);
#4396=CYLINDRICAL_SURFACE('',#4395,2.9);
#4397=ORIENTED_EDGE('',*,*,#2667,.T.);
#4398=CARTESIAN_POINT('',(-54.092168442,14.9,-48.507362206));
#4399=DIRECTION('',(0.800906258,0.,-0.598789751));
#4400=DIRECTION('',(-0.598789751,0.,-0.800906258));
#4401=AXIS2_PLACEMENT_3D('',#4398,#4399,#4400);
#4402=ELLIPSE('',#4401,2.920442981,2.9);
#4403=EDGE_CURVE('',#2653,#1052,#4402,.T.);
#4404=ORIENTED_EDGE('',*,*,#4403,.T.);
#4405=ORIENTED_EDGE('',*,*,#1057,.F.);
#4406=CARTESIAN_POINT('',(-54.080401251,12.715458986,-46.311799513));
#4407=VERTEX_POINT('',#4406);
#4408=CARTESIAN_POINT('',(-55.158943232,14.9,-47.891459494));
#4409=DIRECTION('',(-0.825861897,-0.,0.563872439));
#4410=DIRECTION('',(-0.563872439,0.,-0.825861897));
#4411=AXIS2_PLACEMENT_3D('',#4408,#4409,#4410);
#4412=ELLIPSE('',#4411,2.908278117,2.9);
#4413=EDGE_CURVE('',#1050,#4407,#4412,.T.);
#4414=ORIENTED_EDGE('',*,*,#4413,.T.);
#4415=CARTESIAN_POINT('',(-54.39436452,14.673689288,-44.99446974));
#4416=VERTEX_POINT('',#4415);
#4417=CARTESIAN_POINT('',(-54.080401251,12.715458986,-46.311799513));
#4418=CARTESIAN_POINT('',(-54.038002085,12.780922084,-46.249700618));
#4419=CARTESIAN_POINT('',(-54.008163207,12.849449933,-46.185257107));
#4420=CARTESIAN_POINT('',(-53.987905372,12.921008611,-46.119813137));
#4421=CARTESIAN_POINT('',(-53.967647537,12.992567289,-46.054369168));
#4422=CARTESIAN_POINT('',(-53.957039452,13.067728751,-45.987421638));
#4423=CARTESIAN_POINT('',(-53.954343237,13.144296072,-45.921726761));
#4424=CARTESIAN_POINT('',(-53.948950806,13.297430712,-45.790337008));
#4425=CARTESIAN_POINT('',(-53.974012447,13.456069798,-45.663785429));
#4426=CARTESIAN_POINT('',(-54.017750625,13.621182963,-45.544859671));
#4427=CARTESIAN_POINT('',(-54.039619714,13.703739545,-45.485396792));
#4428=CARTESIAN_POINT('',(-54.066328203,13.788095376,-45.427795217));
#4429=CARTESIAN_POINT('',(-54.096250108,13.872850719,-45.373453454));
#4430=CARTESIAN_POINT('',(-54.126172014,13.957606062,-45.319111691));
#4431=CARTESIAN_POINT('',(-54.159476132,14.04308661,-45.267711513));
#4432=CARTESIAN_POINT('',(-54.194324418,14.129832284,-45.219999613));
#4433=CARTESIAN_POINT('',(-54.229172703,14.216577958,-45.172287713));
#4434=CARTESIAN_POINT('',(-54.265814212,14.304501609,-45.128127797));
#4435=CARTESIAN_POINT('',(-54.301044155,14.394754641,-45.089349145));
#4436=CARTESIAN_POINT('',(-54.336274097,14.485007674,-45.050570492));
#4437=CARTESIAN_POINT('',(-54.370608769,14.578254912,-45.016811096));
#4438=CARTESIAN_POINT('',(-54.394364431,14.673689304,-44.99446979));
#4439=B_SPLINE_CURVE_WITH_KNOTS('',3,(#4417,#4418,#4419,#4420,#4421,#4422,#4423,#4424,#4425,#4426,#4427,#4428,#4429,#4430,#4431,#4432,#4433,#4434,#4435,#4436,#4437,#4438),.UNSPECIFIED.,.F.,.F.,(4,3,3,3,3,3,3,4),(0.,0.000407435,0.00081487,0.00162974,0.002037175,0.00244461,0.002852045,0.00325948),.UNSPECIFIED.);
#4440=EDGE_CURVE('',#4407,#4416,#4439,.T.);
#4441=ORIENTED_EDGE('',*,*,#4440,.T.);
#4442=CARTESIAN_POINT('',(-45.200452402,14.9,-53.640996855));
#4443=DIRECTION('',(-0.685088751,-0.,-0.72845961));
#4444=DIRECTION('',(-0.72845961,0.,0.685088751));
#4445=AXIS2_PLACEMENT_3D('',#4442,#4443,#4444);
#4446=ELLIPSE('',#4445,12.659639294,2.9);
#4447=EDGE_CURVE('',#4416,#2662,#4446,.T.);
#4448=ORIENTED_EDGE('',*,*,#4447,.T.);
#4449=EDGE_LOOP('',(#4397,#4404,#4405,#4414,#4441,#4448));
#4450=FACE_BOUND('',#4449,.T.);
#4451=ADVANCED_FACE('',(#4450),#4396,.F.);
#4452=CARTESIAN_POINT('',(-56.753949262,-14.9,-46.970582333));
#4453=DIRECTION('',(-0.866025404,0.,0.5));
#4454=DIRECTION('',(0.5,0.,0.866025404));
#4455=AXIS2_PLACEMENT_3D('',#4452,#4453,#4454);
#4456=CYLINDRICAL_SURFACE('',#4455,2.9);
#4457=ORIENTED_EDGE('',*,*,#2240,.F.);
#4458=CARTESIAN_POINT('',(-54.39436452,-14.673689288,-44.99446974));
#4459=VERTEX_POINT('',#4458);
#4460=CARTESIAN_POINT('',(-45.200452402,-14.9,-53.640996855));
#4461=DIRECTION('',(-0.685088751,-0.,-0.72845961));
#4462=DIRECTION('',(-0.72845961,0.,0.685088751));
#4463=AXIS2_PLACEMENT_3D('',#4460,#4461,#4462);
#4464=ELLIPSE('',#4463,12.659639294,2.9);
#4465=EDGE_CURVE('',#2226,#4459,#4464,.T.);
#4466=ORIENTED_EDGE('',*,*,#4465,.T.);
#4467=CARTESIAN_POINT('',(-54.080401251,-12.715458986,-46.311799513));
#4468=VERTEX_POINT('',#4467);
#4469=CARTESIAN_POINT('',(-54.394364431,-14.673689304,-44.99446979));
#4470=CARTESIAN_POINT('',(-54.370608762,-14.578254913,-45.016811096));
#4471=CARTESIAN_POINT('',(-54.336274099,-14.485007674,-45.050570493));
#4472=CARTESIAN_POINT('',(-54.301044155,-14.394754641,-45.089349145));
#4473=CARTESIAN_POINT('',(-54.26581421,-14.304501609,-45.128127797));
#4474=CARTESIAN_POINT('',(-54.229172706,-14.216577957,-45.172287714));
#4475=CARTESIAN_POINT('',(-54.194324418,-14.129832284,-45.219999613));
#4476=CARTESIAN_POINT('',(-54.159476129,-14.043086611,-45.267711512));
#4477=CARTESIAN_POINT('',(-54.126177155,-13.957605705,-45.319112936));
#4478=CARTESIAN_POINT('',(-54.096250108,-13.872850719,-45.373453454));
#4479=CARTESIAN_POINT('',(-54.066323062,-13.788095733,-45.427793971));
#4480=CARTESIAN_POINT('',(-54.039620496,-13.703739546,-45.485396946));
#4481=CARTESIAN_POINT('',(-54.017750625,-13.621182963,-45.544859671));
#4482=CARTESIAN_POINT('',(-53.974010883,-13.456069797,-45.663785123));
#4483=CARTESIAN_POINT('',(-53.948951,-13.297431007,-45.790337343));
#4484=CARTESIAN_POINT('',(-53.954343237,-13.144296072,-45.921726761));
#4485=CARTESIAN_POINT('',(-53.957039355,-13.067728604,-45.98742147));
#4486=CARTESIAN_POINT('',(-53.967647595,-12.992567341,-46.054369204));
#4487=CARTESIAN_POINT('',(-53.987905372,-12.921008611,-46.119813137));
#4488=CARTESIAN_POINT('',(-54.00816315,-12.849449881,-46.18525707));
#4489=CARTESIAN_POINT('',(-54.038002085,-12.780922084,-46.249700618));
#4490=CARTESIAN_POINT('',(-54.080401251,-12.715458986,-46.311799513));
#4491=B_SPLINE_CURVE_WITH_KNOTS('',3,(#4469,#4470,#4471,#4472,#4473,#4474,#4475,#4476,#4477,#4478,#4479,#4480,#4481,#4482,#4483,#4484,#4485,#4486,#4487,#4488,#4489,#4490),.UNSPECIFIED.,.F.,.F.,(4,3,3,3,3,3,3,4),(0.,0.000407435,0.00081487,0.001222305,0.00162974,0.00244461,0.002852045,0.00325948),.UNSPECIFIED.);
#4492=EDGE_CURVE('',#4459,#4468,#4491,.T.);
#4493=ORIENTED_EDGE('',*,*,#4492,.T.);
#4494=CARTESIAN_POINT('',(-55.158943232,-14.9,-47.891459494));
#4495=DIRECTION('',(-0.825861897,-0.,0.563872439));
#4496=DIRECTION('',(-0.563872439,0.,-0.825861897));
#4497=AXIS2_PLACEMENT_3D('',#4494,#4495,#4496);
#4498=ELLIPSE('',#4497,2.908278117,2.9);
#4499=EDGE_CURVE('',#4468,#4293,#4498,.T.);
#4500=ORIENTED_EDGE('',*,*,#4499,.T.);
#4501=ORIENTED_EDGE('',*,*,#4298,.F.);
#4502=CARTESIAN_POINT('',(-54.092168442,-14.9,-48.507362206));
#4503=DIRECTION('',(0.800906258,0.,-0.598789751));
#4504=DIRECTION('',(-0.598789751,0.,-0.800906258));
#4505=AXIS2_PLACEMENT_3D('',#4502,#4503,#4504);
#4506=ELLIPSE('',#4505,2.920442981,2.9);
#4507=EDGE_CURVE('',#4291,#2235,#4506,.T.);
#4508=ORIENTED_EDGE('',*,*,#4507,.T.);
#4509=EDGE_LOOP('',(#4457,#4466,#4493,#4500,#4501,#4508));
#4510=FACE_BOUND('',#4509,.T.);
#4511=ADVANCED_FACE('',(#4510),#4456,.F.);
#4512=CARTESIAN_POINT('',(-54.43246008,15.128849294,-44.953602412));
#4513=CARTESIAN_POINT('',(-54.445022053,15.125955762,-44.94656933));
#4514=CARTESIAN_POINT('',(-54.457437242,15.123042986,-44.939282013));
#4515=CARTESIAN_POINT('',(-54.48195417,15.117183623,-44.924210634));
#4516=CARTESIAN_POINT('',(-54.494055909,15.114237038,-44.916426572));
#4517=CARTESIAN_POINT('',(-54.51792655,15.108314791,-44.900374219));
#4518=CARTESIAN_POINT('',(-54.529695451,15.10533913,-44.892105929));
#4519=CARTESIAN_POINT('',(-54.552881563,15.099363509,-44.875098408));
#4520=CARTESIAN_POINT('',(-54.564298772,15.09636355,-44.866359178));
#4521=CARTESIAN_POINT('',(-54.586763204,15.090344147,-44.848423817));
#4522=CARTESIAN_POINT('',(-54.597810426,15.087324704,-44.839227687));
#4523=CARTESIAN_POINT('',(-54.619517178,15.08127118,-44.820393292));
#4524=CARTESIAN_POINT('',(-54.630176707,15.078237099,-44.810755028));
#4525=CARTESIAN_POINT('',(-54.651090985,15.072159164,-44.791051839));
#4526=CARTESIAN_POINT('',(-54.661345733,15.069115311,-44.780986914));
#4527=CARTESIAN_POINT('',(-54.677759744,15.064137087,-44.764203506));
#4528=CARTESIAN_POINT('',(-54.684044911,15.062204177,-44.757607727));
#4529=CARTESIAN_POINT('',(-54.690243359,15.060270908,-44.750931538));
#4530=CARTESIAN_POINT('',(-54.425819321,15.05267514,-44.963204139));
#4531=CARTESIAN_POINT('',(-54.438312277,15.050741944,-44.956064839));
#4532=CARTESIAN_POINT('',(-54.450662203,15.048796426,-44.948677804));
#4533=CARTESIAN_POINT('',(-54.475056741,15.044883749,-44.933419821));
#4534=CARTESIAN_POINT('',(-54.487101352,15.042916589,-44.925548872));
#4535=CARTESIAN_POINT('',(-54.510866481,15.03896366,-44.909335372));
#4536=CARTESIAN_POINT('',(-54.522586998,15.036977891,-44.90099282));
#4537=CARTESIAN_POINT('',(-54.545685662,15.032990802,-44.883849154));
#4538=CARTESIAN_POINT('',(-54.557063808,15.030989482,-44.87504804));
#4539=CARTESIAN_POINT('',(-54.579459984,15.026974376,-44.857001004));
#4540=CARTESIAN_POINT('',(-54.590478014,15.024960589,-44.847755082));
#4541=CARTESIAN_POINT('',(-54.612136772,15.020923649,-44.828832874));
#4542=CARTESIAN_POINT('',(-54.622777499,15.018900496,-44.819156588));
#4543=CARTESIAN_POINT('',(-54.643665052,15.014847937,-44.799388764));
#4544=CARTESIAN_POINT('',(-54.653911877,15.012818531,-44.789297226));
#4545=CARTESIAN_POINT('',(-54.670322198,15.009499545,-44.77247933));
#4546=CARTESIAN_POINT('',(-54.676608211,15.008210899,-44.765872381));
#4547=CARTESIAN_POINT('',(-54.682809838,15.006922023,-44.759187183));
#4548=CARTESIAN_POINT('',(-54.422488304,14.976337885,-44.968020383));
#4549=CARTESIAN_POINT('',(-54.434946557,14.975371266,-44.960827607));
#4550=CARTESIAN_POINT('',(-54.447263693,14.974398491,-44.953390411));
#4551=CARTESIAN_POINT('',(-54.471596777,14.972442128,-44.938038624));
#4552=CARTESIAN_POINT('',(-54.483612724,14.971458539,-44.930124032));
#4553=CARTESIAN_POINT('',(-54.507324935,14.969482061,-44.913829636));
#4554=CARTESIAN_POINT('',(-54.519021199,14.968489172,-44.90544983));
#4555=CARTESIAN_POINT('',(-54.542076044,14.966495621,-44.888237902));
#4556=CARTESIAN_POINT('',(-54.553434624,14.965494959,-44.87940578));
#4557=CARTESIAN_POINT('',(-54.57579662,14.963487403,-44.861302811));
#4558=CARTESIAN_POINT('',(-54.586800035,14.962480509,-44.852031965));
#4559=CARTESIAN_POINT('',(-54.608434765,14.960462038,-44.833065816));
#4560=CARTESIAN_POINT('',(-54.619066079,14.959450462,-44.823370514));
#4561=CARTESIAN_POINT('',(-54.639940247,14.957424183,-44.803570376));
#4562=CARTESIAN_POINT('',(-54.650183099,14.95640948,-44.79346554));
#4563=CARTESIAN_POINT('',(-54.666591557,14.954749987,-44.776630415));
#4564=CARTESIAN_POINT('',(-54.672877986,14.954105664,-44.770017889));
#4565=CARTESIAN_POINT('',(-54.679081196,14.953461227,-44.763328195));
#4566=CARTESIAN_POINT('',(-54.422488304,14.9,-44.968020383));
#4567=CARTESIAN_POINT('',(-54.434946557,14.9,-44.960827607));
#4568=CARTESIAN_POINT('',(-54.447263693,14.9,-44.953390411));
#4569=CARTESIAN_POINT('',(-54.471596777,14.9,-44.938038624));
#4570=CARTESIAN_POINT('',(-54.483612724,14.9,-44.930124032));
#4571=CARTESIAN_POINT('',(-54.507324935,14.9,-44.913829636));
#4572=CARTESIAN_POINT('',(-54.519021199,14.9,-44.90544983));
#4573=CARTESIAN_POINT('',(-54.542076044,14.9,-44.888237902));
#4574=CARTESIAN_POINT('',(-54.553434624,14.9,-44.87940578));
#4575=CARTESIAN_POINT('',(-54.57579662,14.9,-44.861302811));
#4576=CARTESIAN_POINT('',(-54.586800035,14.9,-44.852031965));
#4577=CARTESIAN_POINT('',(-54.608434765,14.9,-44.833065816));
#4578=CARTESIAN_POINT('',(-54.619066079,14.9,-44.823370514));
#4579=CARTESIAN_POINT('',(-54.639940247,14.9,-44.803570376));
#4580=CARTESIAN_POINT('',(-54.650183099,14.9,-44.79346554));
#4581=CARTESIAN_POINT('',(-54.666591557,14.9,-44.776630415));
#4582=CARTESIAN_POINT('',(-54.672877986,14.9,-44.770017889));
#4583=CARTESIAN_POINT('',(-54.679081196,14.9,-44.763328195));
#4584=B_SPLINE_SURFACE_WITH_KNOTS('',3,3,((#4512,#4513,#4514,#4515,#4516,#4517,#4518,#4519,#4520,#4521,#4522,#4523,#4524,#4525,#4526,#4527,#4528,#4529),(#4530,#4531,#4532,#4533,#4534,#4535,#4536,#4537,#4538,#4539,#4540,#4541,#4542,#4543,#4544,#4545,#4546,#4547),(#4548,#4549,#4550,#4551,#4552,#4553,#4554,#4555,#4556,#4557,#4558,#4559,#4560,#4561,#4562,#4563,#4564,#4565),(#4566,#4567,#4568,#4569,#4570,#4571,#4572,#4573,#4574,#4575,#4576,#4577,#4578,#4579,#4580,#4581,#4582,#4583)),.UNSPECIFIED.,.F.,.F.,.U.,(4,4),(4,2,2,2,2,2,2,2,4),(6.217752835,6.283185307),(0.,0.125,0.25,0.375,0.5,0.625,0.75,0.875,0.954273528),.UNSPECIFIED.);
#4585=ORIENTED_EDGE('',*,*,#2212,.F.);
#4586=ORIENTED_EDGE('',*,*,#2674,.F.);
#4587=CARTESIAN_POINT('',(-53.872488304,14.9,-44.015392439));
#4588=DIRECTION('',(0.,-1.,0.));
#4589=DIRECTION('',(0.866025404,0.,-0.5));
#4590=AXIS2_PLACEMENT_3D('',#4587,#4588,#4589);
#4591=CIRCLE('',#4590,1.1);
#4592=EDGE_CURVE('',#1349,#2662,#4591,.T.);
#4593=ORIENTED_EDGE('',*,*,#4592,.F.);
#4594=ORIENTED_EDGE('',*,*,#1355,.F.);
#4595=EDGE_LOOP('',(#4585,#4586,#4593,#4594));
#4596=FACE_BOUND('',#4595,.T.);
#4597=ADVANCED_FACE('',(#4596),#4584,.T.);
#4598=CARTESIAN_POINT('',(-54.663256628,14.587858288,-44.781062075));
#4599=CARTESIAN_POINT('',(-54.653647523,14.591497935,-44.791727788));
#4600=CARTESIAN_POINT('',(-54.643816173,14.595137583,-44.802193272));
#4601=CARTESIAN_POINT('',(-54.623725021,14.602410941,-44.822706707));
#4602=CARTESIAN_POINT('',(-54.61346522,14.606044652,-44.832754657));
#4603=CARTESIAN_POINT('',(-54.592533898,14.613300207,-44.852416619));
#4604=CARTESIAN_POINT('',(-54.581862378,14.616922052,-44.862030632));
#4605=CARTESIAN_POINT('',(-54.560125018,14.624147968,-44.88080902));
#4606=CARTESIAN_POINT('',(-54.549059179,14.627752038,-44.889973395));
#4607=CARTESIAN_POINT('',(-54.526551217,14.634936522,-44.907837537));
#4608=CARTESIAN_POINT('',(-54.515109096,14.638516935,-44.916537303));
#4609=CARTESIAN_POINT('',(-54.491867219,14.645648261,-44.933458009));
#4610=CARTESIAN_POINT('',(-54.480067463,14.649199173,-44.941678947));
#4611=CARTESIAN_POINT('',(-54.456129543,14.656265696,-44.957628554));
#4612=CARTESIAN_POINT('',(-54.443991379,14.659781307,-44.965357222));
#4613=CARTESIAN_POINT('',(-54.419396417,14.666771486,-44.980309641));
#4614=CARTESIAN_POINT('',(-54.40693962,14.670246053,-44.987533392));
#4615=CARTESIAN_POINT('',(-54.394333652,14.673697259,-44.994498771));
#4616=CARTESIAN_POINT('',(-54.680884485,14.691693876,-44.761495877));
#4617=CARTESIAN_POINT('',(-54.671262142,14.694120374,-44.772176282));
#4618=CARTESIAN_POINT('',(-54.661425929,14.696546871,-44.782664003));
#4619=CARTESIAN_POINT('',(-54.641341201,14.701396132,-44.803237607));
#4620=CARTESIAN_POINT('',(-54.631092687,14.703818895,-44.81332349));
#4621=CARTESIAN_POINT('',(-54.610199443,14.708656958,-44.833077573));
#4622=CARTESIAN_POINT('',(-54.599554713,14.711072257,-44.842745773));
#4623=CARTESIAN_POINT('',(-54.577885737,14.715891673,-44.861649297));
#4624=CARTESIAN_POINT('',(-54.566861493,14.718295789,-44.87088462));
#4625=CARTESIAN_POINT('',(-54.544450782,14.723089138,-44.888907872));
#4626=CARTESIAN_POINT('',(-54.533064316,14.72547837,-44.8976958));
#4627=CARTESIAN_POINT('',(-54.509947019,14.730238269,-44.914810439));
#4628=CARTESIAN_POINT('',(-54.498216189,14.732608936,-44.92313715));
#4629=CARTESIAN_POINT('',(-54.474428558,14.737328052,-44.939316251));
#4630=CARTESIAN_POINT('',(-54.462371758,14.7396765,-44.947168641));
#4631=CARTESIAN_POINT('',(-54.437951088,14.744347556,-44.962386736));
#4632=CARTESIAN_POINT('',(-54.42558722,14.746670164,-44.969752442));
#4633=CARTESIAN_POINT('',(-54.413079507,14.74897806,-44.976869002));
#4634=CARTESIAN_POINT('',(-54.689732144,14.795846426,-44.751675337));
#4635=CARTESIAN_POINT('',(-54.680103203,14.797059674,-44.762363067));
#4636=CARTESIAN_POINT('',(-54.670264577,14.798272923,-44.772861885));
#4637=CARTESIAN_POINT('',(-54.650183099,14.800697552,-44.79346554));
#4638=CARTESIAN_POINT('',(-54.639940247,14.801908933,-44.803570376));
#4639=CARTESIAN_POINT('',(-54.619066079,14.804327964,-44.823370514));
#4640=CARTESIAN_POINT('',(-54.608434765,14.805535614,-44.833065816));
#4641=CARTESIAN_POINT('',(-54.586800035,14.807945322,-44.852031965));
#4642=CARTESIAN_POINT('',(-54.57579662,14.809147382,-44.861302811));
#4643=CARTESIAN_POINT('',(-54.553434624,14.81154406,-44.87940578));
#4644=CARTESIAN_POINT('',(-54.542076044,14.812738679,-44.888237902));
#4645=CARTESIAN_POINT('',(-54.519021199,14.815118638,-44.90544983));
#4646=CARTESIAN_POINT('',(-54.507324935,14.816303978,-44.913829636));
#4647=CARTESIAN_POINT('',(-54.483612724,14.818663555,-44.930124032));
#4648=CARTESIAN_POINT('',(-54.471596777,14.819837791,-44.938038624));
#4649=CARTESIAN_POINT('',(-54.447263693,14.822173355,-44.953390411));
#4650=CARTESIAN_POINT('',(-54.434946557,14.823334681,-44.960827607));
#4651=CARTESIAN_POINT('',(-54.422488304,14.824488659,-44.968020383));
#4652=CARTESIAN_POINT('',(-54.689732144,14.9,-44.751675337));
#4653=CARTESIAN_POINT('',(-54.680103203,14.9,-44.762363067));
#4654=CARTESIAN_POINT('',(-54.670264577,14.9,-44.772861885));
#4655=CARTESIAN_POINT('',(-54.650183099,14.9,-44.79346554));
#4656=CARTESIAN_POINT('',(-54.639940247,14.9,-44.803570376));
#4657=CARTESIAN_POINT('',(-54.619066079,14.9,-44.823370514));
#4658=CARTESIAN_POINT('',(-54.608434765,14.9,-44.833065816));
#4659=CARTESIAN_POINT('',(-54.586800035,14.9,-44.852031965));
#4660=CARTESIAN_POINT('',(-54.57579662,14.9,-44.861302811));
#4661=CARTESIAN_POINT('',(-54.553434624,14.9,-44.87940578));
#4662=CARTESIAN_POINT('',(-54.542076044,14.9,-44.888237902));
#4663=CARTESIAN_POINT('',(-54.519021199,14.9,-44.90544983));
#4664=CARTESIAN_POINT('',(-54.507324935,14.9,-44.913829636));
#4665=CARTESIAN_POINT('',(-54.483612724,14.9,-44.930124032));
#4666=CARTESIAN_POINT('',(-54.471596777,14.9,-44.938038624));
#4667=CARTESIAN_POINT('',(-54.447263693,14.9,-44.953390411));
#4668=CARTESIAN_POINT('',(-54.434946557,14.9,-44.960827607));
#4669=CARTESIAN_POINT('',(-54.422488304,14.9,-44.968020383));
#4670=B_SPLINE_SURFACE_WITH_KNOTS('',3,3,((#4598,#4599,#4600,#4601,#4602,#4603,#4604,#4605,#4606,#4607,#4608,#4609,#4610,#4611,#4612,#4613,#4614,#4615),(#4616,#4617,#4618,#4619,#4620,#4621,#4622,#4623,#4624,#4625,#4626,#4627,#4628,#4629,#4630,#4631,#4632,#4633),(#4634,#4635,#4636,#4637,#4638,#4639,#4640,#4641,#4642,#4643,#4644,#4645,#4646,#4647,#4648,#4649,#4650,#4651),(#4652,#4653,#4654,#4655,#4656,#4657,#4658,#4659,#4660,#4661,#4662,#4663,#4664,#4665,#4666,#4667,#4668,#4669)),.UNSPECIFIED.,.F.,.F.,.U.,(4,4),(4,2,2,2,2,2,2,2,4),(6.205070126,6.283185307),(0.,0.125,0.25,0.375,0.5,0.625,0.75,0.875,1.),.UNSPECIFIED.);
#4671=ORIENTED_EDGE('',*,*,#4592,.T.);
#4672=ORIENTED_EDGE('',*,*,#4447,.F.);
#4673=CARTESIAN_POINT('',(-53.846041816,14.587847294,-44.044746957));
#4674=DIRECTION('',(0.164500194,-0.969330251,-0.182588473));
#4675=DIRECTION('',(0.841891586,0.234431391,-0.486066334));
#4676=AXIS2_PLACEMENT_3D('',#4673,#4674,#4675);
#4677=CIRCLE('',#4676,1.1);
#4678=EDGE_CURVE('',#897,#4416,#4677,.T.);
#4679=ORIENTED_EDGE('',*,*,#4678,.F.);
#4680=ORIENTED_EDGE('',*,*,#980,.F.);
#4681=ORIENTED_EDGE('',*,*,#1362,.F.);
#4682=EDGE_LOOP('',(#4671,#4672,#4679,#4680,#4681));
#4683=FACE_BOUND('',#4682,.T.);
#4684=ADVANCED_FACE('',(#4683),#4670,.T.);
#4685=CARTESIAN_POINT('',(-54.639767228,11.886839981,-45.083947984));
#4686=CARTESIAN_POINT('',(-54.692677118,11.99786429,-45.164994833));
#4687=CARTESIAN_POINT('',(-54.7204646,12.108840787,-45.262392588));
#4688=CARTESIAN_POINT('',(-54.721416813,12.313213733,-45.474544829));
#4689=CARTESIAN_POINT('',(-54.694581133,12.406522169,-45.589207953));
#4690=CARTESIAN_POINT('',(-54.590514181,12.56068216,-45.81764295));
#4691=CARTESIAN_POINT('',(-54.513327726,12.621467326,-45.931316449));
#4692=CARTESIAN_POINT('',(-54.320809634,12.700871254,-46.139666111));
#4693=CARTESIAN_POINT('',(-54.205560905,12.719455822,-46.234252549));
#4694=CARTESIAN_POINT('',(-54.080401251,12.715458986,-46.311799513));
#4695=CARTESIAN_POINT('',(-54.629312612,11.977133915,-45.067933705));
#4696=CARTESIAN_POINT('',(-54.676594938,12.081247093,-45.153953361));
#4697=CARTESIAN_POINT('',(-54.699053632,12.185321248,-45.253386165));
#4698=CARTESIAN_POINT('',(-54.691046251,12.378036456,-45.464326777));
#4699=CARTESIAN_POINT('',(-54.660583675,12.466605218,-45.575754852));
#4700=CARTESIAN_POINT('',(-54.551288206,12.615087008,-45.794047479));
#4701=CARTESIAN_POINT('',(-54.472496932,12.674944166,-45.900829986));
#4702=CARTESIAN_POINT('',(-54.278316263,12.757031148,-46.093910945));
#4703=CARTESIAN_POINT('',(-54.16300041,12.77922978,-46.180137158));
#4704=CARTESIAN_POINT('',(-54.038002083,12.780922088,-46.249700614));
#4705=CARTESIAN_POINT('',(-54.621330462,12.071653478,-45.051742055));
#4706=CARTESIAN_POINT('',(-54.662038037,12.169232848,-45.140801995));
#4707=CARTESIAN_POINT('',(-54.678767388,12.266780277,-45.240667984));
#4708=CARTESIAN_POINT('',(-54.662002865,12.44834918,-45.448178787));
#4709=CARTESIAN_POINT('',(-54.628514862,12.532311187,-45.555755338));
#4710=CARTESIAN_POINT('',(-54.515991599,12.674995343,-45.763680873));
#4711=CARTESIAN_POINT('',(-54.436993549,12.733670656,-45.86396168));
#4712=CARTESIAN_POINT('',(-54.244467685,12.817568995,-46.043318189));
#4713=CARTESIAN_POINT('',(-54.131003259,12.842764296,-46.122335228));
#4714=CARTESIAN_POINT('',(-54.008186917,12.849448772,-46.185244758));
#4715=CARTESIAN_POINT('',(-54.612210451,12.219705827,-45.027537783));
#4716=CARTESIAN_POINT('',(-54.642981231,12.308103872,-45.118691083));
#4717=CARTESIAN_POINT('',(-54.651463624,12.396478467,-45.217312373));
#4718=CARTESIAN_POINT('',(-54.622808978,12.562197103,-45.417219631));
#4719=CARTESIAN_POINT('',(-54.585679647,12.639497174,-45.518452474));
#4720=CARTESIAN_POINT('',(-54.470443377,12.773369424,-45.710888302));
#4721=CARTESIAN_POINT('',(-54.392367112,12.829906054,-45.802040205));
#4722=CARTESIAN_POINT('',(-54.205013338,12.915147797,-45.962882634));
#4723=CARTESIAN_POINT('',(-54.09578563,12.943830224,-46.032530507));
#4724=CARTESIAN_POINT('',(-53.977800377,12.956786725,-46.087078618));
#4725=CARTESIAN_POINT('',(-54.609652039,12.270104069,-45.019481495));
#4726=CARTESIAN_POINT('',(-54.637090866,12.355542762,-45.110924971));
#4727=CARTESIAN_POINT('',(-54.642876369,12.440960481,-45.20881764));
#4728=CARTESIAN_POINT('',(-54.610459837,12.601537266,-45.405781982));
#4729=CARTESIAN_POINT('',(-54.572265844,12.676656914,-45.504805252));
#4730=CARTESIAN_POINT('',(-54.456484899,12.807572019,-45.692085142));
#4731=CARTESIAN_POINT('',(-54.37892644,12.863335319,-45.780295777));
#4732=CARTESIAN_POINT('',(-54.193759079,12.948798836,-45.935307155));
#4733=CARTESIAN_POINT('',(-54.086195692,12.978478024,-46.00206986));
#4734=CARTESIAN_POINT('',(-53.970089431,12.993325465,-46.054097903));
#4735=CARTESIAN_POINT('',(-54.605408002,12.373006111,-45.003432645));
#4736=CARTESIAN_POINT('',(-54.62629476,12.452717908,-45.094735365));
#4737=CARTESIAN_POINT('',(-54.626891896,12.532413098,-45.19063585));
#4738=CARTESIAN_POINT('',(-54.587452939,12.682976352,-45.381038954));
#4739=CARTESIAN_POINT('',(-54.547425151,12.753813048,-45.47550185));
#4740=CARTESIAN_POINT('',(-54.431180688,12.878778292,-45.652521742));
#4741=CARTESIAN_POINT('',(-54.354988307,12.932880783,-45.735041844));
#4742=CARTESIAN_POINT('',(-54.174880138,13.018350456,-45.878996192));
#4743=CARTESIAN_POINT('',(-54.071001937,13.049699779,-45.940400462));
#4744=CARTESIAN_POINT('',(-53.959035171,13.067929442,-45.987845117));
#4745=CARTESIAN_POINT('',(-54.60372623,12.425528879,-44.995439018));
#4746=CARTESIAN_POINT('',(-54.621393105,12.502473401,-45.086307965));
#4747=CARTESIAN_POINT('',(-54.619499411,12.579403206,-45.18094269));
#4748=CARTESIAN_POINT('',(-54.576801774,12.725094988,-45.367724397));
#4749=CARTESIAN_POINT('',(-54.536006067,12.793829092,-45.459835611));
#4750=CARTESIAN_POINT('',(-54.419845574,12.915800933,-45.631750804));
#4751=CARTESIAN_POINT('',(-54.344503064,12.96901532,-45.711521886));
#4752=CARTESIAN_POINT('',(-54.167271169,13.054267507,-45.850251542));
#4753=CARTESIAN_POINT('',(-54.065415731,13.086288961,-45.909183583));
#4754=CARTESIAN_POINT('',(-53.9557115,13.106008437,-45.954566176));
#4755=CARTESIAN_POINT('',(-54.59738269,12.68955371,-44.956281249));
#4756=CARTESIAN_POINT('',(-54.599729095,12.753286755,-45.043509877));
#4757=CARTESIAN_POINT('',(-54.586231715,12.817013192,-45.130835773));
#4758=CARTESIAN_POINT('',(-54.528845007,12.939298332,-45.298466044));
#4759=CARTESIAN_POINT('',(-54.484962953,12.99784426,-45.378752264));
#4760=CARTESIAN_POINT('',(-54.370543279,13.104979843,-45.525704818));
#4761=CARTESIAN_POINT('',(-54.300018615,13.153558025,-45.592355644));
#4762=CARTESIAN_POINT('',(-54.138182701,13.236729054,-45.706605576));
#4763=CARTESIAN_POINT('',(-54.046889134,13.271312523,-45.754192878));
#4764=CARTESIAN_POINT('',(-53.948971235,13.29742644,-45.790328478));
#4765=CARTESIAN_POINT('',(-54.598611026,12.908366322,-44.92702614));
#4766=CARTESIAN_POINT('',(-54.591171928,12.963313225,-45.006777604));
#4767=CARTESIAN_POINT('',(-54.571064712,13.018256163,-45.085196943));
#4768=CARTESIAN_POINT('',(-54.506933799,13.124494036,-45.234151827));
#4769=CARTESIAN_POINT('',(-54.462915011,13.175781293,-45.304676559));
#4770=CARTESIAN_POINT('',(-54.353950933,13.271287399,-45.43313649));
#4771=CARTESIAN_POINT('',(-54.289013704,13.315499307,-45.491062385));
#4772=CARTESIAN_POINT('',(-54.142574089,13.393890995,-45.590460324));
#4773=CARTESIAN_POINT('',(-54.061082402,13.428065009,-45.631925162));
#4774=CARTESIAN_POINT('',(-53.974032716,13.456065584,-45.663776552));
#4775=CARTESIAN_POINT('',(-54.606464345,13.249978606,-44.886705931));
#4776=CARTESIAN_POINT('',(-54.589458194,13.293103622,-44.953239299));
#4777=CARTESIAN_POINT('',(-54.563784239,13.336227027,-45.017511141));
#4778=CARTESIAN_POINT('',(-54.496351295,13.420416958,-45.138463282));
#4779=CARTESIAN_POINT('',(-54.454594915,13.461480335,-45.195139045));
#4780=CARTESIAN_POINT('',(-54.357011225,13.539586077,-45.298187161));
#4781=CARTESIAN_POINT('',(-54.301187623,13.576625507,-45.344555655));
#4782=CARTESIAN_POINT('',(-54.178149082,13.644906969,-45.424770766));
#4783=CARTESIAN_POINT('',(-54.11093878,13.676146415,-45.458614376));
#4784=CARTESIAN_POINT('',(-54.039642404,13.703734489,-45.485386344));
#4785=CARTESIAN_POINT('',(-54.610130095,13.366299511,-44.873849266));
#4786=CARTESIAN_POINT('',(-54.590756644,13.405712663,-44.935607032));
#4787=CARTESIAN_POINT('',(-54.563935348,13.445124677,-44.994998255));
#4788=CARTESIAN_POINT('',(-54.496530915,13.522303095,-45.106568336));
#4789=CARTESIAN_POINT('',(-54.455949758,13.560067268,-45.158743966));
#4790=CARTESIAN_POINT('',(-54.362733042,13.632369975,-45.25369873));
#4791=CARTESIAN_POINT('',(-54.3101002,13.666906417,-45.296475116));
#4792=CARTESIAN_POINT('',(-54.194988045,13.73130667,-45.370839689));
#4793=CARTESIAN_POINT('',(-54.132512072,13.761168613,-45.402425721));
#4794=CARTESIAN_POINT('',(-54.066421422,13.788067145,-45.427754999));
#4795=CARTESIAN_POINT('',(-54.618933754,13.600101744,-44.849885703));
#4796=CARTESIAN_POINT('',(-54.596426762,13.632507897,-44.902126508));
#4797=CARTESIAN_POINT('',(-54.568588591,13.664913551,-44.952036189));
#4798=CARTESIAN_POINT('',(-54.503128277,13.728723303,-45.045648779));
#4799=CARTESIAN_POINT('',(-54.465507182,13.760126416,-45.089350239));
#4800=CARTESIAN_POINT('',(-54.381658571,13.820958364,-45.169191549));
#4801=CARTESIAN_POINT('',(-54.335432375,13.850386255,-45.205330162));
#4802=CARTESIAN_POINT('',(-54.2358131,13.906353898,-45.268924336));
#4803=CARTESIAN_POINT('',(-54.182421575,13.932892775,-45.296378908));
#4804=CARTESIAN_POINT('',(-54.126275716,13.957573764,-45.319064702));
#4805=CARTESIAN_POINT('',(-54.624088052,13.718050613,-44.838712807));
#4806=CARTESIAN_POINT('',(-54.600798368,13.747144668,-44.886190117));
#4807=CARTESIAN_POINT('',(-54.573081345,13.776238391,-44.931474857));
#4808=CARTESIAN_POINT('',(-54.509531996,13.833659478,-45.016464729));
#4809=CARTESIAN_POINT('',(-54.473700407,13.861986188,-45.056168886));
#4810=CARTESIAN_POINT('',(-54.394874375,13.917126053,-45.128947959));
#4811=CARTESIAN_POINT('',(-54.351880842,13.943938579,-45.162022038));
#4812=CARTESIAN_POINT('',(-54.259870556,13.995342046,-45.220665539));
#4813=CARTESIAN_POINT('',(-54.210854862,14.019932399,-45.246234286));
#4814=CARTESIAN_POINT('',(-54.159476166,14.043086696,-45.267711462));
#4815=CARTESIAN_POINT('',(-54.635283737,13.957349042,-44.818194242));
#4816=CARTESIAN_POINT('',(-54.611689431,13.980035341,-44.856642145));
#4817=CARTESIAN_POINT('',(-54.585169639,14.002721524,-44.893269678));
#4818=CARTESIAN_POINT('',(-54.526772209,14.047682686,-44.962217072));
#4819=CARTESIAN_POINT('',(-54.494894889,14.069957434,-44.994536573));
#4820=CARTESIAN_POINT('',(-54.426370705,14.113691263,-45.054278178));
#4821=CARTESIAN_POINT('',(-54.389724208,14.135150118,-45.081699971));
#4822=CARTESIAN_POINT('',(-54.312334354,14.176861544,-45.13114455));
#4823=CARTESIAN_POINT('',(-54.271591406,14.197113897,-45.153167075));
#4824=CARTESIAN_POINT('',(-54.229172743,14.216578055,-45.172287663));
#4825=CARTESIAN_POINT('',(-54.64135182,14.078623051,-44.80883179));
#4826=CARTESIAN_POINT('',(-54.618243984,14.098216045,-44.843005608));
#4827=CARTESIAN_POINT('',(-54.592809223,14.117808969,-44.875593073));
#4828=CARTESIAN_POINT('',(-54.537671434,14.156703267,-44.937106291));
#4829=CARTESIAN_POINT('',(-54.507968613,14.1760045,-44.966031818));
#4830=CARTESIAN_POINT('',(-54.444743722,14.214027961,-45.019786198));
#4831=CARTESIAN_POINT('',(-54.411221887,14.232750051,-45.044614853));
#4832=CARTESIAN_POINT('',(-54.340864475,14.269336188,-45.089801432));
#4833=CARTESIAN_POINT('',(-54.304029157,14.287200102,-45.110159189));
#4834=CARTESIAN_POINT('',(-54.265814255,14.304501712,-45.128127747));
#4835=CARTESIAN_POINT('',(-54.653243662,14.327596901,-44.792573895));
#4836=CARTESIAN_POINT('',(-54.631832455,14.341044037,-44.819264127));
#4837=CARTESIAN_POINT('',(-54.609014326,14.354491155,-44.844809342));
#4838=CARTESIAN_POINT('',(-54.560785659,14.381261125,-44.893367431));
#4839=CARTESIAN_POINT('',(-54.535375189,14.394583943,-44.916380239));
#4840=CARTESIAN_POINT('',(-54.482206695,14.420982007,-44.959654512));
#4841=CARTESIAN_POINT('',(-54.454448744,14.434057221,-44.979915918));
#4842=CARTESIAN_POINT('',(-54.396851297,14.459838766,-45.017493696));
#4843=CARTESIAN_POINT('',(-54.36701188,14.472545065,-45.034810016));
#4844=CARTESIAN_POINT('',(-54.336274125,14.485007753,-45.050570464));
#4845=CARTESIAN_POINT('',(-54.65916083,14.456213731,-44.785608248));
#4846=CARTESIAN_POINT('',(-54.638989292,14.466588021,-44.809058961));
#4847=CARTESIAN_POINT('',(-54.617734046,14.476962301,-44.83157314));
#4848=CARTESIAN_POINT('',(-54.573220396,14.497633908,-44.87455542));
#4849=CARTESIAN_POINT('',(-54.549962037,14.507931215,-44.89502348));
#4850=CARTESIAN_POINT('',(-54.501621677,14.528372466,-44.933755988));
#4851=CARTESIAN_POINT('',(-54.476539724,14.53851639,-44.952020397));
#4852=CARTESIAN_POINT('',(-54.424745508,14.558575586,-44.986204817));
#4853=CARTESIAN_POINT('',(-54.398033297,14.568490838,-45.002124795));
#4854=CARTESIAN_POINT('',(-54.370608781,14.578254956,-45.016811084));
#4855=CARTESIAN_POINT('',(-54.663285644,14.587847327,-44.781029869));
#4856=CARTESIAN_POINT('',(-54.644067466,14.595126846,-44.802361257));
#4857=CARTESIAN_POINT('',(-54.623959957,14.602406359,-44.822891389));
#4858=CARTESIAN_POINT('',(-54.582097366,14.616917916,-44.862215296));
#4859=CARTESIAN_POINT('',(-54.560342313,14.624149951,-44.881009042));
#4860=CARTESIAN_POINT('',(-54.515326524,14.638519381,-44.916737598));
#4861=CARTESIAN_POINT('',(-54.49206582,14.645656768,-44.933672381));
#4862=CARTESIAN_POINT('',(-54.444190437,14.65979035,-44.965572555));
#4863=CARTESIAN_POINT('',(-54.419575793,14.666786536,-44.980537923));
#4864=CARTESIAN_POINT('',(-54.394364433,14.673689312,-44.994469788));
#4865=B_SPLINE_SURFACE_WITH_KNOTS('',3,3,((#4685,#4686,#4687,#4688,#4689,#4690,#4691,#4692,#4693,#4694),(#4695,#4696,#4697,#4698,#4699,#4700,#4701,#4702,#4703,#4704),(#4705,#4706,#4707,#4708,#4709,#4710,#4711,#4712,#4713,#4714),(#4715,#4716,#4717,#4718,#4719,#4720,#4721,#4722,#4723,#4724),(#4725,#4726,#4727,#4728,#4729,#4730,#4731,#4732,#4733,#4734),(#4735,#4736,#4737,#4738,#4739,#4740,#4741,#4742,#4743,#4744),(#4745,#4746,#4747,#4748,#4749,#4750,#4751,#4752,#4753,#4754),(#4755,#4756,#4757,#4758,#4759,#4760,#4761,#4762,#4763,#4764),(#4765,#4766,#4767,#4768,#4769,#4770,#4771,#4772,#4773,#4774),(#4775,#4776,#4777,#4778,#4779,#4780,#4781,#4782,#4783,#4784),(#4785,#4786,#4787,#4788,#4789,#4790,#4791,#4792,#4793,#4794),(#4795,#4796,#4797,#4798,#4799,#4800,#4801,#4802,#4803,#4804),(#4805,#4806,#4807,#4808,#4809,#4810,#4811,#4812,#4813,#4814),(#4815,#4816,#4817,#4818,#4819,#4820,#4821,#4822,#4823,#4824),(#4825,#4826,#4827,#4828,#4829,#4830,#4831,#4832,#4833,#4834),(#4835,#4836,#4837,#4838,#4839,#4840,#4841,#4842,#4843,#4844),(#4845,#4846,#4847,#4848,#4849,#4850,#4851,#4852,#4853,#4854),(#4855,#4856,#4857,#4858,#4859,#4860,#4861,#4862,#4863,#4864)),.UNSPECIFIED.,.F.,.F.,.U.,(4,2,2,2,2,2,2,2,4),(4,2,2,2,4),(0.,0.000407435,0.000611153,0.00081487,0.00162974,0.002037175,0.00244461,0.002852045,0.00325948),(0.,0.25,0.5,0.75,1.),.UNSPECIFIED.);
#4866=ORIENTED_EDGE('',*,*,#4678,.T.);
#4867=ORIENTED_EDGE('',*,*,#4440,.F.);
#4868=CARTESIAN_POINT('',(-53.718672574,11.886839981,-45.685267065));
#4869=DIRECTION('',(-0.412055869,-0.657128465,-0.631183128));
#4870=DIRECTION('',(0.328844252,-0.753290005,0.569574953));
#4871=AXIS2_PLACEMENT_3D('',#4868,#4869,#4870);
#4872=CIRCLE('',#4871,1.1);
#4873=EDGE_CURVE('',#827,#4407,#4872,.T.);
#4874=ORIENTED_EDGE('',*,*,#4873,.F.);
#4875=ORIENTED_EDGE('',*,*,#929,.F.);
#4876=EDGE_LOOP('',(#4866,#4867,#4874,#4875));
#4877=FACE_BOUND('',#4876,.T.);
#4878=ADVANCED_FACE('',(#4877),#4865,.T.);
#4879=CARTESIAN_POINT('',(-56.080037886,10.9,-47.290140412));
#4880=CARTESIAN_POINT('',(-56.080037886,11.043989663,-47.290140412));
#4881=CARTESIAN_POINT('',(-56.056064258,11.187922673,-47.305791138));
#4882=CARTESIAN_POINT('',(-55.963783203,11.453980878,-47.366035065));
#4883=CARTESIAN_POINT('',(-55.895512086,11.576001392,-47.410604563));
#4884=CARTESIAN_POINT('',(-55.724998931,11.779633527,-47.521920825));
#4885=CARTESIAN_POINT('',(-55.622823983,11.861165027,-47.588623791));
#4886=CARTESIAN_POINT('',(-55.400037809,11.971369944,-47.734065496));
#4887=CARTESIAN_POINT('',(-55.27951424,12.,-47.81274701));
#4888=CARTESIAN_POINT('',(-55.158943232,12.,-47.891459494));
#4889=CARTESIAN_POINT('',(-55.793380925,10.9,-46.851042098));
#4890=CARTESIAN_POINT('',(-55.803668918,11.044646455,-46.866801145));
#4891=CARTESIAN_POINT('',(-55.789757839,11.189234969,-46.898349252));
#4892=CARTESIAN_POINT('',(-55.715666522,11.456309364,-46.98824742));
#4893=CARTESIAN_POINT('',(-55.655516096,11.578688259,-47.046561678));
#4894=CARTESIAN_POINT('',(-55.498163721,11.782519726,-47.181071145));
#4895=CARTESIAN_POINT('',(-55.401024903,11.863890641,-47.257212634));
#4896=CARTESIAN_POINT('',(-55.184600709,11.973168514,-47.415702943));
#4897=CARTESIAN_POINT('',(-55.065402081,12.001031687,-47.497988364));
#4898=CARTESIAN_POINT('',(-54.944281102,12.,-47.577059886));
#4899=CARTESIAN_POINT('',(-55.506836751,11.004109293,-46.41211655));
#4900=CARTESIAN_POINT('',(-55.527556581,11.145673205,-46.443854983));
#4901=CARTESIAN_POINT('',(-55.523850026,11.287179325,-46.491521397));
#4902=CARTESIAN_POINT('',(-55.468164824,11.548357288,-46.611416049));
#4903=CARTESIAN_POINT('',(-55.416209009,11.667922506,-46.683595573));
#4904=CARTESIAN_POINT('',(-55.272051748,11.866654059,-46.841361286));
#4905=CARTESIAN_POINT('',(-55.17990919,11.945739259,-46.926883269));
#4906=CARTESIAN_POINT('',(-54.969638731,12.051209766,-47.098095323));
#4907=CARTESIAN_POINT('',(-54.85159664,12.077552008,-47.183715633));
#4908=CARTESIAN_POINT('',(-54.729703433,12.075479238,-47.262783981));
#4909=CARTESIAN_POINT('',(-55.022789716,11.37033431,-45.670658064));
#4910=CARTESIAN_POINT('',(-55.061356817,11.499595593,-45.72973477));
#4911=CARTESIAN_POINT('',(-55.075110587,11.628802492,-45.804975059));
#4912=CARTESIAN_POINT('',(-55.050857954,11.866981634,-45.976079382));
#4913=CARTESIAN_POINT('',(-55.012861829,11.975853668,-46.071871601));
#4914=CARTESIAN_POINT('',(-54.891053299,12.156204076,-46.269030519));
#4915=CARTESIAN_POINT('',(-54.807292168,12.227606568,-46.370314419));
#4916=CARTESIAN_POINT('',(-54.607103405,12.321743714,-46.5625266));
#4917=CARTESIAN_POINT('',(-54.490759974,12.344438757,-46.653374115));
#4918=CARTESIAN_POINT('',(-54.367226391,12.340992375,-46.731890898));
#4919=CARTESIAN_POINT('',(-54.818594343,11.602030703,-45.357873599));
#4920=CARTESIAN_POINT('',(-54.864779877,11.723219931,-45.428620146));
#4921=CARTESIAN_POINT('',(-54.885987672,11.844357503,-45.515630032));
#4922=CARTESIAN_POINT('',(-54.875130026,12.06753975,-45.708551029));
#4923=CARTESIAN_POINT('',(-54.843069263,12.169489294,-45.814380067));
#4924=CARTESIAN_POINT('',(-54.730711882,12.338123493,-46.028199658));
#4925=CARTESIAN_POINT('',(-54.650463152,12.404736268,-46.136099217));
#4926=CARTESIAN_POINT('',(-54.45440266,12.492110724,-46.336975371));
#4927=CARTESIAN_POINT('',(-54.338674411,12.512835161,-46.429866453));
#4928=CARTESIAN_POINT('',(-54.214315352,12.50897226,-46.507933507));
#4929=CARTESIAN_POINT('',(-54.639795966,11.886900283,-45.083992004));
#4930=CARTESIAN_POINT('',(-54.692705012,11.997921645,-45.16503756));
#4931=CARTESIAN_POINT('',(-54.72049167,12.108895198,-45.262434009));
#4932=CARTESIAN_POINT('',(-54.72144234,12.313262933,-45.474583721));
#4933=CARTESIAN_POINT('',(-54.694605942,12.406569108,-45.589245622));
#4934=CARTESIAN_POINT('',(-54.590537715,12.560725796,-45.817678374));
#4935=CARTESIAN_POINT('',(-54.513350702,12.621509924,-45.931350852));
#4936=CARTESIAN_POINT('',(-54.320831711,12.700913287,-46.139698797));
#4937=CARTESIAN_POINT('',(-54.205582639,12.719498327,-46.23428454));
#4938=CARTESIAN_POINT('',(-54.080422772,12.715502705,-46.311831032));
#4939=B_SPLINE_SURFACE_WITH_KNOTS('',3,3,((#4879,#4880,#4881,#4882,#4883,#4884,#4885,#4886,#4887,#4888),(#4889,#4890,#4891,#4892,#4893,#4894,#4895,#4896,#4897,#4898),(#4899,#4900,#4901,#4902,#4903,#4904,#4905,#4906,#4907,#4908),(#4909,#4910,#4911,#4912,#4913,#4914,#4915,#4916,#4917,#4918),(#4919,#4920,#4921,#4922,#4923,#4924,#4925,#4926,#4927,#4928),(#4929,#4930,#4931,#4932,#4933,#4934,#4935,#4936,#4937,#4938)),.UNSPECIFIED.,.F.,.F.,.U.,(4,2,4),(4,2,2,2,4),(1.570796327,1.963495408,2.288540393),(0.,0.25,0.5,0.75,1.),.UNSPECIFIED.);
#4940=ORIENTED_EDGE('',*,*,#4873,.T.);
#4941=ORIENTED_EDGE('',*,*,#4413,.F.);
#4942=CARTESIAN_POINT('',(-55.158943232,10.9,-47.891459494));
#4943=DIRECTION('',(-0.54665371,-0.,-0.837358777));
#4944=DIRECTION('',(-0.837358777,0.,0.54665371));
#4945=AXIS2_PLACEMENT_3D('',#4942,#4943,#4944);
#4946=CIRCLE('',#4945,1.1);
#4947=EDGE_CURVE('',#837,#1050,#4946,.T.);
#4948=ORIENTED_EDGE('',*,*,#4947,.F.);
#4949=ORIENTED_EDGE('',*,*,#843,.F.);
#4950=EDGE_LOOP('',(#4940,#4941,#4948,#4949));
#4951=FACE_BOUND('',#4950,.T.);
#4952=ADVANCED_FACE('',(#4951),#4939,.T.);
#4953=CARTESIAN_POINT('',(-54.679683343,10.9,-47.15733391));
#4954=DIRECTION('',(-0.54665371,0.,-0.837358777));
#4955=DIRECTION('',(-0.837358777,0.,0.54665371));
#4956=AXIS2_PLACEMENT_3D('',#4953,#4954,#4955);
#4957=CYLINDRICAL_SURFACE('',#4956,1.1);
#4958=ORIENTED_EDGE('',*,*,#4947,.T.);
#4959=ORIENTED_EDGE('',*,*,#1089,.F.);
#4960=CARTESIAN_POINT('',(-55.640694112,10.9,-48.629400754));
#4961=DIRECTION('',(-0.54665371,0.,-0.837358777));
#4962=DIRECTION('',(-0.837358777,0.,0.54665371));
#4963=AXIS2_PLACEMENT_3D('',#4960,#4961,#4962);
#4964=CIRCLE('',#4963,1.1);
#4965=EDGE_CURVE('',#846,#1077,#4964,.T.);
#4966=ORIENTED_EDGE('',*,*,#4965,.F.);
#4967=ORIENTED_EDGE('',*,*,#851,.F.);
#4968=EDGE_LOOP('',(#4958,#4959,#4966,#4967));
#4969=FACE_BOUND('',#4968,.T.);
#4970=ADVANCED_FACE('',(#4969),#4957,.T.);
#4971=CARTESIAN_POINT('',(-55.138278846,10.9,-48.95739298));
#4972=DIRECTION('',(0.,1.,0.));
#4973=DIRECTION('',(-0.866025404,0.,0.5));
#4974=AXIS2_PLACEMENT_3D('',#4971,#4972,#4973);
#4975=DEGENERATE_TOROIDAL_SURFACE('',#4974,0.6,1.1,.T.);
#4976=CARTESIAN_POINT('',(-55.657894088,10.9,-48.65739298));
#4977=DIRECTION('',(0.5,-0.,0.866025404));
#4978=DIRECTION('',(-0.866025404,0.,0.5));
#4979=AXIS2_PLACEMENT_3D('',#4976,#4977,#4978);
#4980=CIRCLE('',#4979,1.1);
#4981=EDGE_CURVE('',#1068,#796,#4980,.T.);
#4982=ORIENTED_EDGE('',*,*,#4981,.T.);
#4983=CARTESIAN_POINT('',(-55.138278846,10.9,-48.95739298));
#4984=DIRECTION('',(-0.,-1.,-0.));
#4985=DIRECTION('',(-0.866025404,0.,0.5));
#4986=AXIS2_PLACEMENT_3D('',#4983,#4984,#4985);
#4987=CIRCLE('',#4986,1.7);
#4988=EDGE_CURVE('',#846,#796,#4987,.T.);
#4989=ORIENTED_EDGE('',*,*,#4988,.F.);
#4990=ORIENTED_EDGE('',*,*,#4965,.T.);
#4991=ORIENTED_EDGE('',*,*,#1083,.F.);
#4992=EDGE_LOOP('',(#4982,#4989,#4990,#4991));
#4993=FACE_BOUND('',#4992,.T.);
#4994=ADVANCED_FACE('',(#4993),#4975,.T.);
#4995=CARTESIAN_POINT('',(-11.16272054,10.9,12.964726456));
#4996=DIRECTION('',(0.572557804,0.,0.819864355));
#4997=DIRECTION('',(0.819864355,0.,-0.572557804));
#4998=AXIS2_PLACEMENT_3D('',#4995,#4996,#4997);
#4999=CYLINDRICAL_SURFACE('',#4998,1.1);
#5000=CARTESIAN_POINT('',(-54.646360233,10.9,-49.300927663));
#5001=DIRECTION('',(0.572557804,0.,0.819864355));
#5002=DIRECTION('',(0.819864355,-0.,-0.572557804));
#5003=AXIS2_PLACEMENT_3D('',#5000,#5001,#5002);
#5004=CIRCLE('',#5003,1.1);
#5005=EDGE_CURVE('',#727,#1060,#5004,.T.);
#5006=ORIENTED_EDGE('',*,*,#5005,.T.);
#5007=ORIENTED_EDGE('',*,*,#1065,.F.);
#5008=CARTESIAN_POINT('',(-54.092168442,10.9,-48.507362206));
#5009=DIRECTION('',(0.572557804,-0.,0.819864355));
#5010=DIRECTION('',(0.819864355,0.,-0.572557804));
#5011=AXIS2_PLACEMENT_3D('',#5008,#5009,#5010);
#5012=CIRCLE('',#5011,1.1);
#5013=EDGE_CURVE('',#729,#1052,#5012,.T.);
#5014=ORIENTED_EDGE('',*,*,#5013,.F.);
#5015=ORIENTED_EDGE('',*,*,#734,.F.);
#5016=EDGE_LOOP('',(#5006,#5007,#5014,#5015));
#5017=FACE_BOUND('',#5016,.T.);
#5018=ADVANCED_FACE('',(#5017),#4999,.T.);
#5019=CARTESIAN_POINT('',(-54.092168442,12.,-48.507362206));
#5020=CARTESIAN_POINT('',(-53.974116449,12.,-48.589804611));
#5021=CARTESIAN_POINT('',(-53.856110905,11.971369944,-48.672214579));
#5022=CARTESIAN_POINT('',(-53.637979266,11.861165027,-48.824548281));
#5023=CARTESIAN_POINT('',(-53.537938997,11.779633527,-48.894412079));
#5024=CARTESIAN_POINT('',(-53.370988268,11.576001392,-49.011003247));
#5025=CARTESIAN_POINT('',(-53.304143497,11.453980878,-49.057684743));
#5026=CARTESIAN_POINT('',(-53.213790413,11.187922673,-49.120783429));
#5027=CARTESIAN_POINT('',(-53.190317651,11.043989663,-49.137175791));
#5028=CARTESIAN_POINT('',(-53.190317651,10.9,-49.137175791));
#5029=CARTESIAN_POINT('',(-53.863260047,12.,-48.201187683));
#5030=CARTESIAN_POINT('',(-53.746053281,11.998380611,-48.283039819));
#5031=CARTESIAN_POINT('',(-53.627017473,11.968546817,-48.361615101));
#5032=CARTESIAN_POINT('',(-53.402980675,11.856886763,-48.500542437));
#5033=CARTESIAN_POINT('',(-53.298065384,11.775103199,-48.560841538));
#5034=CARTESIAN_POINT('',(-53.118043483,11.571783945,-48.654169324));
#5035=CARTESIAN_POINT('',(-53.04300583,11.450325967,-48.687162596));
#5036=CARTESIAN_POINT('',(-52.934046263,11.185862825,-48.720933419));
#5037=CARTESIAN_POINT('',(-52.900166205,11.042958728,-48.72169839));
#5038=CARTESIAN_POINT('',(-52.889414425,10.9,-48.706302562));
#5039=CARTESIAN_POINT('',(-53.634441717,12.075479238,-47.895133627));
#5040=CARTESIAN_POINT('',(-53.517724257,12.072288819,-47.975836636));
#5041=CARTESIAN_POINT('',(-53.397388494,12.042037009,-48.050167525));
#5042=CARTESIAN_POINT('',(-53.167115801,11.931842196,-48.17520147));
#5043=CARTESIAN_POINT('',(-53.057264449,11.851940073,-48.225858218));
#5044=CARTESIAN_POINT('',(-52.864237031,11.65422693,-48.296045707));
#5045=CARTESIAN_POINT('',(-52.781132769,11.536489237,-48.315550588));
#5046=CARTESIAN_POINT('',(-52.653934467,11.280491256,-48.320548152));
#5047=CARTESIAN_POINT('',(-52.609887828,11.142325902,-48.306039232));
#5048=CARTESIAN_POINT('',(-52.58862959,11.004109293,-48.275598863));
#5049=CARTESIAN_POINT('',(-53.211474155,12.366019474,-47.329396877));
#5050=CARTESIAN_POINT('',(-53.095130737,12.360640622,-47.40714013));
#5051=CARTESIAN_POINT('',(-52.971992957,12.331642509,-47.473016953));
#5052=CARTESIAN_POINT('',(-52.729703624,12.230544709,-47.57164493));
#5053=CARTESIAN_POINT('',(-52.61063739,12.158480555,-47.604361507));
#5054=CARTESIAN_POINT('',(-52.393661839,11.981598093,-47.631948204));
#5055=CARTESIAN_POINT('',(-52.295828993,11.876841927,-47.626808824));
#5056=CARTESIAN_POINT('',(-52.135448394,11.649636448,-47.579421588));
#5057=CARTESIAN_POINT('',(-52.07295724,11.527266947,-47.537190662));
#5058=CARTESIAN_POINT('',(-52.032632925,11.404854447,-47.479448948));
#5059=CARTESIAN_POINT('',(-53.017491342,12.580966157,-47.069936776));
#5060=CARTESIAN_POINT('',(-52.901040149,12.574980384,-47.145882549));
#5061=CARTESIAN_POINT('',(-52.776407272,12.547660213,-47.207561936));
#5062=CARTESIAN_POINT('',(-52.528349184,12.454198457,-47.293698456));
#5063=CARTESIAN_POINT('',(-52.405009154,12.38808888,-47.318126097));
#5064=CARTESIAN_POINT('',(-52.177099142,12.226420695,-47.326266668));
#5065=CARTESIAN_POINT('',(-52.072607455,12.130917446,-47.309976917));
#5066=CARTESIAN_POINT('',(-51.89728852,11.924019155,-47.238986967));
#5067=CARTESIAN_POINT('',(-51.826521538,11.812694959,-47.184311273));
#5068=CARTESIAN_POINT('',(-51.777639855,11.70133263,-47.114315983));
#5069=CARTESIAN_POINT('',(-52.693765985,13.117814512,-46.636940614));
#5070=CARTESIAN_POINT('',(-52.57687323,13.111885826,-46.709473665));
#5071=CARTESIAN_POINT('',(-52.449550203,13.089914737,-46.76385046));
#5072=CARTESIAN_POINT('',(-52.191626777,13.016917751,-46.828788252));
#5073=CARTESIAN_POINT('',(-52.061111298,12.965915804,-46.839327952));
#5074=CARTESIAN_POINT('',(-51.81500004,12.841936652,-46.81510361));
#5075=CARTESIAN_POINT('',(-51.699485323,12.769000117,-46.780347656));
#5076=CARTESIAN_POINT('',(-51.499496356,12.611288206,-46.670360718));
#5077=CARTESIAN_POINT('',(-51.415088012,12.526564563,-46.595166072));
#5078=CARTESIAN_POINT('',(-51.352098431,12.44181312,-46.504969219));
#5079=CARTESIAN_POINT('',(-52.564150813,13.439504957,-46.463574917));
#5080=CARTESIAN_POINT('',(-52.446932961,13.43423796,-46.53450753));
#5081=CARTESIAN_POINT('',(-52.318422245,13.415933943,-46.585791676));
#5082=CARTESIAN_POINT('',(-52.056413789,13.355755095,-46.642041896));
#5083=CARTESIAN_POINT('',(-51.923000848,13.313899684,-46.646989789));
#5084=CARTESIAN_POINT('',(-51.669628427,13.212380765,-46.609856505));
#5085=CARTESIAN_POINT('',(-51.549750958,13.152750019,-46.567787377));
#5086=CARTESIAN_POINT('',(-51.340031621,13.023900597,-46.442408841));
#5087=CARTESIAN_POINT('',(-51.250257643,12.954723504,-46.359140045));
#5088=CARTESIAN_POINT('',(-51.181717509,12.885524079,-46.260995171));
#5089=CARTESIAN_POINT('',(-52.388951912,14.140931135,-46.229239083));
#5090=CARTESIAN_POINT('',(-52.271242822,14.137866588,-46.29792652));
#5091=CARTESIAN_POINT('',(-52.141088406,14.128114102,-46.34497183));
#5092=CARTESIAN_POINT('',(-51.87351167,14.09655038,-46.389410186));
#5093=CARTESIAN_POINT('',(-51.736173974,14.074749071,-46.386789202));
#5094=CARTESIAN_POINT('',(-51.472996128,14.022051581,-46.332224695));
#5095=CARTESIAN_POINT('',(-51.347239218,13.991171973,-46.280298459));
#5096=CARTESIAN_POINT('',(-51.124418418,13.924520838,-46.134192325));
#5097=CARTESIAN_POINT('',(-51.027425011,13.888770274,-46.040058668));
#5098=CARTESIAN_POINT('',(-50.951416149,13.853008463,-45.931219079));
#5099=CARTESIAN_POINT('',(-52.343437117,14.520390888,-46.168361146));
#5100=CARTESIAN_POINT('',(-52.225567441,14.518854502,-46.236413235));
#5101=CARTESIAN_POINT('',(-52.09496155,14.513974566,-46.282319984));
#5102=CARTESIAN_POINT('',(-51.825908435,14.498186357,-46.323645635));
#5103=CARTESIAN_POINT('',(-51.687545785,14.487283048,-46.319051548));
#5104=CARTESIAN_POINT('',(-51.421826522,14.460929908,-46.259969724));
#5105=CARTESIAN_POINT('',(-51.294553436,14.445488361,-46.205500558));
#5106=CARTESIAN_POINT('',(-51.068361542,14.41215984,-46.05405877));
#5107=CARTESIAN_POINT('',(-50.969513835,14.394283343,-45.95713375));
#5108=CARTESIAN_POINT('',(-50.891586326,14.376401224,-45.845546787));
#5109=CARTESIAN_POINT('',(-52.343437117,15.076019228,-46.168361146));
#5110=CARTESIAN_POINT('',(-52.225567441,15.076731627,-46.236413235));
#5111=CARTESIAN_POINT('',(-52.09496155,15.078994383,-46.282319984));
#5112=CARTESIAN_POINT('',(-51.825908435,15.086315146,-46.323645635));
#5113=CARTESIAN_POINT('',(-51.687545785,15.091370852,-46.319051548));
#5114=CARTESIAN_POINT('',(-51.421826522,15.10359042,-46.259969724));
#5115=CARTESIAN_POINT('',(-51.294553436,15.11075044,-46.205500558));
#5116=CARTESIAN_POINT('',(-51.068361542,15.126204391,-46.05405877));
#5117=CARTESIAN_POINT('',(-50.969513835,15.134493463,-45.95713375));
#5118=CARTESIAN_POINT('',(-50.891586326,15.142785142,-45.845546787));
#5119=CARTESIAN_POINT('',(-52.353222989,15.252006342,-46.181450159));
#5120=CARTESIAN_POINT('',(-52.235387841,15.253429373,-46.24963885));
#5121=CARTESIAN_POINT('',(-52.104879018,15.257953296,-46.295790394));
#5122=CARTESIAN_POINT('',(-51.836143331,15.272592092,-46.337785291));
#5123=CARTESIAN_POINT('',(-51.69800105,15.282702363,-46.333615429));
#5124=CARTESIAN_POINT('',(-51.432828203,15.307139609,-46.275504847));
#5125=CARTESIAN_POINT('',(-51.305881101,15.321458901,-46.221582422));
#5126=CARTESIAN_POINT('',(-51.080414006,15.352365532,-46.071287822));
#5127=CARTESIAN_POINT('',(-50.981964982,15.368943154,-45.974962957));
#5128=CARTESIAN_POINT('',(-50.90444999,15.385525989,-45.86396669));
#5129=CARTESIAN_POINT('',(-52.372452769,15.425110355,-46.207170791));
#5130=CARTESIAN_POINT('',(-52.254679141,15.427200506,-46.275617922));
#5131=CARTESIAN_POINT('',(-52.124356372,15.433925249,-46.322243335));
#5132=CARTESIAN_POINT('',(-51.856238729,15.455734268,-46.36554487));
#5133=CARTESIAN_POINT('',(-51.718528461,15.470811662,-46.362207332));
#5134=CARTESIAN_POINT('',(-51.454430488,15.5072728,-46.306007429));
#5135=CARTESIAN_POINT('',(-51.32812612,15.528645037,-46.253162803));
#5136=CARTESIAN_POINT('',(-51.104089536,15.574782001,-46.105131922));
#5137=CARTESIAN_POINT('',(-51.006428018,15.599532166,-46.009992383));
#5138=CARTESIAN_POINT('',(-50.929727799,15.624290145,-45.900162817));
#5139=B_SPLINE_SURFACE_WITH_KNOTS('',3,3,((#5019,#5020,#5021,#5022,#5023,#5024,#5025,#5026,#5027,#5028),(#5029,#5030,#5031,#5032,#5033,#5034,#5035,#5036,#5037,#5038),(#5039,#5040,#5041,#5042,#5043,#5044,#5045,#5046,#5047,#5048),(#5049,#5050,#5051,#5052,#5053,#5054,#5055,#5056,#5057,#5058),(#5059,#5060,#5061,#5062,#5063,#5064,#5065,#5066,#5067,#5068),(#5069,#5070,#5071,#5072,#5073,#5074,#5075,#5076,#5077,#5078),(#5079,#5080,#5081,#5082,#5083,#5084,#5085,#5086,#5087,#5088),(#5089,#5090,#5091,#5092,#5093,#5094,#5095,#5096,#5097,#5098),(#5099,#5100,#5101,#5102,#5103,#5104,#5105,#5106,#5107,#5108),(#5109,#5110,#5111,#5112,#5113,#5114,#5115,#5116,#5117,#5118),(#5119,#5120,#5121,#5122,#5123,#5124,#5125,#5126,#5127,#5128),(#5129,#5130,#5131,#5132,#5133,#5134,#5135,#5136,#5137,#5138)),.UNSPECIFIED.,.F.,.F.,.U.,(4,2,2,2,2,4),(4,2,2,2,4),(1.570796327,1.963495408,2.35619449,2.748893572,3.141592654,3.32368151),(0.,0.25,0.5,0.75,1.),.UNSPECIFIED.);
#5140=ORIENTED_EDGE('',*,*,#5013,.T.);
#5141=ORIENTED_EDGE('',*,*,#4403,.F.);
#5142=ORIENTED_EDGE('',*,*,#2659,.F.);
#5143=ORIENTED_EDGE('',*,*,#2860,.F.);
#5144=CARTESIAN_POINT('',(-50.955102894,14.499031313,-45.930685798));
#5145=CARTESIAN_POINT('',(-50.950194951,14.698851788,-45.922184992));
#5146=CARTESIAN_POINT('',(-50.94874708,14.898760061,-45.919677204));
#5147=CARTESIAN_POINT('',(-50.951298343,15.098769812,-45.924096122));
#5148=B_SPLINE_CURVE_WITH_KNOTS('',3,(#5144,#5145,#5146,#5147),.UNSPECIFIED.,.F.,.F.,(4,4),(0.,0.000599787),.UNSPECIFIED.);
#5149=EDGE_CURVE('',#2935,#2820,#5148,.T.);
#5150=ORIENTED_EDGE('',*,*,#5149,.F.);
#5151=ORIENTED_EDGE('',*,*,#2941,.F.);
#5152=ORIENTED_EDGE('',*,*,#743,.F.);
#5153=EDGE_LOOP('',(#5140,#5141,#5142,#5143,#5150,#5151,#5152));
#5154=FACE_BOUND('',#5153,.T.);
#5155=ADVANCED_FACE('',(#5154),#5139,.T.);
#5156=CARTESIAN_POINT('',(-52.372454335,-15.42512445,-46.207172885));
#5157=CARTESIAN_POINT('',(-52.254680712,-15.427214656,-46.275620037));
#5158=CARTESIAN_POINT('',(-52.124357958,-15.433939578,-46.322245489));
#5159=CARTESIAN_POINT('',(-51.856240366,-15.455749181,-46.365547131));
#5160=CARTESIAN_POINT('',(-51.718530133,-15.470826979,-46.36220966));
#5161=CARTESIAN_POINT('',(-51.454432247,-15.507289096,-46.306009913));
#5162=CARTESIAN_POINT('',(-51.328127931,-15.528661908,-46.253165375));
#5163=CARTESIAN_POINT('',(-51.104091464,-15.574800112,-46.105134678));
#5164=CARTESIAN_POINT('',(-51.00643001,-15.599550942,-46.009995236));
#5165=CARTESIAN_POINT('',(-50.929729858,-15.624309587,-45.900165764));
#5166=CARTESIAN_POINT('',(-52.35322352,-15.252015896,-46.181450869));
#5167=CARTESIAN_POINT('',(-52.235388374,-15.253438966,-46.249639568));
#5168=CARTESIAN_POINT('',(-52.104879557,-15.257963011,-46.295791126));
#5169=CARTESIAN_POINT('',(-51.836143886,-15.272602205,-46.337786058));
#5170=CARTESIAN_POINT('',(-51.698001618,-15.282712749,-46.333616219));
#5171=CARTESIAN_POINT('',(-51.4328288,-15.307150659,-46.27550569));
#5172=CARTESIAN_POINT('',(-51.305881716,-15.32147034,-46.221583295));
#5173=CARTESIAN_POINT('',(-51.08041466,-15.35237781,-46.071288757));
#5174=CARTESIAN_POINT('',(-50.981965658,-15.368955881,-45.974963925));
#5175=CARTESIAN_POINT('',(-50.904450688,-15.385539167,-45.86396769));
#5176=CARTESIAN_POINT('',(-52.343437117,-15.076024005,-46.168361146));
#5177=CARTESIAN_POINT('',(-52.225567441,-15.076736424,-46.236413235));
#5178=CARTESIAN_POINT('',(-52.09496155,-15.078999241,-46.282319984));
#5179=CARTESIAN_POINT('',(-51.825908435,-15.086320203,-46.323645635));
#5180=CARTESIAN_POINT('',(-51.687545785,-15.091376046,-46.319051548));
#5181=CARTESIAN_POINT('',(-51.421826522,-15.103595946,-46.259969724));
#5182=CARTESIAN_POINT('',(-51.294553436,-15.110756161,-46.205500558));
#5183=CARTESIAN_POINT('',(-51.068361542,-15.126210531,-46.05405877));
#5184=CARTESIAN_POINT('',(-50.969513835,-15.134499828,-45.95713375));
#5185=CARTESIAN_POINT('',(-50.891586326,-15.142791731,-45.845546787));
#5186=CARTESIAN_POINT('',(-52.343437117,-14.520390888,-46.168361146));
#5187=CARTESIAN_POINT('',(-52.225567441,-14.518854502,-46.236413235));
#5188=CARTESIAN_POINT('',(-52.09496155,-14.513974566,-46.282319984));
#5189=CARTESIAN_POINT('',(-51.825908435,-14.498186357,-46.323645635));
#5190=CARTESIAN_POINT('',(-51.687545785,-14.487283048,-46.319051548));
#5191=CARTESIAN_POINT('',(-51.421826522,-14.460929908,-46.259969724));
#5192=CARTESIAN_POINT('',(-51.294553436,-14.445488361,-46.205500558));
#5193=CARTESIAN_POINT('',(-51.068361542,-14.41215984,-46.05405877));
#5194=CARTESIAN_POINT('',(-50.969513835,-14.394283343,-45.95713375));
#5195=CARTESIAN_POINT('',(-50.891586326,-14.376401224,-45.845546787));
#5196=CARTESIAN_POINT('',(-52.388951912,-14.140931135,-46.229239083));
#5197=CARTESIAN_POINT('',(-52.271242822,-14.137866588,-46.29792652));
#5198=CARTESIAN_POINT('',(-52.141088406,-14.128114102,-46.34497183));
#5199=CARTESIAN_POINT('',(-51.87351167,-14.09655038,-46.389410186));
#5200=CARTESIAN_POINT('',(-51.736173974,-14.074749071,-46.386789202));
#5201=CARTESIAN_POINT('',(-51.472996128,-14.022051581,-46.332224695));
#5202=CARTESIAN_POINT('',(-51.347239218,-13.991171973,-46.280298459));
#5203=CARTESIAN_POINT('',(-51.124418418,-13.924520838,-46.134192325));
#5204=CARTESIAN_POINT('',(-51.027425011,-13.888770274,-46.040058668));
#5205=CARTESIAN_POINT('',(-50.951416149,-13.853008463,-45.931219079));
#5206=CARTESIAN_POINT('',(-52.564150813,-13.439504957,-46.463574917));
#5207=CARTESIAN_POINT('',(-52.446932961,-13.43423796,-46.53450753));
#5208=CARTESIAN_POINT('',(-52.318422245,-13.415933943,-46.585791676));
#5209=CARTESIAN_POINT('',(-52.056413789,-13.355755095,-46.642041896));
#5210=CARTESIAN_POINT('',(-51.923000848,-13.313899684,-46.646989789));
#5211=CARTESIAN_POINT('',(-51.669628427,-13.212380765,-46.609856505));
#5212=CARTESIAN_POINT('',(-51.549750958,-13.152750019,-46.567787377));
#5213=CARTESIAN_POINT('',(-51.340031621,-13.023900597,-46.442408841));
#5214=CARTESIAN_POINT('',(-51.250257643,-12.954723504,-46.359140045));
#5215=CARTESIAN_POINT('',(-51.181717509,-12.885524079,-46.260995171));
#5216=CARTESIAN_POINT('',(-52.693765985,-13.117814512,-46.636940614));
#5217=CARTESIAN_POINT('',(-52.57687323,-13.111885826,-46.709473665));
#5218=CARTESIAN_POINT('',(-52.449550203,-13.089914737,-46.76385046));
#5219=CARTESIAN_POINT('',(-52.191626777,-13.016917751,-46.828788252));
#5220=CARTESIAN_POINT('',(-52.061111298,-12.965915804,-46.839327952));
#5221=CARTESIAN_POINT('',(-51.81500004,-12.841936652,-46.81510361));
#5222=CARTESIAN_POINT('',(-51.699485323,-12.769000117,-46.780347656));
#5223=CARTESIAN_POINT('',(-51.499496356,-12.611288206,-46.670360718));
#5224=CARTESIAN_POINT('',(-51.415088012,-12.526564563,-46.595166072));
#5225=CARTESIAN_POINT('',(-51.352098431,-12.44181312,-46.504969219));
#5226=CARTESIAN_POINT('',(-53.017491342,-12.580966157,-47.069936776));
#5227=CARTESIAN_POINT('',(-52.901040149,-12.574980384,-47.145882549));
#5228=CARTESIAN_POINT('',(-52.776407272,-12.547660213,-47.207561936));
#5229=CARTESIAN_POINT('',(-52.528349184,-12.454198457,-47.293698456));
#5230=CARTESIAN_POINT('',(-52.405009154,-12.38808888,-47.318126097));
#5231=CARTESIAN_POINT('',(-52.177099142,-12.226420695,-47.326266668));
#5232=CARTESIAN_POINT('',(-52.072607455,-12.130917446,-47.309976917));
#5233=CARTESIAN_POINT('',(-51.89728852,-11.924019155,-47.238986967));
#5234=CARTESIAN_POINT('',(-51.826521538,-11.812694959,-47.184311273));
#5235=CARTESIAN_POINT('',(-51.777639855,-11.70133263,-47.114315983));
#5236=CARTESIAN_POINT('',(-53.211474155,-12.366019474,-47.329396877));
#5237=CARTESIAN_POINT('',(-53.095130737,-12.360640622,-47.40714013));
#5238=CARTESIAN_POINT('',(-52.971992957,-12.331642509,-47.473016953));
#5239=CARTESIAN_POINT('',(-52.729703624,-12.230544709,-47.57164493));
#5240=CARTESIAN_POINT('',(-52.61063739,-12.158480555,-47.604361507));
#5241=CARTESIAN_POINT('',(-52.393661839,-11.981598093,-47.631948204));
#5242=CARTESIAN_POINT('',(-52.295828993,-11.876841927,-47.626808824));
#5243=CARTESIAN_POINT('',(-52.135448394,-11.649636448,-47.579421588));
#5244=CARTESIAN_POINT('',(-52.07295724,-11.527266947,-47.537190662));
#5245=CARTESIAN_POINT('',(-52.032632925,-11.404854447,-47.479448948));
#5246=CARTESIAN_POINT('',(-53.634441717,-12.075479238,-47.895133627));
#5247=CARTESIAN_POINT('',(-53.517724257,-12.072288819,-47.975836636));
#5248=CARTESIAN_POINT('',(-53.397388494,-12.042037009,-48.050167525));
#5249=CARTESIAN_POINT('',(-53.167115801,-11.931842196,-48.17520147));
#5250=CARTESIAN_POINT('',(-53.057264449,-11.851940073,-48.225858218));
#5251=CARTESIAN_POINT('',(-52.864237031,-11.65422693,-48.296045707));
#5252=CARTESIAN_POINT('',(-52.781132769,-11.536489237,-48.315550588));
#5253=CARTESIAN_POINT('',(-52.653934467,-11.280491256,-48.320548152));
#5254=CARTESIAN_POINT('',(-52.609887828,-11.142325902,-48.306039232));
#5255=CARTESIAN_POINT('',(-52.58862959,-11.004109293,-48.275598863));
#5256=CARTESIAN_POINT('',(-53.863260047,-12.,-48.201187683));
#5257=CARTESIAN_POINT('',(-53.746053281,-11.998380611,-48.283039819));
#5258=CARTESIAN_POINT('',(-53.627017473,-11.968546817,-48.361615101));
#5259=CARTESIAN_POINT('',(-53.402980675,-11.856886763,-48.500542437));
#5260=CARTESIAN_POINT('',(-53.298065384,-11.775103199,-48.560841538));
#5261=CARTESIAN_POINT('',(-53.118043483,-11.571783945,-48.654169324));
#5262=CARTESIAN_POINT('',(-53.04300583,-11.450325967,-48.687162596));
#5263=CARTESIAN_POINT('',(-52.934046263,-11.185862825,-48.720933419));
#5264=CARTESIAN_POINT('',(-52.900166205,-11.042958728,-48.72169839));
#5265=CARTESIAN_POINT('',(-52.889414425,-10.9,-48.706302562));
#5266=CARTESIAN_POINT('',(-54.092168442,-12.,-48.507362206));
#5267=CARTESIAN_POINT('',(-53.974116449,-12.,-48.589804611));
#5268=CARTESIAN_POINT('',(-53.856110905,-11.971369944,-48.672214579));
#5269=CARTESIAN_POINT('',(-53.637979266,-11.861165027,-48.824548281));
#5270=CARTESIAN_POINT('',(-53.537938997,-11.779633527,-48.894412079));
#5271=CARTESIAN_POINT('',(-53.370988268,-11.576001392,-49.011003247));
#5272=CARTESIAN_POINT('',(-53.304143497,-11.453980878,-49.057684743));
#5273=CARTESIAN_POINT('',(-53.213790413,-11.187922673,-49.120783429));
#5274=CARTESIAN_POINT('',(-53.190317651,-11.043989663,-49.137175791));
#5275=CARTESIAN_POINT('',(-53.190317651,-10.9,-49.137175791));
#5276=B_SPLINE_SURFACE_WITH_KNOTS('',3,3,((#5156,#5157,#5158,#5159,#5160,#5161,#5162,#5163,#5164,#5165),(#5166,#5167,#5168,#5169,#5170,#5171,#5172,#5173,#5174,#5175),(#5176,#5177,#5178,#5179,#5180,#5181,#5182,#5183,#5184,#5185),(#5186,#5187,#5188,#5189,#5190,#5191,#5192,#5193,#5194,#5195),(#5196,#5197,#5198,#5199,#5200,#5201,#5202,#5203,#5204,#5205),(#5206,#5207,#5208,#5209,#5210,#5211,#5212,#5213,#5214,#5215),(#5216,#5217,#5218,#5219,#5220,#5221,#5222,#5223,#5224,#5225),(#5226,#5227,#5228,#5229,#5230,#5231,#5232,#5233,#5234,#5235),(#5236,#5237,#5238,#5239,#5240,#5241,#5242,#5243,#5244,#5245),(#5246,#5247,#5248,#5249,#5250,#5251,#5252,#5253,#5254,#5255),(#5256,#5257,#5258,#5259,#5260,#5261,#5262,#5263,#5264,#5265),(#5266,#5267,#5268,#5269,#5270,#5271,#5272,#5273,#5274,#5275)),.UNSPECIFIED.,.F.,.F.,.U.,(4,2,2,2,2,4),(4,2,2,2,4),(2.959498855,3.141592654,3.534291735,3.926990817,4.319689899,4.71238898),(0.,0.25,0.5,0.75,1.),.UNSPECIFIED.);
#5277=ORIENTED_EDGE('',*,*,#2249,.F.);
#5278=ORIENTED_EDGE('',*,*,#4507,.F.);
#5279=CARTESIAN_POINT('',(-54.092168442,-10.9,-48.507362206));
#5280=DIRECTION('',(-0.572557804,0.,-0.819864355));
#5281=DIRECTION('',(-0.819864355,0.,0.572557804));
#5282=AXIS2_PLACEMENT_3D('',#5279,#5280,#5281);
#5283=CIRCLE('',#5282,1.1);
#5284=EDGE_CURVE('',#3989,#4291,#5283,.T.);
#5285=ORIENTED_EDGE('',*,*,#5284,.F.);
#5286=ORIENTED_EDGE('',*,*,#3995,.F.);
#5287=ORIENTED_EDGE('',*,*,#2958,.F.);
#5288=CARTESIAN_POINT('',(-50.951298343,-15.098769812,-45.924096122));
#5289=CARTESIAN_POINT('',(-50.948747081,-14.898760061,-45.919677206));
#5290=CARTESIAN_POINT('',(-50.950195004,-14.698851789,-45.922185083));
#5291=CARTESIAN_POINT('',(-50.955102894,-14.499031313,-45.930685798));
#5292=B_SPLINE_CURVE_WITH_KNOTS('',3,(#5288,#5289,#5290,#5291),.UNSPECIFIED.,.F.,.F.,(4,4),(0.,0.000599787),.UNSPECIFIED.);
#5293=EDGE_CURVE('',#2874,#2944,#5292,.T.);
#5294=ORIENTED_EDGE('',*,*,#5293,.F.);
#5295=ORIENTED_EDGE('',*,*,#2907,.F.);
#5296=EDGE_LOOP('',(#5277,#5278,#5285,#5286,#5287,#5294,#5295));
#5297=FACE_BOUND('',#5296,.T.);
#5298=ADVANCED_FACE('',(#5297),#5276,.T.);
#5299=CARTESIAN_POINT('',(-53.272429431,-10.9,-47.33355095));
#5300=DIRECTION('',(0.572557804,0.,0.819864355));
#5301=DIRECTION('',(0.819864355,0.,-0.572557804));
#5302=AXIS2_PLACEMENT_3D('',#5299,#5300,#5301);
#5303=CYLINDRICAL_SURFACE('',#5302,1.1);
#5304=ORIENTED_EDGE('',*,*,#5284,.T.);
#5305=ORIENTED_EDGE('',*,*,#4321,.F.);
#5306=CARTESIAN_POINT('',(-54.646360233,-10.9,-49.300927663));
#5307=DIRECTION('',(-0.572557804,-0.,-0.819864355));
#5308=DIRECTION('',(-0.819864355,0.,0.572557804));
#5309=AXIS2_PLACEMENT_3D('',#5306,#5307,#5308);
#5310=CIRCLE('',#5309,1.1);
#5311=EDGE_CURVE('',#3998,#4309,#5310,.T.);
#5312=ORIENTED_EDGE('',*,*,#5311,.F.);
#5313=ORIENTED_EDGE('',*,*,#4003,.F.);
#5314=EDGE_LOOP('',(#5304,#5305,#5312,#5313));
#5315=FACE_BOUND('',#5314,.T.);
#5316=ADVANCED_FACE('',(#5315),#5303,.T.);
#5317=CARTESIAN_POINT('',(-55.138278846,-10.9,-48.95739298));
#5318=DIRECTION('',(0.,-1.,0.));
#5319=DIRECTION('',(0.866025404,0.,-0.5));
#5320=AXIS2_PLACEMENT_3D('',#5317,#5318,#5319);
#5321=DEGENERATE_TOROIDAL_SURFACE('',#5320,0.6,1.1,.T.);
#5322=ORIENTED_EDGE('',*,*,#5311,.T.);
#5323=ORIENTED_EDGE('',*,*,#4315,.F.);
#5324=CARTESIAN_POINT('',(-55.640694112,-10.9,-48.629400754));
#5325=DIRECTION('',(0.54665371,0.,0.837358777));
#5326=DIRECTION('',(0.837358777,0.,-0.54665371));
#5327=AXIS2_PLACEMENT_3D('',#5324,#5325,#5326);
#5328=CIRCLE('',#5327,1.1);
#5329=EDGE_CURVE('',#4057,#4301,#5328,.T.);
#5330=ORIENTED_EDGE('',*,*,#5329,.F.);
#5331=ORIENTED_EDGE('',*,*,#4063,.F.);
#5332=CARTESIAN_POINT('',(-55.138278846,-10.9,-48.95739298));
#5333=DIRECTION('',(-0.,1.,-0.));
#5334=DIRECTION('',(0.866025404,0.,-0.5));
#5335=AXIS2_PLACEMENT_3D('',#5332,#5333,#5334);
#5336=CIRCLE('',#5335,1.7);
#5337=EDGE_CURVE('',#3998,#4049,#5336,.T.);
#5338=ORIENTED_EDGE('',*,*,#5337,.F.);
#5339=EDGE_LOOP('',(#5322,#5323,#5330,#5331,#5338));
#5340=FACE_BOUND('',#5339,.T.);
#5341=ADVANCED_FACE('',(#5340),#5321,.T.);
#5342=CARTESIAN_POINT('',(-14.026060445,-10.9,15.115485796));
#5343=DIRECTION('',(-0.54665371,0.,-0.837358777));
#5344=DIRECTION('',(-0.837358777,0.,0.54665371));
#5345=AXIS2_PLACEMENT_3D('',#5342,#5343,#5344);
#5346=CYLINDRICAL_SURFACE('',#5345,1.1);
#5347=ORIENTED_EDGE('',*,*,#5329,.T.);
#5348=ORIENTED_EDGE('',*,*,#4306,.F.);
#5349=CARTESIAN_POINT('',(-55.158943232,-10.9,-47.891459494));
#5350=DIRECTION('',(0.54665371,0.,0.837358777));
#5351=DIRECTION('',(0.837358777,0.,-0.54665371));
#5352=AXIS2_PLACEMENT_3D('',#5349,#5350,#5351);
#5353=CIRCLE('',#5352,1.1);
#5354=EDGE_CURVE('',#4090,#4293,#5353,.T.);
#5355=ORIENTED_EDGE('',*,*,#5354,.F.);
#5356=ORIENTED_EDGE('',*,*,#4095,.F.);
#5357=EDGE_LOOP('',(#5347,#5348,#5355,#5356));
#5358=FACE_BOUND('',#5357,.T.);
#5359=ADVANCED_FACE('',(#5358),#5346,.T.);
#5360=CARTESIAN_POINT('',(-54.639795966,-11.886900283,-45.083992004));
#5361=CARTESIAN_POINT('',(-54.692705012,-11.997921645,-45.16503756));
#5362=CARTESIAN_POINT('',(-54.72049167,-12.108895198,-45.262434009));
#5363=CARTESIAN_POINT('',(-54.72144234,-12.313262933,-45.474583721));
#5364=CARTESIAN_POINT('',(-54.694605942,-12.406569108,-45.589245622));
#5365=CARTESIAN_POINT('',(-54.590537715,-12.560725796,-45.817678374));
#5366=CARTESIAN_POINT('',(-54.513350702,-12.621509924,-45.931350852));
#5367=CARTESIAN_POINT('',(-54.320831711,-12.700913287,-46.139698797));
#5368=CARTESIAN_POINT('',(-54.205582639,-12.719498327,-46.23428454));
#5369=CARTESIAN_POINT('',(-54.080422772,-12.715502705,-46.311831032));
#5370=CARTESIAN_POINT('',(-54.818594343,-11.602030703,-45.357873599));
#5371=CARTESIAN_POINT('',(-54.864779877,-11.723219931,-45.428620146));
#5372=CARTESIAN_POINT('',(-54.885987672,-11.844357503,-45.515630032));
#5373=CARTESIAN_POINT('',(-54.875130026,-12.06753975,-45.708551029));
#5374=CARTESIAN_POINT('',(-54.843069263,-12.169489294,-45.814380067));
#5375=CARTESIAN_POINT('',(-54.730711882,-12.338123493,-46.028199658));
#5376=CARTESIAN_POINT('',(-54.650463152,-12.404736268,-46.136099217));
#5377=CARTESIAN_POINT('',(-54.45440266,-12.492110724,-46.336975371));
#5378=CARTESIAN_POINT('',(-54.338674411,-12.512835161,-46.429866453));
#5379=CARTESIAN_POINT('',(-54.214315352,-12.50897226,-46.507933507));
#5380=CARTESIAN_POINT('',(-55.022789716,-11.37033431,-45.670658064));
#5381=CARTESIAN_POINT('',(-55.061356817,-11.499595593,-45.72973477));
#5382=CARTESIAN_POINT('',(-55.075110587,-11.628802492,-45.804975059));
#5383=CARTESIAN_POINT('',(-55.050857954,-11.866981634,-45.976079382));
#5384=CARTESIAN_POINT('',(-55.012861829,-11.975853668,-46.071871601));
#5385=CARTESIAN_POINT('',(-54.891053299,-12.156204076,-46.269030519));
#5386=CARTESIAN_POINT('',(-54.807292168,-12.227606568,-46.370314419));
#5387=CARTESIAN_POINT('',(-54.607103405,-12.321743714,-46.5625266));
#5388=CARTESIAN_POINT('',(-54.490759974,-12.344438757,-46.653374115));
#5389=CARTESIAN_POINT('',(-54.367226391,-12.340992375,-46.731890898));
#5390=CARTESIAN_POINT('',(-55.506836751,-11.004109293,-46.41211655));
#5391=CARTESIAN_POINT('',(-55.527556581,-11.145673205,-46.443854983));
#5392=CARTESIAN_POINT('',(-55.523850026,-11.287179325,-46.491521397));
#5393=CARTESIAN_POINT('',(-55.468164824,-11.548357288,-46.611416049));
#5394=CARTESIAN_POINT('',(-55.416209009,-11.667922506,-46.683595573));
#5395=CARTESIAN_POINT('',(-55.272051748,-11.866654059,-46.841361286));
#5396=CARTESIAN_POINT('',(-55.17990919,-11.945739259,-46.926883269));
#5397=CARTESIAN_POINT('',(-54.969638731,-12.051209766,-47.098095323));
#5398=CARTESIAN_POINT('',(-54.85159664,-12.077552008,-47.183715633));
#5399=CARTESIAN_POINT('',(-54.729703433,-12.075479238,-47.262783981));
#5400=CARTESIAN_POINT('',(-55.793380925,-10.9,-46.851042098));
#5401=CARTESIAN_POINT('',(-55.803668918,-11.044646455,-46.866801145));
#5402=CARTESIAN_POINT('',(-55.789757839,-11.189234969,-46.898349252));
#5403=CARTESIAN_POINT('',(-55.715666522,-11.456309364,-46.98824742));
#5404=CARTESIAN_POINT('',(-55.655516096,-11.578688259,-47.046561678));
#5405=CARTESIAN_POINT('',(-55.498163721,-11.782519726,-47.181071145));
#5406=CARTESIAN_POINT('',(-55.401024903,-11.863890641,-47.257212634));
#5407=CARTESIAN_POINT('',(-55.184600709,-11.973168514,-47.415702943));
#5408=CARTESIAN_POINT('',(-55.065402081,-12.001031687,-47.497988364));
#5409=CARTESIAN_POINT('',(-54.944281102,-12.,-47.577059886));
#5410=CARTESIAN_POINT('',(-56.080037886,-10.9,-47.290140412));
#5411=CARTESIAN_POINT('',(-56.080037886,-11.043989663,-47.290140412));
#5412=CARTESIAN_POINT('',(-56.056064258,-11.187922673,-47.305791138));
#5413=CARTESIAN_POINT('',(-55.963783203,-11.453980878,-47.366035065));
#5414=CARTESIAN_POINT('',(-55.895512086,-11.576001392,-47.410604563));
#5415=CARTESIAN_POINT('',(-55.724998931,-11.779633527,-47.521920825));
#5416=CARTESIAN_POINT('',(-55.622823983,-11.861165027,-47.588623791));
#5417=CARTESIAN_POINT('',(-55.400037809,-11.971369944,-47.734065496));
#5418=CARTESIAN_POINT('',(-55.27951424,-12.,-47.81274701));
#5419=CARTESIAN_POINT('',(-55.158943232,-12.,-47.891459494));
#5420=B_SPLINE_SURFACE_WITH_KNOTS('',3,3,((#5360,#5361,#5362,#5363,#5364,#5365,#5366,#5367,#5368,#5369),(#5370,#5371,#5372,#5373,#5374,#5375,#5376,#5377,#5378,#5379),(#5380,#5381,#5382,#5383,#5384,#5385,#5386,#5387,#5388,#5389),(#5390,#5391,#5392,#5393,#5394,#5395,#5396,#5397,#5398,#5399),(#5400,#5401,#5402,#5403,#5404,#5405,#5406,#5407,#5408,#5409),(#5410,#5411,#5412,#5413,#5414,#5415,#5416,#5417,#5418,#5419)),.UNSPECIFIED.,.F.,.F.,.U.,(4,2,4),(4,2,2,2,4),(3.994644915,4.319689899,4.71238898),(0.,0.25,0.5,0.75,1.),.UNSPECIFIED.);
#5421=ORIENTED_EDGE('',*,*,#5354,.T.);
#5422=ORIENTED_EDGE('',*,*,#4499,.F.);
#5423=CARTESIAN_POINT('',(-53.718672574,-11.886839981,-45.685267065));
#5424=DIRECTION('',(0.412055869,-0.657128465,0.631183128));
#5425=DIRECTION('',(0.328844252,0.753290005,0.569574953));
#5426=AXIS2_PLACEMENT_3D('',#5423,#5424,#5425);
#5427=CIRCLE('',#5426,1.1);
#5428=EDGE_CURVE('',#4098,#4468,#5427,.T.);
#5429=ORIENTED_EDGE('',*,*,#5428,.F.);
#5430=ORIENTED_EDGE('',*,*,#4104,.F.);
#5431=EDGE_LOOP('',(#5421,#5422,#5429,#5430));
#5432=FACE_BOUND('',#5431,.T.);
#5433=ADVANCED_FACE('',(#5432),#5420,.T.);
#5434=CARTESIAN_POINT('',(-54.080401251,-12.715458986,-46.311799513));
#5435=CARTESIAN_POINT('',(-54.205560905,-12.719455822,-46.234252549));
#5436=CARTESIAN_POINT('',(-54.320809634,-12.700871254,-46.139666111));
#5437=CARTESIAN_POINT('',(-54.513327726,-12.621467326,-45.931316449));
#5438=CARTESIAN_POINT('',(-54.590514181,-12.56068216,-45.81764295));
#5439=CARTESIAN_POINT('',(-54.694581133,-12.406522169,-45.589207953));
#5440=CARTESIAN_POINT('',(-54.721416813,-12.313213733,-45.474544829));
#5441=CARTESIAN_POINT('',(-54.7204646,-12.108840787,-45.262392588));
#5442=CARTESIAN_POINT('',(-54.692677118,-11.99786429,-45.164994833));
#5443=CARTESIAN_POINT('',(-54.639767228,-11.886839981,-45.083947984));
#5444=CARTESIAN_POINT('',(-54.038002083,-12.780922088,-46.249700614));
#5445=CARTESIAN_POINT('',(-54.16300041,-12.77922978,-46.180137158));
#5446=CARTESIAN_POINT('',(-54.278316263,-12.757031148,-46.093910945));
#5447=CARTESIAN_POINT('',(-54.472496932,-12.674944166,-45.900829986));
#5448=CARTESIAN_POINT('',(-54.551288206,-12.615087008,-45.794047479));
#5449=CARTESIAN_POINT('',(-54.660583675,-12.466605218,-45.575754852));
#5450=CARTESIAN_POINT('',(-54.691046251,-12.378036456,-45.464326777));
#5451=CARTESIAN_POINT('',(-54.699053632,-12.185321248,-45.253386165));
#5452=CARTESIAN_POINT('',(-54.676594938,-12.081247093,-45.153953361));
#5453=CARTESIAN_POINT('',(-54.629312612,-11.977133915,-45.067933705));
#5454=CARTESIAN_POINT('',(-54.008186917,-12.849448772,-46.185244758));
#5455=CARTESIAN_POINT('',(-54.131003259,-12.842764296,-46.122335228));
#5456=CARTESIAN_POINT('',(-54.244467685,-12.817568995,-46.043318189));
#5457=CARTESIAN_POINT('',(-54.436993549,-12.733670656,-45.86396168));
#5458=CARTESIAN_POINT('',(-54.515991599,-12.674995343,-45.763680873));
#5459=CARTESIAN_POINT('',(-54.628514862,-12.532311187,-45.555755338));
#5460=CARTESIAN_POINT('',(-54.662002865,-12.44834918,-45.448178787));
#5461=CARTESIAN_POINT('',(-54.678767388,-12.266780277,-45.240667984));
#5462=CARTESIAN_POINT('',(-54.662038037,-12.169232848,-45.140801995));
#5463=CARTESIAN_POINT('',(-54.621330462,-12.071653478,-45.051742055));
#5464=CARTESIAN_POINT('',(-53.977800377,-12.956786725,-46.087078618));
#5465=CARTESIAN_POINT('',(-54.09578563,-12.943830224,-46.032530507));
#5466=CARTESIAN_POINT('',(-54.205013338,-12.915147797,-45.962882634));
#5467=CARTESIAN_POINT('',(-54.392367112,-12.829906054,-45.802040205));
#5468=CARTESIAN_POINT('',(-54.470443377,-12.773369424,-45.710888302));
#5469=CARTESIAN_POINT('',(-54.585679647,-12.639497174,-45.518452474));
#5470=CARTESIAN_POINT('',(-54.622808978,-12.562197103,-45.417219631));
#5471=CARTESIAN_POINT('',(-54.651463624,-12.396478467,-45.217312373));
#5472=CARTESIAN_POINT('',(-54.642981231,-12.308103872,-45.118691083));
#5473=CARTESIAN_POINT('',(-54.612210451,-12.219705827,-45.027537783));
#5474=CARTESIAN_POINT('',(-53.970089421,-12.993325462,-46.054097903));
#5475=CARTESIAN_POINT('',(-54.086195679,-12.978478021,-46.00206986));
#5476=CARTESIAN_POINT('',(-54.193759064,-12.948798834,-45.935307156));
#5477=CARTESIAN_POINT('',(-54.378926421,-12.863335318,-45.78029578));
#5478=CARTESIAN_POINT('',(-54.456484879,-12.807572018,-45.692085146));
#5479=CARTESIAN_POINT('',(-54.572265822,-12.676656914,-45.504805258));
#5480=CARTESIAN_POINT('',(-54.610459814,-12.601537267,-45.405781989));
#5481=CARTESIAN_POINT('',(-54.642876346,-12.440960482,-45.208817648));
#5482=CARTESIAN_POINT('',(-54.637090843,-12.355542764,-45.110924979));
#5483=CARTESIAN_POINT('',(-54.609652017,-12.270104071,-45.019481503));
#5484=CARTESIAN_POINT('',(-53.959035181,-13.067929445,-45.987845118));
#5485=CARTESIAN_POINT('',(-54.07100195,-13.049699782,-45.940400461));
#5486=CARTESIAN_POINT('',(-54.174880153,-13.018350458,-45.878996191));
#5487=CARTESIAN_POINT('',(-54.354988325,-12.932880785,-45.735041841));
#5488=CARTESIAN_POINT('',(-54.431180708,-12.878778293,-45.652521737));
#5489=CARTESIAN_POINT('',(-54.547425173,-12.753813048,-45.475501845));
#5490=CARTESIAN_POINT('',(-54.587452962,-12.682976351,-45.381038948));
#5491=CARTESIAN_POINT('',(-54.62689192,-12.532413097,-45.190635842));
#5492=CARTESIAN_POINT('',(-54.626294783,-12.452717906,-45.094735357));
#5493=CARTESIAN_POINT('',(-54.605408025,-12.373006109,-45.003432637));
#5494=CARTESIAN_POINT('',(-53.9557115,-13.106008437,-45.954566176));
#5495=CARTESIAN_POINT('',(-54.065415731,-13.086288961,-45.909183583));
#5496=CARTESIAN_POINT('',(-54.167271169,-13.054267507,-45.850251542));
#5497=CARTESIAN_POINT('',(-54.344503064,-12.96901532,-45.711521886));
#5498=CARTESIAN_POINT('',(-54.419845574,-12.915800933,-45.631750804));
#5499=CARTESIAN_POINT('',(-54.536006067,-12.793829092,-45.459835611));
#5500=CARTESIAN_POINT('',(-54.576801774,-12.725094988,-45.367724397));
#5501=CARTESIAN_POINT('',(-54.619499411,-12.579403206,-45.18094269));
#5502=CARTESIAN_POINT('',(-54.621393105,-12.502473401,-45.086307965));
#5503=CARTESIAN_POINT('',(-54.60372623,-12.425528879,-44.995439018));
#5504=CARTESIAN_POINT('',(-53.948971235,-13.29742644,-45.790328478));
#5505=CARTESIAN_POINT('',(-54.046889134,-13.271312523,-45.754192878));
#5506=CARTESIAN_POINT('',(-54.138182701,-13.236729054,-45.706605576));
#5507=CARTESIAN_POINT('',(-54.300018615,-13.153558025,-45.592355644));
#5508=CARTESIAN_POINT('',(-54.370543279,-13.104979843,-45.525704818));
#5509=CARTESIAN_POINT('',(-54.484962953,-12.99784426,-45.378752264));
#5510=CARTESIAN_POINT('',(-54.528845007,-12.939298332,-45.298466044));
#5511=CARTESIAN_POINT('',(-54.586231715,-12.817013192,-45.130835773));
#5512=CARTESIAN_POINT('',(-54.599729095,-12.753286755,-45.043509877));
#5513=CARTESIAN_POINT('',(-54.59738269,-12.68955371,-44.956281249));
#5514=CARTESIAN_POINT('',(-53.974032716,-13.456065584,-45.663776552));
#5515=CARTESIAN_POINT('',(-54.061082402,-13.428065009,-45.631925162));
#5516=CARTESIAN_POINT('',(-54.142574089,-13.393890995,-45.590460324));
#5517=CARTESIAN_POINT('',(-54.289013704,-13.315499307,-45.491062385));
#5518=CARTESIAN_POINT('',(-54.353950933,-13.271287399,-45.43313649));
#5519=CARTESIAN_POINT('',(-54.462915011,-13.175781293,-45.304676559));
#5520=CARTESIAN_POINT('',(-54.506933799,-13.124494036,-45.234151827));
#5521=CARTESIAN_POINT('',(-54.571064712,-13.018256163,-45.085196943));
#5522=CARTESIAN_POINT('',(-54.591171928,-12.963313225,-45.006777604));
#5523=CARTESIAN_POINT('',(-54.598611026,-12.908366322,-44.92702614));
#5524=CARTESIAN_POINT('',(-54.039642404,-13.703734489,-45.485386344));
#5525=CARTESIAN_POINT('',(-54.11093878,-13.676146415,-45.458614376));
#5526=CARTESIAN_POINT('',(-54.178149082,-13.644906969,-45.424770766));
#5527=CARTESIAN_POINT('',(-54.301187623,-13.576625507,-45.344555655));
#5528=CARTESIAN_POINT('',(-54.357011225,-13.539586077,-45.298187161));
#5529=CARTESIAN_POINT('',(-54.454594915,-13.461480335,-45.195139045));
#5530=CARTESIAN_POINT('',(-54.496351295,-13.420416958,-45.138463282));
#5531=CARTESIAN_POINT('',(-54.563784239,-13.336227027,-45.017511141));
#5532=CARTESIAN_POINT('',(-54.589458194,-13.293103622,-44.953239299));
#5533=CARTESIAN_POINT('',(-54.606464345,-13.249978606,-44.886705931));
#5534=CARTESIAN_POINT('',(-54.066421421,-13.788067145,-45.427754999));
#5535=CARTESIAN_POINT('',(-54.132512072,-13.761168613,-45.402425721));
#5536=CARTESIAN_POINT('',(-54.194988045,-13.73130667,-45.370839689));
#5537=CARTESIAN_POINT('',(-54.3101002,-13.666906417,-45.296475116));
#5538=CARTESIAN_POINT('',(-54.362733042,-13.632369975,-45.25369873));
#5539=CARTESIAN_POINT('',(-54.455949758,-13.560067268,-45.158743966));
#5540=CARTESIAN_POINT('',(-54.496530915,-13.522303095,-45.106568336));
#5541=CARTESIAN_POINT('',(-54.563935348,-13.445124677,-44.994998255));
#5542=CARTESIAN_POINT('',(-54.590756644,-13.405712663,-44.935607032));
#5543=CARTESIAN_POINT('',(-54.610130095,-13.366299511,-44.873849266));
#5544=CARTESIAN_POINT('',(-54.126275716,-13.957573764,-45.319064702));
#5545=CARTESIAN_POINT('',(-54.182421575,-13.932892775,-45.296378908));
#5546=CARTESIAN_POINT('',(-54.2358131,-13.906353898,-45.268924336));
#5547=CARTESIAN_POINT('',(-54.335432375,-13.850386255,-45.205330162));
#5548=CARTESIAN_POINT('',(-54.381658571,-13.820958364,-45.169191549));
#5549=CARTESIAN_POINT('',(-54.465507182,-13.760126416,-45.089350239));
#5550=CARTESIAN_POINT('',(-54.503128277,-13.728723303,-45.045648779));
#5551=CARTESIAN_POINT('',(-54.568588591,-13.664913551,-44.952036189));
#5552=CARTESIAN_POINT('',(-54.596426762,-13.632507897,-44.902126508));
#5553=CARTESIAN_POINT('',(-54.618933754,-13.600101744,-44.849885703));
#5554=CARTESIAN_POINT('',(-54.159476162,-14.043086696,-45.267711462));
#5555=CARTESIAN_POINT('',(-54.210854859,-14.0199324,-45.246234285));
#5556=CARTESIAN_POINT('',(-54.259870553,-13.995342047,-45.220665539));
#5557=CARTESIAN_POINT('',(-54.351880838,-13.94393858,-45.162022038));
#5558=CARTESIAN_POINT('',(-54.394874372,-13.917126054,-45.128947958));
#5559=CARTESIAN_POINT('',(-54.473700404,-13.861986188,-45.056168886));
#5560=CARTESIAN_POINT('',(-54.509531993,-13.833659479,-45.016464728));
#5561=CARTESIAN_POINT('',(-54.573081342,-13.776238392,-44.931474857));
#5562=CARTESIAN_POINT('',(-54.600798365,-13.747144669,-44.886190117));
#5563=CARTESIAN_POINT('',(-54.624088049,-13.718050614,-44.838712807));
#5564=CARTESIAN_POINT('',(-54.229172746,-14.216578055,-45.172287664));
#5565=CARTESIAN_POINT('',(-54.27159141,-14.197113897,-45.153167076));
#5566=CARTESIAN_POINT('',(-54.312334358,-14.176861543,-45.13114455));
#5567=CARTESIAN_POINT('',(-54.389724211,-14.135150118,-45.081699971));
#5568=CARTESIAN_POINT('',(-54.426370709,-14.113691263,-45.054278179));
#5569=CARTESIAN_POINT('',(-54.494894892,-14.069957434,-44.994536573));
#5570=CARTESIAN_POINT('',(-54.526772213,-14.047682686,-44.962217072));
#5571=CARTESIAN_POINT('',(-54.585169642,-14.002721523,-44.893269679));
#5572=CARTESIAN_POINT('',(-54.611689434,-13.98003534,-44.856642145));
#5573=CARTESIAN_POINT('',(-54.63528374,-13.957349041,-44.818194242));
#5574=CARTESIAN_POINT('',(-54.265814253,-14.304501713,-45.128127747));
#5575=CARTESIAN_POINT('',(-54.304029154,-14.287200103,-45.110159189));
#5576=CARTESIAN_POINT('',(-54.340864473,-14.269336189,-45.089801432));
#5577=CARTESIAN_POINT('',(-54.411221885,-14.232750052,-45.044614853));
#5578=CARTESIAN_POINT('',(-54.44474372,-14.214027961,-45.019786198));
#5579=CARTESIAN_POINT('',(-54.507968611,-14.1760045,-44.966031818));
#5580=CARTESIAN_POINT('',(-54.537671433,-14.156703267,-44.937106291));
#5581=CARTESIAN_POINT('',(-54.592809221,-14.11780897,-44.875593073));
#5582=CARTESIAN_POINT('',(-54.618243983,-14.098216046,-44.843005609));
#5583=CARTESIAN_POINT('',(-54.641351818,-14.078623051,-44.80883179));
#5584=CARTESIAN_POINT('',(-54.336274127,-14.485007753,-45.050570464));
#5585=CARTESIAN_POINT('',(-54.367011882,-14.472545065,-45.034810016));
#5586=CARTESIAN_POINT('',(-54.396851299,-14.459838766,-45.017493696));
#5587=CARTESIAN_POINT('',(-54.454448746,-14.434057221,-44.979915918));
#5588=CARTESIAN_POINT('',(-54.482206697,-14.420982007,-44.959654512));
#5589=CARTESIAN_POINT('',(-54.535375191,-14.394583942,-44.916380239));
#5590=CARTESIAN_POINT('',(-54.560785661,-14.381261125,-44.893367431));
#5591=CARTESIAN_POINT('',(-54.609014328,-14.354491155,-44.844809342));
#5592=CARTESIAN_POINT('',(-54.631832457,-14.341044036,-44.819264127));
#5593=CARTESIAN_POINT('',(-54.653243664,-14.327596901,-44.792573895));
#5594=CARTESIAN_POINT('',(-54.370608774,-14.578254957,-45.016811085));
#5595=CARTESIAN_POINT('',(-54.39803329,-14.568490839,-45.002124795));
#5596=CARTESIAN_POINT('',(-54.424745502,-14.558575587,-44.986204818));
#5597=CARTESIAN_POINT('',(-54.476539717,-14.538516391,-44.952020398));
#5598=CARTESIAN_POINT('',(-54.501621671,-14.528372467,-44.933755988));
#5599=CARTESIAN_POINT('',(-54.549962031,-14.507931216,-44.895023481));
#5600=CARTESIAN_POINT('',(-54.573220391,-14.497633909,-44.874555421));
#5601=CARTESIAN_POINT('',(-54.61773404,-14.476962302,-44.831573141));
#5602=CARTESIAN_POINT('',(-54.638989287,-14.466588022,-44.809058962));
#5603=CARTESIAN_POINT('',(-54.659160825,-14.456213732,-44.78560825));
#5604=CARTESIAN_POINT('',(-54.394364433,-14.673689312,-44.994469788));
#5605=CARTESIAN_POINT('',(-54.419575793,-14.666786536,-44.980537923));
#5606=CARTESIAN_POINT('',(-54.444190437,-14.65979035,-44.965572555));
#5607=CARTESIAN_POINT('',(-54.49206582,-14.645656768,-44.933672381));
#5608=CARTESIAN_POINT('',(-54.515326524,-14.638519381,-44.916737598));
#5609=CARTESIAN_POINT('',(-54.560342313,-14.624149951,-44.881009042));
#5610=CARTESIAN_POINT('',(-54.582097366,-14.616917916,-44.862215296));
#5611=CARTESIAN_POINT('',(-54.623959957,-14.602406359,-44.822891389));
#5612=CARTESIAN_POINT('',(-54.644067466,-14.595126846,-44.802361257));
#5613=CARTESIAN_POINT('',(-54.663285644,-14.587847327,-44.781029869));
#5614=B_SPLINE_SURFACE_WITH_KNOTS('',3,3,((#5434,#5435,#5436,#5437,#5438,#5439,#5440,#5441,#5442,#5443),(#5444,#5445,#5446,#5447,#5448,#5449,#5450,#5451,#5452,#5453),(#5454,#5455,#5456,#5457,#5458,#5459,#5460,#5461,#5462,#5463),(#5464,#5465,#5466,#5467,#5468,#5469,#5470,#5471,#5472,#5473),(#5474,#5475,#5476,#5477,#5478,#5479,#5480,#5481,#5482,#5483),(#5484,#5485,#5486,#5487,#5488,#5489,#5490,#5491,#5492,#5493),(#5494,#5495,#5496,#5497,#5498,#5499,#5500,#5501,#5502,#5503),(#5504,#5505,#5506,#5507,#5508,#5509,#5510,#5511,#5512,#5513),(#5514,#5515,#5516,#5517,#5518,#5519,#5520,#5521,#5522,#5523),(#5524,#5525,#5526,#5527,#5528,#5529,#5530,#5531,#5532,#5533),(#5534,#5535,#5536,#5537,#5538,#5539,#5540,#5541,#5542,#5543),(#5544,#5545,#5546,#5547,#5548,#5549,#5550,#5551,#5552,#5553),(#5554,#5555,#5556,#5557,#5558,#5559,#5560,#5561,#5562,#5563),(#5564,#5565,#5566,#5567,#5568,#5569,#5570,#5571,#5572,#5573),(#5574,#5575,#5576,#5577,#5578,#5579,#5580,#5581,#5582,#5583),(#5584,#5585,#5586,#5587,#5588,#5589,#5590,#5591,#5592,#5593),(#5594,#5595,#5596,#5597,#5598,#5599,#5600,#5601,#5602,#5603),(#5604,#5605,#5606,#5607,#5608,#5609,#5610,#5611,#5612,#5613)),.UNSPECIFIED.,.F.,.F.,.U.,(4,2,2,2,2,2,2,2,4),(4,2,2,2,4),(0.,0.000407435,0.000611153,0.00081487,0.00162974,0.002037175,0.00244461,0.002852045,0.00325948),(0.,0.25,0.5,0.75,1.),.UNSPECIFIED.);
#5615=ORIENTED_EDGE('',*,*,#5428,.T.);
#5616=ORIENTED_EDGE('',*,*,#4492,.F.);
#5617=CARTESIAN_POINT('',(-53.846041816,-14.587847294,-44.044746957));
#5618=DIRECTION('',(-0.164500194,-0.969330251,0.182588473));
#5619=DIRECTION('',(0.841891586,-0.234431391,-0.486066334));
#5620=AXIS2_PLACEMENT_3D('',#5617,#5618,#5619);
#5621=CIRCLE('',#5620,1.1);
#5622=EDGE_CURVE('',#4151,#4459,#5621,.T.);
#5623=ORIENTED_EDGE('',*,*,#5622,.F.);
#5624=ORIENTED_EDGE('',*,*,#4175,.F.);
#5625=EDGE_LOOP('',(#5615,#5616,#5623,#5624));
#5626=FACE_BOUND('',#5625,.T.);
#5627=ADVANCED_FACE('',(#5626),#5614,.T.);
#5628=CARTESIAN_POINT('',(-54.689732144,-14.9,-44.751675337));
#5629=CARTESIAN_POINT('',(-54.680103203,-14.9,-44.762363067));
#5630=CARTESIAN_POINT('',(-54.670264577,-14.9,-44.772861885));
#5631=CARTESIAN_POINT('',(-54.650183099,-14.9,-44.79346554));
#5632=CARTESIAN_POINT('',(-54.639940247,-14.9,-44.803570376));
#5633=CARTESIAN_POINT('',(-54.619066079,-14.9,-44.823370514));
#5634=CARTESIAN_POINT('',(-54.608434765,-14.9,-44.833065816));
#5635=CARTESIAN_POINT('',(-54.586800035,-14.9,-44.852031965));
#5636=CARTESIAN_POINT('',(-54.57579662,-14.9,-44.861302811));
#5637=CARTESIAN_POINT('',(-54.553434624,-14.9,-44.87940578));
#5638=CARTESIAN_POINT('',(-54.542076044,-14.9,-44.888237902));
#5639=CARTESIAN_POINT('',(-54.519021199,-14.9,-44.90544983));
#5640=CARTESIAN_POINT('',(-54.507324935,-14.9,-44.913829636));
#5641=CARTESIAN_POINT('',(-54.483612724,-14.9,-44.930124032));
#5642=CARTESIAN_POINT('',(-54.471596777,-14.9,-44.938038624));
#5643=CARTESIAN_POINT('',(-54.447263693,-14.9,-44.953390411));
#5644=CARTESIAN_POINT('',(-54.434946557,-14.9,-44.960827607));
#5645=CARTESIAN_POINT('',(-54.422488304,-14.9,-44.968020383));
#5646=CARTESIAN_POINT('',(-54.689732144,-14.795846426,-44.751675337));
#5647=CARTESIAN_POINT('',(-54.680103203,-14.797059674,-44.762363067));
#5648=CARTESIAN_POINT('',(-54.670264577,-14.798272923,-44.772861885));
#5649=CARTESIAN_POINT('',(-54.650183099,-14.800697552,-44.79346554));
#5650=CARTESIAN_POINT('',(-54.639940247,-14.801908933,-44.803570376));
#5651=CARTESIAN_POINT('',(-54.619066079,-14.804327964,-44.823370514));
#5652=CARTESIAN_POINT('',(-54.608434765,-14.805535614,-44.833065816));
#5653=CARTESIAN_POINT('',(-54.586800035,-14.807945322,-44.852031965));
#5654=CARTESIAN_POINT('',(-54.57579662,-14.809147382,-44.861302811));
#5655=CARTESIAN_POINT('',(-54.553434624,-14.81154406,-44.87940578));
#5656=CARTESIAN_POINT('',(-54.542076044,-14.812738679,-44.888237902));
#5657=CARTESIAN_POINT('',(-54.519021199,-14.815118638,-44.90544983));
#5658=CARTESIAN_POINT('',(-54.507324935,-14.816303978,-44.913829636));
#5659=CARTESIAN_POINT('',(-54.483612724,-14.818663555,-44.930124032));
#5660=CARTESIAN_POINT('',(-54.471596777,-14.819837791,-44.938038624));
#5661=CARTESIAN_POINT('',(-54.447263693,-14.822173355,-44.953390411));
#5662=CARTESIAN_POINT('',(-54.434946557,-14.823334681,-44.960827607));
#5663=CARTESIAN_POINT('',(-54.422488304,-14.824488659,-44.968020383));
#5664=CARTESIAN_POINT('',(-54.680884485,-14.691693876,-44.761495877));
#5665=CARTESIAN_POINT('',(-54.671262142,-14.694120374,-44.772176282));
#5666=CARTESIAN_POINT('',(-54.661425929,-14.696546871,-44.782664003));
#5667=CARTESIAN_POINT('',(-54.641341201,-14.701396132,-44.803237607));
#5668=CARTESIAN_POINT('',(-54.631092687,-14.703818895,-44.81332349));
#5669=CARTESIAN_POINT('',(-54.610199443,-14.708656958,-44.833077573));
#5670=CARTESIAN_POINT('',(-54.599554713,-14.711072257,-44.842745773));
#5671=CARTESIAN_POINT('',(-54.577885737,-14.715891673,-44.861649297));
#5672=CARTESIAN_POINT('',(-54.566861493,-14.718295789,-44.87088462));
#5673=CARTESIAN_POINT('',(-54.544450782,-14.723089138,-44.888907872));
#5674=CARTESIAN_POINT('',(-54.533064316,-14.72547837,-44.8976958));
#5675=CARTESIAN_POINT('',(-54.509947019,-14.730238269,-44.914810439));
#5676=CARTESIAN_POINT('',(-54.498216189,-14.732608936,-44.92313715));
#5677=CARTESIAN_POINT('',(-54.474428558,-14.737328052,-44.939316251));
#5678=CARTESIAN_POINT('',(-54.462371758,-14.7396765,-44.947168641));
#5679=CARTESIAN_POINT('',(-54.437951088,-14.744347556,-44.962386736));
#5680=CARTESIAN_POINT('',(-54.42558722,-14.746670164,-44.969752442));
#5681=CARTESIAN_POINT('',(-54.413079507,-14.74897806,-44.976869002));
#5682=CARTESIAN_POINT('',(-54.663256628,-14.587858288,-44.781062075));
#5683=CARTESIAN_POINT('',(-54.653647523,-14.591497935,-44.791727788));
#5684=CARTESIAN_POINT('',(-54.643816173,-14.595137583,-44.802193272));
#5685=CARTESIAN_POINT('',(-54.623725021,-14.602410941,-44.822706707));
#5686=CARTESIAN_POINT('',(-54.61346522,-14.606044652,-44.832754657));
#5687=CARTESIAN_POINT('',(-54.592533898,-14.613300207,-44.852416619));
#5688=CARTESIAN_POINT('',(-54.581862378,-14.616922052,-44.862030632));
#5689=CARTESIAN_POINT('',(-54.560125018,-14.624147968,-44.88080902));
#5690=CARTESIAN_POINT('',(-54.549059179,-14.627752038,-44.889973395));
#5691=CARTESIAN_POINT('',(-54.526551217,-14.634936522,-44.907837537));
#5692=CARTESIAN_POINT('',(-54.515109096,-14.638516935,-44.916537303));
#5693=CARTESIAN_POINT('',(-54.491867219,-14.645648261,-44.933458009));
#5694=CARTESIAN_POINT('',(-54.480067463,-14.649199173,-44.941678947));
#5695=CARTESIAN_POINT('',(-54.456129543,-14.656265696,-44.957628554));
#5696=CARTESIAN_POINT('',(-54.443991379,-14.659781307,-44.965357222));
#5697=CARTESIAN_POINT('',(-54.419396417,-14.666771486,-44.980309641));
#5698=CARTESIAN_POINT('',(-54.40693962,-14.670246053,-44.987533392));
#5699=CARTESIAN_POINT('',(-54.394333652,-14.673697259,-44.994498771));
#5700=B_SPLINE_SURFACE_WITH_KNOTS('',3,3,((#5628,#5629,#5630,#5631,#5632,#5633,#5634,#5635,#5636,#5637,#5638,#5639,#5640,#5641,#5642,#5643,#5644,#5645),(#5646,#5647,#5648,#5649,#5650,#5651,#5652,#5653,#5654,#5655,#5656,#5657,#5658,#5659,#5660,#5661,#5662,#5663),(#5664,#5665,#5666,#5667,#5668,#5669,#5670,#5671,#5672,#5673,#5674,#5675,#5676,#5677,#5678,#5679,#5680,#5681),(#5682,#5683,#5684,#5685,#5686,#5687,#5688,#5689,#5690,#5691,#5692,#5693,#5694,#5695,#5696,#5697,#5698,#5699)),.UNSPECIFIED.,.F.,.F.,.U.,(4,4),(4,2,2,2,2,2,2,2,4),(0.,0.078115181),(0.,0.125,0.25,0.375,0.5,0.625,0.75,0.875,1.),.UNSPECIFIED.);
#5701=ORIENTED_EDGE('',*,*,#5622,.T.);
#5702=ORIENTED_EDGE('',*,*,#4465,.F.);
#5703=CARTESIAN_POINT('',(-53.872488304,-14.9,-44.015392439));
#5704=DIRECTION('',(-0.,-1.,0.));
#5705=DIRECTION('',(0.866025404,-0.,-0.5));
#5706=AXIS2_PLACEMENT_3D('',#5703,#5704,#5705);
#5707=CIRCLE('',#5706,1.1);
#5708=EDGE_CURVE('',#1375,#2226,#5707,.T.);
#5709=ORIENTED_EDGE('',*,*,#5708,.F.);
#5710=ORIENTED_EDGE('',*,*,#1381,.F.);
#5711=ORIENTED_EDGE('',*,*,#4221,.F.);
#5712=EDGE_LOOP('',(#5701,#5702,#5709,#5710,#5711));
#5713=FACE_BOUND('',#5712,.T.);
#5714=ADVANCED_FACE('',(#5713),#5700,.T.);
#5715=CARTESIAN_POINT('',(-54.422488304,-14.9,-44.968020383));
#5716=CARTESIAN_POINT('',(-54.434946557,-14.9,-44.960827607));
#5717=CARTESIAN_POINT('',(-54.447263693,-14.9,-44.953390411));
#5718=CARTESIAN_POINT('',(-54.471596777,-14.9,-44.938038624));
#5719=CARTESIAN_POINT('',(-54.483612724,-14.9,-44.930124032));
#5720=CARTESIAN_POINT('',(-54.507324935,-14.9,-44.913829636));
#5721=CARTESIAN_POINT('',(-54.519021199,-14.9,-44.90544983));
#5722=CARTESIAN_POINT('',(-54.542076044,-14.9,-44.888237902));
#5723=CARTESIAN_POINT('',(-54.553434624,-14.9,-44.87940578));
#5724=CARTESIAN_POINT('',(-54.57579662,-14.9,-44.861302811));
#5725=CARTESIAN_POINT('',(-54.586800035,-14.9,-44.852031965));
#5726=CARTESIAN_POINT('',(-54.608434765,-14.9,-44.833065816));
#5727=CARTESIAN_POINT('',(-54.619066079,-14.9,-44.823370514));
#5728=CARTESIAN_POINT('',(-54.639940247,-14.9,-44.803570376));
#5729=CARTESIAN_POINT('',(-54.650183099,-14.9,-44.79346554));
#5730=CARTESIAN_POINT('',(-54.666591557,-14.9,-44.776630415));
#5731=CARTESIAN_POINT('',(-54.672877986,-14.9,-44.770017889));
#5732=CARTESIAN_POINT('',(-54.679081196,-14.9,-44.763328195));
#5733=CARTESIAN_POINT('',(-54.422488304,-14.976339587,-44.968020383));
#5734=CARTESIAN_POINT('',(-54.434946557,-14.975372947,-44.960827607));
#5735=CARTESIAN_POINT('',(-54.447263693,-14.974400151,-44.953390411));
#5736=CARTESIAN_POINT('',(-54.471596777,-14.972443744,-44.938038624));
#5737=CARTESIAN_POINT('',(-54.483612724,-14.971460133,-44.930124032));
#5738=CARTESIAN_POINT('',(-54.507324935,-14.969483611,-44.913829636));
#5739=CARTESIAN_POINT('',(-54.519021199,-14.968490699,-44.90544983));
#5740=CARTESIAN_POINT('',(-54.542076044,-14.966497104,-44.888237902));
#5741=CARTESIAN_POINT('',(-54.553434624,-14.96549642,-44.87940578));
#5742=CARTESIAN_POINT('',(-54.57579662,-14.963488819,-44.861302811));
#5743=CARTESIAN_POINT('',(-54.586800035,-14.962481903,-44.852031965));
#5744=CARTESIAN_POINT('',(-54.608434765,-14.960463387,-44.833065816));
#5745=CARTESIAN_POINT('',(-54.619066079,-14.959451788,-44.823370514));
#5746=CARTESIAN_POINT('',(-54.639940247,-14.957425463,-44.803570376));
#5747=CARTESIAN_POINT('',(-54.650183099,-14.956410738,-44.79346554));
#5748=CARTESIAN_POINT('',(-54.666591557,-14.954751208,-44.776630415));
#5749=CARTESIAN_POINT('',(-54.672877986,-14.954106871,-44.770017889));
#5750=CARTESIAN_POINT('',(-54.679081196,-14.953462419,-44.763328195));
#5751=CARTESIAN_POINT('',(-54.42581947,-15.052678545,-44.963203924));
#5752=CARTESIAN_POINT('',(-54.438312428,-15.050745306,-44.956064627));
#5753=CARTESIAN_POINT('',(-54.450662355,-15.048799745,-44.948677594));
#5754=CARTESIAN_POINT('',(-54.475056895,-15.04488698,-44.933419615));
#5755=CARTESIAN_POINT('',(-54.487101508,-15.042919777,-44.925548668));
#5756=CARTESIAN_POINT('',(-54.510866639,-15.038966759,-44.909335172));
#5757=CARTESIAN_POINT('',(-54.522587157,-15.036980945,-44.900992621));
#5758=CARTESIAN_POINT('',(-54.545685823,-15.032993768,-44.883848958));
#5759=CARTESIAN_POINT('',(-54.55706397,-15.030992404,-44.875047846));
#5760=CARTESIAN_POINT('',(-54.579460148,-15.026977208,-44.857000812));
#5761=CARTESIAN_POINT('',(-54.590478178,-15.024963376,-44.847754891));
#5762=CARTESIAN_POINT('',(-54.612136937,-15.020926346,-44.828832685));
#5763=CARTESIAN_POINT('',(-54.622777665,-15.018903147,-44.8191564));
#5764=CARTESIAN_POINT('',(-54.643665218,-15.014850498,-44.799388577));
#5765=CARTESIAN_POINT('',(-54.653912043,-15.012821047,-44.78929704));
#5766=CARTESIAN_POINT('',(-54.670322364,-15.009501987,-44.772479144));
#5767=CARTESIAN_POINT('',(-54.676608377,-15.008213312,-44.765872196));
#5768=CARTESIAN_POINT('',(-54.682810004,-15.006924407,-44.759186998));
#5769=CARTESIAN_POINT('',(-54.432460525,-15.12885439,-44.953601769));
#5770=CARTESIAN_POINT('',(-54.445022501,-15.125960794,-44.946568694));
#5771=CARTESIAN_POINT('',(-54.457437695,-15.123047953,-44.939281384));
#5772=CARTESIAN_POINT('',(-54.481954632,-15.117188461,-44.924210017));
#5773=CARTESIAN_POINT('',(-54.494056374,-15.11424181,-44.916425961));
#5774=CARTESIAN_POINT('',(-54.517927022,-15.108319431,-44.90037362));
#5775=CARTESIAN_POINT('',(-54.529695927,-15.105343704,-44.892105334));
#5776=CARTESIAN_POINT('',(-54.552882045,-15.09936795,-44.875097823));
#5777=CARTESIAN_POINT('',(-54.564299256,-15.096367923,-44.866358597));
#5778=CARTESIAN_POINT('',(-54.586763693,-15.090348387,-44.848423243));
#5779=CARTESIAN_POINT('',(-54.597810917,-15.087328877,-44.839227116));
#5780=CARTESIAN_POINT('',(-54.619517672,-15.081275218,-44.820392727));
#5781=CARTESIAN_POINT('',(-54.630177202,-15.078241069,-44.810754466));
#5782=CARTESIAN_POINT('',(-54.651091482,-15.072162998,-44.791051281));
#5783=CARTESIAN_POINT('',(-54.661346231,-15.069119077,-44.780986358));
#5784=CARTESIAN_POINT('',(-54.677760242,-15.064140742,-44.764202952));
#5785=CARTESIAN_POINT('',(-54.684045408,-15.06220779,-44.757607174));
#5786=CARTESIAN_POINT('',(-54.690243856,-15.060274477,-44.750930985));
#5787=B_SPLINE_SURFACE_WITH_KNOTS('',3,3,((#5715,#5716,#5717,#5718,#5719,#5720,#5721,#5722,#5723,#5724,#5725,#5726,#5727,#5728,#5729,#5730,#5731,#5732),(#5733,#5734,#5735,#5736,#5737,#5738,#5739,#5740,#5741,#5742,#5743,#5744,#5745,#5746,#5747,#5748,#5749,#5750),(#5751,#5752,#5753,#5754,#5755,#5756,#5757,#5758,#5759,#5760,#5761,#5762,#5763,#5764,#5765,#5766,#5767,#5768),(#5769,#5770,#5771,#5772,#5773,#5774,#5775,#5776,#5777,#5778,#5779,#5780,#5781,#5782,#5783,#5784,#5785,#5786)),.UNSPECIFIED.,.F.,.F.,.U.,(4,4),(4,2,2,2,2,2,2,2,4),(0.,0.065433932),(0.,0.125,0.25,0.375,0.5,0.625,0.75,0.875,0.954273528),.UNSPECIFIED.);
#5788=ORIENTED_EDGE('',*,*,#2150,.F.);
#5789=ORIENTED_EDGE('',*,*,#1390,.F.);
#5790=ORIENTED_EDGE('',*,*,#5708,.T.);
#5791=ORIENTED_EDGE('',*,*,#2232,.F.);
#5792=EDGE_LOOP('',(#5788,#5789,#5790,#5791));
#5793=FACE_BOUND('',#5792,.T.);
#5794=ADVANCED_FACE('',(#5793),#5787,.T.);
#5795=CARTESIAN_POINT('',(-55.138278846,-9.2,-48.95739298));
#5796=DIRECTION('',(0.,1.,0.));
#5797=DIRECTION('',(-0.866025404,0.,0.5));
#5798=AXIS2_PLACEMENT_3D('',#5795,#5796,#5797);
#5799=CONICAL_SURFACE('',#5798,0.5,45.);
#5800=CARTESIAN_POINT('',(-55.744496629,-9.,-48.60739298));
#5801=DIRECTION('',(0.612372436,-0.707106781,-0.353553391));
#5802=VECTOR('',#5801,0.282842712);
#5803=LINE('',#5800,#5802);
#5804=EDGE_CURVE('',#4338,#4240,#5803,.T.);
#5805=ORIENTED_EDGE('',*,*,#5804,.F.);
#5806=ORIENTED_EDGE('',*,*,#4344,.F.);
#5807=ORIENTED_EDGE('',*,*,#4351,.F.);
#5808=ORIENTED_EDGE('',*,*,#5804,.T.);
#5809=ORIENTED_EDGE('',*,*,#4263,.F.);
#5810=ORIENTED_EDGE('',*,*,#4256,.F.);
#5811=EDGE_LOOP('',(#5805,#5806,#5807,#5808,#5809,#5810));
#5812=FACE_BOUND('',#5811,.T.);
#5813=ADVANCED_FACE('',(#5812),#5799,.F.);
#5814=CARTESIAN_POINT('',(-55.138278846,9.,-48.95739298));
#5815=DIRECTION('',(0.,-1.,0.));
#5816=DIRECTION('',(0.866025404,0.,-0.5));
#5817=AXIS2_PLACEMENT_3D('',#5814,#5815,#5816);
#5818=CONICAL_SURFACE('',#5817,0.7,45.);
#5819=CARTESIAN_POINT('',(-54.532061064,9.,-49.30739298));
#5820=DIRECTION('',(-0.612372436,0.707106781,0.353553391));
#5821=VECTOR('',#5820,0.282842712);
#5822=LINE('',#5819,#5821);
#5823=EDGE_CURVE('',#1106,#1009,#5822,.T.);
#5824=ORIENTED_EDGE('',*,*,#5823,.F.);
#5825=ORIENTED_EDGE('',*,*,#1112,.F.);
#5826=ORIENTED_EDGE('',*,*,#1119,.F.);
#5827=ORIENTED_EDGE('',*,*,#5823,.T.);
#5828=ORIENTED_EDGE('',*,*,#1015,.F.);
#5829=ORIENTED_EDGE('',*,*,#1022,.F.);
#5830=EDGE_LOOP('',(#5824,#5825,#5826,#5827,#5828,#5829));
#5831=FACE_BOUND('',#5830,.T.);
#5832=ADVANCED_FACE('',(#5831),#5818,.F.);
#5833=CARTESIAN_POINT('',(-51.734525758,7.5,-45.480685798));
#5834=DIRECTION('',(0.,1.,0.));
#5835=DIRECTION('',(-0.866025404,0.,0.5));
#5836=AXIS2_PLACEMENT_3D('',#5833,#5834,#5835);
#5837=TOROIDAL_SURFACE('',#5836,2.4,1.5);
#5838=ORIENTED_EDGE('',*,*,#769,.F.);
#5839=ORIENTED_EDGE('',*,*,#2931,.F.);
#5840=CARTESIAN_POINT('',(-52.934525758,7.5,-47.559146767));
#5841=DIRECTION('',(0.866025404,0.,-0.5));
#5842=DIRECTION('',(-0.5,0.,-0.866025404));
#5843=AXIS2_PLACEMENT_3D('',#5840,#5841,#5842);
#5844=CIRCLE('',#5843,1.5);
#5845=EDGE_CURVE('',#1124,#1207,#5844,.T.);
#5846=ORIENTED_EDGE('',*,*,#5845,.F.);
#5847=ORIENTED_EDGE('',*,*,#1155,.F.);
#5848=EDGE_LOOP('',(#5838,#5839,#5846,#5847));
#5849=FACE_BOUND('',#5848,.T.);
#5850=ADVANCED_FACE('',(#5849),#5837,.F.);
#5851=CARTESIAN_POINT('',(-56.053949262,7.5,-45.758146767));
#5852=DIRECTION('',(0.866025404,0.,-0.5));
#5853=DIRECTION('',(-0.5,0.,-0.866025404));
#5854=AXIS2_PLACEMENT_3D('',#5851,#5852,#5853);
#5855=CYLINDRICAL_SURFACE('',#5854,1.5);
#5856=ORIENTED_EDGE('',*,*,#5845,.T.);
#5857=ORIENTED_EDGE('',*,*,#1212,.F.);
#5858=CARTESIAN_POINT('',(-55.186191808,7.5,-46.259146767));
#5859=DIRECTION('',(0.866025404,0.,-0.5));
#5860=DIRECTION('',(-0.5,0.,-0.866025404));
#5861=AXIS2_PLACEMENT_3D('',#5858,#5859,#5860);
#5862=CIRCLE('',#5861,1.5);
#5863=EDGE_CURVE('',#1126,#1174,#5862,.T.);
#5864=ORIENTED_EDGE('',*,*,#5863,.F.);
#5865=ORIENTED_EDGE('',*,*,#1131,.F.);
#5866=EDGE_LOOP('',(#5856,#5857,#5864,#5865));
#5867=FACE_BOUND('',#5866,.T.);
#5868=ADVANCED_FACE('',(#5867),#5855,.F.);
#5869=CARTESIAN_POINT('',(-53.936191808,7.5,-44.094083258));
#5870=DIRECTION('',(0.,1.,0.));
#5871=DIRECTION('',(-0.866025404,0.,0.5));
#5872=AXIS2_PLACEMENT_3D('',#5869,#5870,#5871);
#5873=TOROIDAL_SURFACE('',#5872,2.5,1.5);
#5874=ORIENTED_EDGE('',*,*,#5863,.T.);
#5875=ORIENTED_EDGE('',*,*,#1180,.F.);
#5876=ORIENTED_EDGE('',*,*,#988,.F.);
#5877=ORIENTED_EDGE('',*,*,#955,.F.);
#5878=ORIENTED_EDGE('',*,*,#886,.F.);
#5879=ORIENTED_EDGE('',*,*,#1138,.F.);
#5880=EDGE_LOOP('',(#5874,#5875,#5876,#5877,#5878,#5879));
#5881=FACE_BOUND('',#5880,.T.);
#5882=ADVANCED_FACE('',(#5881),#5873,.F.);
#5883=CARTESIAN_POINT('',(-51.734525758,-7.5,-45.480685798));
#5884=DIRECTION('',(0.,-1.,0.));
#5885=DIRECTION('',(0.866025404,0.,-0.5));
#5886=AXIS2_PLACEMENT_3D('',#5883,#5884,#5885);
#5887=TOROIDAL_SURFACE('',#5886,2.4,1.5);
#5888=ORIENTED_EDGE('',*,*,#4035,.F.);
#5889=ORIENTED_EDGE('',*,*,#4378,.F.);
#5890=CARTESIAN_POINT('',(-52.934525758,-7.5,-47.559146767));
#5891=DIRECTION('',(0.866025404,0.,-0.5));
#5892=DIRECTION('',(-0.5,0.,-0.866025404));
#5893=AXIS2_PLACEMENT_3D('',#5890,#5891,#5892);
#5894=CIRCLE('',#5893,1.5);
#5895=EDGE_CURVE('',#1215,#4366,#5894,.T.);
#5896=ORIENTED_EDGE('',*,*,#5895,.F.);
#5897=ORIENTED_EDGE('',*,*,#2973,.F.);
#5898=EDGE_LOOP('',(#5888,#5889,#5896,#5897));
#5899=FACE_BOUND('',#5898,.T.);
#5900=ADVANCED_FACE('',(#5899),#5887,.F.);
#5901=CARTESIAN_POINT('',(-54.320166404,-7.5,-46.759146767));
#5902=DIRECTION('',(0.866025404,0.,-0.5));
#5903=DIRECTION('',(-0.5,0.,-0.866025404));
#5904=AXIS2_PLACEMENT_3D('',#5901,#5902,#5903);
#5905=CYLINDRICAL_SURFACE('',#5904,1.5);
#5906=ORIENTED_EDGE('',*,*,#5895,.T.);
#5907=ORIENTED_EDGE('',*,*,#4371,.F.);
#5908=CARTESIAN_POINT('',(-55.186191808,-7.5,-46.259146767));
#5909=DIRECTION('',(0.866025404,0.,-0.5));
#5910=DIRECTION('',(-0.5,0.,-0.866025404));
#5911=AXIS2_PLACEMENT_3D('',#5908,#5909,#5910);
#5912=CIRCLE('',#5911,1.5);
#5913=EDGE_CURVE('',#1183,#4357,#5912,.T.);
#5914=ORIENTED_EDGE('',*,*,#5913,.F.);
#5915=ORIENTED_EDGE('',*,*,#1226,.F.);
#5916=EDGE_LOOP('',(#5906,#5907,#5914,#5915));
#5917=FACE_BOUND('',#5916,.T.);
#5918=ADVANCED_FACE('',(#5917),#5905,.F.);
#5919=CARTESIAN_POINT('',(-53.936191808,-7.5,-44.094083258));
#5920=DIRECTION('',(0.,-1.,0.));
#5921=DIRECTION('',(0.866025404,0.,-0.5));
#5922=AXIS2_PLACEMENT_3D('',#5919,#5920,#5921);
#5923=TOROIDAL_SURFACE('',#5922,2.5,1.5);
#5924=ORIENTED_EDGE('',*,*,#5913,.T.);
#5925=ORIENTED_EDGE('',*,*,#4363,.F.);
#5926=ORIENTED_EDGE('',*,*,#4133,.F.);
#5927=ORIENTED_EDGE('',*,*,#4205,.F.);
#5928=ORIENTED_EDGE('',*,*,#4229,.F.);
#5929=ORIENTED_EDGE('',*,*,#1195,.F.);
#5930=EDGE_LOOP('',(#5924,#5925,#5926,#5927,#5928,#5929));
#5931=FACE_BOUND('',#5930,.T.);
#5932=ADVANCED_FACE('',(#5931),#5923,.F.);
#5933=CARTESIAN_POINT('',(-16.04045355,-18.9,21.543260795));
#5934=DIRECTION('',(0.866025404,0.,-0.5));
#5935=DIRECTION('',(-0.5,0.,-0.866025404));
#5936=AXIS2_PLACEMENT_3D('',#5933,#5934,#5935);
#5937=PLANE('',#5936);
#5938=CARTESIAN_POINT('',(-52.036191808,-17.9,-40.803186724));
#5939=VERTEX_POINT('',#5938);
#5940=CARTESIAN_POINT('',(-52.036191808,-18.4,-40.803186724));
#5941=DIRECTION('',(0.,1.,0.));
#5942=VECTOR('',#5941,0.5);
#5943=LINE('',#5940,#5942);
#5944=EDGE_CURVE('',#704,#5939,#5943,.T.);
#5945=ORIENTED_EDGE('',*,*,#5944,.T.);
#5946=CARTESIAN_POINT('',(-48.221341808,-17.9,-34.1956727));
#5947=VERTEX_POINT('',#5946);
#5948=CARTESIAN_POINT('',(-48.221341808,-17.9,-34.1956727));
#5949=DIRECTION('',(-0.5,0.,-0.866025404));
#5950=VECTOR('',#5949,7.6297);
#5951=LINE('',#5948,#5950);
#5952=EDGE_CURVE('',#5947,#5939,#5951,.T.);
#5953=ORIENTED_EDGE('',*,*,#5952,.F.);
#5954=CARTESIAN_POINT('',(-48.221341808,-17.9,-34.1956727));
#5955=DIRECTION('',(0.,-1.,0.));
#5956=VECTOR('',#5955,0.5);
#5957=LINE('',#5954,#5956);
#5958=EDGE_CURVE('',#5947,#2018,#5957,.T.);
#5959=ORIENTED_EDGE('',*,*,#5958,.T.);
#5960=ORIENTED_EDGE('',*,*,#2095,.F.);
#5961=EDGE_LOOP('',(#5945,#5953,#5959,#5960));
#5962=FACE_BOUND('',#5961,.T.);
#5963=ADVANCED_FACE('',(#5962),#5937,.T.);
#5964=CARTESIAN_POINT('',(-47.345548656,-18.9,-35.278754465));
#5965=DIRECTION('',(0.,1.,0.));
#5966=DIRECTION('',(-0.866025404,0.,0.5));
#5967=AXIS2_PLACEMENT_3D('',#5964,#5965,#5966);
#5968=CYLINDRICAL_SURFACE('',#5967,0.6);
#5969=CARTESIAN_POINT('',(-47.865163898,-17.9,-34.978754465));
#5970=VERTEX_POINT('',#5969);
#5971=CARTESIAN_POINT('',(-47.865163898,-17.9,-34.978754465));
#5972=DIRECTION('',(-0.,-1.,-0.));
#5973=VECTOR('',#5972,0.5);
#5974=LINE('',#5971,#5973);
#5975=EDGE_CURVE('',#5970,#2269,#5974,.T.);
#5976=ORIENTED_EDGE('',*,*,#5975,.T.);
#5977=ORIENTED_EDGE('',*,*,#2277,.T.);
#5978=CARTESIAN_POINT('',(-47.863126294,-17.9,-34.975252589));
#5979=VERTEX_POINT('',#5978);
#5980=CARTESIAN_POINT('',(-47.863126294,-17.9,-34.975252589));
#5981=DIRECTION('',(0.,-1.,0.));
#5982=VECTOR('',#5981,0.5);
#5983=LINE('',#5980,#5982);
#5984=EDGE_CURVE('',#5979,#2271,#5983,.T.);
#5985=ORIENTED_EDGE('',*,*,#5984,.F.);
#5986=CARTESIAN_POINT('',(-47.345548656,-17.9,-35.278754465));
#5987=DIRECTION('',(0.,-1.,0.));
#5988=DIRECTION('',(0.866025404,0.,-0.5));
#5989=AXIS2_PLACEMENT_3D('',#5986,#5987,#5988);
#5990=CIRCLE('',#5989,0.6);
#5991=EDGE_CURVE('',#5979,#5970,#5990,.T.);
#5992=ORIENTED_EDGE('',*,*,#5991,.T.);
#5993=EDGE_LOOP('',(#5976,#5977,#5985,#5992));
#5994=FACE_BOUND('',#5993,.T.);
#5995=ADVANCED_FACE('',(#5994),#5968,.T.);
#5996=CARTESIAN_POINT('',(-46.454346125,-18.9,-33.7351464));
#5997=DIRECTION('',(0.,1.,0.));
#5998=DIRECTION('',(-0.866025404,0.,0.5));
#5999=AXIS2_PLACEMENT_3D('',#5996,#5997,#5998);
#6000=CYLINDRICAL_SURFACE('',#5999,0.6);
#6001=ORIENTED_EDGE('',*,*,#2410,.T.);
#6002=CARTESIAN_POINT('',(-46.541806642,-17.9,-34.328737723));
#6003=VERTEX_POINT('',#6002);
#6004=CARTESIAN_POINT('',(-46.541806642,-17.9,-34.328737723));
#6005=DIRECTION('',(-0.,-1.,-0.));
#6006=VECTOR('',#6005,0.424186974);
#6007=LINE('',#6004,#6006);
#6008=EDGE_CURVE('',#6003,#2377,#6007,.T.);
#6009=ORIENTED_EDGE('',*,*,#6008,.F.);
#6010=CARTESIAN_POINT('',(-46.454346125,-17.9,-33.7351464));
#6011=DIRECTION('',(0.,-1.,0.));
#6012=DIRECTION('',(0.866025404,0.,-0.5));
#6013=AXIS2_PLACEMENT_3D('',#6010,#6011,#6012);
#6014=CIRCLE('',#6013,0.6);
#6015=EDGE_CURVE('',#6003,#2389,#6014,.T.);
#6016=ORIENTED_EDGE('',*,*,#6015,.T.);
#6017=EDGE_LOOP('',(#6001,#6009,#6016));
#6018=FACE_BOUND('',#6017,.T.);
#6019=ADVANCED_FACE('',(#6018),#6000,.T.);
#6020=CARTESIAN_POINT('',(-14.585640646,-17.9,22.06307066));
#6021=DIRECTION('',(0.,1.,0.));
#6022=DIRECTION('',(0.5,0.,0.866025404));
#6023=AXIS2_PLACEMENT_3D('',#6020,#6021,#6022);
#6024=PLANE('',#6023);
#6025=ORIENTED_EDGE('',*,*,#2418,.T.);
#6026=ORIENTED_EDGE('',*,*,#6015,.F.);
#6027=CARTESIAN_POINT('',(-46.895934168,-17.9,-34.499999327));
#6028=VERTEX_POINT('',#6027);
#6029=CARTESIAN_POINT('',(-46.592825277,-17.9,-34.674999327));
#6030=DIRECTION('',(0.,1.,0.));
#6031=DIRECTION('',(-0.866025404,0.,0.5));
#6032=AXIS2_PLACEMENT_3D('',#6029,#6030,#6031);
#6033=CIRCLE('',#6032,0.35);
#6034=EDGE_CURVE('',#6028,#6003,#6033,.T.);
#6035=ORIENTED_EDGE('',*,*,#6034,.F.);
#6036=CARTESIAN_POINT('',(-46.903960613,-17.9,-34.513901538));
#6037=VERTEX_POINT('',#6036);
#6038=CARTESIAN_POINT('',(-46.895934168,-17.9,-34.499999327));
#6039=DIRECTION('',(-0.5,0.,-0.866025404));
#6040=VECTOR('',#6039,0.01605289);
#6041=LINE('',#6038,#6040);
#6042=EDGE_CURVE('',#6028,#6037,#6041,.T.);
#6043=ORIENTED_EDGE('',*,*,#6042,.T.);
#6044=CARTESIAN_POINT('',(-46.87521375,-17.9,-34.906215774));
#6045=VERTEX_POINT('',#6044);
#6046=CARTESIAN_POINT('',(-46.600851722,-17.9,-34.688901538));
#6047=DIRECTION('',(0.,1.,0.));
#6048=DIRECTION('',(-0.866025404,0.,0.5));
#6049=AXIS2_PLACEMENT_3D('',#6046,#6047,#6048);
#6050=CIRCLE('',#6049,0.35);
#6051=EDGE_CURVE('',#6045,#6037,#6050,.T.);
#6052=ORIENTED_EDGE('',*,*,#6051,.F.);
#6053=CARTESIAN_POINT('',(-47.345548656,-17.9,-35.278754465));
#6054=DIRECTION('',(0.,-1.,0.));
#6055=DIRECTION('',(0.866025404,0.,-0.5));
#6056=AXIS2_PLACEMENT_3D('',#6053,#6054,#6055);
#6057=CIRCLE('',#6056,0.6);
#6058=EDGE_CURVE('',#5970,#6045,#6057,.T.);
#6059=ORIENTED_EDGE('',*,*,#6058,.F.);
#6060=ORIENTED_EDGE('',*,*,#5991,.F.);
#6061=CARTESIAN_POINT('',(-47.650213819,-17.9,-34.757252814));
#6062=VERTEX_POINT('',#6061);
#6063=CARTESIAN_POINT('',(-47.34149714,-17.9,-35.271737034));
#6064=DIRECTION('',(0.,-1.,0.));
#6065=DIRECTION('',(0.866025404,0.,-0.5));
#6066=AXIS2_PLACEMENT_3D('',#6063,#6064,#6065);
#6067=CIRCLE('',#6066,0.6);
#6068=EDGE_CURVE('',#6062,#5979,#6067,.T.);
#6069=ORIENTED_EDGE('',*,*,#6068,.F.);
#6070=CARTESIAN_POINT('',(-47.504801009,-17.9,-34.609367724));
#6071=VERTEX_POINT('',#6070);
#6072=CARTESIAN_POINT('',(-47.863071408,-17.9,-34.402520212));
#6073=DIRECTION('',(0.,-1.,0.));
#6074=DIRECTION('',(0.866025404,0.,-0.5));
#6075=AXIS2_PLACEMENT_3D('',#6072,#6073,#6074);
#6076=CIRCLE('',#6075,0.413695023);
#6077=EDGE_CURVE('',#6062,#6071,#6076,.T.);
#6078=ORIENTED_EDGE('',*,*,#6077,.T.);
#6079=CARTESIAN_POINT('',(-47.863071408,-17.9,-34.402520212));
#6080=DIRECTION('',(0.,-1.,0.));
#6081=DIRECTION('',(0.866025404,0.,-0.5));
#6082=AXIS2_PLACEMENT_3D('',#6079,#6080,#6081);
#6083=CIRCLE('',#6082,0.413695023);
#6084=EDGE_CURVE('',#6071,#5947,#6083,.T.);
#6085=ORIENTED_EDGE('',*,*,#6084,.T.);
#6086=ORIENTED_EDGE('',*,*,#5952,.T.);
#6087=CARTESIAN_POINT('',(-49.784525758,-17.9,-42.103186724));
#6088=VERTEX_POINT('',#6087);
#6089=CARTESIAN_POINT('',(-50.910358783,-17.9,-41.453186724));
#6090=DIRECTION('',(0.,-1.,0.));
#6091=DIRECTION('',(0.866025404,0.,-0.5));
#6092=AXIS2_PLACEMENT_3D('',#6089,#6090,#6091);
#6093=CIRCLE('',#6092,1.3);
#6094=EDGE_CURVE('',#5939,#6088,#6093,.T.);
#6095=ORIENTED_EDGE('',*,*,#6094,.T.);
#6096=CARTESIAN_POINT('',(-49.784525758,-17.9,-42.103186724));
#6097=DIRECTION('',(0.5,0.,0.866025404));
#6098=VECTOR('',#6097,9.432475638);
#6099=LINE('',#6096,#6098);
#6100=EDGE_CURVE('',#6088,#2413,#6099,.T.);
#6101=ORIENTED_EDGE('',*,*,#6100,.T.);
#6102=EDGE_LOOP('',(#6025,#6026,#6035,#6043,#6052,#6059,#6060,#6069,#6078,#6085,#6086,#6095,#6101));
#6103=FACE_BOUND('',#6102,.T.);
#6104=CARTESIAN_POINT('',(-48.75636643,-17.9,-36.52236253));
#6105=VERTEX_POINT('',#6104);
#6106=CARTESIAN_POINT('',(-47.717135946,-17.9,-37.12236253));
#6107=VERTEX_POINT('',#6106);
#6108=CARTESIAN_POINT('',(-48.236751188,-17.9,-36.82236253));
#6109=DIRECTION('',(0.,-1.,0.));
#6110=DIRECTION('',(0.866025404,0.,-0.5));
#6111=AXIS2_PLACEMENT_3D('',#6108,#6109,#6110);
#6112=CIRCLE('',#6111,0.6);
#6113=EDGE_CURVE('',#6105,#6107,#6112,.T.);
#6114=ORIENTED_EDGE('',*,*,#6113,.F.);
#6115=CARTESIAN_POINT('',(-48.236751188,-17.9,-36.82236253));
#6116=DIRECTION('',(0.,-1.,0.));
#6117=DIRECTION('',(0.866025404,0.,-0.5));
#6118=AXIS2_PLACEMENT_3D('',#6115,#6116,#6117);
#6119=CIRCLE('',#6118,0.6);
#6120=EDGE_CURVE('',#6107,#6105,#6119,.T.);
#6121=ORIENTED_EDGE('',*,*,#6120,.F.);
#6122=EDGE_LOOP('',(#6114,#6121));
#6123=FACE_BOUND('',#6122,.T.);
#6124=CARTESIAN_POINT('',(-49.647568962,-17.9,-38.065970594));
#6125=VERTEX_POINT('',#6124);
#6126=CARTESIAN_POINT('',(-48.608338477,-17.9,-38.665970594));
#6127=VERTEX_POINT('',#6126);
#6128=CARTESIAN_POINT('',(-49.127953719,-17.9,-38.365970594));
#6129=DIRECTION('',(0.,-1.,0.));
#6130=DIRECTION('',(0.866025404,0.,-0.5));
#6131=AXIS2_PLACEMENT_3D('',#6128,#6129,#6130);
#6132=CIRCLE('',#6131,0.6);
#6133=EDGE_CURVE('',#6125,#6127,#6132,.T.);
#6134=ORIENTED_EDGE('',*,*,#6133,.F.);
#6135=CARTESIAN_POINT('',(-49.127953719,-17.9,-38.365970594));
#6136=DIRECTION('',(0.,-1.,0.));
#6137=DIRECTION('',(0.866025404,0.,-0.5));
#6138=AXIS2_PLACEMENT_3D('',#6135,#6136,#6137);
#6139=CIRCLE('',#6138,0.6);
#6140=EDGE_CURVE('',#6127,#6125,#6139,.T.);
#6141=ORIENTED_EDGE('',*,*,#6140,.F.);
#6142=EDGE_LOOP('',(#6134,#6141));
#6143=FACE_BOUND('',#6142,.T.);
#6144=CARTESIAN_POINT('',(-50.538771493,-17.9,-39.609578659));
#6145=VERTEX_POINT('',#6144);
#6146=CARTESIAN_POINT('',(-49.499541009,-17.9,-40.209578659));
#6147=VERTEX_POINT('',#6146);
#6148=CARTESIAN_POINT('',(-50.019156251,-17.9,-39.909578659));
#6149=DIRECTION('',(0.,-1.,0.));
#6150=DIRECTION('',(0.866025404,0.,-0.5));
#6151=AXIS2_PLACEMENT_3D('',#6148,#6149,#6150);
#6152=CIRCLE('',#6151,0.6);
#6153=EDGE_CURVE('',#6145,#6147,#6152,.T.);
#6154=ORIENTED_EDGE('',*,*,#6153,.F.);
#6155=CARTESIAN_POINT('',(-50.019156251,-17.9,-39.909578659));
#6156=DIRECTION('',(0.,-1.,0.));
#6157=DIRECTION('',(0.866025404,0.,-0.5));
#6158=AXIS2_PLACEMENT_3D('',#6155,#6156,#6157);
#6159=CIRCLE('',#6158,0.6);
#6160=EDGE_CURVE('',#6147,#6145,#6159,.T.);
#6161=ORIENTED_EDGE('',*,*,#6160,.F.);
#6162=EDGE_LOOP('',(#6154,#6161));
#6163=FACE_BOUND('',#6162,.T.);
#6164=CARTESIAN_POINT('',(-51.429974025,-17.9,-41.153186724));
#6165=VERTEX_POINT('',#6164);
#6166=CARTESIAN_POINT('',(-50.390743541,-17.9,-41.753186724));
#6167=VERTEX_POINT('',#6166);
#6168=CARTESIAN_POINT('',(-50.910358783,-17.9,-41.453186724));
#6169=DIRECTION('',(0.,-1.,0.));
#6170=DIRECTION('',(0.866025404,0.,-0.5));
#6171=AXIS2_PLACEMENT_3D('',#6168,#6169,#6170);
#6172=CIRCLE('',#6171,0.6);
#6173=EDGE_CURVE('',#6165,#6167,#6172,.T.);
#6174=ORIENTED_EDGE('',*,*,#6173,.F.);
#6175=CARTESIAN_POINT('',(-50.910358783,-17.9,-41.453186724));
#6176=DIRECTION('',(0.,-1.,0.));
#6177=DIRECTION('',(0.866025404,0.,-0.5));
#6178=AXIS2_PLACEMENT_3D('',#6175,#6176,#6177);
#6179=CIRCLE('',#6178,0.6);
#6180=EDGE_CURVE('',#6167,#6165,#6179,.T.);
#6181=ORIENTED_EDGE('',*,*,#6180,.F.);
#6182=EDGE_LOOP('',(#6174,#6181));
#6183=FACE_BOUND('',#6182,.T.);
#6184=ADVANCED_FACE('',(#6103,#6123,#6143,#6163,#6183),#6024,.F.);
#6185=CARTESIAN_POINT('',(-50.910358783,-18.9,-41.453186724));
#6186=DIRECTION('',(0.,1.,0.));
#6187=DIRECTION('',(-0.866025404,0.,0.5));
#6188=AXIS2_PLACEMENT_3D('',#6185,#6186,#6187);
#6189=CYLINDRICAL_SURFACE('',#6188,1.3);
#6190=CARTESIAN_POINT('',(-49.784525758,-18.4,-42.103186724));
#6191=DIRECTION('',(0.,1.,0.));
#6192=VECTOR('',#6191,0.5);
#6193=LINE('',#6190,#6192);
#6194=EDGE_CURVE('',#663,#6088,#6193,.T.);
#6195=ORIENTED_EDGE('',*,*,#6194,.T.);
#6196=ORIENTED_EDGE('',*,*,#6094,.F.);
#6197=ORIENTED_EDGE('',*,*,#5944,.F.);
#6198=ORIENTED_EDGE('',*,*,#710,.F.);
#6199=ORIENTED_EDGE('',*,*,#679,.F.);
#6200=EDGE_LOOP('',(#6195,#6196,#6197,#6198,#6199));
#6201=FACE_BOUND('',#6200,.T.);
#6202=ADVANCED_FACE('',(#6201),#6189,.F.);
#6203=CARTESIAN_POINT('',(-50.910358783,-18.9,-41.453186724));
#6204=DIRECTION('',(0.,1.,0.));
#6205=DIRECTION('',(-0.866025404,0.,0.5));
#6206=AXIS2_PLACEMENT_3D('',#6203,#6204,#6205);
#6207=CYLINDRICAL_SURFACE('',#6206,0.6);
#6208=CARTESIAN_POINT('',(-51.429974025,-18.4,-41.153186724));
#6209=VERTEX_POINT('',#6208);
#6210=CARTESIAN_POINT('',(-51.429974025,-17.9,-41.153186724));
#6211=DIRECTION('',(-0.,-1.,-0.));
#6212=VECTOR('',#6211,0.5);
#6213=LINE('',#6210,#6212);
#6214=EDGE_CURVE('',#6165,#6209,#6213,.T.);
#6215=ORIENTED_EDGE('',*,*,#6214,.T.);
#6216=CARTESIAN_POINT('',(-50.390743541,-18.4,-41.753186724));
#6217=VERTEX_POINT('',#6216);
#6218=CARTESIAN_POINT('',(-50.910358783,-18.4,-41.453186724));
#6219=DIRECTION('',(-0.,1.,-0.));
#6220=DIRECTION('',(0.866025404,0.,-0.5));
#6221=AXIS2_PLACEMENT_3D('',#6218,#6219,#6220);
#6222=CIRCLE('',#6221,0.6);
#6223=EDGE_CURVE('',#6209,#6217,#6222,.T.);
#6224=ORIENTED_EDGE('',*,*,#6223,.T.);
#6225=CARTESIAN_POINT('',(-50.910358783,-18.4,-41.453186724));
#6226=DIRECTION('',(-0.,1.,-0.));
#6227=DIRECTION('',(0.866025404,0.,-0.5));
#6228=AXIS2_PLACEMENT_3D('',#6225,#6226,#6227);
#6229=CIRCLE('',#6228,0.6);
#6230=EDGE_CURVE('',#6217,#6209,#6229,.T.);
#6231=ORIENTED_EDGE('',*,*,#6230,.T.);
#6232=ORIENTED_EDGE('',*,*,#6214,.F.);
#6233=ORIENTED_EDGE('',*,*,#6173,.T.);
#6234=ORIENTED_EDGE('',*,*,#6180,.T.);
#6235=EDGE_LOOP('',(#6215,#6224,#6231,#6232,#6233,#6234));
#6236=FACE_BOUND('',#6235,.T.);
#6237=ADVANCED_FACE('',(#6236),#6207,.T.);
#6238=CARTESIAN_POINT('',(-50.019156251,-18.9,-39.909578659));
#6239=DIRECTION('',(0.,1.,0.));
#6240=DIRECTION('',(-0.866025404,0.,0.5));
#6241=AXIS2_PLACEMENT_3D('',#6238,#6239,#6240);
#6242=CYLINDRICAL_SURFACE('',#6241,0.6);
#6243=CARTESIAN_POINT('',(-50.538771493,-18.4,-39.609578659));
#6244=VERTEX_POINT('',#6243);
#6245=CARTESIAN_POINT('',(-50.538771493,-17.9,-39.609578659));
#6246=DIRECTION('',(-0.,-1.,-0.));
#6247=VECTOR('',#6246,0.5);
#6248=LINE('',#6245,#6247);
#6249=EDGE_CURVE('',#6145,#6244,#6248,.T.);
#6250=ORIENTED_EDGE('',*,*,#6249,.T.);
#6251=CARTESIAN_POINT('',(-49.499541009,-18.4,-40.209578659));
#6252=VERTEX_POINT('',#6251);
#6253=CARTESIAN_POINT('',(-50.019156251,-18.4,-39.909578659));
#6254=DIRECTION('',(-0.,1.,-0.));
#6255=DIRECTION('',(0.866025404,0.,-0.5));
#6256=AXIS2_PLACEMENT_3D('',#6253,#6254,#6255);
#6257=CIRCLE('',#6256,0.6);
#6258=EDGE_CURVE('',#6244,#6252,#6257,.T.);
#6259=ORIENTED_EDGE('',*,*,#6258,.T.);
#6260=CARTESIAN_POINT('',(-50.019156251,-18.4,-39.909578659));
#6261=DIRECTION('',(-0.,1.,-0.));
#6262=DIRECTION('',(0.866025404,0.,-0.5));
#6263=AXIS2_PLACEMENT_3D('',#6260,#6261,#6262);
#6264=CIRCLE('',#6263,0.6);
#6265=EDGE_CURVE('',#6252,#6244,#6264,.T.);
#6266=ORIENTED_EDGE('',*,*,#6265,.T.);
#6267=ORIENTED_EDGE('',*,*,#6249,.F.);
#6268=ORIENTED_EDGE('',*,*,#6153,.T.);
#6269=ORIENTED_EDGE('',*,*,#6160,.T.);
#6270=EDGE_LOOP('',(#6250,#6259,#6266,#6267,#6268,#6269));
#6271=FACE_BOUND('',#6270,.T.);
#6272=ADVANCED_FACE('',(#6271),#6242,.T.);
#6273=CARTESIAN_POINT('',(-49.127953719,-18.9,-38.365970594));
#6274=DIRECTION('',(0.,1.,0.));
#6275=DIRECTION('',(-0.866025404,0.,0.5));
#6276=AXIS2_PLACEMENT_3D('',#6273,#6274,#6275);
#6277=CYLINDRICAL_SURFACE('',#6276,0.6);
#6278=CARTESIAN_POINT('',(-49.647568962,-18.4,-38.065970594));
#6279=VERTEX_POINT('',#6278);
#6280=CARTESIAN_POINT('',(-49.647568962,-17.9,-38.065970594));
#6281=DIRECTION('',(-0.,-1.,-0.));
#6282=VECTOR('',#6281,0.5);
#6283=LINE('',#6280,#6282);
#6284=EDGE_CURVE('',#6125,#6279,#6283,.T.);
#6285=ORIENTED_EDGE('',*,*,#6284,.T.);
#6286=CARTESIAN_POINT('',(-48.608338477,-18.4,-38.665970594));
#6287=VERTEX_POINT('',#6286);
#6288=CARTESIAN_POINT('',(-49.127953719,-18.4,-38.365970594));
#6289=DIRECTION('',(-0.,1.,-0.));
#6290=DIRECTION('',(0.866025404,0.,-0.5));
#6291=AXIS2_PLACEMENT_3D('',#6288,#6289,#6290);
#6292=CIRCLE('',#6291,0.6);
#6293=EDGE_CURVE('',#6279,#6287,#6292,.T.);
#6294=ORIENTED_EDGE('',*,*,#6293,.T.);
#6295=CARTESIAN_POINT('',(-49.127953719,-18.4,-38.365970594));
#6296=DIRECTION('',(-0.,1.,-0.));
#6297=DIRECTION('',(0.866025404,0.,-0.5));
#6298=AXIS2_PLACEMENT_3D('',#6295,#6296,#6297);
#6299=CIRCLE('',#6298,0.6);
#6300=EDGE_CURVE('',#6287,#6279,#6299,.T.);
#6301=ORIENTED_EDGE('',*,*,#6300,.T.);
#6302=ORIENTED_EDGE('',*,*,#6284,.F.);
#6303=ORIENTED_EDGE('',*,*,#6133,.T.);
#6304=ORIENTED_EDGE('',*,*,#6140,.T.);
#6305=EDGE_LOOP('',(#6285,#6294,#6301,#6302,#6303,#6304));
#6306=FACE_BOUND('',#6305,.T.);
#6307=ADVANCED_FACE('',(#6306),#6277,.T.);
#6308=CARTESIAN_POINT('',(-48.236751188,-18.9,-36.82236253));
#6309=DIRECTION('',(0.,1.,0.));
#6310=DIRECTION('',(-0.866025404,0.,0.5));
#6311=AXIS2_PLACEMENT_3D('',#6308,#6309,#6310);
#6312=CYLINDRICAL_SURFACE('',#6311,0.6);
#6313=CARTESIAN_POINT('',(-48.75636643,-18.4,-36.52236253));
#6314=VERTEX_POINT('',#6313);
#6315=CARTESIAN_POINT('',(-48.75636643,-17.9,-36.52236253));
#6316=DIRECTION('',(-0.,-1.,-0.));
#6317=VECTOR('',#6316,0.5);
#6318=LINE('',#6315,#6317);
#6319=EDGE_CURVE('',#6105,#6314,#6318,.T.);
#6320=ORIENTED_EDGE('',*,*,#6319,.T.);
#6321=CARTESIAN_POINT('',(-47.717135946,-18.4,-37.12236253));
#6322=VERTEX_POINT('',#6321);
#6323=CARTESIAN_POINT('',(-48.236751188,-18.4,-36.82236253));
#6324=DIRECTION('',(-0.,1.,-0.));
#6325=DIRECTION('',(0.866025404,0.,-0.5));
#6326=AXIS2_PLACEMENT_3D('',#6323,#6324,#6325);
#6327=CIRCLE('',#6326,0.6);
#6328=EDGE_CURVE('',#6314,#6322,#6327,.T.);
#6329=ORIENTED_EDGE('',*,*,#6328,.T.);
#6330=CARTESIAN_POINT('',(-48.236751188,-18.4,-36.82236253));
#6331=DIRECTION('',(-0.,1.,-0.));
#6332=DIRECTION('',(0.866025404,0.,-0.5));
#6333=AXIS2_PLACEMENT_3D('',#6330,#6331,#6332);
#6334=CIRCLE('',#6333,0.6);
#6335=EDGE_CURVE('',#6322,#6314,#6334,.T.);
#6336=ORIENTED_EDGE('',*,*,#6335,.T.);
#6337=ORIENTED_EDGE('',*,*,#6319,.F.);
#6338=ORIENTED_EDGE('',*,*,#6113,.T.);
#6339=ORIENTED_EDGE('',*,*,#6120,.T.);
#6340=EDGE_LOOP('',(#6320,#6329,#6336,#6337,#6338,#6339));
#6341=FACE_BOUND('',#6340,.T.);
#6342=ADVANCED_FACE('',(#6341),#6312,.T.);
#6343=CARTESIAN_POINT('',(-14.58,-18.9,18.872840545));
#6344=DIRECTION('',(-0.866025404,0.,0.5));
#6345=DIRECTION('',(0.5,0.,0.866025404));
#6346=AXIS2_PLACEMENT_3D('',#6343,#6344,#6345);
#6347=PLANE('',#6346);
#6348=ORIENTED_EDGE('',*,*,#6100,.F.);
#6349=ORIENTED_EDGE('',*,*,#6194,.F.);
#6350=ORIENTED_EDGE('',*,*,#2793,.F.);
#6351=ORIENTED_EDGE('',*,*,#2731,.F.);
#6352=EDGE_LOOP('',(#6348,#6349,#6350,#6351));
#6353=FACE_BOUND('',#6352,.T.);
#6354=ADVANCED_FACE('',(#6353),#6347,.T.);
#6355=CARTESIAN_POINT('',(-47.863071408,-17.9,-34.402520212));
#6356=DIRECTION('',(0.,-1.,0.));
#6357=DIRECTION('',(0.866025404,0.,-0.5));
#6358=AXIS2_PLACEMENT_3D('',#6355,#6356,#6357);
#6359=CYLINDRICAL_SURFACE('',#6358,0.413695023);
#6360=CARTESIAN_POINT('',(-47.504801009,-18.4,-34.609367724));
#6361=DIRECTION('',(-0.,1.,-0.));
#6362=VECTOR('',#6361,0.5);
#6363=LINE('',#6360,#6362);
#6364=EDGE_CURVE('',#2289,#6071,#6363,.T.);
#6365=ORIENTED_EDGE('',*,*,#6364,.F.);
#6366=ORIENTED_EDGE('',*,*,#2343,.T.);
#6367=ORIENTED_EDGE('',*,*,#5958,.F.);
#6368=ORIENTED_EDGE('',*,*,#6084,.F.);
#6369=EDGE_LOOP('',(#6365,#6366,#6367,#6368));
#6370=FACE_BOUND('',#6369,.T.);
#6371=ADVANCED_FACE('',(#6370),#6359,.F.);
#6372=CARTESIAN_POINT('',(-47.34149714,-17.9,-35.271737034));
#6373=DIRECTION('',(0.,-1.,0.));
#6374=DIRECTION('',(0.866025404,0.,-0.5));
#6375=AXIS2_PLACEMENT_3D('',#6372,#6373,#6374);
#6376=CYLINDRICAL_SURFACE('',#6375,0.6);
#6377=CARTESIAN_POINT('',(-47.650213819,-17.9,-34.757252814));
#6378=DIRECTION('',(0.,-1.,0.));
#6379=VECTOR('',#6378,0.5);
#6380=LINE('',#6377,#6379);
#6381=EDGE_CURVE('',#6062,#2297,#6380,.T.);
#6382=ORIENTED_EDGE('',*,*,#6381,.F.);
#6383=ORIENTED_EDGE('',*,*,#6068,.T.);
#6384=ORIENTED_EDGE('',*,*,#5984,.T.);
#6385=ORIENTED_EDGE('',*,*,#2310,.F.);
#6386=EDGE_LOOP('',(#6382,#6383,#6384,#6385));
#6387=FACE_BOUND('',#6386,.T.);
#6388=ADVANCED_FACE('',(#6387),#6376,.T.);
#6389=CARTESIAN_POINT('',(-46.897921633,-17.9,-34.503441717));
#6390=DIRECTION('',(-0.866025404,0.,0.5));
#6391=DIRECTION('',(0.5,0.,0.866025404));
#6392=AXIS2_PLACEMENT_3D('',#6389,#6390,#6391);
#6393=PLANE('',#6392);
#6394=ORIENTED_EDGE('',*,*,#2374,.T.);
#6395=CARTESIAN_POINT('',(-46.903960613,-17.9,-34.513901538));
#6396=DIRECTION('',(-0.,-1.,-0.));
#6397=VECTOR('',#6396,0.478970709);
#6398=LINE('',#6395,#6397);
#6399=EDGE_CURVE('',#6037,#2356,#6398,.T.);
#6400=ORIENTED_EDGE('',*,*,#6399,.F.);
#6401=ORIENTED_EDGE('',*,*,#6042,.F.);
#6402=CARTESIAN_POINT('',(-46.895934168,-18.377165497,-34.499999327));
#6403=DIRECTION('',(0.,1.,0.));
#6404=VECTOR('',#6403,0.477165497);
#6405=LINE('',#6402,#6404);
#6406=EDGE_CURVE('',#2368,#6028,#6405,.T.);
#6407=ORIENTED_EDGE('',*,*,#6406,.F.);
#6408=EDGE_LOOP('',(#6394,#6400,#6401,#6407));
#6409=FACE_BOUND('',#6408,.T.);
#6410=ADVANCED_FACE('',(#6409),#6393,.F.);
#6411=CARTESIAN_POINT('',(-46.600851722,-18.9,-34.688901538));
#6412=DIRECTION('',(0.,1.,0.));
#6413=DIRECTION('',(-0.866025404,0.,0.5));
#6414=AXIS2_PLACEMENT_3D('',#6411,#6412,#6413);
#6415=CYLINDRICAL_SURFACE('',#6414,0.35);
#6416=ORIENTED_EDGE('',*,*,#2365,.T.);
#6417=CARTESIAN_POINT('',(-46.87521375,-18.399524096,-34.906215774));
#6418=DIRECTION('',(0.,1.,0.));
#6419=VECTOR('',#6418,0.499524096);
#6420=LINE('',#6417,#6419);
#6421=EDGE_CURVE('',#2347,#6045,#6420,.T.);
#6422=ORIENTED_EDGE('',*,*,#6421,.T.);
#6423=ORIENTED_EDGE('',*,*,#6051,.T.);
#6424=ORIENTED_EDGE('',*,*,#6399,.T.);
#6425=EDGE_LOOP('',(#6416,#6422,#6423,#6424));
#6426=FACE_BOUND('',#6425,.T.);
#6427=ADVANCED_FACE('',(#6426),#6415,.F.);
#6428=CARTESIAN_POINT('',(-46.592825277,-18.9,-34.674999327));
#6429=DIRECTION('',(0.,1.,0.));
#6430=DIRECTION('',(-0.866025404,0.,0.5));
#6431=AXIS2_PLACEMENT_3D('',#6428,#6429,#6430);
#6432=CYLINDRICAL_SURFACE('',#6431,0.35);
#6433=ORIENTED_EDGE('',*,*,#2386,.T.);
#6434=ORIENTED_EDGE('',*,*,#6406,.T.);
#6435=ORIENTED_EDGE('',*,*,#6034,.T.);
#6436=ORIENTED_EDGE('',*,*,#6008,.T.);
#6437=EDGE_LOOP('',(#6433,#6434,#6435,#6436));
#6438=FACE_BOUND('',#6437,.T.);
#6439=ADVANCED_FACE('',(#6438),#6432,.F.);
#6440=CARTESIAN_POINT('',(-51.321524262,-18.4,-37.561346224));
#6441=DIRECTION('',(0.,-1.,0.));
#6442=DIRECTION('',(0.866025404,0.,-0.5));
#6443=AXIS2_PLACEMENT_3D('',#6440,#6441,#6442);
#6444=PLANE('',#6443);
#6445=ORIENTED_EDGE('',*,*,#6328,.F.);
#6446=ORIENTED_EDGE('',*,*,#6335,.F.);
#6447=EDGE_LOOP('',(#6445,#6446));
#6448=FACE_BOUND('',#6447,.T.);
#6449=ADVANCED_FACE('',(#6448),#6444,.T.);
#6450=CARTESIAN_POINT('',(-51.321524262,-18.4,-37.561346224));
#6451=DIRECTION('',(0.,-1.,0.));
#6452=DIRECTION('',(0.866025404,0.,-0.5));
#6453=AXIS2_PLACEMENT_3D('',#6450,#6451,#6452);
#6454=PLANE('',#6453);
#6455=ORIENTED_EDGE('',*,*,#6293,.F.);
#6456=ORIENTED_EDGE('',*,*,#6300,.F.);
#6457=EDGE_LOOP('',(#6455,#6456));
#6458=FACE_BOUND('',#6457,.T.);
#6459=ADVANCED_FACE('',(#6458),#6454,.T.);
#6460=CARTESIAN_POINT('',(-51.321524262,-18.4,-37.561346224));
#6461=DIRECTION('',(0.,-1.,0.));
#6462=DIRECTION('',(0.866025404,0.,-0.5));
#6463=AXIS2_PLACEMENT_3D('',#6460,#6461,#6462);
#6464=PLANE('',#6463);
#6465=ORIENTED_EDGE('',*,*,#6258,.F.);
#6466=ORIENTED_EDGE('',*,*,#6265,.F.);
#6467=EDGE_LOOP('',(#6465,#6466));
#6468=FACE_BOUND('',#6467,.T.);
#6469=ADVANCED_FACE('',(#6468),#6464,.T.);
#6470=CARTESIAN_POINT('',(-51.321524262,-18.4,-37.561346224));
#6471=DIRECTION('',(0.,-1.,0.));
#6472=DIRECTION('',(0.866025404,0.,-0.5));
#6473=AXIS2_PLACEMENT_3D('',#6470,#6471,#6472);
#6474=PLANE('',#6473);
#6475=ORIENTED_EDGE('',*,*,#6223,.F.);
#6476=ORIENTED_EDGE('',*,*,#6230,.F.);
#6477=EDGE_LOOP('',(#6475,#6476));
#6478=FACE_BOUND('',#6477,.T.);
#6479=ADVANCED_FACE('',(#6478),#6474,.T.);
#6480=CARTESIAN_POINT('',(-16.04045355,18.9,21.543260795));
#6481=DIRECTION('',(0.866025404,0.,-0.5));
#6482=DIRECTION('',(-0.5,0.,-0.866025404));
#6483=AXIS2_PLACEMENT_3D('',#6480,#6481,#6482);
#6484=PLANE('',#6483);
#6485=CARTESIAN_POINT('',(-48.221341808,17.9,-34.1956727));
#6486=VERTEX_POINT('',#6485);
#6487=CARTESIAN_POINT('',(-48.221341808,17.9,-34.1956727));
#6488=DIRECTION('',(0.,1.,0.));
#6489=VECTOR('',#6488,0.5);
#6490=LINE('',#6487,#6489);
#6491=EDGE_CURVE('',#6486,#2109,#6490,.T.);
#6492=ORIENTED_EDGE('',*,*,#6491,.F.);
#6493=CARTESIAN_POINT('',(-52.036191808,17.9,-40.803186724));
#6494=VERTEX_POINT('',#6493);
#6495=CARTESIAN_POINT('',(-48.221341808,17.9,-34.1956727));
#6496=DIRECTION('',(-0.5,0.,-0.866025404));
#6497=VECTOR('',#6496,7.6297);
#6498=LINE('',#6495,#6497);
#6499=EDGE_CURVE('',#6486,#6494,#6498,.T.);
#6500=ORIENTED_EDGE('',*,*,#6499,.T.);
#6501=CARTESIAN_POINT('',(-52.036191808,18.4,-40.803186724));
#6502=DIRECTION('',(0.,-1.,0.));
#6503=VECTOR('',#6502,0.5);
#6504=LINE('',#6501,#6503);
#6505=EDGE_CURVE('',#632,#6494,#6504,.T.);
#6506=ORIENTED_EDGE('',*,*,#6505,.F.);
#6507=ORIENTED_EDGE('',*,*,#2173,.F.);
#6508=EDGE_LOOP('',(#6492,#6500,#6506,#6507));
#6509=FACE_BOUND('',#6508,.T.);
#6510=ADVANCED_FACE('',(#6509),#6484,.T.);
#6511=CARTESIAN_POINT('',(-47.345548656,18.9,-35.278754465));
#6512=DIRECTION('',(0.,-1.,0.));
#6513=DIRECTION('',(-0.866025404,0.,0.5));
#6514=AXIS2_PLACEMENT_3D('',#6511,#6512,#6513);
#6515=CYLINDRICAL_SURFACE('',#6514,0.6);
#6516=CARTESIAN_POINT('',(-47.865163898,17.9,-34.978754465));
#6517=VERTEX_POINT('',#6516);
#6518=CARTESIAN_POINT('',(-47.865163898,17.9,-34.978754465));
#6519=DIRECTION('',(-0.,1.,-0.));
#6520=VECTOR('',#6519,0.5);
#6521=LINE('',#6518,#6520);
#6522=EDGE_CURVE('',#6517,#2601,#6521,.T.);
#6523=ORIENTED_EDGE('',*,*,#6522,.T.);
#6524=ORIENTED_EDGE('',*,*,#2607,.T.);
#6525=ORIENTED_EDGE('',*,*,#2584,.T.);
#6526=CARTESIAN_POINT('',(-46.87521375,17.9,-34.906215774));
#6527=VERTEX_POINT('',#6526);
#6528=CARTESIAN_POINT('',(-46.87521375,18.399524096,-34.906215774));
#6529=DIRECTION('',(0.,-1.,0.));
#6530=VECTOR('',#6529,0.499524096);
#6531=LINE('',#6528,#6530);
#6532=EDGE_CURVE('',#2566,#6527,#6531,.T.);
#6533=ORIENTED_EDGE('',*,*,#6532,.T.);
#6534=CARTESIAN_POINT('',(-47.345548656,17.9,-35.278754465));
#6535=DIRECTION('',(0.,-1.,0.));
#6536=DIRECTION('',(0.866025404,0.,-0.5));
#6537=AXIS2_PLACEMENT_3D('',#6534,#6535,#6536);
#6538=CIRCLE('',#6537,0.6);
#6539=EDGE_CURVE('',#6517,#6527,#6538,.T.);
#6540=ORIENTED_EDGE('',*,*,#6539,.F.);
#6541=EDGE_LOOP('',(#6523,#6524,#6525,#6533,#6540));
#6542=FACE_BOUND('',#6541,.T.);
#6543=ADVANCED_FACE('',(#6542),#6515,.T.);
#6544=CARTESIAN_POINT('',(-46.454346125,18.9,-33.7351464));
#6545=DIRECTION('',(0.,-1.,0.));
#6546=DIRECTION('',(-0.866025404,0.,0.5));
#6547=AXIS2_PLACEMENT_3D('',#6544,#6545,#6546);
#6548=CYLINDRICAL_SURFACE('',#6547,0.6);
#6549=ORIENTED_EDGE('',*,*,#2542,.T.);
#6550=CARTESIAN_POINT('',(-46.541806642,17.9,-34.328737723));
#6551=VERTEX_POINT('',#6550);
#6552=CARTESIAN_POINT('',(-46.454346125,17.9,-33.7351464));
#6553=DIRECTION('',(0.,-1.,0.));
#6554=DIRECTION('',(0.866025404,0.,-0.5));
#6555=AXIS2_PLACEMENT_3D('',#6552,#6553,#6554);
#6556=CIRCLE('',#6555,0.6);
#6557=EDGE_CURVE('',#6551,#2516,#6556,.T.);
#6558=ORIENTED_EDGE('',*,*,#6557,.F.);
#6559=CARTESIAN_POINT('',(-46.541806642,17.9,-34.328737723));
#6560=DIRECTION('',(-0.,1.,-0.));
#6561=VECTOR('',#6560,0.424186974);
#6562=LINE('',#6559,#6561);
#6563=EDGE_CURVE('',#6551,#2524,#6562,.T.);
#6564=ORIENTED_EDGE('',*,*,#6563,.T.);
#6565=EDGE_LOOP('',(#6549,#6558,#6564));
#6566=FACE_BOUND('',#6565,.T.);
#6567=ADVANCED_FACE('',(#6566),#6548,.T.);
#6568=CARTESIAN_POINT('',(-14.585640646,17.9,22.06307066));
#6569=DIRECTION('',(0.,-1.,0.));
#6570=DIRECTION('',(0.5,0.,0.866025404));
#6571=AXIS2_PLACEMENT_3D('',#6568,#6569,#6570);
#6572=PLANE('',#6571);
#6573=ORIENTED_EDGE('',*,*,#2521,.T.);
#6574=CARTESIAN_POINT('',(-49.784525758,17.9,-42.103186724));
#6575=VERTEX_POINT('',#6574);
#6576=CARTESIAN_POINT('',(-49.784525758,17.9,-42.103186724));
#6577=DIRECTION('',(0.5,0.,0.866025404));
#6578=VECTOR('',#6577,9.432475638);
#6579=LINE('',#6576,#6578);
#6580=EDGE_CURVE('',#6575,#2507,#6579,.T.);
#6581=ORIENTED_EDGE('',*,*,#6580,.F.);
#6582=CARTESIAN_POINT('',(-50.910358783,17.9,-41.453186724));
#6583=DIRECTION('',(0.,-1.,0.));
#6584=DIRECTION('',(0.866025404,0.,-0.5));
#6585=AXIS2_PLACEMENT_3D('',#6582,#6583,#6584);
#6586=CIRCLE('',#6585,1.3);
#6587=EDGE_CURVE('',#6494,#6575,#6586,.T.);
#6588=ORIENTED_EDGE('',*,*,#6587,.F.);
#6589=ORIENTED_EDGE('',*,*,#6499,.F.);
#6590=CARTESIAN_POINT('',(-47.504801009,17.9,-34.609367724));
#6591=VERTEX_POINT('',#6590);
#6592=CARTESIAN_POINT('',(-47.863071408,17.9,-34.402520212));
#6593=DIRECTION('',(0.,-1.,0.));
#6594=DIRECTION('',(0.866025404,0.,-0.5));
#6595=AXIS2_PLACEMENT_3D('',#6592,#6593,#6594);
#6596=CIRCLE('',#6595,0.413695023);
#6597=EDGE_CURVE('',#6591,#6486,#6596,.T.);
#6598=ORIENTED_EDGE('',*,*,#6597,.F.);
#6599=CARTESIAN_POINT('',(-47.650213819,17.9,-34.757252814));
#6600=VERTEX_POINT('',#6599);
#6601=CARTESIAN_POINT('',(-47.863071408,17.9,-34.402520212));
#6602=DIRECTION('',(0.,-1.,0.));
#6603=DIRECTION('',(0.866025404,0.,-0.5));
#6604=AXIS2_PLACEMENT_3D('',#6601,#6602,#6603);
#6605=CIRCLE('',#6604,0.413695023);
#6606=EDGE_CURVE('',#6600,#6591,#6605,.T.);
#6607=ORIENTED_EDGE('',*,*,#6606,.F.);
#6608=CARTESIAN_POINT('',(-47.863126294,17.9,-34.975252589));
#6609=VERTEX_POINT('',#6608);
#6610=CARTESIAN_POINT('',(-47.34149714,17.9,-35.271737034));
#6611=DIRECTION('',(0.,-1.,0.));
#6612=DIRECTION('',(0.866025404,0.,-0.5));
#6613=AXIS2_PLACEMENT_3D('',#6610,#6611,#6612);
#6614=CIRCLE('',#6613,0.6);
#6615=EDGE_CURVE('',#6600,#6609,#6614,.T.);
#6616=ORIENTED_EDGE('',*,*,#6615,.T.);
#6617=CARTESIAN_POINT('',(-47.345548656,17.9,-35.278754465));
#6618=DIRECTION('',(0.,-1.,0.));
#6619=DIRECTION('',(0.866025404,0.,-0.5));
#6620=AXIS2_PLACEMENT_3D('',#6617,#6618,#6619);
#6621=CIRCLE('',#6620,0.6);
#6622=EDGE_CURVE('',#6609,#6517,#6621,.T.);
#6623=ORIENTED_EDGE('',*,*,#6622,.T.);
#6624=ORIENTED_EDGE('',*,*,#6539,.T.);
#6625=CARTESIAN_POINT('',(-46.903960613,17.9,-34.513901538));
#6626=VERTEX_POINT('',#6625);
#6627=CARTESIAN_POINT('',(-46.600851722,17.9,-34.688901538));
#6628=DIRECTION('',(0.,1.,0.));
#6629=DIRECTION('',(-0.866025404,0.,0.5));
#6630=AXIS2_PLACEMENT_3D('',#6627,#6628,#6629);
#6631=CIRCLE('',#6630,0.35);
#6632=EDGE_CURVE('',#6527,#6626,#6631,.T.);
#6633=ORIENTED_EDGE('',*,*,#6632,.T.);
#6634=CARTESIAN_POINT('',(-46.895934168,17.9,-34.499999327));
#6635=VERTEX_POINT('',#6634);
#6636=CARTESIAN_POINT('',(-46.895934168,17.9,-34.499999327));
#6637=DIRECTION('',(-0.5,0.,-0.866025404));
#6638=VECTOR('',#6637,0.01605289);
#6639=LINE('',#6636,#6638);
#6640=EDGE_CURVE('',#6635,#6626,#6639,.T.);
#6641=ORIENTED_EDGE('',*,*,#6640,.F.);
#6642=CARTESIAN_POINT('',(-46.592825277,17.9,-34.674999327));
#6643=DIRECTION('',(0.,1.,0.));
#6644=DIRECTION('',(-0.866025404,0.,0.5));
#6645=AXIS2_PLACEMENT_3D('',#6642,#6643,#6644);
#6646=CIRCLE('',#6645,0.35);
#6647=EDGE_CURVE('',#6635,#6551,#6646,.T.);
#6648=ORIENTED_EDGE('',*,*,#6647,.T.);
#6649=ORIENTED_EDGE('',*,*,#6557,.T.);
#6650=EDGE_LOOP('',(#6573,#6581,#6588,#6589,#6598,#6607,#6616,#6623,#6624,#6633,#6641,#6648,#6649));
#6651=FACE_BOUND('',#6650,.T.);
#6652=CARTESIAN_POINT('',(-47.717135946,17.9,-37.12236253));
#6653=VERTEX_POINT('',#6652);
#6654=CARTESIAN_POINT('',(-48.75636643,17.9,-36.52236253));
#6655=VERTEX_POINT('',#6654);
#6656=CARTESIAN_POINT('',(-48.236751188,17.9,-36.82236253));
#6657=DIRECTION('',(0.,-1.,0.));
#6658=DIRECTION('',(0.866025404,0.,-0.5));
#6659=AXIS2_PLACEMENT_3D('',#6656,#6657,#6658);
#6660=CIRCLE('',#6659,0.6);
#6661=EDGE_CURVE('',#6653,#6655,#6660,.T.);
#6662=ORIENTED_EDGE('',*,*,#6661,.T.);
#6663=CARTESIAN_POINT('',(-48.236751188,17.9,-36.82236253));
#6664=DIRECTION('',(0.,-1.,0.));
#6665=DIRECTION('',(0.866025404,0.,-0.5));
#6666=AXIS2_PLACEMENT_3D('',#6663,#6664,#6665);
#6667=CIRCLE('',#6666,0.6);
#6668=EDGE_CURVE('',#6655,#6653,#6667,.T.);
#6669=ORIENTED_EDGE('',*,*,#6668,.T.);
#6670=EDGE_LOOP('',(#6662,#6669));
#6671=FACE_BOUND('',#6670,.T.);
#6672=CARTESIAN_POINT('',(-48.608338477,17.9,-38.665970594));
#6673=VERTEX_POINT('',#6672);
#6674=CARTESIAN_POINT('',(-49.647568962,17.9,-38.065970594));
#6675=VERTEX_POINT('',#6674);
#6676=CARTESIAN_POINT('',(-49.127953719,17.9,-38.365970594));
#6677=DIRECTION('',(0.,-1.,0.));
#6678=DIRECTION('',(0.866025404,0.,-0.5));
#6679=AXIS2_PLACEMENT_3D('',#6676,#6677,#6678);
#6680=CIRCLE('',#6679,0.6);
#6681=EDGE_CURVE('',#6673,#6675,#6680,.T.);
#6682=ORIENTED_EDGE('',*,*,#6681,.T.);
#6683=CARTESIAN_POINT('',(-49.127953719,17.9,-38.365970594));
#6684=DIRECTION('',(0.,-1.,0.));
#6685=DIRECTION('',(0.866025404,0.,-0.5));
#6686=AXIS2_PLACEMENT_3D('',#6683,#6684,#6685);
#6687=CIRCLE('',#6686,0.6);
#6688=EDGE_CURVE('',#6675,#6673,#6687,.T.);
#6689=ORIENTED_EDGE('',*,*,#6688,.T.);
#6690=EDGE_LOOP('',(#6682,#6689));
#6691=FACE_BOUND('',#6690,.T.);
#6692=CARTESIAN_POINT('',(-49.499541009,17.9,-40.209578659));
#6693=VERTEX_POINT('',#6692);
#6694=CARTESIAN_POINT('',(-50.538771493,17.9,-39.609578659));
#6695=VERTEX_POINT('',#6694);
#6696=CARTESIAN_POINT('',(-50.019156251,17.9,-39.909578659));
#6697=DIRECTION('',(0.,-1.,0.));
#6698=DIRECTION('',(0.866025404,0.,-0.5));
#6699=AXIS2_PLACEMENT_3D('',#6696,#6697,#6698);
#6700=CIRCLE('',#6699,0.6);
#6701=EDGE_CURVE('',#6693,#6695,#6700,.T.);
#6702=ORIENTED_EDGE('',*,*,#6701,.T.);
#6703=CARTESIAN_POINT('',(-50.019156251,17.9,-39.909578659));
#6704=DIRECTION('',(0.,-1.,0.));
#6705=DIRECTION('',(0.866025404,0.,-0.5));
#6706=AXIS2_PLACEMENT_3D('',#6703,#6704,#6705);
#6707=CIRCLE('',#6706,0.6);
#6708=EDGE_CURVE('',#6695,#6693,#6707,.T.);
#6709=ORIENTED_EDGE('',*,*,#6708,.T.);
#6710=EDGE_LOOP('',(#6702,#6709));
#6711=FACE_BOUND('',#6710,.T.);
#6712=CARTESIAN_POINT('',(-50.390743541,17.9,-41.753186724));
#6713=VERTEX_POINT('',#6712);
#6714=CARTESIAN_POINT('',(-51.429974025,17.9,-41.153186724));
#6715=VERTEX_POINT('',#6714);
#6716=CARTESIAN_POINT('',(-50.910358783,17.9,-41.453186724));
#6717=DIRECTION('',(0.,-1.,0.));
#6718=DIRECTION('',(0.866025404,0.,-0.5));
#6719=AXIS2_PLACEMENT_3D('',#6716,#6717,#6718);
#6720=CIRCLE('',#6719,0.6);
#6721=EDGE_CURVE('',#6713,#6715,#6720,.T.);
#6722=ORIENTED_EDGE('',*,*,#6721,.T.);
#6723=CARTESIAN_POINT('',(-50.910358783,17.9,-41.453186724));
#6724=DIRECTION('',(0.,-1.,0.));
#6725=DIRECTION('',(0.866025404,0.,-0.5));
#6726=AXIS2_PLACEMENT_3D('',#6723,#6724,#6725);
#6727=CIRCLE('',#6726,0.6);
#6728=EDGE_CURVE('',#6715,#6713,#6727,.T.);
#6729=ORIENTED_EDGE('',*,*,#6728,.T.);
#6730=EDGE_LOOP('',(#6722,#6729));
#6731=FACE_BOUND('',#6730,.T.);
#6732=ADVANCED_FACE('',(#6651,#6671,#6691,#6711,#6731),#6572,.F.);
#6733=CARTESIAN_POINT('',(-50.910358783,18.9,-41.453186724));
#6734=DIRECTION('',(0.,-1.,0.));
#6735=DIRECTION('',(-0.866025404,0.,0.5));
#6736=AXIS2_PLACEMENT_3D('',#6733,#6734,#6735);
#6737=CYLINDRICAL_SURFACE('',#6736,1.3);
#6738=ORIENTED_EDGE('',*,*,#646,.F.);
#6739=ORIENTED_EDGE('',*,*,#6505,.T.);
#6740=ORIENTED_EDGE('',*,*,#6587,.T.);
#6741=CARTESIAN_POINT('',(-49.784525758,18.4,-42.103186724));
#6742=DIRECTION('',(0.,-1.,0.));
#6743=VECTOR('',#6742,0.5);
#6744=LINE('',#6741,#6743);
#6745=EDGE_CURVE('',#609,#6575,#6744,.T.);
#6746=ORIENTED_EDGE('',*,*,#6745,.F.);
#6747=ORIENTED_EDGE('',*,*,#615,.F.);
#6748=EDGE_LOOP('',(#6738,#6739,#6740,#6746,#6747));
#6749=FACE_BOUND('',#6748,.T.);
#6750=ADVANCED_FACE('',(#6749),#6737,.F.);
#6751=CARTESIAN_POINT('',(-50.910358783,18.9,-41.453186724));
#6752=DIRECTION('',(0.,-1.,0.));
#6753=DIRECTION('',(-0.866025404,0.,0.5));
#6754=AXIS2_PLACEMENT_3D('',#6751,#6752,#6753);
#6755=CYLINDRICAL_SURFACE('',#6754,0.6);
#6756=CARTESIAN_POINT('',(-51.429974025,18.4,-41.153186724));
#6757=VERTEX_POINT('',#6756);
#6758=CARTESIAN_POINT('',(-51.429974025,17.9,-41.153186724));
#6759=DIRECTION('',(-0.,1.,-0.));
#6760=VECTOR('',#6759,0.5);
#6761=LINE('',#6758,#6760);
#6762=EDGE_CURVE('',#6715,#6757,#6761,.T.);
#6763=ORIENTED_EDGE('',*,*,#6762,.T.);
#6764=CARTESIAN_POINT('',(-51.210358783,18.4,-41.972801966));
#6765=VERTEX_POINT('',#6764);
#6766=CARTESIAN_POINT('',(-50.910358783,18.4,-41.453186724));
#6767=DIRECTION('',(-0.,-1.,-0.));
#6768=DIRECTION('',(-0.5,0.,-0.866025404));
#6769=AXIS2_PLACEMENT_3D('',#6766,#6767,#6768);
#6770=CIRCLE('',#6769,0.6);
#6771=EDGE_CURVE('',#6757,#6765,#6770,.T.);
#6772=ORIENTED_EDGE('',*,*,#6771,.T.);
#6773=CARTESIAN_POINT('',(-50.910358783,18.4,-41.453186724));
#6774=DIRECTION('',(-0.,-1.,-0.));
#6775=DIRECTION('',(-0.5,0.,-0.866025404));
#6776=AXIS2_PLACEMENT_3D('',#6773,#6774,#6775);
#6777=CIRCLE('',#6776,0.6);
#6778=EDGE_CURVE('',#6765,#6757,#6777,.T.);
#6779=ORIENTED_EDGE('',*,*,#6778,.T.);
#6780=ORIENTED_EDGE('',*,*,#6762,.F.);
#6781=ORIENTED_EDGE('',*,*,#6721,.F.);
#6782=ORIENTED_EDGE('',*,*,#6728,.F.);
#6783=EDGE_LOOP('',(#6763,#6772,#6779,#6780,#6781,#6782));
#6784=FACE_BOUND('',#6783,.T.);
#6785=ADVANCED_FACE('',(#6784),#6755,.T.);
#6786=CARTESIAN_POINT('',(-50.019156251,18.9,-39.909578659));
#6787=DIRECTION('',(0.,-1.,0.));
#6788=DIRECTION('',(-0.866025404,0.,0.5));
#6789=AXIS2_PLACEMENT_3D('',#6786,#6787,#6788);
#6790=CYLINDRICAL_SURFACE('',#6789,0.6);
#6791=CARTESIAN_POINT('',(-50.538771493,18.4,-39.609578659));
#6792=VERTEX_POINT('',#6791);
#6793=CARTESIAN_POINT('',(-50.538771493,17.9,-39.609578659));
#6794=DIRECTION('',(-0.,1.,-0.));
#6795=VECTOR('',#6794,0.5);
#6796=LINE('',#6793,#6795);
#6797=EDGE_CURVE('',#6695,#6792,#6796,.T.);
#6798=ORIENTED_EDGE('',*,*,#6797,.T.);
#6799=CARTESIAN_POINT('',(-50.319156251,18.4,-40.429193901));
#6800=VERTEX_POINT('',#6799);
#6801=CARTESIAN_POINT('',(-50.019156251,18.4,-39.909578659));
#6802=DIRECTION('',(-0.,-1.,-0.));
#6803=DIRECTION('',(-0.5,0.,-0.866025404));
#6804=AXIS2_PLACEMENT_3D('',#6801,#6802,#6803);
#6805=CIRCLE('',#6804,0.6);
#6806=EDGE_CURVE('',#6792,#6800,#6805,.T.);
#6807=ORIENTED_EDGE('',*,*,#6806,.T.);
#6808=CARTESIAN_POINT('',(-50.019156251,18.4,-39.909578659));
#6809=DIRECTION('',(-0.,-1.,-0.));
#6810=DIRECTION('',(-0.5,0.,-0.866025404));
#6811=AXIS2_PLACEMENT_3D('',#6808,#6809,#6810);
#6812=CIRCLE('',#6811,0.6);
#6813=EDGE_CURVE('',#6800,#6792,#6812,.T.);
#6814=ORIENTED_EDGE('',*,*,#6813,.T.);
#6815=ORIENTED_EDGE('',*,*,#6797,.F.);
#6816=ORIENTED_EDGE('',*,*,#6701,.F.);
#6817=ORIENTED_EDGE('',*,*,#6708,.F.);
#6818=EDGE_LOOP('',(#6798,#6807,#6814,#6815,#6816,#6817));
#6819=FACE_BOUND('',#6818,.T.);
#6820=ADVANCED_FACE('',(#6819),#6790,.T.);
#6821=CARTESIAN_POINT('',(-49.127953719,18.9,-38.365970594));
#6822=DIRECTION('',(0.,-1.,0.));
#6823=DIRECTION('',(-0.866025404,0.,0.5));
#6824=AXIS2_PLACEMENT_3D('',#6821,#6822,#6823);
#6825=CYLINDRICAL_SURFACE('',#6824,0.6);
#6826=CARTESIAN_POINT('',(-49.647568962,18.4,-38.065970594));
#6827=VERTEX_POINT('',#6826);
#6828=CARTESIAN_POINT('',(-49.647568962,17.9,-38.065970594));
#6829=DIRECTION('',(-0.,1.,-0.));
#6830=VECTOR('',#6829,0.5);
#6831=LINE('',#6828,#6830);
#6832=EDGE_CURVE('',#6675,#6827,#6831,.T.);
#6833=ORIENTED_EDGE('',*,*,#6832,.T.);
#6834=CARTESIAN_POINT('',(-49.427953719,18.4,-38.885585837));
#6835=VERTEX_POINT('',#6834);
#6836=CARTESIAN_POINT('',(-49.127953719,18.4,-38.365970594));
#6837=DIRECTION('',(-0.,-1.,-0.));
#6838=DIRECTION('',(-0.5,0.,-0.866025404));
#6839=AXIS2_PLACEMENT_3D('',#6836,#6837,#6838);
#6840=CIRCLE('',#6839,0.6);
#6841=EDGE_CURVE('',#6827,#6835,#6840,.T.);
#6842=ORIENTED_EDGE('',*,*,#6841,.T.);
#6843=CARTESIAN_POINT('',(-49.127953719,18.4,-38.365970594));
#6844=DIRECTION('',(-0.,-1.,-0.));
#6845=DIRECTION('',(-0.5,0.,-0.866025404));
#6846=AXIS2_PLACEMENT_3D('',#6843,#6844,#6845);
#6847=CIRCLE('',#6846,0.6);
#6848=EDGE_CURVE('',#6835,#6827,#6847,.T.);
#6849=ORIENTED_EDGE('',*,*,#6848,.T.);
#6850=ORIENTED_EDGE('',*,*,#6832,.F.);
#6851=ORIENTED_EDGE('',*,*,#6681,.F.);
#6852=ORIENTED_EDGE('',*,*,#6688,.F.);
#6853=EDGE_LOOP('',(#6833,#6842,#6849,#6850,#6851,#6852));
#6854=FACE_BOUND('',#6853,.T.);
#6855=ADVANCED_FACE('',(#6854),#6825,.T.);
#6856=CARTESIAN_POINT('',(-48.236751188,18.9,-36.82236253));
#6857=DIRECTION('',(0.,-1.,0.));
#6858=DIRECTION('',(-0.866025404,0.,0.5));
#6859=AXIS2_PLACEMENT_3D('',#6856,#6857,#6858);
#6860=CYLINDRICAL_SURFACE('',#6859,0.6);
#6861=CARTESIAN_POINT('',(-48.75636643,18.4,-36.52236253));
#6862=VERTEX_POINT('',#6861);
#6863=CARTESIAN_POINT('',(-48.75636643,17.9,-36.52236253));
#6864=DIRECTION('',(-0.,1.,-0.));
#6865=VECTOR('',#6864,0.5);
#6866=LINE('',#6863,#6865);
#6867=EDGE_CURVE('',#6655,#6862,#6866,.T.);
#6868=ORIENTED_EDGE('',*,*,#6867,.T.);
#6869=CARTESIAN_POINT('',(-48.536751188,18.4,-37.341977772));
#6870=VERTEX_POINT('',#6869);
#6871=CARTESIAN_POINT('',(-48.236751188,18.4,-36.82236253));
#6872=DIRECTION('',(-0.,-1.,-0.));
#6873=DIRECTION('',(-0.5,0.,-0.866025404));
#6874=AXIS2_PLACEMENT_3D('',#6871,#6872,#6873);
#6875=CIRCLE('',#6874,0.6);
#6876=EDGE_CURVE('',#6862,#6870,#6875,.T.);
#6877=ORIENTED_EDGE('',*,*,#6876,.T.);
#6878=CARTESIAN_POINT('',(-48.236751188,18.4,-36.82236253));
#6879=DIRECTION('',(-0.,-1.,-0.));
#6880=DIRECTION('',(-0.5,0.,-0.866025404));
#6881=AXIS2_PLACEMENT_3D('',#6878,#6879,#6880);
#6882=CIRCLE('',#6881,0.6);
#6883=EDGE_CURVE('',#6870,#6862,#6882,.T.);
#6884=ORIENTED_EDGE('',*,*,#6883,.T.);
#6885=ORIENTED_EDGE('',*,*,#6867,.F.);
#6886=ORIENTED_EDGE('',*,*,#6661,.F.);
#6887=ORIENTED_EDGE('',*,*,#6668,.F.);
#6888=EDGE_LOOP('',(#6868,#6877,#6884,#6885,#6886,#6887));
#6889=FACE_BOUND('',#6888,.T.);
#6890=ADVANCED_FACE('',(#6889),#6860,.T.);
#6891=CARTESIAN_POINT('',(-14.58,18.9,18.872840545));
#6892=DIRECTION('',(-0.866025404,0.,0.5));
#6893=DIRECTION('',(0.5,0.,0.866025404));
#6894=AXIS2_PLACEMENT_3D('',#6891,#6892,#6893);
#6895=PLANE('',#6894);
#6896=ORIENTED_EDGE('',*,*,#2778,.F.);
#6897=ORIENTED_EDGE('',*,*,#6745,.T.);
#6898=ORIENTED_EDGE('',*,*,#6580,.T.);
#6899=ORIENTED_EDGE('',*,*,#2711,.F.);
#6900=EDGE_LOOP('',(#6896,#6897,#6898,#6899));
#6901=FACE_BOUND('',#6900,.T.);
#6902=ADVANCED_FACE('',(#6901),#6895,.T.);
#6903=CARTESIAN_POINT('',(-47.863071408,17.9,-34.402520212));
#6904=DIRECTION('',(0.,1.,0.));
#6905=DIRECTION('',(0.866025404,0.,-0.5));
#6906=AXIS2_PLACEMENT_3D('',#6903,#6904,#6905);
#6907=CYLINDRICAL_SURFACE('',#6906,0.413695023);
#6908=CARTESIAN_POINT('',(-47.504801009,18.4,-34.609367724));
#6909=DIRECTION('',(-0.,-1.,-0.));
#6910=VECTOR('',#6909,0.5);
#6911=LINE('',#6908,#6910);
#6912=EDGE_CURVE('',#2478,#6591,#6911,.T.);
#6913=ORIENTED_EDGE('',*,*,#6912,.F.);
#6914=ORIENTED_EDGE('',*,*,#2632,.T.);
#6915=CARTESIAN_POINT('',(-47.650213819,17.9,-34.757252814));
#6916=DIRECTION('',(0.,1.,0.));
#6917=VECTOR('',#6916,0.5);
#6918=LINE('',#6915,#6917);
#6919=EDGE_CURVE('',#6600,#2619,#6918,.T.);
#6920=ORIENTED_EDGE('',*,*,#6919,.F.);
#6921=ORIENTED_EDGE('',*,*,#6606,.T.);
#6922=EDGE_LOOP('',(#6913,#6914,#6920,#6921));
#6923=FACE_BOUND('',#6922,.T.);
#6924=ADVANCED_FACE('',(#6923),#6907,.F.);
#6925=CARTESIAN_POINT('',(-47.34149714,17.9,-35.271737034));
#6926=DIRECTION('',(0.,1.,0.));
#6927=DIRECTION('',(0.866025404,0.,-0.5));
#6928=AXIS2_PLACEMENT_3D('',#6925,#6926,#6927);
#6929=CYLINDRICAL_SURFACE('',#6928,0.6);
#6930=CARTESIAN_POINT('',(-47.863126294,17.9,-34.975252589));
#6931=DIRECTION('',(0.,1.,0.));
#6932=VECTOR('',#6931,0.5);
#6933=LINE('',#6930,#6932);
#6934=EDGE_CURVE('',#6609,#2610,#6933,.T.);
#6935=ORIENTED_EDGE('',*,*,#6934,.F.);
#6936=ORIENTED_EDGE('',*,*,#6615,.F.);
#6937=ORIENTED_EDGE('',*,*,#6919,.T.);
#6938=ORIENTED_EDGE('',*,*,#2625,.F.);
#6939=EDGE_LOOP('',(#6935,#6936,#6937,#6938));
#6940=FACE_BOUND('',#6939,.T.);
#6941=ADVANCED_FACE('',(#6940),#6929,.T.);
#6942=CARTESIAN_POINT('',(-46.897921633,17.9,-34.503441717));
#6943=DIRECTION('',(-0.866025404,0.,0.5));
#6944=DIRECTION('',(0.5,0.,0.866025404));
#6945=AXIS2_PLACEMENT_3D('',#6942,#6943,#6944);
#6946=PLANE('',#6945);
#6947=ORIENTED_EDGE('',*,*,#2563,.T.);
#6948=CARTESIAN_POINT('',(-46.895934168,18.377165497,-34.499999327));
#6949=DIRECTION('',(0.,-1.,0.));
#6950=VECTOR('',#6949,0.477165497);
#6951=LINE('',#6948,#6950);
#6952=EDGE_CURVE('',#2545,#6635,#6951,.T.);
#6953=ORIENTED_EDGE('',*,*,#6952,.T.);
#6954=ORIENTED_EDGE('',*,*,#6640,.T.);
#6955=CARTESIAN_POINT('',(-46.903960613,17.9,-34.513901538));
#6956=DIRECTION('',(-0.,1.,-0.));
#6957=VECTOR('',#6956,0.478970709);
#6958=LINE('',#6955,#6957);
#6959=EDGE_CURVE('',#6626,#2557,#6958,.T.);
#6960=ORIENTED_EDGE('',*,*,#6959,.T.);
#6961=EDGE_LOOP('',(#6947,#6953,#6954,#6960));
#6962=FACE_BOUND('',#6961,.T.);
#6963=ADVANCED_FACE('',(#6962),#6946,.F.);
#6964=CARTESIAN_POINT('',(-46.600851722,18.9,-34.688901538));
#6965=DIRECTION('',(0.,-1.,0.));
#6966=DIRECTION('',(-0.866025404,0.,0.5));
#6967=AXIS2_PLACEMENT_3D('',#6964,#6965,#6966);
#6968=CYLINDRICAL_SURFACE('',#6967,0.35);
#6969=ORIENTED_EDGE('',*,*,#2575,.T.);
#6970=ORIENTED_EDGE('',*,*,#6959,.F.);
#6971=ORIENTED_EDGE('',*,*,#6632,.F.);
#6972=ORIENTED_EDGE('',*,*,#6532,.F.);
#6973=EDGE_LOOP('',(#6969,#6970,#6971,#6972));
#6974=FACE_BOUND('',#6973,.T.);
#6975=ADVANCED_FACE('',(#6974),#6968,.F.);
#6976=CARTESIAN_POINT('',(-46.592825277,18.9,-34.674999327));
#6977=DIRECTION('',(0.,-1.,0.));
#6978=DIRECTION('',(-0.866025404,0.,0.5));
#6979=AXIS2_PLACEMENT_3D('',#6976,#6977,#6978);
#6980=CYLINDRICAL_SURFACE('',#6979,0.35);
#6981=ORIENTED_EDGE('',*,*,#2554,.T.);
#6982=ORIENTED_EDGE('',*,*,#6563,.F.);
#6983=ORIENTED_EDGE('',*,*,#6647,.F.);
#6984=ORIENTED_EDGE('',*,*,#6952,.F.);
#6985=EDGE_LOOP('',(#6981,#6982,#6983,#6984));
#6986=FACE_BOUND('',#6985,.T.);
#6987=ADVANCED_FACE('',(#6986),#6980,.F.);
#6988=CARTESIAN_POINT('',(-51.321524262,18.4,-37.561346224));
#6989=DIRECTION('',(0.,1.,0.));
#6990=DIRECTION('',(0.5,-0.,0.866025404));
#6991=AXIS2_PLACEMENT_3D('',#6988,#6989,#6990);
#6992=PLANE('',#6991);
#6993=ORIENTED_EDGE('',*,*,#6876,.F.);
#6994=ORIENTED_EDGE('',*,*,#6883,.F.);
#6995=EDGE_LOOP('',(#6993,#6994));
#6996=FACE_BOUND('',#6995,.T.);
#6997=ADVANCED_FACE('',(#6996),#6992,.T.);
#6998=CARTESIAN_POINT('',(-51.321524262,18.4,-37.561346224));
#6999=DIRECTION('',(0.,1.,0.));
#7000=DIRECTION('',(0.5,-0.,0.866025404));
#7001=AXIS2_PLACEMENT_3D('',#6998,#6999,#7000);
#7002=PLANE('',#7001);
#7003=ORIENTED_EDGE('',*,*,#6841,.F.);
#7004=ORIENTED_EDGE('',*,*,#6848,.F.);
#7005=EDGE_LOOP('',(#7003,#7004));
#7006=FACE_BOUND('',#7005,.T.);
#7007=ADVANCED_FACE('',(#7006),#7002,.T.);
#7008=CARTESIAN_POINT('',(-51.321524262,18.4,-37.561346224));
#7009=DIRECTION('',(0.,1.,0.));
#7010=DIRECTION('',(0.5,-0.,0.866025404));
#7011=AXIS2_PLACEMENT_3D('',#7008,#7009,#7010);
#7012=PLANE('',#7011);
#7013=ORIENTED_EDGE('',*,*,#6806,.F.);
#7014=ORIENTED_EDGE('',*,*,#6813,.F.);
#7015=EDGE_LOOP('',(#7013,#7014));
#7016=FACE_BOUND('',#7015,.T.);
#7017=ADVANCED_FACE('',(#7016),#7012,.T.);
#7018=CARTESIAN_POINT('',(-51.321524262,18.4,-37.561346224));
#7019=DIRECTION('',(0.,1.,0.));
#7020=DIRECTION('',(0.5,-0.,0.866025404));
#7021=AXIS2_PLACEMENT_3D('',#7018,#7019,#7020);
#7022=PLANE('',#7021);
#7023=ORIENTED_EDGE('',*,*,#6771,.F.);
#7024=ORIENTED_EDGE('',*,*,#6778,.F.);
#7025=EDGE_LOOP('',(#7023,#7024));
#7026=FACE_BOUND('',#7025,.T.);
#7027=ADVANCED_FACE('',(#7026),#7022,.T.);
#7028=CARTESIAN_POINT('',(-24.548677137,0.,-0.193414739));
#7029=DIRECTION('',(0.866025404,0.,-0.5));
#7030=DIRECTION('',(-0.5,0.,-0.866025404));
#7031=AXIS2_PLACEMENT_3D('',#7028,#7029,#7030);
#7032=PLANE('',#7031);
#7033=ORIENTED_EDGE('',*,*,#2949,.F.);
#7034=ORIENTED_EDGE('',*,*,#5149,.T.);
#7035=ORIENTED_EDGE('',*,*,#2826,.F.);
#7036=ORIENTED_EDGE('',*,*,#2764,.F.);
#7037=ORIENTED_EDGE('',*,*,#2695,.F.);
#7038=ORIENTED_EDGE('',*,*,#1696,.F.);
#7039=ORIENTED_EDGE('',*,*,#2747,.F.);
#7040=ORIENTED_EDGE('',*,*,#2809,.F.);
#7041=ORIENTED_EDGE('',*,*,#2914,.F.);
#7042=ORIENTED_EDGE('',*,*,#5293,.T.);
#7043=EDGE_LOOP('',(#7033,#7034,#7035,#7036,#7037,#7038,#7039,#7040,#7041,#7042));
#7044=FACE_BOUND('',#7043,.T.);
#7045=ADVANCED_FACE('',(#7044),#7032,.T.);
#7046=CARTESIAN_POINT('',(-44.014594068,15.579304973,-32.313371871));
#7047=DIRECTION('',(-0.866025404,0.,0.5));
#7048=DIRECTION('',(0.5,0.,0.866025404));
#7049=AXIS2_PLACEMENT_3D('',#7046,#7047,#7048);
#7050=CYLINDRICAL_SURFACE('',#7049,1.9);
#7051=ORIENTED_EDGE('',*,*,#358,.F.);
#7052=ORIENTED_EDGE('',*,*,#275,.F.);
#7053=ORIENTED_EDGE('',*,*,#1461,.F.);
#7054=ORIENTED_EDGE('',*,*,#3206,.F.);
#7055=ORIENTED_EDGE('',*,*,#172,.F.);
#7056=ORIENTED_EDGE('',*,*,#560,.F.);
#7057=EDGE_LOOP('',(#7051,#7052,#7053,#7054,#7055,#7056));
#7058=FACE_BOUND('',#7057,.T.);
#7059=ADVANCED_FACE('',(#7058),#7050,.T.);
#7060=CARTESIAN_POINT('',(-55.138278846,12.,-48.95739298));
#7061=DIRECTION('',(0.,-1.,0.));
#7062=DIRECTION('',(-0.866025404,0.,0.5));
#7063=AXIS2_PLACEMENT_3D('',#7060,#7061,#7062);
#7064=CYLINDRICAL_SURFACE('',#7063,1.7);
#7065=ORIENTED_EDGE('',*,*,#801,.F.);
#7066=ORIENTED_EDGE('',*,*,#1146,.T.);
#7067=ORIENTED_EDGE('',*,*,#859,.F.);
#7068=ORIENTED_EDGE('',*,*,#4988,.T.);
#7069=EDGE_LOOP('',(#7065,#7066,#7067,#7068));
#7070=FACE_BOUND('',#7069,.T.);
#7071=ADVANCED_FACE('',(#7070),#7064,.T.);
#7072=CARTESIAN_POINT('',(-45.466085924,-11.227926275,-33.823429511));
#7073=DIRECTION('',(0.5,-0.,0.866025404));
#7074=DIRECTION('',(-0.,-1.,-0.));
#7075=AXIS2_PLACEMENT_3D('',#7072,#7073,#7074);
#7076=CYLINDRICAL_SURFACE('',#7075,0.5);
#7077=ORIENTED_EDGE('',*,*,#3334,.T.);
#7078=ORIENTED_EDGE('',*,*,#1826,.F.);
#7079=ORIENTED_EDGE('',*,*,#3351,.T.);
#7080=ORIENTED_EDGE('',*,*,#1287,.F.);
#7081=EDGE_LOOP('',(#7077,#7078,#7079,#7080));
#7082=FACE_BOUND('',#7081,.T.);
#7083=ADVANCED_FACE('',(#7082),#7076,.F.);
#7084=CARTESIAN_POINT('',(-55.138278846,-12.,-48.95739298));
#7085=DIRECTION('',(0.,1.,0.));
#7086=DIRECTION('',(-0.866025404,0.,0.5));
#7087=AXIS2_PLACEMENT_3D('',#7084,#7085,#7086);
#7088=CYLINDRICAL_SURFACE('',#7087,1.7);
#7089=ORIENTED_EDGE('',*,*,#4054,.F.);
#7090=ORIENTED_EDGE('',*,*,#4386,.F.);
#7091=ORIENTED_EDGE('',*,*,#4011,.F.);
#7092=ORIENTED_EDGE('',*,*,#5337,.T.);
#7093=EDGE_LOOP('',(#7089,#7090,#7091,#7092));
#7094=FACE_BOUND('',#7093,.T.);
#7095=ADVANCED_FACE('',(#7094),#7088,.T.);
#7096=CARTESIAN_POINT('',(-55.138278846,10.9,-48.95739298));
#7097=DIRECTION('',(0.,1.,0.));
#7098=DIRECTION('',(-0.866025404,0.,0.5));
#7099=AXIS2_PLACEMENT_3D('',#7096,#7097,#7098);
#7100=DEGENERATE_TOROIDAL_SURFACE('',#7099,0.6,1.1,.T.);
#7101=ORIENTED_EDGE('',*,*,#4981,.F.);
#7102=ORIENTED_EDGE('',*,*,#1074,.F.);
#7103=ORIENTED_EDGE('',*,*,#5005,.F.);
#7104=ORIENTED_EDGE('',*,*,#808,.F.);
#7105=EDGE_LOOP('',(#7101,#7102,#7103,#7104));
#7106=FACE_BOUND('',#7105,.T.);
#7107=ADVANCED_FACE('',(#7106),#7100,.T.);
#7108=CARTESIAN_POINT('',(-47.345548656,-18.9,-35.278754465));
#7109=DIRECTION('',(0.,1.,0.));
#7110=DIRECTION('',(-0.866025404,0.,0.5));
#7111=AXIS2_PLACEMENT_3D('',#7108,#7109,#7110);
#7112=CYLINDRICAL_SURFACE('',#7111,0.6);
#7113=ORIENTED_EDGE('',*,*,#5975,.F.);
#7114=ORIENTED_EDGE('',*,*,#6058,.T.);
#7115=ORIENTED_EDGE('',*,*,#6421,.F.);
#7116=ORIENTED_EDGE('',*,*,#2353,.T.);
#7117=ORIENTED_EDGE('',*,*,#2286,.T.);
#7118=EDGE_LOOP('',(#7113,#7114,#7115,#7116,#7117));
#7119=FACE_BOUND('',#7118,.T.);
#7120=ADVANCED_FACE('',(#7119),#7112,.T.);
#7121=CARTESIAN_POINT('',(-47.863071408,-17.9,-34.402520212));
#7122=DIRECTION('',(0.,-1.,0.));
#7123=DIRECTION('',(0.866025404,0.,-0.5));
#7124=AXIS2_PLACEMENT_3D('',#7121,#7122,#7123);
#7125=CYLINDRICAL_SURFACE('',#7124,0.413695023);
#7126=ORIENTED_EDGE('',*,*,#6364,.T.);
#7127=ORIENTED_EDGE('',*,*,#6077,.F.);
#7128=ORIENTED_EDGE('',*,*,#6381,.T.);
#7129=ORIENTED_EDGE('',*,*,#2303,.T.);
#7130=EDGE_LOOP('',(#7126,#7127,#7128,#7129));
#7131=FACE_BOUND('',#7130,.T.);
#7132=ADVANCED_FACE('',(#7131),#7125,.F.);
#7133=CARTESIAN_POINT('',(-47.345548656,18.9,-35.278754465));
#7134=DIRECTION('',(0.,-1.,0.));
#7135=DIRECTION('',(-0.866025404,0.,0.5));
#7136=AXIS2_PLACEMENT_3D('',#7133,#7134,#7135);
#7137=CYLINDRICAL_SURFACE('',#7136,0.6);
#7138=ORIENTED_EDGE('',*,*,#6522,.F.);
#7139=ORIENTED_EDGE('',*,*,#6622,.F.);
#7140=ORIENTED_EDGE('',*,*,#6934,.T.);
#7141=ORIENTED_EDGE('',*,*,#2616,.T.);
#7142=EDGE_LOOP('',(#7138,#7139,#7140,#7141));
#7143=FACE_BOUND('',#7142,.T.);
#7144=ADVANCED_FACE('',(#7143),#7137,.T.);
#7145=CARTESIAN_POINT('',(-47.863071408,17.9,-34.402520212));
#7146=DIRECTION('',(0.,1.,0.));
#7147=DIRECTION('',(0.866025404,0.,-0.5));
#7148=AXIS2_PLACEMENT_3D('',#7145,#7146,#7147);
#7149=CYLINDRICAL_SURFACE('',#7148,0.413695023);
#7150=ORIENTED_EDGE('',*,*,#6912,.T.);
#7151=ORIENTED_EDGE('',*,*,#6597,.T.);
#7152=ORIENTED_EDGE('',*,*,#6491,.T.);
#7153=ORIENTED_EDGE('',*,*,#2502,.T.);
#7154=EDGE_LOOP('',(#7150,#7151,#7152,#7153));
#7155=FACE_BOUND('',#7154,.T.);
#7156=ADVANCED_FACE('',(#7155),#7149,.F.);
#7157=CLOSED_SHELL('',(#93,#149,#251,#294,#344,#403,#434,#466,#549,#579,#591,#625,#656,#689,#720,#787,#820,#890,#959,#992,#1043,#1097,#1159,#1199,#1230,#1331,
#1657,#1674,#1754,#1787,#1846,#1885,#1914,#1968,#2011,#2043,#2077,#2101,#2127,#2162,#2186,#2218,#2262,#2314,#2431,#2471,#2594,#2637,#2681,#2716,#2751,
#2782,#2813,#2866,#2919,#2977,#2999,#3016,#3033,#3050,#3062,#3093,#3118,#3142,#3160,#3182,#3194,#3212,#3243,#3272,#3290,#3303,#3324,#3341,#3359,#3391,
#3414,#3501,#3549,#3561,#3610,#3652,#3694,#3756,#3778,#3795,#3812,#3829,#3846,#3863,#3880,#3892,#3909,#3926,#3937,#3959,#3971,#3982,#4040,#4082,#4143,
#4209,#4233,#4284,#4329,#4391,#4451,#4511,#4597,#4684,#4878,#4952,#4970,#4994,#5018,#5155,#5298,#5316,#5341,#5359,#5433,#5627,#5714,#5794,#5813,#5832,
#5850,#5868,#5882,#5900,#5918,#5932,#5963,#5995,#6019,#6184,#6202,#6237,#6272,#6307,#6342,#6354,#6371,#6388,#6410,#6427,#6439,#6449,#6459,#6469,#6479,
#6510,#6543,#6567,#6732,#6750,#6785,#6820,#6855,#6890,#6902,#6924,#6941,#6963,#6975,#6987,#6997,#7007,#7017,#7027,#7045,#7059,#7071,#7083,#7095,#7107,
#7120,#7132,#7144,#7156));
#7158=MANIFOLD_SOLID_BREP('main case (end battery)',#7157);
#7159=COLOUR_RGB('',0.435294122,0.435294122,0.435294122);
#7160=FILL_AREA_STYLE_COLOUR('',#7159);
#7161=FILL_AREA_STYLE('',(#7160));
#7162=SURFACE_STYLE_FILL_AREA(#7161);
#7163=SURFACE_SIDE_STYLE('',(#7162));
#7164=SURFACE_STYLE_USAGE(.BOTH.,#7163);
#7165=PRESENTATION_STYLE_ASSIGNMENT((#7164));
#26=STYLED_ITEM('',(#7165),#7158);
#16=SHAPE_REPRESENTATION('main case (end battery)',(#15),#10);
#17=ADVANCED_BREP_SHAPE_REPRESENTATION('main case (end battery)',(#7158),#10);
#7173=SHAPE_REPRESENTATION_RELATIONSHIP('','',#16,#17);
#7174=CARTESIAN_POINT('',(0.,0.,0.));
#7175=DIRECTION('',(0.,0.,1.));
#7176=DIRECTION('',(1.,0.,0.));
#7177=AXIS2_PLACEMENT_3D('',#7174,#7175,#7176);
#7179=MAPPED_ITEM('',#7178,#7177);
#7178=REPRESENTATION_MAP(#7177,#16);
#7180=APPLICATION_CONTEXT('Managed model based 3d engineering');
#7181=APPLICATION_PROTOCOL_DEFINITION('international standard','ap242_managed_model_based_3d_engineering',2014,#7180);
#7182=PRODUCT_CONTEXT('',#7180,'mechanical');
#7183=PRODUCT_DEFINITION_CONTEXT('part definition',#7180,'design');
#24=PRODUCT('main case (end battery)','main case (end battery)','',(#7182));
#7184=PRODUCT_RELATED_PRODUCT_CATEGORY('part','',(#24));
#7185=PRODUCT_DEFINITION_FORMATION_WITH_SPECIFIED_SOURCE('','',#24,.NOT_KNOWN.);
#25=PRODUCT_DEFINITION('design','',#7185,#7183);
#23=PRODUCT_DEFINITION_SHAPE('','',#25);
#7186=SHAPE_DEFINITION_REPRESENTATION(#23,#16);
#11=DRAUGHTING_MODEL('',(#7179),#10);
#7187=DESCRIPTIVE_REPRESENTATION_ITEM('KEY','C:\\Users\\sanya\\AppData\\Local\\Packages\\Shapr3D.Shapr3D_dvv5p1vgwv6mp\\TempState\\49581c90-1bfe-4a17-8e87-53b3e61af5fa.tmp');
#7188=PROPERTY_DEFINITION('KEY','',#25);
#7189=REPRESENTATION('',(#7187),#10);
#7190=PROPERTY_DEFINITION_REPRESENTATION(#7188,#7189);
#7191=GENERAL_PROPERTY('','KEY','');
#7192=GENERAL_PROPERTY_ASSOCIATION('','',#7191,#7188);
#1=MECHANICAL_DESIGN_GEOMETRIC_PRESENTATION_REPRESENTATION('',(#442,#467,#592,#26),#10);
ENDSEC;
END-ISO-10303-21;
