ISO-10303-21;
HEADER;

/* File generated by Shapr3D Version 26.10.0.10376 */

FILE_DESCRIPTION(('HOOPS Exchange Step'),'2;1');

FILE_NAME('/Users/sanyamsaharan/Library/Containers/com.shapr3d.shapr/Data/tmp/export/temp_export',
'2026-02-08T07:36:54-13:00',
('sanyamsaharan'),
('Shapr3D Limited'),
'HOOPS Exchange 2025.9',
'Shapr3D',
'Authorized');

FILE_SCHEMA( ('AP242_MANAGED_MODEL_BASED_3D_ENGINEERING_MIM_LF {1 0 10303 442 1 1 4}') );

ENDSEC;

DATA;
#3=(NAMED_UNIT(*)PLANE_ANGLE_UNIT()SI_UNIT($,.RADIAN.));
#4=PLANE_ANGLE_MEASURE_WITH_UNIT(PLANE_ANGLE_MEASURE(0.0174532925),#3);
#5=(CONVERSION_BASED_UNIT('DEGREE',#4)NAMED_UNIT(#6)PLANE_ANGLE_UNIT());
#6=DIMENSIONAL_EXPONENTS(0.,0.,0.,0.,0.,0.,0.);
#7=(NAMED_UNIT(*)SI_UNIT($,.STERADIAN.)SOLID_ANGLE_UNIT());
#8=(LENGTH_UNIT()NAMED_UNIT(*)SI_UNIT(.MILLI.,.METRE.));
#9=UNCERTAINTY_MEASURE_WITH_UNIT(LENGTH_MEASURE(1.000000E-05),#8,'DISTANCE_ACCURACY_VALUE','Maximum Tolerance applied to model');
#10=(GEOMETRIC_REPRESENTATION_CONTEXT(3)GLOBAL_UNCERTAINTY_ASSIGNED_CONTEXT((#9))GLOBAL_UNIT_ASSIGNED_CONTEXT((#8,#5,#7))REPRESENTATION_CONTEXT('','top plate (OLED)'));
#12=CARTESIAN_POINT('',(0.,0.,0.));
#13=DIRECTION('',(0.,0.,1.));
#14=DIRECTION('',(1.,0.,0.));
#15=AXIS2_PLACEMENT_3D('TS3D_PRODUCT_CSYS',#12,#13,#14);
#27=CARTESIAN_POINT('',(40.827454823,0.,-30.297886988));
#28=DIRECTION('',(0.866025404,-0.,0.5));
#29=DIRECTION('',(-0.5,-0.,0.866025404));
#30=AXIS2_PLACEMENT_3D('',#27,#28,#29);
#31=PLANE('',#30);
#32=CARTESIAN_POINT('',(29.177454821,8.492,-10.119495081));
#33=VERTEX_POINT('',#32);
#34=CARTESIAN_POINT('',(29.177454821,-8.492,-10.119495081));
#35=VERTEX_POINT('',#34);
#36=CARTESIAN_POINT('',(29.177454821,8.492,-10.119495081));
#37=DIRECTION('',(0.,-1.,-0.));
#38=VECTOR('',#37,16.984);
#39=LINE('',#36,#38);
#40=EDGE_CURVE('',#33,#35,#39,.T.);
#41=ORIENTED_EDGE('',*,*,#40,.F.);
#42=CARTESIAN_POINT('',(27.82745482,11.192,-7.781226491));
#43=VERTEX_POINT('',#42);
#44=CARTESIAN_POINT('',(27.82745482,8.492,-7.781226491));
#45=DIRECTION('',(0.866025404,-0.,0.5));
#46=DIRECTION('',(-0.5,-0.,0.866025404));
#47=AXIS2_PLACEMENT_3D('',#44,#45,#46);
#48=CIRCLE('',#47,2.7);
#49=EDGE_CURVE('',#33,#43,#48,.T.);
#50=ORIENTED_EDGE('',*,*,#49,.T.);
#51=CARTESIAN_POINT('',(27.73545482,11.192,-7.621877817));
#52=VERTEX_POINT('',#51);
#53=CARTESIAN_POINT('',(27.82745482,11.192,-7.781226491));
#54=DIRECTION('',(-0.5,-0.,0.866025404));
#55=VECTOR('',#54,0.184);
#56=LINE('',#53,#55);
#57=EDGE_CURVE('',#43,#52,#56,.T.);
#58=ORIENTED_EDGE('',*,*,#57,.T.);
#59=CARTESIAN_POINT('',(26.38545482,8.492,-5.283609227));
#60=VERTEX_POINT('',#59);
#61=CARTESIAN_POINT('',(27.73545482,8.492,-7.621877817));
#62=DIRECTION('',(0.866025404,-0.,0.5));
#63=DIRECTION('',(-0.5,-0.,0.866025404));
#64=AXIS2_PLACEMENT_3D('',#61,#62,#63);
#65=CIRCLE('',#64,2.7);
#66=EDGE_CURVE('',#52,#60,#65,.T.);
#67=ORIENTED_EDGE('',*,*,#66,.T.);
#68=CARTESIAN_POINT('',(26.38545482,-8.492,-5.283609227));
#69=VERTEX_POINT('',#68);
#70=CARTESIAN_POINT('',(26.38545482,8.492,-5.283609227));
#71=DIRECTION('',(0.,-1.,-0.));
#72=VECTOR('',#71,16.984);
#73=LINE('',#70,#72);
#74=EDGE_CURVE('',#60,#69,#73,.T.);
#75=ORIENTED_EDGE('',*,*,#74,.T.);
#76=CARTESIAN_POINT('',(27.73545482,-11.192,-7.621877817));
#77=VERTEX_POINT('',#76);
#78=CARTESIAN_POINT('',(27.73545482,-8.492,-7.621877817));
#79=DIRECTION('',(0.866025404,-0.,0.5));
#80=DIRECTION('',(-0.5,-0.,0.866025404));
#81=AXIS2_PLACEMENT_3D('',#78,#79,#80);
#82=CIRCLE('',#81,2.7);
#83=EDGE_CURVE('',#69,#77,#82,.T.);
#84=ORIENTED_EDGE('',*,*,#83,.T.);
#85=CARTESIAN_POINT('',(27.82745482,-11.192,-7.781226491));
#86=VERTEX_POINT('',#85);
#87=CARTESIAN_POINT('',(27.82745482,-11.192,-7.781226491));
#88=DIRECTION('',(-0.5,-0.,0.866025404));
#89=VECTOR('',#88,0.184);
#90=LINE('',#87,#89);
#91=EDGE_CURVE('',#86,#77,#90,.T.);
#92=ORIENTED_EDGE('',*,*,#91,.F.);
#93=CARTESIAN_POINT('',(27.82745482,-8.492,-7.781226491));
#94=DIRECTION('',(0.866025404,-0.,0.5));
#95=DIRECTION('',(-0.5,-0.,0.866025404));
#96=AXIS2_PLACEMENT_3D('',#93,#94,#95);
#97=CIRCLE('',#96,2.7);
#98=EDGE_CURVE('',#86,#35,#97,.T.);
#99=ORIENTED_EDGE('',*,*,#98,.T.);
#100=EDGE_LOOP('',(#41,#50,#58,#67,#75,#84,#92,#99));
#101=FACE_BOUND('',#100,.T.);
#102=CARTESIAN_POINT('',(23.823452564,-14.9,-0.846091152));
#103=VERTEX_POINT('',#102);
#104=CARTESIAN_POINT('',(23.823452564,-13.885951488,-0.846091152));
#105=VERTEX_POINT('',#104);
#106=CARTESIAN_POINT('',(23.823452564,-14.9,-0.846091152));
#107=DIRECTION('',(0.,1.,-0.));
#108=VECTOR('',#107,1.014048512);
#109=LINE('',#106,#108);
#110=EDGE_CURVE('',#103,#105,#109,.T.);
#111=ORIENTED_EDGE('',*,*,#110,.T.);
#112=CARTESIAN_POINT('',(24.000113845,-13.425108471,-1.152077466));
#113=VERTEX_POINT('',#112);
#114=CARTESIAN_POINT('',(23.823452564,-13.885951488,-0.846091152));
#115=CARTESIAN_POINT('',(23.823452565,-13.780699892,-0.846091152));
#116=CARTESIAN_POINT('',(23.840267899,-13.677917634,-0.875216167));
#117=CARTESIAN_POINT('',(23.871905014,-13.594383311,-0.930013257));
#118=CARTESIAN_POINT('',(23.903542129,-13.510848987,-0.984810347));
#119=CARTESIAN_POINT('',(23.949020804,-13.45057823,-1.063581722));
#120=CARTESIAN_POINT('',(24.000113845,-13.425108471,-1.152077466));
#121=B_SPLINE_CURVE_WITH_KNOTS('',3,(#114,#115,#116,#117,#118,#119,#120),.UNSPECIFIED.,.F.,.F.,(4,3,4),(0.,0.000311402,0.000622804),.UNSPECIFIED.);
#122=EDGE_CURVE('',#105,#113,#121,.T.);
#123=ORIENTED_EDGE('',*,*,#122,.T.);
#124=CARTESIAN_POINT('',(24.289474212,-12.78,-1.653264323));
#125=VERTEX_POINT('',#124);
#126=CARTESIAN_POINT('',(24.000113845,-13.425108471,-1.152077466));
#127=CARTESIAN_POINT('',(24.037811392,-13.406316341,-1.217371532));
#128=CARTESIAN_POINT('',(24.075067835,-13.379386053,-1.281901584));
#129=CARTESIAN_POINT('',(24.10937515,-13.342819972,-1.341323597));
#130=CARTESIAN_POINT('',(24.143682465,-13.306253892,-1.40074561));
#131=CARTESIAN_POINT('',(24.175816991,-13.258947044,-1.456404242));
#132=CARTESIAN_POINT('',(24.202553036,-13.203018306,-1.50271243));
#133=CARTESIAN_POINT('',(24.229289081,-13.147089569,-1.549020618));
#134=CARTESIAN_POINT('',(24.251534014,-13.080416734,-1.587549972));
#135=CARTESIAN_POINT('',(24.266459368,-13.008805562,-1.613401444));
#136=CARTESIAN_POINT('',(24.281384723,-12.93719439,-1.639252917));
#137=CARTESIAN_POINT('',(24.289474212,-12.858969389,-1.653264323));
#138=CARTESIAN_POINT('',(24.289474212,-12.78,-1.653264323));
#139=B_SPLINE_CURVE_WITH_KNOTS('',3,(#126,#127,#128,#129,#130,#131,#132,#133,#134,#135,#136,#137,#138),.UNSPECIFIED.,.F.,.F.,(4,3,3,3,4),(0.000355698,0.000587833,0.000819967,0.001052102,0.001284237),.UNSPECIFIED.);
#140=EDGE_CURVE('',#113,#125,#139,.T.);
#141=ORIENTED_EDGE('',*,*,#140,.T.);
#142=CARTESIAN_POINT('',(24.289474212,12.78,-1.653264323));
#143=VERTEX_POINT('',#142);
#144=CARTESIAN_POINT('',(24.289474212,12.78,-1.653264323));
#145=DIRECTION('',(0.,-1.,-0.));
#146=VECTOR('',#145,25.56);
#147=LINE('',#144,#146);
#148=EDGE_CURVE('',#143,#125,#147,.T.);
#149=ORIENTED_EDGE('',*,*,#148,.F.);
#150=CARTESIAN_POINT('',(24.000113845,13.425108471,-1.152077466));
#151=VERTEX_POINT('',#150);
#152=CARTESIAN_POINT('',(24.289474212,12.78,-1.653264323));
#153=CARTESIAN_POINT('',(24.289474212,12.858881889,-1.653264323));
#154=CARTESIAN_POINT('',(24.281584252,12.936082115,-1.639598512));
#155=CARTESIAN_POINT('',(24.266547129,13.00838403,-1.613553451));
#156=CARTESIAN_POINT('',(24.251510006,13.080685946,-1.587508389));
#157=CARTESIAN_POINT('',(24.229471959,13.146724972,-1.549337373));
#158=CARTESIAN_POINT('',(24.202507962,13.203112587,-1.502634359));
#159=CARTESIAN_POINT('',(24.175543964,13.259500201,-1.455931346));
#160=CARTESIAN_POINT('',(24.143459921,13.306545207,-1.400360153));
#161=CARTESIAN_POINT('',(24.109159924,13.343049259,-1.340950815));
#162=CARTESIAN_POINT('',(24.074859926,13.37955331,-1.281541476));
#163=CARTESIAN_POINT('',(24.038046627,13.40620304,-1.217778972));
#164=CARTESIAN_POINT('',(24.000113845,13.425108472,-1.152077466));
#165=B_SPLINE_CURVE_WITH_KNOTS('',3,(#152,#153,#154,#155,#156,#157,#158,#159,#160,#161,#162,#163,#164),.UNSPECIFIED.,.F.,.F.,(4,3,3,3,4),(0.,0.00023312,0.000466241,0.000699361,0.000932481),.UNSPECIFIED.);
#166=EDGE_CURVE('',#143,#151,#165,.T.);
#167=ORIENTED_EDGE('',*,*,#166,.T.);
#168=CARTESIAN_POINT('',(23.823452564,13.885951488,-0.846091152));
#169=VERTEX_POINT('',#168);
#170=CARTESIAN_POINT('',(24.000113845,13.425108471,-1.152077466));
#171=CARTESIAN_POINT('',(23.949029447,13.450573923,-1.063596693));
#172=CARTESIAN_POINT('',(23.903793267,13.510298197,-0.985245331));
#173=CARTESIAN_POINT('',(23.871996036,13.594143138,-0.930170911));
#174=CARTESIAN_POINT('',(23.840198805,13.677988079,-0.875096491));
#175=CARTESIAN_POINT('',(23.823452398,13.780705113,-0.846090863));
#176=CARTESIAN_POINT('',(23.823452564,13.885951488,-0.846091152));
#177=B_SPLINE_CURVE_WITH_KNOTS('',3,(#170,#171,#172,#173,#174,#175,#176),.UNSPECIFIED.,.F.,.F.,(4,3,4),(0.,0.000311453,0.000622907),.UNSPECIFIED.);
#178=EDGE_CURVE('',#151,#169,#177,.T.);
#179=ORIENTED_EDGE('',*,*,#178,.T.);
#180=CARTESIAN_POINT('',(23.823452564,14.9,-0.846091152));
#181=VERTEX_POINT('',#180);
#182=CARTESIAN_POINT('',(23.823452564,13.885951488,-0.846091152));
#183=DIRECTION('',(0.,1.,-0.));
#184=VECTOR('',#183,1.014048512);
#185=LINE('',#182,#184);
#186=EDGE_CURVE('',#169,#181,#185,.T.);
#187=ORIENTED_EDGE('',*,*,#186,.T.);
#188=CARTESIAN_POINT('',(25.549026026,18.351146923,-3.834872059));
#189=VERTEX_POINT('',#188);
#190=CARTESIAN_POINT('',(25.549026026,14.9,-3.834872059));
#191=DIRECTION('',(-0.866025404,0.,-0.5));
#192=DIRECTION('',(-0.5,-0.,0.866025404));
#193=AXIS2_PLACEMENT_3D('',#190,#191,#192);
#194=CIRCLE('',#193,3.451146923);
#195=EDGE_CURVE('',#181,#189,#194,.T.);
#196=ORIENTED_EDGE('',*,*,#195,.T.);
#197=CARTESIAN_POINT('',(30.013883615,18.351146923,-11.568232249));
#198=VERTEX_POINT('',#197);
#199=CARTESIAN_POINT('',(25.549026026,18.351146923,-3.834872059));
#200=CARTESIAN_POINT('',(27.037311889,18.351146923,-6.412658789));
#201=CARTESIAN_POINT('',(28.525597752,18.351146923,-8.990445519));
#202=CARTESIAN_POINT('',(30.013883615,18.351146923,-11.568232249));
#203=B_SPLINE_CURVE_WITH_KNOTS('',3,(#199,#200,#201,#202),.UNSPECIFIED.,.F.,.F.,(4,4),(0.008985734,0.017915449),.UNSPECIFIED.);
#204=EDGE_CURVE('',#189,#198,#203,.T.);
#205=ORIENTED_EDGE('',*,*,#204,.T.);
#206=CARTESIAN_POINT('',(31.739457076,14.9,-14.557013156));
#207=VERTEX_POINT('',#206);
#208=CARTESIAN_POINT('',(30.013883615,14.9,-11.568232249));
#209=DIRECTION('',(-0.866025404,0.,-0.5));
#210=DIRECTION('',(-0.5,-0.,0.866025404));
#211=AXIS2_PLACEMENT_3D('',#208,#209,#210);
#212=CIRCLE('',#211,3.451146923);
#213=EDGE_CURVE('',#198,#207,#212,.T.);
#214=ORIENTED_EDGE('',*,*,#213,.T.);
#215=CARTESIAN_POINT('',(31.739457077,-14.9,-14.557013156));
#216=VERTEX_POINT('',#215);
#217=CARTESIAN_POINT('',(31.739457076,14.9,-14.557013156));
#218=DIRECTION('',(0.,-1.,-0.));
#219=VECTOR('',#218,29.8);
#220=LINE('',#217,#219);
#221=EDGE_CURVE('',#207,#216,#220,.T.);
#222=ORIENTED_EDGE('',*,*,#221,.T.);
#223=CARTESIAN_POINT('',(30.013883615,-18.351146923,-11.568232249));
#224=VERTEX_POINT('',#223);
#225=CARTESIAN_POINT('',(30.013883615,-14.9,-11.568232249));
#226=DIRECTION('',(-0.866025404,0.,-0.5));
#227=DIRECTION('',(-0.5,-0.,0.866025404));
#228=AXIS2_PLACEMENT_3D('',#225,#226,#227);
#229=CIRCLE('',#228,3.451146923);
#230=EDGE_CURVE('',#216,#224,#229,.T.);
#231=ORIENTED_EDGE('',*,*,#230,.T.);
#232=CARTESIAN_POINT('',(25.549026026,-18.351146923,-3.834872059));
#233=VERTEX_POINT('',#232);
#234=CARTESIAN_POINT('',(30.013883615,-18.351146923,-11.568232249));
#235=CARTESIAN_POINT('',(28.525597752,-18.351146923,-8.990445519));
#236=CARTESIAN_POINT('',(27.037311889,-18.351146923,-6.412658789));
#237=CARTESIAN_POINT('',(25.549026026,-18.351146923,-3.834872059));
#238=B_SPLINE_CURVE_WITH_KNOTS('',3,(#234,#235,#236,#237),.UNSPECIFIED.,.F.,.F.,(4,4),(0.008985734,0.017915449),.UNSPECIFIED.);
#239=EDGE_CURVE('',#224,#233,#238,.T.);
#240=ORIENTED_EDGE('',*,*,#239,.T.);
#241=CARTESIAN_POINT('',(25.549026026,-14.9,-3.834872059));
#242=DIRECTION('',(-0.866025404,0.,-0.5));
#243=DIRECTION('',(-0.5,-0.,0.866025404));
#244=AXIS2_PLACEMENT_3D('',#241,#242,#243);
#245=CIRCLE('',#244,3.451146923);
#246=EDGE_CURVE('',#233,#103,#245,.T.);
#247=ORIENTED_EDGE('',*,*,#246,.T.);
#248=EDGE_LOOP('',(#111,#123,#141,#149,#167,#179,#187,#196,#205,#214,#222,#231,#240,#247));
#249=FACE_BOUND('',#248,.T.);
#250=CARTESIAN_POINT('',(31.314457078,-14.9,-13.820891565));
#251=VERTEX_POINT('',#250);
#252=CARTESIAN_POINT('',(31.011719679,-16.568309948,-13.296535009));
#253=VERTEX_POINT('',#252);
#254=CARTESIAN_POINT('',(30.013883616,-14.9,-11.568232251));
#255=DIRECTION('',(-0.866025404,0.,-0.5));
#256=DIRECTION('',(0.5,0.,-0.866025404));
#257=AXIS2_PLACEMENT_3D('',#254,#255,#256);
#258=CIRCLE('',#257,2.601146923);
#259=EDGE_CURVE('',#251,#253,#258,.T.);
#260=ORIENTED_EDGE('',*,*,#259,.F.);
#261=CARTESIAN_POINT('',(31.314457076,14.9,-13.820891563));
#262=VERTEX_POINT('',#261);
#263=CARTESIAN_POINT('',(31.314457076,14.9,-13.820891563));
#264=DIRECTION('',(0.,-1.,-0.));
#265=VECTOR('',#264,29.8);
#266=LINE('',#263,#265);
#267=EDGE_CURVE('',#262,#251,#266,.T.);
#268=ORIENTED_EDGE('',*,*,#267,.F.);
#269=CARTESIAN_POINT('',(30.013883615,17.501146923,-11.568232249));
#270=VERTEX_POINT('',#269);
#271=CARTESIAN_POINT('',(30.013883615,14.9,-11.568232249));
#272=DIRECTION('',(-0.866025404,0.,-0.5));
#273=DIRECTION('',(0.5,0.,-0.866025404));
#274=AXIS2_PLACEMENT_3D('',#271,#272,#273);
#275=CIRCLE('',#274,2.601146923);
#276=EDGE_CURVE('',#270,#262,#275,.T.);
#277=ORIENTED_EDGE('',*,*,#276,.F.);
#278=CARTESIAN_POINT('',(25.549026026,17.501146923,-3.834872059));
#279=VERTEX_POINT('',#278);
#280=CARTESIAN_POINT('',(25.549026026,17.501146923,-3.834872059));
#281=DIRECTION('',(0.5,-0.,-0.866025404));
#282=VECTOR('',#281,8.929715175);
#283=LINE('',#280,#282);
#284=EDGE_CURVE('',#279,#270,#283,.T.);
#285=ORIENTED_EDGE('',*,*,#284,.F.);
#286=CARTESIAN_POINT('',(24.248452564,14.9,-1.582212745));
#287=VERTEX_POINT('',#286);
#288=CARTESIAN_POINT('',(25.549026026,14.9,-3.834872059));
#289=DIRECTION('',(-0.866025404,0.,-0.5));
#290=DIRECTION('',(0.5,0.,-0.866025404));
#291=AXIS2_PLACEMENT_3D('',#288,#289,#290);
#292=CIRCLE('',#291,2.601146923);
#293=EDGE_CURVE('',#287,#279,#292,.T.);
#294=ORIENTED_EDGE('',*,*,#293,.F.);
#295=CARTESIAN_POINT('',(24.248452564,14.592,-1.582212745));
#296=VERTEX_POINT('',#295);
#297=CARTESIAN_POINT('',(24.248452564,14.592,-1.582212745));
#298=DIRECTION('',(-0.,1.,0.));
#299=VECTOR('',#298,0.308);
#300=LINE('',#297,#299);
#301=EDGE_CURVE('',#296,#287,#300,.T.);
#302=ORIENTED_EDGE('',*,*,#301,.F.);
#303=CARTESIAN_POINT('',(24.423452564,14.242,-1.885321636));
#304=VERTEX_POINT('',#303);
#305=CARTESIAN_POINT('',(24.423452564,14.592,-1.885321636));
#306=DIRECTION('',(-0.866025404,0.,-0.5));
#307=DIRECTION('',(0.5,0.,-0.866025404));
#308=AXIS2_PLACEMENT_3D('',#305,#306,#307);
#309=CIRCLE('',#308,0.35);
#310=EDGE_CURVE('',#304,#296,#309,.T.);
#311=ORIENTED_EDGE('',*,*,#310,.F.);
#312=CARTESIAN_POINT('',(30.477454821,14.242,-12.371161131));
#313=VERTEX_POINT('',#312);
#314=CARTESIAN_POINT('',(30.477454821,14.242,-12.371161131));
#315=DIRECTION('',(-0.5,-0.,0.866025404));
#316=VECTOR('',#315,12.108004511);
#317=LINE('',#314,#316);
#318=EDGE_CURVE('',#313,#304,#317,.T.);
#319=ORIENTED_EDGE('',*,*,#318,.F.);
#320=CARTESIAN_POINT('',(30.702454821,13.792,-12.760872563));
#321=VERTEX_POINT('',#320);
#322=CARTESIAN_POINT('',(30.477454821,13.792,-12.371161131));
#323=DIRECTION('',(-0.866025404,0.,-0.5));
#324=DIRECTION('',(0.5,0.,-0.866025404));
#325=AXIS2_PLACEMENT_3D('',#322,#323,#324);
#326=CIRCLE('',#325,0.45);
#327=EDGE_CURVE('',#313,#321,#326,.T.);
#328=ORIENTED_EDGE('',*,*,#327,.T.);
#329=CARTESIAN_POINT('',(30.702454821,-16.343828786,-12.760872563));
#330=VERTEX_POINT('',#329);
#331=CARTESIAN_POINT('',(30.702454821,-16.343828786,-12.760872563));
#332=DIRECTION('',(-0.,1.,0.));
#333=VECTOR('',#332,30.135828786);
#334=LINE('',#331,#333);
#335=EDGE_CURVE('',#330,#321,#334,.T.);
#336=ORIENTED_EDGE('',*,*,#335,.F.);
#337=CARTESIAN_POINT('',(30.877454821,-16.343828786,-13.063981454));
#338=DIRECTION('',(-0.866025404,0.,-0.5));
#339=DIRECTION('',(0.5,0.,-0.866025404));
#340=AXIS2_PLACEMENT_3D('',#337,#338,#339);
#341=CIRCLE('',#340,0.35);
#342=EDGE_CURVE('',#253,#330,#341,.T.);
#343=ORIENTED_EDGE('',*,*,#342,.F.);
#344=EDGE_LOOP('',(#260,#268,#277,#285,#294,#302,#311,#319,#328,#336,#343));
#345=FACE_BOUND('',#344,.T.);
#346=ADVANCED_FACE('',(#101,#249,#345),#31,.F.);
#347=CARTESIAN_POINT('',(11.242318032,-0.,22.327595852));
#348=DIRECTION('',(0.866025404,0.,0.5));
#349=DIRECTION('',(0.5,0.,-0.866025404));
#350=AXIS2_PLACEMENT_3D('',#347,#348,#349);
#351=PLANE('',#350);
#352=CARTESIAN_POINT('',(28.334104743,11.792,-7.276247123));
#353=VERTEX_POINT('',#352);
#354=CARTESIAN_POINT('',(28.426104743,11.792,-7.435595798));
#355=VERTEX_POINT('',#354);
#356=CARTESIAN_POINT('',(28.334104743,11.792,-7.276247123));
#357=DIRECTION('',(0.5,0.,-0.866025404));
#358=VECTOR('',#357,0.184);
#359=LINE('',#356,#358);
#360=EDGE_CURVE('',#353,#355,#359,.T.);
#361=ORIENTED_EDGE('',*,*,#360,.T.);
#362=CARTESIAN_POINT('',(30.076104743,8.492,-10.29347963));
#363=VERTEX_POINT('',#362);
#364=CARTESIAN_POINT('',(28.426104743,8.492,-7.435595798));
#365=DIRECTION('',(-0.866025404,-0.,-0.5));
#366=DIRECTION('',(0.5,0.,-0.866025404));
#367=AXIS2_PLACEMENT_3D('',#364,#365,#366);
#368=CIRCLE('',#367,3.3);
#369=EDGE_CURVE('',#355,#363,#368,.T.);
#370=ORIENTED_EDGE('',*,*,#369,.T.);
#371=CARTESIAN_POINT('',(30.076104743,-8.492,-10.29347963));
#372=VERTEX_POINT('',#371);
#373=CARTESIAN_POINT('',(30.076104743,8.492,-10.29347963));
#374=DIRECTION('',(0.,-1.,-0.));
#375=VECTOR('',#374,16.984);
#376=LINE('',#373,#375);
#377=EDGE_CURVE('',#363,#372,#376,.T.);
#378=ORIENTED_EDGE('',*,*,#377,.T.);
#379=CARTESIAN_POINT('',(28.426104743,-11.792,-7.435595798));
#380=VERTEX_POINT('',#379);
#381=CARTESIAN_POINT('',(28.426104743,-8.492,-7.435595798));
#382=DIRECTION('',(-0.866025404,-0.,-0.5));
#383=DIRECTION('',(0.5,0.,-0.866025404));
#384=AXIS2_PLACEMENT_3D('',#381,#382,#383);
#385=CIRCLE('',#384,3.3);
#386=EDGE_CURVE('',#372,#380,#385,.T.);
#387=ORIENTED_EDGE('',*,*,#386,.T.);
#388=CARTESIAN_POINT('',(28.334104743,-11.792,-7.276247123));
#389=VERTEX_POINT('',#388);
#390=CARTESIAN_POINT('',(28.426104743,-11.792,-7.435595798));
#391=DIRECTION('',(-0.5,-0.,0.866025404));
#392=VECTOR('',#391,0.184);
#393=LINE('',#390,#392);
#394=EDGE_CURVE('',#380,#389,#393,.T.);
#395=ORIENTED_EDGE('',*,*,#394,.T.);
#396=CARTESIAN_POINT('',(26.684104743,-8.492,-4.418363291));
#397=VERTEX_POINT('',#396);
#398=CARTESIAN_POINT('',(28.334104743,-8.492,-7.276247123));
#399=DIRECTION('',(-0.866025404,-0.,-0.5));
#400=DIRECTION('',(0.5,0.,-0.866025404));
#401=AXIS2_PLACEMENT_3D('',#398,#399,#400);
#402=CIRCLE('',#401,3.3);
#403=EDGE_CURVE('',#389,#397,#402,.T.);
#404=ORIENTED_EDGE('',*,*,#403,.T.);
#405=CARTESIAN_POINT('',(26.684104743,8.492,-4.418363291));
#406=VERTEX_POINT('',#405);
#407=CARTESIAN_POINT('',(26.684104743,-8.492,-4.418363291));
#408=DIRECTION('',(-0.,1.,0.));
#409=VECTOR('',#408,16.984);
#410=LINE('',#407,#409);
#411=EDGE_CURVE('',#397,#406,#410,.T.);
#412=ORIENTED_EDGE('',*,*,#411,.T.);
#413=CARTESIAN_POINT('',(28.334104743,8.492,-7.276247123));
#414=DIRECTION('',(-0.866025404,-0.,-0.5));
#415=DIRECTION('',(0.5,0.,-0.866025404));
#416=AXIS2_PLACEMENT_3D('',#413,#414,#415);
#417=CIRCLE('',#416,3.3);
#418=EDGE_CURVE('',#406,#353,#417,.T.);
#419=ORIENTED_EDGE('',*,*,#418,.T.);
#420=EDGE_LOOP('',(#361,#370,#378,#387,#395,#404,#412,#419));
#421=FACE_BOUND('',#420,.T.);
#422=CARTESIAN_POINT('',(28.334104743,12.092,-7.276247123));
#423=VERTEX_POINT('',#422);
#424=CARTESIAN_POINT('',(26.534104743,8.492,-4.15855567));
#425=VERTEX_POINT('',#424);
#426=CARTESIAN_POINT('',(28.334104743,8.492,-7.276247123));
#427=DIRECTION('',(0.866025404,0.,0.5));
#428=DIRECTION('',(-0.5,-0.,0.866025404));
#429=AXIS2_PLACEMENT_3D('',#426,#427,#428);
#430=CIRCLE('',#429,3.6);
#431=EDGE_CURVE('',#423,#425,#430,.T.);
#432=ORIENTED_EDGE('',*,*,#431,.T.);
#433=CARTESIAN_POINT('',(26.534104743,-8.492,-4.15855567));
#434=VERTEX_POINT('',#433);
#435=CARTESIAN_POINT('',(26.534104743,8.492,-4.15855567));
#436=DIRECTION('',(0.,-1.,-0.));
#437=VECTOR('',#436,16.984);
#438=LINE('',#435,#437);
#439=EDGE_CURVE('',#425,#434,#438,.T.);
#440=ORIENTED_EDGE('',*,*,#439,.T.);
#441=CARTESIAN_POINT('',(28.334104743,-12.092,-7.276247123));
#442=VERTEX_POINT('',#441);
#443=CARTESIAN_POINT('',(28.334104743,-8.492,-7.276247123));
#444=DIRECTION('',(0.866025404,0.,0.5));
#445=DIRECTION('',(-0.5,-0.,0.866025404));
#446=AXIS2_PLACEMENT_3D('',#443,#444,#445);
#447=CIRCLE('',#446,3.6);
#448=EDGE_CURVE('',#434,#442,#447,.T.);
#449=ORIENTED_EDGE('',*,*,#448,.T.);
#450=CARTESIAN_POINT('',(28.426104743,-12.092,-7.435595797));
#451=VERTEX_POINT('',#450);
#452=CARTESIAN_POINT('',(28.334104743,-12.092,-7.276247123));
#453=DIRECTION('',(0.5,0.,-0.866025404));
#454=VECTOR('',#453,0.184);
#455=LINE('',#452,#454);
#456=EDGE_CURVE('',#442,#451,#455,.T.);
#457=ORIENTED_EDGE('',*,*,#456,.T.);
#458=CARTESIAN_POINT('',(30.226104743,-8.492,-10.553287251));
#459=VERTEX_POINT('',#458);
#460=CARTESIAN_POINT('',(28.426104743,-8.492,-7.435595797));
#461=DIRECTION('',(0.866025404,0.,0.5));
#462=DIRECTION('',(-0.5,-0.,0.866025404));
#463=AXIS2_PLACEMENT_3D('',#460,#461,#462);
#464=CIRCLE('',#463,3.6);
#465=EDGE_CURVE('',#451,#459,#464,.T.);
#466=ORIENTED_EDGE('',*,*,#465,.T.);
#467=CARTESIAN_POINT('',(30.226104743,8.492,-10.553287251));
#468=VERTEX_POINT('',#467);
#469=CARTESIAN_POINT('',(30.226104743,-8.492,-10.553287251));
#470=DIRECTION('',(-0.,1.,0.));
#471=VECTOR('',#470,16.984);
#472=LINE('',#469,#471);
#473=EDGE_CURVE('',#459,#468,#472,.T.);
#474=ORIENTED_EDGE('',*,*,#473,.T.);
#475=CARTESIAN_POINT('',(28.426104743,12.092,-7.435595797));
#476=VERTEX_POINT('',#475);
#477=CARTESIAN_POINT('',(28.426104743,8.492,-7.435595797));
#478=DIRECTION('',(0.866025404,0.,0.5));
#479=DIRECTION('',(-0.5,-0.,0.866025404));
#480=AXIS2_PLACEMENT_3D('',#477,#478,#479);
#481=CIRCLE('',#480,3.6);
#482=EDGE_CURVE('',#468,#476,#481,.T.);
#483=ORIENTED_EDGE('',*,*,#482,.T.);
#484=CARTESIAN_POINT('',(28.426104743,12.092,-7.435595797));
#485=DIRECTION('',(-0.5,-0.,0.866025404));
#486=VECTOR('',#485,0.184);
#487=LINE('',#484,#486);
#488=EDGE_CURVE('',#476,#423,#487,.T.);
#489=ORIENTED_EDGE('',*,*,#488,.T.);
#490=EDGE_LOOP('',(#432,#440,#449,#457,#466,#474,#483,#489));
#491=FACE_BOUND('',#490,.T.);
#492=ADVANCED_FACE('',(#421,#491),#351,.T.);
#493=CARTESIAN_POINT('',(24.031650545,3.604,-1.824177856));
#494=DIRECTION('',(-0.,-1.,0.));
#495=DIRECTION('',(0.5,-0.,-0.866025404));
#496=AXIS2_PLACEMENT_3D('',#493,#494,#495);
#497=CYLINDRICAL_SURFACE('',#496,1.);
#498=CARTESIAN_POINT('',(24.08910954,13.913911295,-0.825829989));
#499=VERTEX_POINT('',#498);
#500=CARTESIAN_POINT('',(24.48106353,13.913911295,-0.930853744));
#501=VERTEX_POINT('',#500);
#502=CARTESIAN_POINT('',(24.089105397,13.913934831,-0.825829751));
#503=CARTESIAN_POINT('',(24.224011409,13.922208502,-0.833593581));
#504=CARTESIAN_POINT('',(24.359626006,13.922241343,-0.869760879));
#505=CARTESIAN_POINT('',(24.481064379,13.913917631,-0.930854171));
#506=B_SPLINE_CURVE_WITH_KNOTS('',3,(#502,#503,#504,#505),.UNSPECIFIED.,.F.,.F.,(4,4),(0.002944679,0.003147821),.UNSPECIFIED.);
#507=EDGE_CURVE('',#499,#501,#506,.T.);
#508=ORIENTED_EDGE('',*,*,#507,.T.);
#509=CARTESIAN_POINT('',(24.897675949,13.819861832,-1.324177856));
#510=VERTEX_POINT('',#509);
#511=CARTESIAN_POINT('',(24.481063956,13.913912373,-0.930853958));
#512=CARTESIAN_POINT('',(24.572600993,13.907638105,-0.976904413));
#513=CARTESIAN_POINT('',(24.653700064,13.896853522,-1.03505047));
#514=CARTESIAN_POINT('',(24.724591231,13.88091809,-1.103183261));
#515=CARTESIAN_POINT('',(24.795482398,13.864982657,-1.171316051));
#516=CARTESIAN_POINT('',(24.8523752,13.84472283,-1.245714656));
#517=CARTESIAN_POINT('',(24.897675949,13.819861832,-1.324177856));
#518=B_SPLINE_CURVE_WITH_KNOTS('',3,(#511,#512,#513,#514,#515,#516,#517),.UNSPECIFIED.,.F.,.F.,(4,3,4),(0.,0.000153058,0.000306117),.UNSPECIFIED.);
#519=EDGE_CURVE('',#501,#510,#518,.T.);
#520=ORIENTED_EDGE('',*,*,#519,.T.);
#521=CARTESIAN_POINT('',(24.897675949,14.9,-1.324177856));
#522=VERTEX_POINT('',#521);
#523=CARTESIAN_POINT('',(24.897675949,14.9,-1.324177856));
#524=DIRECTION('',(-0.,-1.,0.));
#525=VECTOR('',#524,1.080138168);
#526=LINE('',#523,#525);
#527=EDGE_CURVE('',#522,#510,#526,.T.);
#528=ORIENTED_EDGE('',*,*,#527,.F.);
#529=CARTESIAN_POINT('',(24.031650545,14.9,-1.824177856));
#530=DIRECTION('',(0.,-1.,-0.));
#531=DIRECTION('',(0.866025404,0.,0.5));
#532=AXIS2_PLACEMENT_3D('',#529,#530,#531);
#533=CIRCLE('',#532,1.);
#534=EDGE_CURVE('',#522,#181,#533,.T.);
#535=ORIENTED_EDGE('',*,*,#534,.T.);
#536=ORIENTED_EDGE('',*,*,#186,.F.);
#537=CARTESIAN_POINT('',(23.82345167,13.885952932,-0.846091342));
#538=CARTESIAN_POINT('',(23.909243974,13.899139038,-0.827829296));
#539=CARTESIAN_POINT('',(23.998999441,13.908402824,-0.82064432));
#540=CARTESIAN_POINT('',(24.089103637,13.913928836,-0.825829649));
#541=B_SPLINE_CURVE_WITH_KNOTS('',3,(#537,#538,#539,#540),.UNSPECIFIED.,.F.,.F.,(4,4),(0.002839537,0.002975017),.UNSPECIFIED.);
#542=EDGE_CURVE('',#169,#499,#541,.T.);
#543=ORIENTED_EDGE('',*,*,#542,.T.);
#544=EDGE_LOOP('',(#508,#520,#528,#535,#536,#543));
#545=FACE_BOUND('',#544,.T.);
#546=ADVANCED_FACE('',(#545),#497,.T.);
#547=CARTESIAN_POINT('',(11.242318032,-0.,22.327595852));
#548=DIRECTION('',(0.866025404,0.,0.5));
#549=DIRECTION('',(0.5,0.,-0.866025404));
#550=AXIS2_PLACEMENT_3D('',#547,#548,#549);
#551=PLANE('',#550);
#552=CARTESIAN_POINT('',(31.326104743,8.492,-12.458543139));
#553=VERTEX_POINT('',#552);
#554=CARTESIAN_POINT('',(31.326104743,-8.492,-12.458543139));
#555=VERTEX_POINT('',#554);
#556=CARTESIAN_POINT('',(31.326104743,8.492,-12.458543139));
#557=DIRECTION('',(0.,-1.,-0.));
#558=VECTOR('',#557,16.984);
#559=LINE('',#556,#558);
#560=EDGE_CURVE('',#553,#555,#559,.T.);
#561=ORIENTED_EDGE('',*,*,#560,.T.);
#562=CARTESIAN_POINT('',(28.426104743,-14.292,-7.435595797));
#563=VERTEX_POINT('',#562);
#564=CARTESIAN_POINT('',(28.426104743,-8.492,-7.435595797));
#565=DIRECTION('',(-0.866025404,-0.,-0.5));
#566=DIRECTION('',(-0.5,-0.,0.866025404));
#567=AXIS2_PLACEMENT_3D('',#564,#565,#566);
#568=CIRCLE('',#567,5.8);
#569=EDGE_CURVE('',#555,#563,#568,.T.);
#570=ORIENTED_EDGE('',*,*,#569,.T.);
#571=CARTESIAN_POINT('',(28.334104743,-14.292,-7.276247123));
#572=VERTEX_POINT('',#571);
#573=CARTESIAN_POINT('',(28.426104743,-14.292,-7.435595797));
#574=DIRECTION('',(-0.5,-0.,0.866025404));
#575=VECTOR('',#574,0.184);
#576=LINE('',#573,#575);
#577=EDGE_CURVE('',#563,#572,#576,.T.);
#578=ORIENTED_EDGE('',*,*,#577,.T.);
#579=CARTESIAN_POINT('',(25.434104743,-8.492,-2.253299781));
#580=VERTEX_POINT('',#579);
#581=CARTESIAN_POINT('',(28.334104743,-8.492,-7.276247123));
#582=DIRECTION('',(-0.866025404,-0.,-0.5));
#583=DIRECTION('',(-0.5,-0.,0.866025404));
#584=AXIS2_PLACEMENT_3D('',#581,#582,#583);
#585=CIRCLE('',#584,5.8);
#586=EDGE_CURVE('',#572,#580,#585,.T.);
#587=ORIENTED_EDGE('',*,*,#586,.T.);
#588=CARTESIAN_POINT('',(25.434104743,8.492,-2.253299781));
#589=VERTEX_POINT('',#588);
#590=CARTESIAN_POINT('',(25.434104743,-8.492,-2.253299781));
#591=DIRECTION('',(-0.,1.,0.));
#592=VECTOR('',#591,16.984);
#593=LINE('',#590,#592);
#594=EDGE_CURVE('',#580,#589,#593,.T.);
#595=ORIENTED_EDGE('',*,*,#594,.T.);
#596=CARTESIAN_POINT('',(28.334104743,14.292,-7.276247123));
#597=VERTEX_POINT('',#596);
#598=CARTESIAN_POINT('',(28.334104743,8.492,-7.276247123));
#599=DIRECTION('',(-0.866025404,-0.,-0.5));
#600=DIRECTION('',(-0.5,-0.,0.866025404));
#601=AXIS2_PLACEMENT_3D('',#598,#599,#600);
#602=CIRCLE('',#601,5.8);
#603=EDGE_CURVE('',#589,#597,#602,.T.);
#604=ORIENTED_EDGE('',*,*,#603,.T.);
#605=CARTESIAN_POINT('',(28.426104743,14.292,-7.435595797));
#606=VERTEX_POINT('',#605);
#607=CARTESIAN_POINT('',(28.334104743,14.292,-7.276247123));
#608=DIRECTION('',(0.5,0.,-0.866025404));
#609=VECTOR('',#608,0.184);
#610=LINE('',#607,#609);
#611=EDGE_CURVE('',#597,#606,#610,.T.);
#612=ORIENTED_EDGE('',*,*,#611,.T.);
#613=CARTESIAN_POINT('',(28.426104743,8.492,-7.435595797));
#614=DIRECTION('',(-0.866025404,-0.,-0.5));
#615=DIRECTION('',(-0.5,-0.,0.866025404));
#616=AXIS2_PLACEMENT_3D('',#613,#614,#615);
#617=CIRCLE('',#616,5.8);
#618=EDGE_CURVE('',#606,#553,#617,.T.);
#619=ORIENTED_EDGE('',*,*,#618,.T.);
#620=EDGE_LOOP('',(#561,#570,#578,#587,#595,#604,#612,#619));
#621=FACE_BOUND('',#620,.T.);
#622=CARTESIAN_POINT('',(25.372675949,14.9,-2.146901989));
#623=VERTEX_POINT('',#622);
#624=CARTESIAN_POINT('',(26.147675949,14.9,-3.489241365));
#625=DIRECTION('',(-0.866025404,-0.,-0.5));
#626=DIRECTION('',(-0.5,-0.,0.866025404));
#627=AXIS2_PLACEMENT_3D('',#624,#625,#626);
#628=CIRCLE('',#627,1.55);
#629=EDGE_CURVE('',#623,#623,#628,.T.);
#630=ORIENTED_EDGE('',*,*,#629,.T.);
#631=EDGE_LOOP('',(#630));
#632=FACE_BOUND('',#631,.T.);
#633=CARTESIAN_POINT('',(29.837533537,14.9,-9.88026218));
#634=VERTEX_POINT('',#633);
#635=CARTESIAN_POINT('',(30.612533537,14.9,-11.222601556));
#636=DIRECTION('',(-0.866025404,-0.,-0.5));
#637=DIRECTION('',(-0.5,-0.,0.866025404));
#638=AXIS2_PLACEMENT_3D('',#635,#636,#637);
#639=CIRCLE('',#638,1.55);
#640=EDGE_CURVE('',#634,#634,#639,.T.);
#641=ORIENTED_EDGE('',*,*,#640,.T.);
#642=EDGE_LOOP('',(#641));
#643=FACE_BOUND('',#642,.T.);
#644=CARTESIAN_POINT('',(29.837533537,-14.9,-9.88026218));
#645=VERTEX_POINT('',#644);
#646=CARTESIAN_POINT('',(30.612533537,-14.9,-11.222601556));
#647=DIRECTION('',(-0.866025404,-0.,-0.5));
#648=DIRECTION('',(-0.5,-0.,0.866025404));
#649=AXIS2_PLACEMENT_3D('',#646,#647,#648);
#650=CIRCLE('',#649,1.55);
#651=EDGE_CURVE('',#645,#645,#650,.T.);
#652=ORIENTED_EDGE('',*,*,#651,.T.);
#653=EDGE_LOOP('',(#652));
#654=FACE_BOUND('',#653,.T.);
#655=CARTESIAN_POINT('',(25.372675949,-14.9,-2.146901989));
#656=VERTEX_POINT('',#655);
#657=CARTESIAN_POINT('',(26.147675949,-14.9,-3.489241365));
#658=DIRECTION('',(-0.866025404,-0.,-0.5));
#659=DIRECTION('',(-0.5,-0.,0.866025404));
#660=AXIS2_PLACEMENT_3D('',#657,#658,#659);
#661=CIRCLE('',#660,1.55);
#662=EDGE_CURVE('',#656,#656,#661,.T.);
#663=ORIENTED_EDGE('',*,*,#662,.T.);
#664=EDGE_LOOP('',(#663));
#665=FACE_BOUND('',#664,.T.);
#666=CARTESIAN_POINT('',(25.210079789,12.78,-1.86527718));
#667=VERTEX_POINT('',#666);
#668=CARTESIAN_POINT('',(25.210079789,-12.78,-1.86527718));
#669=VERTEX_POINT('',#668);
#670=CARTESIAN_POINT('',(25.210079789,12.78,-1.86527718));
#671=DIRECTION('',(0.,-1.,-0.));
#672=VECTOR('',#671,25.56);
#673=LINE('',#670,#672);
#674=EDGE_CURVE('',#667,#669,#673,.T.);
#675=ORIENTED_EDGE('',*,*,#674,.T.);
#676=CARTESIAN_POINT('',(24.897675949,-13.819861832,-1.324177856));
#677=VERTEX_POINT('',#676);
#678=CARTESIAN_POINT('',(25.210079789,-12.78,-1.86527718));
#679=CARTESIAN_POINT('',(25.210079789,-12.887280493,-1.86527718));
#680=CARTESIAN_POINT('',(25.202816289,-12.991774318,-1.852696429));
#681=CARTESIAN_POINT('',(25.188612724,-13.093605563,-1.828095133));
#682=CARTESIAN_POINT('',(25.17440916,-13.195436808,-1.803493837));
#683=CARTESIAN_POINT('',(25.152870173,-13.294964171,-1.766187218));
#684=CARTESIAN_POINT('',(25.125555225,-13.385366672,-1.718876341));
#685=CARTESIAN_POINT('',(25.098240277,-13.475769172,-1.671565463));
#686=CARTESIAN_POINT('',(25.064350633,-13.559920067,-1.612866877));
#687=CARTESIAN_POINT('',(25.025890143,-13.633001064,-1.546251355));
#688=CARTESIAN_POINT('',(24.987429654,-13.70608206,-1.479635834));
#689=CARTESIAN_POINT('',(24.944660822,-13.768291345,-1.405558044));
#690=CARTESIAN_POINT('',(24.897675949,-13.819861832,-1.324177856));
#691=B_SPLINE_CURVE_WITH_KNOTS('',3,(#678,#679,#680,#681,#682,#683,#684,#685,#686,#687,#688,#689,#690),.UNSPECIFIED.,.F.,.F.,(4,3,3,3,4),(-0.,0.000317029,0.000634059,0.000951088,0.001268118),.UNSPECIFIED.);
#692=EDGE_CURVE('',#669,#677,#691,.T.);
#693=ORIENTED_EDGE('',*,*,#692,.T.);
#694=CARTESIAN_POINT('',(24.897675949,-14.9,-1.324177856));
#695=VERTEX_POINT('',#694);
#696=CARTESIAN_POINT('',(24.897675949,-13.819861832,-1.324177856));
#697=DIRECTION('',(-0.,-1.,0.));
#698=VECTOR('',#697,1.080138168);
#699=LINE('',#696,#698);
#700=EDGE_CURVE('',#677,#695,#699,.T.);
#701=ORIENTED_EDGE('',*,*,#700,.T.);
#702=CARTESIAN_POINT('',(26.147675949,-17.4,-3.489241365));
#703=VERTEX_POINT('',#702);
#704=CARTESIAN_POINT('',(26.147675949,-14.9,-3.489241365));
#705=DIRECTION('',(0.866025404,0.,0.5));
#706=DIRECTION('',(-0.5,-0.,0.866025404));
#707=AXIS2_PLACEMENT_3D('',#704,#705,#706);
#708=CIRCLE('',#707,2.5);
#709=EDGE_CURVE('',#695,#703,#708,.T.);
#710=ORIENTED_EDGE('',*,*,#709,.T.);
#711=CARTESIAN_POINT('',(30.612533537,-17.4,-11.222601556));
#712=VERTEX_POINT('',#711);
#713=CARTESIAN_POINT('',(26.147675949,-17.4,-3.489241365));
#714=DIRECTION('',(0.5,0.,-0.866025404));
#715=VECTOR('',#714,8.929715175);
#716=LINE('',#713,#715);
#717=EDGE_CURVE('',#703,#712,#716,.T.);
#718=ORIENTED_EDGE('',*,*,#717,.T.);
#719=CARTESIAN_POINT('',(31.862533537,-14.9,-13.387665065));
#720=VERTEX_POINT('',#719);
#721=CARTESIAN_POINT('',(30.612533537,-14.9,-11.222601556));
#722=DIRECTION('',(0.866025404,0.,0.5));
#723=DIRECTION('',(-0.5,-0.,0.866025404));
#724=AXIS2_PLACEMENT_3D('',#721,#722,#723);
#725=CIRCLE('',#724,2.5);
#726=EDGE_CURVE('',#712,#720,#725,.T.);
#727=ORIENTED_EDGE('',*,*,#726,.T.);
#728=CARTESIAN_POINT('',(31.862533537,14.9,-13.387665065));
#729=VERTEX_POINT('',#728);
#730=CARTESIAN_POINT('',(31.862533537,-14.9,-13.387665065));
#731=DIRECTION('',(-0.,1.,0.));
#732=VECTOR('',#731,29.8);
#733=LINE('',#730,#732);
#734=EDGE_CURVE('',#720,#729,#733,.T.);
#735=ORIENTED_EDGE('',*,*,#734,.T.);
#736=CARTESIAN_POINT('',(30.612533537,17.4,-11.222601556));
#737=VERTEX_POINT('',#736);
#738=CARTESIAN_POINT('',(30.612533537,14.9,-11.222601556));
#739=DIRECTION('',(0.866025404,0.,0.5));
#740=DIRECTION('',(-0.5,-0.,0.866025404));
#741=AXIS2_PLACEMENT_3D('',#738,#739,#740);
#742=CIRCLE('',#741,2.5);
#743=EDGE_CURVE('',#729,#737,#742,.T.);
#744=ORIENTED_EDGE('',*,*,#743,.T.);
#745=CARTESIAN_POINT('',(26.147675949,17.4,-3.489241365));
#746=VERTEX_POINT('',#745);
#747=CARTESIAN_POINT('',(30.612533537,17.4,-11.222601556));
#748=DIRECTION('',(-0.5,-0.,0.866025404));
#749=VECTOR('',#748,8.929715175);
#750=LINE('',#747,#749);
#751=EDGE_CURVE('',#737,#746,#750,.T.);
#752=ORIENTED_EDGE('',*,*,#751,.T.);
#753=CARTESIAN_POINT('',(26.147675949,14.9,-3.489241365));
#754=DIRECTION('',(0.866025404,0.,0.5));
#755=DIRECTION('',(-0.5,-0.,0.866025404));
#756=AXIS2_PLACEMENT_3D('',#753,#754,#755);
#757=CIRCLE('',#756,2.5);
#758=EDGE_CURVE('',#746,#522,#757,.T.);
#759=ORIENTED_EDGE('',*,*,#758,.T.);
#760=ORIENTED_EDGE('',*,*,#527,.T.);
#761=CARTESIAN_POINT('',(24.897675949,13.819861832,-1.324177856));
#762=CARTESIAN_POINT('',(24.944576644,13.768383739,-1.405412243));
#763=CARTESIAN_POINT('',(24.987833136,13.705392699,-1.480334685));
#764=CARTESIAN_POINT('',(25.026104685,13.632600531,-1.546622953));
#765=CARTESIAN_POINT('',(25.064376234,13.559808362,-1.61291122));
#766=CARTESIAN_POINT('',(25.09831731,13.475550608,-1.671698888));
#767=CARTESIAN_POINT('',(25.125622264,13.385134274,-1.718992455));
#768=CARTESIAN_POINT('',(25.152927218,13.294717939,-1.766286023));
#769=CARTESIAN_POINT('',(25.174311653,13.196032498,-1.803324951));
#770=CARTESIAN_POINT('',(25.188576758,13.093843497,-1.828032837));
#771=CARTESIAN_POINT('',(25.202841862,12.991654496,-1.852740722));
#772=CARTESIAN_POINT('',(25.210079789,12.887064004,-1.86527718));
#773=CARTESIAN_POINT('',(25.210079789,12.78,-1.86527718));
#774=B_SPLINE_CURVE_WITH_KNOTS('',3,(#761,#762,#763,#764,#765,#766,#767,#768,#769,#770,#771,#772,#773),.UNSPECIFIED.,.F.,.F.,(4,3,3,3,4),(-0.,0.000316603,0.000633207,0.00094981,0.001266413),.UNSPECIFIED.);
#775=EDGE_CURVE('',#510,#667,#774,.T.);
#776=ORIENTED_EDGE('',*,*,#775,.T.);
#777=EDGE_LOOP('',(#675,#693,#701,#710,#718,#727,#735,#744,#752,#759,#760,#776));
#778=FACE_BOUND('',#777,.T.);
#779=ADVANCED_FACE('',(#621,#632,#643,#654,#665,#778),#551,.T.);
#780=CARTESIAN_POINT('',(10.376292628,-17.4,21.827595852));
#781=DIRECTION('',(0.5,0.,-0.866025404));
#782=DIRECTION('',(0.866025404,0.,0.5));
#783=AXIS2_PLACEMENT_3D('',#780,#781,#782);
#784=CYLINDRICAL_SURFACE('',#783,1.);
#785=ORIENTED_EDGE('',*,*,#239,.F.);
#786=CARTESIAN_POINT('',(29.746508133,-17.4,-11.722601556));
#787=DIRECTION('',(-0.5,-0.,0.866025404));
#788=DIRECTION('',(-0.866025404,0.,-0.5));
#789=AXIS2_PLACEMENT_3D('',#786,#787,#788);
#790=CIRCLE('',#789,1.);
#791=EDGE_CURVE('',#224,#712,#790,.T.);
#792=ORIENTED_EDGE('',*,*,#791,.T.);
#793=ORIENTED_EDGE('',*,*,#717,.F.);
#794=CARTESIAN_POINT('',(25.281650545,-17.4,-3.989241365));
#795=DIRECTION('',(0.5,0.,-0.866025404));
#796=DIRECTION('',(0.866025404,0.,0.5));
#797=AXIS2_PLACEMENT_3D('',#794,#795,#796);
#798=CIRCLE('',#797,1.);
#799=EDGE_CURVE('',#703,#233,#798,.T.);
#800=ORIENTED_EDGE('',*,*,#799,.T.);
#801=EDGE_LOOP('',(#785,#792,#793,#800));
#802=FACE_BOUND('',#801,.T.);
#803=ADVANCED_FACE('',(#802),#784,.T.);
#804=CARTESIAN_POINT('',(29.746508133,-14.9,-11.722601556));
#805=DIRECTION('',(0.866025404,0.,0.5));
#806=DIRECTION('',(-0.5,-0.,0.866025404));
#807=AXIS2_PLACEMENT_3D('',#804,#805,#806);
#808=TOROIDAL_SURFACE('',#807,2.5,1.);
#809=ORIENTED_EDGE('',*,*,#230,.F.);
#810=CARTESIAN_POINT('',(30.996508133,-14.9,-13.887665065));
#811=DIRECTION('',(0.,-1.,-0.));
#812=DIRECTION('',(0.866025404,0.,0.5));
#813=AXIS2_PLACEMENT_3D('',#810,#811,#812);
#814=CIRCLE('',#813,1.);
#815=EDGE_CURVE('',#216,#720,#814,.T.);
#816=ORIENTED_EDGE('',*,*,#815,.T.);
#817=ORIENTED_EDGE('',*,*,#726,.F.);
#818=ORIENTED_EDGE('',*,*,#791,.F.);
#819=EDGE_LOOP('',(#809,#816,#817,#818));
#820=FACE_BOUND('',#819,.T.);
#821=ADVANCED_FACE('',(#820),#808,.T.);
#822=CARTESIAN_POINT('',(25.281650545,-14.9,-3.989241365));
#823=DIRECTION('',(0.866025404,0.,0.5));
#824=DIRECTION('',(-0.5,-0.,0.866025404));
#825=AXIS2_PLACEMENT_3D('',#822,#823,#824);
#826=TOROIDAL_SURFACE('',#825,2.5,1.);
#827=ORIENTED_EDGE('',*,*,#246,.F.);
#828=ORIENTED_EDGE('',*,*,#799,.F.);
#829=ORIENTED_EDGE('',*,*,#709,.F.);
#830=CARTESIAN_POINT('',(24.031650545,-14.9,-1.824177856));
#831=DIRECTION('',(0.,-1.,-0.));
#832=DIRECTION('',(0.866025404,0.,0.5));
#833=AXIS2_PLACEMENT_3D('',#830,#831,#832);
#834=CIRCLE('',#833,1.);
#835=EDGE_CURVE('',#695,#103,#834,.T.);
#836=ORIENTED_EDGE('',*,*,#835,.T.);
#837=EDGE_LOOP('',(#827,#828,#829,#836));
#838=FACE_BOUND('',#837,.T.);
#839=ADVANCED_FACE('',(#838),#826,.T.);
#840=CARTESIAN_POINT('',(30.996508133,0.,-13.887665065));
#841=DIRECTION('',(-0.,1.,0.));
#842=DIRECTION('',(-0.866025404,0.,-0.5));
#843=AXIS2_PLACEMENT_3D('',#840,#841,#842);
#844=CYLINDRICAL_SURFACE('',#843,1.);
#845=ORIENTED_EDGE('',*,*,#221,.F.);
#846=CARTESIAN_POINT('',(30.996508133,14.9,-13.887665065));
#847=DIRECTION('',(0.,-1.,-0.));
#848=DIRECTION('',(0.866025404,0.,0.5));
#849=AXIS2_PLACEMENT_3D('',#846,#847,#848);
#850=CIRCLE('',#849,1.);
#851=EDGE_CURVE('',#207,#729,#850,.T.);
#852=ORIENTED_EDGE('',*,*,#851,.T.);
#853=ORIENTED_EDGE('',*,*,#734,.F.);
#854=ORIENTED_EDGE('',*,*,#815,.F.);
#855=EDGE_LOOP('',(#845,#852,#853,#854));
#856=FACE_BOUND('',#855,.T.);
#857=ADVANCED_FACE('',(#856),#844,.T.);
#858=CARTESIAN_POINT('',(24.031650545,3.604,-1.824177856));
#859=DIRECTION('',(-0.,-1.,0.));
#860=DIRECTION('',(0.5,-0.,-0.866025404));
#861=AXIS2_PLACEMENT_3D('',#858,#859,#860);
#862=CYLINDRICAL_SURFACE('',#861,1.);
#863=CARTESIAN_POINT('',(24.608356596,-13.901308477,-1.007226125));
#864=VERTEX_POINT('',#863);
#865=CARTESIAN_POINT('',(24.08910954,-13.913911295,-0.825829989));
#866=VERTEX_POINT('',#865);
#867=CARTESIAN_POINT('',(24.608369744,-13.90133898,-1.007235407));
#868=CARTESIAN_POINT('',(24.534333845,-13.911221968,-0.95496916));
#869=CARTESIAN_POINT('',(24.450379323,-13.917219358,-0.911286274));
#870=CARTESIAN_POINT('',(24.362327612,-13.919291706,-0.880433888));
#871=CARTESIAN_POINT('',(24.274275901,-13.921364055,-0.849581502));
#872=CARTESIAN_POINT('',(24.181334353,-13.919591513,-0.831137378));
#873=CARTESIAN_POINT('',(24.089105397,-13.913934831,-0.825829751));
#874=B_SPLINE_CURVE_WITH_KNOTS('',3,(#867,#868,#869,#870,#871,#872,#873),.UNSPECIFIED.,.F.,.F.,(4,3,4),(0.002870064,0.003008942,0.003147821),.UNSPECIFIED.);
#875=EDGE_CURVE('',#864,#866,#874,.T.);
#876=ORIENTED_EDGE('',*,*,#875,.T.);
#877=CARTESIAN_POINT('',(24.089103586,-13.913929033,-0.825829646));
#878=CARTESIAN_POINT('',(23.999006551,-13.908403464,-0.820644733));
#879=CARTESIAN_POINT('',(23.909243256,-13.89913892,-0.827829449));
#880=CARTESIAN_POINT('',(23.823451677,-13.885952925,-0.846091341));
#881=B_SPLINE_CURVE_WITH_KNOTS('',3,(#877,#878,#879,#880),.UNSPECIFIED.,.F.,.F.,(4,4),(0.002838779,0.002974249),.UNSPECIFIED.);
#882=EDGE_CURVE('',#866,#105,#881,.T.);
#883=ORIENTED_EDGE('',*,*,#882,.T.);
#884=ORIENTED_EDGE('',*,*,#110,.F.);
#885=ORIENTED_EDGE('',*,*,#835,.F.);
#886=ORIENTED_EDGE('',*,*,#700,.F.);
#887=CARTESIAN_POINT('',(24.897675949,-13.819861832,-1.324177856));
#888=CARTESIAN_POINT('',(24.863512788,-13.838610534,-1.265005526));
#889=CARTESIAN_POINT('',(24.822695504,-13.854742769,-1.208169926));
#890=CARTESIAN_POINT('',(24.774322974,-13.8683898,-1.154522973));
#891=CARTESIAN_POINT('',(24.725950444,-13.882036832,-1.100876019));
#892=CARTESIAN_POINT('',(24.669735402,-13.893148156,-1.050556159));
#893=CARTESIAN_POINT('',(24.608367653,-13.901339188,-1.007233931));
#894=B_SPLINE_CURVE_WITH_KNOTS('',3,(#887,#888,#889,#890,#891,#892,#893),.UNSPECIFIED.,.F.,.F.,(4,3,4),(0.000074997,0.000190323,0.000305649),.UNSPECIFIED.);
#895=EDGE_CURVE('',#677,#864,#894,.T.);
#896=ORIENTED_EDGE('',*,*,#895,.T.);
#897=EDGE_LOOP('',(#876,#883,#884,#885,#886,#896));
#898=FACE_BOUND('',#897,.T.);
#899=ADVANCED_FACE('',(#898),#862,.T.);
#900=CARTESIAN_POINT('',(29.746508133,14.9,-11.722601556));
#901=DIRECTION('',(0.866025404,0.,0.5));
#902=DIRECTION('',(-0.5,-0.,0.866025404));
#903=AXIS2_PLACEMENT_3D('',#900,#901,#902);
#904=TOROIDAL_SURFACE('',#903,2.5,1.);
#905=ORIENTED_EDGE('',*,*,#213,.F.);
#906=CARTESIAN_POINT('',(29.746508133,17.4,-11.722601556));
#907=DIRECTION('',(0.5,0.,-0.866025404));
#908=DIRECTION('',(0.866025404,0.,0.5));
#909=AXIS2_PLACEMENT_3D('',#906,#907,#908);
#910=CIRCLE('',#909,1.);
#911=EDGE_CURVE('',#198,#737,#910,.T.);
#912=ORIENTED_EDGE('',*,*,#911,.T.);
#913=ORIENTED_EDGE('',*,*,#743,.F.);
#914=ORIENTED_EDGE('',*,*,#851,.F.);
#915=EDGE_LOOP('',(#905,#912,#913,#914));
#916=FACE_BOUND('',#915,.T.);
#917=ADVANCED_FACE('',(#916),#904,.T.);
#918=CARTESIAN_POINT('',(25.281650545,14.9,-3.989241365));
#919=DIRECTION('',(0.866025404,0.,0.5));
#920=DIRECTION('',(-0.5,-0.,0.866025404));
#921=AXIS2_PLACEMENT_3D('',#918,#919,#920);
#922=TOROIDAL_SURFACE('',#921,2.5,1.);
#923=ORIENTED_EDGE('',*,*,#195,.F.);
#924=ORIENTED_EDGE('',*,*,#534,.F.);
#925=ORIENTED_EDGE('',*,*,#758,.F.);
#926=CARTESIAN_POINT('',(25.281650545,17.4,-3.989241365));
#927=DIRECTION('',(-0.5,-0.,0.866025404));
#928=DIRECTION('',(-0.866025404,0.,-0.5));
#929=AXIS2_PLACEMENT_3D('',#926,#927,#928);
#930=CIRCLE('',#929,1.);
#931=EDGE_CURVE('',#746,#189,#930,.T.);
#932=ORIENTED_EDGE('',*,*,#931,.T.);
#933=EDGE_LOOP('',(#923,#924,#925,#932));
#934=FACE_BOUND('',#933,.T.);
#935=ADVANCED_FACE('',(#934),#922,.T.);
#936=CARTESIAN_POINT('',(27.514079339,17.4,-7.855921461));
#937=DIRECTION('',(-0.5,-0.,0.866025404));
#938=DIRECTION('',(-0.866025404,0.,-0.5));
#939=AXIS2_PLACEMENT_3D('',#936,#937,#938);
#940=CYLINDRICAL_SURFACE('',#939,1.);
#941=ORIENTED_EDGE('',*,*,#204,.F.);
#942=ORIENTED_EDGE('',*,*,#931,.F.);
#943=ORIENTED_EDGE('',*,*,#751,.F.);
#944=ORIENTED_EDGE('',*,*,#911,.F.);
#945=EDGE_LOOP('',(#941,#942,#943,#944));
#946=FACE_BOUND('',#945,.T.);
#947=ADVANCED_FACE('',(#946),#940,.T.);
#948=CARTESIAN_POINT('',(28.381836794,11.192,-7.35492146));
#949=DIRECTION('',(0.,-1.,-0.));
#950=DIRECTION('',(0.866025404,0.,0.5));
#951=AXIS2_PLACEMENT_3D('',#948,#949,#950);
#952=PLANE('',#951);
#953=CARTESIAN_POINT('',(27.9064895,11.192,-7.735595798));
#954=VERTEX_POINT('',#953);
#955=CARTESIAN_POINT('',(27.82745482,11.192,-7.781226491));
#956=DIRECTION('',(0.866025404,-0.,0.5));
#957=VECTOR('',#956,0.091261388);
#958=LINE('',#955,#957);
#959=EDGE_CURVE('',#43,#954,#958,.T.);
#960=ORIENTED_EDGE('',*,*,#959,.T.);
#961=CARTESIAN_POINT('',(27.8144895,11.192,-7.576247123));
#962=VERTEX_POINT('',#961);
#963=CARTESIAN_POINT('',(27.9064895,11.192,-7.735595798));
#964=DIRECTION('',(-0.5,-0.,0.866025404));
#965=VECTOR('',#964,0.184);
#966=LINE('',#963,#965);
#967=EDGE_CURVE('',#954,#962,#966,.T.);
#968=ORIENTED_EDGE('',*,*,#967,.T.);
#969=CARTESIAN_POINT('',(27.8144895,11.192,-7.576247123));
#970=DIRECTION('',(-0.866025404,0.,-0.5));
#971=VECTOR('',#970,0.091261388);
#972=LINE('',#969,#971);
#973=EDGE_CURVE('',#962,#52,#972,.T.);
#974=ORIENTED_EDGE('',*,*,#973,.T.);
#975=ORIENTED_EDGE('',*,*,#57,.F.);
#976=EDGE_LOOP('',(#960,#968,#974,#975));
#977=FACE_BOUND('',#976,.T.);
#978=ADVANCED_FACE('',(#977),#952,.T.);
#979=CARTESIAN_POINT('',(26.985836794,-0.,-4.936978533));
#980=DIRECTION('',(0.5,0.,-0.866025404));
#981=DIRECTION('',(0.866025404,-0.,0.5));
#982=AXIS2_PLACEMENT_3D('',#979,#980,#981);
#983=PLANE('',#982);
#984=CARTESIAN_POINT('',(26.464489501,8.492,-5.237978533));
#985=VERTEX_POINT('',#984);
#986=CARTESIAN_POINT('',(26.38545482,8.492,-5.283609227));
#987=DIRECTION('',(0.866025404,-0.,0.5));
#988=VECTOR('',#987,0.091261388);
#989=LINE('',#986,#988);
#990=EDGE_CURVE('',#60,#985,#989,.T.);
#991=ORIENTED_EDGE('',*,*,#990,.T.);
#992=CARTESIAN_POINT('',(26.464489501,-8.492,-5.237978533));
#993=VERTEX_POINT('',#992);
#994=CARTESIAN_POINT('',(26.464489501,8.492,-5.237978533));
#995=DIRECTION('',(0.,-1.,-0.));
#996=VECTOR('',#995,16.984);
#997=LINE('',#994,#996);
#998=EDGE_CURVE('',#985,#993,#997,.T.);
#999=ORIENTED_EDGE('',*,*,#998,.T.);
#1000=CARTESIAN_POINT('',(26.464489501,-8.492,-5.237978533));
#1001=DIRECTION('',(-0.866025404,0.,-0.5));
#1002=VECTOR('',#1001,0.091261388);
#1003=LINE('',#1000,#1002);
#1004=EDGE_CURVE('',#993,#69,#1003,.T.);
#1005=ORIENTED_EDGE('',*,*,#1004,.T.);
#1006=ORIENTED_EDGE('',*,*,#74,.F.);
#1007=EDGE_LOOP('',(#991,#999,#1005,#1006));
#1008=FACE_BOUND('',#1007,.T.);
#1009=ADVANCED_FACE('',(#1008),#983,.T.);
#1010=CARTESIAN_POINT('',(29.777836795,0.,-9.772864387));
#1011=DIRECTION('',(0.5,0.,-0.866025404));
#1012=DIRECTION('',(0.866025404,-0.,0.5));
#1013=AXIS2_PLACEMENT_3D('',#1010,#1011,#1012);
#1014=PLANE('',#1013);
#1015=CARTESIAN_POINT('',(29.2564895,-8.492,-10.073864388));
#1016=VERTEX_POINT('',#1015);
#1017=CARTESIAN_POINT('',(29.177454821,-8.492,-10.119495081));
#1018=DIRECTION('',(0.866025404,-0.,0.5));
#1019=VECTOR('',#1018,0.091261387);
#1020=LINE('',#1017,#1019);
#1021=EDGE_CURVE('',#35,#1016,#1020,.T.);
#1022=ORIENTED_EDGE('',*,*,#1021,.T.);
#1023=CARTESIAN_POINT('',(29.2564895,8.492,-10.073864388));
#1024=VERTEX_POINT('',#1023);
#1025=CARTESIAN_POINT('',(29.2564895,-8.492,-10.073864388));
#1026=DIRECTION('',(-0.,1.,0.));
#1027=VECTOR('',#1026,16.984);
#1028=LINE('',#1025,#1027);
#1029=EDGE_CURVE('',#1016,#1024,#1028,.T.);
#1030=ORIENTED_EDGE('',*,*,#1029,.T.);
#1031=CARTESIAN_POINT('',(29.2564895,8.492,-10.073864388));
#1032=DIRECTION('',(-0.866025404,0.,-0.5));
#1033=VECTOR('',#1032,0.091261387);
#1034=LINE('',#1031,#1033);
#1035=EDGE_CURVE('',#1024,#33,#1034,.T.);
#1036=ORIENTED_EDGE('',*,*,#1035,.T.);
#1037=ORIENTED_EDGE('',*,*,#40,.T.);
#1038=EDGE_LOOP('',(#1022,#1030,#1036,#1037));
#1039=FACE_BOUND('',#1038,.T.);
#1040=ADVANCED_FACE('',(#1039),#1014,.F.);
#1041=CARTESIAN_POINT('',(28.381836794,-11.192,-7.35492146));
#1042=DIRECTION('',(0.,-1.,-0.));
#1043=DIRECTION('',(0.866025404,0.,0.5));
#1044=AXIS2_PLACEMENT_3D('',#1041,#1042,#1043);
#1045=PLANE('',#1044);
#1046=CARTESIAN_POINT('',(27.8144895,-11.192,-7.576247123));
#1047=VERTEX_POINT('',#1046);
#1048=CARTESIAN_POINT('',(27.73545482,-11.192,-7.621877817));
#1049=DIRECTION('',(0.866025404,-0.,0.5));
#1050=VECTOR('',#1049,0.091261388);
#1051=LINE('',#1048,#1050);
#1052=EDGE_CURVE('',#77,#1047,#1051,.T.);
#1053=ORIENTED_EDGE('',*,*,#1052,.T.);
#1054=CARTESIAN_POINT('',(27.9064895,-11.192,-7.735595798));
#1055=VERTEX_POINT('',#1054);
#1056=CARTESIAN_POINT('',(27.8144895,-11.192,-7.576247123));
#1057=DIRECTION('',(0.5,0.,-0.866025404));
#1058=VECTOR('',#1057,0.184);
#1059=LINE('',#1056,#1058);
#1060=EDGE_CURVE('',#1047,#1055,#1059,.T.);
#1061=ORIENTED_EDGE('',*,*,#1060,.T.);
#1062=CARTESIAN_POINT('',(27.9064895,-11.192,-7.735595798));
#1063=DIRECTION('',(-0.866025404,0.,-0.5));
#1064=VECTOR('',#1063,0.091261388);
#1065=LINE('',#1062,#1064);
#1066=EDGE_CURVE('',#1055,#86,#1065,.T.);
#1067=ORIENTED_EDGE('',*,*,#1066,.T.);
#1068=ORIENTED_EDGE('',*,*,#91,.T.);
#1069=EDGE_LOOP('',(#1053,#1061,#1067,#1068));
#1070=FACE_BOUND('',#1069,.T.);
#1071=ADVANCED_FACE('',(#1070),#1045,.F.);
#1072=CARTESIAN_POINT('',(28.427836794,-8.492,-7.434595797));
#1073=DIRECTION('',(0.866025404,-0.,0.5));
#1074=DIRECTION('',(-0.5,-0.,0.866025404));
#1075=AXIS2_PLACEMENT_3D('',#1072,#1073,#1074);
#1076=CYLINDRICAL_SURFACE('',#1075,2.7);
#1077=ORIENTED_EDGE('',*,*,#1066,.F.);
#1078=CARTESIAN_POINT('',(27.9064895,-11.192,-7.735595798));
#1079=CARTESIAN_POINT('',(27.995626125,-11.192,-7.88998496));
#1080=CARTESIAN_POINT('',(28.083274049,-11.174517036,-8.041795618));
#1081=CARTESIAN_POINT('',(28.16949417,-11.140266258,-8.191133249));
#1082=CARTESIAN_POINT('',(28.212604231,-11.123140869,-8.265802064));
#1083=CARTESIAN_POINT('',(28.255354689,-11.101792389,-8.33984803));
#1084=CARTESIAN_POINT('',(28.29773736,-11.076124697,-8.413256969));
#1085=CARTESIAN_POINT('',(28.340120032,-11.050457005,-8.486665909));
#1086=CARTESIAN_POINT('',(28.382251792,-11.020324038,-8.559640259));
#1087=CARTESIAN_POINT('',(28.423105418,-10.986480302,-8.630400814));
#1088=CARTESIAN_POINT('',(28.504812669,-10.918792829,-8.771921924));
#1089=CARTESIAN_POINT('',(28.58232063,-10.835950634,-8.906169652));
#1090=CARTESIAN_POINT('',(28.655667589,-10.738091887,-9.033210311));
#1091=CARTESIAN_POINT('',(28.729014548,-10.640233141,-9.16025097));
#1092=CARTESIAN_POINT('',(28.798479532,-10.526307308,-9.280567851));
#1093=CARTESIAN_POINT('',(28.860742326,-10.401870723,-9.388410175));
#1094=CARTESIAN_POINT('',(28.923005121,-10.277434137,-9.496252499));
#1095=CARTESIAN_POINT('',(28.97888893,-10.141640419,-9.593046096));
#1096=CARTESIAN_POINT('',(29.028243553,-9.994222149,-9.67853081));
#1097=CARTESIAN_POINT('',(29.077598175,-9.846803879,-9.764015523));
#1098=CARTESIAN_POINT('',(29.119568224,-9.689760351,-9.83670978));
#1099=CARTESIAN_POINT('',(29.153268686,-9.527454806,-9.895080692));
#1100=CARTESIAN_POINT('',(29.186969147,-9.365149261,-9.953451604));
#1101=CARTESIAN_POINT('',(29.212901508,-9.195406521,-9.99836777));
#1102=CARTESIAN_POINT('',(29.230324235,-9.02100509,-10.028544818));
#1103=CARTESIAN_POINT('',(29.247746962,-8.84660366,-10.058721866));
#1104=CARTESIAN_POINT('',(29.2564895,-8.670273249,-10.073864388));
#1105=CARTESIAN_POINT('',(29.2564895,-8.492,-10.073864388));
#1106=B_SPLINE_CURVE_WITH_KNOTS('',3,(#1078,#1079,#1080,#1081,#1082,#1083,#1084,#1085,#1086,#1087,#1088,#1089,#1090,#1091,#1092,#1093,#1094,#1095,#1096,#1097,#1098,#1099,#1100,#1101,#1102,#1103,
#1104,#1105),.UNSPECIFIED.,.F.,.F.,(4,3,3,3,3,3,3,3,3,4),(0.,0.000527229,0.000790843,0.001054458,0.001581686,0.002108915,0.002636144,0.003163373,0.003690601,0.00421783),.UNSPECIFIED.);
#1107=EDGE_CURVE('',#1055,#1016,#1106,.T.);
#1108=ORIENTED_EDGE('',*,*,#1107,.T.);
#1109=ORIENTED_EDGE('',*,*,#1021,.F.);
#1110=ORIENTED_EDGE('',*,*,#98,.F.);
#1111=EDGE_LOOP('',(#1077,#1108,#1109,#1110));
#1112=FACE_BOUND('',#1111,.T.);
#1113=ADVANCED_FACE('',(#1112),#1076,.F.);
#1114=CARTESIAN_POINT('',(28.427836794,8.492,-7.434595797));
#1115=DIRECTION('',(-0.866025404,0.,-0.5));
#1116=DIRECTION('',(0.5,0.,-0.866025404));
#1117=AXIS2_PLACEMENT_3D('',#1114,#1115,#1116);
#1118=CYLINDRICAL_SURFACE('',#1117,2.7);
#1119=ORIENTED_EDGE('',*,*,#1035,.F.);
#1120=CARTESIAN_POINT('',(27.9064895,8.492,-7.735595798));
#1121=DIRECTION('',(0.866025404,0.,0.5));
#1122=DIRECTION('',(0.5,0.,-0.866025404));
#1123=AXIS2_PLACEMENT_3D('',#1120,#1121,#1122);
#1124=CIRCLE('',#1123,2.7);
#1125=EDGE_CURVE('',#1024,#954,#1124,.T.);
#1126=ORIENTED_EDGE('',*,*,#1125,.T.);
#1127=ORIENTED_EDGE('',*,*,#959,.F.);
#1128=ORIENTED_EDGE('',*,*,#49,.F.);
#1129=EDGE_LOOP('',(#1119,#1126,#1127,#1128));
#1130=FACE_BOUND('',#1129,.T.);
#1131=ADVANCED_FACE('',(#1130),#1118,.F.);
#1132=CARTESIAN_POINT('',(28.335836794,-8.492,-7.275247123));
#1133=DIRECTION('',(-0.866025404,0.,-0.5));
#1134=DIRECTION('',(0.5,0.,-0.866025404));
#1135=AXIS2_PLACEMENT_3D('',#1132,#1133,#1134);
#1136=CYLINDRICAL_SURFACE('',#1135,2.7);
#1137=ORIENTED_EDGE('',*,*,#1004,.F.);
#1138=CARTESIAN_POINT('',(27.8144895,-8.492,-7.576247123));
#1139=DIRECTION('',(0.866025404,0.,0.5));
#1140=DIRECTION('',(0.5,0.,-0.866025404));
#1141=AXIS2_PLACEMENT_3D('',#1138,#1139,#1140);
#1142=CIRCLE('',#1141,2.7);
#1143=EDGE_CURVE('',#993,#1047,#1142,.T.);
#1144=ORIENTED_EDGE('',*,*,#1143,.T.);
#1145=ORIENTED_EDGE('',*,*,#1052,.F.);
#1146=ORIENTED_EDGE('',*,*,#83,.F.);
#1147=EDGE_LOOP('',(#1137,#1144,#1145,#1146));
#1148=FACE_BOUND('',#1147,.T.);
#1149=ADVANCED_FACE('',(#1148),#1136,.F.);
#1150=CARTESIAN_POINT('',(28.335836794,8.492,-7.275247123));
#1151=DIRECTION('',(0.866025404,-0.,0.5));
#1152=DIRECTION('',(-0.5,-0.,0.866025404));
#1153=AXIS2_PLACEMENT_3D('',#1150,#1151,#1152);
#1154=CYLINDRICAL_SURFACE('',#1153,2.7);
#1155=ORIENTED_EDGE('',*,*,#973,.F.);
#1156=CARTESIAN_POINT('',(27.814489501,11.192,-7.576247123));
#1157=CARTESIAN_POINT('',(27.725352876,11.192,-7.421857961));
#1158=CARTESIAN_POINT('',(27.637704952,11.174517036,-7.270047303));
#1159=CARTESIAN_POINT('',(27.55148483,11.140266258,-7.120709672));
#1160=CARTESIAN_POINT('',(27.50837477,11.123140869,-7.046040857));
#1161=CARTESIAN_POINT('',(27.465624312,11.101792389,-6.971994891));
#1162=CARTESIAN_POINT('',(27.423241641,11.076124697,-6.898585951));
#1163=CARTESIAN_POINT('',(27.380858969,11.050457005,-6.825177012));
#1164=CARTESIAN_POINT('',(27.338727209,11.020324038,-6.752202662));
#1165=CARTESIAN_POINT('',(27.297873583,10.986480302,-6.681442107));
#1166=CARTESIAN_POINT('',(27.216166332,10.918792829,-6.539920997));
#1167=CARTESIAN_POINT('',(27.138658371,10.835950634,-6.405673269));
#1168=CARTESIAN_POINT('',(27.065311412,10.738091887,-6.27863261));
#1169=CARTESIAN_POINT('',(26.991964453,10.640233141,-6.151591951));
#1170=CARTESIAN_POINT('',(26.922499469,10.526307308,-6.031275069));
#1171=CARTESIAN_POINT('',(26.860236675,10.401870723,-5.923432746));
#1172=CARTESIAN_POINT('',(26.79797388,10.277434137,-5.815590422));
#1173=CARTESIAN_POINT('',(26.742090071,10.141640419,-5.718796825));
#1174=CARTESIAN_POINT('',(26.692735448,9.994222149,-5.633312111));
#1175=CARTESIAN_POINT('',(26.643380826,9.846803879,-5.547827397));
#1176=CARTESIAN_POINT('',(26.601410777,9.689760351,-5.47513314));
#1177=CARTESIAN_POINT('',(26.567710315,9.527454806,-5.416762229));
#1178=CARTESIAN_POINT('',(26.534009854,9.365149261,-5.358391317));
#1179=CARTESIAN_POINT('',(26.508077493,9.195406521,-5.313475151));
#1180=CARTESIAN_POINT('',(26.490654766,9.02100509,-5.283298103));
#1181=CARTESIAN_POINT('',(26.473232039,8.84660366,-5.253121054));
#1182=CARTESIAN_POINT('',(26.464489501,8.670273249,-5.237978533));
#1183=CARTESIAN_POINT('',(26.464489501,8.492,-5.237978533));
#1184=B_SPLINE_CURVE_WITH_KNOTS('',3,(#1156,#1157,#1158,#1159,#1160,#1161,#1162,#1163,#1164,#1165,#1166,#1167,#1168,#1169,#1170,#1171,#1172,#1173,#1174,#1175,#1176,#1177,#1178,#1179,#1180,#1181,
#1182,#1183),.UNSPECIFIED.,.F.,.F.,(4,3,3,3,3,3,3,3,3,4),(0.,0.000527229,0.000790843,0.001054458,0.001581686,0.002108915,0.002636144,0.003163373,0.003690601,0.00421783),.UNSPECIFIED.);
#1185=EDGE_CURVE('',#962,#985,#1184,.T.);
#1186=ORIENTED_EDGE('',*,*,#1185,.T.);
#1187=ORIENTED_EDGE('',*,*,#990,.F.);
#1188=ORIENTED_EDGE('',*,*,#66,.F.);
#1189=EDGE_LOOP('',(#1155,#1186,#1187,#1188));
#1190=FACE_BOUND('',#1189,.T.);
#1191=ADVANCED_FACE('',(#1190),#1154,.F.);
#1192=CARTESIAN_POINT('',(24.397675949,13.502,-0.458152452));
#1193=DIRECTION('',(0.,-1.,-0.));
#1194=DIRECTION('',(0.866025404,0.,0.5));
#1195=AXIS2_PLACEMENT_3D('',#1192,#1193,#1194);
#1196=CYLINDRICAL_SURFACE('',#1195,1.2);
#1197=CARTESIAN_POINT('',(24.665481459,-12.78,-1.627887554));
#1198=VERTEX_POINT('',#1197);
#1199=CARTESIAN_POINT('',(24.397675949,-12.78,-0.458152452));
#1200=DIRECTION('',(0.,-1.,-0.));
#1201=DIRECTION('',(0.866025404,0.,0.5));
#1202=AXIS2_PLACEMENT_3D('',#1199,#1200,#1201);
#1203=CIRCLE('',#1202,1.2);
#1204=EDGE_CURVE('',#125,#1198,#1203,.T.);
#1205=ORIENTED_EDGE('',*,*,#1204,.T.);
#1206=CARTESIAN_POINT('',(24.665481459,12.78,-1.627887554));
#1207=VERTEX_POINT('',#1206);
#1208=CARTESIAN_POINT('',(24.665481459,-12.78,-1.627887554));
#1209=DIRECTION('',(-0.,1.,0.));
#1210=VECTOR('',#1209,25.56);
#1211=LINE('',#1208,#1210);
#1212=EDGE_CURVE('',#1198,#1207,#1211,.T.);
#1213=ORIENTED_EDGE('',*,*,#1212,.T.);
#1214=CARTESIAN_POINT('',(24.397675949,12.78,-0.458152452));
#1215=DIRECTION('',(-0.,1.,0.));
#1216=DIRECTION('',(-0.866025404,0.,-0.5));
#1217=AXIS2_PLACEMENT_3D('',#1214,#1215,#1216);
#1218=CIRCLE('',#1217,1.2);
#1219=EDGE_CURVE('',#1207,#143,#1218,.T.);
#1220=ORIENTED_EDGE('',*,*,#1219,.T.);
#1221=ORIENTED_EDGE('',*,*,#148,.T.);
#1222=EDGE_LOOP('',(#1205,#1213,#1220,#1221));
#1223=FACE_BOUND('',#1222,.T.);
#1224=ADVANCED_FACE('',(#1223),#1196,.F.);
#1225=CARTESIAN_POINT('',(24.397675949,-12.78,-0.458152452));
#1226=DIRECTION('',(0.,-1.,-0.));
#1227=DIRECTION('',(0.866025404,0.,0.5));
#1228=AXIS2_PLACEMENT_3D('',#1225,#1226,#1227);
#1229=DEGENERATE_TOROIDAL_SURFACE('',#1228,0.48,0.72,.T.);
#1230=ORIENTED_EDGE('',*,*,#140,.F.);
#1231=CARTESIAN_POINT('',(24.127280813,-13.449193551,-1.153068745));
#1232=VERTEX_POINT('',#1231);
#1233=CARTESIAN_POINT('',(24.000114067,-13.425108532,-1.152077452));
#1234=CARTESIAN_POINT('',(24.038350924,-13.436976687,-1.146387515));
#1235=CARTESIAN_POINT('',(24.081770901,-13.444960708,-1.146804137));
#1236=CARTESIAN_POINT('',(24.127295813,-13.449196093,-1.153067713));
#1237=B_SPLINE_CURVE_WITH_KNOTS('',3,(#1233,#1234,#1235,#1236),.UNSPECIFIED.,.F.,.F.,(4,4),(0.002798273,0.002974249),.UNSPECIFIED.);
#1238=EDGE_CURVE('',#113,#1232,#1237,.T.);
#1239=ORIENTED_EDGE('',*,*,#1238,.T.);
#1240=CARTESIAN_POINT('',(24.33593155,-13.441755822,-1.219340952));
#1241=VERTEX_POINT('',#1240);
#1242=CARTESIAN_POINT('',(24.127294518,-13.449195991,-1.153067484));
#1243=CARTESIAN_POINT('',(24.199045277,-13.455872309,-1.16293911));
#1244=CARTESIAN_POINT('',(24.27628596,-13.453426663,-1.187184777));
#1245=CARTESIAN_POINT('',(24.335904143,-13.441762733,-1.219322561));
#1246=B_SPLINE_CURVE_WITH_KNOTS('',3,(#1242,#1243,#1244,#1245),.UNSPECIFIED.,.F.,.F.,(4,4),(0.002870064,0.003147821),.UNSPECIFIED.);
#1247=EDGE_CURVE('',#1232,#1241,#1246,.T.);
#1248=ORIENTED_EDGE('',*,*,#1247,.T.);
#1249=CARTESIAN_POINT('',(24.448996045,-13.39368895,-1.31315829));
#1250=VERTEX_POINT('',#1249);
#1251=CARTESIAN_POINT('',(24.335904937,-13.44176193,-1.219324503));
#1252=CARTESIAN_POINT('',(24.385322309,-13.432095843,-1.245962589));
#1253=CARTESIAN_POINT('',(24.423467341,-13.415818566,-1.27855905));
#1254=CARTESIAN_POINT('',(24.448996045,-13.39368895,-1.31315829));
#1255=B_SPLINE_CURVE_WITH_KNOTS('',3,(#1251,#1252,#1253,#1254),.UNSPECIFIED.,.F.,.F.,(4,4),(0.000074997,0.000305649),.UNSPECIFIED.);
#1256=EDGE_CURVE('',#1241,#1250,#1255,.T.);
#1257=ORIENTED_EDGE('',*,*,#1256,.T.);
#1258=CARTESIAN_POINT('',(24.448996045,-13.39368895,-1.31315829));
#1259=CARTESIAN_POINT('',(24.484105879,-13.363253909,-1.360742908));
#1260=CARTESIAN_POINT('',(24.514471542,-13.32653798,-1.40377757));
#1261=CARTESIAN_POINT('',(24.541264615,-13.283409663,-1.442495585));
#1262=CARTESIAN_POINT('',(24.568057688,-13.240281347,-1.481213599));
#1263=CARTESIAN_POINT('',(24.59103022,-13.190617261,-1.515307399));
#1264=CARTESIAN_POINT('',(24.609376928,-13.137265414,-1.542794736));
#1265=CARTESIAN_POINT('',(24.627723636,-13.083913567,-1.570282073));
#1266=CARTESIAN_POINT('',(24.641976727,-13.025175783,-1.591967879));
#1267=CARTESIAN_POINT('',(24.651350516,-12.965078692,-1.606267766));
#1268=CARTESIAN_POINT('',(24.660724305,-12.904981601,-1.620567654));
#1269=CARTESIAN_POINT('',(24.665481459,-12.843313078,-1.627887554));
#1270=CARTESIAN_POINT('',(24.665481459,-12.78,-1.627887554));
#1271=B_SPLINE_CURVE_WITH_KNOTS('',3,(#1258,#1259,#1260,#1261,#1262,#1263,#1264,#1265,#1266,#1267,#1268,#1269,#1270),.UNSPECIFIED.,.F.,.F.,(4,3,3,3,4),(-0.,0.000317029,0.000634059,0.000951088,0.001268118),.UNSPECIFIED.);
#1272=EDGE_CURVE('',#1250,#1198,#1271,.T.);
#1273=ORIENTED_EDGE('',*,*,#1272,.T.);
#1274=ORIENTED_EDGE('',*,*,#1204,.F.);
#1275=EDGE_LOOP('',(#1230,#1239,#1248,#1257,#1273,#1274));
#1276=FACE_BOUND('',#1275,.T.);
#1277=ADVANCED_FACE('',(#1276),#1229,.F.);
#1278=CARTESIAN_POINT('',(24.397675949,12.78,-0.458152452));
#1279=DIRECTION('',(-0.,1.,0.));
#1280=DIRECTION('',(-0.866025404,0.,-0.5));
#1281=AXIS2_PLACEMENT_3D('',#1278,#1279,#1280);
#1282=DEGENERATE_TOROIDAL_SURFACE('',#1281,0.48,0.72,.T.);
#1283=ORIENTED_EDGE('',*,*,#1219,.F.);
#1284=CARTESIAN_POINT('',(24.448996045,13.39368895,-1.31315829));
#1285=VERTEX_POINT('',#1284);
#1286=CARTESIAN_POINT('',(24.665481459,12.78,-1.627887554));
#1287=CARTESIAN_POINT('',(24.665481459,12.843185314,-1.627887554));
#1288=CARTESIAN_POINT('',(24.660741865,12.90491086,-1.620596364));
#1289=CARTESIAN_POINT('',(24.651327425,12.965219111,-1.606234601));
#1290=CARTESIAN_POINT('',(24.641912985,13.025527362,-1.591872838));
#1291=CARTESIAN_POINT('',(24.627763078,13.08376819,-1.570342456));
#1292=CARTESIAN_POINT('',(24.609423615,13.137128368,-1.542865406));
#1293=CARTESIAN_POINT('',(24.591084151,13.190488546,-1.515388355));
#1294=CARTESIAN_POINT('',(24.568071912,13.240215713,-1.48123533));
#1295=CARTESIAN_POINT('',(24.54141278,13.283173321,-1.442707435));
#1296=CARTESIAN_POINT('',(24.514753648,13.326130928,-1.40417954));
#1297=CARTESIAN_POINT('',(24.484042977,13.363308436,-1.360657656));
#1298=CARTESIAN_POINT('',(24.448996045,13.39368895,-1.31315829));
#1299=B_SPLINE_CURVE_WITH_KNOTS('',3,(#1286,#1287,#1288,#1289,#1290,#1291,#1292,#1293,#1294,#1295,#1296,#1297,#1298),.UNSPECIFIED.,.F.,.F.,(4,3,3,3,4),(-0.,0.000316603,0.000633207,0.00094981,0.001266413),.UNSPECIFIED.);
#1300=EDGE_CURVE('',#1207,#1285,#1299,.T.);
#1301=ORIENTED_EDGE('',*,*,#1300,.T.);
#1302=CARTESIAN_POINT('',(24.284386859,13.449193551,-1.195165183));
#1303=VERTEX_POINT('',#1302);
#1304=CARTESIAN_POINT('',(24.448996045,13.39368895,-1.31315829));
#1305=CARTESIAN_POINT('',(24.415144686,13.423033079,-1.267279294));
#1306=CARTESIAN_POINT('',(24.358782869,13.441788124,-1.225473811));
#1307=CARTESIAN_POINT('',(24.284386005,13.449193738,-1.195164576));
#1308=B_SPLINE_CURVE_WITH_KNOTS('',3,(#1304,#1305,#1306,#1307),.UNSPECIFIED.,.F.,.F.,(4,4),(0.,0.000306117),.UNSPECIFIED.);
#1309=EDGE_CURVE('',#1285,#1303,#1308,.T.);
#1310=ORIENTED_EDGE('',*,*,#1309,.T.);
#1311=CARTESIAN_POINT('',(24.127280813,13.449193551,-1.153068745));
#1312=VERTEX_POINT('',#1311);
#1313=CARTESIAN_POINT('',(24.284384101,13.449194176,-1.195163167));
#1314=CARTESIAN_POINT('',(24.235034434,13.454106363,-1.175058115));
#1315=CARTESIAN_POINT('',(24.179770543,13.454078143,-1.160287441));
#1316=CARTESIAN_POINT('',(24.127294518,13.449195991,-1.153067484));
#1317=B_SPLINE_CURVE_WITH_KNOTS('',3,(#1313,#1314,#1315,#1316),.UNSPECIFIED.,.F.,.F.,(4,4),(0.002944679,0.003147821),.UNSPECIFIED.);
#1318=EDGE_CURVE('',#1303,#1312,#1317,.T.);
#1319=ORIENTED_EDGE('',*,*,#1318,.T.);
#1320=CARTESIAN_POINT('',(24.127295667,13.449196069,-1.153067721));
#1321=CARTESIAN_POINT('',(24.081766681,13.444960296,-1.146803584));
#1322=CARTESIAN_POINT('',(24.038347697,13.43697568,-1.146387998));
#1323=CARTESIAN_POINT('',(24.000114108,13.425108543,-1.152077449));
#1324=B_SPLINE_CURVE_WITH_KNOTS('',3,(#1320,#1321,#1322,#1323),.UNSPECIFIED.,.F.,.F.,(4,4),(0.002799026,0.002975017),.UNSPECIFIED.);
#1325=EDGE_CURVE('',#1312,#151,#1324,.T.);
#1326=ORIENTED_EDGE('',*,*,#1325,.T.);
#1327=ORIENTED_EDGE('',*,*,#166,.F.);
#1328=EDGE_LOOP('',(#1283,#1301,#1310,#1319,#1326,#1327));
#1329=FACE_BOUND('',#1328,.T.);
#1330=ADVANCED_FACE('',(#1329),#1282,.F.);
#1331=CARTESIAN_POINT('',(10.982510411,-0.,22.177595852));
#1332=DIRECTION('',(0.866025404,0.,0.5));
#1333=DIRECTION('',(-0.,1.,0.));
#1334=AXIS2_PLACEMENT_3D('',#1331,#1332,#1333);
#1335=PLANE('',#1334);
#1336=CARTESIAN_POINT('',(29.727725915,14.9,-10.290069801));
#1337=VERTEX_POINT('',#1336);
#1338=CARTESIAN_POINT('',(30.352725915,14.9,-11.372601556));
#1339=DIRECTION('',(0.866025404,0.,0.5));
#1340=DIRECTION('',(-0.5,-0.,0.866025404));
#1341=AXIS2_PLACEMENT_3D('',#1338,#1339,#1340);
#1342=CIRCLE('',#1341,1.25);
#1343=EDGE_CURVE('',#1337,#1337,#1342,.T.);
#1344=ORIENTED_EDGE('',*,*,#1343,.T.);
#1345=EDGE_LOOP('',(#1344));
#1346=FACE_BOUND('',#1345,.T.);
#1347=ADVANCED_FACE('',(#1346),#1335,.T.);
#1348=CARTESIAN_POINT('',(10.982510411,-0.,22.177595852));
#1349=DIRECTION('',(0.866025404,0.,0.5));
#1350=DIRECTION('',(-0.,1.,0.));
#1351=AXIS2_PLACEMENT_3D('',#1348,#1349,#1350);
#1352=PLANE('',#1351);
#1353=CARTESIAN_POINT('',(25.262868328,14.9,-2.556709611));
#1354=VERTEX_POINT('',#1353);
#1355=CARTESIAN_POINT('',(25.887868328,14.9,-3.639241365));
#1356=DIRECTION('',(0.866025404,0.,0.5));
#1357=DIRECTION('',(-0.5,-0.,0.866025404));
#1358=AXIS2_PLACEMENT_3D('',#1355,#1356,#1357);
#1359=CIRCLE('',#1358,1.25);
#1360=EDGE_CURVE('',#1354,#1354,#1359,.T.);
#1361=ORIENTED_EDGE('',*,*,#1360,.T.);
#1362=EDGE_LOOP('',(#1361));
#1363=FACE_BOUND('',#1362,.T.);
#1364=ADVANCED_FACE('',(#1363),#1352,.T.);
#1365=CARTESIAN_POINT('',(10.982510411,-0.,22.177595852));
#1366=DIRECTION('',(0.866025404,0.,0.5));
#1367=DIRECTION('',(-0.,1.,0.));
#1368=AXIS2_PLACEMENT_3D('',#1365,#1366,#1367);
#1369=PLANE('',#1368);
#1370=CARTESIAN_POINT('',(25.262868328,-14.9,-2.556709611));
#1371=VERTEX_POINT('',#1370);
#1372=CARTESIAN_POINT('',(25.887868328,-14.9,-3.639241365));
#1373=DIRECTION('',(0.866025404,0.,0.5));
#1374=DIRECTION('',(-0.5,-0.,0.866025404));
#1375=AXIS2_PLACEMENT_3D('',#1372,#1373,#1374);
#1376=CIRCLE('',#1375,1.25);
#1377=EDGE_CURVE('',#1371,#1371,#1376,.T.);
#1378=ORIENTED_EDGE('',*,*,#1377,.T.);
#1379=EDGE_LOOP('',(#1378));
#1380=FACE_BOUND('',#1379,.T.);
#1381=ADVANCED_FACE('',(#1380),#1369,.T.);
#1382=CARTESIAN_POINT('',(10.982510411,-0.,22.177595852));
#1383=DIRECTION('',(0.866025404,0.,0.5));
#1384=DIRECTION('',(-0.,1.,0.));
#1385=AXIS2_PLACEMENT_3D('',#1382,#1383,#1384);
#1386=PLANE('',#1385);
#1387=CARTESIAN_POINT('',(29.727725915,-14.9,-10.290069801));
#1388=VERTEX_POINT('',#1387);
#1389=CARTESIAN_POINT('',(30.352725915,-14.9,-11.372601556));
#1390=DIRECTION('',(0.866025404,0.,0.5));
#1391=DIRECTION('',(-0.5,-0.,0.866025404));
#1392=AXIS2_PLACEMENT_3D('',#1389,#1390,#1391);
#1393=CIRCLE('',#1392,1.25);
#1394=EDGE_CURVE('',#1388,#1388,#1393,.T.);
#1395=ORIENTED_EDGE('',*,*,#1394,.T.);
#1396=EDGE_LOOP('',(#1395));
#1397=FACE_BOUND('',#1396,.T.);
#1398=ADVANCED_FACE('',(#1397),#1386,.T.);
#1399=CARTESIAN_POINT('',(25.887868328,14.9,-3.639241365));
#1400=DIRECTION('',(0.866025404,0.,0.5));
#1401=DIRECTION('',(-0.5,-0.,0.866025404));
#1402=AXIS2_PLACEMENT_3D('',#1399,#1400,#1401);
#1403=TOROIDAL_SURFACE('',#1402,1.55,0.3);
#1404=CARTESIAN_POINT('',(25.112868328,14.9,-2.296901989));
#1405=DIRECTION('',(0.,-1.,-0.));
#1406=DIRECTION('',(-0.5,-0.,0.866025404));
#1407=AXIS2_PLACEMENT_3D('',#1404,#1405,#1406);
#1408=CIRCLE('',#1407,0.3);
#1409=EDGE_CURVE('',#1354,#623,#1408,.T.);
#1410=ORIENTED_EDGE('',*,*,#1409,.T.);
#1411=ORIENTED_EDGE('',*,*,#629,.F.);
#1412=ORIENTED_EDGE('',*,*,#1409,.F.);
#1413=ORIENTED_EDGE('',*,*,#1360,.F.);
#1414=EDGE_LOOP('',(#1410,#1411,#1412,#1413));
#1415=FACE_BOUND('',#1414,.T.);
#1416=ADVANCED_FACE('',(#1415),#1403,.T.);
#1417=CARTESIAN_POINT('',(30.352725915,14.9,-11.372601556));
#1418=DIRECTION('',(0.866025404,0.,0.5));
#1419=DIRECTION('',(-0.5,-0.,0.866025404));
#1420=AXIS2_PLACEMENT_3D('',#1417,#1418,#1419);
#1421=TOROIDAL_SURFACE('',#1420,1.55,0.3);
#1422=CARTESIAN_POINT('',(29.577725915,14.9,-10.03026218));
#1423=DIRECTION('',(0.,-1.,-0.));
#1424=DIRECTION('',(-0.5,-0.,0.866025404));
#1425=AXIS2_PLACEMENT_3D('',#1422,#1423,#1424);
#1426=CIRCLE('',#1425,0.3);
#1427=EDGE_CURVE('',#1337,#634,#1426,.T.);
#1428=ORIENTED_EDGE('',*,*,#1427,.T.);
#1429=ORIENTED_EDGE('',*,*,#640,.F.);
#1430=ORIENTED_EDGE('',*,*,#1427,.F.);
#1431=ORIENTED_EDGE('',*,*,#1343,.F.);
#1432=EDGE_LOOP('',(#1428,#1429,#1430,#1431));
#1433=FACE_BOUND('',#1432,.T.);
#1434=ADVANCED_FACE('',(#1433),#1421,.T.);
#1435=CARTESIAN_POINT('',(30.352725915,-14.9,-11.372601556));
#1436=DIRECTION('',(0.866025404,0.,0.5));
#1437=DIRECTION('',(-0.5,-0.,0.866025404));
#1438=AXIS2_PLACEMENT_3D('',#1435,#1436,#1437);
#1439=TOROIDAL_SURFACE('',#1438,1.55,0.3);
#1440=CARTESIAN_POINT('',(29.577725915,-14.9,-10.03026218));
#1441=DIRECTION('',(0.,-1.,-0.));
#1442=DIRECTION('',(-0.5,-0.,0.866025404));
#1443=AXIS2_PLACEMENT_3D('',#1440,#1441,#1442);
#1444=CIRCLE('',#1443,0.3);
#1445=EDGE_CURVE('',#1388,#645,#1444,.T.);
#1446=ORIENTED_EDGE('',*,*,#1445,.T.);
#1447=ORIENTED_EDGE('',*,*,#651,.F.);
#1448=ORIENTED_EDGE('',*,*,#1445,.F.);
#1449=ORIENTED_EDGE('',*,*,#1394,.F.);
#1450=EDGE_LOOP('',(#1446,#1447,#1448,#1449));
#1451=FACE_BOUND('',#1450,.T.);
#1452=ADVANCED_FACE('',(#1451),#1439,.T.);
#1453=CARTESIAN_POINT('',(25.887868328,-14.9,-3.639241365));
#1454=DIRECTION('',(0.866025404,0.,0.5));
#1455=DIRECTION('',(-0.5,-0.,0.866025404));
#1456=AXIS2_PLACEMENT_3D('',#1453,#1454,#1455);
#1457=TOROIDAL_SURFACE('',#1456,1.55,0.3);
#1458=CARTESIAN_POINT('',(25.112868328,-14.9,-2.296901989));
#1459=DIRECTION('',(0.,-1.,-0.));
#1460=DIRECTION('',(-0.5,-0.,0.866025404));
#1461=AXIS2_PLACEMENT_3D('',#1458,#1459,#1460);
#1462=CIRCLE('',#1461,0.3);
#1463=EDGE_CURVE('',#1371,#656,#1462,.T.);
#1464=ORIENTED_EDGE('',*,*,#1463,.T.);
#1465=ORIENTED_EDGE('',*,*,#662,.F.);
#1466=ORIENTED_EDGE('',*,*,#1463,.F.);
#1467=ORIENTED_EDGE('',*,*,#1377,.F.);
#1468=EDGE_LOOP('',(#1464,#1465,#1466,#1467));
#1469=FACE_BOUND('',#1468,.T.);
#1470=ADVANCED_FACE('',(#1469),#1457,.T.);
#1471=CARTESIAN_POINT('',(10.982510411,-0.,22.177595852));
#1472=DIRECTION('',(0.866025404,0.,0.5));
#1473=DIRECTION('',(-0.,1.,0.));
#1474=AXIS2_PLACEMENT_3D('',#1471,#1472,#1473);
#1475=PLANE('',#1474);
#1476=CARTESIAN_POINT('',(25.761949583,-8.492,-3.421143702));
#1477=VERTEX_POINT('',#1476);
#1478=CARTESIAN_POINT('',(25.761949583,8.492,-3.421143702));
#1479=VERTEX_POINT('',#1478);
#1480=CARTESIAN_POINT('',(25.761949583,-8.492,-3.421143702));
#1481=DIRECTION('',(-0.,1.,0.));
#1482=VECTOR('',#1481,16.984);
#1483=LINE('',#1480,#1482);
#1484=EDGE_CURVE('',#1477,#1479,#1483,.T.);
#1485=ORIENTED_EDGE('',*,*,#1484,.T.);
#1486=CARTESIAN_POINT('',(28.074297122,13.116695077,-7.426247123));
#1487=VERTEX_POINT('',#1486);
#1488=CARTESIAN_POINT('',(28.074297122,8.492,-7.426247123));
#1489=DIRECTION('',(-0.866025404,-0.,-0.5));
#1490=DIRECTION('',(-0.5,-0.,0.866025404));
#1491=AXIS2_PLACEMENT_3D('',#1488,#1489,#1490);
#1492=CIRCLE('',#1491,4.624695077);
#1493=EDGE_CURVE('',#1479,#1487,#1492,.T.);
#1494=ORIENTED_EDGE('',*,*,#1493,.T.);
#1495=CARTESIAN_POINT('',(28.166297122,13.116695077,-7.585595797));
#1496=VERTEX_POINT('',#1495);
#1497=CARTESIAN_POINT('',(28.074297122,13.116695077,-7.426247123));
#1498=DIRECTION('',(0.5,0.,-0.866025404));
#1499=VECTOR('',#1498,0.184);
#1500=LINE('',#1497,#1499);
#1501=EDGE_CURVE('',#1487,#1496,#1500,.T.);
#1502=ORIENTED_EDGE('',*,*,#1501,.T.);
#1503=CARTESIAN_POINT('',(30.47864466,8.492,-11.590699219));
#1504=VERTEX_POINT('',#1503);
#1505=CARTESIAN_POINT('',(28.166297122,8.492,-7.585595797));
#1506=DIRECTION('',(-0.866025404,-0.,-0.5));
#1507=DIRECTION('',(-0.5,-0.,0.866025404));
#1508=AXIS2_PLACEMENT_3D('',#1505,#1506,#1507);
#1509=CIRCLE('',#1508,4.624695077);
#1510=EDGE_CURVE('',#1496,#1504,#1509,.T.);
#1511=ORIENTED_EDGE('',*,*,#1510,.T.);
#1512=CARTESIAN_POINT('',(30.47864466,-8.492,-11.590699219));
#1513=VERTEX_POINT('',#1512);
#1514=CARTESIAN_POINT('',(30.47864466,8.492,-11.590699219));
#1515=DIRECTION('',(0.,-1.,-0.));
#1516=VECTOR('',#1515,16.984);
#1517=LINE('',#1514,#1516);
#1518=EDGE_CURVE('',#1504,#1513,#1517,.T.);
#1519=ORIENTED_EDGE('',*,*,#1518,.T.);
#1520=CARTESIAN_POINT('',(28.166297122,-13.116695077,-7.585595797));
#1521=VERTEX_POINT('',#1520);
#1522=CARTESIAN_POINT('',(28.166297122,-8.492,-7.585595797));
#1523=DIRECTION('',(-0.866025404,-0.,-0.5));
#1524=DIRECTION('',(-0.5,-0.,0.866025404));
#1525=AXIS2_PLACEMENT_3D('',#1522,#1523,#1524);
#1526=CIRCLE('',#1525,4.624695077);
#1527=EDGE_CURVE('',#1513,#1521,#1526,.T.);
#1528=ORIENTED_EDGE('',*,*,#1527,.T.);
#1529=CARTESIAN_POINT('',(28.074297122,-13.116695077,-7.426247123));
#1530=VERTEX_POINT('',#1529);
#1531=CARTESIAN_POINT('',(28.166297122,-13.116695077,-7.585595797));
#1532=DIRECTION('',(-0.5,-0.,0.866025404));
#1533=VECTOR('',#1532,0.184);
#1534=LINE('',#1531,#1533);
#1535=EDGE_CURVE('',#1521,#1530,#1534,.T.);
#1536=ORIENTED_EDGE('',*,*,#1535,.T.);
#1537=CARTESIAN_POINT('',(28.074297122,-8.492,-7.426247123));
#1538=DIRECTION('',(-0.866025404,-0.,-0.5));
#1539=DIRECTION('',(-0.5,-0.,0.866025404));
#1540=AXIS2_PLACEMENT_3D('',#1537,#1538,#1539);
#1541=CIRCLE('',#1540,4.624695077);
#1542=EDGE_CURVE('',#1530,#1477,#1541,.T.);
#1543=ORIENTED_EDGE('',*,*,#1542,.T.);
#1544=EDGE_LOOP('',(#1485,#1494,#1502,#1511,#1519,#1528,#1536,#1543));
#1545=FACE_BOUND('',#1544,.T.);
#1546=CARTESIAN_POINT('',(30.553949583,-8.492,-11.721131172));
#1547=VERTEX_POINT('',#1546);
#1548=CARTESIAN_POINT('',(30.553949583,8.492,-11.721131172));
#1549=VERTEX_POINT('',#1548);
#1550=CARTESIAN_POINT('',(30.553949583,-8.492,-11.721131172));
#1551=DIRECTION('',(-0.,1.,0.));
#1552=VECTOR('',#1551,16.984);
#1553=LINE('',#1550,#1552);
#1554=EDGE_CURVE('',#1547,#1549,#1553,.T.);
#1555=ORIENTED_EDGE('',*,*,#1554,.T.);
#1556=CARTESIAN_POINT('',(28.166297122,13.267304923,-7.585595797));
#1557=VERTEX_POINT('',#1556);
#1558=CARTESIAN_POINT('',(28.166297122,8.492,-7.585595797));
#1559=DIRECTION('',(0.866025404,0.,0.5));
#1560=DIRECTION('',(-0.5,-0.,0.866025404));
#1561=AXIS2_PLACEMENT_3D('',#1558,#1559,#1560);
#1562=CIRCLE('',#1561,4.775304923);
#1563=EDGE_CURVE('',#1549,#1557,#1562,.T.);
#1564=ORIENTED_EDGE('',*,*,#1563,.T.);
#1565=CARTESIAN_POINT('',(28.074297122,13.267304923,-7.426247123));
#1566=VERTEX_POINT('',#1565);
#1567=CARTESIAN_POINT('',(28.166297122,13.267304923,-7.585595797));
#1568=DIRECTION('',(-0.5,-0.,0.866025404));
#1569=VECTOR('',#1568,0.184);
#1570=LINE('',#1567,#1569);
#1571=EDGE_CURVE('',#1557,#1566,#1570,.T.);
#1572=ORIENTED_EDGE('',*,*,#1571,.T.);
#1573=CARTESIAN_POINT('',(25.68664466,8.492,-3.290711749));
#1574=VERTEX_POINT('',#1573);
#1575=CARTESIAN_POINT('',(28.074297122,8.492,-7.426247123));
#1576=DIRECTION('',(0.866025404,0.,0.5));
#1577=DIRECTION('',(-0.5,-0.,0.866025404));
#1578=AXIS2_PLACEMENT_3D('',#1575,#1576,#1577);
#1579=CIRCLE('',#1578,4.775304923);
#1580=EDGE_CURVE('',#1566,#1574,#1579,.T.);
#1581=ORIENTED_EDGE('',*,*,#1580,.T.);
#1582=CARTESIAN_POINT('',(25.68664466,-8.492,-3.290711749));
#1583=VERTEX_POINT('',#1582);
#1584=CARTESIAN_POINT('',(25.68664466,8.492,-3.290711749));
#1585=DIRECTION('',(0.,-1.,-0.));
#1586=VECTOR('',#1585,16.984);
#1587=LINE('',#1584,#1586);
#1588=EDGE_CURVE('',#1574,#1583,#1587,.T.);
#1589=ORIENTED_EDGE('',*,*,#1588,.T.);
#1590=CARTESIAN_POINT('',(28.074297122,-13.267304923,-7.426247123));
#1591=VERTEX_POINT('',#1590);
#1592=CARTESIAN_POINT('',(28.074297122,-8.492,-7.426247123));
#1593=DIRECTION('',(0.866025404,0.,0.5));
#1594=DIRECTION('',(-0.5,-0.,0.866025404));
#1595=AXIS2_PLACEMENT_3D('',#1592,#1593,#1594);
#1596=CIRCLE('',#1595,4.775304923);
#1597=EDGE_CURVE('',#1583,#1591,#1596,.T.);
#1598=ORIENTED_EDGE('',*,*,#1597,.T.);
#1599=CARTESIAN_POINT('',(28.166297122,-13.267304923,-7.585595797));
#1600=VERTEX_POINT('',#1599);
#1601=CARTESIAN_POINT('',(28.074297122,-13.267304923,-7.426247123));
#1602=DIRECTION('',(0.5,0.,-0.866025404));
#1603=VECTOR('',#1602,0.184);
#1604=LINE('',#1601,#1603);
#1605=EDGE_CURVE('',#1591,#1600,#1604,.T.);
#1606=ORIENTED_EDGE('',*,*,#1605,.T.);
#1607=CARTESIAN_POINT('',(28.166297122,-8.492,-7.585595797));
#1608=DIRECTION('',(0.866025404,0.,0.5));
#1609=DIRECTION('',(-0.5,-0.,0.866025404));
#1610=AXIS2_PLACEMENT_3D('',#1607,#1608,#1609);
#1611=CIRCLE('',#1610,4.775304923);
#1612=EDGE_CURVE('',#1600,#1547,#1611,.T.);
#1613=ORIENTED_EDGE('',*,*,#1612,.T.);
#1614=EDGE_LOOP('',(#1555,#1564,#1572,#1581,#1589,#1598,#1606,#1613));
#1615=FACE_BOUND('',#1614,.T.);
#1616=ADVANCED_FACE('',(#1545,#1615),#1475,.T.);
#1617=CARTESIAN_POINT('',(29.966297122,0.,-10.703287251));
#1618=DIRECTION('',(-0.,1.,0.));
#1619=DIRECTION('',(-0.866025404,0.,-0.5));
#1620=AXIS2_PLACEMENT_3D('',#1617,#1618,#1619);
#1621=CYLINDRICAL_SURFACE('',#1620,0.3);
#1622=CARTESIAN_POINT('',(30.265979466,-8.492,-10.717089141));
#1623=VERTEX_POINT('',#1622);
#1624=CARTESIAN_POINT('',(29.966297122,-8.492,-10.703287251));
#1625=DIRECTION('',(0.,-1.,-0.));
#1626=DIRECTION('',(0.866025404,0.,0.5));
#1627=AXIS2_PLACEMENT_3D('',#1624,#1625,#1626);
#1628=CIRCLE('',#1627,0.3);
#1629=EDGE_CURVE('',#1623,#459,#1628,.T.);
#1630=ORIENTED_EDGE('',*,*,#1629,.F.);
#1631=CARTESIAN_POINT('',(30.265979466,8.492,-10.717089141));
#1632=VERTEX_POINT('',#1631);
#1633=CARTESIAN_POINT('',(30.265979466,-8.492,-10.717089141));
#1634=DIRECTION('',(-0.,1.,0.));
#1635=VECTOR('',#1634,16.984);
#1636=LINE('',#1633,#1635);
#1637=EDGE_CURVE('',#1623,#1632,#1636,.T.);
#1638=ORIENTED_EDGE('',*,*,#1637,.T.);
#1639=CARTESIAN_POINT('',(29.966297122,8.492,-10.703287251));
#1640=DIRECTION('',(-0.,1.,0.));
#1641=DIRECTION('',(-0.866025404,0.,-0.5));
#1642=AXIS2_PLACEMENT_3D('',#1639,#1640,#1641);
#1643=CIRCLE('',#1642,0.3);
#1644=EDGE_CURVE('',#468,#1632,#1643,.T.);
#1645=ORIENTED_EDGE('',*,*,#1644,.F.);
#1646=ORIENTED_EDGE('',*,*,#473,.F.);
#1647=EDGE_LOOP('',(#1630,#1638,#1645,#1646));
#1648=FACE_BOUND('',#1647,.T.);
#1649=ADVANCED_FACE('',(#1648),#1621,.T.);
#1650=CARTESIAN_POINT('',(28.166297122,8.492,-7.585595797));
#1651=DIRECTION('',(0.866025404,0.,0.5));
#1652=DIRECTION('',(-0.5,-0.,0.866025404));
#1653=AXIS2_PLACEMENT_3D('',#1650,#1651,#1652);
#1654=TOROIDAL_SURFACE('',#1653,3.6,0.3);
#1655=ORIENTED_EDGE('',*,*,#1644,.T.);
#1656=CARTESIAN_POINT('',(28.385082487,12.253793959,-7.459280008));
#1657=VERTEX_POINT('',#1656);
#1658=CARTESIAN_POINT('',(28.385082487,8.492,-7.459280008));
#1659=DIRECTION('',(0.866025404,-0.,0.5));
#1660=DIRECTION('',(0.5,0.,-0.866025404));
#1661=AXIS2_PLACEMENT_3D('',#1658,#1659,#1660);
#1662=CIRCLE('',#1661,3.761793959);
#1663=EDGE_CURVE('',#1632,#1657,#1662,.T.);
#1664=ORIENTED_EDGE('',*,*,#1663,.T.);
#1665=CARTESIAN_POINT('',(28.166297122,12.092,-7.585595797));
#1666=DIRECTION('',(-0.5,-0.,0.866025404));
#1667=DIRECTION('',(-0.866025404,0.,-0.5));
#1668=AXIS2_PLACEMENT_3D('',#1665,#1666,#1667);
#1669=CIRCLE('',#1668,0.3);
#1670=EDGE_CURVE('',#476,#1657,#1669,.T.);
#1671=ORIENTED_EDGE('',*,*,#1670,.F.);
#1672=ORIENTED_EDGE('',*,*,#482,.F.);
#1673=EDGE_LOOP('',(#1655,#1664,#1671,#1672));
#1674=FACE_BOUND('',#1673,.T.);
#1675=ADVANCED_FACE('',(#1674),#1654,.T.);
#1676=CARTESIAN_POINT('',(28.166297122,-8.492,-7.585595797));
#1677=DIRECTION('',(0.866025404,0.,0.5));
#1678=DIRECTION('',(-0.5,-0.,0.866025404));
#1679=AXIS2_PLACEMENT_3D('',#1676,#1677,#1678);
#1680=TOROIDAL_SURFACE('',#1679,3.6,0.3);
#1681=CARTESIAN_POINT('',(28.385082487,-12.253793959,-7.459280008));
#1682=VERTEX_POINT('',#1681);
#1683=CARTESIAN_POINT('',(28.166297122,-12.092,-7.585595797));
#1684=DIRECTION('',(-0.5,-0.,0.866025404));
#1685=DIRECTION('',(-0.866025404,0.,-0.5));
#1686=AXIS2_PLACEMENT_3D('',#1683,#1684,#1685);
#1687=CIRCLE('',#1686,0.3);
#1688=EDGE_CURVE('',#1682,#451,#1687,.T.);
#1689=ORIENTED_EDGE('',*,*,#1688,.F.);
#1690=CARTESIAN_POINT('',(28.385082487,-8.492,-7.459280008));
#1691=DIRECTION('',(0.866025404,-0.,0.5));
#1692=DIRECTION('',(0.5,0.,-0.866025404));
#1693=AXIS2_PLACEMENT_3D('',#1690,#1691,#1692);
#1694=CIRCLE('',#1693,3.761793959);
#1695=EDGE_CURVE('',#1682,#1623,#1694,.T.);
#1696=ORIENTED_EDGE('',*,*,#1695,.T.);
#1697=ORIENTED_EDGE('',*,*,#1629,.T.);
#1698=ORIENTED_EDGE('',*,*,#465,.F.);
#1699=EDGE_LOOP('',(#1689,#1696,#1697,#1698));
#1700=FACE_BOUND('',#1699,.T.);
#1701=ADVANCED_FACE('',(#1700),#1680,.T.);
#1702=CARTESIAN_POINT('',(28.120297122,12.092,-7.50592146));
#1703=DIRECTION('',(-0.5,-0.,0.866025404));
#1704=DIRECTION('',(-0.866025404,0.,-0.5));
#1705=AXIS2_PLACEMENT_3D('',#1702,#1703,#1704);
#1706=CYLINDRICAL_SURFACE('',#1705,0.3);
#1707=ORIENTED_EDGE('',*,*,#1670,.T.);
#1708=CARTESIAN_POINT('',(28.293082487,12.253793959,-7.299931334));
#1709=VERTEX_POINT('',#1708);
#1710=CARTESIAN_POINT('',(28.385082487,12.253793959,-7.459280008));
#1711=DIRECTION('',(-0.5,-0.,0.866025404));
#1712=VECTOR('',#1711,0.184);
#1713=LINE('',#1710,#1712);
#1714=EDGE_CURVE('',#1657,#1709,#1713,.T.);
#1715=ORIENTED_EDGE('',*,*,#1714,.T.);
#1716=CARTESIAN_POINT('',(28.074297122,12.092,-7.426247123));
#1717=DIRECTION('',(-0.5,-0.,0.866025404));
#1718=DIRECTION('',(-0.866025404,0.,-0.5));
#1719=AXIS2_PLACEMENT_3D('',#1716,#1717,#1718);
#1720=CIRCLE('',#1719,0.3);
#1721=EDGE_CURVE('',#423,#1709,#1720,.T.);
#1722=ORIENTED_EDGE('',*,*,#1721,.F.);
#1723=ORIENTED_EDGE('',*,*,#488,.F.);
#1724=EDGE_LOOP('',(#1707,#1715,#1722,#1723));
#1725=FACE_BOUND('',#1724,.T.);
#1726=ADVANCED_FACE('',(#1725),#1706,.T.);
#1727=CARTESIAN_POINT('',(28.120297122,-12.092,-7.50592146));
#1728=DIRECTION('',(0.5,0.,-0.866025404));
#1729=DIRECTION('',(0.866025404,0.,0.5));
#1730=AXIS2_PLACEMENT_3D('',#1727,#1728,#1729);
#1731=CYLINDRICAL_SURFACE('',#1730,0.3);
#1732=CARTESIAN_POINT('',(28.293082487,-12.253793959,-7.299931334));
#1733=VERTEX_POINT('',#1732);
#1734=CARTESIAN_POINT('',(28.074297122,-12.092,-7.426247123));
#1735=DIRECTION('',(-0.5,-0.,0.866025404));
#1736=DIRECTION('',(-0.866025404,0.,-0.5));
#1737=AXIS2_PLACEMENT_3D('',#1734,#1735,#1736);
#1738=CIRCLE('',#1737,0.3);
#1739=EDGE_CURVE('',#1733,#442,#1738,.T.);
#1740=ORIENTED_EDGE('',*,*,#1739,.F.);
#1741=CARTESIAN_POINT('',(28.293082487,-12.253793959,-7.299931334));
#1742=DIRECTION('',(0.5,0.,-0.866025404));
#1743=VECTOR('',#1742,0.184);
#1744=LINE('',#1741,#1743);
#1745=EDGE_CURVE('',#1733,#1682,#1744,.T.);
#1746=ORIENTED_EDGE('',*,*,#1745,.T.);
#1747=ORIENTED_EDGE('',*,*,#1688,.T.);
#1748=ORIENTED_EDGE('',*,*,#456,.F.);
#1749=EDGE_LOOP('',(#1740,#1746,#1747,#1748));
#1750=FACE_BOUND('',#1749,.T.);
#1751=ADVANCED_FACE('',(#1750),#1731,.T.);
#1752=CARTESIAN_POINT('',(28.074297122,8.492,-7.426247123));
#1753=DIRECTION('',(0.866025404,0.,0.5));
#1754=DIRECTION('',(-0.5,-0.,0.866025404));
#1755=AXIS2_PLACEMENT_3D('',#1752,#1753,#1754);
#1756=TOROIDAL_SURFACE('',#1755,3.6,0.3);
#1757=ORIENTED_EDGE('',*,*,#1721,.T.);
#1758=CARTESIAN_POINT('',(26.412185507,8.492,-4.042122201));
#1759=VERTEX_POINT('',#1758);
#1760=CARTESIAN_POINT('',(28.293082487,8.492,-7.299931334));
#1761=DIRECTION('',(0.866025404,-0.,0.5));
#1762=DIRECTION('',(0.5,0.,-0.866025404));
#1763=AXIS2_PLACEMENT_3D('',#1760,#1761,#1762);
#1764=CIRCLE('',#1763,3.761793959);
#1765=EDGE_CURVE('',#1709,#1759,#1764,.T.);
#1766=ORIENTED_EDGE('',*,*,#1765,.T.);
#1767=CARTESIAN_POINT('',(26.274297122,8.492,-4.30855567));
#1768=DIRECTION('',(0.,-1.,-0.));
#1769=DIRECTION('',(0.866025404,0.,0.5));
#1770=AXIS2_PLACEMENT_3D('',#1767,#1768,#1769);
#1771=CIRCLE('',#1770,0.3);
#1772=EDGE_CURVE('',#425,#1759,#1771,.T.);
#1773=ORIENTED_EDGE('',*,*,#1772,.F.);
#1774=ORIENTED_EDGE('',*,*,#431,.F.);
#1775=EDGE_LOOP('',(#1757,#1766,#1773,#1774));
#1776=FACE_BOUND('',#1775,.T.);
#1777=ADVANCED_FACE('',(#1776),#1756,.T.);
#1778=CARTESIAN_POINT('',(28.074297122,-8.492,-7.426247123));
#1779=DIRECTION('',(0.866025404,0.,0.5));
#1780=DIRECTION('',(-0.5,-0.,0.866025404));
#1781=AXIS2_PLACEMENT_3D('',#1778,#1779,#1780);
#1782=TOROIDAL_SURFACE('',#1781,3.6,0.3);
#1783=CARTESIAN_POINT('',(26.412185507,-8.492,-4.042122201));
#1784=VERTEX_POINT('',#1783);
#1785=CARTESIAN_POINT('',(26.274297122,-8.492,-4.30855567));
#1786=DIRECTION('',(-0.,1.,0.));
#1787=DIRECTION('',(-0.866025404,0.,-0.5));
#1788=AXIS2_PLACEMENT_3D('',#1785,#1786,#1787);
#1789=CIRCLE('',#1788,0.3);
#1790=EDGE_CURVE('',#1784,#434,#1789,.T.);
#1791=ORIENTED_EDGE('',*,*,#1790,.F.);
#1792=CARTESIAN_POINT('',(28.293082487,-8.492,-7.299931334));
#1793=DIRECTION('',(0.866025404,-0.,0.5));
#1794=DIRECTION('',(0.5,0.,-0.866025404));
#1795=AXIS2_PLACEMENT_3D('',#1792,#1793,#1794);
#1796=CIRCLE('',#1795,3.761793959);
#1797=EDGE_CURVE('',#1784,#1733,#1796,.T.);
#1798=ORIENTED_EDGE('',*,*,#1797,.T.);
#1799=ORIENTED_EDGE('',*,*,#1739,.T.);
#1800=ORIENTED_EDGE('',*,*,#448,.F.);
#1801=EDGE_LOOP('',(#1791,#1798,#1799,#1800));
#1802=FACE_BOUND('',#1801,.T.);
#1803=ADVANCED_FACE('',(#1802),#1782,.T.);
#1804=CARTESIAN_POINT('',(26.274297122,-0.,-4.30855567));
#1805=DIRECTION('',(0.,-1.,-0.));
#1806=DIRECTION('',(0.866025404,0.,0.5));
#1807=AXIS2_PLACEMENT_3D('',#1804,#1805,#1806);
#1808=CYLINDRICAL_SURFACE('',#1807,0.3);
#1809=ORIENTED_EDGE('',*,*,#1772,.T.);
#1810=CARTESIAN_POINT('',(26.412185507,8.492,-4.042122201));
#1811=DIRECTION('',(0.,-1.,-0.));
#1812=VECTOR('',#1811,16.984);
#1813=LINE('',#1810,#1812);
#1814=EDGE_CURVE('',#1759,#1784,#1813,.T.);
#1815=ORIENTED_EDGE('',*,*,#1814,.T.);
#1816=ORIENTED_EDGE('',*,*,#1790,.T.);
#1817=ORIENTED_EDGE('',*,*,#439,.F.);
#1818=EDGE_LOOP('',(#1809,#1815,#1816,#1817));
#1819=FACE_BOUND('',#1818,.T.);
#1820=ADVANCED_FACE('',(#1819),#1808,.T.);
#1821=CARTESIAN_POINT('',(28.074297122,8.492,-7.426247123));
#1822=DIRECTION('',(0.866025404,0.,0.5));
#1823=DIRECTION('',(-0.5,-0.,0.866025404));
#1824=AXIS2_PLACEMENT_3D('',#1821,#1822,#1823);
#1825=TOROIDAL_SURFACE('',#1824,5.8,0.3);
#1826=CARTESIAN_POINT('',(25.473979466,8.492,-2.417101671));
#1827=VERTEX_POINT('',#1826);
#1828=CARTESIAN_POINT('',(25.174297122,8.492,-2.403299781));
#1829=DIRECTION('',(0.,-1.,-0.));
#1830=DIRECTION('',(0.866025404,0.,0.5));
#1831=AXIS2_PLACEMENT_3D('',#1828,#1829,#1830);
#1832=CIRCLE('',#1831,0.3);
#1833=EDGE_CURVE('',#1827,#589,#1832,.T.);
#1834=ORIENTED_EDGE('',*,*,#1833,.F.);
#1835=CARTESIAN_POINT('',(28.293082487,14.130206041,-7.299931334));
#1836=VERTEX_POINT('',#1835);
#1837=CARTESIAN_POINT('',(28.293082487,8.492,-7.299931334));
#1838=DIRECTION('',(-0.866025404,0.,-0.5));
#1839=DIRECTION('',(0.5,0.,-0.866025404));
#1840=AXIS2_PLACEMENT_3D('',#1837,#1838,#1839);
#1841=CIRCLE('',#1840,5.638206041);
#1842=EDGE_CURVE('',#1827,#1836,#1841,.T.);
#1843=ORIENTED_EDGE('',*,*,#1842,.T.);
#1844=CARTESIAN_POINT('',(28.074297122,14.292,-7.426247123));
#1845=DIRECTION('',(0.5,0.,-0.866025404));
#1846=DIRECTION('',(0.866025404,0.,0.5));
#1847=AXIS2_PLACEMENT_3D('',#1844,#1845,#1846);
#1848=CIRCLE('',#1847,0.3);
#1849=EDGE_CURVE('',#597,#1836,#1848,.T.);
#1850=ORIENTED_EDGE('',*,*,#1849,.F.);
#1851=ORIENTED_EDGE('',*,*,#603,.F.);
#1852=EDGE_LOOP('',(#1834,#1843,#1850,#1851));
#1853=FACE_BOUND('',#1852,.T.);
#1854=ADVANCED_FACE('',(#1853),#1825,.T.);
#1855=CARTESIAN_POINT('',(25.174297122,0.,-2.403299781));
#1856=DIRECTION('',(-0.,1.,0.));
#1857=DIRECTION('',(-0.866025404,0.,-0.5));
#1858=AXIS2_PLACEMENT_3D('',#1855,#1856,#1857);
#1859=CYLINDRICAL_SURFACE('',#1858,0.3);
#1860=CARTESIAN_POINT('',(25.473979466,-8.492,-2.417101671));
#1861=VERTEX_POINT('',#1860);
#1862=CARTESIAN_POINT('',(25.174297122,-8.492,-2.403299781));
#1863=DIRECTION('',(0.,-1.,-0.));
#1864=DIRECTION('',(0.866025404,0.,0.5));
#1865=AXIS2_PLACEMENT_3D('',#1862,#1863,#1864);
#1866=CIRCLE('',#1865,0.3);
#1867=EDGE_CURVE('',#1861,#580,#1866,.T.);
#1868=ORIENTED_EDGE('',*,*,#1867,.F.);
#1869=CARTESIAN_POINT('',(25.473979466,-8.492,-2.417101671));
#1870=DIRECTION('',(-0.,1.,0.));
#1871=VECTOR('',#1870,16.984);
#1872=LINE('',#1869,#1871);
#1873=EDGE_CURVE('',#1861,#1827,#1872,.T.);
#1874=ORIENTED_EDGE('',*,*,#1873,.T.);
#1875=ORIENTED_EDGE('',*,*,#1833,.T.);
#1876=ORIENTED_EDGE('',*,*,#594,.F.);
#1877=EDGE_LOOP('',(#1868,#1874,#1875,#1876));
#1878=FACE_BOUND('',#1877,.T.);
#1879=ADVANCED_FACE('',(#1878),#1859,.T.);
#1880=CARTESIAN_POINT('',(28.120297122,14.292,-7.50592146));
#1881=DIRECTION('',(0.5,0.,-0.866025404));
#1882=DIRECTION('',(0.866025404,0.,0.5));
#1883=AXIS2_PLACEMENT_3D('',#1880,#1881,#1882);
#1884=CYLINDRICAL_SURFACE('',#1883,0.3);
#1885=ORIENTED_EDGE('',*,*,#1849,.T.);
#1886=CARTESIAN_POINT('',(28.385082487,14.130206041,-7.459280008));
#1887=VERTEX_POINT('',#1886);
#1888=CARTESIAN_POINT('',(28.293082487,14.130206041,-7.299931334));
#1889=DIRECTION('',(0.5,0.,-0.866025404));
#1890=VECTOR('',#1889,0.184);
#1891=LINE('',#1888,#1890);
#1892=EDGE_CURVE('',#1836,#1887,#1891,.T.);
#1893=ORIENTED_EDGE('',*,*,#1892,.T.);
#1894=CARTESIAN_POINT('',(28.166297122,14.292,-7.585595797));
#1895=DIRECTION('',(0.5,0.,-0.866025404));
#1896=DIRECTION('',(0.866025404,0.,0.5));
#1897=AXIS2_PLACEMENT_3D('',#1894,#1895,#1896);
#1898=CIRCLE('',#1897,0.3);
#1899=EDGE_CURVE('',#606,#1887,#1898,.T.);
#1900=ORIENTED_EDGE('',*,*,#1899,.F.);
#1901=ORIENTED_EDGE('',*,*,#611,.F.);
#1902=EDGE_LOOP('',(#1885,#1893,#1900,#1901));
#1903=FACE_BOUND('',#1902,.T.);
#1904=ADVANCED_FACE('',(#1903),#1884,.T.);
#1905=CARTESIAN_POINT('',(28.074297122,-8.492,-7.426247123));
#1906=DIRECTION('',(0.866025404,0.,0.5));
#1907=DIRECTION('',(-0.5,-0.,0.866025404));
#1908=AXIS2_PLACEMENT_3D('',#1905,#1906,#1907);
#1909=TOROIDAL_SURFACE('',#1908,5.8,0.3);
#1910=CARTESIAN_POINT('',(28.293082487,-14.130206041,-7.299931334));
#1911=VERTEX_POINT('',#1910);
#1912=CARTESIAN_POINT('',(28.074297122,-14.292,-7.426247123));
#1913=DIRECTION('',(0.5,0.,-0.866025404));
#1914=DIRECTION('',(0.866025404,0.,0.5));
#1915=AXIS2_PLACEMENT_3D('',#1912,#1913,#1914);
#1916=CIRCLE('',#1915,0.3);
#1917=EDGE_CURVE('',#1911,#572,#1916,.T.);
#1918=ORIENTED_EDGE('',*,*,#1917,.F.);
#1919=CARTESIAN_POINT('',(28.293082487,-8.492,-7.299931334));
#1920=DIRECTION('',(-0.866025404,0.,-0.5));
#1921=DIRECTION('',(0.5,0.,-0.866025404));
#1922=AXIS2_PLACEMENT_3D('',#1919,#1920,#1921);
#1923=CIRCLE('',#1922,5.638206041);
#1924=EDGE_CURVE('',#1911,#1861,#1923,.T.);
#1925=ORIENTED_EDGE('',*,*,#1924,.T.);
#1926=ORIENTED_EDGE('',*,*,#1867,.T.);
#1927=ORIENTED_EDGE('',*,*,#586,.F.);
#1928=EDGE_LOOP('',(#1918,#1925,#1926,#1927));
#1929=FACE_BOUND('',#1928,.T.);
#1930=ADVANCED_FACE('',(#1929),#1909,.T.);
#1931=CARTESIAN_POINT('',(28.166297122,8.492,-7.585595797));
#1932=DIRECTION('',(0.866025404,0.,0.5));
#1933=DIRECTION('',(-0.5,-0.,0.866025404));
#1934=AXIS2_PLACEMENT_3D('',#1931,#1932,#1933);
#1935=TOROIDAL_SURFACE('',#1934,5.8,0.3);
#1936=ORIENTED_EDGE('',*,*,#1899,.T.);
#1937=CARTESIAN_POINT('',(31.204185507,8.492,-12.342109671));
#1938=VERTEX_POINT('',#1937);
#1939=CARTESIAN_POINT('',(28.385082487,8.492,-7.459280008));
#1940=DIRECTION('',(-0.866025404,0.,-0.5));
#1941=DIRECTION('',(0.5,0.,-0.866025404));
#1942=AXIS2_PLACEMENT_3D('',#1939,#1940,#1941);
#1943=CIRCLE('',#1942,5.638206041);
#1944=EDGE_CURVE('',#1887,#1938,#1943,.T.);
#1945=ORIENTED_EDGE('',*,*,#1944,.T.);
#1946=CARTESIAN_POINT('',(31.066297122,8.492,-12.608543139));
#1947=DIRECTION('',(0.,-1.,-0.));
#1948=DIRECTION('',(0.866025404,0.,0.5));
#1949=AXIS2_PLACEMENT_3D('',#1946,#1947,#1948);
#1950=CIRCLE('',#1949,0.3);
#1951=EDGE_CURVE('',#553,#1938,#1950,.T.);
#1952=ORIENTED_EDGE('',*,*,#1951,.F.);
#1953=ORIENTED_EDGE('',*,*,#618,.F.);
#1954=EDGE_LOOP('',(#1936,#1945,#1952,#1953));
#1955=FACE_BOUND('',#1954,.T.);
#1956=ADVANCED_FACE('',(#1955),#1935,.T.);
#1957=CARTESIAN_POINT('',(28.120297122,-14.292,-7.50592146));
#1958=DIRECTION('',(-0.5,-0.,0.866025404));
#1959=DIRECTION('',(-0.866025404,0.,-0.5));
#1960=AXIS2_PLACEMENT_3D('',#1957,#1958,#1959);
#1961=CYLINDRICAL_SURFACE('',#1960,0.3);
#1962=CARTESIAN_POINT('',(28.385082487,-14.130206041,-7.459280008));
#1963=VERTEX_POINT('',#1962);
#1964=CARTESIAN_POINT('',(28.166297122,-14.292,-7.585595797));
#1965=DIRECTION('',(0.5,0.,-0.866025404));
#1966=DIRECTION('',(0.866025404,0.,0.5));
#1967=AXIS2_PLACEMENT_3D('',#1964,#1965,#1966);
#1968=CIRCLE('',#1967,0.3);
#1969=EDGE_CURVE('',#1963,#563,#1968,.T.);
#1970=ORIENTED_EDGE('',*,*,#1969,.F.);
#1971=CARTESIAN_POINT('',(28.385082487,-14.130206041,-7.459280008));
#1972=DIRECTION('',(-0.5,-0.,0.866025404));
#1973=VECTOR('',#1972,0.184);
#1974=LINE('',#1971,#1973);
#1975=EDGE_CURVE('',#1963,#1911,#1974,.T.);
#1976=ORIENTED_EDGE('',*,*,#1975,.T.);
#1977=ORIENTED_EDGE('',*,*,#1917,.T.);
#1978=ORIENTED_EDGE('',*,*,#577,.F.);
#1979=EDGE_LOOP('',(#1970,#1976,#1977,#1978));
#1980=FACE_BOUND('',#1979,.T.);
#1981=ADVANCED_FACE('',(#1980),#1961,.T.);
#1982=CARTESIAN_POINT('',(31.066297122,0.,-12.608543139));
#1983=DIRECTION('',(0.,-1.,-0.));
#1984=DIRECTION('',(0.866025404,0.,0.5));
#1985=AXIS2_PLACEMENT_3D('',#1982,#1983,#1984);
#1986=CYLINDRICAL_SURFACE('',#1985,0.3);
#1987=ORIENTED_EDGE('',*,*,#1951,.T.);
#1988=CARTESIAN_POINT('',(31.204185507,-8.492,-12.342109671));
#1989=VERTEX_POINT('',#1988);
#1990=CARTESIAN_POINT('',(31.204185507,8.492,-12.342109671));
#1991=DIRECTION('',(0.,-1.,-0.));
#1992=VECTOR('',#1991,16.984);
#1993=LINE('',#1990,#1992);
#1994=EDGE_CURVE('',#1938,#1989,#1993,.T.);
#1995=ORIENTED_EDGE('',*,*,#1994,.T.);
#1996=CARTESIAN_POINT('',(31.066297122,-8.492,-12.608543139));
#1997=DIRECTION('',(0.,-1.,-0.));
#1998=DIRECTION('',(0.866025404,0.,0.5));
#1999=AXIS2_PLACEMENT_3D('',#1996,#1997,#1998);
#2000=CIRCLE('',#1999,0.3);
#2001=EDGE_CURVE('',#555,#1989,#2000,.T.);
#2002=ORIENTED_EDGE('',*,*,#2001,.F.);
#2003=ORIENTED_EDGE('',*,*,#560,.F.);
#2004=EDGE_LOOP('',(#1987,#1995,#2002,#2003));
#2005=FACE_BOUND('',#2004,.T.);
#2006=ADVANCED_FACE('',(#2005),#1986,.T.);
#2007=CARTESIAN_POINT('',(28.166297122,-8.492,-7.585595797));
#2008=DIRECTION('',(0.866025404,0.,0.5));
#2009=DIRECTION('',(-0.5,-0.,0.866025404));
#2010=AXIS2_PLACEMENT_3D('',#2007,#2008,#2009);
#2011=TOROIDAL_SURFACE('',#2010,5.8,0.3);
#2012=ORIENTED_EDGE('',*,*,#2001,.T.);
#2013=CARTESIAN_POINT('',(28.385082487,-8.492,-7.459280008));
#2014=DIRECTION('',(-0.866025404,0.,-0.5));
#2015=DIRECTION('',(0.5,0.,-0.866025404));
#2016=AXIS2_PLACEMENT_3D('',#2013,#2014,#2015);
#2017=CIRCLE('',#2016,5.638206041);
#2018=EDGE_CURVE('',#1989,#1963,#2017,.T.);
#2019=ORIENTED_EDGE('',*,*,#2018,.T.);
#2020=ORIENTED_EDGE('',*,*,#1969,.T.);
#2021=ORIENTED_EDGE('',*,*,#569,.F.);
#2022=EDGE_LOOP('',(#2012,#2019,#2020,#2021));
#2023=FACE_BOUND('',#2022,.T.);
#2024=ADVANCED_FACE('',(#2023),#2011,.T.);
#2025=CARTESIAN_POINT('',(29.551937768,-8.492,-6.785595797));
#2026=DIRECTION('',(0.866025404,0.,0.5));
#2027=DIRECTION('',(-0.5,-0.,0.866025404));
#2028=AXIS2_PLACEMENT_3D('',#2025,#2026,#2027);
#2029=TOROIDAL_SURFACE('',#2028,4.624695077,1.6);
#2030=CARTESIAN_POINT('',(29.551937768,-13.116695077,-6.785595797));
#2031=DIRECTION('',(0.5,0.,-0.866025404));
#2032=DIRECTION('',(0.866025404,0.,0.5));
#2033=AXIS2_PLACEMENT_3D('',#2030,#2031,#2032);
#2034=CIRCLE('',#2033,1.6);
#2035=EDGE_CURVE('',#1521,#1682,#2034,.T.);
#2036=ORIENTED_EDGE('',*,*,#2035,.F.);
#2037=ORIENTED_EDGE('',*,*,#1527,.F.);
#2038=CARTESIAN_POINT('',(31.864285306,-8.492,-10.790699219));
#2039=DIRECTION('',(0.,-1.,-0.));
#2040=DIRECTION('',(0.866025404,0.,0.5));
#2041=AXIS2_PLACEMENT_3D('',#2038,#2039,#2040);
#2042=CIRCLE('',#2041,1.6);
#2043=EDGE_CURVE('',#1623,#1513,#2042,.T.);
#2044=ORIENTED_EDGE('',*,*,#2043,.F.);
#2045=ORIENTED_EDGE('',*,*,#1695,.F.);
#2046=EDGE_LOOP('',(#2036,#2037,#2044,#2045));
#2047=FACE_BOUND('',#2046,.T.);
#2048=ADVANCED_FACE('',(#2047),#2029,.F.);
#2049=CARTESIAN_POINT('',(31.864285306,0.,-10.790699219));
#2050=DIRECTION('',(-0.,1.,0.));
#2051=DIRECTION('',(-0.866025404,0.,-0.5));
#2052=AXIS2_PLACEMENT_3D('',#2049,#2050,#2051);
#2053=CYLINDRICAL_SURFACE('',#2052,1.6);
#2054=ORIENTED_EDGE('',*,*,#2043,.T.);
#2055=ORIENTED_EDGE('',*,*,#1518,.F.);
#2056=CARTESIAN_POINT('',(31.864285306,8.492,-10.790699219));
#2057=DIRECTION('',(0.,-1.,-0.));
#2058=DIRECTION('',(0.866025404,0.,0.5));
#2059=AXIS2_PLACEMENT_3D('',#2056,#2057,#2058);
#2060=CIRCLE('',#2059,1.6);
#2061=EDGE_CURVE('',#1632,#1504,#2060,.T.);
#2062=ORIENTED_EDGE('',*,*,#2061,.F.);
#2063=ORIENTED_EDGE('',*,*,#1637,.F.);
#2064=EDGE_LOOP('',(#2054,#2055,#2062,#2063));
#2065=FACE_BOUND('',#2064,.T.);
#2066=ADVANCED_FACE('',(#2065),#2053,.F.);
#2067=CARTESIAN_POINT('',(29.505937768,-13.116695077,-6.70592146));
#2068=DIRECTION('',(0.5,0.,-0.866025404));
#2069=DIRECTION('',(0.866025404,0.,0.5));
#2070=AXIS2_PLACEMENT_3D('',#2067,#2068,#2069);
#2071=CYLINDRICAL_SURFACE('',#2070,1.6);
#2072=ORIENTED_EDGE('',*,*,#2035,.T.);
#2073=ORIENTED_EDGE('',*,*,#1745,.F.);
#2074=CARTESIAN_POINT('',(29.459937768,-13.116695077,-6.626247123));
#2075=DIRECTION('',(0.5,0.,-0.866025404));
#2076=DIRECTION('',(0.866025404,0.,0.5));
#2077=AXIS2_PLACEMENT_3D('',#2074,#2075,#2076);
#2078=CIRCLE('',#2077,1.6);
#2079=EDGE_CURVE('',#1530,#1733,#2078,.T.);
#2080=ORIENTED_EDGE('',*,*,#2079,.F.);
#2081=ORIENTED_EDGE('',*,*,#1535,.F.);
#2082=EDGE_LOOP('',(#2072,#2073,#2080,#2081));
#2083=FACE_BOUND('',#2082,.T.);
#2084=ADVANCED_FACE('',(#2083),#2071,.F.);
#2085=CARTESIAN_POINT('',(29.551937768,8.492,-6.785595797));
#2086=DIRECTION('',(0.866025404,0.,0.5));
#2087=DIRECTION('',(-0.5,-0.,0.866025404));
#2088=AXIS2_PLACEMENT_3D('',#2085,#2086,#2087);
#2089=TOROIDAL_SURFACE('',#2088,4.624695077,1.6);
#2090=ORIENTED_EDGE('',*,*,#2061,.T.);
#2091=ORIENTED_EDGE('',*,*,#1510,.F.);
#2092=CARTESIAN_POINT('',(29.551937768,13.116695077,-6.785595797));
#2093=DIRECTION('',(0.5,0.,-0.866025404));
#2094=DIRECTION('',(0.866025404,0.,0.5));
#2095=AXIS2_PLACEMENT_3D('',#2092,#2093,#2094);
#2096=CIRCLE('',#2095,1.6);
#2097=EDGE_CURVE('',#1657,#1496,#2096,.T.);
#2098=ORIENTED_EDGE('',*,*,#2097,.F.);
#2099=ORIENTED_EDGE('',*,*,#1663,.F.);
#2100=EDGE_LOOP('',(#2090,#2091,#2098,#2099));
#2101=FACE_BOUND('',#2100,.T.);
#2102=ADVANCED_FACE('',(#2101),#2089,.F.);
#2103=CARTESIAN_POINT('',(29.459937768,-8.492,-6.626247123));
#2104=DIRECTION('',(0.866025404,0.,0.5));
#2105=DIRECTION('',(-0.5,-0.,0.866025404));
#2106=AXIS2_PLACEMENT_3D('',#2103,#2104,#2105);
#2107=TOROIDAL_SURFACE('',#2106,4.624695077,1.6);
#2108=ORIENTED_EDGE('',*,*,#2079,.T.);
#2109=ORIENTED_EDGE('',*,*,#1797,.F.);
#2110=CARTESIAN_POINT('',(27.147590229,-8.492,-2.621143702));
#2111=DIRECTION('',(0.,-1.,-0.));
#2112=DIRECTION('',(0.866025404,0.,0.5));
#2113=AXIS2_PLACEMENT_3D('',#2110,#2111,#2112);
#2114=CIRCLE('',#2113,1.6);
#2115=EDGE_CURVE('',#1477,#1784,#2114,.T.);
#2116=ORIENTED_EDGE('',*,*,#2115,.F.);
#2117=ORIENTED_EDGE('',*,*,#1542,.F.);
#2118=EDGE_LOOP('',(#2108,#2109,#2116,#2117));
#2119=FACE_BOUND('',#2118,.T.);
#2120=ADVANCED_FACE('',(#2119),#2107,.F.);
#2121=CARTESIAN_POINT('',(29.505937768,13.116695077,-6.70592146));
#2122=DIRECTION('',(-0.5,-0.,0.866025404));
#2123=DIRECTION('',(-0.866025404,0.,-0.5));
#2124=AXIS2_PLACEMENT_3D('',#2121,#2122,#2123);
#2125=CYLINDRICAL_SURFACE('',#2124,1.6);
#2126=ORIENTED_EDGE('',*,*,#2097,.T.);
#2127=ORIENTED_EDGE('',*,*,#1501,.F.);
#2128=CARTESIAN_POINT('',(29.459937768,13.116695077,-6.626247123));
#2129=DIRECTION('',(0.5,0.,-0.866025404));
#2130=DIRECTION('',(0.866025404,0.,0.5));
#2131=AXIS2_PLACEMENT_3D('',#2128,#2129,#2130);
#2132=CIRCLE('',#2131,1.6);
#2133=EDGE_CURVE('',#1709,#1487,#2132,.T.);
#2134=ORIENTED_EDGE('',*,*,#2133,.F.);
#2135=ORIENTED_EDGE('',*,*,#1714,.F.);
#2136=EDGE_LOOP('',(#2126,#2127,#2134,#2135));
#2137=FACE_BOUND('',#2136,.T.);
#2138=ADVANCED_FACE('',(#2137),#2125,.F.);
#2139=CARTESIAN_POINT('',(27.147590229,-0.,-2.621143702));
#2140=DIRECTION('',(0.,-1.,-0.));
#2141=DIRECTION('',(0.866025404,0.,0.5));
#2142=AXIS2_PLACEMENT_3D('',#2139,#2140,#2141);
#2143=CYLINDRICAL_SURFACE('',#2142,1.6);
#2144=ORIENTED_EDGE('',*,*,#2115,.T.);
#2145=ORIENTED_EDGE('',*,*,#1814,.F.);
#2146=CARTESIAN_POINT('',(27.147590229,8.492,-2.621143702));
#2147=DIRECTION('',(0.,-1.,-0.));
#2148=DIRECTION('',(0.866025404,0.,0.5));
#2149=AXIS2_PLACEMENT_3D('',#2146,#2147,#2148);
#2150=CIRCLE('',#2149,1.6);
#2151=EDGE_CURVE('',#1479,#1759,#2150,.T.);
#2152=ORIENTED_EDGE('',*,*,#2151,.F.);
#2153=ORIENTED_EDGE('',*,*,#1484,.F.);
#2154=EDGE_LOOP('',(#2144,#2145,#2152,#2153));
#2155=FACE_BOUND('',#2154,.T.);
#2156=ADVANCED_FACE('',(#2155),#2143,.F.);
#2157=CARTESIAN_POINT('',(29.459937768,8.492,-6.626247123));
#2158=DIRECTION('',(0.866025404,0.,0.5));
#2159=DIRECTION('',(-0.5,-0.,0.866025404));
#2160=AXIS2_PLACEMENT_3D('',#2157,#2158,#2159);
#2161=TOROIDAL_SURFACE('',#2160,4.624695077,1.6);
#2162=ORIENTED_EDGE('',*,*,#2133,.T.);
#2163=ORIENTED_EDGE('',*,*,#1493,.F.);
#2164=ORIENTED_EDGE('',*,*,#2151,.T.);
#2165=ORIENTED_EDGE('',*,*,#1765,.F.);
#2166=EDGE_LOOP('',(#2162,#2163,#2164,#2165));
#2167=FACE_BOUND('',#2166,.T.);
#2168=ADVANCED_FACE('',(#2167),#2161,.F.);
#2169=CARTESIAN_POINT('',(29.459937768,-8.492,-6.626247123));
#2170=DIRECTION('',(-0.866025404,0.,-0.5));
#2171=DIRECTION('',(0.5,0.,-0.866025404));
#2172=AXIS2_PLACEMENT_3D('',#2169,#2170,#2171);
#2173=TOROIDAL_SURFACE('',#2172,4.775304923,1.6);
#2174=CARTESIAN_POINT('',(27.072285306,-8.492,-2.490711749));
#2175=DIRECTION('',(0.,-1.,-0.));
#2176=DIRECTION('',(0.866025404,0.,0.5));
#2177=AXIS2_PLACEMENT_3D('',#2174,#2175,#2176);
#2178=CIRCLE('',#2177,1.6);
#2179=EDGE_CURVE('',#1861,#1583,#2178,.T.);
#2180=ORIENTED_EDGE('',*,*,#2179,.F.);
#2181=ORIENTED_EDGE('',*,*,#1924,.F.);
#2182=CARTESIAN_POINT('',(29.459937768,-13.267304923,-6.626247123));
#2183=DIRECTION('',(-0.5,-0.,0.866025404));
#2184=DIRECTION('',(-0.866025404,0.,-0.5));
#2185=AXIS2_PLACEMENT_3D('',#2182,#2183,#2184);
#2186=CIRCLE('',#2185,1.6);
#2187=EDGE_CURVE('',#1591,#1911,#2186,.T.);
#2188=ORIENTED_EDGE('',*,*,#2187,.F.);
#2189=ORIENTED_EDGE('',*,*,#1597,.F.);
#2190=EDGE_LOOP('',(#2180,#2181,#2188,#2189));
#2191=FACE_BOUND('',#2190,.T.);
#2192=ADVANCED_FACE('',(#2191),#2173,.F.);
#2193=CARTESIAN_POINT('',(29.505937768,-13.267304923,-6.70592146));
#2194=DIRECTION('',(-0.5,-0.,0.866025404));
#2195=DIRECTION('',(-0.866025404,0.,-0.5));
#2196=AXIS2_PLACEMENT_3D('',#2193,#2194,#2195);
#2197=CYLINDRICAL_SURFACE('',#2196,1.6);
#2198=ORIENTED_EDGE('',*,*,#2187,.T.);
#2199=ORIENTED_EDGE('',*,*,#1975,.F.);
#2200=CARTESIAN_POINT('',(29.551937768,-13.267304923,-6.785595797));
#2201=DIRECTION('',(-0.5,-0.,0.866025404));
#2202=DIRECTION('',(-0.866025404,0.,-0.5));
#2203=AXIS2_PLACEMENT_3D('',#2200,#2201,#2202);
#2204=CIRCLE('',#2203,1.6);
#2205=EDGE_CURVE('',#1600,#1963,#2204,.T.);
#2206=ORIENTED_EDGE('',*,*,#2205,.F.);
#2207=ORIENTED_EDGE('',*,*,#1605,.F.);
#2208=EDGE_LOOP('',(#2198,#2199,#2206,#2207));
#2209=FACE_BOUND('',#2208,.T.);
#2210=ADVANCED_FACE('',(#2209),#2197,.F.);
#2211=CARTESIAN_POINT('',(27.072285306,0.,-2.490711749));
#2212=DIRECTION('',(-0.,1.,0.));
#2213=DIRECTION('',(-0.866025404,0.,-0.5));
#2214=AXIS2_PLACEMENT_3D('',#2211,#2212,#2213);
#2215=CYLINDRICAL_SURFACE('',#2214,1.6);
#2216=ORIENTED_EDGE('',*,*,#2179,.T.);
#2217=ORIENTED_EDGE('',*,*,#1588,.F.);
#2218=CARTESIAN_POINT('',(27.072285306,8.492,-2.490711749));
#2219=DIRECTION('',(0.,-1.,-0.));
#2220=DIRECTION('',(0.866025404,0.,0.5));
#2221=AXIS2_PLACEMENT_3D('',#2218,#2219,#2220);
#2222=CIRCLE('',#2221,1.6);
#2223=EDGE_CURVE('',#1827,#1574,#2222,.T.);
#2224=ORIENTED_EDGE('',*,*,#2223,.F.);
#2225=ORIENTED_EDGE('',*,*,#1873,.F.);
#2226=EDGE_LOOP('',(#2216,#2217,#2224,#2225));
#2227=FACE_BOUND('',#2226,.T.);
#2228=ADVANCED_FACE('',(#2227),#2215,.F.);
#2229=CARTESIAN_POINT('',(29.551937768,-8.492,-6.785595797));
#2230=DIRECTION('',(-0.866025404,0.,-0.5));
#2231=DIRECTION('',(0.5,0.,-0.866025404));
#2232=AXIS2_PLACEMENT_3D('',#2229,#2230,#2231);
#2233=TOROIDAL_SURFACE('',#2232,4.775304923,1.6);
#2234=ORIENTED_EDGE('',*,*,#2205,.T.);
#2235=ORIENTED_EDGE('',*,*,#2018,.F.);
#2236=CARTESIAN_POINT('',(31.939590229,-8.492,-10.921131172));
#2237=DIRECTION('',(0.,-1.,-0.));
#2238=DIRECTION('',(0.866025404,0.,0.5));
#2239=AXIS2_PLACEMENT_3D('',#2236,#2237,#2238);
#2240=CIRCLE('',#2239,1.6);
#2241=EDGE_CURVE('',#1547,#1989,#2240,.T.);
#2242=ORIENTED_EDGE('',*,*,#2241,.F.);
#2243=ORIENTED_EDGE('',*,*,#1612,.F.);
#2244=EDGE_LOOP('',(#2234,#2235,#2242,#2243));
#2245=FACE_BOUND('',#2244,.T.);
#2246=ADVANCED_FACE('',(#2245),#2233,.F.);
#2247=CARTESIAN_POINT('',(29.459937768,8.492,-6.626247123));
#2248=DIRECTION('',(-0.866025404,0.,-0.5));
#2249=DIRECTION('',(0.5,0.,-0.866025404));
#2250=AXIS2_PLACEMENT_3D('',#2247,#2248,#2249);
#2251=TOROIDAL_SURFACE('',#2250,4.775304923,1.6);
#2252=ORIENTED_EDGE('',*,*,#2223,.T.);
#2253=ORIENTED_EDGE('',*,*,#1580,.F.);
#2254=CARTESIAN_POINT('',(29.459937768,13.267304923,-6.626247123));
#2255=DIRECTION('',(-0.5,-0.,0.866025404));
#2256=DIRECTION('',(-0.866025404,0.,-0.5));
#2257=AXIS2_PLACEMENT_3D('',#2254,#2255,#2256);
#2258=CIRCLE('',#2257,1.6);
#2259=EDGE_CURVE('',#1836,#1566,#2258,.T.);
#2260=ORIENTED_EDGE('',*,*,#2259,.F.);
#2261=ORIENTED_EDGE('',*,*,#1842,.F.);
#2262=EDGE_LOOP('',(#2252,#2253,#2260,#2261));
#2263=FACE_BOUND('',#2262,.T.);
#2264=ADVANCED_FACE('',(#2263),#2251,.F.);
#2265=CARTESIAN_POINT('',(31.939590229,0.,-10.921131172));
#2266=DIRECTION('',(0.,-1.,-0.));
#2267=DIRECTION('',(0.866025404,0.,0.5));
#2268=AXIS2_PLACEMENT_3D('',#2265,#2266,#2267);
#2269=CYLINDRICAL_SURFACE('',#2268,1.6);
#2270=ORIENTED_EDGE('',*,*,#2241,.T.);
#2271=ORIENTED_EDGE('',*,*,#1994,.F.);
#2272=CARTESIAN_POINT('',(31.939590229,8.492,-10.921131172));
#2273=DIRECTION('',(0.,-1.,-0.));
#2274=DIRECTION('',(0.866025404,0.,0.5));
#2275=AXIS2_PLACEMENT_3D('',#2272,#2273,#2274);
#2276=CIRCLE('',#2275,1.6);
#2277=EDGE_CURVE('',#1549,#1938,#2276,.T.);
#2278=ORIENTED_EDGE('',*,*,#2277,.F.);
#2279=ORIENTED_EDGE('',*,*,#1554,.F.);
#2280=EDGE_LOOP('',(#2270,#2271,#2278,#2279));
#2281=FACE_BOUND('',#2280,.T.);
#2282=ADVANCED_FACE('',(#2281),#2269,.F.);
#2283=CARTESIAN_POINT('',(29.505937768,13.267304923,-6.70592146));
#2284=DIRECTION('',(0.5,0.,-0.866025404));
#2285=DIRECTION('',(0.866025404,0.,0.5));
#2286=AXIS2_PLACEMENT_3D('',#2283,#2284,#2285);
#2287=CYLINDRICAL_SURFACE('',#2286,1.6);
#2288=ORIENTED_EDGE('',*,*,#2259,.T.);
#2289=ORIENTED_EDGE('',*,*,#1571,.F.);
#2290=CARTESIAN_POINT('',(29.551937768,13.267304923,-6.785595797));
#2291=DIRECTION('',(-0.5,-0.,0.866025404));
#2292=DIRECTION('',(-0.866025404,0.,-0.5));
#2293=AXIS2_PLACEMENT_3D('',#2290,#2291,#2292);
#2294=CIRCLE('',#2293,1.6);
#2295=EDGE_CURVE('',#1887,#1557,#2294,.T.);
#2296=ORIENTED_EDGE('',*,*,#2295,.F.);
#2297=ORIENTED_EDGE('',*,*,#1892,.F.);
#2298=EDGE_LOOP('',(#2288,#2289,#2296,#2297));
#2299=FACE_BOUND('',#2298,.T.);
#2300=ADVANCED_FACE('',(#2299),#2287,.F.);
#2301=CARTESIAN_POINT('',(29.551937768,8.492,-6.785595797));
#2302=DIRECTION('',(-0.866025404,0.,-0.5));
#2303=DIRECTION('',(0.5,0.,-0.866025404));
#2304=AXIS2_PLACEMENT_3D('',#2301,#2302,#2303);
#2305=TOROIDAL_SURFACE('',#2304,4.775304923,1.6);
#2306=ORIENTED_EDGE('',*,*,#2277,.T.);
#2307=ORIENTED_EDGE('',*,*,#1944,.F.);
#2308=ORIENTED_EDGE('',*,*,#2295,.T.);
#2309=ORIENTED_EDGE('',*,*,#1563,.F.);
#2310=EDGE_LOOP('',(#2306,#2307,#2308,#2309));
#2311=FACE_BOUND('',#2310,.T.);
#2312=ADVANCED_FACE('',(#2311),#2305,.F.);
#2313=CARTESIAN_POINT('',(23.993205596,13.42290554,-1.153177982));
#2314=CARTESIAN_POINT('',(23.972669057,13.437807187,-1.107030323));
#2315=CARTESIAN_POINT('',(23.950236318,13.460196894,-1.064154432));
#2316=CARTESIAN_POINT('',(23.903785148,13.517749942,-0.989163854));
#2317=CARTESIAN_POINT('',(23.879774398,13.552903767,-0.957061566));
#2318=CARTESIAN_POINT('',(23.832544507,13.632507945,-0.906800901));
#2319=CARTESIAN_POINT('',(23.809333174,13.676945135,-0.888650834));
#2320=CARTESIAN_POINT('',(23.766001053,13.770718461,-0.868096688));
#2321=CARTESIAN_POINT('',(23.745887429,13.820039091,-0.865696009));
#2322=CARTESIAN_POINT('',(23.728315555,13.869367871,-0.871289828));
#2323=CARTESIAN_POINT('',(23.995858668,13.423774591,-1.152727056));
#2324=CARTESIAN_POINT('',(23.975769463,13.438775339,-1.106506369));
#2325=CARTESIAN_POINT('',(23.95380844,13.461250653,-1.06353467));
#2326=CARTESIAN_POINT('',(23.908296258,13.518946304,-0.988303351));
#2327=CARTESIAN_POINT('',(23.884752576,13.55415716,-0.956056094));
#2328=CARTESIAN_POINT('',(23.83839874,13.633851912,-0.905460809));
#2329=CARTESIAN_POINT('',(23.815596201,13.678322712,-0.887121095));
#2330=CARTESIAN_POINT('',(23.772975931,13.772150063,-0.866156108));
#2331=CARTESIAN_POINT('',(23.753165202,13.821491196,-0.86353428));
#2332=CARTESIAN_POINT('',(23.735825229,13.870840432,-0.86890172));
#2333=CARTESIAN_POINT('',(23.99854223,13.424626618,-1.152303993));
#2334=CARTESIAN_POINT('',(23.978903335,13.43972382,-1.106012125));
#2335=CARTESIAN_POINT('',(23.957416648,13.462282542,-1.062947082));
#2336=CARTESIAN_POINT('',(23.912848369,13.520117375,-0.987481261));
#2337=CARTESIAN_POINT('',(23.889774055,13.555384039,-0.955092808));
#2338=CARTESIAN_POINT('',(23.844300982,13.635167731,-0.904171564));
#2339=CARTESIAN_POINT('',(23.82190965,13.679671728,-0.885647089));
#2340=CARTESIAN_POINT('',(23.780006538,13.773552736,-0.864281676));
#2341=CARTESIAN_POINT('',(23.760501601,13.822914413,-0.861444228));
#2342=CARTESIAN_POINT('',(23.743396764,13.872284149,-0.866590779));
#2343=CARTESIAN_POINT('',(24.020230131,13.431297829,-1.149151289));
#2344=CARTESIAN_POINT('',(24.004213043,13.447144278,-1.102306631));
#2345=CARTESIAN_POINT('',(23.986537367,13.47035173,-1.058516546));
#2346=CARTESIAN_POINT('',(23.949550283,13.529271151,-0.981228835));
#2347=CARTESIAN_POINT('',(23.930244589,13.564973942,-0.947743251));
#2348=CARTESIAN_POINT('',(23.891846086,13.645455226,-0.894288481));
#2349=CARTESIAN_POINT('',(23.872759213,13.690221187,-0.874327632));
#2350=CARTESIAN_POINT('',(23.836627321,13.784528041,-0.849847807));
#2351=CARTESIAN_POINT('',(23.819587893,13.83405425,-0.84533266));
#2352=CARTESIAN_POINT('',(23.804386494,13.883588166,-0.848759341));
#2353=CARTESIAN_POINT('',(24.040533699,13.436216166,-1.147846839));
#2354=CARTESIAN_POINT('',(24.027797792,13.452580212,-1.100629149));
#2355=CARTESIAN_POINT('',(24.013550108,13.476240428,-1.056347128));
#2356=CARTESIAN_POINT('',(23.98336659,13.535928855,-0.977817049));
#2357=CARTESIAN_POINT('',(23.967435282,13.571948063,-0.943580835));
#2358=CARTESIAN_POINT('',(23.9353873,13.652950544,-0.888384646));
#2359=CARTESIAN_POINT('',(23.919275436,13.6979216,-0.867432997));
#2360=CARTESIAN_POINT('',(23.888387108,13.792576068,-0.84079271));
#2361=CARTESIAN_POINT('',(23.873615284,13.842245207,-0.835108093));
#2362=CARTESIAN_POINT('',(23.860208779,13.891921836,-0.837326631));
#2363=CARTESIAN_POINT('',(24.082860341,13.444117072,-1.14827098));
#2364=CARTESIAN_POINT('',(24.076753245,13.461265081,-1.100681431));
#2365=CARTESIAN_POINT('',(24.069395846,13.485619036,-1.055847576));
#2366=CARTESIAN_POINT('',(24.052851866,13.54650332,-0.975806284));
#2367=CARTESIAN_POINT('',(24.043667637,13.583024899,-0.940610349));
#2368=CARTESIAN_POINT('',(24.024313859,13.664874807,-0.883098614));
#2369=CARTESIAN_POINT('',(24.014147069,13.710191374,-0.860791081));
#2370=CARTESIAN_POINT('',(23.993763467,13.805448522,-0.831120758));
#2371=CARTESIAN_POINT('',(23.983549566,13.855375415,-0.823762236));
#2372=CARTESIAN_POINT('',(23.973781001,13.905309483,-0.82421849));
#2373=CARTESIAN_POINT('',(24.104742972,13.447096286,-1.149967794));
#2374=CARTESIAN_POINT('',(24.10196279,13.464511953,-1.102378744));
#2375=CARTESIAN_POINT('',(24.098046561,13.489107699,-1.057484222));
#2376=CARTESIAN_POINT('',(24.088296988,13.550419593,-0.977172216));
#2377=CARTESIAN_POINT('',(24.082465013,13.587127068,-0.941766089));
#2378=CARTESIAN_POINT('',(24.06941616,13.669302444,-0.88367761));
#2379=CARTESIAN_POINT('',(24.062201119,13.714758722,-0.861003474));
#2380=CARTESIAN_POINT('',(24.047045418,13.810269178,-0.830460124));
#2381=CARTESIAN_POINT('',(24.039106894,13.860309848,-0.822595231));
#2382=CARTESIAN_POINT('',(24.031168603,13.910357596,-0.822495251));
#2383=CARTESIAN_POINT('',(24.127280813,13.449193551,-1.153068744));
#2384=CARTESIAN_POINT('',(24.12784695,13.466789562,-1.105729372));
#2385=CARTESIAN_POINT('',(24.127381277,13.491549893,-1.061048175));
#2386=CARTESIAN_POINT('',(24.124428497,13.55315624,-0.98104965));
#2387=CARTESIAN_POINT('',(24.121941803,13.589993634,-0.945743517));
#2388=CARTESIAN_POINT('',(24.115173067,13.672399888,-0.887715778));
#2389=CARTESIAN_POINT('',(24.110891973,13.717957215,-0.865002292));
#2390=CARTESIAN_POINT('',(24.100924142,13.813653383,-0.834233626));
#2391=CARTESIAN_POINT('',(24.0952388,13.863778831,-0.826182753));
#2392=CARTESIAN_POINT('',(24.089109539,13.913911295,-0.825829989));
#2393=B_SPLINE_SURFACE_WITH_KNOTS('',3,3,((#2313,#2314,#2315,#2316,#2317,#2318,#2319,#2320,#2321,#2322),(#2323,#2324,#2325,#2326,#2327,#2328,#2329,#2330,#2331,#2332),(#2333,#2334,#2335,#2336,#2337,#2338,#2339,#2340,#2341,#2342),(#2343,#2344,#2345,#2346,#2347,#2348,#2349,#2350,#2351,#2352),(#2353,#2354,#2355,#2356,#2357,#2358,#2359,#2360,#2361,#2362),(#2363,#2364,#2365,#2366,#2367,#2368,#2369,#2370,#2371,#2372),(#2373,#2374,#2375,#2376,#2377,#2378,#2379,#2380,#2381,#2382),(#2383,#2384,#2385,#2386,#2387,#2388,#2389,#2390,#2391,#2392)),.UNSPECIFIED.,.F.,.F.,.U.,(4,2,2,4),(4,2,2,2,4),(0.002788313,0.002800777,0.002887897,0.002975017),(0.,0.25,0.5,0.75,1.),.UNSPECIFIED.);
#2394=ORIENTED_EDGE('',*,*,#178,.F.);
#2395=ORIENTED_EDGE('',*,*,#1325,.F.);
#2396=CARTESIAN_POINT('',(24.060380042,13.913911295,-1.325003922));
#2397=DIRECTION('',(0.990944753,0.121555513,-0.057032915));
#2398=DIRECTION('',(0.057458994,-0.,0.998347867));
#2399=AXIS2_PLACEMENT_3D('',#2396,#2397,#2398);
#2400=CIRCLE('',#2399,0.5);
#2401=EDGE_CURVE('',#499,#1312,#2400,.T.);
#2402=ORIENTED_EDGE('',*,*,#2401,.F.);
#2403=ORIENTED_EDGE('',*,*,#542,.F.);
#2404=EDGE_LOOP('',(#2394,#2395,#2402,#2403));
#2405=FACE_BOUND('',#2404,.T.);
#2406=ADVANCED_FACE('',(#2405),#2393,.T.);
#2407=CARTESIAN_POINT('',(24.48106353,13.913911295,-0.930853744));
#2408=CARTESIAN_POINT('',(24.470094576,13.813646367,-0.925335489));
#2409=CARTESIAN_POINT('',(24.44498698,13.713607224,-0.947979953));
#2410=CARTESIAN_POINT('',(24.375234084,13.548792492,-1.041717455));
#2411=CARTESIAN_POINT('',(24.330743596,13.484386611,-1.112602218));
#2412=CARTESIAN_POINT('',(24.284384101,13.449194176,-1.195163167));
#2413=CARTESIAN_POINT('',(24.359625126,13.922235143,-0.869760581));
#2414=CARTESIAN_POINT('',(24.355403294,13.821573351,-0.869505168));
#2415=CARTESIAN_POINT('',(24.341034628,13.721132672,-0.898967147));
#2416=CARTESIAN_POINT('',(24.296902379,13.555236345,-1.007168205));
#2417=CARTESIAN_POINT('',(24.267233059,13.490143718,-1.085672067));
#2418=CARTESIAN_POINT('',(24.235034433,13.454106363,-1.175058115));
#2419=CARTESIAN_POINT('',(24.224015393,13.922185495,-0.833594371));
#2420=CARTESIAN_POINT('',(24.227849859,13.821526071,-0.83547703));
#2421=CARTESIAN_POINT('',(24.225637167,13.721083681,-0.868174824));
#2422=CARTESIAN_POINT('',(24.209930219,13.55519605,-0.983947457));
#2423=CARTESIAN_POINT('',(24.196471405,13.490108506,-1.066772717));
#2424=CARTESIAN_POINT('',(24.179756436,13.454076686,-1.160288793));
#2425=CARTESIAN_POINT('',(24.089109539,13.913911295,-0.825829989));
#2426=CARTESIAN_POINT('',(24.10136806,13.813646367,-0.826535516));
#2427=CARTESIAN_POINT('',(24.111788699,13.713603015,-0.858701909));
#2428=CARTESIAN_POINT('',(24.125326171,13.548790507,-0.974757387));
#2429=CARTESIAN_POINT('',(24.128413087,13.484385572,-1.05839));
#2430=CARTESIAN_POINT('',(24.127280813,13.449193551,-1.153068744));
#2431=B_SPLINE_SURFACE_WITH_KNOTS('',3,3,((#2407,#2408,#2409,#2410,#2411,#2412),(#2413,#2414,#2415,#2416,#2417,#2418),(#2419,#2420,#2421,#2422,#2423,#2424),(#2425,#2426,#2427,#2428,#2429,#2430)),.UNSPECIFIED.,.F.,.F.,.U.,(4,4),(4,2,4),(0.002944679,0.003147821),(0.,0.5,1.),.UNSPECIFIED.);
#2432=ORIENTED_EDGE('',*,*,#2401,.T.);
#2433=ORIENTED_EDGE('',*,*,#1318,.F.);
#2434=CARTESIAN_POINT('',(24.256357038,13.913911295,-1.3775158));
#2435=DIRECTION('',(0.886699788,-0.121555513,-0.446080423));
#2436=DIRECTION('',(0.449412985,-0.,0.893324112));
#2437=AXIS2_PLACEMENT_3D('',#2434,#2435,#2436);
#2438=CIRCLE('',#2437,0.5);
#2439=EDGE_CURVE('',#501,#1303,#2438,.T.);
#2440=ORIENTED_EDGE('',*,*,#2439,.F.);
#2441=ORIENTED_EDGE('',*,*,#507,.F.);
#2442=EDGE_LOOP('',(#2432,#2433,#2440,#2441));
#2443=FACE_BOUND('',#2442,.T.);
#2444=ADVANCED_FACE('',(#2443),#2431,.T.);
#2445=CARTESIAN_POINT('',(24.897675949,13.819861832,-1.324177856));
#2446=CARTESIAN_POINT('',(24.884297815,13.771107595,-1.301006248));
#2447=CARTESIAN_POINT('',(24.862813179,13.722363379,-1.282521282));
#2448=CARTESIAN_POINT('',(24.805983782,13.630233188,-1.256949005));
#2449=CARTESIAN_POINT('',(24.770650701,13.586866149,-1.24986695));
#2450=CARTESIAN_POINT('',(24.690017261,13.510277506,-1.247886595));
#2451=CARTESIAN_POINT('',(24.644733475,13.477071642,-1.252988702));
#2452=CARTESIAN_POINT('',(24.549191003,13.424473357,-1.274818731));
#2453=CARTESIAN_POINT('',(24.498951954,13.405091746,-1.291542165));
#2454=CARTESIAN_POINT('',(24.448996045,13.39368895,-1.31315829));
#2455=CARTESIAN_POINT('',(24.8523752,13.84472283,-1.245714656));
#2456=CARTESIAN_POINT('',(24.838726499,13.795721319,-1.226922729));
#2457=CARTESIAN_POINT('',(24.817849245,13.746728771,-1.213288602));
#2458=CARTESIAN_POINT('',(24.763795582,13.653835654,-1.197718599));
#2459=CARTESIAN_POINT('',(24.730628989,13.609952081,-1.195785342));
#2460=CARTESIAN_POINT('',(24.655437322,13.531857595,-1.203791706));
#2461=CARTESIAN_POINT('',(24.613425867,13.49766099,-1.213729638));
#2462=CARTESIAN_POINT('',(24.524901921,13.442515612,-1.244417144));
#2463=CARTESIAN_POINT('',(24.478405451,13.421576976,-1.265160909));
#2464=CARTESIAN_POINT('',(24.432070366,13.408361014,-1.290218792));
#2465=CARTESIAN_POINT('',(24.795482398,13.864982657,-1.171316051));
#2466=CARTESIAN_POINT('',(24.782484197,13.815732728,-1.156635532));
#2467=CARTESIAN_POINT('',(24.763048726,13.766491063,-1.147495737));
#2468=CARTESIAN_POINT('',(24.713223218,13.672906522,-1.14119162));
#2469=CARTESIAN_POINT('',(24.682841485,13.628579355,-1.144028272));
#2470=CARTESIAN_POINT('',(24.614141298,13.549250696,-1.161384728));
#2471=CARTESIAN_POINT('',(24.575834293,13.514262524,-1.175901533));
#2472=CARTESIAN_POINT('',(24.495090761,13.457108866,-1.215160305));
#2473=CARTESIAN_POINT('',(24.452667692,13.434952985,-1.239895603));
#2474=CARTESIAN_POINT('',(24.410288991,13.420317616,-1.268504938));
#2475=CARTESIAN_POINT('',(24.653700064,13.896853522,-1.03505047));
#2476=CARTESIAN_POINT('',(24.643562033,13.847105423,-1.027494951));
#2477=CARTESIAN_POINT('',(24.628517197,13.797364659,-1.026209348));
#2478=CARTESIAN_POINT('',(24.59000641,13.702524637,-1.036285505));
#2479=CARTESIAN_POINT('',(24.566546079,13.657439369,-1.047645696));
#2480=CARTESIAN_POINT('',(24.513386832,13.576132571,-1.0819407));
#2481=CARTESIAN_POINT('',(24.483695674,13.53992304,-1.104870372));
#2482=CARTESIAN_POINT('',(24.42083847,13.479761201,-1.160148619));
#2483=CARTESIAN_POINT('',(24.387681601,13.455817778,-1.192488963));
#2484=CARTESIAN_POINT('',(24.354331219,13.439126635,-1.228020815));
#2485=CARTESIAN_POINT('',(24.572600993,13.907638105,-0.976904413));
#2486=CARTESIAN_POINT('',(24.56457356,13.857655147,-0.972161616));
#2487=CARTESIAN_POINT('',(24.552343403,13.807679298,-0.974017611));
#2488=CARTESIAN_POINT('',(24.520593009,13.712310842,-0.990755607));
#2489=CARTESIAN_POINT('',(24.501077277,13.66693183,-1.00563521));
#2490=CARTESIAN_POINT('',(24.456545197,13.584933036,-1.047053084));
#2491=CARTESIAN_POINT('',(24.431535172,13.548324943,-1.073585438));
#2492=CARTESIAN_POINT('',(24.378309274,13.487238349,-1.135868996));
#2493=CARTESIAN_POINT('',(24.350100962,13.462768557,-1.171611306));
#2494=CARTESIAN_POINT('',(24.321584437,13.445490931,-1.210319194));
#2495=CARTESIAN_POINT('',(24.481063956,13.913912373,-0.930853958));
#2496=CARTESIAN_POINT('',(24.475579409,13.863779845,-0.928094668));
#2497=CARTESIAN_POINT('',(24.466630235,13.813654316,-0.932224115));
#2498=CARTESIAN_POINT('',(24.442613308,13.717957976,-0.953886407));
#2499=CARTESIAN_POINT('',(24.427548916,13.672400556,-0.971416221));
#2500=CARTESIAN_POINT('',(24.392672916,13.589994128,-1.018285213));
#2501=CARTESIAN_POINT('',(24.372866187,13.553156652,-1.047617831));
#2502=CARTESIAN_POINT('',(24.330309504,13.491550168,-1.115422161));
#2503=CARTESIAN_POINT('',(24.307565505,13.466789783,-1.153884384));
#2504=CARTESIAN_POINT('',(24.284386005,13.449193738,-1.195164576));
#2505=B_SPLINE_SURFACE_WITH_KNOTS('',3,3,((#2445,#2446,#2447,#2448,#2449,#2450,#2451,#2452,#2453,#2454),(#2455,#2456,#2457,#2458,#2459,#2460,#2461,#2462,#2463,#2464),(#2465,#2466,#2467,#2468,#2469,#2470,#2471,#2472,#2473,#2474),(#2475,#2476,#2477,#2478,#2479,#2480,#2481,#2482,#2483,#2484),(#2485,#2486,#2487,#2488,#2489,#2490,#2491,#2492,#2493,#2494),(#2495,#2496,#2497,#2498,#2499,#2500,#2501,#2502,#2503,#2504)),.UNSPECIFIED.,.F.,.F.,.U.,(4,2,4),(4,2,2,2,4),(0.,0.000153058,0.000306117),(0.,0.25,0.5,0.75,1.),.UNSPECIFIED.);
#2506=ORIENTED_EDGE('',*,*,#2439,.T.);
#2507=ORIENTED_EDGE('',*,*,#1309,.F.);
#2508=CARTESIAN_POINT('',(24.464663247,13.819861832,-1.574177856));
#2509=DIRECTION('',(0.438330096,-0.48111008,-0.759209996));
#2510=DIRECTION('',(0.24055504,0.876660191,-0.416653552));
#2511=AXIS2_PLACEMENT_3D('',#2508,#2509,#2510);
#2512=CIRCLE('',#2511,0.5);
#2513=EDGE_CURVE('',#510,#1285,#2512,.T.);
#2514=ORIENTED_EDGE('',*,*,#2513,.F.);
#2515=ORIENTED_EDGE('',*,*,#519,.F.);
#2516=EDGE_LOOP('',(#2506,#2507,#2514,#2515));
#2517=FACE_BOUND('',#2516,.T.);
#2518=ADVANCED_FACE('',(#2517),#2505,.T.);
#2519=CARTESIAN_POINT('',(25.210079789,12.78,-1.86527718));
#2520=CARTESIAN_POINT('',(25.183574287,12.78,-1.819368303));
#2521=CARTESIAN_POINT('',(25.149711326,12.78,-1.777717647));
#2522=CARTESIAN_POINT('',(25.070645063,12.78,-1.707083428));
#2523=CARTESIAN_POINT('',(25.025455184,12.78,-1.678111856));
#2524=CARTESIAN_POINT('',(24.928265274,12.78,-1.635746915));
#2525=CARTESIAN_POINT('',(24.876281743,12.78,-1.622360738));
#2526=CARTESIAN_POINT('',(24.770717889,12.78,-1.612514955));
#2527=CARTESIAN_POINT('',(24.717155487,12.78,-1.616057021));
#2528=CARTESIAN_POINT('',(24.665481459,12.78,-1.627887554));
#2529=CARTESIAN_POINT('',(25.210079789,12.887064004,-1.86527718));
#2530=CARTESIAN_POINT('',(25.183574287,12.882196609,-1.819368303));
#2531=CARTESIAN_POINT('',(25.149711326,12.877330039,-1.777717647));
#2532=CARTESIAN_POINT('',(25.070645063,12.868083525,-1.707083428));
#2533=CARTESIAN_POINT('',(25.025455184,12.863705151,-1.678111856));
#2534=CARTESIAN_POINT('',(24.928265274,12.855874488,-1.635746915));
#2535=CARTESIAN_POINT('',(24.876281743,12.852423529,-1.622360738));
#2536=CARTESIAN_POINT('',(24.770717889,12.846794258,-1.612514955));
#2537=CARTESIAN_POINT('',(24.717155487,12.844616901,-1.616057021));
#2538=CARTESIAN_POINT('',(24.665481459,12.843185314,-1.627887554));
#2539=CARTESIAN_POINT('',(25.202841862,12.991654496,-1.852740722));
#2540=CARTESIAN_POINT('',(25.176645313,12.982032295,-1.807366277));
#2541=CARTESIAN_POINT('',(25.143079966,12.972411718,-1.76625645));
#2542=CARTESIAN_POINT('',(25.064561784,12.954132509,-1.696669247));
#2543=CARTESIAN_POINT('',(25.019622319,12.945476979,-1.668203723));
#2544=CARTESIAN_POINT('',(24.922867888,12.929996598,-1.626770089));
#2545=CARTESIAN_POINT('',(24.871069397,12.923174376,-1.613809035));
#2546=CARTESIAN_POINT('',(24.765799622,12.912045709,-1.604692271));
#2547=CARTESIAN_POINT('',(24.712346262,12.907741155,-1.608538114));
#2548=CARTESIAN_POINT('',(24.660741865,12.90491086,-1.620596364));
#2549=CARTESIAN_POINT('',(25.181444206,13.144937998,-1.815678894));
#2550=CARTESIAN_POINT('',(25.156158808,13.128316227,-1.771882618));
#2551=CARTESIAN_POINT('',(25.123468838,13.111697303,-1.732371349));
#2552=CARTESIAN_POINT('',(25.046557771,13.080131238,-1.665880884));
#2553=CARTESIAN_POINT('',(25.002349896,13.06518952,-1.638913119));
#2554=CARTESIAN_POINT('',(24.906862424,13.038486657,-1.600236779));
#2555=CARTESIAN_POINT('',(24.855599242,13.026730101,-1.588534854));
#2556=CARTESIAN_POINT('',(24.751174407,13.007585364,-1.581576966));
#2557=CARTESIAN_POINT('',(24.698030704,13.000200473,-1.586322199));
#2558=CARTESIAN_POINT('',(24.646620205,12.995373237,-1.59905372));
#2559=CARTESIAN_POINT('',(25.172453396,13.195679472,-1.800106355));
#2560=CARTESIAN_POINT('',(25.147550834,13.176735265,-1.756972667));
#2561=CARTESIAN_POINT('',(25.115228321,13.157794279,-1.718132719));
#2562=CARTESIAN_POINT('',(25.038991169,13.121821333,-1.652943022));
#2563=CARTESIAN_POINT('',(24.995089691,13.104795577,-1.626604526));
#2564=CARTESIAN_POINT('',(24.900132106,13.074375706,-1.589086837));
#2565=CARTESIAN_POINT('',(24.849092391,13.060986838,-1.57791412));
#2566=CARTESIAN_POINT('',(24.745019498,13.039196124,-1.571863696));
#2567=CARTESIAN_POINT('',(24.692004284,13.030798037,-1.576987035));
#2568=CARTESIAN_POINT('',(24.640673727,13.025319009,-1.590001589));
#2569=CARTESIAN_POINT('',(25.151380458,13.293003483,-1.763606956));
#2570=CARTESIAN_POINT('',(25.127373903,13.269587517,-1.722025184));
#2571=CARTESIAN_POINT('',(25.095909956,13.246175583,-1.684758507));
#2572=CARTESIAN_POINT('',(25.021244314,13.201723145,-1.622618373));
#2573=CARTESIAN_POINT('',(24.978055636,13.180690386,-1.597755749));
#2574=CARTESIAN_POINT('',(24.884327434,13.143134982,-1.562955961));
#2575=CARTESIAN_POINT('',(24.833804251,13.12661888,-1.553024865));
#2576=CARTESIAN_POINT('',(24.730541133,13.099777131,-1.549103168));
#2577=CARTESIAN_POINT('',(24.677819199,13.08945616,-1.555113252));
#2578=CARTESIAN_POINT('',(24.626668589,13.082756032,-1.568790903));
#2579=CARTESIAN_POINT('',(25.139269562,13.339920366,-1.742630268));
#2580=CARTESIAN_POINT('',(25.115777163,13.314339972,-1.70194024));
#2581=CARTESIAN_POINT('',(25.084805366,13.288764061,-1.66557796));
#2582=CARTESIAN_POINT('',(25.0110394,13.240210318,-1.605191333));
#2583=CARTESIAN_POINT('',(24.968258168,13.217240994,-1.581177577));
#2584=CARTESIAN_POINT('',(24.875231437,13.17624269,-1.547941169));
#2585=CARTESIAN_POINT('',(24.82500225,13.158220894,-1.538724348));
#2586=CARTESIAN_POINT('',(24.722198605,13.128956416,-1.536027057));
#2587=CARTESIAN_POINT('',(24.669642175,13.117718862,-1.542547061));
#2588=CARTESIAN_POINT('',(24.618592127,13.110444806,-1.556605705));
#2589=CARTESIAN_POINT('',(25.098312488,13.475545263,-1.671690536));
#2590=CARTESIAN_POINT('',(25.076557413,13.443671622,-1.634009641));
#2591=CARTESIAN_POINT('',(25.047243697,13.411803676,-1.60070173));
#2592=CARTESIAN_POINT('',(24.976498693,13.351336512,-1.546240868));
#2593=CARTESIAN_POINT('',(24.935080077,13.322748099,-1.525097675));
#2594=CARTESIAN_POINT('',(24.844388586,13.271783747,-1.497150158));
#2595=CARTESIAN_POINT('',(24.79513195,13.249416915,-1.490350844));
#2596=CARTESIAN_POINT('',(24.693836561,13.213200166,-1.491797836));
#2597=CARTESIAN_POINT('',(24.641815943,13.199356721,-1.500043888));
#2598=CARTESIAN_POINT('',(24.591083515,13.190485729,-1.515391091));
#2599=CARTESIAN_POINT('',(25.064366319,13.55978633,-1.612894046));
#2600=CARTESIAN_POINT('',(25.044048419,13.523952245,-1.57770241));
#2601=CARTESIAN_POINT('',(25.016101466,13.488124678,-1.54692398));
#2602=CARTESIAN_POINT('',(24.947836393,13.420176763,-1.497374429));
#2603=CARTESIAN_POINT('',(24.907530729,13.388068773,-1.478612366));
#2604=CARTESIAN_POINT('',(24.818735516,13.330895453,-1.455053889));
#2605=CARTESIAN_POINT('',(24.770262163,13.305840523,-1.45026179));
#2606=CARTESIAN_POINT('',(24.670169013,13.265377732,-1.455149417));
#2607=CARTESIAN_POINT('',(24.61856747,13.24997723,-1.464828269));
#2608=CARTESIAN_POINT('',(24.568074689,13.240201768,-1.481243584));
#2609=CARTESIAN_POINT('',(25.006960176,13.668977206,-1.51346369));
#2610=CARTESIAN_POINT('',(24.989053421,13.627873056,-1.482448279));
#2611=CARTESIAN_POINT('',(24.963375031,13.586776674,-1.455927648));
#2612=CARTESIAN_POINT('',(24.899174516,13.508917994,-1.414664416));
#2613=CARTESIAN_POINT('',(24.860664534,13.472170411,-1.399929626));
#2614=CARTESIAN_POINT('',(24.774873281,13.406900332,-1.38380331));
#2615=CARTESIAN_POINT('',(24.727608236,13.378390173,-1.382414839));
#2616=CARTESIAN_POINT('',(24.629307594,13.3326156,-1.393133927));
#2617=CARTESIAN_POINT('',(24.578290588,13.315359839,-1.405239462));
#2618=CARTESIAN_POINT('',(24.528088157,13.304642285,-1.423455034));
#2619=CARTESIAN_POINT('',(24.986669299,13.702806514,-1.47831886));
#2620=CARTESIAN_POINT('',(24.969611888,13.66004377,-1.448774556));
#2621=CARTESIAN_POINT('',(24.944728941,13.617289218,-1.423755885));
#2622=CARTESIAN_POINT('',(24.881945766,13.536319473,-1.385418578));
#2623=CARTESIAN_POINT('',(24.844057577,13.498119792,-1.372107301));
#2624=CARTESIAN_POINT('',(24.759297831,13.43033196,-1.358609334));
#2625=CARTESIAN_POINT('',(24.712442526,13.400756797,-1.35842524));
#2626=CARTESIAN_POINT('',(24.614739591,13.3533728,-1.371207364));
#2627=CARTESIAN_POINT('',(24.563910693,13.335573044,-1.384171138));
#2628=CARTESIAN_POINT('',(24.513793778,13.324607123,-1.40302209));
#2629=CARTESIAN_POINT('',(24.943787969,13.765355199,-1.404046218));
#2630=CARTESIAN_POINT('',(24.928513937,13.719456427,-1.377590817));
#2631=CARTESIAN_POINT('',(24.905288762,13.673566729,-1.355732994));
#2632=CARTESIAN_POINT('',(24.84543287,13.586736049,-1.323562916));
#2633=CARTESIAN_POINT('',(24.808813998,13.545812235,-1.313257035));
#2634=CARTESIAN_POINT('',(24.726130434,13.473344698,-1.305312421));
#2635=CARTESIAN_POINT('',(24.680082101,13.441815305,-1.30767527));
#2636=CARTESIAN_POINT('',(24.583521576,13.391552988,-1.32481839));
#2637=CARTESIAN_POINT('',(24.533028487,13.372830004,-1.339595276));
#2638=CARTESIAN_POINT('',(24.483035939,13.361521101,-1.359783813));
#2639=CARTESIAN_POINT('',(24.921126297,13.794122785,-1.36479505));
#2640=CARTESIAN_POINT('',(24.9067893,13.746743724,-1.339962642));
#2641=CARTESIAN_POINT('',(24.884429192,13.699374198,-1.319769056));
#2642=CARTESIAN_POINT('',(24.826087966,13.609788443,-1.290850759));
#2643=CARTESIAN_POINT('',(24.790118601,13.567590244,-1.282131885));
#2644=CARTESIAN_POINT('',(24.708482813,13.492956988,-1.277121768));
#2645=CARTESIAN_POINT('',(24.662832832,13.460536952,-1.280831546));
#2646=CARTESIAN_POINT('',(24.566818403,13.409004135,-1.300280093));
#2647=CARTESIAN_POINT('',(24.516473291,13.389901726,-1.316014955));
#2648=CARTESIAN_POINT('',(24.466519511,13.378498693,-1.336907973));
#2649=CARTESIAN_POINT('',(24.897675949,13.819861832,-1.324177856));
#2650=CARTESIAN_POINT('',(24.884297815,13.771107595,-1.301006248));
#2651=CARTESIAN_POINT('',(24.862813179,13.722363379,-1.282521282));
#2652=CARTESIAN_POINT('',(24.805983782,13.630233188,-1.256949005));
#2653=CARTESIAN_POINT('',(24.770650701,13.586866149,-1.24986695));
#2654=CARTESIAN_POINT('',(24.690017261,13.510277506,-1.247886595));
#2655=CARTESIAN_POINT('',(24.644733475,13.477071642,-1.252988702));
#2656=CARTESIAN_POINT('',(24.549191003,13.424473357,-1.274818731));
#2657=CARTESIAN_POINT('',(24.498951954,13.405091746,-1.291542165));
#2658=CARTESIAN_POINT('',(24.448996045,13.39368895,-1.31315829));
#2659=B_SPLINE_SURFACE_WITH_KNOTS('',3,3,((#2519,#2520,#2521,#2522,#2523,#2524,#2525,#2526,#2527,#2528),(#2529,#2530,#2531,#2532,#2533,#2534,#2535,#2536,#2537,#2538),(#2539,#2540,#2541,#2542,#2543,#2544,#2545,#2546,#2547,#2548),(#2549,#2550,#2551,#2552,#2553,#2554,#2555,#2556,#2557,#2558),(#2559,#2560,#2561,#2562,#2563,#2564,#2565,#2566,#2567,#2568),(#2569,#2570,#2571,#2572,#2573,#2574,#2575,#2576,#2577,#2578),(#2579,#2580,#2581,#2582,#2583,#2584,#2585,#2586,#2587,#2588),(#2589,#2590,#2591,#2592,#2593,#2594,#2595,#2596,#2597,#2598),(#2599,#2600,#2601,#2602,#2603,#2604,#2605,#2606,#2607,#2608),(#2609,#2610,#2611,#2612,#2613,#2614,#2615,#2616,#2617,#2618),(#2619,#2620,#2621,#2622,#2623,#2624,#2625,#2626,#2627,#2628),(#2629,#2630,#2631,#2632,#2633,#2634,#2635,#2636,#2637,#2638),(#2639,#2640,#2641,#2642,#2643,#2644,#2645,#2646,#2647,#2648),(#2649,#2650,#2651,#2652,#2653,#2654,#2655,#2656,#2657,#2658)),.UNSPECIFIED.,.F.,.F.,.U.,(4,2,2,2,2,2,4),(4,2,2,2,4),(-0.,0.000316603,0.000474905,0.000633207,0.00094981,0.001108112,0.001266413),(0.,0.25,0.5,0.75,1.),.UNSPECIFIED.);
#2660=ORIENTED_EDGE('',*,*,#2513,.T.);
#2661=ORIENTED_EDGE('',*,*,#1300,.F.);
#2662=CARTESIAN_POINT('',(24.777067088,12.78,-2.11527718));
#2663=DIRECTION('',(0.,-1.,-0.));
#2664=DIRECTION('',(0.866025404,0.,0.5));
#2665=AXIS2_PLACEMENT_3D('',#2662,#2663,#2664);
#2666=CIRCLE('',#2665,0.5);
#2667=EDGE_CURVE('',#667,#1207,#2666,.T.);
#2668=ORIENTED_EDGE('',*,*,#2667,.F.);
#2669=ORIENTED_EDGE('',*,*,#775,.F.);
#2670=EDGE_LOOP('',(#2660,#2661,#2668,#2669));
#2671=FACE_BOUND('',#2670,.T.);
#2672=ADVANCED_FACE('',(#2671),#2659,.T.);
#2673=CARTESIAN_POINT('',(24.777067088,13.502,-2.11527718));
#2674=DIRECTION('',(0.,-1.,-0.));
#2675=DIRECTION('',(0.866025404,0.,0.5));
#2676=AXIS2_PLACEMENT_3D('',#2673,#2674,#2675);
#2677=CYLINDRICAL_SURFACE('',#2676,0.5);
#2678=ORIENTED_EDGE('',*,*,#2667,.T.);
#2679=ORIENTED_EDGE('',*,*,#1212,.F.);
#2680=CARTESIAN_POINT('',(24.777067088,-12.78,-2.11527718));
#2681=DIRECTION('',(0.,-1.,-0.));
#2682=DIRECTION('',(0.866025404,0.,0.5));
#2683=AXIS2_PLACEMENT_3D('',#2680,#2681,#2682);
#2684=CIRCLE('',#2683,0.5);
#2685=EDGE_CURVE('',#669,#1198,#2684,.T.);
#2686=ORIENTED_EDGE('',*,*,#2685,.F.);
#2687=ORIENTED_EDGE('',*,*,#674,.F.);
#2688=EDGE_LOOP('',(#2678,#2679,#2686,#2687));
#2689=FACE_BOUND('',#2688,.T.);
#2690=ADVANCED_FACE('',(#2689),#2677,.T.);
#2691=CARTESIAN_POINT('',(24.897675949,-13.819861832,-1.324177856));
#2692=CARTESIAN_POINT('',(24.884297815,-13.771107595,-1.301006248));
#2693=CARTESIAN_POINT('',(24.862813179,-13.722363379,-1.282521282));
#2694=CARTESIAN_POINT('',(24.805983782,-13.630233188,-1.256949005));
#2695=CARTESIAN_POINT('',(24.770650701,-13.586866149,-1.24986695));
#2696=CARTESIAN_POINT('',(24.690017261,-13.510277506,-1.247886595));
#2697=CARTESIAN_POINT('',(24.644733475,-13.477071642,-1.252988702));
#2698=CARTESIAN_POINT('',(24.549191003,-13.424473357,-1.274818731));
#2699=CARTESIAN_POINT('',(24.498951954,-13.405091746,-1.291542165));
#2700=CARTESIAN_POINT('',(24.448996045,-13.39368895,-1.31315829));
#2701=CARTESIAN_POINT('',(24.944660822,-13.768291345,-1.405558044));
#2702=CARTESIAN_POINT('',(24.92936152,-13.722292396,-1.379058875));
#2703=CARTESIAN_POINT('',(24.906122798,-13.676302494,-1.357150536));
#2704=CARTESIAN_POINT('',(24.846264316,-13.589270309,-1.324874208));
#2705=CARTESIAN_POINT('',(24.809656383,-13.548245145,-1.314512639));
#2706=CARTESIAN_POINT('',(24.727014649,-13.475574297,-1.306461884));
#2707=CARTESIAN_POINT('',(24.680997158,-13.443942908,-1.308774335));
#2708=CARTESIAN_POINT('',(24.584509079,-13.393479384,-1.325832852));
#2709=CARTESIAN_POINT('',(24.534057522,-13.374657181,-1.340575594));
#2710=CARTESIAN_POINT('',(24.484105879,-13.363253909,-1.360742908));
#2711=CARTESIAN_POINT('',(24.987423432,-13.706066359,-1.479625056));
#2712=CARTESIAN_POINT('',(24.970337204,-13.663171722,-1.45003084));
#2713=CARTESIAN_POINT('',(24.945430764,-13.620285281,-1.424959196));
#2714=CARTESIAN_POINT('',(24.882613221,-13.539059574,-1.386515956));
#2715=CARTESIAN_POINT('',(24.844714156,-13.500735828,-1.373151745));
#2716=CARTESIAN_POINT('',(24.759944761,-13.432715363,-1.359554797));
#2717=CARTESIAN_POINT('',(24.713090669,-13.40303164,-1.359324685));
#2718=CARTESIAN_POINT('',(24.615399513,-13.355453346,-1.372028389));
#2719=CARTESIAN_POINT('',(24.564581156,-13.337567867,-1.384959791));
#2720=CARTESIAN_POINT('',(24.514477278,-13.326530966,-1.40378802));
#2721=CARTESIAN_POINT('',(25.045113229,-13.5964425,-1.579546716));
#2722=CARTESIAN_POINT('',(25.02560401,-13.55883941,-1.545755758));
#2723=CARTESIAN_POINT('',(24.998417946,-13.521243256,-1.516405348));
#2724=CARTESIAN_POINT('',(24.931516207,-13.449968527,-1.469634919));
#2725=CARTESIAN_POINT('',(24.891812885,-13.416303101,-1.452223539));
#2726=CARTESIAN_POINT('',(24.804025381,-13.35641171,-1.431157679));
#2727=CARTESIAN_POINT('',(24.755957407,-13.330196793,-1.427507093));
#2728=CARTESIAN_POINT('',(24.656465708,-13.287950527,-1.434350485));
#2729=CARTESIAN_POINT('',(24.605060349,-13.271926972,-1.444843204));
#2730=CARTESIAN_POINT('',(24.554665076,-13.261834918,-1.461862304));
#2731=CARTESIAN_POINT('',(25.063379988,-13.556826754,-1.61118567));
#2732=CARTESIAN_POINT('',(25.043100819,-13.521109274,-1.576060178));
#2733=CARTESIAN_POINT('',(25.015186448,-13.485398271,-1.545351352));
#2734=CARTESIAN_POINT('',(24.946971542,-13.417677714,-1.495940246));
#2735=CARTESIAN_POINT('',(24.906683466,-13.385680519,-1.477246994));
#2736=CARTESIAN_POINT('',(24.817908616,-13.328717207,-1.453816908));
#2737=CARTESIAN_POINT('',(24.769438055,-13.303761486,-1.449084356));
#2738=CARTESIAN_POINT('',(24.66933849,-13.263479544,-1.454073638));
#2739=CARTESIAN_POINT('',(24.617727768,-13.248160675,-1.463794565));
#2740=CARTESIAN_POINT('',(24.567222186,-13.238455047,-1.480239793));
#2741=CARTESIAN_POINT('',(25.096735504,-13.473905508,-1.66895912));
#2742=CARTESIAN_POINT('',(25.075046825,-13.442095304,-1.631392278));
#2743=CARTESIAN_POINT('',(25.04579508,-13.410290758,-1.598200878));
#2744=CARTESIAN_POINT('',(24.975160071,-13.349947661,-1.543967127));
#2745=CARTESIAN_POINT('',(24.933789469,-13.321419919,-1.522934498));
#2746=CARTESIAN_POINT('',(24.843177149,-13.270571412,-1.495191256));
#2747=CARTESIAN_POINT('',(24.793951672,-13.248259754,-1.488485619));
#2748=CARTESIAN_POINT('',(24.692701131,-13.212144891,-1.490093188));
#2749=CARTESIAN_POINT('',(24.640694216,-13.198348155,-1.498406109));
#2750=CARTESIAN_POINT('',(24.589967495,-13.189518072,-1.513802867));
#2751=CARTESIAN_POINT('',(25.11189072,-13.430559214,-1.695208723));
#2752=CARTESIAN_POINT('',(25.089559679,-13.400772965,-1.656530225));
#2753=CARTESIAN_POINT('',(25.059696262,-13.37099201,-1.622209717));
#2754=CARTESIAN_POINT('',(24.987949716,-13.314476396,-1.565784323));
#2755=CARTESIAN_POINT('',(24.946079345,-13.28775178,-1.543689472));
#2756=CARTESIAN_POINT('',(24.85461363,-13.240093097,-1.513988567));
#2757=CARTESIAN_POINT('',(24.805034549,-13.219167499,-1.506387796));
#2758=CARTESIAN_POINT('',(24.703239093,-13.185256842,-1.506460864));
#2759=CARTESIAN_POINT('',(24.651040818,-13.172277809,-1.514134693));
#2760=CARTESIAN_POINT('',(24.60020307,-13.163936585,-1.529054708));
#2761=CARTESIAN_POINT('',(25.1392053,-13.340156257,-1.742518963));
#2762=CARTESIAN_POINT('',(25.11571563,-13.31456496,-1.701833661));
#2763=CARTESIAN_POINT('',(25.084746441,-13.288978149,-1.665476176));
#2764=CARTESIAN_POINT('',(25.010985238,-13.240403752,-1.605098848));
#2765=CARTESIAN_POINT('',(24.96820616,-13.21742468,-1.581089594));
#2766=CARTESIAN_POINT('',(24.875183129,-13.176409058,-1.547861481));
#2767=CARTESIAN_POINT('',(24.824955489,-13.158379696,-1.53864845));
#2768=CARTESIAN_POINT('',(24.722154255,-13.129103065,-1.535957657));
#2769=CARTESIAN_POINT('',(24.669598689,-13.117860927,-1.542480368));
#2770=CARTESIAN_POINT('',(24.618549161,-13.11058402,-1.556541034));
#2771=CARTESIAN_POINT('',(25.151363888,-13.293098635,-1.763578255));
#2772=CARTESIAN_POINT('',(25.127357754,-13.269678262,-1.721998061));
#2773=CARTESIAN_POINT('',(25.095894315,-13.246261956,-1.68473298));
#2774=CARTESIAN_POINT('',(25.02122979,-13.201801254,-1.622595889));
#2775=CARTESIAN_POINT('',(24.978041721,-13.180764605,-1.597734712));
#2776=CARTESIAN_POINT('',(24.884314745,-13.143202276,-1.562937504));
#2777=CARTESIAN_POINT('',(24.833792177,-13.126683141,-1.55300754));
#2778=CARTESIAN_POINT('',(24.730530196,-13.099836471,-1.549087674));
#2779=CARTESIAN_POINT('',(24.677808784,-13.089513614,-1.555098456));
#2780=CARTESIAN_POINT('',(24.626658603,-13.082812263,-1.568776555));
#2781=CARTESIAN_POINT('',(25.172565206,-13.195124394,-1.800300015));
#2782=CARTESIAN_POINT('',(25.1476576,-13.176205579,-1.757158432));
#2783=CARTESIAN_POINT('',(25.115330354,-13.157290013,-1.718310481));
#2784=CARTESIAN_POINT('',(25.039084715,-13.12136533,-1.653105225));
#2785=CARTESIAN_POINT('',(24.995179482,-13.104362409,-1.626759174));
#2786=CARTESIAN_POINT('',(24.900215583,-13.073983249,-1.589227488));
#2787=CARTESIAN_POINT('',(24.849173309,-13.06061225,-1.578048332));
#2788=CARTESIAN_POINT('',(24.74509656,-13.038850451,-1.571986755));
#2789=CARTESIAN_POINT('',(24.692080049,-13.030463406,-1.577105381));
#2790=CARTESIAN_POINT('',(24.640748794,-13.024991431,-1.590116334));
#2791=CARTESIAN_POINT('',(25.181510942,-13.144521186,-1.815794485));
#2792=CARTESIAN_POINT('',(25.156223127,-13.127918483,-1.771992892));
#2793=CARTESIAN_POINT('',(25.123530707,-13.111318605,-1.732476224));
#2794=CARTESIAN_POINT('',(25.046614914,-13.079788679,-1.665975328));
#2795=CARTESIAN_POINT('',(25.002404764,-13.064864048,-1.639002533));
#2796=CARTESIAN_POINT('',(24.906913139,-13.038191682,-1.600317005));
#2797=CARTESIAN_POINT('',(24.85564808,-13.02644853,-1.588610924));
#2798=CARTESIAN_POINT('',(24.751220069,-13.007325569,-1.581646012));
#2799=CARTESIAN_POINT('',(24.698075068,-12.999949046,-1.586388379));
#2800=CARTESIAN_POINT('',(24.646663622,-12.995127238,-1.599117822));
#2801=CARTESIAN_POINT('',(25.202816289,-12.991774318,-1.852696429));
#2802=CARTESIAN_POINT('',(25.176621257,-12.982146661,-1.807323474));
#2803=CARTESIAN_POINT('',(25.143057237,-12.97252061,-1.766215144));
#2804=CARTESIAN_POINT('',(25.064541257,-12.954230995,-1.696630878));
#2805=CARTESIAN_POINT('',(25.019602668,-12.945570535,-1.668166793));
#2806=CARTESIAN_POINT('',(24.922849537,-12.93008136,-1.626735887));
#2807=CARTESIAN_POINT('',(24.87105147,-12.923255274,-1.613776123));
#2808=CARTESIAN_POINT('',(24.765782148,-12.912120358,-1.60466168));
#2809=CARTESIAN_POINT('',(24.712328818,-12.907813417,-1.608508556));
#2810=CARTESIAN_POINT('',(24.660724305,-12.904981601,-1.620567654));
#2811=CARTESIAN_POINT('',(25.210079789,-12.887280493,-1.86527718));
#2812=CARTESIAN_POINT('',(25.183574287,-12.882403255,-1.819368303));
#2813=CARTESIAN_POINT('',(25.149711326,-12.877526845,-1.777717647));
#2814=CARTESIAN_POINT('',(25.070645063,-12.868261635,-1.707083428));
#2815=CARTESIAN_POINT('',(25.025455184,-12.863874407,-1.678111856));
#2816=CARTESIAN_POINT('',(24.928265274,-12.85602791,-1.635746915));
#2817=CARTESIAN_POINT('',(24.876281743,-12.852569973,-1.622360738));
#2818=CARTESIAN_POINT('',(24.770717889,-12.846929319,-1.612514955));
#2819=CARTESIAN_POINT('',(24.717155487,-12.844747559,-1.616057021));
#2820=CARTESIAN_POINT('',(24.665481459,-12.843313078,-1.627887554));
#2821=CARTESIAN_POINT('',(25.210079789,-12.78,-1.86527718));
#2822=CARTESIAN_POINT('',(25.183574287,-12.78,-1.819368303));
#2823=CARTESIAN_POINT('',(25.149711326,-12.78,-1.777717647));
#2824=CARTESIAN_POINT('',(25.070645063,-12.78,-1.707083428));
#2825=CARTESIAN_POINT('',(25.025455184,-12.78,-1.678111856));
#2826=CARTESIAN_POINT('',(24.928265274,-12.78,-1.635746915));
#2827=CARTESIAN_POINT('',(24.876281743,-12.78,-1.622360738));
#2828=CARTESIAN_POINT('',(24.770717889,-12.78,-1.612514955));
#2829=CARTESIAN_POINT('',(24.717155487,-12.78,-1.616057021));
#2830=CARTESIAN_POINT('',(24.665481459,-12.78,-1.627887554));
#2831=B_SPLINE_SURFACE_WITH_KNOTS('',3,3,((#2691,#2692,#2693,#2694,#2695,#2696,#2697,#2698,#2699,#2700),(#2701,#2702,#2703,#2704,#2705,#2706,#2707,#2708,#2709,#2710),(#2711,#2712,#2713,#2714,#2715,#2716,#2717,#2718,#2719,#2720),(#2721,#2722,#2723,#2724,#2725,#2726,#2727,#2728,#2729,#2730),(#2731,#2732,#2733,#2734,#2735,#2736,#2737,#2738,#2739,#2740),(#2741,#2742,#2743,#2744,#2745,#2746,#2747,#2748,#2749,#2750),(#2751,#2752,#2753,#2754,#2755,#2756,#2757,#2758,#2759,#2760),(#2761,#2762,#2763,#2764,#2765,#2766,#2767,#2768,#2769,#2770),(#2771,#2772,#2773,#2774,#2775,#2776,#2777,#2778,#2779,#2780),(#2781,#2782,#2783,#2784,#2785,#2786,#2787,#2788,#2789,#2790),(#2791,#2792,#2793,#2794,#2795,#2796,#2797,#2798,#2799,#2800),(#2801,#2802,#2803,#2804,#2805,#2806,#2807,#2808,#2809,#2810),(#2811,#2812,#2813,#2814,#2815,#2816,#2817,#2818,#2819,#2820),(#2821,#2822,#2823,#2824,#2825,#2826,#2827,#2828,#2829,#2830)),.UNSPECIFIED.,.F.,.F.,.U.,(4,2,2,2,2,2,4),(4,2,2,2,4),(-0.,0.000317029,0.000475544,0.000634059,0.000792574,0.000951088,0.001268118),(0.,0.25,0.5,0.75,1.),.UNSPECIFIED.);
#2832=ORIENTED_EDGE('',*,*,#2685,.T.);
#2833=ORIENTED_EDGE('',*,*,#1272,.F.);
#2834=CARTESIAN_POINT('',(24.464663247,-13.819861832,-1.574177856));
#2835=DIRECTION('',(-0.438330096,-0.48111008,0.759209996));
#2836=DIRECTION('',(0.24055504,-0.876660191,-0.416653552));
#2837=AXIS2_PLACEMENT_3D('',#2834,#2835,#2836);
#2838=CIRCLE('',#2837,0.5);
#2839=EDGE_CURVE('',#677,#1250,#2838,.T.);
#2840=ORIENTED_EDGE('',*,*,#2839,.F.);
#2841=ORIENTED_EDGE('',*,*,#692,.F.);
#2842=EDGE_LOOP('',(#2832,#2833,#2840,#2841));
#2843=FACE_BOUND('',#2842,.T.);
#2844=ADVANCED_FACE('',(#2843),#2831,.T.);
#2845=CARTESIAN_POINT('',(24.608356597,-13.901308477,-1.007226125));
#2846=CARTESIAN_POINT('',(24.599472873,-13.851450429,-1.000954889));
#2847=CARTESIAN_POINT('',(24.586050222,-13.801599651,-1.001116169));
#2848=CARTESIAN_POINT('',(24.551367944,-13.706521179,-1.01428885));
#2849=CARTESIAN_POINT('',(24.530113375,-13.66130735,-1.027298331));
#2850=CARTESIAN_POINT('',(24.481742293,-13.579710377,-1.064960887));
#2851=CARTESIAN_POINT('',(24.454632834,-13.543339132,-1.089608471));
#2852=CARTESIAN_POINT('',(24.39707226,-13.482813529,-1.148257661));
#2853=CARTESIAN_POINT('',(24.36662954,-13.458667997,-1.182250714));
#2854=CARTESIAN_POINT('',(24.33593155,-13.441755823,-1.219340952));
#2855=CARTESIAN_POINT('',(24.639040626,-13.897212577,-1.028886726));
#2856=CARTESIAN_POINT('',(24.629380369,-13.847436115,-1.021567376));
#2857=CARTESIAN_POINT('',(24.61490671,-13.797667016,-1.020556985));
#2858=CARTESIAN_POINT('',(24.577679467,-13.70277736,-1.031247422));
#2859=CARTESIAN_POINT('',(24.554931386,-13.657670839,-1.042946665));
#2860=CARTESIAN_POINT('',(24.503283284,-13.576334137,-1.077963073));
#2861=CARTESIAN_POINT('',(24.474390896,-13.540115986,-1.101275053));
#2862=CARTESIAN_POINT('',(24.413158305,-13.479952286,-1.157335222));
#2863=CARTESIAN_POINT('',(24.380827151,-13.456015637,-1.190075112));
#2864=CARTESIAN_POINT('',(24.348285617,-13.43933857,-1.226000268));
#2865=CARTESIAN_POINT('',(24.668264758,-13.892441795,-1.052099983));
#2866=CARTESIAN_POINT('',(24.657904684,-13.84275365,-1.043620092));
#2867=CARTESIAN_POINT('',(24.642455135,-13.793072985,-1.041320972));
#2868=CARTESIAN_POINT('',(24.602827205,-13.698392719,-1.049298783));
#2869=CARTESIAN_POINT('',(24.578654783,-13.653407373,-1.059574504));
#2870=CARTESIAN_POINT('',(24.523861924,-13.572371415,-1.091732925));
#2871=CARTESIAN_POINT('',(24.493249727,-13.536333003,-1.113610775));
#2872=CARTESIAN_POINT('',(24.428467207,-13.476600258,-1.166907437));
#2873=CARTESIAN_POINT('',(24.394306625,-13.452914918,-1.198318216));
#2874=CARTESIAN_POINT('',(24.359980002,-13.436523027,-1.233015687));
#2875=CARTESIAN_POINT('',(24.723830749,-13.88144287,-1.101496417));
#2876=CARTESIAN_POINT('',(24.71225605,-13.831938382,-1.090476979));
#2877=CARTESIAN_POINT('',(24.695025329,-13.782441676,-1.085371164));
#2878=CARTESIAN_POINT('',(24.650904178,-13.688212985,-1.087475247));
#2879=CARTESIAN_POINT('',(24.624020677,-13.643495813,-1.094684805));
#2880=CARTESIAN_POINT('',(24.563185842,-13.563146434,-1.120725662));
#2881=CARTESIAN_POINT('',(24.529244061,-13.527526858,-1.139552859));
#2882=CARTESIAN_POINT('',(24.457566699,-13.46881574,-1.187012827));
#2883=CARTESIAN_POINT('',(24.419842373,-13.445733429,-1.215638129));
#2884=CARTESIAN_POINT('',(24.38204127,-13.430031858,-1.247784785));
#2885=CARTESIAN_POINT('',(24.750130317,-13.875203034,-1.127692909));
#2886=CARTESIAN_POINT('',(24.73804329,-13.825793854,-1.115293209));
#2887=CARTESIAN_POINT('',(24.720009669,-13.776392642,-1.108668118));
#2888=CARTESIAN_POINT('',(24.673800478,-13.682406261,-1.107608641));
#2889=CARTESIAN_POINT('',(24.645632349,-13.637836247,-1.113174411));
#2890=CARTESIAN_POINT('',(24.581904266,-13.557873355,-1.135953782));
#2891=CARTESIAN_POINT('',(24.546354573,-13.522493372,-1.153163694));
#2892=CARTESIAN_POINT('',(24.471335871,-13.464374333,-1.197549475));
#2893=CARTESIAN_POINT('',(24.431878942,-13.441644651,-1.224718171));
#2894=CARTESIAN_POINT('',(24.392390153,-13.426349331,-1.255541743));
#2895=CARTESIAN_POINT('',(24.822689576,-13.854731916,-1.208162347));
#2896=CARTESIAN_POINT('',(24.809427628,-13.805605465,-1.19144459));
#2897=CARTESIAN_POINT('',(24.789335588,-13.756487645,-1.180072883));
#2898=CARTESIAN_POINT('',(24.737524584,-13.663249837,-1.169165629));
#2899=CARTESIAN_POINT('',(24.705814684,-13.619146233,-1.169631934));
#2900=CARTESIAN_POINT('',(24.633994493,-13.540442146,-1.18234755));
#2901=CARTESIAN_POINT('',(24.593896765,-13.505855497,-1.194594562));
#2902=CARTESIAN_POINT('',(24.509382995,-13.449721205,-1.229615956));
#2903=CARTESIAN_POINT('',(24.464981737,-13.428183436,-1.252384124));
#2904=CARTESIAN_POINT('',(24.420682378,-13.414268016,-1.279251404));
#2905=CARTESIAN_POINT('',(24.863512788,-13.838610534,-1.265005526));
#2906=CARTESIAN_POINT('',(24.849930609,-13.789669818,-1.245136816));
#2907=CARTESIAN_POINT('',(24.828904025,-13.740738325,-1.230310067));
#2908=CARTESIAN_POINT('',(24.774167923,-13.64803278,-1.212280917));
#2909=CARTESIAN_POINT('',(24.74046868,-13.604276201,-1.209081782));
#2910=CARTESIAN_POINT('',(24.663939105,-13.52655194,-1.214632824));
#2911=CARTESIAN_POINT('',(24.621123118,-13.492598917,-1.223381825));
#2912=CARTESIAN_POINT('',(24.530873606,-13.438079764,-1.251891642));
#2913=CARTESIAN_POINT('',(24.48345699,-13.417523936,-1.271646974));
#2914=CARTESIAN_POINT('',(24.436231693,-13.404753758,-1.29585867));
#2915=CARTESIAN_POINT('',(24.897675949,-13.819861832,-1.324177856));
#2916=CARTESIAN_POINT('',(24.884297815,-13.771107595,-1.301006248));
#2917=CARTESIAN_POINT('',(24.862813179,-13.722363379,-1.282521282));
#2918=CARTESIAN_POINT('',(24.805983782,-13.630233188,-1.256949005));
#2919=CARTESIAN_POINT('',(24.770650701,-13.586866149,-1.24986695));
#2920=CARTESIAN_POINT('',(24.690017261,-13.510277506,-1.247886595));
#2921=CARTESIAN_POINT('',(24.644733475,-13.477071642,-1.252988702));
#2922=CARTESIAN_POINT('',(24.549191003,-13.424473357,-1.274818731));
#2923=CARTESIAN_POINT('',(24.498951954,-13.405091746,-1.291542165));
#2924=CARTESIAN_POINT('',(24.448996045,-13.39368895,-1.31315829));
#2925=B_SPLINE_SURFACE_WITH_KNOTS('',3,3,((#2845,#2846,#2847,#2848,#2849,#2850,#2851,#2852,#2853,#2854),(#2855,#2856,#2857,#2858,#2859,#2860,#2861,#2862,#2863,#2864),(#2865,#2866,#2867,#2868,#2869,#2870,#2871,#2872,#2873,#2874),(#2875,#2876,#2877,#2878,#2879,#2880,#2881,#2882,#2883,#2884),(#2885,#2886,#2887,#2888,#2889,#2890,#2891,#2892,#2893,#2894),(#2895,#2896,#2897,#2898,#2899,#2900,#2901,#2902,#2903,#2904),(#2905,#2906,#2907,#2908,#2909,#2910,#2911,#2912,#2913,#2914),(#2915,#2916,#2917,#2918,#2919,#2920,#2921,#2922,#2923,#2924)),.UNSPECIFIED.,.F.,.F.,.U.,(4,2,2,4),(4,2,2,2,4),(0.000074997,0.00013266,0.000190323,0.000305649),(0.,0.25,0.5,0.75,1.),.UNSPECIFIED.);
#2926=ORIENTED_EDGE('',*,*,#2839,.T.);
#2927=ORIENTED_EDGE('',*,*,#1256,.F.);
#2928=CARTESIAN_POINT('',(24.320003571,-13.901308477,-1.41570199));
#2929=DIRECTION('',(-0.798187674,-0.21309437,0.563460048));
#2930=DIRECTION('',(-0.576706051,0.,-0.816951731));
#2931=AXIS2_PLACEMENT_3D('',#2928,#2929,#2930);
#2932=CIRCLE('',#2931,0.5);
#2933=EDGE_CURVE('',#864,#1241,#2932,.T.);
#2934=ORIENTED_EDGE('',*,*,#2933,.F.);
#2935=ORIENTED_EDGE('',*,*,#895,.F.);
#2936=EDGE_LOOP('',(#2926,#2927,#2934,#2935));
#2937=FACE_BOUND('',#2936,.T.);
#2938=ADVANCED_FACE('',(#2937),#2925,.T.);
#2939=CARTESIAN_POINT('',(24.335931551,-13.441755823,-1.219340952));
#2940=CARTESIAN_POINT('',(24.397327529,-13.475580171,-1.145160476));
#2941=CARTESIAN_POINT('',(24.457556753,-13.53891189,-1.083792166));
#2942=CARTESIAN_POINT('',(24.554298917,-13.702105836,-1.008467053));
#2943=CARTESIAN_POINT('',(24.590589151,-13.801592381,-0.994683654));
#2944=CARTESIAN_POINT('',(24.608356598,-13.901308477,-1.007226126));
#2945=CARTESIAN_POINT('',(24.321027103,-13.444672094,-1.211306883));
#2946=CARTESIAN_POINT('',(24.377974827,-13.47906373,-1.134315203));
#2947=CARTESIAN_POINT('',(24.433545593,-13.542828124,-1.069702011));
#2948=CARTESIAN_POINT('',(24.522380696,-13.70665007,-0.987992057));
#2949=CARTESIAN_POINT('',(24.555444375,-13.806336984,-0.971080401));
#2950=CARTESIAN_POINT('',(24.571338138,-13.906249938,-0.981093897));
#2951=CARTESIAN_POINT('',(24.304930107,-13.447040149,-1.20368484));
#2952=CARTESIAN_POINT('',(24.35719364,-13.481859317,-1.124027971));
#2953=CARTESIAN_POINT('',(24.407863178,-13.545962774,-1.056391782));
#2954=CARTESIAN_POINT('',(24.488288579,-13.71030311,-0.968835892));
#2955=CARTESIAN_POINT('',(24.517864938,-13.810172833,-0.949111898));
#2956=CARTESIAN_POINT('',(24.531632142,-13.910265912,-0.95689512));
#2957=CARTESIAN_POINT('',(24.271365305,-13.450576843,-1.189739031));
#2958=CARTESIAN_POINT('',(24.31398146,-13.486009134,-1.10532776));
#2959=CARTESIAN_POINT('',(24.354554229,-13.55060882,-1.032371834));
#2960=CARTESIAN_POINT('',(24.417541948,-13.715726802,-0.934690033));
#2961=CARTESIAN_POINT('',(24.439818848,-13.815882748,-0.910178614));
#2962=CARTESIAN_POINT('',(24.449016516,-13.916258703,-0.914251139));
#2963=CARTESIAN_POINT('',(24.253999922,-13.4517499,-1.183436511));
#2964=CARTESIAN_POINT('',(24.291679808,-13.487370157,-1.096944154));
#2965=CARTESIAN_POINT('',(24.327085202,-13.552128179,-1.021699392));
#2966=CARTESIAN_POINT('',(24.381095081,-13.717505984,-0.919749268));
#2967=CARTESIAN_POINT('',(24.399581726,-13.817764771,-0.893266469));
#2968=CARTESIAN_POINT('',(24.406351715,-13.918242886,-0.895859335));
#2969=CARTESIAN_POINT('',(24.218312139,-13.452972914,-1.172154299));
#2970=CARTESIAN_POINT('',(24.245837367,-13.488788544,-1.08214843));
#2971=CARTESIAN_POINT('',(24.270596114,-13.553711956,-1.003106538));
#2972=CARTESIAN_POINT('',(24.30603616,-13.719362271,-0.894237403));
#2973=CARTESIAN_POINT('',(24.316640578,-13.819729562,-0.864646526));
#2974=CARTESIAN_POINT('',(24.318299924,-13.920315216,-0.865007184));
#2975=CARTESIAN_POINT('',(24.199855192,-13.453012759,-1.167152643));
#2976=CARTESIAN_POINT('',(24.222121579,-13.488834456,-1.075711108));
#2977=CARTESIAN_POINT('',(24.241358324,-13.553763145,-0.995158123));
#2978=CARTESIAN_POINT('',(24.26713022,-13.719422403,-0.883634103));
#2979=CARTESIAN_POINT('',(24.273609382,-13.8197934,-0.852905126));
#2980=CARTESIAN_POINT('',(24.272562704,-13.92038273,-0.852512561));
#2981=CARTESIAN_POINT('',(24.163356873,-13.451952095,-1.158864554));
#2982=CARTESIAN_POINT('',(24.175103644,-13.487604889,-1.065292997));
#2983=CARTESIAN_POINT('',(24.183259556,-13.552390343,-0.982591195));
#2984=CARTESIAN_POINT('',(24.189565848,-13.717813149,-0.867538466));
#2985=CARTESIAN_POINT('',(24.187702424,-13.818089738,-0.835438443));
#2986=CARTESIAN_POINT('',(24.181143951,-13.918585494,-0.834317343));
#2987=CARTESIAN_POINT('',(24.145218389,-13.450862738,-1.155536751));
#2988=CARTESIAN_POINT('',(24.151677247,-13.486341825,-1.061255438));
#2989=CARTESIAN_POINT('',(24.154246105,-13.550980094,-0.9778988));
#2990=CARTESIAN_POINT('',(24.150705161,-13.716160107,-0.861940005));
#2991=CARTESIAN_POINT('',(24.144602934,-13.816339861,-0.829591966));
#2992=CARTESIAN_POINT('',(24.135223981,-13.916739639,-0.828484063));
#2993=CARTESIAN_POINT('',(24.127280813,-13.449193551,-1.153068744));
#2994=CARTESIAN_POINT('',(24.128413087,-13.484385572,-1.05839));
#2995=CARTESIAN_POINT('',(24.125326171,-13.548790507,-0.974757387));
#2996=CARTESIAN_POINT('',(24.111788699,-13.713603015,-0.858701909));
#2997=CARTESIAN_POINT('',(24.10136806,-13.813646367,-0.826535516));
#2998=CARTESIAN_POINT('',(24.089109539,-13.913911295,-0.825829989));
#2999=B_SPLINE_SURFACE_WITH_KNOTS('',3,3,((#2939,#2940,#2941,#2942,#2943,#2944),(#2945,#2946,#2947,#2948,#2949,#2950),(#2951,#2952,#2953,#2954,#2955,#2956),(#2957,#2958,#2959,#2960,#2961,#2962),(#2963,#2964,#2965,#2966,#2967,#2968),(#2969,#2970,#2971,#2972,#2973,#2974),(#2975,#2976,#2977,#2978,#2979,#2980),(#2981,#2982,#2983,#2984,#2985,#2986),(#2987,#2988,#2989,#2990,#2991,#2992),(#2993,#2994,#2995,#2996,#2997,#2998)),.UNSPECIFIED.,.F.,.F.,.U.,(4,2,2,2,4),(4,2,4),(0.002870064,0.002939503,0.003008942,0.003078382,0.003147821),(0.,0.5,1.),.UNSPECIFIED.);
#3000=ORIENTED_EDGE('',*,*,#2933,.T.);
#3001=ORIENTED_EDGE('',*,*,#1247,.F.);
#3002=CARTESIAN_POINT('',(24.060380042,-13.913911295,-1.325003922));
#3003=DIRECTION('',(-0.990944753,0.121555513,0.057032915));
#3004=DIRECTION('',(-0.057458994,0.,-0.998347867));
#3005=AXIS2_PLACEMENT_3D('',#3002,#3003,#3004);
#3006=CIRCLE('',#3005,0.5);
#3007=EDGE_CURVE('',#866,#1232,#3006,.T.);
#3008=ORIENTED_EDGE('',*,*,#3007,.F.);
#3009=ORIENTED_EDGE('',*,*,#875,.F.);
#3010=EDGE_LOOP('',(#3000,#3001,#3008,#3009));
#3011=FACE_BOUND('',#3010,.T.);
#3012=ADVANCED_FACE('',(#3011),#2999,.T.);
#3013=CARTESIAN_POINT('',(23.728375244,-13.869379632,-0.871270558));
#3014=CARTESIAN_POINT('',(23.745945266,-13.820050682,-0.865678546));
#3015=CARTESIAN_POINT('',(23.766056475,-13.770729884,-0.868080996));
#3016=CARTESIAN_POINT('',(23.809382926,-13.676956119,-0.888638443));
#3017=CARTESIAN_POINT('',(23.832591004,-13.632518658,-0.90679004));
#3018=CARTESIAN_POINT('',(23.879813924,-13.552913755,-0.957053413));
#3019=CARTESIAN_POINT('',(23.903820958,-13.517759476,-0.989156878));
#3020=CARTESIAN_POINT('',(23.950264659,-13.460205297,-1.064149419));
#3021=CARTESIAN_POINT('',(23.972693647,-13.437814913,-1.107026095));
#3022=CARTESIAN_POINT('',(23.993226628,-13.422912486,-1.153174356));
#3023=CARTESIAN_POINT('',(23.736110887,-13.870896249,-0.868811208));
#3024=CARTESIAN_POINT('',(23.753442023,-13.821546231,-0.863452344));
#3025=CARTESIAN_POINT('',(23.77324122,-13.772204316,-0.866082552));
#3026=CARTESIAN_POINT('',(23.815834405,-13.678374908,-0.887063117));
#3027=CARTESIAN_POINT('',(23.838621395,-13.63390283,-0.905410026));
#3028=CARTESIAN_POINT('',(23.884941914,-13.554204644,-0.956018011));
#3029=CARTESIAN_POINT('',(23.908467835,-13.518991627,-0.988270774));
#3030=CARTESIAN_POINT('',(23.95394431,-13.461290581,-1.06351124));
#3031=CARTESIAN_POINT('',(23.975887395,-13.43881203,-1.106486584));
#3032=CARTESIAN_POINT('',(23.995959586,-13.423807537,-1.152710051));
#3033=CARTESIAN_POINT('',(23.743912172,-13.872382267,-0.866433746));
#3034=CARTESIAN_POINT('',(23.76100099,-13.823011135,-0.861302205));
#3035=CARTESIAN_POINT('',(23.780485105,-13.773648057,-0.864154308));
#3036=CARTESIAN_POINT('',(23.822339394,-13.679763398,-0.885546939));
#3037=CARTESIAN_POINT('',(23.844702735,-13.635257144,-0.904083973));
#3038=CARTESIAN_POINT('',(23.890115856,-13.555467407,-0.95502738));
#3039=CARTESIAN_POINT('',(23.913158223,-13.520196951,-0.987425434));
#3040=CARTESIAN_POINT('',(23.957662256,-13.462352666,-1.062907205));
#3041=CARTESIAN_POINT('',(23.979116657,-13.43978828,-1.105978597));
#3042=CARTESIAN_POINT('',(23.998724901,-13.42468453,-1.152275308));
#3043=CARTESIAN_POINT('',(23.805033938,-13.883689441,-0.848615458));
#3044=CARTESIAN_POINT('',(23.820214628,-13.83415386,-0.845203651));
#3045=CARTESIAN_POINT('',(23.837227769,-13.784625983,-0.849733214));
#3046=CARTESIAN_POINT('',(23.873298736,-13.690315013,-0.874239693));
#3047=CARTESIAN_POINT('',(23.892350982,-13.645546599,-0.894212777));
#3048=CARTESIAN_POINT('',(23.930675532,-13.565059005,-0.947689061));
#3049=CARTESIAN_POINT('',(23.949941912,-13.529352355,-0.981183926));
#3050=CARTESIAN_POINT('',(23.986849769,-13.470423492,-1.058487004));
#3051=CARTESIAN_POINT('',(24.004485546,-13.447210456,-1.102283178));
#3052=CARTESIAN_POINT('',(24.020464499,-13.431357604,-1.149132458));
#3053=CARTESIAN_POINT('',(23.86073629,-13.891992133,-0.83724266));
#3054=CARTESIAN_POINT('',(23.874125872,-13.84231423,-0.835033882));
#3055=CARTESIAN_POINT('',(23.888876405,-13.792643816,-0.840727874));
#3056=CARTESIAN_POINT('',(23.919715578,-13.697986305,-0.86738534));
#3057=CARTESIAN_POINT('',(23.935799588,-13.653013479,-0.88834479));
#3058=CARTESIAN_POINT('',(23.967788099,-13.572006576,-0.943554533));
#3059=CARTESIAN_POINT('',(23.983687802,-13.535984713,-0.977796501));
#3060=CARTESIAN_POINT('',(24.013807509,-13.476289897,-1.056335923));
#3061=CARTESIAN_POINT('',(24.028022998,-13.452625946,-1.100621535));
#3062=CARTESIAN_POINT('',(24.040728011,-13.436257652,-1.147841838));
#3063=CARTESIAN_POINT('',(23.974055336,-13.905333648,-0.824210079));
#3064=CARTESIAN_POINT('',(23.983815139,-13.855399038,-0.823756496));
#3065=CARTESIAN_POINT('',(23.994018153,-13.805471601,-0.831117449));
#3066=CARTESIAN_POINT('',(24.014376746,-13.710213242,-0.860791964));
#3067=CARTESIAN_POINT('',(24.024529419,-13.664896006,-0.883101258));
#3068=CARTESIAN_POINT('',(24.043853047,-13.583044541,-0.940615766));
#3069=CARTESIAN_POINT('',(24.053021248,-13.546522072,-0.975812715));
#3070=CARTESIAN_POINT('',(24.069532744,-13.48563574,-1.055855317));
#3071=CARTESIAN_POINT('',(24.07687369,-13.461280626,-1.10068947));
#3072=CARTESIAN_POINT('',(24.082964882,-13.444131333,-1.148279025));
#3073=CARTESIAN_POINT('',(24.031309247,-13.910366222,-0.822503346));
#3074=CARTESIAN_POINT('',(24.039243147,-13.860318268,-0.822603939));
#3075=CARTESIAN_POINT('',(24.047176201,-13.810277393,-0.830469284));
#3076=CARTESIAN_POINT('',(24.06231931,-13.714766486,-0.86101318));
#3077=CARTESIAN_POINT('',(24.069527229,-13.669309962,-0.883687412));
#3078=CARTESIAN_POINT('',(24.082560838,-13.587134026,-0.941775744));
#3079=CARTESIAN_POINT('',(24.088384693,-13.550426236,-0.977181628));
#3080=CARTESIAN_POINT('',(24.098117767,-13.489113628,-1.057492873));
#3081=CARTESIAN_POINT('',(24.10202562,-13.464517482,-1.102386877));
#3082=CARTESIAN_POINT('',(24.10479768,-13.447101377,-1.149975321));
#3083=CARTESIAN_POINT('',(24.089109539,-13.913911295,-0.825829989));
#3084=CARTESIAN_POINT('',(24.0952388,-13.863778831,-0.826182753));
#3085=CARTESIAN_POINT('',(24.100924142,-13.813653383,-0.834233626));
#3086=CARTESIAN_POINT('',(24.110891973,-13.717957215,-0.865002292));
#3087=CARTESIAN_POINT('',(24.115173067,-13.672399888,-0.887715778));
#3088=CARTESIAN_POINT('',(24.121941803,-13.589993634,-0.945743517));
#3089=CARTESIAN_POINT('',(24.124428497,-13.55315624,-0.98104965));
#3090=CARTESIAN_POINT('',(24.127381277,-13.491549893,-1.061048175));
#3091=CARTESIAN_POINT('',(24.12784695,-13.466789562,-1.105729372));
#3092=CARTESIAN_POINT('',(24.127280813,-13.449193551,-1.153068744));
#3093=B_SPLINE_SURFACE_WITH_KNOTS('',3,3,((#3013,#3014,#3015,#3016,#3017,#3018,#3019,#3020,#3021,#3022),(#3023,#3024,#3025,#3026,#3027,#3028,#3029,#3030,#3031,#3032),(#3033,#3034,#3035,#3036,#3037,#3038,#3039,#3040,#3041,#3042),(#3043,#3044,#3045,#3046,#3047,#3048,#3049,#3050,#3051,#3052),(#3053,#3054,#3055,#3056,#3057,#3058,#3059,#3060,#3061,#3062),(#3063,#3064,#3065,#3066,#3067,#3068,#3069,#3070,#3071,#3072),(#3073,#3074,#3075,#3076,#3077,#3078,#3079,#3080,#3081,#3082),(#3083,#3084,#3085,#3086,#3087,#3088,#3089,#3090,#3091,#3092)),.UNSPECIFIED.,.F.,.F.,.U.,(4,2,2,4),(4,2,2,2,4),(0.002787592,0.002800431,0.00288734,0.002974249),(0.,0.25,0.5,0.75,1.),.UNSPECIFIED.);
#3094=ORIENTED_EDGE('',*,*,#3007,.T.);
#3095=ORIENTED_EDGE('',*,*,#1238,.F.);
#3096=ORIENTED_EDGE('',*,*,#122,.F.);
#3097=ORIENTED_EDGE('',*,*,#882,.F.);
#3098=EDGE_LOOP('',(#3094,#3095,#3096,#3097));
#3099=FACE_BOUND('',#3098,.T.);
#3100=ADVANCED_FACE('',(#3099),#3093,.T.);
#3101=CARTESIAN_POINT('',(29.598191422,-14.9,-11.808232251));
#3102=DIRECTION('',(0.866025404,-0.,0.5));
#3103=DIRECTION('',(-0.5,-0.,0.866025404));
#3104=AXIS2_PLACEMENT_3D('',#3101,#3102,#3103);
#3105=CYLINDRICAL_SURFACE('',#3104,2.601146923);
#3106=ORIENTED_EDGE('',*,*,#259,.T.);
#3107=CARTESIAN_POINT('',(30.596027485,-16.568309948,-13.536535009));
#3108=VERTEX_POINT('',#3107);
#3109=CARTESIAN_POINT('',(30.596027485,-16.568309948,-13.536535009));
#3110=DIRECTION('',(0.866025404,-0.,0.5));
#3111=VECTOR('',#3110,0.48);
#3112=LINE('',#3109,#3111);
#3113=EDGE_CURVE('',#3108,#253,#3112,.T.);
#3114=ORIENTED_EDGE('',*,*,#3113,.F.);
#3115=CARTESIAN_POINT('',(30.898764884,-14.9,-14.060891565));
#3116=VERTEX_POINT('',#3115);
#3117=CARTESIAN_POINT('',(29.598191422,-14.9,-11.808232251));
#3118=DIRECTION('',(-0.866025404,0.,-0.5));
#3119=DIRECTION('',(0.5,0.,-0.866025404));
#3120=AXIS2_PLACEMENT_3D('',#3117,#3118,#3119);
#3121=CIRCLE('',#3120,2.601146923);
#3122=EDGE_CURVE('',#3116,#3108,#3121,.T.);
#3123=ORIENTED_EDGE('',*,*,#3122,.F.);
#3124=CARTESIAN_POINT('',(30.898764884,-14.9,-14.060891565));
#3125=DIRECTION('',(0.866025404,-0.,0.5));
#3126=VECTOR('',#3125,0.48);
#3127=LINE('',#3124,#3126);
#3128=EDGE_CURVE('',#3116,#251,#3127,.T.);
#3129=ORIENTED_EDGE('',*,*,#3128,.T.);
#3130=EDGE_LOOP('',(#3106,#3114,#3123,#3129));
#3131=FACE_BOUND('',#3130,.T.);
#3132=ADVANCED_FACE('',(#3131),#3105,.T.);
#3133=CARTESIAN_POINT('',(30.461762627,-16.343828786,-13.303981454));
#3134=DIRECTION('',(0.866025404,-0.,0.5));
#3135=DIRECTION('',(-0.5,-0.,0.866025404));
#3136=AXIS2_PLACEMENT_3D('',#3133,#3134,#3135);
#3137=CYLINDRICAL_SURFACE('',#3136,0.35);
#3138=ORIENTED_EDGE('',*,*,#342,.T.);
#3139=CARTESIAN_POINT('',(30.286762627,-16.343828786,-13.000872563));
#3140=VERTEX_POINT('',#3139);
#3141=CARTESIAN_POINT('',(30.286762627,-16.343828786,-13.000872563));
#3142=DIRECTION('',(0.866025404,-0.,0.5));
#3143=VECTOR('',#3142,0.48);
#3144=LINE('',#3141,#3143);
#3145=EDGE_CURVE('',#3140,#330,#3144,.T.);
#3146=ORIENTED_EDGE('',*,*,#3145,.F.);
#3147=CARTESIAN_POINT('',(30.461762627,-16.343828786,-13.303981454));
#3148=DIRECTION('',(-0.866025404,0.,-0.5));
#3149=DIRECTION('',(0.5,0.,-0.866025404));
#3150=AXIS2_PLACEMENT_3D('',#3147,#3148,#3149);
#3151=CIRCLE('',#3150,0.35);
#3152=EDGE_CURVE('',#3108,#3140,#3151,.T.);
#3153=ORIENTED_EDGE('',*,*,#3152,.F.);
#3154=ORIENTED_EDGE('',*,*,#3113,.T.);
#3155=EDGE_LOOP('',(#3138,#3146,#3153,#3154));
#3156=FACE_BOUND('',#3155,.T.);
#3157=ADVANCED_FACE('',(#3156),#3137,.T.);
#3158=CARTESIAN_POINT('',(30.286762627,-1.275914393,-13.000872563));
#3159=DIRECTION('',(0.5,0.,-0.866025404));
#3160=DIRECTION('',(0.866025404,-0.,0.5));
#3161=AXIS2_PLACEMENT_3D('',#3158,#3159,#3160);
#3162=PLANE('',#3161);
#3163=ORIENTED_EDGE('',*,*,#335,.T.);
#3164=CARTESIAN_POINT('',(30.286762627,13.792,-13.000872563));
#3165=VERTEX_POINT('',#3164);
#3166=CARTESIAN_POINT('',(30.286762627,13.792,-13.000872563));
#3167=DIRECTION('',(0.866025404,-0.,0.5));
#3168=VECTOR('',#3167,0.48);
#3169=LINE('',#3166,#3168);
#3170=EDGE_CURVE('',#3165,#321,#3169,.T.);
#3171=ORIENTED_EDGE('',*,*,#3170,.F.);
#3172=CARTESIAN_POINT('',(30.286762627,-16.343828786,-13.000872563));
#3173=DIRECTION('',(-0.,1.,0.));
#3174=VECTOR('',#3173,30.135828786);
#3175=LINE('',#3172,#3174);
#3176=EDGE_CURVE('',#3140,#3165,#3175,.T.);
#3177=ORIENTED_EDGE('',*,*,#3176,.F.);
#3178=ORIENTED_EDGE('',*,*,#3145,.T.);
#3179=EDGE_LOOP('',(#3163,#3171,#3177,#3178));
#3180=FACE_BOUND('',#3179,.T.);
#3181=ADVANCED_FACE('',(#3180),#3162,.F.);
#3182=CARTESIAN_POINT('',(30.061762627,13.792,-12.611161131));
#3183=DIRECTION('',(0.866025404,-0.,0.5));
#3184=DIRECTION('',(-0.5,-0.,0.866025404));
#3185=AXIS2_PLACEMENT_3D('',#3182,#3183,#3184);
#3186=CYLINDRICAL_SURFACE('',#3185,0.45);
#3187=ORIENTED_EDGE('',*,*,#327,.F.);
#3188=CARTESIAN_POINT('',(30.061762627,14.242,-12.611161131));
#3189=VERTEX_POINT('',#3188);
#3190=CARTESIAN_POINT('',(30.061762627,14.242,-12.611161131));
#3191=DIRECTION('',(0.866025404,-0.,0.5));
#3192=VECTOR('',#3191,0.48);
#3193=LINE('',#3190,#3192);
#3194=EDGE_CURVE('',#3189,#313,#3193,.T.);
#3195=ORIENTED_EDGE('',*,*,#3194,.F.);
#3196=CARTESIAN_POINT('',(30.061762627,13.792,-12.611161131));
#3197=DIRECTION('',(-0.866025404,0.,-0.5));
#3198=DIRECTION('',(0.5,0.,-0.866025404));
#3199=AXIS2_PLACEMENT_3D('',#3196,#3197,#3198);
#3200=CIRCLE('',#3199,0.45);
#3201=EDGE_CURVE('',#3189,#3165,#3200,.T.);
#3202=ORIENTED_EDGE('',*,*,#3201,.T.);
#3203=ORIENTED_EDGE('',*,*,#3170,.T.);
#3204=EDGE_LOOP('',(#3187,#3195,#3202,#3203));
#3205=FACE_BOUND('',#3204,.T.);
#3206=ADVANCED_FACE('',(#3205),#3186,.F.);
#3207=CARTESIAN_POINT('',(27.034761499,14.242,-7.368241384));
#3208=DIRECTION('',(-0.,1.,0.));
#3209=DIRECTION('',(-0.866025404,0.,-0.5));
#3210=AXIS2_PLACEMENT_3D('',#3207,#3208,#3209);
#3211=PLANE('',#3210);
#3212=ORIENTED_EDGE('',*,*,#318,.T.);
#3213=CARTESIAN_POINT('',(24.007760371,14.242,-2.125321636));
#3214=VERTEX_POINT('',#3213);
#3215=CARTESIAN_POINT('',(24.007760371,14.242,-2.125321636));
#3216=DIRECTION('',(0.866025404,-0.,0.5));
#3217=VECTOR('',#3216,0.48);
#3218=LINE('',#3215,#3217);
#3219=EDGE_CURVE('',#3214,#304,#3218,.T.);
#3220=ORIENTED_EDGE('',*,*,#3219,.F.);
#3221=CARTESIAN_POINT('',(30.061762627,14.242,-12.611161131));
#3222=DIRECTION('',(-0.5,-0.,0.866025404));
#3223=VECTOR('',#3222,12.108004511);
#3224=LINE('',#3221,#3223);
#3225=EDGE_CURVE('',#3189,#3214,#3224,.T.);
#3226=ORIENTED_EDGE('',*,*,#3225,.F.);
#3227=ORIENTED_EDGE('',*,*,#3194,.T.);
#3228=EDGE_LOOP('',(#3212,#3220,#3226,#3227));
#3229=FACE_BOUND('',#3228,.T.);
#3230=ADVANCED_FACE('',(#3229),#3211,.F.);
#3231=CARTESIAN_POINT('',(24.007760371,14.592,-2.125321636));
#3232=DIRECTION('',(0.866025404,-0.,0.5));
#3233=DIRECTION('',(-0.5,-0.,0.866025404));
#3234=AXIS2_PLACEMENT_3D('',#3231,#3232,#3233);
#3235=CYLINDRICAL_SURFACE('',#3234,0.35);
#3236=ORIENTED_EDGE('',*,*,#310,.T.);
#3237=CARTESIAN_POINT('',(23.832760371,14.592,-1.822212745));
#3238=VERTEX_POINT('',#3237);
#3239=CARTESIAN_POINT('',(23.832760371,14.592,-1.822212745));
#3240=DIRECTION('',(0.866025404,-0.,0.5));
#3241=VECTOR('',#3240,0.48);
#3242=LINE('',#3239,#3241);
#3243=EDGE_CURVE('',#3238,#296,#3242,.T.);
#3244=ORIENTED_EDGE('',*,*,#3243,.F.);
#3245=CARTESIAN_POINT('',(24.007760371,14.592,-2.125321636));
#3246=DIRECTION('',(-0.866025404,0.,-0.5));
#3247=DIRECTION('',(0.5,0.,-0.866025404));
#3248=AXIS2_PLACEMENT_3D('',#3245,#3246,#3247);
#3249=CIRCLE('',#3248,0.35);
#3250=EDGE_CURVE('',#3214,#3238,#3249,.T.);
#3251=ORIENTED_EDGE('',*,*,#3250,.F.);
#3252=ORIENTED_EDGE('',*,*,#3219,.T.);
#3253=EDGE_LOOP('',(#3236,#3244,#3251,#3252));
#3254=FACE_BOUND('',#3253,.T.);
#3255=ADVANCED_FACE('',(#3254),#3235,.T.);
#3256=CARTESIAN_POINT('',(23.832760371,14.746,-1.822212745));
#3257=DIRECTION('',(0.5,0.,-0.866025404));
#3258=DIRECTION('',(0.866025404,-0.,0.5));
#3259=AXIS2_PLACEMENT_3D('',#3256,#3257,#3258);
#3260=PLANE('',#3259);
#3261=ORIENTED_EDGE('',*,*,#301,.T.);
#3262=CARTESIAN_POINT('',(23.832760371,14.9,-1.822212745));
#3263=VERTEX_POINT('',#3262);
#3264=CARTESIAN_POINT('',(23.832760371,14.9,-1.822212745));
#3265=DIRECTION('',(0.866025404,-0.,0.5));
#3266=VECTOR('',#3265,0.48);
#3267=LINE('',#3264,#3266);
#3268=EDGE_CURVE('',#3263,#287,#3267,.T.);
#3269=ORIENTED_EDGE('',*,*,#3268,.F.);
#3270=CARTESIAN_POINT('',(23.832760371,14.592,-1.822212745));
#3271=DIRECTION('',(-0.,1.,0.));
#3272=VECTOR('',#3271,0.308);
#3273=LINE('',#3270,#3272);
#3274=EDGE_CURVE('',#3238,#3263,#3273,.T.);
#3275=ORIENTED_EDGE('',*,*,#3274,.F.);
#3276=ORIENTED_EDGE('',*,*,#3243,.T.);
#3277=EDGE_LOOP('',(#3261,#3269,#3275,#3276));
#3278=FACE_BOUND('',#3277,.T.);
#3279=ADVANCED_FACE('',(#3278),#3260,.F.);
#3280=CARTESIAN_POINT('',(25.133333832,14.9,-4.074872059));
#3281=DIRECTION('',(0.866025404,-0.,0.5));
#3282=DIRECTION('',(-0.5,-0.,0.866025404));
#3283=AXIS2_PLACEMENT_3D('',#3280,#3281,#3282);
#3284=CYLINDRICAL_SURFACE('',#3283,2.601146923);
#3285=ORIENTED_EDGE('',*,*,#293,.T.);
#3286=CARTESIAN_POINT('',(25.133333832,17.501146923,-4.074872059));
#3287=VERTEX_POINT('',#3286);
#3288=CARTESIAN_POINT('',(25.133333832,17.501146923,-4.074872059));
#3289=DIRECTION('',(0.866025404,-0.,0.5));
#3290=VECTOR('',#3289,0.48);
#3291=LINE('',#3288,#3290);
#3292=EDGE_CURVE('',#3287,#279,#3291,.T.);
#3293=ORIENTED_EDGE('',*,*,#3292,.F.);
#3294=CARTESIAN_POINT('',(25.133333832,14.9,-4.074872059));
#3295=DIRECTION('',(-0.866025404,0.,-0.5));
#3296=DIRECTION('',(0.5,0.,-0.866025404));
#3297=AXIS2_PLACEMENT_3D('',#3294,#3295,#3296);
#3298=CIRCLE('',#3297,2.601146923);
#3299=EDGE_CURVE('',#3263,#3287,#3298,.T.);
#3300=ORIENTED_EDGE('',*,*,#3299,.F.);
#3301=ORIENTED_EDGE('',*,*,#3268,.T.);
#3302=EDGE_LOOP('',(#3285,#3293,#3300,#3301));
#3303=FACE_BOUND('',#3302,.T.);
#3304=ADVANCED_FACE('',(#3303),#3284,.T.);
#3305=CARTESIAN_POINT('',(27.365762627,17.501146923,-7.941552154));
#3306=DIRECTION('',(-0.,-1.,0.));
#3307=DIRECTION('',(0.5,-0.,-0.866025404));
#3308=AXIS2_PLACEMENT_3D('',#3305,#3306,#3307);
#3309=PLANE('',#3308);
#3310=ORIENTED_EDGE('',*,*,#284,.T.);
#3311=CARTESIAN_POINT('',(29.598191421,17.501146923,-11.808232249));
#3312=VERTEX_POINT('',#3311);
#3313=CARTESIAN_POINT('',(29.598191421,17.501146923,-11.808232249));
#3314=DIRECTION('',(0.866025404,-0.,0.5));
#3315=VECTOR('',#3314,0.48);
#3316=LINE('',#3313,#3315);
#3317=EDGE_CURVE('',#3312,#270,#3316,.T.);
#3318=ORIENTED_EDGE('',*,*,#3317,.F.);
#3319=CARTESIAN_POINT('',(25.133333832,17.501146923,-4.074872059));
#3320=DIRECTION('',(0.5,-0.,-0.866025404));
#3321=VECTOR('',#3320,8.929715175);
#3322=LINE('',#3319,#3321);
#3323=EDGE_CURVE('',#3287,#3312,#3322,.T.);
#3324=ORIENTED_EDGE('',*,*,#3323,.F.);
#3325=ORIENTED_EDGE('',*,*,#3292,.T.);
#3326=EDGE_LOOP('',(#3310,#3318,#3324,#3325));
#3327=FACE_BOUND('',#3326,.T.);
#3328=ADVANCED_FACE('',(#3327),#3309,.F.);
#3329=CARTESIAN_POINT('',(29.598191421,14.9,-11.808232249));
#3330=DIRECTION('',(0.866025404,-0.,0.5));
#3331=DIRECTION('',(-0.5,-0.,0.866025404));
#3332=AXIS2_PLACEMENT_3D('',#3329,#3330,#3331);
#3333=CYLINDRICAL_SURFACE('',#3332,2.601146923);
#3334=ORIENTED_EDGE('',*,*,#276,.T.);
#3335=CARTESIAN_POINT('',(30.898764883,14.9,-14.060891563));
#3336=VERTEX_POINT('',#3335);
#3337=CARTESIAN_POINT('',(30.898764883,14.9,-14.060891563));
#3338=DIRECTION('',(0.866025404,-0.,0.5));
#3339=VECTOR('',#3338,0.48);
#3340=LINE('',#3337,#3339);
#3341=EDGE_CURVE('',#3336,#262,#3340,.T.);
#3342=ORIENTED_EDGE('',*,*,#3341,.F.);
#3343=CARTESIAN_POINT('',(29.598191421,14.9,-11.808232249));
#3344=DIRECTION('',(-0.866025404,0.,-0.5));
#3345=DIRECTION('',(0.5,0.,-0.866025404));
#3346=AXIS2_PLACEMENT_3D('',#3343,#3344,#3345);
#3347=CIRCLE('',#3346,2.601146923);
#3348=EDGE_CURVE('',#3312,#3336,#3347,.T.);
#3349=ORIENTED_EDGE('',*,*,#3348,.F.);
#3350=ORIENTED_EDGE('',*,*,#3317,.T.);
#3351=EDGE_LOOP('',(#3334,#3342,#3349,#3350));
#3352=FACE_BOUND('',#3351,.T.);
#3353=ADVANCED_FACE('',(#3352),#3333,.T.);
#3354=CARTESIAN_POINT('',(30.898764883,0.,-14.060891564));
#3355=DIRECTION('',(-0.5,-0.,0.866025404));
#3356=DIRECTION('',(-0.866025404,0.,-0.5));
#3357=AXIS2_PLACEMENT_3D('',#3354,#3355,#3356);
#3358=PLANE('',#3357);
#3359=ORIENTED_EDGE('',*,*,#267,.T.);
#3360=ORIENTED_EDGE('',*,*,#3128,.F.);
#3361=CARTESIAN_POINT('',(30.898764883,14.9,-14.060891563));
#3362=DIRECTION('',(0.,-1.,-0.));
#3363=VECTOR('',#3362,29.8);
#3364=LINE('',#3361,#3363);
#3365=EDGE_CURVE('',#3336,#3116,#3364,.T.);
#3366=ORIENTED_EDGE('',*,*,#3365,.F.);
#3367=ORIENTED_EDGE('',*,*,#3341,.T.);
#3368=EDGE_LOOP('',(#3359,#3360,#3366,#3367));
#3369=FACE_BOUND('',#3368,.T.);
#3370=ADVANCED_FACE('',(#3369),#3358,.F.);
#3371=CARTESIAN_POINT('',(40.411762629,0.,-30.537886988));
#3372=DIRECTION('',(-0.866025404,0.,-0.5));
#3373=DIRECTION('',(0.5,0.,-0.866025404));
#3374=AXIS2_PLACEMENT_3D('',#3371,#3372,#3373);
#3375=PLANE('',#3374);
#3376=ORIENTED_EDGE('',*,*,#3122,.T.);
#3377=ORIENTED_EDGE('',*,*,#3152,.T.);
#3378=ORIENTED_EDGE('',*,*,#3176,.T.);
#3379=ORIENTED_EDGE('',*,*,#3201,.F.);
#3380=ORIENTED_EDGE('',*,*,#3225,.T.);
#3381=ORIENTED_EDGE('',*,*,#3250,.T.);
#3382=ORIENTED_EDGE('',*,*,#3274,.T.);
#3383=ORIENTED_EDGE('',*,*,#3299,.T.);
#3384=ORIENTED_EDGE('',*,*,#3323,.T.);
#3385=ORIENTED_EDGE('',*,*,#3348,.T.);
#3386=ORIENTED_EDGE('',*,*,#3365,.T.);
#3387=EDGE_LOOP('',(#3376,#3377,#3378,#3379,#3380,#3381,#3382,#3383,#3384,#3385,#3386));
#3388=FACE_BOUND('',#3387,.T.);
#3389=ADVANCED_FACE('',(#3388),#3375,.T.);
#3390=CARTESIAN_POINT('',(27.8144895,-8.492,-7.576247123));
#3391=DIRECTION('',(0.866025404,0.,0.5));
#3392=DIRECTION('',(0.5,0.,-0.866025404));
#3393=AXIS2_PLACEMENT_3D('',#3390,#3391,#3392);
#3394=TOROIDAL_SURFACE('',#3393,3.3,0.6);
#3395=CARTESIAN_POINT('',(27.8144895,-11.792,-7.576247123));
#3396=DIRECTION('',(0.5,0.,-0.866025404));
#3397=DIRECTION('',(-0.866025404,0.,-0.5));
#3398=AXIS2_PLACEMENT_3D('',#3395,#3396,#3397);
#3399=CIRCLE('',#3398,0.6);
#3400=EDGE_CURVE('',#1047,#389,#3399,.T.);
#3401=ORIENTED_EDGE('',*,*,#3400,.F.);
#3402=ORIENTED_EDGE('',*,*,#1143,.F.);
#3403=CARTESIAN_POINT('',(26.1644895,-8.492,-4.718363291));
#3404=DIRECTION('',(-0.,1.,0.));
#3405=DIRECTION('',(0.866025404,0.,0.5));
#3406=AXIS2_PLACEMENT_3D('',#3403,#3404,#3405);
#3407=CIRCLE('',#3406,0.6);
#3408=EDGE_CURVE('',#397,#993,#3407,.T.);
#3409=ORIENTED_EDGE('',*,*,#3408,.F.);
#3410=ORIENTED_EDGE('',*,*,#403,.F.);
#3411=EDGE_LOOP('',(#3401,#3402,#3409,#3410));
#3412=FACE_BOUND('',#3411,.T.);
#3413=ADVANCED_FACE('',(#3412),#3394,.T.);
#3414=CARTESIAN_POINT('',(26.1644895,-0.,-4.718363291));
#3415=DIRECTION('',(0.,-1.,-0.));
#3416=DIRECTION('',(0.5,0.,-0.866025404));
#3417=AXIS2_PLACEMENT_3D('',#3414,#3415,#3416);
#3418=CYLINDRICAL_SURFACE('',#3417,0.6);
#3419=ORIENTED_EDGE('',*,*,#3408,.T.);
#3420=ORIENTED_EDGE('',*,*,#998,.F.);
#3421=CARTESIAN_POINT('',(26.1644895,8.492,-4.718363291));
#3422=DIRECTION('',(-0.,1.,0.));
#3423=DIRECTION('',(0.866025404,0.,0.5));
#3424=AXIS2_PLACEMENT_3D('',#3421,#3422,#3423);
#3425=CIRCLE('',#3424,0.6);
#3426=EDGE_CURVE('',#406,#985,#3425,.T.);
#3427=ORIENTED_EDGE('',*,*,#3426,.F.);
#3428=ORIENTED_EDGE('',*,*,#411,.F.);
#3429=EDGE_LOOP('',(#3419,#3420,#3427,#3428));
#3430=FACE_BOUND('',#3429,.T.);
#3431=ADVANCED_FACE('',(#3430),#3418,.T.);
#3432=CARTESIAN_POINT('',(10.72270279,-11.792,22.027595852));
#3433=DIRECTION('',(0.5,0.,-0.866025404));
#3434=DIRECTION('',(-0.,1.,0.));
#3435=AXIS2_PLACEMENT_3D('',#3432,#3433,#3434);
#3436=CYLINDRICAL_SURFACE('',#3435,0.6);
#3437=ORIENTED_EDGE('',*,*,#3400,.T.);
#3438=ORIENTED_EDGE('',*,*,#394,.F.);
#3439=CARTESIAN_POINT('',(27.9064895,-11.792,-7.735595798));
#3440=DIRECTION('',(0.5,0.,-0.866025404));
#3441=DIRECTION('',(-0.866025404,0.,-0.5));
#3442=AXIS2_PLACEMENT_3D('',#3439,#3440,#3441);
#3443=CIRCLE('',#3442,0.6);
#3444=EDGE_CURVE('',#1055,#380,#3443,.T.);
#3445=ORIENTED_EDGE('',*,*,#3444,.F.);
#3446=ORIENTED_EDGE('',*,*,#1060,.F.);
#3447=EDGE_LOOP('',(#3437,#3438,#3445,#3446));
#3448=FACE_BOUND('',#3447,.T.);
#3449=ADVANCED_FACE('',(#3448),#3436,.T.);
#3450=CARTESIAN_POINT('',(27.8144895,8.492,-7.576247123));
#3451=DIRECTION('',(0.866025404,0.,0.5));
#3452=DIRECTION('',(0.5,0.,-0.866025404));
#3453=AXIS2_PLACEMENT_3D('',#3450,#3451,#3452);
#3454=TOROIDAL_SURFACE('',#3453,3.3,0.6);
#3455=ORIENTED_EDGE('',*,*,#3426,.T.);
#3456=ORIENTED_EDGE('',*,*,#1185,.F.);
#3457=CARTESIAN_POINT('',(27.8144895,11.792,-7.576247123));
#3458=DIRECTION('',(0.5,0.,-0.866025404));
#3459=DIRECTION('',(-0.866025404,0.,-0.5));
#3460=AXIS2_PLACEMENT_3D('',#3457,#3458,#3459);
#3461=CIRCLE('',#3460,0.6);
#3462=EDGE_CURVE('',#353,#962,#3461,.T.);
#3463=ORIENTED_EDGE('',*,*,#3462,.F.);
#3464=ORIENTED_EDGE('',*,*,#418,.F.);
#3465=EDGE_LOOP('',(#3455,#3456,#3463,#3464));
#3466=FACE_BOUND('',#3465,.T.);
#3467=ADVANCED_FACE('',(#3466),#3454,.T.);
#3468=CARTESIAN_POINT('',(27.9064895,-8.492,-7.735595798));
#3469=DIRECTION('',(0.866025404,0.,0.5));
#3470=DIRECTION('',(0.5,0.,-0.866025404));
#3471=AXIS2_PLACEMENT_3D('',#3468,#3469,#3470);
#3472=TOROIDAL_SURFACE('',#3471,3.3,0.6);
#3473=ORIENTED_EDGE('',*,*,#3444,.T.);
#3474=ORIENTED_EDGE('',*,*,#386,.F.);
#3475=CARTESIAN_POINT('',(29.5564895,-8.492,-10.59347963));
#3476=DIRECTION('',(-0.,1.,0.));
#3477=DIRECTION('',(0.866025404,0.,0.5));
#3478=AXIS2_PLACEMENT_3D('',#3475,#3476,#3477);
#3479=CIRCLE('',#3478,0.6);
#3480=EDGE_CURVE('',#1016,#372,#3479,.T.);
#3481=ORIENTED_EDGE('',*,*,#3480,.F.);
#3482=ORIENTED_EDGE('',*,*,#1107,.F.);
#3483=EDGE_LOOP('',(#3473,#3474,#3481,#3482));
#3484=FACE_BOUND('',#3483,.T.);
#3485=ADVANCED_FACE('',(#3484),#3472,.T.);
#3486=CARTESIAN_POINT('',(27.8604895,11.792,-7.65592146));
#3487=DIRECTION('',(-0.5,-0.,0.866025404));
#3488=DIRECTION('',(0.,-1.,-0.));
#3489=AXIS2_PLACEMENT_3D('',#3486,#3487,#3488);
#3490=CYLINDRICAL_SURFACE('',#3489,0.6);
#3491=ORIENTED_EDGE('',*,*,#3462,.T.);
#3492=ORIENTED_EDGE('',*,*,#967,.F.);
#3493=CARTESIAN_POINT('',(27.9064895,11.792,-7.735595798));
#3494=DIRECTION('',(0.5,0.,-0.866025404));
#3495=DIRECTION('',(-0.866025404,0.,-0.5));
#3496=AXIS2_PLACEMENT_3D('',#3493,#3494,#3495);
#3497=CIRCLE('',#3496,0.6);
#3498=EDGE_CURVE('',#355,#954,#3497,.T.);
#3499=ORIENTED_EDGE('',*,*,#3498,.F.);
#3500=ORIENTED_EDGE('',*,*,#360,.F.);
#3501=EDGE_LOOP('',(#3491,#3492,#3499,#3500));
#3502=FACE_BOUND('',#3501,.T.);
#3503=ADVANCED_FACE('',(#3502),#3490,.T.);
#3504=CARTESIAN_POINT('',(29.5564895,0.,-10.59347963));
#3505=DIRECTION('',(-0.,1.,0.));
#3506=DIRECTION('',(-0.5,-0.,0.866025404));
#3507=AXIS2_PLACEMENT_3D('',#3504,#3505,#3506);
#3508=CYLINDRICAL_SURFACE('',#3507,0.6);
#3509=ORIENTED_EDGE('',*,*,#3480,.T.);
#3510=ORIENTED_EDGE('',*,*,#377,.F.);
#3511=CARTESIAN_POINT('',(29.5564895,8.492,-10.59347963));
#3512=DIRECTION('',(-0.,1.,0.));
#3513=DIRECTION('',(0.866025404,0.,0.5));
#3514=AXIS2_PLACEMENT_3D('',#3511,#3512,#3513);
#3515=CIRCLE('',#3514,0.6);
#3516=EDGE_CURVE('',#1024,#363,#3515,.T.);
#3517=ORIENTED_EDGE('',*,*,#3516,.F.);
#3518=ORIENTED_EDGE('',*,*,#1029,.F.);
#3519=EDGE_LOOP('',(#3509,#3510,#3517,#3518));
#3520=FACE_BOUND('',#3519,.T.);
#3521=ADVANCED_FACE('',(#3520),#3508,.T.);
#3522=CARTESIAN_POINT('',(27.9064895,8.492,-7.735595798));
#3523=DIRECTION('',(0.866025404,0.,0.5));
#3524=DIRECTION('',(0.5,0.,-0.866025404));
#3525=AXIS2_PLACEMENT_3D('',#3522,#3523,#3524);
#3526=TOROIDAL_SURFACE('',#3525,3.3,0.6);
#3527=ORIENTED_EDGE('',*,*,#3498,.T.);
#3528=ORIENTED_EDGE('',*,*,#1125,.F.);
#3529=ORIENTED_EDGE('',*,*,#3516,.T.);
#3530=ORIENTED_EDGE('',*,*,#369,.F.);
#3531=EDGE_LOOP('',(#3527,#3528,#3529,#3530));
#3532=FACE_BOUND('',#3531,.T.);
#3533=ADVANCED_FACE('',(#3532),#3526,.T.);
#3534=CLOSED_SHELL('',(#346,#492,#546,#779,#803,#821,#839,#857,#899,#917,#935,#947,#978,#1009,#1040,#1071,#1113,#1131,#1149,#1191,#1224,#1277,#1330,#1347,#1364,#1381,
#1398,#1416,#1434,#1452,#1470,#1616,#1649,#1675,#1701,#1726,#1751,#1777,#1803,#1820,#1854,#1879,#1904,#1930,#1956,#1981,#2006,#2024,#2048,#2066,#2084,
#2102,#2120,#2138,#2156,#2168,#2192,#2210,#2228,#2246,#2264,#2282,#2300,#2312,#2406,#2444,#2518,#2672,#2690,#2844,#2938,#3012,#3100,#3132,#3157,#3181,
#3206,#3230,#3255,#3279,#3304,#3328,#3353,#3370,#3389,#3413,#3431,#3449,#3467,#3485,#3503,#3521,#3533));
#3535=MANIFOLD_SOLID_BREP('top plate (OLED)',#3534);
#3536=DRAUGHTING_PRE_DEFINED_COLOUR('white');
#3537=FILL_AREA_STYLE_COLOUR('',#3536);
#3538=FILL_AREA_STYLE('',(#3537));
#3539=SURFACE_STYLE_FILL_AREA(#3538);
#3540=SURFACE_SIDE_STYLE('',(#3539));
#3541=SURFACE_STYLE_USAGE(.BOTH.,#3540);
#3542=PRESENTATION_STYLE_ASSIGNMENT((#3541));
#26=STYLED_ITEM('',(#3542),#3535);
#16=SHAPE_REPRESENTATION('top plate (OLED)',(#15),#10);
#17=ADVANCED_BREP_SHAPE_REPRESENTATION('top plate (OLED)',(#3535),#10);
#3550=SHAPE_REPRESENTATION_RELATIONSHIP('','',#16,#17);
#3551=CARTESIAN_POINT('',(0.,0.,0.));
#3552=DIRECTION('',(0.,0.,1.));
#3553=DIRECTION('',(1.,0.,0.));
#3554=AXIS2_PLACEMENT_3D('',#3551,#3552,#3553);
#3556=MAPPED_ITEM('',#3555,#3554);
#3555=REPRESENTATION_MAP(#3554,#16);
#3557=APPLICATION_CONTEXT('Managed model based 3d engineering');
#3558=APPLICATION_PROTOCOL_DEFINITION('international standard','ap242_managed_model_based_3d_engineering',2014,#3557);
#3559=PRODUCT_CONTEXT('',#3557,'mechanical');
#3560=PRODUCT_DEFINITION_CONTEXT('part definition',#3557,'design');
#24=PRODUCT('top plate (OLED)','top plate (OLED)','',(#3559));
#3561=PRODUCT_RELATED_PRODUCT_CATEGORY('part','',(#24));
#3562=PRODUCT_DEFINITION_FORMATION_WITH_SPECIFIED_SOURCE('','',#24,.NOT_KNOWN.);
#25=PRODUCT_DEFINITION('design','',#3562,#3560);
#23=PRODUCT_DEFINITION_SHAPE('','',#25);
#3563=SHAPE_DEFINITION_REPRESENTATION(#23,#16);
#11=DRAUGHTING_MODEL('',(#3556),#10);
#3564=DESCRIPTIVE_REPRESENTATION_ITEM('KEY','/Users/sanyamsaharan/Library/Containers/com.shapr3d.shapr/Data/tmp/1AAC3C0D-63C7-41F1-A188-349862199C2C.tmp');
#3565=PROPERTY_DEFINITION('KEY','',#25);
#3566=REPRESENTATION('',(#3564),#10);
#3567=PROPERTY_DEFINITION_REPRESENTATION(#3565,#3566);
#3568=GENERAL_PROPERTY('','KEY','');
#3569=GENERAL_PROPERTY_ASSOCIATION('','',#3568,#3565);
#1=MECHANICAL_DESIGN_GEOMETRIC_PRESENTATION_REPRESENTATION('',(#26),#10);
ENDSEC;
END-ISO-10303-21;
