ISO-10303-21;
HEADER;

/* File generated by Shapr3D Version 26.10.0.10376 */

FILE_DESCRIPTION(('HOOPS Exchange Step'),'2;1');

FILE_NAME('/Users/sanyamsaharan/Library/Containers/com.shapr3d.shapr/Data/tmp/export/temp_export',
'2026-02-08T07:36:54-13:00',
('sanyamsaharan'),
('Shapr3D Limited'),
'HOOPS Exchange 2025.9',
'Shapr3D',
'Authorized');

FILE_SCHEMA( ('AP242_MANAGED_MODEL_BASED_3D_ENGINEERING_MIM_LF {1 0 10303 442 1 1 4}') );

ENDSEC;

DATA;
#3=(NAMED_UNIT(*)PLANE_ANGLE_UNIT()SI_UNIT($,.RADIAN.));
#4=PLANE_ANGLE_MEASURE_WITH_UNIT(PLANE_ANGLE_MEASURE(0.0174532925),#3);
#5=(CONVERSION_BASED_UNIT('DEGREE',#4)NAMED_UNIT(#6)PLANE_ANGLE_UNIT());
#6=DIMENSIONAL_EXPONENTS(0.,0.,0.,0.,0.,0.,0.);
#7=(NAMED_UNIT(*)SI_UNIT($,.STERADIAN.)SOLID_ANGLE_UNIT());
#8=(LENGTH_UNIT()NAMED_UNIT(*)SI_UNIT(.MILLI.,.METRE.));
#9=UNCERTAINTY_MEASURE_WITH_UNIT(LENGTH_MEASURE(1.000000E-05),#8,'DISTANCE_ACCURACY_VALUE','Maximum Tolerance applied to model');
#10=(GEOMETRIC_REPRESENTATION_CONTEXT(3)GLOBAL_UNCERTAINTY_ASSIGNED_CONTEXT((#9))GLOBAL_UNIT_ASSIGNED_CONTEXT((#8,#5,#7))REPRESENTATION_CONTEXT('','Side TPU Piece 1'));
#12=CARTESIAN_POINT('',(0.,0.,0.));
#13=DIRECTION('',(0.,0.,1.));
#14=DIRECTION('',(1.,0.,0.));
#15=AXIS2_PLACEMENT_3D('',#12,#13,#14);
#27=CARTESIAN_POINT('',(-23.982775638,-18.9,-5.787594874));
#28=DIRECTION('',(0.,1.,0.));
#29=DIRECTION('',(0.,0.,-1.));
#30=AXIS2_PLACEMENT_3D('',#27,#28,#29);
#31=CYLINDRICAL_SURFACE('',#30,4.287594874);
#32=CARTESIAN_POINT('',(-25.64831235,-13.51,-1.836714306));
#33=VERTEX_POINT('',#32);
#34=CARTESIAN_POINT('',(-25.64831235,-14.9,-1.836714306));
#35=VERTEX_POINT('',#34);
#36=CARTESIAN_POINT('',(-25.64831235,-13.51,-1.836714306));
#37=DIRECTION('',(0.,-1.,0.));
#38=VECTOR('',#37,1.39);
#39=LINE('',#36,#38);
#40=EDGE_CURVE('',#33,#35,#39,.T.);
#41=ORIENTED_EDGE('',*,*,#40,.T.);
#42=CARTESIAN_POINT('',(-24.903383575,-17.098449886,-1.6));
#43=VERTEX_POINT('',#42);
#44=CARTESIAN_POINT('',(-25.64831235,-14.9,-1.836714306));
#45=CARTESIAN_POINT('',(-25.648312492,-15.10036658,-1.836714366));
#46=CARTESIAN_POINT('',(-25.63292174,-15.297889242,-1.830123739));
#47=CARTESIAN_POINT('',(-25.602350608,-15.492645519,-1.817651963));
#48=CARTESIAN_POINT('',(-25.571779477,-15.687401796,-1.805180186));
#49=CARTESIAN_POINT('',(-25.526001691,-15.879424365,-1.786796308));
#50=CARTESIAN_POINT('',(-25.46328392,-16.068398873,-1.763720494));
#51=CARTESIAN_POINT('',(-25.337848378,-16.44634789,-1.717568864));
#52=CARTESIAN_POINT('',(-25.152919215,-16.789331508,-1.654858337));
#53=CARTESIAN_POINT('',(-24.903383575,-17.098449886,-1.6));
#54=B_SPLINE_CURVE_WITH_KNOTS('',3,(#44,#45,#46,#47,#48,#49,#50,#51,#52,#53),.UNSPECIFIED.,.F.,.F.,(4,3,3,4),(0.000000197,0.000592802,0.001185406,0.002370615),.UNSPECIFIED.);
#55=EDGE_CURVE('',#35,#43,#54,.T.);
#56=ORIENTED_EDGE('',*,*,#55,.T.);
#57=CARTESIAN_POINT('',(-23.982775638,-17.9,-1.5));
#58=VERTEX_POINT('',#57);
#59=CARTESIAN_POINT('',(-23.982775638,-17.9,-1.5));
#60=CARTESIAN_POINT('',(-24.161056958,-17.79286626,-1.5));
#61=CARTESIAN_POINT('',(-24.32630428,-17.672134708,-1.510998741));
#62=CARTESIAN_POINT('',(-24.479597363,-17.538532162,-1.528881691));
#63=CARTESIAN_POINT('',(-24.632890446,-17.404929615,-1.54676464));
#64=CARTESIAN_POINT('',(-24.774219981,-17.258454448,-1.571604457));
#65=CARTESIAN_POINT('',(-24.903383575,-17.098449886,-1.6));
#66=B_SPLINE_CURVE_WITH_KNOTS('',3,(#59,#60,#61,#62,#63,#64,#65),.UNSPECIFIED.,.F.,.F.,(4,3,4),(0.,0.000612373,0.001224746),.UNSPECIFIED.);
#67=EDGE_CURVE('',#58,#43,#66,.T.);
#68=ORIENTED_EDGE('',*,*,#67,.F.);
#69=CARTESIAN_POINT('',(-23.982775638,-18.9,-1.5));
#70=VERTEX_POINT('',#69);
#71=CARTESIAN_POINT('',(-23.982775638,-18.9,-1.5));
#72=DIRECTION('',(0.,1.,0.));
#73=VECTOR('',#72,1.);
#74=LINE('',#71,#73);
#75=EDGE_CURVE('',#70,#58,#74,.T.);
#76=ORIENTED_EDGE('',*,*,#75,.F.);
#77=CARTESIAN_POINT('',(-27.725231117,-18.9,-3.695348046));
#78=VERTEX_POINT('',#77);
#79=CARTESIAN_POINT('',(-23.982775638,-18.9,-5.787594874));
#80=DIRECTION('',(0.,1.,0.));
#81=DIRECTION('',(0.,-0.,1.));
#82=AXIS2_PLACEMENT_3D('',#79,#80,#81);
#83=CIRCLE('',#82,4.287594874);
#84=EDGE_CURVE('',#78,#70,#83,.T.);
#85=ORIENTED_EDGE('',*,*,#84,.F.);
#86=CARTESIAN_POINT('',(-27.725231155,-17.9,-3.695348024));
#87=VERTEX_POINT('',#86);
#88=CARTESIAN_POINT('',(-27.725231117,-18.9,-3.695348046));
#89=DIRECTION('',(0.,1.,0.));
#90=VECTOR('',#89,1.);
#91=LINE('',#88,#90);
#92=EDGE_CURVE('',#78,#87,#91,.T.);
#93=ORIENTED_EDGE('',*,*,#92,.T.);
#94=CARTESIAN_POINT('',(-27.147718122,-17.020404798,-2.895085777));
#95=VERTEX_POINT('',#94);
#96=CARTESIAN_POINT('',(-27.725231117,-17.9,-3.695348046));
#97=CARTESIAN_POINT('',(-27.631587793,-17.784692768,-3.527845834));
#98=CARTESIAN_POINT('',(-27.534028821,-17.653346581,-3.379440999));
#99=CARTESIAN_POINT('',(-27.436409446,-17.506643193,-3.24675184));
#100=CARTESIAN_POINT('',(-27.33879007,-17.359939805,-3.114062681));
#101=CARTESIAN_POINT('',(-27.240449846,-17.196689889,-2.996551516));
#102=CARTESIAN_POINT('',(-27.147718122,-17.020404797,-2.895085777));
#103=B_SPLINE_CURVE_WITH_KNOTS('',3,(#96,#97,#98,#99,#100,#101,#102),.UNSPECIFIED.,.F.,.F.,(4,3,4),(0.,0.000661323,0.001322646),.UNSPECIFIED.);
#104=EDGE_CURVE('',#87,#95,#103,.T.);
#105=ORIENTED_EDGE('',*,*,#104,.T.);
#106=CARTESIAN_POINT('',(-26.617449166,-14.9,-2.404997469));
#107=VERTEX_POINT('',#106);
#108=CARTESIAN_POINT('',(-27.147718117,-17.020404803,-2.895085771));
#109=CARTESIAN_POINT('',(-27.069219241,-16.871180626,-2.809193016));
#110=CARTESIAN_POINT('',(-26.995773957,-16.712942426,-2.735786848));
#111=CARTESIAN_POINT('',(-26.929916002,-16.545188136,-2.673460407));
#112=CARTESIAN_POINT('',(-26.864058046,-16.377433846,-2.611133966));
#113=CARTESIAN_POINT('',(-26.806563449,-16.201540124,-2.560615779));
#114=CARTESIAN_POINT('',(-26.760236592,-16.022414164,-2.521223729));
#115=CARTESIAN_POINT('',(-26.713909735,-15.843288203,-2.48183168));
#116=CARTESIAN_POINT('',(-26.67817739,-15.659589408,-2.453043052));
#117=CARTESIAN_POINT('',(-26.65398823,-15.471311993,-2.433777185));
#118=CARTESIAN_POINT('',(-26.629799069,-15.283034577,-2.414511318));
#119=CARTESIAN_POINT('',(-26.617449147,-15.091587721,-2.404997455));
#120=CARTESIAN_POINT('',(-26.617449166,-14.9,-2.404997469));
#121=B_SPLINE_CURVE_WITH_KNOTS('',3,(#108,#109,#110,#111,#112,#113,#114,#115,#116,#117,#118,#119,#120),.UNSPECIFIED.,.F.,.F.,(4,3,3,3,4),(0.001323163,0.001892718,0.002462274,0.00303183,0.003601386),.UNSPECIFIED.);
#122=EDGE_CURVE('',#95,#107,#121,.T.);
#123=ORIENTED_EDGE('',*,*,#122,.T.);
#124=CARTESIAN_POINT('',(-26.617449166,-13.51,-2.404997469));
#125=VERTEX_POINT('',#124);
#126=CARTESIAN_POINT('',(-26.617449166,-14.9,-2.404997469));
#127=DIRECTION('',(-0.,1.,-0.));
#128=VECTOR('',#127,1.39);
#129=LINE('',#126,#128);
#130=EDGE_CURVE('',#107,#125,#129,.T.);
#131=ORIENTED_EDGE('',*,*,#130,.T.);
#132=CARTESIAN_POINT('',(-23.982775638,-13.51,-5.787594874));
#133=DIRECTION('',(0.,1.,0.));
#134=DIRECTION('',(0.,0.,-1.));
#135=AXIS2_PLACEMENT_3D('',#132,#133,#134);
#136=CIRCLE('',#135,4.287594874);
#137=EDGE_CURVE('',#125,#33,#136,.T.);
#138=ORIENTED_EDGE('',*,*,#137,.T.);
#139=EDGE_LOOP('',(#41,#56,#68,#76,#85,#93,#105,#123,#131,#138));
#140=FACE_BOUND('',#139,.T.);
#141=ADVANCED_FACE('',(#140),#31,.F.);
#142=CARTESIAN_POINT('',(-25.891447688,-18.9,-0.642629519));
#143=DIRECTION('',(0.,1.,0.));
#144=DIRECTION('',(0.,0.,-1.));
#145=AXIS2_PLACEMENT_3D('',#142,#143,#144);
#146=CYLINDRICAL_SURFACE('',#145,0.6);
#147=CARTESIAN_POINT('',(-25.891447688,-13.51,-1.242629519));
#148=VERTEX_POINT('',#147);
#149=CARTESIAN_POINT('',(-25.891447688,-18.9,-1.242629519));
#150=VERTEX_POINT('',#149);
#151=CARTESIAN_POINT('',(-25.891447688,-13.51,-1.242629519));
#152=DIRECTION('',(-0.,-1.,-0.));
#153=VECTOR('',#152,5.39);
#154=LINE('',#151,#153);
#155=EDGE_CURVE('',#148,#150,#154,.T.);
#156=ORIENTED_EDGE('',*,*,#155,.F.);
#157=CARTESIAN_POINT('',(-26.30321309,-13.51,-1.079034438));
#158=VERTEX_POINT('',#157);
#159=CARTESIAN_POINT('',(-25.891447688,-13.51,-0.642629519));
#160=DIRECTION('',(0.,1.,0.));
#161=DIRECTION('',(0.,0.,-1.));
#162=AXIS2_PLACEMENT_3D('',#159,#160,#161);
#163=CIRCLE('',#162,0.6);
#164=EDGE_CURVE('',#148,#158,#163,.T.);
#165=ORIENTED_EDGE('',*,*,#164,.T.);
#166=CARTESIAN_POINT('',(-26.30321309,-18.9,-1.079034438));
#167=VERTEX_POINT('',#166);
#168=CARTESIAN_POINT('',(-26.30321309,-18.9,-1.079034438));
#169=DIRECTION('',(0.,1.,0.));
#170=VECTOR('',#169,5.39);
#171=LINE('',#168,#170);
#172=EDGE_CURVE('',#167,#158,#171,.T.);
#173=ORIENTED_EDGE('',*,*,#172,.F.);
#174=CARTESIAN_POINT('',(-25.891447688,-18.9,-0.642629519));
#175=DIRECTION('',(0.,1.,0.));
#176=DIRECTION('',(0.,-0.,1.));
#177=AXIS2_PLACEMENT_3D('',#174,#175,#176);
#178=CIRCLE('',#177,0.6);
#179=EDGE_CURVE('',#150,#167,#178,.T.);
#180=ORIENTED_EDGE('',*,*,#179,.F.);
#181=EDGE_LOOP('',(#156,#165,#173,#180));
#182=FACE_BOUND('',#181,.T.);
#183=ADVANCED_FACE('',(#182),#146,.F.);
#184=CARTESIAN_POINT('',(-24.098651822,-18.9,-1.880153758));
#185=DIRECTION('',(0.,1.,0.));
#186=DIRECTION('',(0.,0.,-1.));
#187=AXIS2_PLACEMENT_3D('',#184,#185,#186);
#188=CYLINDRICAL_SURFACE('',#187,1.578435966);
#189=CARTESIAN_POINT('',(-24.145440182,-17.796039518,-0.3024114));
#190=VERTEX_POINT('',#189);
#191=CARTESIAN_POINT('',(-25.397663369,-16.277186423,-0.98347706));
#192=VERTEX_POINT('',#191);
#193=CARTESIAN_POINT('',(-24.145440182,-17.796039518,-0.3024114));
#194=CARTESIAN_POINT('',(-24.294070906,-17.695169073,-0.306819082));
#195=CARTESIAN_POINT('',(-24.430798896,-17.585835855,-0.331388776));
#196=CARTESIAN_POINT('',(-24.557502074,-17.468556771,-0.369883403));
#197=CARTESIAN_POINT('',(-24.684205253,-17.351277687,-0.408378029));
#198=CARTESIAN_POINT('',(-24.801516942,-17.22489968,-0.461670288));
#199=CARTESIAN_POINT('',(-24.905561014,-17.095749794,-0.523555934));
#200=CARTESIAN_POINT('',(-25.009605087,-16.966599908,-0.585441581));
#201=CARTESIAN_POINT('',(-25.101650097,-16.833728304,-0.656179671));
#202=CARTESIAN_POINT('',(-25.183387832,-16.697125908,-0.733503032));
#203=CARTESIAN_POINT('',(-25.265125567,-16.560523513,-0.810826392));
#204=CARTESIAN_POINT('',(-25.336658338,-16.419718799,-0.895099343));
#205=CARTESIAN_POINT('',(-25.397663369,-16.277186423,-0.98347706));
#206=B_SPLINE_CURVE_WITH_KNOTS('',3,(#193,#194,#195,#196,#197,#198,#199,#200,#201,#202,#203,#204,#205),.UNSPECIFIED.,.F.,.F.,(4,3,3,3,4),(0.,0.000529736,0.001059473,0.001589209,0.002118946),.UNSPECIFIED.);
#207=EDGE_CURVE('',#190,#192,#206,.T.);
#208=ORIENTED_EDGE('',*,*,#207,.T.);
#209=CARTESIAN_POINT('',(-25.397663369,-18.9,-0.98347706));
#210=VERTEX_POINT('',#209);
#211=CARTESIAN_POINT('',(-25.397663369,-18.9,-0.98347706));
#212=DIRECTION('',(0.,1.,0.));
#213=VECTOR('',#212,2.622813577);
#214=LINE('',#211,#213);
#215=EDGE_CURVE('',#210,#192,#214,.T.);
#216=ORIENTED_EDGE('',*,*,#215,.F.);
#217=CARTESIAN_POINT('',(-24.145440182,-18.9,-0.3024114));
#218=VERTEX_POINT('',#217);
#219=CARTESIAN_POINT('',(-24.098651822,-18.9,-1.880153758));
#220=DIRECTION('',(0.,1.,0.));
#221=DIRECTION('',(0.,-0.,1.));
#222=AXIS2_PLACEMENT_3D('',#219,#220,#221);
#223=CIRCLE('',#222,1.578435966);
#224=EDGE_CURVE('',#210,#218,#223,.T.);
#225=ORIENTED_EDGE('',*,*,#224,.T.);
#226=CARTESIAN_POINT('',(-24.145440182,-18.9,-0.3024114));
#227=DIRECTION('',(0.,1.,0.));
#228=VECTOR('',#227,1.103960482);
#229=LINE('',#226,#228);
#230=EDGE_CURVE('',#218,#190,#229,.T.);
#231=ORIENTED_EDGE('',*,*,#230,.T.);
#232=EDGE_LOOP('',(#208,#216,#225,#231));
#233=FACE_BOUND('',#232,.T.);
#234=ADVANCED_FACE('',(#233),#188,.T.);
#235=CARTESIAN_POINT('',(-24.13565609,-18.9,-0.632339115));
#236=DIRECTION('',(0.,1.,0.));
#237=DIRECTION('',(0.,0.,-1.));
#238=AXIS2_PLACEMENT_3D('',#235,#236,#237);
#239=CYLINDRICAL_SURFACE('',#238,0.330072758);
#240=CARTESIAN_POINT('',(-23.982775638,-17.9,-0.339806052));
#241=VERTEX_POINT('',#240);
#242=CARTESIAN_POINT('',(-23.982775638,-17.9,-0.339806052));
#243=CARTESIAN_POINT('',(-24.035108972,-17.86855158,-0.312456173));
#244=CARTESIAN_POINT('',(-24.090216144,-17.833518131,-0.300773716));
#245=CARTESIAN_POINT('',(-24.145440182,-17.796039518,-0.3024114));
#246=B_SPLINE_CURVE_WITH_KNOTS('',3,(#242,#243,#244,#245),.UNSPECIFIED.,.F.,.F.,(4,4),(0.,0.000196728),.UNSPECIFIED.);
#247=EDGE_CURVE('',#241,#190,#246,.T.);
#248=ORIENTED_EDGE('',*,*,#247,.T.);
#249=ORIENTED_EDGE('',*,*,#230,.F.);
#250=CARTESIAN_POINT('',(-23.982775638,-18.9,-0.339806052));
#251=VERTEX_POINT('',#250);
#252=CARTESIAN_POINT('',(-24.13565609,-18.9,-0.632339115));
#253=DIRECTION('',(0.,1.,0.));
#254=DIRECTION('',(0.,-0.,1.));
#255=AXIS2_PLACEMENT_3D('',#252,#253,#254);
#256=CIRCLE('',#255,0.330072758);
#257=EDGE_CURVE('',#218,#251,#256,.T.);
#258=ORIENTED_EDGE('',*,*,#257,.T.);
#259=CARTESIAN_POINT('',(-23.982775638,-18.9,-0.339806052));
#260=DIRECTION('',(0.,1.,0.));
#261=VECTOR('',#260,1.);
#262=LINE('',#259,#261);
#263=EDGE_CURVE('',#251,#241,#262,.T.);
#264=ORIENTED_EDGE('',*,*,#263,.T.);
#265=EDGE_LOOP('',(#248,#249,#258,#264));
#266=FACE_BOUND('',#265,.T.);
#267=ADVANCED_FACE('',(#266),#239,.T.);
#268=CARTESIAN_POINT('',(-24.14488583,-18.9,-0.65));
#269=DIRECTION('',(0.,1.,0.));
#270=DIRECTION('',(0.,0.,-1.));
#271=AXIS2_PLACEMENT_3D('',#268,#269,#270);
#272=CYLINDRICAL_SURFACE('',#271,0.35);
#273=ORIENTED_EDGE('',*,*,#263,.F.);
#274=CARTESIAN_POINT('',(-23.819505167,-18.9,-0.521052632));
#275=VERTEX_POINT('',#274);
#276=CARTESIAN_POINT('',(-24.14488583,-18.9,-0.65));
#277=DIRECTION('',(0.,1.,0.));
#278=DIRECTION('',(0.,-0.,1.));
#279=AXIS2_PLACEMENT_3D('',#276,#277,#278);
#280=CIRCLE('',#279,0.35);
#281=EDGE_CURVE('',#251,#275,#280,.T.);
#282=ORIENTED_EDGE('',*,*,#281,.T.);
#283=CARTESIAN_POINT('',(-23.819505167,-17.9,-0.521052632));
#284=VERTEX_POINT('',#283);
#285=CARTESIAN_POINT('',(-23.819505167,-18.9,-0.521052632));
#286=DIRECTION('',(0.,1.,0.));
#287=VECTOR('',#286,1.);
#288=LINE('',#285,#287);
#289=EDGE_CURVE('',#275,#284,#288,.T.);
#290=ORIENTED_EDGE('',*,*,#289,.T.);
#291=CARTESIAN_POINT('',(-24.14488583,-17.9,-0.65));
#292=DIRECTION('',(0.,1.,0.));
#293=DIRECTION('',(0.,-0.,1.));
#294=AXIS2_PLACEMENT_3D('',#291,#292,#293);
#295=CIRCLE('',#294,0.35);
#296=EDGE_CURVE('',#241,#284,#295,.T.);
#297=ORIENTED_EDGE('',*,*,#296,.F.);
#298=EDGE_LOOP('',(#273,#282,#290,#297));
#299=FACE_BOUND('',#298,.T.);
#300=ADVANCED_FACE('',(#299),#272,.T.);
#301=CARTESIAN_POINT('',(-23.261709744,-18.9,-0.3));
#302=DIRECTION('',(0.,1.,0.));
#303=DIRECTION('',(0.,0.,-1.));
#304=AXIS2_PLACEMENT_3D('',#301,#302,#303);
#305=CYLINDRICAL_SURFACE('',#304,0.6);
#306=CARTESIAN_POINT('',(-23.261709744,-17.9,-0.9));
#307=VERTEX_POINT('',#306);
#308=CARTESIAN_POINT('',(-23.261709744,-18.9,-0.9));
#309=VERTEX_POINT('',#308);
#310=CARTESIAN_POINT('',(-23.261709744,-17.9,-0.9));
#311=DIRECTION('',(-0.,-1.,-0.));
#312=VECTOR('',#311,1.);
#313=LINE('',#310,#312);
#314=EDGE_CURVE('',#307,#309,#313,.T.);
#315=ORIENTED_EDGE('',*,*,#314,.F.);
#316=CARTESIAN_POINT('',(-23.261709744,-17.9,-0.3));
#317=DIRECTION('',(0.,1.,0.));
#318=DIRECTION('',(0.,-0.,1.));
#319=AXIS2_PLACEMENT_3D('',#316,#317,#318);
#320=CIRCLE('',#319,0.6);
#321=EDGE_CURVE('',#307,#284,#320,.T.);
#322=ORIENTED_EDGE('',*,*,#321,.T.);
#323=ORIENTED_EDGE('',*,*,#289,.F.);
#324=CARTESIAN_POINT('',(-23.261709744,-18.9,-0.3));
#325=DIRECTION('',(0.,1.,0.));
#326=DIRECTION('',(0.,-0.,1.));
#327=AXIS2_PLACEMENT_3D('',#324,#325,#326);
#328=CIRCLE('',#327,0.6);
#329=EDGE_CURVE('',#309,#275,#328,.T.);
#330=ORIENTED_EDGE('',*,*,#329,.F.);
#331=EDGE_LOOP('',(#315,#322,#323,#330));
#332=FACE_BOUND('',#331,.T.);
#333=ADVANCED_FACE('',(#332),#305,.F.);
#334=CARTESIAN_POINT('',(-23.253606712,-18.9,-0.3));
#335=DIRECTION('',(0.,1.,0.));
#336=DIRECTION('',(0.,0.,-1.));
#337=AXIS2_PLACEMENT_3D('',#334,#335,#336);
#338=CYLINDRICAL_SURFACE('',#337,0.6);
#339=CARTESIAN_POINT('',(-23.253606712,-17.9,-0.9));
#340=VERTEX_POINT('',#339);
#341=CARTESIAN_POINT('',(-23.253606712,-18.9,-0.9));
#342=VERTEX_POINT('',#341);
#343=CARTESIAN_POINT('',(-23.253606712,-17.9,-0.9));
#344=DIRECTION('',(-0.,-1.,-0.));
#345=VECTOR('',#344,1.);
#346=LINE('',#343,#345);
#347=EDGE_CURVE('',#340,#342,#346,.T.);
#348=ORIENTED_EDGE('',*,*,#347,.F.);
#349=CARTESIAN_POINT('',(-23.257658228,-17.9,-0.899986321));
#350=VERTEX_POINT('',#349);
#351=CARTESIAN_POINT('',(-23.253606712,-17.9,-0.3));
#352=DIRECTION('',(0.,1.,0.));
#353=DIRECTION('',(0.,-0.,1.));
#354=AXIS2_PLACEMENT_3D('',#351,#352,#353);
#355=CIRCLE('',#354,0.6);
#356=EDGE_CURVE('',#340,#350,#355,.T.);
#357=ORIENTED_EDGE('',*,*,#356,.T.);
#358=CARTESIAN_POINT('',(-23.257658228,-18.9,-0.899986321));
#359=VERTEX_POINT('',#358);
#360=CARTESIAN_POINT('',(-23.257658228,-18.9,-0.899986321));
#361=DIRECTION('',(0.,1.,0.));
#362=VECTOR('',#361,1.);
#363=LINE('',#360,#362);
#364=EDGE_CURVE('',#359,#350,#363,.T.);
#365=ORIENTED_EDGE('',*,*,#364,.F.);
#366=CARTESIAN_POINT('',(-23.253606712,-18.9,-0.3));
#367=DIRECTION('',(0.,1.,0.));
#368=DIRECTION('',(0.,-0.,1.));
#369=AXIS2_PLACEMENT_3D('',#366,#367,#368);
#370=CIRCLE('',#369,0.6);
#371=EDGE_CURVE('',#342,#359,#370,.T.);
#372=ORIENTED_EDGE('',*,*,#371,.F.);
#373=EDGE_LOOP('',(#348,#357,#365,#372));
#374=FACE_BOUND('',#373,.T.);
#375=ADVANCED_FACE('',(#374),#338,.F.);
#376=CARTESIAN_POINT('',(-22.18,-18.9,0.346675955));
#377=DIRECTION('',(0.,1.,0.));
#378=DIRECTION('',(0.,0.,-1.));
#379=AXIS2_PLACEMENT_3D('',#376,#377,#378);
#380=CYLINDRICAL_SURFACE('',#379,0.653324045);
#381=CARTESIAN_POINT('',(-22.739642243,-18.9,0.009581209));
#382=VERTEX_POINT('',#381);
#383=CARTESIAN_POINT('',(-22.739642243,-17.9,0.009581209));
#384=VERTEX_POINT('',#383);
#385=CARTESIAN_POINT('',(-22.739642243,-18.9,0.009581209));
#386=DIRECTION('',(0.,1.,0.));
#387=VECTOR('',#386,1.);
#388=LINE('',#385,#387);
#389=EDGE_CURVE('',#382,#384,#388,.T.);
#390=ORIENTED_EDGE('',*,*,#389,.F.);
#391=CARTESIAN_POINT('',(-22.527368405,-18.9,0.9));
#392=VERTEX_POINT('',#391);
#393=CARTESIAN_POINT('',(-22.18,-18.9,0.346675955));
#394=DIRECTION('',(0.,1.,0.));
#395=DIRECTION('',(0.,-0.,1.));
#396=AXIS2_PLACEMENT_3D('',#393,#394,#395);
#397=CIRCLE('',#396,0.653324045);
#398=EDGE_CURVE('',#382,#392,#397,.T.);
#399=ORIENTED_EDGE('',*,*,#398,.T.);
#400=CARTESIAN_POINT('',(-22.527368405,-17.9,0.9));
#401=VERTEX_POINT('',#400);
#402=CARTESIAN_POINT('',(-22.527368405,-18.9,0.9));
#403=DIRECTION('',(0.,1.,0.));
#404=VECTOR('',#403,1.);
#405=LINE('',#402,#404);
#406=EDGE_CURVE('',#392,#401,#405,.T.);
#407=ORIENTED_EDGE('',*,*,#406,.T.);
#408=CARTESIAN_POINT('',(-22.18,-17.9,0.346675955));
#409=DIRECTION('',(0.,1.,0.));
#410=DIRECTION('',(0.,-0.,1.));
#411=AXIS2_PLACEMENT_3D('',#408,#409,#410);
#412=CIRCLE('',#411,0.653324045);
#413=EDGE_CURVE('',#384,#401,#412,.T.);
#414=ORIENTED_EDGE('',*,*,#413,.F.);
#415=EDGE_LOOP('',(#390,#399,#407,#414));
#416=FACE_BOUND('',#415,.T.);
#417=ADVANCED_FACE('',(#416),#380,.T.);
#418=CARTESIAN_POINT('',(16.66,-18.9,0.346675955));
#419=DIRECTION('',(0.,1.,0.));
#420=DIRECTION('',(0.,0.,-1.));
#421=AXIS2_PLACEMENT_3D('',#418,#419,#420);
#422=CYLINDRICAL_SURFACE('',#421,0.653324045);
#423=CARTESIAN_POINT('',(17.007368405,-18.9,0.9));
#424=VERTEX_POINT('',#423);
#425=CARTESIAN_POINT('',(17.007368405,-17.9,0.9));
#426=VERTEX_POINT('',#425);
#427=CARTESIAN_POINT('',(17.007368405,-18.9,0.9));
#428=DIRECTION('',(0.,1.,0.));
#429=VECTOR('',#428,1.);
#430=LINE('',#427,#429);
#431=EDGE_CURVE('',#424,#426,#430,.T.);
#432=ORIENTED_EDGE('',*,*,#431,.F.);
#433=CARTESIAN_POINT('',(17.219642243,-18.9,0.009581209));
#434=VERTEX_POINT('',#433);
#435=CARTESIAN_POINT('',(16.66,-18.9,0.346675955));
#436=DIRECTION('',(0.,1.,0.));
#437=DIRECTION('',(0.,-0.,1.));
#438=AXIS2_PLACEMENT_3D('',#435,#436,#437);
#439=CIRCLE('',#438,0.653324045);
#440=EDGE_CURVE('',#424,#434,#439,.T.);
#441=ORIENTED_EDGE('',*,*,#440,.T.);
#442=CARTESIAN_POINT('',(17.219642243,-17.9,0.009581209));
#443=VERTEX_POINT('',#442);
#444=CARTESIAN_POINT('',(17.219642243,-18.9,0.009581209));
#445=DIRECTION('',(0.,1.,0.));
#446=VECTOR('',#445,1.);
#447=LINE('',#444,#446);
#448=EDGE_CURVE('',#434,#443,#447,.T.);
#449=ORIENTED_EDGE('',*,*,#448,.T.);
#450=CARTESIAN_POINT('',(16.66,-17.9,0.346675955));
#451=DIRECTION('',(0.,1.,0.));
#452=DIRECTION('',(0.,-0.,1.));
#453=AXIS2_PLACEMENT_3D('',#450,#451,#452);
#454=CIRCLE('',#453,0.653324045);
#455=EDGE_CURVE('',#426,#443,#454,.T.);
#456=ORIENTED_EDGE('',*,*,#455,.F.);
#457=EDGE_LOOP('',(#432,#441,#449,#456));
#458=FACE_BOUND('',#457,.T.);
#459=ADVANCED_FACE('',(#458),#422,.T.);
#460=CARTESIAN_POINT('',(17.733606712,-18.9,-0.3));
#461=DIRECTION('',(0.,1.,0.));
#462=DIRECTION('',(0.,0.,-1.));
#463=AXIS2_PLACEMENT_3D('',#460,#461,#462);
#464=CYLINDRICAL_SURFACE('',#463,0.6);
#465=CARTESIAN_POINT('',(17.733606712,-17.9,-0.9));
#466=VERTEX_POINT('',#465);
#467=CARTESIAN_POINT('',(17.733606712,-18.9,-0.9));
#468=VERTEX_POINT('',#467);
#469=CARTESIAN_POINT('',(17.733606712,-17.9,-0.9));
#470=DIRECTION('',(-0.,-1.,-0.));
#471=VECTOR('',#470,1.);
#472=LINE('',#469,#471);
#473=EDGE_CURVE('',#466,#468,#472,.T.);
#474=ORIENTED_EDGE('',*,*,#473,.F.);
#475=CARTESIAN_POINT('',(17.733606712,-17.9,-0.3));
#476=DIRECTION('',(0.,1.,0.));
#477=DIRECTION('',(0.,-0.,1.));
#478=AXIS2_PLACEMENT_3D('',#475,#476,#477);
#479=CIRCLE('',#478,0.6);
#480=EDGE_CURVE('',#466,#443,#479,.T.);
#481=ORIENTED_EDGE('',*,*,#480,.T.);
#482=ORIENTED_EDGE('',*,*,#448,.F.);
#483=CARTESIAN_POINT('',(17.733606712,-18.9,-0.3));
#484=DIRECTION('',(0.,1.,0.));
#485=DIRECTION('',(0.,-0.,1.));
#486=AXIS2_PLACEMENT_3D('',#483,#484,#485);
#487=CIRCLE('',#486,0.6);
#488=EDGE_CURVE('',#468,#434,#487,.T.);
#489=ORIENTED_EDGE('',*,*,#488,.F.);
#490=EDGE_LOOP('',(#474,#481,#482,#489));
#491=FACE_BOUND('',#490,.T.);
#492=ADVANCED_FACE('',(#491),#464,.F.);
#493=CARTESIAN_POINT('',(18.616782799,-18.9,-0.65));
#494=DIRECTION('',(0.,1.,0.));
#495=DIRECTION('',(0.,0.,-1.));
#496=AXIS2_PLACEMENT_3D('',#493,#494,#495);
#497=CYLINDRICAL_SURFACE('',#496,0.35);
#498=CARTESIAN_POINT('',(18.291402135,-18.9,-0.521052632));
#499=VERTEX_POINT('',#498);
#500=CARTESIAN_POINT('',(18.291402135,-17.9,-0.521052632));
#501=VERTEX_POINT('',#500);
#502=CARTESIAN_POINT('',(18.291402135,-18.9,-0.521052632));
#503=DIRECTION('',(0.,1.,0.));
#504=VECTOR('',#503,1.);
#505=LINE('',#502,#504);
#506=EDGE_CURVE('',#499,#501,#505,.T.);
#507=ORIENTED_EDGE('',*,*,#506,.F.);
#508=CARTESIAN_POINT('',(18.462775638,-18.9,-0.335704288));
#509=VERTEX_POINT('',#508);
#510=CARTESIAN_POINT('',(18.616782799,-18.9,-0.65));
#511=DIRECTION('',(0.,1.,0.));
#512=DIRECTION('',(0.,-0.,1.));
#513=AXIS2_PLACEMENT_3D('',#510,#511,#512);
#514=CIRCLE('',#513,0.35);
#515=EDGE_CURVE('',#499,#509,#514,.T.);
#516=ORIENTED_EDGE('',*,*,#515,.T.);
#517=CARTESIAN_POINT('',(18.462775638,-17.9,-0.335704288));
#518=VERTEX_POINT('',#517);
#519=CARTESIAN_POINT('',(18.462775638,-18.9,-0.335704288));
#520=DIRECTION('',(0.,1.,0.));
#521=VECTOR('',#520,1.);
#522=LINE('',#519,#521);
#523=EDGE_CURVE('',#509,#518,#522,.T.);
#524=ORIENTED_EDGE('',*,*,#523,.T.);
#525=CARTESIAN_POINT('',(18.616782799,-17.9,-0.65));
#526=DIRECTION('',(0.,1.,0.));
#527=DIRECTION('',(0.,-0.,1.));
#528=AXIS2_PLACEMENT_3D('',#525,#526,#527);
#529=CIRCLE('',#528,0.35);
#530=EDGE_CURVE('',#501,#518,#529,.T.);
#531=ORIENTED_EDGE('',*,*,#530,.F.);
#532=EDGE_LOOP('',(#507,#516,#524,#531));
#533=FACE_BOUND('',#532,.T.);
#534=ADVANCED_FACE('',(#533),#497,.T.);
#535=CARTESIAN_POINT('',(18.608017373,-18.9,-0.632111638));
#536=DIRECTION('',(0.,1.,0.));
#537=DIRECTION('',(0.,0.,-1.));
#538=AXIS2_PLACEMENT_3D('',#535,#536,#537);
#539=CYLINDRICAL_SURFACE('',#538,0.330079504);
#540=CARTESIAN_POINT('',(18.617252111,-17.8015796,-0.302161342));
#541=VERTEX_POINT('',#540);
#542=CARTESIAN_POINT('',(18.617252111,-17.8015796,-0.302161342));
#543=CARTESIAN_POINT('',(18.56506965,-17.836779128,-0.300700845));
#544=CARTESIAN_POINT('',(18.512591142,-17.870064607,-0.311294333));
#545=CARTESIAN_POINT('',(18.462775638,-17.9,-0.335704288));
#546=B_SPLINE_CURVE_WITH_KNOTS('',3,(#542,#543,#544,#545),.UNSPECIFIED.,.F.,.F.,(4,4),(0.,0.000186409),.UNSPECIFIED.);
#547=EDGE_CURVE('',#541,#518,#546,.T.);
#548=ORIENTED_EDGE('',*,*,#547,.T.);
#549=ORIENTED_EDGE('',*,*,#523,.F.);
#550=CARTESIAN_POINT('',(18.617252111,-18.9,-0.302161342));
#551=VERTEX_POINT('',#550);
#552=CARTESIAN_POINT('',(18.608017373,-18.9,-0.632111638));
#553=DIRECTION('',(0.,1.,0.));
#554=DIRECTION('',(0.,-0.,1.));
#555=AXIS2_PLACEMENT_3D('',#552,#553,#554);
#556=CIRCLE('',#555,0.330079504);
#557=EDGE_CURVE('',#509,#551,#556,.T.);
#558=ORIENTED_EDGE('',*,*,#557,.T.);
#559=CARTESIAN_POINT('',(18.617252111,-18.9,-0.302161342));
#560=DIRECTION('',(0.,1.,0.));
#561=VECTOR('',#560,1.0984204);
#562=LINE('',#559,#561);
#563=EDGE_CURVE('',#551,#541,#562,.T.);
#564=ORIENTED_EDGE('',*,*,#563,.T.);
#565=EDGE_LOOP('',(#548,#549,#558,#564));
#566=FACE_BOUND('',#565,.T.);
#567=ADVANCED_FACE('',(#566),#539,.T.);
#568=CARTESIAN_POINT('',(18.573330115,-18.9,-1.87146139));
#569=DIRECTION('',(0.,1.,0.));
#570=DIRECTION('',(0.,0.,-1.));
#571=AXIS2_PLACEMENT_3D('',#568,#569,#570);
#572=CYLINDRICAL_SURFACE('',#571,1.569914579);
#573=CARTESIAN_POINT('',(19.863374033,-16.310104537,-0.976800295));
#574=VERTEX_POINT('',#573);
#575=CARTESIAN_POINT('',(19.863374033,-16.310104537,-0.976800295));
#576=CARTESIAN_POINT('',(19.740347234,-16.589587968,-0.799403541));
#577=CARTESIAN_POINT('',(19.580421887,-16.856798821,-0.643220315));
#578=CARTESIAN_POINT('',(19.372841006,-17.11144606,-0.520382518));
#579=CARTESIAN_POINT('',(19.269050565,-17.23876968,-0.458963619));
#580=CARTESIAN_POINT('',(19.152198907,-17.363349633,-0.406263182));
#581=CARTESIAN_POINT('',(19.026404607,-17.478784449,-0.368346195));
#582=CARTESIAN_POINT('',(18.900610307,-17.594219266,-0.330429208));
#583=CARTESIAN_POINT('',(18.764880565,-17.701997254,-0.306293207));
#584=CARTESIAN_POINT('',(18.617252111,-17.8015796,-0.302161342));
#585=B_SPLINE_CURVE_WITH_KNOTS('',3,(#575,#576,#577,#578,#579,#580,#581,#582,#583,#584),.UNSPECIFIED.,.F.,.F.,(4,3,3,4),(0.,0.001044058,0.001566087,0.002088116),.UNSPECIFIED.);
#586=EDGE_CURVE('',#574,#541,#585,.T.);
#587=ORIENTED_EDGE('',*,*,#586,.T.);
#588=ORIENTED_EDGE('',*,*,#563,.F.);
#589=CARTESIAN_POINT('',(19.863374033,-18.9,-0.976800295));
#590=VERTEX_POINT('',#589);
#591=CARTESIAN_POINT('',(18.573330115,-18.9,-1.87146139));
#592=DIRECTION('',(0.,1.,0.));
#593=DIRECTION('',(0.,-0.,1.));
#594=AXIS2_PLACEMENT_3D('',#591,#592,#593);
#595=CIRCLE('',#594,1.569914579);
#596=EDGE_CURVE('',#551,#590,#595,.T.);
#597=ORIENTED_EDGE('',*,*,#596,.T.);
#598=CARTESIAN_POINT('',(19.863374033,-18.9,-0.976800295));
#599=DIRECTION('',(0.,1.,0.));
#600=VECTOR('',#599,2.589895463);
#601=LINE('',#598,#600);
#602=EDGE_CURVE('',#590,#574,#601,.T.);
#603=ORIENTED_EDGE('',*,*,#602,.T.);
#604=EDGE_LOOP('',(#587,#588,#597,#603));
#605=FACE_BOUND('',#604,.T.);
#606=ADVANCED_FACE('',(#605),#572,.T.);
#607=CARTESIAN_POINT('',(15.951201649,-18.9,-0.3));
#608=DIRECTION('',(0.,1.,0.));
#609=DIRECTION('',(0.,0.,-1.));
#610=AXIS2_PLACEMENT_3D('',#607,#608,#609);
#611=CYLINDRICAL_SURFACE('',#610,0.6);
#612=CARTESIAN_POINT('',(15.951201649,-17.9,-0.9));
#613=VERTEX_POINT('',#612);
#614=CARTESIAN_POINT('',(15.951201649,-18.9,-0.9));
#615=VERTEX_POINT('',#614);
#616=CARTESIAN_POINT('',(15.951201649,-17.9,-0.9));
#617=DIRECTION('',(-0.,-1.,-0.));
#618=VECTOR('',#617,1.);
#619=LINE('',#616,#618);
#620=EDGE_CURVE('',#613,#615,#619,.T.);
#621=ORIENTED_EDGE('',*,*,#620,.F.);
#622=CARTESIAN_POINT('',(15.951201649,-17.9,0.3));
#623=VERTEX_POINT('',#622);
#624=CARTESIAN_POINT('',(15.951201649,-17.9,-0.3));
#625=DIRECTION('',(0.,1.,0.));
#626=DIRECTION('',(0.,-0.,1.));
#627=AXIS2_PLACEMENT_3D('',#624,#625,#626);
#628=CIRCLE('',#627,0.6);
#629=EDGE_CURVE('',#613,#623,#628,.T.);
#630=ORIENTED_EDGE('',*,*,#629,.T.);
#631=CARTESIAN_POINT('',(15.951201649,-17.9,-0.3));
#632=DIRECTION('',(0.,1.,0.));
#633=DIRECTION('',(0.,-0.,1.));
#634=AXIS2_PLACEMENT_3D('',#631,#632,#633);
#635=CIRCLE('',#634,0.6);
#636=EDGE_CURVE('',#623,#613,#635,.T.);
#637=ORIENTED_EDGE('',*,*,#636,.T.);
#638=ORIENTED_EDGE('',*,*,#620,.T.);
#639=CARTESIAN_POINT('',(15.951201649,-18.9,0.3));
#640=VERTEX_POINT('',#639);
#641=CARTESIAN_POINT('',(15.951201649,-18.9,-0.3));
#642=DIRECTION('',(0.,1.,0.));
#643=DIRECTION('',(0.,-0.,1.));
#644=AXIS2_PLACEMENT_3D('',#641,#642,#643);
#645=CIRCLE('',#644,0.6);
#646=EDGE_CURVE('',#640,#615,#645,.T.);
#647=ORIENTED_EDGE('',*,*,#646,.F.);
#648=CARTESIAN_POINT('',(15.951201649,-18.9,-0.3));
#649=DIRECTION('',(0.,1.,0.));
#650=DIRECTION('',(0.,-0.,1.));
#651=AXIS2_PLACEMENT_3D('',#648,#649,#650);
#652=CIRCLE('',#651,0.6);
#653=EDGE_CURVE('',#615,#640,#652,.T.);
#654=ORIENTED_EDGE('',*,*,#653,.F.);
#655=EDGE_LOOP('',(#621,#630,#637,#638,#647,#654));
#656=FACE_BOUND('',#655,.T.);
#657=ADVANCED_FACE('',(#656),#611,.F.);
#658=CARTESIAN_POINT('',(14.168796586,-18.9,-0.3));
#659=DIRECTION('',(0.,1.,0.));
#660=DIRECTION('',(0.,0.,-1.));
#661=AXIS2_PLACEMENT_3D('',#658,#659,#660);
#662=CYLINDRICAL_SURFACE('',#661,0.6);
#663=CARTESIAN_POINT('',(14.168796586,-17.9,-0.9));
#664=VERTEX_POINT('',#663);
#665=CARTESIAN_POINT('',(14.168796586,-18.9,-0.9));
#666=VERTEX_POINT('',#665);
#667=CARTESIAN_POINT('',(14.168796586,-17.9,-0.9));
#668=DIRECTION('',(-0.,-1.,-0.));
#669=VECTOR('',#668,1.);
#670=LINE('',#667,#669);
#671=EDGE_CURVE('',#664,#666,#670,.T.);
#672=ORIENTED_EDGE('',*,*,#671,.F.);
#673=CARTESIAN_POINT('',(14.168796586,-17.9,0.3));
#674=VERTEX_POINT('',#673);
#675=CARTESIAN_POINT('',(14.168796586,-17.9,-0.3));
#676=DIRECTION('',(0.,1.,0.));
#677=DIRECTION('',(0.,-0.,1.));
#678=AXIS2_PLACEMENT_3D('',#675,#676,#677);
#679=CIRCLE('',#678,0.6);
#680=EDGE_CURVE('',#664,#674,#679,.T.);
#681=ORIENTED_EDGE('',*,*,#680,.T.);
#682=CARTESIAN_POINT('',(14.168796586,-17.9,-0.3));
#683=DIRECTION('',(0.,1.,0.));
#684=DIRECTION('',(0.,-0.,1.));
#685=AXIS2_PLACEMENT_3D('',#682,#683,#684);
#686=CIRCLE('',#685,0.6);
#687=EDGE_CURVE('',#674,#664,#686,.T.);
#688=ORIENTED_EDGE('',*,*,#687,.T.);
#689=ORIENTED_EDGE('',*,*,#671,.T.);
#690=CARTESIAN_POINT('',(14.168796586,-18.9,0.3));
#691=VERTEX_POINT('',#690);
#692=CARTESIAN_POINT('',(14.168796586,-18.9,-0.3));
#693=DIRECTION('',(0.,1.,0.));
#694=DIRECTION('',(0.,-0.,1.));
#695=AXIS2_PLACEMENT_3D('',#692,#693,#694);
#696=CIRCLE('',#695,0.6);
#697=EDGE_CURVE('',#691,#666,#696,.T.);
#698=ORIENTED_EDGE('',*,*,#697,.F.);
#699=CARTESIAN_POINT('',(14.168796586,-18.9,-0.3));
#700=DIRECTION('',(0.,1.,0.));
#701=DIRECTION('',(0.,-0.,1.));
#702=AXIS2_PLACEMENT_3D('',#699,#700,#701);
#703=CIRCLE('',#702,0.6);
#704=EDGE_CURVE('',#666,#691,#703,.T.);
#705=ORIENTED_EDGE('',*,*,#704,.F.);
#706=EDGE_LOOP('',(#672,#681,#688,#689,#698,#705));
#707=FACE_BOUND('',#706,.T.);
#708=ADVANCED_FACE('',(#707),#662,.F.);
#709=CARTESIAN_POINT('',(12.386391522,-18.9,-0.3));
#710=DIRECTION('',(0.,1.,0.));
#711=DIRECTION('',(0.,0.,-1.));
#712=AXIS2_PLACEMENT_3D('',#709,#710,#711);
#713=CYLINDRICAL_SURFACE('',#712,0.6);
#714=CARTESIAN_POINT('',(12.386391522,-17.9,-0.9));
#715=VERTEX_POINT('',#714);
#716=CARTESIAN_POINT('',(12.386391522,-18.9,-0.9));
#717=VERTEX_POINT('',#716);
#718=CARTESIAN_POINT('',(12.386391522,-17.9,-0.9));
#719=DIRECTION('',(-0.,-1.,-0.));
#720=VECTOR('',#719,1.);
#721=LINE('',#718,#720);
#722=EDGE_CURVE('',#715,#717,#721,.T.);
#723=ORIENTED_EDGE('',*,*,#722,.F.);
#724=CARTESIAN_POINT('',(12.386391522,-17.9,0.3));
#725=VERTEX_POINT('',#724);
#726=CARTESIAN_POINT('',(12.386391522,-17.9,-0.3));
#727=DIRECTION('',(0.,1.,0.));
#728=DIRECTION('',(0.,-0.,1.));
#729=AXIS2_PLACEMENT_3D('',#726,#727,#728);
#730=CIRCLE('',#729,0.6);
#731=EDGE_CURVE('',#715,#725,#730,.T.);
#732=ORIENTED_EDGE('',*,*,#731,.T.);
#733=CARTESIAN_POINT('',(12.386391522,-17.9,-0.3));
#734=DIRECTION('',(0.,1.,0.));
#735=DIRECTION('',(0.,-0.,1.));
#736=AXIS2_PLACEMENT_3D('',#733,#734,#735);
#737=CIRCLE('',#736,0.6);
#738=EDGE_CURVE('',#725,#715,#737,.T.);
#739=ORIENTED_EDGE('',*,*,#738,.T.);
#740=ORIENTED_EDGE('',*,*,#722,.T.);
#741=CARTESIAN_POINT('',(12.386391522,-18.9,0.3));
#742=VERTEX_POINT('',#741);
#743=CARTESIAN_POINT('',(12.386391522,-18.9,-0.3));
#744=DIRECTION('',(0.,1.,0.));
#745=DIRECTION('',(0.,-0.,1.));
#746=AXIS2_PLACEMENT_3D('',#743,#744,#745);
#747=CIRCLE('',#746,0.6);
#748=EDGE_CURVE('',#742,#717,#747,.T.);
#749=ORIENTED_EDGE('',*,*,#748,.F.);
#750=CARTESIAN_POINT('',(12.386391522,-18.9,-0.3));
#751=DIRECTION('',(0.,1.,0.));
#752=DIRECTION('',(0.,-0.,1.));
#753=AXIS2_PLACEMENT_3D('',#750,#751,#752);
#754=CIRCLE('',#753,0.6);
#755=EDGE_CURVE('',#717,#742,#754,.T.);
#756=ORIENTED_EDGE('',*,*,#755,.F.);
#757=EDGE_LOOP('',(#723,#732,#739,#740,#749,#756));
#758=FACE_BOUND('',#757,.T.);
#759=ADVANCED_FACE('',(#758),#713,.F.);
#760=CARTESIAN_POINT('',(10.603986459,-18.9,-0.3));
#761=DIRECTION('',(0.,1.,0.));
#762=DIRECTION('',(0.,0.,-1.));
#763=AXIS2_PLACEMENT_3D('',#760,#761,#762);
#764=CYLINDRICAL_SURFACE('',#763,0.6);
#765=CARTESIAN_POINT('',(10.603986459,-17.9,-0.9));
#766=VERTEX_POINT('',#765);
#767=CARTESIAN_POINT('',(10.603986459,-18.9,-0.9));
#768=VERTEX_POINT('',#767);
#769=CARTESIAN_POINT('',(10.603986459,-17.9,-0.9));
#770=DIRECTION('',(-0.,-1.,-0.));
#771=VECTOR('',#770,1.);
#772=LINE('',#769,#771);
#773=EDGE_CURVE('',#766,#768,#772,.T.);
#774=ORIENTED_EDGE('',*,*,#773,.F.);
#775=CARTESIAN_POINT('',(10.603986459,-17.9,0.3));
#776=VERTEX_POINT('',#775);
#777=CARTESIAN_POINT('',(10.603986459,-17.9,-0.3));
#778=DIRECTION('',(0.,1.,0.));
#779=DIRECTION('',(0.,-0.,1.));
#780=AXIS2_PLACEMENT_3D('',#777,#778,#779);
#781=CIRCLE('',#780,0.6);
#782=EDGE_CURVE('',#766,#776,#781,.T.);
#783=ORIENTED_EDGE('',*,*,#782,.T.);
#784=CARTESIAN_POINT('',(10.603986459,-17.9,-0.3));
#785=DIRECTION('',(0.,1.,0.));
#786=DIRECTION('',(0.,-0.,1.));
#787=AXIS2_PLACEMENT_3D('',#784,#785,#786);
#788=CIRCLE('',#787,0.6);
#789=EDGE_CURVE('',#776,#766,#788,.T.);
#790=ORIENTED_EDGE('',*,*,#789,.T.);
#791=ORIENTED_EDGE('',*,*,#773,.T.);
#792=CARTESIAN_POINT('',(10.603986459,-18.9,0.3));
#793=VERTEX_POINT('',#792);
#794=CARTESIAN_POINT('',(10.603986459,-18.9,-0.3));
#795=DIRECTION('',(0.,1.,0.));
#796=DIRECTION('',(0.,-0.,1.));
#797=AXIS2_PLACEMENT_3D('',#794,#795,#796);
#798=CIRCLE('',#797,0.6);
#799=EDGE_CURVE('',#793,#768,#798,.T.);
#800=ORIENTED_EDGE('',*,*,#799,.F.);
#801=CARTESIAN_POINT('',(10.603986459,-18.9,-0.3));
#802=DIRECTION('',(0.,1.,0.));
#803=DIRECTION('',(0.,-0.,1.));
#804=AXIS2_PLACEMENT_3D('',#801,#802,#803);
#805=CIRCLE('',#804,0.6);
#806=EDGE_CURVE('',#768,#793,#805,.T.);
#807=ORIENTED_EDGE('',*,*,#806,.F.);
#808=EDGE_LOOP('',(#774,#783,#790,#791,#800,#807));
#809=FACE_BOUND('',#808,.T.);
#810=ADVANCED_FACE('',(#809),#764,.F.);
#811=CARTESIAN_POINT('',(8.821581396,-18.9,-0.3));
#812=DIRECTION('',(0.,1.,0.));
#813=DIRECTION('',(0.,0.,-1.));
#814=AXIS2_PLACEMENT_3D('',#811,#812,#813);
#815=CYLINDRICAL_SURFACE('',#814,0.6);
#816=CARTESIAN_POINT('',(8.821581396,-17.9,-0.9));
#817=VERTEX_POINT('',#816);
#818=CARTESIAN_POINT('',(8.821581396,-18.9,-0.9));
#819=VERTEX_POINT('',#818);
#820=CARTESIAN_POINT('',(8.821581396,-17.9,-0.9));
#821=DIRECTION('',(-0.,-1.,-0.));
#822=VECTOR('',#821,1.);
#823=LINE('',#820,#822);
#824=EDGE_CURVE('',#817,#819,#823,.T.);
#825=ORIENTED_EDGE('',*,*,#824,.F.);
#826=CARTESIAN_POINT('',(8.821581396,-17.9,0.3));
#827=VERTEX_POINT('',#826);
#828=CARTESIAN_POINT('',(8.821581396,-17.9,-0.3));
#829=DIRECTION('',(0.,1.,0.));
#830=DIRECTION('',(0.,-0.,1.));
#831=AXIS2_PLACEMENT_3D('',#828,#829,#830);
#832=CIRCLE('',#831,0.6);
#833=EDGE_CURVE('',#817,#827,#832,.T.);
#834=ORIENTED_EDGE('',*,*,#833,.T.);
#835=CARTESIAN_POINT('',(8.821581396,-17.9,-0.3));
#836=DIRECTION('',(0.,1.,0.));
#837=DIRECTION('',(0.,-0.,1.));
#838=AXIS2_PLACEMENT_3D('',#835,#836,#837);
#839=CIRCLE('',#838,0.6);
#840=EDGE_CURVE('',#827,#817,#839,.T.);
#841=ORIENTED_EDGE('',*,*,#840,.T.);
#842=ORIENTED_EDGE('',*,*,#824,.T.);
#843=CARTESIAN_POINT('',(8.821581396,-18.9,0.3));
#844=VERTEX_POINT('',#843);
#845=CARTESIAN_POINT('',(8.821581396,-18.9,-0.3));
#846=DIRECTION('',(0.,1.,0.));
#847=DIRECTION('',(0.,-0.,1.));
#848=AXIS2_PLACEMENT_3D('',#845,#846,#847);
#849=CIRCLE('',#848,0.6);
#850=EDGE_CURVE('',#844,#819,#849,.T.);
#851=ORIENTED_EDGE('',*,*,#850,.F.);
#852=CARTESIAN_POINT('',(8.821581396,-18.9,-0.3));
#853=DIRECTION('',(0.,1.,0.));
#854=DIRECTION('',(0.,-0.,1.));
#855=AXIS2_PLACEMENT_3D('',#852,#853,#854);
#856=CIRCLE('',#855,0.6);
#857=EDGE_CURVE('',#819,#844,#856,.T.);
#858=ORIENTED_EDGE('',*,*,#857,.F.);
#859=EDGE_LOOP('',(#825,#834,#841,#842,#851,#858));
#860=FACE_BOUND('',#859,.T.);
#861=ADVANCED_FACE('',(#860),#815,.F.);
#862=CARTESIAN_POINT('',(7.039176332,-18.9,-0.3));
#863=DIRECTION('',(0.,1.,0.));
#864=DIRECTION('',(0.,0.,-1.));
#865=AXIS2_PLACEMENT_3D('',#862,#863,#864);
#866=CYLINDRICAL_SURFACE('',#865,0.6);
#867=CARTESIAN_POINT('',(7.039176332,-17.9,-0.9));
#868=VERTEX_POINT('',#867);
#869=CARTESIAN_POINT('',(7.039176332,-18.9,-0.9));
#870=VERTEX_POINT('',#869);
#871=CARTESIAN_POINT('',(7.039176332,-17.9,-0.9));
#872=DIRECTION('',(-0.,-1.,-0.));
#873=VECTOR('',#872,1.);
#874=LINE('',#871,#873);
#875=EDGE_CURVE('',#868,#870,#874,.T.);
#876=ORIENTED_EDGE('',*,*,#875,.F.);
#877=CARTESIAN_POINT('',(7.039176332,-17.9,0.3));
#878=VERTEX_POINT('',#877);
#879=CARTESIAN_POINT('',(7.039176332,-17.9,-0.3));
#880=DIRECTION('',(0.,1.,0.));
#881=DIRECTION('',(0.,-0.,1.));
#882=AXIS2_PLACEMENT_3D('',#879,#880,#881);
#883=CIRCLE('',#882,0.6);
#884=EDGE_CURVE('',#868,#878,#883,.T.);
#885=ORIENTED_EDGE('',*,*,#884,.T.);
#886=CARTESIAN_POINT('',(7.039176332,-17.9,-0.3));
#887=DIRECTION('',(0.,1.,0.));
#888=DIRECTION('',(0.,-0.,1.));
#889=AXIS2_PLACEMENT_3D('',#886,#887,#888);
#890=CIRCLE('',#889,0.6);
#891=EDGE_CURVE('',#878,#868,#890,.T.);
#892=ORIENTED_EDGE('',*,*,#891,.T.);
#893=ORIENTED_EDGE('',*,*,#875,.T.);
#894=CARTESIAN_POINT('',(7.039176332,-18.9,0.3));
#895=VERTEX_POINT('',#894);
#896=CARTESIAN_POINT('',(7.039176332,-18.9,-0.3));
#897=DIRECTION('',(0.,1.,0.));
#898=DIRECTION('',(0.,-0.,1.));
#899=AXIS2_PLACEMENT_3D('',#896,#897,#898);
#900=CIRCLE('',#899,0.6);
#901=EDGE_CURVE('',#895,#870,#900,.T.);
#902=ORIENTED_EDGE('',*,*,#901,.F.);
#903=CARTESIAN_POINT('',(7.039176332,-18.9,-0.3));
#904=DIRECTION('',(0.,1.,0.));
#905=DIRECTION('',(0.,-0.,1.));
#906=AXIS2_PLACEMENT_3D('',#903,#904,#905);
#907=CIRCLE('',#906,0.6);
#908=EDGE_CURVE('',#870,#895,#907,.T.);
#909=ORIENTED_EDGE('',*,*,#908,.F.);
#910=EDGE_LOOP('',(#876,#885,#892,#893,#902,#909));
#911=FACE_BOUND('',#910,.T.);
#912=ADVANCED_FACE('',(#911),#866,.F.);
#913=CARTESIAN_POINT('',(5.256771269,-18.9,-0.3));
#914=DIRECTION('',(0.,1.,0.));
#915=DIRECTION('',(0.,0.,-1.));
#916=AXIS2_PLACEMENT_3D('',#913,#914,#915);
#917=CYLINDRICAL_SURFACE('',#916,0.6);
#918=CARTESIAN_POINT('',(5.256771269,-17.9,-0.9));
#919=VERTEX_POINT('',#918);
#920=CARTESIAN_POINT('',(5.256771269,-18.9,-0.9));
#921=VERTEX_POINT('',#920);
#922=CARTESIAN_POINT('',(5.256771269,-17.9,-0.9));
#923=DIRECTION('',(-0.,-1.,-0.));
#924=VECTOR('',#923,1.);
#925=LINE('',#922,#924);
#926=EDGE_CURVE('',#919,#921,#925,.T.);
#927=ORIENTED_EDGE('',*,*,#926,.F.);
#928=CARTESIAN_POINT('',(5.256771269,-17.9,0.3));
#929=VERTEX_POINT('',#928);
#930=CARTESIAN_POINT('',(5.256771269,-17.9,-0.3));
#931=DIRECTION('',(0.,1.,0.));
#932=DIRECTION('',(0.,-0.,1.));
#933=AXIS2_PLACEMENT_3D('',#930,#931,#932);
#934=CIRCLE('',#933,0.6);
#935=EDGE_CURVE('',#919,#929,#934,.T.);
#936=ORIENTED_EDGE('',*,*,#935,.T.);
#937=CARTESIAN_POINT('',(5.256771269,-17.9,-0.3));
#938=DIRECTION('',(0.,1.,0.));
#939=DIRECTION('',(0.,-0.,1.));
#940=AXIS2_PLACEMENT_3D('',#937,#938,#939);
#941=CIRCLE('',#940,0.6);
#942=EDGE_CURVE('',#929,#919,#941,.T.);
#943=ORIENTED_EDGE('',*,*,#942,.T.);
#944=ORIENTED_EDGE('',*,*,#926,.T.);
#945=CARTESIAN_POINT('',(5.256771269,-18.9,0.3));
#946=VERTEX_POINT('',#945);
#947=CARTESIAN_POINT('',(5.256771269,-18.9,-0.3));
#948=DIRECTION('',(0.,1.,0.));
#949=DIRECTION('',(0.,-0.,1.));
#950=AXIS2_PLACEMENT_3D('',#947,#948,#949);
#951=CIRCLE('',#950,0.6);
#952=EDGE_CURVE('',#946,#921,#951,.T.);
#953=ORIENTED_EDGE('',*,*,#952,.F.);
#954=CARTESIAN_POINT('',(5.256771269,-18.9,-0.3));
#955=DIRECTION('',(0.,1.,0.));
#956=DIRECTION('',(0.,-0.,1.));
#957=AXIS2_PLACEMENT_3D('',#954,#955,#956);
#958=CIRCLE('',#957,0.6);
#959=EDGE_CURVE('',#921,#946,#958,.T.);
#960=ORIENTED_EDGE('',*,*,#959,.F.);
#961=EDGE_LOOP('',(#927,#936,#943,#944,#953,#960));
#962=FACE_BOUND('',#961,.T.);
#963=ADVANCED_FACE('',(#962),#917,.F.);
#964=CARTESIAN_POINT('',(3.474366206,-18.9,-0.3));
#965=DIRECTION('',(0.,1.,0.));
#966=DIRECTION('',(0.,0.,-1.));
#967=AXIS2_PLACEMENT_3D('',#964,#965,#966);
#968=CYLINDRICAL_SURFACE('',#967,0.6);
#969=CARTESIAN_POINT('',(3.474366206,-17.9,-0.9));
#970=VERTEX_POINT('',#969);
#971=CARTESIAN_POINT('',(3.474366206,-18.9,-0.9));
#972=VERTEX_POINT('',#971);
#973=CARTESIAN_POINT('',(3.474366206,-17.9,-0.9));
#974=DIRECTION('',(-0.,-1.,-0.));
#975=VECTOR('',#974,1.);
#976=LINE('',#973,#975);
#977=EDGE_CURVE('',#970,#972,#976,.T.);
#978=ORIENTED_EDGE('',*,*,#977,.F.);
#979=CARTESIAN_POINT('',(3.474366206,-17.9,0.3));
#980=VERTEX_POINT('',#979);
#981=CARTESIAN_POINT('',(3.474366206,-17.9,-0.3));
#982=DIRECTION('',(0.,1.,0.));
#983=DIRECTION('',(0.,-0.,1.));
#984=AXIS2_PLACEMENT_3D('',#981,#982,#983);
#985=CIRCLE('',#984,0.6);
#986=EDGE_CURVE('',#970,#980,#985,.T.);
#987=ORIENTED_EDGE('',*,*,#986,.T.);
#988=CARTESIAN_POINT('',(3.474366206,-17.9,-0.3));
#989=DIRECTION('',(0.,1.,0.));
#990=DIRECTION('',(0.,-0.,1.));
#991=AXIS2_PLACEMENT_3D('',#988,#989,#990);
#992=CIRCLE('',#991,0.6);
#993=EDGE_CURVE('',#980,#970,#992,.T.);
#994=ORIENTED_EDGE('',*,*,#993,.T.);
#995=ORIENTED_EDGE('',*,*,#977,.T.);
#996=CARTESIAN_POINT('',(3.474366206,-18.9,0.3));
#997=VERTEX_POINT('',#996);
#998=CARTESIAN_POINT('',(3.474366206,-18.9,-0.3));
#999=DIRECTION('',(0.,1.,0.));
#1000=DIRECTION('',(0.,-0.,1.));
#1001=AXIS2_PLACEMENT_3D('',#998,#999,#1000);
#1002=CIRCLE('',#1001,0.6);
#1003=EDGE_CURVE('',#997,#972,#1002,.T.);
#1004=ORIENTED_EDGE('',*,*,#1003,.F.);
#1005=CARTESIAN_POINT('',(3.474366206,-18.9,-0.3));
#1006=DIRECTION('',(0.,1.,0.));
#1007=DIRECTION('',(0.,-0.,1.));
#1008=AXIS2_PLACEMENT_3D('',#1005,#1006,#1007);
#1009=CIRCLE('',#1008,0.6);
#1010=EDGE_CURVE('',#972,#997,#1009,.T.);
#1011=ORIENTED_EDGE('',*,*,#1010,.F.);
#1012=EDGE_LOOP('',(#978,#987,#994,#995,#1004,#1011));
#1013=FACE_BOUND('',#1012,.T.);
#1014=ADVANCED_FACE('',(#1013),#968,.F.);
#1015=CARTESIAN_POINT('',(1.691961142,-18.9,-0.3));
#1016=DIRECTION('',(0.,1.,0.));
#1017=DIRECTION('',(0.,0.,-1.));
#1018=AXIS2_PLACEMENT_3D('',#1015,#1016,#1017);
#1019=CYLINDRICAL_SURFACE('',#1018,0.6);
#1020=CARTESIAN_POINT('',(1.691961142,-17.9,-0.9));
#1021=VERTEX_POINT('',#1020);
#1022=CARTESIAN_POINT('',(1.691961142,-18.9,-0.9));
#1023=VERTEX_POINT('',#1022);
#1024=CARTESIAN_POINT('',(1.691961142,-17.9,-0.9));
#1025=DIRECTION('',(-0.,-1.,-0.));
#1026=VECTOR('',#1025,1.);
#1027=LINE('',#1024,#1026);
#1028=EDGE_CURVE('',#1021,#1023,#1027,.T.);
#1029=ORIENTED_EDGE('',*,*,#1028,.F.);
#1030=CARTESIAN_POINT('',(1.691961142,-17.9,0.3));
#1031=VERTEX_POINT('',#1030);
#1032=CARTESIAN_POINT('',(1.691961142,-17.9,-0.3));
#1033=DIRECTION('',(0.,1.,0.));
#1034=DIRECTION('',(0.,-0.,1.));
#1035=AXIS2_PLACEMENT_3D('',#1032,#1033,#1034);
#1036=CIRCLE('',#1035,0.6);
#1037=EDGE_CURVE('',#1021,#1031,#1036,.T.);
#1038=ORIENTED_EDGE('',*,*,#1037,.T.);
#1039=CARTESIAN_POINT('',(1.691961142,-17.9,-0.3));
#1040=DIRECTION('',(0.,1.,0.));
#1041=DIRECTION('',(0.,-0.,1.));
#1042=AXIS2_PLACEMENT_3D('',#1039,#1040,#1041);
#1043=CIRCLE('',#1042,0.6);
#1044=EDGE_CURVE('',#1031,#1021,#1043,.T.);
#1045=ORIENTED_EDGE('',*,*,#1044,.T.);
#1046=ORIENTED_EDGE('',*,*,#1028,.T.);
#1047=CARTESIAN_POINT('',(1.691961142,-18.9,0.3));
#1048=VERTEX_POINT('',#1047);
#1049=CARTESIAN_POINT('',(1.691961142,-18.9,-0.3));
#1050=DIRECTION('',(0.,1.,0.));
#1051=DIRECTION('',(0.,-0.,1.));
#1052=AXIS2_PLACEMENT_3D('',#1049,#1050,#1051);
#1053=CIRCLE('',#1052,0.6);
#1054=EDGE_CURVE('',#1048,#1023,#1053,.T.);
#1055=ORIENTED_EDGE('',*,*,#1054,.F.);
#1056=CARTESIAN_POINT('',(1.691961142,-18.9,-0.3));
#1057=DIRECTION('',(0.,1.,0.));
#1058=DIRECTION('',(0.,-0.,1.));
#1059=AXIS2_PLACEMENT_3D('',#1056,#1057,#1058);
#1060=CIRCLE('',#1059,0.6);
#1061=EDGE_CURVE('',#1023,#1048,#1060,.T.);
#1062=ORIENTED_EDGE('',*,*,#1061,.F.);
#1063=EDGE_LOOP('',(#1029,#1038,#1045,#1046,#1055,#1062));
#1064=FACE_BOUND('',#1063,.T.);
#1065=ADVANCED_FACE('',(#1064),#1019,.F.);
#1066=CARTESIAN_POINT('',(-0.090443921,-18.9,-0.3));
#1067=DIRECTION('',(0.,1.,0.));
#1068=DIRECTION('',(0.,0.,-1.));
#1069=AXIS2_PLACEMENT_3D('',#1066,#1067,#1068);
#1070=CYLINDRICAL_SURFACE('',#1069,0.6);
#1071=CARTESIAN_POINT('',(-0.090443921,-17.9,-0.9));
#1072=VERTEX_POINT('',#1071);
#1073=CARTESIAN_POINT('',(-0.090443921,-18.9,-0.9));
#1074=VERTEX_POINT('',#1073);
#1075=CARTESIAN_POINT('',(-0.090443921,-17.9,-0.9));
#1076=DIRECTION('',(-0.,-1.,-0.));
#1077=VECTOR('',#1076,1.);
#1078=LINE('',#1075,#1077);
#1079=EDGE_CURVE('',#1072,#1074,#1078,.T.);
#1080=ORIENTED_EDGE('',*,*,#1079,.F.);
#1081=CARTESIAN_POINT('',(-0.090443921,-17.9,0.3));
#1082=VERTEX_POINT('',#1081);
#1083=CARTESIAN_POINT('',(-0.090443921,-17.9,-0.3));
#1084=DIRECTION('',(0.,1.,0.));
#1085=DIRECTION('',(0.,-0.,1.));
#1086=AXIS2_PLACEMENT_3D('',#1083,#1084,#1085);
#1087=CIRCLE('',#1086,0.6);
#1088=EDGE_CURVE('',#1072,#1082,#1087,.T.);
#1089=ORIENTED_EDGE('',*,*,#1088,.T.);
#1090=CARTESIAN_POINT('',(-0.090443921,-17.9,-0.3));
#1091=DIRECTION('',(0.,1.,0.));
#1092=DIRECTION('',(0.,-0.,1.));
#1093=AXIS2_PLACEMENT_3D('',#1090,#1091,#1092);
#1094=CIRCLE('',#1093,0.6);
#1095=EDGE_CURVE('',#1082,#1072,#1094,.T.);
#1096=ORIENTED_EDGE('',*,*,#1095,.T.);
#1097=ORIENTED_EDGE('',*,*,#1079,.T.);
#1098=CARTESIAN_POINT('',(-0.090443921,-18.9,0.3));
#1099=VERTEX_POINT('',#1098);
#1100=CARTESIAN_POINT('',(-0.090443921,-18.9,-0.3));
#1101=DIRECTION('',(0.,1.,0.));
#1102=DIRECTION('',(0.,-0.,1.));
#1103=AXIS2_PLACEMENT_3D('',#1100,#1101,#1102);
#1104=CIRCLE('',#1103,0.6);
#1105=EDGE_CURVE('',#1099,#1074,#1104,.T.);
#1106=ORIENTED_EDGE('',*,*,#1105,.F.);
#1107=CARTESIAN_POINT('',(-0.090443921,-18.9,-0.3));
#1108=DIRECTION('',(0.,1.,0.));
#1109=DIRECTION('',(0.,-0.,1.));
#1110=AXIS2_PLACEMENT_3D('',#1107,#1108,#1109);
#1111=CIRCLE('',#1110,0.6);
#1112=EDGE_CURVE('',#1074,#1099,#1111,.T.);
#1113=ORIENTED_EDGE('',*,*,#1112,.F.);
#1114=EDGE_LOOP('',(#1080,#1089,#1096,#1097,#1106,#1113));
#1115=FACE_BOUND('',#1114,.T.);
#1116=ADVANCED_FACE('',(#1115),#1070,.F.);
#1117=CARTESIAN_POINT('',(-1.872848984,-18.9,-0.3));
#1118=DIRECTION('',(0.,1.,0.));
#1119=DIRECTION('',(0.,0.,-1.));
#1120=AXIS2_PLACEMENT_3D('',#1117,#1118,#1119);
#1121=CYLINDRICAL_SURFACE('',#1120,0.6);
#1122=CARTESIAN_POINT('',(-1.872848984,-17.9,-0.9));
#1123=VERTEX_POINT('',#1122);
#1124=CARTESIAN_POINT('',(-1.872848984,-18.9,-0.9));
#1125=VERTEX_POINT('',#1124);
#1126=CARTESIAN_POINT('',(-1.872848984,-17.9,-0.9));
#1127=DIRECTION('',(-0.,-1.,-0.));
#1128=VECTOR('',#1127,1.);
#1129=LINE('',#1126,#1128);
#1130=EDGE_CURVE('',#1123,#1125,#1129,.T.);
#1131=ORIENTED_EDGE('',*,*,#1130,.F.);
#1132=CARTESIAN_POINT('',(-1.872848984,-17.9,0.3));
#1133=VERTEX_POINT('',#1132);
#1134=CARTESIAN_POINT('',(-1.872848984,-17.9,-0.3));
#1135=DIRECTION('',(0.,1.,0.));
#1136=DIRECTION('',(0.,-0.,1.));
#1137=AXIS2_PLACEMENT_3D('',#1134,#1135,#1136);
#1138=CIRCLE('',#1137,0.6);
#1139=EDGE_CURVE('',#1123,#1133,#1138,.T.);
#1140=ORIENTED_EDGE('',*,*,#1139,.T.);
#1141=CARTESIAN_POINT('',(-1.872848984,-17.9,-0.3));
#1142=DIRECTION('',(0.,1.,0.));
#1143=DIRECTION('',(0.,-0.,1.));
#1144=AXIS2_PLACEMENT_3D('',#1141,#1142,#1143);
#1145=CIRCLE('',#1144,0.6);
#1146=EDGE_CURVE('',#1133,#1123,#1145,.T.);
#1147=ORIENTED_EDGE('',*,*,#1146,.T.);
#1148=ORIENTED_EDGE('',*,*,#1130,.T.);
#1149=CARTESIAN_POINT('',(-1.872848984,-18.9,0.3));
#1150=VERTEX_POINT('',#1149);
#1151=CARTESIAN_POINT('',(-1.872848984,-18.9,-0.3));
#1152=DIRECTION('',(0.,1.,0.));
#1153=DIRECTION('',(0.,-0.,1.));
#1154=AXIS2_PLACEMENT_3D('',#1151,#1152,#1153);
#1155=CIRCLE('',#1154,0.6);
#1156=EDGE_CURVE('',#1150,#1125,#1155,.T.);
#1157=ORIENTED_EDGE('',*,*,#1156,.F.);
#1158=CARTESIAN_POINT('',(-1.872848984,-18.9,-0.3));
#1159=DIRECTION('',(0.,1.,0.));
#1160=DIRECTION('',(0.,-0.,1.));
#1161=AXIS2_PLACEMENT_3D('',#1158,#1159,#1160);
#1162=CIRCLE('',#1161,0.6);
#1163=EDGE_CURVE('',#1125,#1150,#1162,.T.);
#1164=ORIENTED_EDGE('',*,*,#1163,.F.);
#1165=EDGE_LOOP('',(#1131,#1140,#1147,#1148,#1157,#1164));
#1166=FACE_BOUND('',#1165,.T.);
#1167=ADVANCED_FACE('',(#1166),#1121,.F.);
#1168=CARTESIAN_POINT('',(-3.655254047,-18.9,-0.3));
#1169=DIRECTION('',(0.,1.,0.));
#1170=DIRECTION('',(0.,0.,-1.));
#1171=AXIS2_PLACEMENT_3D('',#1168,#1169,#1170);
#1172=CYLINDRICAL_SURFACE('',#1171,0.6);
#1173=CARTESIAN_POINT('',(-3.655254047,-17.9,-0.9));
#1174=VERTEX_POINT('',#1173);
#1175=CARTESIAN_POINT('',(-3.655254047,-18.9,-0.9));
#1176=VERTEX_POINT('',#1175);
#1177=CARTESIAN_POINT('',(-3.655254047,-17.9,-0.9));
#1178=DIRECTION('',(-0.,-1.,-0.));
#1179=VECTOR('',#1178,1.);
#1180=LINE('',#1177,#1179);
#1181=EDGE_CURVE('',#1174,#1176,#1180,.T.);
#1182=ORIENTED_EDGE('',*,*,#1181,.F.);
#1183=CARTESIAN_POINT('',(-3.655254047,-17.9,0.3));
#1184=VERTEX_POINT('',#1183);
#1185=CARTESIAN_POINT('',(-3.655254047,-17.9,-0.3));
#1186=DIRECTION('',(0.,1.,0.));
#1187=DIRECTION('',(0.,-0.,1.));
#1188=AXIS2_PLACEMENT_3D('',#1185,#1186,#1187);
#1189=CIRCLE('',#1188,0.6);
#1190=EDGE_CURVE('',#1174,#1184,#1189,.T.);
#1191=ORIENTED_EDGE('',*,*,#1190,.T.);
#1192=CARTESIAN_POINT('',(-3.655254047,-17.9,-0.3));
#1193=DIRECTION('',(0.,1.,0.));
#1194=DIRECTION('',(0.,-0.,1.));
#1195=AXIS2_PLACEMENT_3D('',#1192,#1193,#1194);
#1196=CIRCLE('',#1195,0.6);
#1197=EDGE_CURVE('',#1184,#1174,#1196,.T.);
#1198=ORIENTED_EDGE('',*,*,#1197,.T.);
#1199=ORIENTED_EDGE('',*,*,#1181,.T.);
#1200=CARTESIAN_POINT('',(-3.655254047,-18.9,0.3));
#1201=VERTEX_POINT('',#1200);
#1202=CARTESIAN_POINT('',(-3.655254047,-18.9,-0.3));
#1203=DIRECTION('',(0.,1.,0.));
#1204=DIRECTION('',(0.,-0.,1.));
#1205=AXIS2_PLACEMENT_3D('',#1202,#1203,#1204);
#1206=CIRCLE('',#1205,0.6);
#1207=EDGE_CURVE('',#1201,#1176,#1206,.T.);
#1208=ORIENTED_EDGE('',*,*,#1207,.F.);
#1209=CARTESIAN_POINT('',(-3.655254047,-18.9,-0.3));
#1210=DIRECTION('',(0.,1.,0.));
#1211=DIRECTION('',(0.,-0.,1.));
#1212=AXIS2_PLACEMENT_3D('',#1209,#1210,#1211);
#1213=CIRCLE('',#1212,0.6);
#1214=EDGE_CURVE('',#1176,#1201,#1213,.T.);
#1215=ORIENTED_EDGE('',*,*,#1214,.F.);
#1216=EDGE_LOOP('',(#1182,#1191,#1198,#1199,#1208,#1215));
#1217=FACE_BOUND('',#1216,.T.);
#1218=ADVANCED_FACE('',(#1217),#1172,.F.);
#1219=CARTESIAN_POINT('',(-5.437659111,-18.9,-0.3));
#1220=DIRECTION('',(0.,1.,0.));
#1221=DIRECTION('',(0.,0.,-1.));
#1222=AXIS2_PLACEMENT_3D('',#1219,#1220,#1221);
#1223=CYLINDRICAL_SURFACE('',#1222,0.6);
#1224=CARTESIAN_POINT('',(-5.437659111,-17.9,-0.9));
#1225=VERTEX_POINT('',#1224);
#1226=CARTESIAN_POINT('',(-5.437659111,-18.9,-0.9));
#1227=VERTEX_POINT('',#1226);
#1228=CARTESIAN_POINT('',(-5.437659111,-17.9,-0.9));
#1229=DIRECTION('',(-0.,-1.,-0.));
#1230=VECTOR('',#1229,1.);
#1231=LINE('',#1228,#1230);
#1232=EDGE_CURVE('',#1225,#1227,#1231,.T.);
#1233=ORIENTED_EDGE('',*,*,#1232,.F.);
#1234=CARTESIAN_POINT('',(-5.437659111,-17.9,0.3));
#1235=VERTEX_POINT('',#1234);
#1236=CARTESIAN_POINT('',(-5.437659111,-17.9,-0.3));
#1237=DIRECTION('',(0.,1.,0.));
#1238=DIRECTION('',(0.,-0.,1.));
#1239=AXIS2_PLACEMENT_3D('',#1236,#1237,#1238);
#1240=CIRCLE('',#1239,0.6);
#1241=EDGE_CURVE('',#1225,#1235,#1240,.T.);
#1242=ORIENTED_EDGE('',*,*,#1241,.T.);
#1243=CARTESIAN_POINT('',(-5.437659111,-17.9,-0.3));
#1244=DIRECTION('',(0.,1.,0.));
#1245=DIRECTION('',(0.,-0.,1.));
#1246=AXIS2_PLACEMENT_3D('',#1243,#1244,#1245);
#1247=CIRCLE('',#1246,0.6);
#1248=EDGE_CURVE('',#1235,#1225,#1247,.T.);
#1249=ORIENTED_EDGE('',*,*,#1248,.T.);
#1250=ORIENTED_EDGE('',*,*,#1232,.T.);
#1251=CARTESIAN_POINT('',(-5.437659111,-18.9,0.3));
#1252=VERTEX_POINT('',#1251);
#1253=CARTESIAN_POINT('',(-5.437659111,-18.9,-0.3));
#1254=DIRECTION('',(0.,1.,0.));
#1255=DIRECTION('',(0.,-0.,1.));
#1256=AXIS2_PLACEMENT_3D('',#1253,#1254,#1255);
#1257=CIRCLE('',#1256,0.6);
#1258=EDGE_CURVE('',#1252,#1227,#1257,.T.);
#1259=ORIENTED_EDGE('',*,*,#1258,.F.);
#1260=CARTESIAN_POINT('',(-5.437659111,-18.9,-0.3));
#1261=DIRECTION('',(0.,1.,0.));
#1262=DIRECTION('',(0.,-0.,1.));
#1263=AXIS2_PLACEMENT_3D('',#1260,#1261,#1262);
#1264=CIRCLE('',#1263,0.6);
#1265=EDGE_CURVE('',#1227,#1252,#1264,.T.);
#1266=ORIENTED_EDGE('',*,*,#1265,.F.);
#1267=EDGE_LOOP('',(#1233,#1242,#1249,#1250,#1259,#1266));
#1268=FACE_BOUND('',#1267,.T.);
#1269=ADVANCED_FACE('',(#1268),#1223,.F.);
#1270=CARTESIAN_POINT('',(-7.220064174,-18.9,-0.3));
#1271=DIRECTION('',(0.,1.,0.));
#1272=DIRECTION('',(0.,0.,-1.));
#1273=AXIS2_PLACEMENT_3D('',#1270,#1271,#1272);
#1274=CYLINDRICAL_SURFACE('',#1273,0.6);
#1275=CARTESIAN_POINT('',(-7.220064174,-17.9,-0.9));
#1276=VERTEX_POINT('',#1275);
#1277=CARTESIAN_POINT('',(-7.220064174,-18.9,-0.9));
#1278=VERTEX_POINT('',#1277);
#1279=CARTESIAN_POINT('',(-7.220064174,-17.9,-0.9));
#1280=DIRECTION('',(-0.,-1.,-0.));
#1281=VECTOR('',#1280,1.);
#1282=LINE('',#1279,#1281);
#1283=EDGE_CURVE('',#1276,#1278,#1282,.T.);
#1284=ORIENTED_EDGE('',*,*,#1283,.F.);
#1285=CARTESIAN_POINT('',(-7.220064174,-17.9,0.3));
#1286=VERTEX_POINT('',#1285);
#1287=CARTESIAN_POINT('',(-7.220064174,-17.9,-0.3));
#1288=DIRECTION('',(0.,1.,0.));
#1289=DIRECTION('',(0.,-0.,1.));
#1290=AXIS2_PLACEMENT_3D('',#1287,#1288,#1289);
#1291=CIRCLE('',#1290,0.6);
#1292=EDGE_CURVE('',#1276,#1286,#1291,.T.);
#1293=ORIENTED_EDGE('',*,*,#1292,.T.);
#1294=CARTESIAN_POINT('',(-7.220064174,-17.9,-0.3));
#1295=DIRECTION('',(0.,1.,0.));
#1296=DIRECTION('',(0.,-0.,1.));
#1297=AXIS2_PLACEMENT_3D('',#1294,#1295,#1296);
#1298=CIRCLE('',#1297,0.6);
#1299=EDGE_CURVE('',#1286,#1276,#1298,.T.);
#1300=ORIENTED_EDGE('',*,*,#1299,.T.);
#1301=ORIENTED_EDGE('',*,*,#1283,.T.);
#1302=CARTESIAN_POINT('',(-7.220064174,-18.9,0.3));
#1303=VERTEX_POINT('',#1302);
#1304=CARTESIAN_POINT('',(-7.220064174,-18.9,-0.3));
#1305=DIRECTION('',(0.,1.,0.));
#1306=DIRECTION('',(0.,-0.,1.));
#1307=AXIS2_PLACEMENT_3D('',#1304,#1305,#1306);
#1308=CIRCLE('',#1307,0.6);
#1309=EDGE_CURVE('',#1303,#1278,#1308,.T.);
#1310=ORIENTED_EDGE('',*,*,#1309,.F.);
#1311=CARTESIAN_POINT('',(-7.220064174,-18.9,-0.3));
#1312=DIRECTION('',(0.,1.,0.));
#1313=DIRECTION('',(0.,-0.,1.));
#1314=AXIS2_PLACEMENT_3D('',#1311,#1312,#1313);
#1315=CIRCLE('',#1314,0.6);
#1316=EDGE_CURVE('',#1278,#1303,#1315,.T.);
#1317=ORIENTED_EDGE('',*,*,#1316,.F.);
#1318=EDGE_LOOP('',(#1284,#1293,#1300,#1301,#1310,#1317));
#1319=FACE_BOUND('',#1318,.T.);
#1320=ADVANCED_FACE('',(#1319),#1274,.F.);
#1321=CARTESIAN_POINT('',(-9.002469237,-18.9,-0.3));
#1322=DIRECTION('',(0.,1.,0.));
#1323=DIRECTION('',(0.,0.,-1.));
#1324=AXIS2_PLACEMENT_3D('',#1321,#1322,#1323);
#1325=CYLINDRICAL_SURFACE('',#1324,0.6);
#1326=CARTESIAN_POINT('',(-9.002469237,-17.9,-0.9));
#1327=VERTEX_POINT('',#1326);
#1328=CARTESIAN_POINT('',(-9.002469237,-18.9,-0.9));
#1329=VERTEX_POINT('',#1328);
#1330=CARTESIAN_POINT('',(-9.002469237,-17.9,-0.9));
#1331=DIRECTION('',(-0.,-1.,-0.));
#1332=VECTOR('',#1331,1.);
#1333=LINE('',#1330,#1332);
#1334=EDGE_CURVE('',#1327,#1329,#1333,.T.);
#1335=ORIENTED_EDGE('',*,*,#1334,.F.);
#1336=CARTESIAN_POINT('',(-9.002469237,-17.9,0.3));
#1337=VERTEX_POINT('',#1336);
#1338=CARTESIAN_POINT('',(-9.002469237,-17.9,-0.3));
#1339=DIRECTION('',(0.,1.,0.));
#1340=DIRECTION('',(0.,-0.,1.));
#1341=AXIS2_PLACEMENT_3D('',#1338,#1339,#1340);
#1342=CIRCLE('',#1341,0.6);
#1343=EDGE_CURVE('',#1327,#1337,#1342,.T.);
#1344=ORIENTED_EDGE('',*,*,#1343,.T.);
#1345=CARTESIAN_POINT('',(-9.002469237,-17.9,-0.3));
#1346=DIRECTION('',(0.,1.,0.));
#1347=DIRECTION('',(0.,-0.,1.));
#1348=AXIS2_PLACEMENT_3D('',#1345,#1346,#1347);
#1349=CIRCLE('',#1348,0.6);
#1350=EDGE_CURVE('',#1337,#1327,#1349,.T.);
#1351=ORIENTED_EDGE('',*,*,#1350,.T.);
#1352=ORIENTED_EDGE('',*,*,#1334,.T.);
#1353=CARTESIAN_POINT('',(-9.002469237,-18.9,0.3));
#1354=VERTEX_POINT('',#1353);
#1355=CARTESIAN_POINT('',(-9.002469237,-18.9,-0.3));
#1356=DIRECTION('',(0.,1.,0.));
#1357=DIRECTION('',(0.,-0.,1.));
#1358=AXIS2_PLACEMENT_3D('',#1355,#1356,#1357);
#1359=CIRCLE('',#1358,0.6);
#1360=EDGE_CURVE('',#1354,#1329,#1359,.T.);
#1361=ORIENTED_EDGE('',*,*,#1360,.F.);
#1362=CARTESIAN_POINT('',(-9.002469237,-18.9,-0.3));
#1363=DIRECTION('',(0.,1.,0.));
#1364=DIRECTION('',(0.,-0.,1.));
#1365=AXIS2_PLACEMENT_3D('',#1362,#1363,#1364);
#1366=CIRCLE('',#1365,0.6);
#1367=EDGE_CURVE('',#1329,#1354,#1366,.T.);
#1368=ORIENTED_EDGE('',*,*,#1367,.F.);
#1369=EDGE_LOOP('',(#1335,#1344,#1351,#1352,#1361,#1368));
#1370=FACE_BOUND('',#1369,.T.);
#1371=ADVANCED_FACE('',(#1370),#1325,.F.);
#1372=CARTESIAN_POINT('',(-10.784874301,-18.9,-0.3));
#1373=DIRECTION('',(0.,1.,0.));
#1374=DIRECTION('',(0.,0.,-1.));
#1375=AXIS2_PLACEMENT_3D('',#1372,#1373,#1374);
#1376=CYLINDRICAL_SURFACE('',#1375,0.6);
#1377=CARTESIAN_POINT('',(-10.784874301,-17.9,-0.9));
#1378=VERTEX_POINT('',#1377);
#1379=CARTESIAN_POINT('',(-10.784874301,-18.9,-0.9));
#1380=VERTEX_POINT('',#1379);
#1381=CARTESIAN_POINT('',(-10.784874301,-17.9,-0.9));
#1382=DIRECTION('',(-0.,-1.,-0.));
#1383=VECTOR('',#1382,1.);
#1384=LINE('',#1381,#1383);
#1385=EDGE_CURVE('',#1378,#1380,#1384,.T.);
#1386=ORIENTED_EDGE('',*,*,#1385,.F.);
#1387=CARTESIAN_POINT('',(-10.784874301,-17.9,0.3));
#1388=VERTEX_POINT('',#1387);
#1389=CARTESIAN_POINT('',(-10.784874301,-17.9,-0.3));
#1390=DIRECTION('',(0.,1.,0.));
#1391=DIRECTION('',(0.,-0.,1.));
#1392=AXIS2_PLACEMENT_3D('',#1389,#1390,#1391);
#1393=CIRCLE('',#1392,0.6);
#1394=EDGE_CURVE('',#1378,#1388,#1393,.T.);
#1395=ORIENTED_EDGE('',*,*,#1394,.T.);
#1396=CARTESIAN_POINT('',(-10.784874301,-17.9,-0.3));
#1397=DIRECTION('',(0.,1.,0.));
#1398=DIRECTION('',(0.,-0.,1.));
#1399=AXIS2_PLACEMENT_3D('',#1396,#1397,#1398);
#1400=CIRCLE('',#1399,0.6);
#1401=EDGE_CURVE('',#1388,#1378,#1400,.T.);
#1402=ORIENTED_EDGE('',*,*,#1401,.T.);
#1403=ORIENTED_EDGE('',*,*,#1385,.T.);
#1404=CARTESIAN_POINT('',(-10.784874301,-18.9,0.3));
#1405=VERTEX_POINT('',#1404);
#1406=CARTESIAN_POINT('',(-10.784874301,-18.9,-0.3));
#1407=DIRECTION('',(0.,1.,0.));
#1408=DIRECTION('',(0.,-0.,1.));
#1409=AXIS2_PLACEMENT_3D('',#1406,#1407,#1408);
#1410=CIRCLE('',#1409,0.6);
#1411=EDGE_CURVE('',#1405,#1380,#1410,.T.);
#1412=ORIENTED_EDGE('',*,*,#1411,.F.);
#1413=CARTESIAN_POINT('',(-10.784874301,-18.9,-0.3));
#1414=DIRECTION('',(0.,1.,0.));
#1415=DIRECTION('',(0.,-0.,1.));
#1416=AXIS2_PLACEMENT_3D('',#1413,#1414,#1415);
#1417=CIRCLE('',#1416,0.6);
#1418=EDGE_CURVE('',#1380,#1405,#1417,.T.);
#1419=ORIENTED_EDGE('',*,*,#1418,.F.);
#1420=EDGE_LOOP('',(#1386,#1395,#1402,#1403,#1412,#1419));
#1421=FACE_BOUND('',#1420,.T.);
#1422=ADVANCED_FACE('',(#1421),#1376,.F.);
#1423=CARTESIAN_POINT('',(-12.567279364,-18.9,-0.3));
#1424=DIRECTION('',(0.,1.,0.));
#1425=DIRECTION('',(0.,0.,-1.));
#1426=AXIS2_PLACEMENT_3D('',#1423,#1424,#1425);
#1427=CYLINDRICAL_SURFACE('',#1426,0.6);
#1428=CARTESIAN_POINT('',(-12.567279364,-17.9,-0.9));
#1429=VERTEX_POINT('',#1428);
#1430=CARTESIAN_POINT('',(-12.567279364,-18.9,-0.9));
#1431=VERTEX_POINT('',#1430);
#1432=CARTESIAN_POINT('',(-12.567279364,-17.9,-0.9));
#1433=DIRECTION('',(-0.,-1.,-0.));
#1434=VECTOR('',#1433,1.);
#1435=LINE('',#1432,#1434);
#1436=EDGE_CURVE('',#1429,#1431,#1435,.T.);
#1437=ORIENTED_EDGE('',*,*,#1436,.F.);
#1438=CARTESIAN_POINT('',(-12.567279364,-17.9,0.3));
#1439=VERTEX_POINT('',#1438);
#1440=CARTESIAN_POINT('',(-12.567279364,-17.9,-0.3));
#1441=DIRECTION('',(0.,1.,0.));
#1442=DIRECTION('',(0.,-0.,1.));
#1443=AXIS2_PLACEMENT_3D('',#1440,#1441,#1442);
#1444=CIRCLE('',#1443,0.6);
#1445=EDGE_CURVE('',#1429,#1439,#1444,.T.);
#1446=ORIENTED_EDGE('',*,*,#1445,.T.);
#1447=CARTESIAN_POINT('',(-12.567279364,-17.9,-0.3));
#1448=DIRECTION('',(0.,1.,0.));
#1449=DIRECTION('',(0.,-0.,1.));
#1450=AXIS2_PLACEMENT_3D('',#1447,#1448,#1449);
#1451=CIRCLE('',#1450,0.6);
#1452=EDGE_CURVE('',#1439,#1429,#1451,.T.);
#1453=ORIENTED_EDGE('',*,*,#1452,.T.);
#1454=ORIENTED_EDGE('',*,*,#1436,.T.);
#1455=CARTESIAN_POINT('',(-12.567279364,-18.9,0.3));
#1456=VERTEX_POINT('',#1455);
#1457=CARTESIAN_POINT('',(-12.567279364,-18.9,-0.3));
#1458=DIRECTION('',(0.,1.,0.));
#1459=DIRECTION('',(0.,-0.,1.));
#1460=AXIS2_PLACEMENT_3D('',#1457,#1458,#1459);
#1461=CIRCLE('',#1460,0.6);
#1462=EDGE_CURVE('',#1456,#1431,#1461,.T.);
#1463=ORIENTED_EDGE('',*,*,#1462,.F.);
#1464=CARTESIAN_POINT('',(-12.567279364,-18.9,-0.3));
#1465=DIRECTION('',(0.,1.,0.));
#1466=DIRECTION('',(0.,-0.,1.));
#1467=AXIS2_PLACEMENT_3D('',#1464,#1465,#1466);
#1468=CIRCLE('',#1467,0.6);
#1469=EDGE_CURVE('',#1431,#1456,#1468,.T.);
#1470=ORIENTED_EDGE('',*,*,#1469,.F.);
#1471=EDGE_LOOP('',(#1437,#1446,#1453,#1454,#1463,#1470));
#1472=FACE_BOUND('',#1471,.T.);
#1473=ADVANCED_FACE('',(#1472),#1427,.F.);
#1474=CARTESIAN_POINT('',(-14.349684427,-18.9,-0.3));
#1475=DIRECTION('',(0.,1.,0.));
#1476=DIRECTION('',(0.,0.,-1.));
#1477=AXIS2_PLACEMENT_3D('',#1474,#1475,#1476);
#1478=CYLINDRICAL_SURFACE('',#1477,0.6);
#1479=CARTESIAN_POINT('',(-14.349684427,-17.9,-0.9));
#1480=VERTEX_POINT('',#1479);
#1481=CARTESIAN_POINT('',(-14.349684427,-18.9,-0.9));
#1482=VERTEX_POINT('',#1481);
#1483=CARTESIAN_POINT('',(-14.349684427,-17.9,-0.9));
#1484=DIRECTION('',(-0.,-1.,-0.));
#1485=VECTOR('',#1484,1.);
#1486=LINE('',#1483,#1485);
#1487=EDGE_CURVE('',#1480,#1482,#1486,.T.);
#1488=ORIENTED_EDGE('',*,*,#1487,.F.);
#1489=CARTESIAN_POINT('',(-14.349684427,-17.9,0.3));
#1490=VERTEX_POINT('',#1489);
#1491=CARTESIAN_POINT('',(-14.349684427,-17.9,-0.3));
#1492=DIRECTION('',(0.,1.,0.));
#1493=DIRECTION('',(0.,-0.,1.));
#1494=AXIS2_PLACEMENT_3D('',#1491,#1492,#1493);
#1495=CIRCLE('',#1494,0.6);
#1496=EDGE_CURVE('',#1480,#1490,#1495,.T.);
#1497=ORIENTED_EDGE('',*,*,#1496,.T.);
#1498=CARTESIAN_POINT('',(-14.349684427,-17.9,-0.3));
#1499=DIRECTION('',(0.,1.,0.));
#1500=DIRECTION('',(0.,-0.,1.));
#1501=AXIS2_PLACEMENT_3D('',#1498,#1499,#1500);
#1502=CIRCLE('',#1501,0.6);
#1503=EDGE_CURVE('',#1490,#1480,#1502,.T.);
#1504=ORIENTED_EDGE('',*,*,#1503,.T.);
#1505=ORIENTED_EDGE('',*,*,#1487,.T.);
#1506=CARTESIAN_POINT('',(-14.349684427,-18.9,0.3));
#1507=VERTEX_POINT('',#1506);
#1508=CARTESIAN_POINT('',(-14.349684427,-18.9,-0.3));
#1509=DIRECTION('',(0.,1.,0.));
#1510=DIRECTION('',(0.,-0.,1.));
#1511=AXIS2_PLACEMENT_3D('',#1508,#1509,#1510);
#1512=CIRCLE('',#1511,0.6);
#1513=EDGE_CURVE('',#1507,#1482,#1512,.T.);
#1514=ORIENTED_EDGE('',*,*,#1513,.F.);
#1515=CARTESIAN_POINT('',(-14.349684427,-18.9,-0.3));
#1516=DIRECTION('',(0.,1.,0.));
#1517=DIRECTION('',(0.,-0.,1.));
#1518=AXIS2_PLACEMENT_3D('',#1515,#1516,#1517);
#1519=CIRCLE('',#1518,0.6);
#1520=EDGE_CURVE('',#1482,#1507,#1519,.T.);
#1521=ORIENTED_EDGE('',*,*,#1520,.F.);
#1522=EDGE_LOOP('',(#1488,#1497,#1504,#1505,#1514,#1521));
#1523=FACE_BOUND('',#1522,.T.);
#1524=ADVANCED_FACE('',(#1523),#1478,.F.);
#1525=CARTESIAN_POINT('',(-16.13208949,-18.9,-0.3));
#1526=DIRECTION('',(0.,1.,0.));
#1527=DIRECTION('',(0.,0.,-1.));
#1528=AXIS2_PLACEMENT_3D('',#1525,#1526,#1527);
#1529=CYLINDRICAL_SURFACE('',#1528,0.6);
#1530=CARTESIAN_POINT('',(-16.13208949,-17.9,-0.9));
#1531=VERTEX_POINT('',#1530);
#1532=CARTESIAN_POINT('',(-16.13208949,-18.9,-0.9));
#1533=VERTEX_POINT('',#1532);
#1534=CARTESIAN_POINT('',(-16.13208949,-17.9,-0.9));
#1535=DIRECTION('',(-0.,-1.,-0.));
#1536=VECTOR('',#1535,1.);
#1537=LINE('',#1534,#1536);
#1538=EDGE_CURVE('',#1531,#1533,#1537,.T.);
#1539=ORIENTED_EDGE('',*,*,#1538,.F.);
#1540=CARTESIAN_POINT('',(-16.13208949,-17.9,0.3));
#1541=VERTEX_POINT('',#1540);
#1542=CARTESIAN_POINT('',(-16.13208949,-17.9,-0.3));
#1543=DIRECTION('',(0.,1.,0.));
#1544=DIRECTION('',(0.,-0.,1.));
#1545=AXIS2_PLACEMENT_3D('',#1542,#1543,#1544);
#1546=CIRCLE('',#1545,0.6);
#1547=EDGE_CURVE('',#1531,#1541,#1546,.T.);
#1548=ORIENTED_EDGE('',*,*,#1547,.T.);
#1549=CARTESIAN_POINT('',(-16.13208949,-17.9,-0.3));
#1550=DIRECTION('',(0.,1.,0.));
#1551=DIRECTION('',(0.,-0.,1.));
#1552=AXIS2_PLACEMENT_3D('',#1549,#1550,#1551);
#1553=CIRCLE('',#1552,0.6);
#1554=EDGE_CURVE('',#1541,#1531,#1553,.T.);
#1555=ORIENTED_EDGE('',*,*,#1554,.T.);
#1556=ORIENTED_EDGE('',*,*,#1538,.T.);
#1557=CARTESIAN_POINT('',(-16.13208949,-18.9,0.3));
#1558=VERTEX_POINT('',#1557);
#1559=CARTESIAN_POINT('',(-16.13208949,-18.9,-0.3));
#1560=DIRECTION('',(0.,1.,0.));
#1561=DIRECTION('',(0.,-0.,1.));
#1562=AXIS2_PLACEMENT_3D('',#1559,#1560,#1561);
#1563=CIRCLE('',#1562,0.6);
#1564=EDGE_CURVE('',#1558,#1533,#1563,.T.);
#1565=ORIENTED_EDGE('',*,*,#1564,.F.);
#1566=CARTESIAN_POINT('',(-16.13208949,-18.9,-0.3));
#1567=DIRECTION('',(0.,1.,0.));
#1568=DIRECTION('',(0.,-0.,1.));
#1569=AXIS2_PLACEMENT_3D('',#1566,#1567,#1568);
#1570=CIRCLE('',#1569,0.6);
#1571=EDGE_CURVE('',#1533,#1558,#1570,.T.);
#1572=ORIENTED_EDGE('',*,*,#1571,.F.);
#1573=EDGE_LOOP('',(#1539,#1548,#1555,#1556,#1565,#1572));
#1574=FACE_BOUND('',#1573,.T.);
#1575=ADVANCED_FACE('',(#1574),#1529,.F.);
#1576=CARTESIAN_POINT('',(-17.914494554,-18.9,-0.3));
#1577=DIRECTION('',(0.,1.,0.));
#1578=DIRECTION('',(0.,0.,-1.));
#1579=AXIS2_PLACEMENT_3D('',#1576,#1577,#1578);
#1580=CYLINDRICAL_SURFACE('',#1579,0.6);
#1581=CARTESIAN_POINT('',(-17.914494554,-17.9,-0.9));
#1582=VERTEX_POINT('',#1581);
#1583=CARTESIAN_POINT('',(-17.914494554,-18.9,-0.9));
#1584=VERTEX_POINT('',#1583);
#1585=CARTESIAN_POINT('',(-17.914494554,-17.9,-0.9));
#1586=DIRECTION('',(-0.,-1.,-0.));
#1587=VECTOR('',#1586,1.);
#1588=LINE('',#1585,#1587);
#1589=EDGE_CURVE('',#1582,#1584,#1588,.T.);
#1590=ORIENTED_EDGE('',*,*,#1589,.F.);
#1591=CARTESIAN_POINT('',(-17.914494554,-17.9,0.3));
#1592=VERTEX_POINT('',#1591);
#1593=CARTESIAN_POINT('',(-17.914494554,-17.9,-0.3));
#1594=DIRECTION('',(0.,1.,0.));
#1595=DIRECTION('',(0.,-0.,1.));
#1596=AXIS2_PLACEMENT_3D('',#1593,#1594,#1595);
#1597=CIRCLE('',#1596,0.6);
#1598=EDGE_CURVE('',#1582,#1592,#1597,.T.);
#1599=ORIENTED_EDGE('',*,*,#1598,.T.);
#1600=CARTESIAN_POINT('',(-17.914494554,-17.9,-0.3));
#1601=DIRECTION('',(0.,1.,0.));
#1602=DIRECTION('',(0.,-0.,1.));
#1603=AXIS2_PLACEMENT_3D('',#1600,#1601,#1602);
#1604=CIRCLE('',#1603,0.6);
#1605=EDGE_CURVE('',#1592,#1582,#1604,.T.);
#1606=ORIENTED_EDGE('',*,*,#1605,.T.);
#1607=ORIENTED_EDGE('',*,*,#1589,.T.);
#1608=CARTESIAN_POINT('',(-17.914494554,-18.9,0.3));
#1609=VERTEX_POINT('',#1608);
#1610=CARTESIAN_POINT('',(-17.914494554,-18.9,-0.3));
#1611=DIRECTION('',(0.,1.,0.));
#1612=DIRECTION('',(0.,-0.,1.));
#1613=AXIS2_PLACEMENT_3D('',#1610,#1611,#1612);
#1614=CIRCLE('',#1613,0.6);
#1615=EDGE_CURVE('',#1609,#1584,#1614,.T.);
#1616=ORIENTED_EDGE('',*,*,#1615,.F.);
#1617=CARTESIAN_POINT('',(-17.914494554,-18.9,-0.3));
#1618=DIRECTION('',(0.,1.,0.));
#1619=DIRECTION('',(0.,-0.,1.));
#1620=AXIS2_PLACEMENT_3D('',#1617,#1618,#1619);
#1621=CIRCLE('',#1620,0.6);
#1622=EDGE_CURVE('',#1584,#1609,#1621,.T.);
#1623=ORIENTED_EDGE('',*,*,#1622,.F.);
#1624=EDGE_LOOP('',(#1590,#1599,#1606,#1607,#1616,#1623));
#1625=FACE_BOUND('',#1624,.T.);
#1626=ADVANCED_FACE('',(#1625),#1580,.F.);
#1627=CARTESIAN_POINT('',(-19.696899617,-18.9,-0.3));
#1628=DIRECTION('',(0.,1.,0.));
#1629=DIRECTION('',(0.,0.,-1.));
#1630=AXIS2_PLACEMENT_3D('',#1627,#1628,#1629);
#1631=CYLINDRICAL_SURFACE('',#1630,0.6);
#1632=CARTESIAN_POINT('',(-19.696899617,-17.9,-0.9));
#1633=VERTEX_POINT('',#1632);
#1634=CARTESIAN_POINT('',(-19.696899617,-18.9,-0.9));
#1635=VERTEX_POINT('',#1634);
#1636=CARTESIAN_POINT('',(-19.696899617,-17.9,-0.9));
#1637=DIRECTION('',(-0.,-1.,-0.));
#1638=VECTOR('',#1637,1.);
#1639=LINE('',#1636,#1638);
#1640=EDGE_CURVE('',#1633,#1635,#1639,.T.);
#1641=ORIENTED_EDGE('',*,*,#1640,.F.);
#1642=CARTESIAN_POINT('',(-19.696899617,-17.9,0.3));
#1643=VERTEX_POINT('',#1642);
#1644=CARTESIAN_POINT('',(-19.696899617,-17.9,-0.3));
#1645=DIRECTION('',(0.,1.,0.));
#1646=DIRECTION('',(0.,-0.,1.));
#1647=AXIS2_PLACEMENT_3D('',#1644,#1645,#1646);
#1648=CIRCLE('',#1647,0.6);
#1649=EDGE_CURVE('',#1633,#1643,#1648,.T.);
#1650=ORIENTED_EDGE('',*,*,#1649,.T.);
#1651=CARTESIAN_POINT('',(-19.696899617,-17.9,-0.3));
#1652=DIRECTION('',(0.,1.,0.));
#1653=DIRECTION('',(0.,-0.,1.));
#1654=AXIS2_PLACEMENT_3D('',#1651,#1652,#1653);
#1655=CIRCLE('',#1654,0.6);
#1656=EDGE_CURVE('',#1643,#1633,#1655,.T.);
#1657=ORIENTED_EDGE('',*,*,#1656,.T.);
#1658=ORIENTED_EDGE('',*,*,#1640,.T.);
#1659=CARTESIAN_POINT('',(-19.696899617,-18.9,0.3));
#1660=VERTEX_POINT('',#1659);
#1661=CARTESIAN_POINT('',(-19.696899617,-18.9,-0.3));
#1662=DIRECTION('',(0.,1.,0.));
#1663=DIRECTION('',(0.,-0.,1.));
#1664=AXIS2_PLACEMENT_3D('',#1661,#1662,#1663);
#1665=CIRCLE('',#1664,0.6);
#1666=EDGE_CURVE('',#1660,#1635,#1665,.T.);
#1667=ORIENTED_EDGE('',*,*,#1666,.F.);
#1668=CARTESIAN_POINT('',(-19.696899617,-18.9,-0.3));
#1669=DIRECTION('',(0.,1.,0.));
#1670=DIRECTION('',(0.,-0.,1.));
#1671=AXIS2_PLACEMENT_3D('',#1668,#1669,#1670);
#1672=CIRCLE('',#1671,0.6);
#1673=EDGE_CURVE('',#1635,#1660,#1672,.T.);
#1674=ORIENTED_EDGE('',*,*,#1673,.F.);
#1675=EDGE_LOOP('',(#1641,#1650,#1657,#1658,#1667,#1674));
#1676=FACE_BOUND('',#1675,.T.);
#1677=ADVANCED_FACE('',(#1676),#1631,.F.);
#1678=CARTESIAN_POINT('',(-21.47930468,-18.9,-0.3));
#1679=DIRECTION('',(0.,1.,0.));
#1680=DIRECTION('',(0.,0.,-1.));
#1681=AXIS2_PLACEMENT_3D('',#1678,#1679,#1680);
#1682=CYLINDRICAL_SURFACE('',#1681,0.6);
#1683=CARTESIAN_POINT('',(-21.47930468,-17.9,-0.9));
#1684=VERTEX_POINT('',#1683);
#1685=CARTESIAN_POINT('',(-21.47930468,-18.9,-0.9));
#1686=VERTEX_POINT('',#1685);
#1687=CARTESIAN_POINT('',(-21.47930468,-17.9,-0.9));
#1688=DIRECTION('',(-0.,-1.,-0.));
#1689=VECTOR('',#1688,1.);
#1690=LINE('',#1687,#1689);
#1691=EDGE_CURVE('',#1684,#1686,#1690,.T.);
#1692=ORIENTED_EDGE('',*,*,#1691,.F.);
#1693=CARTESIAN_POINT('',(-21.47930468,-17.9,0.3));
#1694=VERTEX_POINT('',#1693);
#1695=CARTESIAN_POINT('',(-21.47930468,-17.9,-0.3));
#1696=DIRECTION('',(0.,1.,0.));
#1697=DIRECTION('',(0.,-0.,1.));
#1698=AXIS2_PLACEMENT_3D('',#1695,#1696,#1697);
#1699=CIRCLE('',#1698,0.6);
#1700=EDGE_CURVE('',#1684,#1694,#1699,.T.);
#1701=ORIENTED_EDGE('',*,*,#1700,.T.);
#1702=CARTESIAN_POINT('',(-21.47930468,-17.9,-0.3));
#1703=DIRECTION('',(0.,1.,0.));
#1704=DIRECTION('',(0.,-0.,1.));
#1705=AXIS2_PLACEMENT_3D('',#1702,#1703,#1704);
#1706=CIRCLE('',#1705,0.6);
#1707=EDGE_CURVE('',#1694,#1684,#1706,.T.);
#1708=ORIENTED_EDGE('',*,*,#1707,.T.);
#1709=ORIENTED_EDGE('',*,*,#1691,.T.);
#1710=CARTESIAN_POINT('',(-21.47930468,-18.9,0.3));
#1711=VERTEX_POINT('',#1710);
#1712=CARTESIAN_POINT('',(-21.47930468,-18.9,-0.3));
#1713=DIRECTION('',(0.,1.,0.));
#1714=DIRECTION('',(0.,-0.,1.));
#1715=AXIS2_PLACEMENT_3D('',#1712,#1713,#1714);
#1716=CIRCLE('',#1715,0.6);
#1717=EDGE_CURVE('',#1711,#1686,#1716,.T.);
#1718=ORIENTED_EDGE('',*,*,#1717,.F.);
#1719=CARTESIAN_POINT('',(-21.47930468,-18.9,-0.3));
#1720=DIRECTION('',(0.,1.,0.));
#1721=DIRECTION('',(0.,-0.,1.));
#1722=AXIS2_PLACEMENT_3D('',#1719,#1720,#1721);
#1723=CIRCLE('',#1722,0.6);
#1724=EDGE_CURVE('',#1686,#1711,#1723,.T.);
#1725=ORIENTED_EDGE('',*,*,#1724,.F.);
#1726=EDGE_LOOP('',(#1692,#1701,#1708,#1709,#1718,#1725));
#1727=FACE_BOUND('',#1726,.T.);
#1728=ADVANCED_FACE('',(#1727),#1682,.F.);
#1729=CARTESIAN_POINT('',(18.462775638,-18.9,-5.821490119));
#1730=DIRECTION('',(0.,1.,0.));
#1731=DIRECTION('',(0.,0.,-1.));
#1732=AXIS2_PLACEMENT_3D('',#1729,#1730,#1731);
#1733=CYLINDRICAL_SURFACE('',#1732,4.321490119);
#1734=CARTESIAN_POINT('',(20.129009402,-14.9,-1.834142392));
#1735=VERTEX_POINT('',#1734);
#1736=CARTESIAN_POINT('',(20.129009402,-13.51,-1.834142392));
#1737=VERTEX_POINT('',#1736);
#1738=CARTESIAN_POINT('',(20.129009402,-14.9,-1.834142392));
#1739=DIRECTION('',(0.,1.,0.));
#1740=VECTOR('',#1739,1.39);
#1741=LINE('',#1738,#1740);
#1742=EDGE_CURVE('',#1735,#1737,#1741,.T.);
#1743=ORIENTED_EDGE('',*,*,#1742,.T.);
#1744=CARTESIAN_POINT('',(21.098195701,-13.51,-2.396605021));
#1745=VERTEX_POINT('',#1744);
#1746=CARTESIAN_POINT('',(18.462775638,-13.51,-5.821490119));
#1747=DIRECTION('',(0.,1.,0.));
#1748=DIRECTION('',(0.,0.,-1.));
#1749=AXIS2_PLACEMENT_3D('',#1746,#1747,#1748);
#1750=CIRCLE('',#1749,4.321490119);
#1751=EDGE_CURVE('',#1737,#1745,#1750,.T.);
#1752=ORIENTED_EDGE('',*,*,#1751,.T.);
#1753=CARTESIAN_POINT('',(21.098195701,-14.9,-2.396605021));
#1754=VERTEX_POINT('',#1753);
#1755=CARTESIAN_POINT('',(21.098195701,-13.51,-2.396605021));
#1756=DIRECTION('',(0.,-1.,-0.));
#1757=VECTOR('',#1756,1.39);
#1758=LINE('',#1755,#1757);
#1759=EDGE_CURVE('',#1745,#1754,#1758,.T.);
#1760=ORIENTED_EDGE('',*,*,#1759,.T.);
#1761=CARTESIAN_POINT('',(21.656404563,-17.068666106,-2.910131135));
#1762=VERTEX_POINT('',#1761);
#1763=CARTESIAN_POINT('',(21.098195701,-14.9,-2.39660502));
#1764=CARTESIAN_POINT('',(21.098195465,-15.294325436,-2.396604838));
#1765=CARTESIAN_POINT('',(21.149427102,-15.677866668,-2.434165567));
#1766=CARTESIAN_POINT('',(21.248479843,-16.050178878,-2.517684899));
#1767=CARTESIAN_POINT('',(21.347532583,-16.422491088,-2.601204231));
#1768=CARTESIAN_POINT('',(21.489527216,-16.762149724,-2.727074226));
#1769=CARTESIAN_POINT('',(21.656404563,-17.068666106,-2.910131135));
#1770=B_SPLINE_CURVE_WITH_KNOTS('',3,(#1763,#1764,#1765,#1766,#1767,#1768,#1769),.UNSPECIFIED.,.F.,.F.,(4,3,4),(0.000000197,0.001166452,0.002332708),.UNSPECIFIED.);
#1771=EDGE_CURVE('',#1754,#1762,#1770,.T.);
#1772=ORIENTED_EDGE('',*,*,#1771,.T.);
#1773=CARTESIAN_POINT('',(22.215204638,-17.9,-3.677999255));
#1774=VERTEX_POINT('',#1773);
#1775=CARTESIAN_POINT('',(21.656404563,-17.068666106,-2.910131135));
#1776=CARTESIAN_POINT('',(21.747077159,-17.235211446,-3.009594865));
#1777=CARTESIAN_POINT('',(21.841186632,-17.387394376,-3.12210702));
#1778=CARTESIAN_POINT('',(21.935393174,-17.52595963,-3.24929178));
#1779=CARTESIAN_POINT('',(22.029599717,-17.664524885,-3.376476541));
#1780=CARTESIAN_POINT('',(22.123970237,-17.789474184,-3.518283352));
#1781=CARTESIAN_POINT('',(22.215200156,-17.9,-3.677991324));
#1782=B_SPLINE_CURVE_WITH_KNOTS('',3,(#1775,#1776,#1777,#1778,#1779,#1780,#1781),.UNSPECIFIED.,.F.,.F.,(4,3,4),(0.,0.000631066,0.001262132),.UNSPECIFIED.);
#1783=EDGE_CURVE('',#1762,#1774,#1782,.T.);
#1784=ORIENTED_EDGE('',*,*,#1783,.T.);
#1785=CARTESIAN_POINT('',(22.215209192,-18.9,-3.678007143));
#1786=VERTEX_POINT('',#1785);
#1787=CARTESIAN_POINT('',(22.215209191,-18.9,-3.678007144));
#1788=DIRECTION('',(0.,1.,0.));
#1789=VECTOR('',#1788,1.);
#1790=LINE('',#1787,#1789);
#1791=EDGE_CURVE('',#1786,#1774,#1790,.T.);
#1792=ORIENTED_EDGE('',*,*,#1791,.F.);
#1793=CARTESIAN_POINT('',(18.462775638,-18.9,-1.5));
#1794=VERTEX_POINT('',#1793);
#1795=CARTESIAN_POINT('',(18.462775638,-18.9,-5.821490119));
#1796=DIRECTION('',(0.,1.,0.));
#1797=DIRECTION('',(0.,-0.,1.));
#1798=AXIS2_PLACEMENT_3D('',#1795,#1796,#1797);
#1799=CIRCLE('',#1798,4.321490119);
#1800=EDGE_CURVE('',#1794,#1786,#1799,.T.);
#1801=ORIENTED_EDGE('',*,*,#1800,.F.);
#1802=CARTESIAN_POINT('',(18.462775638,-17.9,-1.5));
#1803=VERTEX_POINT('',#1802);
#1804=CARTESIAN_POINT('',(18.462775638,-18.9,-1.5));
#1805=DIRECTION('',(0.,1.,0.));
#1806=VECTOR('',#1805,1.);
#1807=LINE('',#1804,#1806);
#1808=EDGE_CURVE('',#1794,#1803,#1807,.T.);
#1809=ORIENTED_EDGE('',*,*,#1808,.T.);
#1810=CARTESIAN_POINT('',(19.387058075,-17.09389021,-1.6));
#1811=VERTEX_POINT('',#1810);
#1812=CARTESIAN_POINT('',(19.387058075,-17.09389021,-1.6));
#1813=CARTESIAN_POINT('',(19.257526706,-17.254900805,-1.5716395));
#1814=CARTESIAN_POINT('',(19.115701483,-17.402252131,-1.546800228));
#1815=CARTESIAN_POINT('',(18.961796089,-17.536614261,-1.528908677));
#1816=CARTESIAN_POINT('',(18.807890696,-17.670976392,-1.511017126));
#1817=CARTESIAN_POINT('',(18.64191448,-17.792350953,-1.5));
#1818=CARTESIAN_POINT('',(18.462775638,-17.9,-1.5));
#1819=B_SPLINE_CURVE_WITH_KNOTS('',3,(#1812,#1813,#1814,#1815,#1816,#1817,#1818),.UNSPECIFIED.,.F.,.F.,(4,3,4),(0.,0.000615246,0.001230492),.UNSPECIFIED.);
#1820=EDGE_CURVE('',#1811,#1803,#1819,.T.);
#1821=ORIENTED_EDGE('',*,*,#1820,.F.);
#1822=CARTESIAN_POINT('',(19.387058075,-17.09389021,-1.6));
#1823=CARTESIAN_POINT('',(19.511061335,-16.939751189,-1.627150137));
#1824=CARTESIAN_POINT('',(19.618970905,-16.776999038,-1.656412144));
#1825=CARTESIAN_POINT('',(19.711735867,-16.605623002,-1.684416855));
#1826=CARTESIAN_POINT('',(19.804500829,-16.434246967,-1.712421565));
#1827=CARTESIAN_POINT('',(19.882459467,-16.253181161,-1.739314505));
#1828=CARTESIAN_POINT('',(19.944646381,-16.065501778,-1.762015282));
#1829=CARTESIAN_POINT('',(20.006833295,-15.877822394,-1.78471606));
#1830=CARTESIAN_POINT('',(20.052461104,-15.686721,-1.802875615));
#1831=CARTESIAN_POINT('',(20.083005641,-15.492381642,-1.815228572));
#1832=CARTESIAN_POINT('',(20.113550178,-15.298042283,-1.827581529));
#1833=CARTESIAN_POINT('',(20.129009404,-15.099554159,-1.834142393));
#1834=CARTESIAN_POINT('',(20.129009402,-14.9,-1.834142392));
#1835=B_SPLINE_CURVE_WITH_KNOTS('',3,(#1822,#1823,#1824,#1825,#1826,#1827,#1828,#1829,#1830,#1831,#1832,#1833,#1834),.UNSPECIFIED.,.F.,.F.,(4,3,3,3,4),(0.00000145,0.00059203,0.001182609,0.001773189,0.002363768),.UNSPECIFIED.);
#1836=EDGE_CURVE('',#1811,#1735,#1835,.T.);
#1837=ORIENTED_EDGE('',*,*,#1836,.T.);
#1838=EDGE_LOOP('',(#1743,#1752,#1760,#1772,#1784,#1792,#1801,#1809,#1821,#1837));
#1839=FACE_BOUND('',#1838,.T.);
#1840=ADVANCED_FACE('',(#1839),#1733,.F.);
#1841=CARTESIAN_POINT('',(21.910092033,-18.9,-1.508386503));
#1842=DIRECTION('',(0.,1.,0.));
#1843=DIRECTION('',(0.,0.,-1.));
#1844=AXIS2_PLACEMENT_3D('',#1841,#1842,#1843);
#1845=CYLINDRICAL_SURFACE('',#1844,0.6);
#1846=CARTESIAN_POINT('',(21.910092007,-16.023911879,-2.108405488));
#1847=VERTEX_POINT('',#1846);
#1848=CARTESIAN_POINT('',(21.910092033,-18.9,-2.108386503));
#1849=VERTEX_POINT('',#1848);
#1850=CARTESIAN_POINT('',(21.910092033,-16.023911879,-2.108386503));
#1851=DIRECTION('',(-0.,-1.,-0.));
#1852=VECTOR('',#1851,2.876088121);
#1853=LINE('',#1850,#1852);
#1854=EDGE_CURVE('',#1847,#1849,#1853,.T.);
#1855=ORIENTED_EDGE('',*,*,#1854,.F.);
#1856=CARTESIAN_POINT('',(21.645712737,-14.9,-2.046999154));
#1857=VERTEX_POINT('',#1856);
#1858=CARTESIAN_POINT('',(22.164469334,-16.232392331,-2.051794443));
#1859=CARTESIAN_POINT('',(22.107333295,-16.219262965,-2.078540668));
#1860=CARTESIAN_POINT('',(22.053646105,-16.183840261,-2.092809388));
#1861=CARTESIAN_POINT('',(22.007821154,-16.140681687,-2.10037385));
#1862=CARTESIAN_POINT('',(21.961996203,-16.097523113,-2.107938312));
#1863=CARTESIAN_POINT('',(21.923174515,-16.046345814,-2.10917037));
#1864=CARTESIAN_POINT('',(21.889874238,-15.992718484,-2.108045774));
#1865=CARTESIAN_POINT('',(21.856573961,-15.939091155,-2.106921179));
#1866=CARTESIAN_POINT('',(21.828227638,-15.881846821,-2.103283924));
#1867=CARTESIAN_POINT('',(21.80402388,-15.823869175,-2.09893671));
#1868=CARTESIAN_POINT('',(21.779820123,-15.765891528,-2.094589496));
#1869=CARTESIAN_POINT('',(21.75951049,-15.706695713,-2.089467767));
#1870=CARTESIAN_POINT('',(21.742065228,-15.646556845,-2.084378684));
#1871=CARTESIAN_POINT('',(21.707174705,-15.526279107,-2.074200519));
#1872=CARTESIAN_POINT('',(21.683589877,-15.401717945,-2.064244052));
#1873=CARTESIAN_POINT('',(21.668253131,-15.276922456,-2.057489358));
#1874=CARTESIAN_POINT('',(21.652916385,-15.152126967,-2.050734664));
#1875=CARTESIAN_POINT('',(21.645712737,-15.026467294,-2.046999154));
#1876=CARTESIAN_POINT('',(21.645712737,-14.9,-2.046999154));
#1877=B_SPLINE_CURVE_WITH_KNOTS('',3,(#1858,#1859,#1860,#1861,#1862,#1863,#1864,#1865,#1866,#1867,#1868,#1869,#1870,#1871,#1872,#1873,#1874,#1875,#1876),.UNSPECIFIED.,.F.,.F.,(4,3,3,3,3,3,4),(0.,0.000189884,0.000379768,0.000569651,0.000759535,0.001139303,0.001519071),.UNSPECIFIED.);
#1878=EDGE_CURVE('',#1847,#1857,#1877,.T.);
#1879=ORIENTED_EDGE('',*,*,#1878,.T.);
#1880=CARTESIAN_POINT('',(21.645712737,-13.51,-2.046999154));
#1881=VERTEX_POINT('',#1880);
#1882=CARTESIAN_POINT('',(21.645712737,-13.51,-2.046999154));
#1883=DIRECTION('',(-0.,-1.,-0.));
#1884=VECTOR('',#1883,1.39);
#1885=LINE('',#1882,#1884);
#1886=EDGE_CURVE('',#1881,#1857,#1885,.T.);
#1887=ORIENTED_EDGE('',*,*,#1886,.F.);
#1888=CARTESIAN_POINT('',(21.323983824,-13.51,-1.380023084));
#1889=VERTEX_POINT('',#1888);
#1890=CARTESIAN_POINT('',(21.910092033,-13.51,-1.508386503));
#1891=DIRECTION('',(0.,1.,0.));
#1892=DIRECTION('',(0.,0.,-1.));
#1893=AXIS2_PLACEMENT_3D('',#1890,#1891,#1892);
#1894=CIRCLE('',#1893,0.6);
#1895=EDGE_CURVE('',#1881,#1889,#1894,.T.);
#1896=ORIENTED_EDGE('',*,*,#1895,.T.);
#1897=CARTESIAN_POINT('',(21.323983824,-18.9,-1.380023084));
#1898=VERTEX_POINT('',#1897);
#1899=CARTESIAN_POINT('',(21.323983824,-18.9,-1.380023084));
#1900=DIRECTION('',(0.,1.,0.));
#1901=VECTOR('',#1900,5.39);
#1902=LINE('',#1899,#1901);
#1903=EDGE_CURVE('',#1898,#1889,#1902,.T.);
#1904=ORIENTED_EDGE('',*,*,#1903,.F.);
#1905=CARTESIAN_POINT('',(21.910092033,-18.9,-1.508386503));
#1906=DIRECTION('',(0.,1.,0.));
#1907=DIRECTION('',(0.,-0.,1.));
#1908=AXIS2_PLACEMENT_3D('',#1905,#1906,#1907);
#1909=CIRCLE('',#1908,0.6);
#1910=EDGE_CURVE('',#1849,#1898,#1909,.T.);
#1911=ORIENTED_EDGE('',*,*,#1910,.F.);
#1912=EDGE_LOOP('',(#1855,#1879,#1887,#1896,#1904,#1911));
#1913=FACE_BOUND('',#1912,.T.);
#1914=ADVANCED_FACE('',(#1913),#1845,.F.);
#1915=CARTESIAN_POINT('',(23.104537587,-18.9,-2.831356487));
#1916=DIRECTION('',(0.,1.,0.));
#1917=DIRECTION('',(0.,0.,-1.));
#1918=AXIS2_PLACEMENT_3D('',#1915,#1916,#1917);
#1919=CYLINDRICAL_SURFACE('',#1918,0.6);
#1920=CARTESIAN_POINT('',(22.787149235,-17.896223502,-3.340536842));
#1921=VERTEX_POINT('',#1920);
#1922=CARTESIAN_POINT('',(22.589861585,-17.225499446,-2.522959644));
#1923=VERTEX_POINT('',#1922);
#1924=CARTESIAN_POINT('',(22.787149235,-17.896223502,-3.340536842));
#1925=CARTESIAN_POINT('',(22.714507697,-17.850617821,-3.295257055));
#1926=CARTESIAN_POINT('',(22.657252989,-17.799939774,-3.238876846));
#1927=CARTESIAN_POINT('',(22.612435988,-17.743952227,-3.174628996));
#1928=CARTESIAN_POINT('',(22.567618986,-17.68796468,-3.110381147));
#1929=CARTESIAN_POINT('',(22.537205063,-17.628727659,-3.040528159));
#1930=CARTESIAN_POINT('',(22.520193208,-17.567813754,-2.967524199));
#1931=CARTESIAN_POINT('',(22.503181352,-17.506899849,-2.894520239));
#1932=CARTESIAN_POINT('',(22.499835411,-17.446338307,-2.820863166));
#1933=CARTESIAN_POINT('',(22.510690433,-17.387223982,-2.74565026));
#1934=CARTESIAN_POINT('',(22.521545455,-17.328109657,-2.670437354));
#1935=CARTESIAN_POINT('',(22.546085234,-17.272045301,-2.596016933));
#1936=CARTESIAN_POINT('',(22.589861585,-17.225499446,-2.522959644));
#1937=B_SPLINE_CURVE_WITH_KNOTS('',3,(#1924,#1925,#1926,#1927,#1928,#1929,#1930,#1931,#1932,#1933,#1934,#1935,#1936),.UNSPECIFIED.,.F.,.F.,(4,3,3,3,4),(0.,0.000284995,0.000569991,0.000854986,0.001139981),.UNSPECIFIED.);
#1938=EDGE_CURVE('',#1921,#1923,#1937,.T.);
#1939=ORIENTED_EDGE('',*,*,#1938,.T.);
#1940=CARTESIAN_POINT('',(22.589861585,-18.9,-2.522959644));
#1941=VERTEX_POINT('',#1940);
#1942=CARTESIAN_POINT('',(22.589861585,-18.9,-2.522959644));
#1943=DIRECTION('',(0.,1.,0.));
#1944=VECTOR('',#1943,1.674500554);
#1945=LINE('',#1942,#1944);
#1946=EDGE_CURVE('',#1941,#1923,#1945,.T.);
#1947=ORIENTED_EDGE('',*,*,#1946,.F.);
#1948=CARTESIAN_POINT('',(22.787149235,-18.9,-3.340536842));
#1949=VERTEX_POINT('',#1948);
#1950=CARTESIAN_POINT('',(23.104537587,-18.9,-2.831356487));
#1951=DIRECTION('',(0.,1.,0.));
#1952=DIRECTION('',(0.,-0.,1.));
#1953=AXIS2_PLACEMENT_3D('',#1950,#1951,#1952);
#1954=CIRCLE('',#1953,0.6);
#1955=EDGE_CURVE('',#1949,#1941,#1954,.T.);
#1956=ORIENTED_EDGE('',*,*,#1955,.F.);
#1957=CARTESIAN_POINT('',(22.787149235,-18.9,-3.340536842));
#1958=DIRECTION('',(0.,1.,0.));
#1959=VECTOR('',#1958,1.003776498);
#1960=LINE('',#1957,#1959);
#1961=EDGE_CURVE('',#1949,#1921,#1960,.T.);
#1962=ORIENTED_EDGE('',*,*,#1961,.T.);
#1963=EDGE_LOOP('',(#1939,#1947,#1956,#1962));
#1964=FACE_BOUND('',#1963,.T.);
#1965=ADVANCED_FACE('',(#1964),#1919,.F.);
#1966=CARTESIAN_POINT('',(22.786452619,-18.9,-3.344558797));
#1967=DIRECTION('',(-0.985329573,0.,0.170662332));
#1968=DIRECTION('',(0.170662332,0.,0.985329573));
#1969=AXIS2_PLACEMENT_3D('',#1966,#1967,#1968);
#1970=PLANE('',#1969);
#1971=ORIENTED_EDGE('',*,*,#1961,.F.);
#1972=CARTESIAN_POINT('',(22.785756004,-18.9,-3.348580752));
#1973=VERTEX_POINT('',#1972);
#1974=CARTESIAN_POINT('',(22.787149235,-18.9,-3.340536842));
#1975=DIRECTION('',(-0.170662332,0.,-0.985329573));
#1976=VECTOR('',#1975,0.008163674);
#1977=LINE('',#1974,#1976);
#1978=EDGE_CURVE('',#1949,#1973,#1977,.T.);
#1979=ORIENTED_EDGE('',*,*,#1978,.T.);
#1980=CARTESIAN_POINT('',(22.785756004,-17.9,-3.348580752));
#1981=VERTEX_POINT('',#1980);
#1982=CARTESIAN_POINT('',(22.785756004,-18.9,-3.348580752));
#1983=DIRECTION('',(0.,1.,0.));
#1984=VECTOR('',#1983,1.);
#1985=LINE('',#1982,#1984);
#1986=EDGE_CURVE('',#1973,#1981,#1985,.T.);
#1987=ORIENTED_EDGE('',*,*,#1986,.T.);
#1988=CARTESIAN_POINT('',(22.385143776,-14.9,-5.661540329));
#1989=DIRECTION('',(0.985329573,0.,-0.170662332));
#1990=DIRECTION('',(0.170662332,0.,0.985329573));
#1991=AXIS2_PLACEMENT_3D('',#1988,#1989,#1990);
#1992=ELLIPSE('',#1991,4.557355306,3.5);
#1993=EDGE_CURVE('',#1921,#1981,#1992,.T.);
#1994=ORIENTED_EDGE('',*,*,#1993,.F.);
#1995=EDGE_LOOP('',(#1971,#1979,#1987,#1994));
#1996=FACE_BOUND('',#1995,.T.);
#1997=ADVANCED_FACE('',(#1996),#1970,.F.);
#1998=CARTESIAN_POINT('',(23.116243976,-18.9,-2.838647168));
#1999=DIRECTION('',(0.,1.,0.));
#2000=DIRECTION('',(0.,0.,-1.));
#2001=AXIS2_PLACEMENT_3D('',#1998,#1999,#2000);
#2002=CYLINDRICAL_SURFACE('',#2001,0.6);
#2003=CARTESIAN_POINT('',(23.116243976,-17.9,-3.438647168));
#2004=VERTEX_POINT('',#2003);
#2005=CARTESIAN_POINT('',(23.116243976,-18.9,-3.438647168));
#2006=VERTEX_POINT('',#2005);
#2007=CARTESIAN_POINT('',(23.116243976,-17.9,-3.438647168));
#2008=DIRECTION('',(-0.,-1.,-0.));
#2009=VECTOR('',#2008,1.);
#2010=LINE('',#2007,#2009);
#2011=EDGE_CURVE('',#2004,#2006,#2010,.T.);
#2012=ORIENTED_EDGE('',*,*,#2011,.F.);
#2013=CARTESIAN_POINT('',(22.793220296,-17.9,-3.34427124));
#2014=VERTEX_POINT('',#2013);
#2015=CARTESIAN_POINT('',(23.116243976,-17.9,-2.838647168));
#2016=DIRECTION('',(0.,1.,0.));
#2017=DIRECTION('',(0.,-0.,1.));
#2018=AXIS2_PLACEMENT_3D('',#2015,#2016,#2017);
#2019=CIRCLE('',#2018,0.6);
#2020=EDGE_CURVE('',#2004,#2014,#2019,.T.);
#2021=ORIENTED_EDGE('',*,*,#2020,.T.);
#2022=CARTESIAN_POINT('',(22.793220296,-18.9,-3.34427124));
#2023=VERTEX_POINT('',#2022);
#2024=CARTESIAN_POINT('',(22.793220296,-18.9,-3.34427124));
#2025=DIRECTION('',(0.,1.,0.));
#2026=VECTOR('',#2025,1.);
#2027=LINE('',#2024,#2026);
#2028=EDGE_CURVE('',#2023,#2014,#2027,.T.);
#2029=ORIENTED_EDGE('',*,*,#2028,.F.);
#2030=CARTESIAN_POINT('',(23.116243976,-18.9,-2.838647168));
#2031=DIRECTION('',(0.,1.,0.));
#2032=DIRECTION('',(0.,-0.,1.));
#2033=AXIS2_PLACEMENT_3D('',#2030,#2031,#2032);
#2034=CIRCLE('',#2033,0.6);
#2035=EDGE_CURVE('',#2006,#2023,#2034,.T.);
#2036=ORIENTED_EDGE('',*,*,#2035,.F.);
#2037=EDGE_LOOP('',(#2012,#2021,#2029,#2036));
#2038=FACE_BOUND('',#2037,.T.);
#2039=ADVANCED_FACE('',(#2038),#2002,.F.);
#2040=CARTESIAN_POINT('',(23.254723128,-18.9,-3.778500095));
#2041=DIRECTION('',(0.,1.,0.));
#2042=DIRECTION('',(0.,0.,-1.));
#2043=AXIS2_PLACEMENT_3D('',#2040,#2041,#2042);
#2044=CYLINDRICAL_SURFACE('',#2043,0.35);
#2045=CARTESIAN_POINT('',(23.557832019,-18.9,-3.603500095));
#2046=VERTEX_POINT('',#2045);
#2047=CARTESIAN_POINT('',(23.557832019,-17.9,-3.603500095));
#2048=VERTEX_POINT('',#2047);
#2049=CARTESIAN_POINT('',(23.557832019,-18.9,-3.603500095));
#2050=DIRECTION('',(0.,1.,0.));
#2051=VECTOR('',#2050,1.);
#2052=LINE('',#2049,#2051);
#2053=EDGE_CURVE('',#2046,#2048,#2052,.T.);
#2054=ORIENTED_EDGE('',*,*,#2053,.T.);
#2055=CARTESIAN_POINT('',(23.203704493,-17.9,-3.432238491));
#2056=VERTEX_POINT('',#2055);
#2057=CARTESIAN_POINT('',(23.254723128,-17.9,-3.778500095));
#2058=DIRECTION('',(0.,1.,0.));
#2059=DIRECTION('',(0.,-0.,1.));
#2060=AXIS2_PLACEMENT_3D('',#2057,#2058,#2059);
#2061=CIRCLE('',#2060,0.35);
#2062=EDGE_CURVE('',#2056,#2048,#2061,.T.);
#2063=ORIENTED_EDGE('',*,*,#2062,.F.);
#2064=CARTESIAN_POINT('',(23.203704493,-18.9,-3.432238491));
#2065=VERTEX_POINT('',#2064);
#2066=CARTESIAN_POINT('',(23.203704493,-18.9,-3.432238491));
#2067=DIRECTION('',(0.,1.,0.));
#2068=VECTOR('',#2067,1.);
#2069=LINE('',#2066,#2068);
#2070=EDGE_CURVE('',#2065,#2056,#2069,.T.);
#2071=ORIENTED_EDGE('',*,*,#2070,.F.);
#2072=CARTESIAN_POINT('',(23.254723128,-18.9,-3.778500095));
#2073=DIRECTION('',(0.,1.,0.));
#2074=DIRECTION('',(0.,-0.,1.));
#2075=AXIS2_PLACEMENT_3D('',#2072,#2073,#2074);
#2076=CIRCLE('',#2075,0.35);
#2077=EDGE_CURVE('',#2065,#2046,#2076,.T.);
#2078=ORIENTED_EDGE('',*,*,#2077,.T.);
#2079=EDGE_LOOP('',(#2054,#2063,#2071,#2078));
#2080=FACE_BOUND('',#2079,.T.);
#2081=ADVANCED_FACE('',(#2080),#2044,.T.);
#2082=CARTESIAN_POINT('',(23.561845242,-18.9,-3.610451201));
#2083=DIRECTION('',(-0.866025404,0.,-0.5));
#2084=DIRECTION('',(-0.5,0.,0.866025404));
#2085=AXIS2_PLACEMENT_3D('',#2082,#2083,#2084);
#2086=PLANE('',#2085);
#2087=CARTESIAN_POINT('',(23.565858464,-18.9,-3.617402306));
#2088=VERTEX_POINT('',#2087);
#2089=CARTESIAN_POINT('',(23.565858464,-17.9,-3.617402306));
#2090=VERTEX_POINT('',#2089);
#2091=CARTESIAN_POINT('',(23.565858464,-18.9,-3.617402306));
#2092=DIRECTION('',(0.,1.,0.));
#2093=VECTOR('',#2092,1.);
#2094=LINE('',#2091,#2093);
#2095=EDGE_CURVE('',#2088,#2090,#2094,.T.);
#2096=ORIENTED_EDGE('',*,*,#2095,.T.);
#2097=CARTESIAN_POINT('',(23.557832019,-17.9,-3.603500095));
#2098=DIRECTION('',(0.5,0.,-0.866025404));
#2099=VECTOR('',#2098,0.01605289);
#2100=LINE('',#2097,#2099);
#2101=EDGE_CURVE('',#2048,#2090,#2100,.T.);
#2102=ORIENTED_EDGE('',*,*,#2101,.F.);
#2103=ORIENTED_EDGE('',*,*,#2053,.F.);
#2104=CARTESIAN_POINT('',(23.557832019,-18.9,-3.603500095));
#2105=DIRECTION('',(0.5,0.,-0.866025404));
#2106=VECTOR('',#2105,0.01605289);
#2107=LINE('',#2104,#2106);
#2108=EDGE_CURVE('',#2046,#2088,#2107,.T.);
#2109=ORIENTED_EDGE('',*,*,#2108,.T.);
#2110=EDGE_LOOP('',(#2096,#2102,#2103,#2109));
#2111=FACE_BOUND('',#2110,.T.);
#2112=ADVANCED_FACE('',(#2111),#2086,.F.);
#2113=CARTESIAN_POINT('',(23.262749573,-18.9,-3.792402306));
#2114=DIRECTION('',(0.,1.,0.));
#2115=DIRECTION('',(0.,0.,-1.));
#2116=AXIS2_PLACEMENT_3D('',#2113,#2114,#2115);
#2117=CYLINDRICAL_SURFACE('',#2116,0.35);
#2118=CARTESIAN_POINT('',(23.537111601,-18.9,-4.009716542));
#2119=VERTEX_POINT('',#2118);
#2120=CARTESIAN_POINT('',(23.537111601,-17.9,-4.009716542));
#2121=VERTEX_POINT('',#2120);
#2122=CARTESIAN_POINT('',(23.537111601,-18.9,-4.009716542));
#2123=DIRECTION('',(0.,1.,0.));
#2124=VECTOR('',#2123,1.);
#2125=LINE('',#2122,#2124);
#2126=EDGE_CURVE('',#2119,#2121,#2125,.T.);
#2127=ORIENTED_EDGE('',*,*,#2126,.T.);
#2128=CARTESIAN_POINT('',(23.262749573,-17.9,-3.792402306));
#2129=DIRECTION('',(0.,1.,0.));
#2130=DIRECTION('',(0.,-0.,1.));
#2131=AXIS2_PLACEMENT_3D('',#2128,#2129,#2130);
#2132=CIRCLE('',#2131,0.35);
#2133=EDGE_CURVE('',#2090,#2121,#2132,.T.);
#2134=ORIENTED_EDGE('',*,*,#2133,.F.);
#2135=ORIENTED_EDGE('',*,*,#2095,.F.);
#2136=CARTESIAN_POINT('',(23.262749573,-18.9,-3.792402306));
#2137=DIRECTION('',(0.,1.,0.));
#2138=DIRECTION('',(0.,-0.,1.));
#2139=AXIS2_PLACEMENT_3D('',#2136,#2137,#2138);
#2140=CIRCLE('',#2139,0.35);
#2141=EDGE_CURVE('',#2088,#2119,#2140,.T.);
#2142=ORIENTED_EDGE('',*,*,#2141,.T.);
#2143=EDGE_LOOP('',(#2127,#2134,#2135,#2142));
#2144=FACE_BOUND('',#2143,.T.);
#2145=ADVANCED_FACE('',(#2144),#2117,.T.);
#2146=CARTESIAN_POINT('',(24.007446508,-18.9,-4.382255233));
#2147=DIRECTION('',(0.,1.,0.));
#2148=DIRECTION('',(0.,0.,-1.));
#2149=AXIS2_PLACEMENT_3D('',#2146,#2147,#2148);
#2150=CYLINDRICAL_SURFACE('',#2149,0.6);
#2151=CARTESIAN_POINT('',(24.007446508,-17.9,-4.982255233));
#2152=VERTEX_POINT('',#2151);
#2153=CARTESIAN_POINT('',(24.007446508,-18.9,-4.982255233));
#2154=VERTEX_POINT('',#2153);
#2155=CARTESIAN_POINT('',(24.007446508,-17.9,-4.982255233));
#2156=DIRECTION('',(-0.,-1.,-0.));
#2157=VECTOR('',#2156,1.);
#2158=LINE('',#2155,#2157);
#2159=EDGE_CURVE('',#2152,#2154,#2158,.T.);
#2160=ORIENTED_EDGE('',*,*,#2159,.F.);
#2161=CARTESIAN_POINT('',(24.007446508,-17.9,-4.382255233));
#2162=DIRECTION('',(0.,1.,0.));
#2163=DIRECTION('',(0.,-0.,1.));
#2164=AXIS2_PLACEMENT_3D('',#2161,#2162,#2163);
#2165=CIRCLE('',#2164,0.6);
#2166=EDGE_CURVE('',#2152,#2121,#2165,.T.);
#2167=ORIENTED_EDGE('',*,*,#2166,.T.);
#2168=ORIENTED_EDGE('',*,*,#2126,.F.);
#2169=CARTESIAN_POINT('',(24.007446508,-18.9,-4.382255233));
#2170=DIRECTION('',(0.,1.,0.));
#2171=DIRECTION('',(0.,-0.,1.));
#2172=AXIS2_PLACEMENT_3D('',#2169,#2170,#2171);
#2173=CIRCLE('',#2172,0.6);
#2174=EDGE_CURVE('',#2154,#2119,#2173,.T.);
#2175=ORIENTED_EDGE('',*,*,#2174,.F.);
#2176=EDGE_LOOP('',(#2160,#2167,#2168,#2175));
#2177=FACE_BOUND('',#2176,.T.);
#2178=ADVANCED_FACE('',(#2177),#2150,.F.);
#2179=CARTESIAN_POINT('',(24.958473605,-18.9,-4.175827659));
#2180=DIRECTION('',(0.,1.,0.));
#2181=DIRECTION('',(0.,0.,-1.));
#2182=AXIS2_PLACEMENT_3D('',#2179,#2180,#2181);
#2183=CYLINDRICAL_SURFACE('',#2182,0.373172587);
#2184=CARTESIAN_POINT('',(24.593792924,-17.9,-4.25498434));
#2185=VERTEX_POINT('',#2184);
#2186=CARTESIAN_POINT('',(25.067931407,-17.9,-3.81906896));
#2187=VERTEX_POINT('',#2186);
#2188=CARTESIAN_POINT('',(24.958473605,-17.9,-4.175827659));
#2189=DIRECTION('',(0.,1.,0.));
#2190=DIRECTION('',(0.,-0.,1.));
#2191=AXIS2_PLACEMENT_3D('',#2188,#2189,#2190);
#2192=CIRCLE('',#2191,0.373172587);
#2193=EDGE_CURVE('',#2185,#2187,#2192,.T.);
#2194=ORIENTED_EDGE('',*,*,#2193,.F.);
#2195=CARTESIAN_POINT('',(24.593792924,-18.9,-4.25498434));
#2196=VERTEX_POINT('',#2195);
#2197=CARTESIAN_POINT('',(24.593792924,-18.9,-4.25498434));
#2198=DIRECTION('',(0.,1.,0.));
#2199=VECTOR('',#2198,1.);
#2200=LINE('',#2197,#2199);
#2201=EDGE_CURVE('',#2196,#2185,#2200,.T.);
#2202=ORIENTED_EDGE('',*,*,#2201,.F.);
#2203=CARTESIAN_POINT('',(25.067931407,-18.9,-3.81906896));
#2204=VERTEX_POINT('',#2203);
#2205=CARTESIAN_POINT('',(24.958473605,-18.9,-4.175827659));
#2206=DIRECTION('',(0.,1.,0.));
#2207=DIRECTION('',(0.,-0.,1.));
#2208=AXIS2_PLACEMENT_3D('',#2205,#2206,#2207);
#2209=CIRCLE('',#2208,0.373172587);
#2210=EDGE_CURVE('',#2196,#2204,#2209,.T.);
#2211=ORIENTED_EDGE('',*,*,#2210,.T.);
#2212=CARTESIAN_POINT('',(25.067931407,-18.9,-3.81906896));
#2213=DIRECTION('',(0.,1.,0.));
#2214=VECTOR('',#2213,1.);
#2215=LINE('',#2212,#2214);
#2216=EDGE_CURVE('',#2204,#2187,#2215,.T.);
#2217=ORIENTED_EDGE('',*,*,#2216,.T.);
#2218=EDGE_LOOP('',(#2194,#2202,#2211,#2217));
#2219=FACE_BOUND('',#2218,.T.);
#2220=ADVANCED_FACE('',(#2219),#2183,.T.);
#2221=CARTESIAN_POINT('',(29.420867218,-18.9,-11.910610425));
#2222=DIRECTION('',(0.,1.,0.));
#2223=DIRECTION('',(0.,0.,-1.));
#2224=AXIS2_PLACEMENT_3D('',#2221,#2222,#2223);
#2225=CYLINDRICAL_SURFACE('',#2224,0.376017739);
#2226=CARTESIAN_POINT('',(29.420867218,-17.9,-12.286628165));
#2227=VERTEX_POINT('',#2226);
#2228=CARTESIAN_POINT('',(29.420867218,-18.9,-12.286628165));
#2229=VERTEX_POINT('',#2228);
#2230=CARTESIAN_POINT('',(29.420867218,-17.9,-12.286628165));
#2231=DIRECTION('',(-0.,-1.,-0.));
#2232=VECTOR('',#2231,1.);
#2233=LINE('',#2230,#2232);
#2234=EDGE_CURVE('',#2227,#2229,#2233,.T.);
#2235=ORIENTED_EDGE('',*,*,#2234,.T.);
#2236=CARTESIAN_POINT('',(29.052018992,-18.9,-11.983687964));
#2237=VERTEX_POINT('',#2236);
#2238=CARTESIAN_POINT('',(29.420867218,-18.9,-11.910610425));
#2239=DIRECTION('',(0.,1.,0.));
#2240=DIRECTION('',(0.,-0.,1.));
#2241=AXIS2_PLACEMENT_3D('',#2238,#2239,#2240);
#2242=CIRCLE('',#2241,0.376017739);
#2243=EDGE_CURVE('',#2229,#2237,#2242,.T.);
#2244=ORIENTED_EDGE('',*,*,#2243,.T.);
#2245=CARTESIAN_POINT('',(29.052018992,-17.9,-11.983687964));
#2246=VERTEX_POINT('',#2245);
#2247=CARTESIAN_POINT('',(29.052018992,-18.9,-11.983687964));
#2248=DIRECTION('',(0.,1.,0.));
#2249=VECTOR('',#2248,1.);
#2250=LINE('',#2247,#2249);
#2251=EDGE_CURVE('',#2237,#2246,#2250,.T.);
#2252=ORIENTED_EDGE('',*,*,#2251,.T.);
#2253=CARTESIAN_POINT('',(29.420867218,-17.9,-11.910610425));
#2254=DIRECTION('',(0.,1.,0.));
#2255=DIRECTION('',(0.,-0.,1.));
#2256=AXIS2_PLACEMENT_3D('',#2253,#2254,#2255);
#2257=CIRCLE('',#2256,0.376017739);
#2258=EDGE_CURVE('',#2227,#2246,#2257,.T.);
#2259=ORIENTED_EDGE('',*,*,#2258,.F.);
#2260=EDGE_LOOP('',(#2235,#2244,#2252,#2259));
#2261=FACE_BOUND('',#2260,.T.);
#2262=ADVANCED_FACE('',(#2261),#2225,.T.);
#2263=CARTESIAN_POINT('',(28.463459166,-18.9,-12.100295556));
#2264=DIRECTION('',(0.,1.,0.));
#2265=DIRECTION('',(0.,0.,-1.));
#2266=AXIS2_PLACEMENT_3D('',#2263,#2264,#2265);
#2267=CYLINDRICAL_SURFACE('',#2266,0.6);
#2268=CARTESIAN_POINT('',(28.463459166,-17.9,-12.700295556));
#2269=VERTEX_POINT('',#2268);
#2270=CARTESIAN_POINT('',(28.463459166,-18.9,-12.700295556));
#2271=VERTEX_POINT('',#2270);
#2272=CARTESIAN_POINT('',(28.463459166,-17.9,-12.700295556));
#2273=DIRECTION('',(-0.,-1.,-0.));
#2274=VECTOR('',#2273,1.);
#2275=LINE('',#2272,#2274);
#2276=EDGE_CURVE('',#2269,#2271,#2275,.T.);
#2277=ORIENTED_EDGE('',*,*,#2276,.F.);
#2278=CARTESIAN_POINT('',(28.463459166,-17.9,-12.100295556));
#2279=DIRECTION('',(0.,1.,0.));
#2280=DIRECTION('',(0.,-0.,1.));
#2281=AXIS2_PLACEMENT_3D('',#2278,#2279,#2280);
#2282=CIRCLE('',#2281,0.6);
#2283=EDGE_CURVE('',#2269,#2246,#2282,.T.);
#2284=ORIENTED_EDGE('',*,*,#2283,.T.);
#2285=ORIENTED_EDGE('',*,*,#2251,.F.);
#2286=CARTESIAN_POINT('',(28.463459166,-18.9,-12.100295556));
#2287=DIRECTION('',(0.,1.,0.));
#2288=DIRECTION('',(0.,-0.,1.));
#2289=AXIS2_PLACEMENT_3D('',#2286,#2287,#2288);
#2290=CIRCLE('',#2289,0.6);
#2291=EDGE_CURVE('',#2271,#2237,#2290,.T.);
#2292=ORIENTED_EDGE('',*,*,#2291,.F.);
#2293=EDGE_LOOP('',(#2277,#2284,#2285,#2292));
#2294=FACE_BOUND('',#2293,.T.);
#2295=ADVANCED_FACE('',(#2294),#2267,.F.);
#2296=CARTESIAN_POINT('',(28.601938318,-18.9,-13.040148483));
#2297=DIRECTION('',(0.,1.,0.));
#2298=DIRECTION('',(0.,0.,-1.));
#2299=AXIS2_PLACEMENT_3D('',#2296,#2297,#2298);
#2300=CYLINDRICAL_SURFACE('',#2299,0.35);
#2301=CARTESIAN_POINT('',(28.905047209,-18.9,-12.865148483));
#2302=VERTEX_POINT('',#2301);
#2303=CARTESIAN_POINT('',(28.905047209,-17.9,-12.865148483));
#2304=VERTEX_POINT('',#2303);
#2305=CARTESIAN_POINT('',(28.905047209,-18.9,-12.865148483));
#2306=DIRECTION('',(0.,1.,0.));
#2307=VECTOR('',#2306,1.);
#2308=LINE('',#2305,#2307);
#2309=EDGE_CURVE('',#2302,#2304,#2308,.T.);
#2310=ORIENTED_EDGE('',*,*,#2309,.T.);
#2311=CARTESIAN_POINT('',(28.550919683,-17.9,-12.693886878));
#2312=VERTEX_POINT('',#2311);
#2313=CARTESIAN_POINT('',(28.601938318,-17.9,-13.040148483));
#2314=DIRECTION('',(0.,1.,0.));
#2315=DIRECTION('',(0.,-0.,1.));
#2316=AXIS2_PLACEMENT_3D('',#2313,#2314,#2315);
#2317=CIRCLE('',#2316,0.35);
#2318=EDGE_CURVE('',#2312,#2304,#2317,.T.);
#2319=ORIENTED_EDGE('',*,*,#2318,.F.);
#2320=CARTESIAN_POINT('',(28.550919683,-18.9,-12.693886878));
#2321=VERTEX_POINT('',#2320);
#2322=CARTESIAN_POINT('',(28.550919683,-18.9,-12.693886878));
#2323=DIRECTION('',(0.,1.,0.));
#2324=VECTOR('',#2323,1.);
#2325=LINE('',#2322,#2324);
#2326=EDGE_CURVE('',#2321,#2312,#2325,.T.);
#2327=ORIENTED_EDGE('',*,*,#2326,.F.);
#2328=CARTESIAN_POINT('',(28.601938318,-18.9,-13.040148483));
#2329=DIRECTION('',(0.,1.,0.));
#2330=DIRECTION('',(0.,-0.,1.));
#2331=AXIS2_PLACEMENT_3D('',#2328,#2329,#2330);
#2332=CIRCLE('',#2331,0.35);
#2333=EDGE_CURVE('',#2321,#2302,#2332,.T.);
#2334=ORIENTED_EDGE('',*,*,#2333,.T.);
#2335=EDGE_LOOP('',(#2310,#2319,#2327,#2334));
#2336=FACE_BOUND('',#2335,.T.);
#2337=ADVANCED_FACE('',(#2336),#2300,.T.);
#2338=CARTESIAN_POINT('',(28.909060432,-18.9,-12.872099588));
#2339=DIRECTION('',(-0.866025404,0.,-0.5));
#2340=DIRECTION('',(-0.5,0.,0.866025404));
#2341=AXIS2_PLACEMENT_3D('',#2338,#2339,#2340);
#2342=PLANE('',#2341);
#2343=CARTESIAN_POINT('',(28.913073654,-18.9,-12.879050694));
#2344=VERTEX_POINT('',#2343);
#2345=CARTESIAN_POINT('',(28.913073654,-17.9,-12.879050694));
#2346=VERTEX_POINT('',#2345);
#2347=CARTESIAN_POINT('',(28.913073654,-18.9,-12.879050694));
#2348=DIRECTION('',(0.,1.,0.));
#2349=VECTOR('',#2348,1.);
#2350=LINE('',#2347,#2349);
#2351=EDGE_CURVE('',#2344,#2346,#2350,.T.);
#2352=ORIENTED_EDGE('',*,*,#2351,.T.);
#2353=CARTESIAN_POINT('',(28.905047209,-17.9,-12.865148483));
#2354=DIRECTION('',(0.5,0.,-0.866025404));
#2355=VECTOR('',#2354,0.01605289);
#2356=LINE('',#2353,#2355);
#2357=EDGE_CURVE('',#2304,#2346,#2356,.T.);
#2358=ORIENTED_EDGE('',*,*,#2357,.F.);
#2359=ORIENTED_EDGE('',*,*,#2309,.F.);
#2360=CARTESIAN_POINT('',(28.905047209,-18.9,-12.865148483));
#2361=DIRECTION('',(0.5,0.,-0.866025404));
#2362=VECTOR('',#2361,0.01605289);
#2363=LINE('',#2360,#2362);
#2364=EDGE_CURVE('',#2302,#2344,#2363,.T.);
#2365=ORIENTED_EDGE('',*,*,#2364,.T.);
#2366=EDGE_LOOP('',(#2352,#2358,#2359,#2365));
#2367=FACE_BOUND('',#2366,.T.);
#2368=ADVANCED_FACE('',(#2367),#2342,.F.);
#2369=CARTESIAN_POINT('',(28.609964763,-18.9,-13.054050694));
#2370=DIRECTION('',(0.,1.,0.));
#2371=DIRECTION('',(0.,0.,-1.));
#2372=AXIS2_PLACEMENT_3D('',#2369,#2370,#2371);
#2373=CYLINDRICAL_SURFACE('',#2372,0.35);
#2374=CARTESIAN_POINT('',(28.884326791,-18.9,-13.27136493));
#2375=VERTEX_POINT('',#2374);
#2376=CARTESIAN_POINT('',(28.884326791,-17.9,-13.27136493));
#2377=VERTEX_POINT('',#2376);
#2378=CARTESIAN_POINT('',(28.884326791,-18.9,-13.27136493));
#2379=DIRECTION('',(0.,1.,0.));
#2380=VECTOR('',#2379,1.);
#2381=LINE('',#2378,#2380);
#2382=EDGE_CURVE('',#2375,#2377,#2381,.T.);
#2383=ORIENTED_EDGE('',*,*,#2382,.T.);
#2384=CARTESIAN_POINT('',(28.609964763,-17.9,-13.054050694));
#2385=DIRECTION('',(0.,1.,0.));
#2386=DIRECTION('',(0.,-0.,1.));
#2387=AXIS2_PLACEMENT_3D('',#2384,#2385,#2386);
#2388=CIRCLE('',#2387,0.35);
#2389=EDGE_CURVE('',#2346,#2377,#2388,.T.);
#2390=ORIENTED_EDGE('',*,*,#2389,.F.);
#2391=ORIENTED_EDGE('',*,*,#2351,.F.);
#2392=CARTESIAN_POINT('',(28.609964763,-18.9,-13.054050694));
#2393=DIRECTION('',(0.,1.,0.));
#2394=DIRECTION('',(0.,-0.,1.));
#2395=AXIS2_PLACEMENT_3D('',#2392,#2393,#2394);
#2396=CIRCLE('',#2395,0.35);
#2397=EDGE_CURVE('',#2344,#2375,#2396,.T.);
#2398=ORIENTED_EDGE('',*,*,#2397,.T.);
#2399=EDGE_LOOP('',(#2383,#2390,#2391,#2398));
#2400=FACE_BOUND('',#2399,.T.);
#2401=ADVANCED_FACE('',(#2400),#2373,.T.);
#2402=CARTESIAN_POINT('',(29.354661697,-18.9,-13.643903621));
#2403=DIRECTION('',(0.,1.,0.));
#2404=DIRECTION('',(0.,0.,-1.));
#2405=AXIS2_PLACEMENT_3D('',#2402,#2403,#2404);
#2406=CYLINDRICAL_SURFACE('',#2405,0.6);
#2407=CARTESIAN_POINT('',(29.354661825,-17.780806291,-14.243996952));
#2408=VERTEX_POINT('',#2407);
#2409=CARTESIAN_POINT('',(29.354661697,-18.9,-14.243903621));
#2410=VERTEX_POINT('',#2409);
#2411=CARTESIAN_POINT('',(29.354661697,-17.780806291,-14.243903621));
#2412=DIRECTION('',(-0.,-1.,-0.));
#2413=VECTOR('',#2412,1.119193709);
#2414=LINE('',#2411,#2413);
#2415=EDGE_CURVE('',#2408,#2410,#2414,.T.);
#2416=ORIENTED_EDGE('',*,*,#2415,.F.);
#2417=CARTESIAN_POINT('',(29.090866353,-17.9,-14.182802513));
#2418=VERTEX_POINT('',#2417);
#2419=CARTESIAN_POINT('',(29.442122214,-17.754165652,-14.237494943));
#2420=CARTESIAN_POINT('',(29.31631596,-17.787417902,-14.2560314));
#2421=CARTESIAN_POINT('',(29.195572396,-17.84186614,-14.234056873));
#2422=CARTESIAN_POINT('',(29.090866353,-17.9,-14.182802513));
#2423=B_SPLINE_CURVE_WITH_KNOTS('',3,(#2419,#2420,#2421,#2422),.UNSPECIFIED.,.F.,.F.,(4,4),(0.,0.00038783),.UNSPECIFIED.);
#2424=EDGE_CURVE('',#2408,#2418,#2423,.T.);
#2425=ORIENTED_EDGE('',*,*,#2424,.T.);
#2426=CARTESIAN_POINT('',(29.354661697,-17.9,-13.643903621));
#2427=DIRECTION('',(0.,1.,0.));
#2428=DIRECTION('',(0.,-0.,1.));
#2429=AXIS2_PLACEMENT_3D('',#2426,#2427,#2428);
#2430=CIRCLE('',#2429,0.6);
#2431=EDGE_CURVE('',#2418,#2377,#2430,.T.);
#2432=ORIENTED_EDGE('',*,*,#2431,.T.);
#2433=ORIENTED_EDGE('',*,*,#2382,.F.);
#2434=CARTESIAN_POINT('',(29.354661697,-18.9,-13.643903621));
#2435=DIRECTION('',(0.,1.,0.));
#2436=DIRECTION('',(0.,-0.,1.));
#2437=AXIS2_PLACEMENT_3D('',#2434,#2435,#2436);
#2438=CIRCLE('',#2437,0.6);
#2439=EDGE_CURVE('',#2410,#2375,#2438,.T.);
#2440=ORIENTED_EDGE('',*,*,#2439,.F.);
#2441=EDGE_LOOP('',(#2416,#2425,#2432,#2433,#2440));
#2442=FACE_BOUND('',#2441,.T.);
#2443=ADVANCED_FACE('',(#2442),#2406,.F.);
#2444=CARTESIAN_POINT('',(27.572256634,-18.9,-10.556687491));
#2445=DIRECTION('',(0.,1.,0.));
#2446=DIRECTION('',(0.,0.,-1.));
#2447=AXIS2_PLACEMENT_3D('',#2444,#2445,#2446);
#2448=CYLINDRICAL_SURFACE('',#2447,0.6);
#2449=CARTESIAN_POINT('',(27.572256634,-17.9,-11.156687491));
#2450=VERTEX_POINT('',#2449);
#2451=CARTESIAN_POINT('',(27.572256634,-18.9,-11.156687491));
#2452=VERTEX_POINT('',#2451);
#2453=CARTESIAN_POINT('',(27.572256634,-17.9,-11.156687491));
#2454=DIRECTION('',(-0.,-1.,-0.));
#2455=VECTOR('',#2454,1.);
#2456=LINE('',#2453,#2455);
#2457=EDGE_CURVE('',#2450,#2452,#2456,.T.);
#2458=ORIENTED_EDGE('',*,*,#2457,.F.);
#2459=CARTESIAN_POINT('',(27.572256634,-17.9,-9.956687491));
#2460=VERTEX_POINT('',#2459);
#2461=CARTESIAN_POINT('',(27.572256634,-17.9,-10.556687491));
#2462=DIRECTION('',(0.,1.,0.));
#2463=DIRECTION('',(0.,-0.,1.));
#2464=AXIS2_PLACEMENT_3D('',#2461,#2462,#2463);
#2465=CIRCLE('',#2464,0.6);
#2466=EDGE_CURVE('',#2450,#2460,#2465,.T.);
#2467=ORIENTED_EDGE('',*,*,#2466,.T.);
#2468=CARTESIAN_POINT('',(27.572256634,-17.9,-10.556687491));
#2469=DIRECTION('',(0.,1.,0.));
#2470=DIRECTION('',(0.,-0.,1.));
#2471=AXIS2_PLACEMENT_3D('',#2468,#2469,#2470);
#2472=CIRCLE('',#2471,0.6);
#2473=EDGE_CURVE('',#2460,#2450,#2472,.T.);
#2474=ORIENTED_EDGE('',*,*,#2473,.T.);
#2475=ORIENTED_EDGE('',*,*,#2457,.T.);
#2476=CARTESIAN_POINT('',(27.572256634,-18.9,-9.956687491));
#2477=VERTEX_POINT('',#2476);
#2478=CARTESIAN_POINT('',(27.572256634,-18.9,-10.556687491));
#2479=DIRECTION('',(0.,1.,0.));
#2480=DIRECTION('',(0.,-0.,1.));
#2481=AXIS2_PLACEMENT_3D('',#2478,#2479,#2480);
#2482=CIRCLE('',#2481,0.6);
#2483=EDGE_CURVE('',#2477,#2452,#2482,.T.);
#2484=ORIENTED_EDGE('',*,*,#2483,.F.);
#2485=CARTESIAN_POINT('',(27.572256634,-18.9,-10.556687491));
#2486=DIRECTION('',(0.,1.,0.));
#2487=DIRECTION('',(0.,-0.,1.));
#2488=AXIS2_PLACEMENT_3D('',#2485,#2486,#2487);
#2489=CIRCLE('',#2488,0.6);
#2490=EDGE_CURVE('',#2452,#2477,#2489,.T.);
#2491=ORIENTED_EDGE('',*,*,#2490,.F.);
#2492=EDGE_LOOP('',(#2458,#2467,#2474,#2475,#2484,#2491));
#2493=FACE_BOUND('',#2492,.T.);
#2494=ADVANCED_FACE('',(#2493),#2448,.F.);
#2495=CARTESIAN_POINT('',(26.681054102,-18.9,-9.013079427));
#2496=DIRECTION('',(0.,1.,0.));
#2497=DIRECTION('',(0.,0.,-1.));
#2498=AXIS2_PLACEMENT_3D('',#2495,#2496,#2497);
#2499=CYLINDRICAL_SURFACE('',#2498,0.6);
#2500=CARTESIAN_POINT('',(26.681054102,-17.9,-9.613079427));
#2501=VERTEX_POINT('',#2500);
#2502=CARTESIAN_POINT('',(26.681054102,-18.9,-9.613079427));
#2503=VERTEX_POINT('',#2502);
#2504=CARTESIAN_POINT('',(26.681054102,-17.9,-9.613079427));
#2505=DIRECTION('',(-0.,-1.,-0.));
#2506=VECTOR('',#2505,1.);
#2507=LINE('',#2504,#2506);
#2508=EDGE_CURVE('',#2501,#2503,#2507,.T.);
#2509=ORIENTED_EDGE('',*,*,#2508,.F.);
#2510=CARTESIAN_POINT('',(26.681054102,-17.9,-8.413079427));
#2511=VERTEX_POINT('',#2510);
#2512=CARTESIAN_POINT('',(26.681054102,-17.9,-9.013079427));
#2513=DIRECTION('',(0.,1.,0.));
#2514=DIRECTION('',(0.,-0.,1.));
#2515=AXIS2_PLACEMENT_3D('',#2512,#2513,#2514);
#2516=CIRCLE('',#2515,0.6);
#2517=EDGE_CURVE('',#2501,#2511,#2516,.T.);
#2518=ORIENTED_EDGE('',*,*,#2517,.T.);
#2519=CARTESIAN_POINT('',(26.681054102,-17.9,-9.013079427));
#2520=DIRECTION('',(0.,1.,0.));
#2521=DIRECTION('',(0.,-0.,1.));
#2522=AXIS2_PLACEMENT_3D('',#2519,#2520,#2521);
#2523=CIRCLE('',#2522,0.6);
#2524=EDGE_CURVE('',#2511,#2501,#2523,.T.);
#2525=ORIENTED_EDGE('',*,*,#2524,.T.);
#2526=ORIENTED_EDGE('',*,*,#2508,.T.);
#2527=CARTESIAN_POINT('',(26.681054102,-18.9,-8.413079427));
#2528=VERTEX_POINT('',#2527);
#2529=CARTESIAN_POINT('',(26.681054102,-18.9,-9.013079427));
#2530=DIRECTION('',(0.,1.,0.));
#2531=DIRECTION('',(0.,-0.,1.));
#2532=AXIS2_PLACEMENT_3D('',#2529,#2530,#2531);
#2533=CIRCLE('',#2532,0.6);
#2534=EDGE_CURVE('',#2528,#2503,#2533,.T.);
#2535=ORIENTED_EDGE('',*,*,#2534,.F.);
#2536=CARTESIAN_POINT('',(26.681054102,-18.9,-9.013079427));
#2537=DIRECTION('',(0.,1.,0.));
#2538=DIRECTION('',(0.,-0.,1.));
#2539=AXIS2_PLACEMENT_3D('',#2536,#2537,#2538);
#2540=CIRCLE('',#2539,0.6);
#2541=EDGE_CURVE('',#2503,#2528,#2540,.T.);
#2542=ORIENTED_EDGE('',*,*,#2541,.F.);
#2543=EDGE_LOOP('',(#2509,#2518,#2525,#2526,#2535,#2542));
#2544=FACE_BOUND('',#2543,.T.);
#2545=ADVANCED_FACE('',(#2544),#2499,.F.);
#2546=CARTESIAN_POINT('',(25.789851571,-18.9,-7.469471362));
#2547=DIRECTION('',(0.,1.,0.));
#2548=DIRECTION('',(0.,0.,-1.));
#2549=AXIS2_PLACEMENT_3D('',#2546,#2547,#2548);
#2550=CYLINDRICAL_SURFACE('',#2549,0.6);
#2551=CARTESIAN_POINT('',(25.789851571,-17.9,-8.069471362));
#2552=VERTEX_POINT('',#2551);
#2553=CARTESIAN_POINT('',(25.789851571,-18.9,-8.069471362));
#2554=VERTEX_POINT('',#2553);
#2555=CARTESIAN_POINT('',(25.789851571,-17.9,-8.069471362));
#2556=DIRECTION('',(-0.,-1.,-0.));
#2557=VECTOR('',#2556,1.);
#2558=LINE('',#2555,#2557);
#2559=EDGE_CURVE('',#2552,#2554,#2558,.T.);
#2560=ORIENTED_EDGE('',*,*,#2559,.F.);
#2561=CARTESIAN_POINT('',(25.789851571,-17.9,-6.869471362));
#2562=VERTEX_POINT('',#2561);
#2563=CARTESIAN_POINT('',(25.789851571,-17.9,-7.469471362));
#2564=DIRECTION('',(0.,1.,0.));
#2565=DIRECTION('',(0.,-0.,1.));
#2566=AXIS2_PLACEMENT_3D('',#2563,#2564,#2565);
#2567=CIRCLE('',#2566,0.6);
#2568=EDGE_CURVE('',#2552,#2562,#2567,.T.);
#2569=ORIENTED_EDGE('',*,*,#2568,.T.);
#2570=CARTESIAN_POINT('',(25.789851571,-17.9,-7.469471362));
#2571=DIRECTION('',(0.,1.,0.));
#2572=DIRECTION('',(0.,-0.,1.));
#2573=AXIS2_PLACEMENT_3D('',#2570,#2571,#2572);
#2574=CIRCLE('',#2573,0.6);
#2575=EDGE_CURVE('',#2562,#2552,#2574,.T.);
#2576=ORIENTED_EDGE('',*,*,#2575,.T.);
#2577=ORIENTED_EDGE('',*,*,#2559,.T.);
#2578=CARTESIAN_POINT('',(25.789851571,-18.9,-6.869471362));
#2579=VERTEX_POINT('',#2578);
#2580=CARTESIAN_POINT('',(25.789851571,-18.9,-7.469471362));
#2581=DIRECTION('',(0.,1.,0.));
#2582=DIRECTION('',(0.,-0.,1.));
#2583=AXIS2_PLACEMENT_3D('',#2580,#2581,#2582);
#2584=CIRCLE('',#2583,0.6);
#2585=EDGE_CURVE('',#2579,#2554,#2584,.T.);
#2586=ORIENTED_EDGE('',*,*,#2585,.F.);
#2587=CARTESIAN_POINT('',(25.789851571,-18.9,-7.469471362));
#2588=DIRECTION('',(0.,1.,0.));
#2589=DIRECTION('',(0.,-0.,1.));
#2590=AXIS2_PLACEMENT_3D('',#2587,#2588,#2589);
#2591=CIRCLE('',#2590,0.6);
#2592=EDGE_CURVE('',#2554,#2579,#2591,.T.);
#2593=ORIENTED_EDGE('',*,*,#2592,.F.);
#2594=EDGE_LOOP('',(#2560,#2569,#2576,#2577,#2586,#2593));
#2595=FACE_BOUND('',#2594,.T.);
#2596=ADVANCED_FACE('',(#2595),#2550,.F.);
#2597=CARTESIAN_POINT('',(24.898649039,-18.9,-5.925863298));
#2598=DIRECTION('',(0.,1.,0.));
#2599=DIRECTION('',(0.,0.,-1.));
#2600=AXIS2_PLACEMENT_3D('',#2597,#2598,#2599);
#2601=CYLINDRICAL_SURFACE('',#2600,0.6);
#2602=CARTESIAN_POINT('',(24.898649039,-17.9,-6.525863298));
#2603=VERTEX_POINT('',#2602);
#2604=CARTESIAN_POINT('',(24.898649039,-18.9,-6.525863298));
#2605=VERTEX_POINT('',#2604);
#2606=CARTESIAN_POINT('',(24.898649039,-17.9,-6.525863298));
#2607=DIRECTION('',(-0.,-1.,-0.));
#2608=VECTOR('',#2607,1.);
#2609=LINE('',#2606,#2608);
#2610=EDGE_CURVE('',#2603,#2605,#2609,.T.);
#2611=ORIENTED_EDGE('',*,*,#2610,.F.);
#2612=CARTESIAN_POINT('',(24.898649039,-17.9,-5.325863298));
#2613=VERTEX_POINT('',#2612);
#2614=CARTESIAN_POINT('',(24.898649039,-17.9,-5.925863298));
#2615=DIRECTION('',(0.,1.,0.));
#2616=DIRECTION('',(0.,-0.,1.));
#2617=AXIS2_PLACEMENT_3D('',#2614,#2615,#2616);
#2618=CIRCLE('',#2617,0.6);
#2619=EDGE_CURVE('',#2603,#2613,#2618,.T.);
#2620=ORIENTED_EDGE('',*,*,#2619,.T.);
#2621=CARTESIAN_POINT('',(24.898649039,-17.9,-5.925863298));
#2622=DIRECTION('',(0.,1.,0.));
#2623=DIRECTION('',(0.,-0.,1.));
#2624=AXIS2_PLACEMENT_3D('',#2621,#2622,#2623);
#2625=CIRCLE('',#2624,0.6);
#2626=EDGE_CURVE('',#2613,#2603,#2625,.T.);
#2627=ORIENTED_EDGE('',*,*,#2626,.T.);
#2628=ORIENTED_EDGE('',*,*,#2610,.T.);
#2629=CARTESIAN_POINT('',(24.898649039,-18.9,-5.325863298));
#2630=VERTEX_POINT('',#2629);
#2631=CARTESIAN_POINT('',(24.898649039,-18.9,-5.925863298));
#2632=DIRECTION('',(0.,1.,0.));
#2633=DIRECTION('',(0.,-0.,1.));
#2634=AXIS2_PLACEMENT_3D('',#2631,#2632,#2633);
#2635=CIRCLE('',#2634,0.6);
#2636=EDGE_CURVE('',#2630,#2605,#2635,.T.);
#2637=ORIENTED_EDGE('',*,*,#2636,.F.);
#2638=CARTESIAN_POINT('',(24.898649039,-18.9,-5.925863298));
#2639=DIRECTION('',(0.,1.,0.));
#2640=DIRECTION('',(0.,-0.,1.));
#2641=AXIS2_PLACEMENT_3D('',#2638,#2639,#2640);
#2642=CIRCLE('',#2641,0.6);
#2643=EDGE_CURVE('',#2605,#2630,#2642,.T.);
#2644=ORIENTED_EDGE('',*,*,#2643,.F.);
#2645=EDGE_LOOP('',(#2611,#2620,#2627,#2628,#2637,#2644));
#2646=FACE_BOUND('',#2645,.T.);
#2647=ADVANCED_FACE('',(#2646),#2601,.F.);
#2648=CARTESIAN_POINT('',(0.,-13.51,0.));
#2649=DIRECTION('',(0.,1.,0.));
#2650=DIRECTION('',(1.,0.,0.));
#2651=AXIS2_PLACEMENT_3D('',#2648,#2649,#2650);
#2652=PLANE('',#2651);
#2653=CARTESIAN_POINT('',(20.16,-13.51,-1.6));
#2654=VERTEX_POINT('',#2653);
#2655=CARTESIAN_POINT('',(19.26,-13.51,-1.6));
#2656=DIRECTION('',(0.,-1.,0.));
#2657=DIRECTION('',(0.,0.,-1.));
#2658=AXIS2_PLACEMENT_3D('',#2655,#2656,#2657);
#2659=CIRCLE('',#2658,0.9);
#2660=EDGE_CURVE('',#1737,#2654,#2659,.T.);
#2661=ORIENTED_EDGE('',*,*,#2660,.T.);
#2662=CARTESIAN_POINT('',(20.16,-13.51,-1.201814446));
#2663=VERTEX_POINT('',#2662);
#2664=CARTESIAN_POINT('',(20.16,-13.51,-1.6));
#2665=DIRECTION('',(0.,0.,1.));
#2666=VECTOR('',#2665,0.398185554);
#2667=LINE('',#2664,#2666);
#2668=EDGE_CURVE('',#2654,#2663,#2667,.T.);
#2669=ORIENTED_EDGE('',*,*,#2668,.T.);
#2670=CARTESIAN_POINT('',(20.356411272,-13.51,-1.234872992));
#2671=VERTEX_POINT('',#2670);
#2672=CARTESIAN_POINT('',(20.356411272,-13.51,-0.634872992));
#2673=DIRECTION('',(0.,1.,0.));
#2674=DIRECTION('',(0.,0.,-1.));
#2675=AXIS2_PLACEMENT_3D('',#2672,#2673,#2674);
#2676=CIRCLE('',#2675,0.6);
#2677=EDGE_CURVE('',#2671,#2663,#2676,.T.);
#2678=ORIENTED_EDGE('',*,*,#2677,.F.);
#2679=CARTESIAN_POINT('',(20.770652821,-13.51,-1.068928218));
#2680=VERTEX_POINT('',#2679);
#2681=CARTESIAN_POINT('',(20.356411272,-13.51,-0.634872992));
#2682=DIRECTION('',(0.,1.,0.));
#2683=DIRECTION('',(0.,0.,-1.));
#2684=AXIS2_PLACEMENT_3D('',#2681,#2682,#2683);
#2685=CIRCLE('',#2684,0.6);
#2686=EDGE_CURVE('',#2680,#2671,#2685,.T.);
#2687=ORIENTED_EDGE('',*,*,#2686,.F.);
#2688=CARTESIAN_POINT('',(21.012293725,-13.51,-0.9721271));
#2689=VERTEX_POINT('',#2688);
#2690=CARTESIAN_POINT('',(21.012293725,-13.51,-1.3221271));
#2691=DIRECTION('',(0.,-1.,0.));
#2692=DIRECTION('',(0.,0.,-1.));
#2693=AXIS2_PLACEMENT_3D('',#2690,#2691,#2692);
#2694=CIRCLE('',#2693,0.35);
#2695=EDGE_CURVE('',#2689,#2680,#2694,.T.);
#2696=ORIENTED_EDGE('',*,*,#2695,.F.);
#2697=CARTESIAN_POINT('',(21.168507241,-13.51,-1.008922156));
#2698=VERTEX_POINT('',#2697);
#2699=CARTESIAN_POINT('',(21.012293725,-13.51,-1.3221271));
#2700=DIRECTION('',(0.,-1.,0.));
#2701=DIRECTION('',(0.,0.,-1.));
#2702=AXIS2_PLACEMENT_3D('',#2699,#2700,#2701);
#2703=CIRCLE('',#2702,0.35);
#2704=EDGE_CURVE('',#2698,#2689,#2703,.T.);
#2705=ORIENTED_EDGE('',*,*,#2704,.F.);
#2706=CARTESIAN_POINT('',(20.982087369,-13.51,-1.305144423));
#2707=DIRECTION('',(0.,-1.,0.));
#2708=DIRECTION('',(0.,0.,-1.));
#2709=AXIS2_PLACEMENT_3D('',#2706,#2707,#2708);
#2710=CIRCLE('',#2709,0.35);
#2711=EDGE_CURVE('',#1889,#2698,#2710,.T.);
#2712=ORIENTED_EDGE('',*,*,#2711,.F.);
#2713=ORIENTED_EDGE('',*,*,#1895,.F.);
#2714=CARTESIAN_POINT('',(21.279985671,-13.51,-2.258151773));
#2715=VERTEX_POINT('',#2714);
#2716=CARTESIAN_POINT('',(21.279985671,-13.51,-2.258151773));
#2717=DIRECTION('',(0.866025404,0.,0.5));
#2718=VECTOR('',#2717,0.422305239);
#2719=LINE('',#2716,#2718);
#2720=EDGE_CURVE('',#2715,#1881,#2719,.T.);
#2721=ORIENTED_EDGE('',*,*,#2720,.F.);
#2722=CARTESIAN_POINT('',(21.729984496,-13.51,-3.037575316));
#2723=DIRECTION('',(0.,-1.,0.));
#2724=DIRECTION('',(0.,0.,-1.));
#2725=AXIS2_PLACEMENT_3D('',#2722,#2723,#2724);
#2726=CIRCLE('',#2725,0.9);
#2727=EDGE_CURVE('',#2715,#1745,#2726,.T.);
#2728=ORIENTED_EDGE('',*,*,#2727,.T.);
#2729=ORIENTED_EDGE('',*,*,#1751,.F.);
#2730=EDGE_LOOP('',(#2661,#2669,#2678,#2687,#2696,#2705,#2712,#2713,#2721,#2728,#2729));
#2731=FACE_BOUND('',#2730,.T.);
#2732=ADVANCED_FACE('',(#2731),#2652,.T.);
#2733=CARTESIAN_POINT('',(-34.868713213,-18.9,-13.66824156));
#2734=DIRECTION('',(0.,1.,0.));
#2735=DIRECTION('',(0.,0.,-1.));
#2736=AXIS2_PLACEMENT_3D('',#2733,#2734,#2735);
#2737=CYLINDRICAL_SURFACE('',#2736,0.6);
#2738=CARTESIAN_POINT('',(-34.868713316,-17.775229416,-14.268325674));
#2739=VERTEX_POINT('',#2738);
#2740=CARTESIAN_POINT('',(-34.868713213,-18.9,-14.26824156));
#2741=VERTEX_POINT('',#2740);
#2742=CARTESIAN_POINT('',(-34.868713213,-17.775229416,-14.26824156));
#2743=DIRECTION('',(-0.,-1.,-0.));
#2744=VECTOR('',#2743,1.124770584);
#2745=LINE('',#2742,#2744);
#2746=EDGE_CURVE('',#2739,#2741,#2745,.T.);
#2747=ORIENTED_EDGE('',*,*,#2746,.F.);
#2748=CARTESIAN_POINT('',(-34.95617373,-17.748430572,-14.261832882));
#2749=VERTEX_POINT('',#2748);
#2750=CARTESIAN_POINT('',(-34.596279446,-17.9,-14.202825363));
#2751=CARTESIAN_POINT('',(-34.702396607,-17.83997222,-14.256904275));
#2752=CARTESIAN_POINT('',(-34.826549592,-17.782897448,-14.280931871));
#2753=CARTESIAN_POINT('',(-34.95617373,-17.748430572,-14.261832882));
#2754=B_SPLINE_CURVE_WITH_KNOTS('',3,(#2750,#2751,#2752,#2753),.UNSPECIFIED.,.F.,.F.,(4,4),(0.001129438,0.001529466),.UNSPECIFIED.);
#2755=EDGE_CURVE('',#2739,#2749,#2754,.T.);
#2756=ORIENTED_EDGE('',*,*,#2755,.T.);
#2757=CARTESIAN_POINT('',(-34.95617373,-18.9,-14.261832882));
#2758=VERTEX_POINT('',#2757);
#2759=CARTESIAN_POINT('',(-34.95617373,-18.9,-14.261832882));
#2760=DIRECTION('',(0.,1.,0.));
#2761=VECTOR('',#2760,1.151569428);
#2762=LINE('',#2759,#2761);
#2763=EDGE_CURVE('',#2758,#2749,#2762,.T.);
#2764=ORIENTED_EDGE('',*,*,#2763,.F.);
#2765=CARTESIAN_POINT('',(-34.868713213,-18.9,-13.66824156));
#2766=DIRECTION('',(0.,1.,0.));
#2767=DIRECTION('',(0.,-0.,1.));
#2768=AXIS2_PLACEMENT_3D('',#2765,#2766,#2767);
#2769=CIRCLE('',#2768,0.6);
#2770=EDGE_CURVE('',#2741,#2758,#2769,.T.);
#2771=ORIENTED_EDGE('',*,*,#2770,.F.);
#2772=EDGE_LOOP('',(#2747,#2756,#2764,#2771));
#2773=FACE_BOUND('',#2772,.T.);
#2774=ADVANCED_FACE('',(#2773),#2737,.F.);
#2775=CARTESIAN_POINT('',(-34.124016279,-18.9,-13.078388633));
#2776=DIRECTION('',(0.,1.,0.));
#2777=DIRECTION('',(0.,0.,-1.));
#2778=AXIS2_PLACEMENT_3D('',#2775,#2776,#2777);
#2779=CYLINDRICAL_SURFACE('',#2778,0.35);
#2780=CARTESIAN_POINT('',(-34.42712517,-18.9,-12.903388633));
#2781=VERTEX_POINT('',#2780);
#2782=CARTESIAN_POINT('',(-34.42712517,-17.9,-12.903388633));
#2783=VERTEX_POINT('',#2782);
#2784=CARTESIAN_POINT('',(-34.42712517,-18.9,-12.903388633));
#2785=DIRECTION('',(0.,1.,0.));
#2786=VECTOR('',#2785,1.);
#2787=LINE('',#2784,#2786);
#2788=EDGE_CURVE('',#2781,#2783,#2787,.T.);
#2789=ORIENTED_EDGE('',*,*,#2788,.T.);
#2790=CARTESIAN_POINT('',(-34.398378307,-17.9,-13.295702869));
#2791=VERTEX_POINT('',#2790);
#2792=CARTESIAN_POINT('',(-34.124016279,-17.9,-13.078388633));
#2793=DIRECTION('',(0.,1.,0.));
#2794=DIRECTION('',(0.,-0.,1.));
#2795=AXIS2_PLACEMENT_3D('',#2792,#2793,#2794);
#2796=CIRCLE('',#2795,0.35);
#2797=EDGE_CURVE('',#2791,#2783,#2796,.T.);
#2798=ORIENTED_EDGE('',*,*,#2797,.F.);
#2799=CARTESIAN_POINT('',(-34.398378307,-18.9,-13.295702869));
#2800=VERTEX_POINT('',#2799);
#2801=CARTESIAN_POINT('',(-34.398378307,-18.9,-13.295702869));
#2802=DIRECTION('',(0.,1.,0.));
#2803=VECTOR('',#2802,1.);
#2804=LINE('',#2801,#2803);
#2805=EDGE_CURVE('',#2800,#2791,#2804,.T.);
#2806=ORIENTED_EDGE('',*,*,#2805,.F.);
#2807=CARTESIAN_POINT('',(-34.124016279,-18.9,-13.078388633));
#2808=DIRECTION('',(0.,1.,0.));
#2809=DIRECTION('',(0.,-0.,1.));
#2810=AXIS2_PLACEMENT_3D('',#2807,#2808,#2809);
#2811=CIRCLE('',#2810,0.35);
#2812=EDGE_CURVE('',#2800,#2781,#2811,.T.);
#2813=ORIENTED_EDGE('',*,*,#2812,.T.);
#2814=EDGE_LOOP('',(#2789,#2798,#2806,#2813));
#2815=FACE_BOUND('',#2814,.T.);
#2816=ADVANCED_FACE('',(#2815),#2779,.T.);
#2817=CARTESIAN_POINT('',(-34.423111947,-18.9,-12.896437528));
#2818=DIRECTION('',(-0.866025404,0.,0.5));
#2819=DIRECTION('',(0.5,0.,0.866025404));
#2820=AXIS2_PLACEMENT_3D('',#2817,#2818,#2819);
#2821=PLANE('',#2820);
#2822=CARTESIAN_POINT('',(-34.419098725,-18.9,-12.889486422));
#2823=VERTEX_POINT('',#2822);
#2824=CARTESIAN_POINT('',(-34.419098725,-17.9,-12.889486422));
#2825=VERTEX_POINT('',#2824);
#2826=CARTESIAN_POINT('',(-34.419098725,-18.9,-12.889486422));
#2827=DIRECTION('',(0.,1.,0.));
#2828=VECTOR('',#2827,1.);
#2829=LINE('',#2826,#2828);
#2830=EDGE_CURVE('',#2823,#2825,#2829,.T.);
#2831=ORIENTED_EDGE('',*,*,#2830,.T.);
#2832=CARTESIAN_POINT('',(-34.419098725,-17.9,-12.889486422));
#2833=DIRECTION('',(-0.5,0.,-0.866025404));
#2834=VECTOR('',#2833,0.01605289);
#2835=LINE('',#2832,#2834);
#2836=EDGE_CURVE('',#2825,#2783,#2835,.T.);
#2837=ORIENTED_EDGE('',*,*,#2836,.T.);
#2838=ORIENTED_EDGE('',*,*,#2788,.F.);
#2839=CARTESIAN_POINT('',(-34.419098725,-18.9,-12.889486422));
#2840=DIRECTION('',(-0.5,0.,-0.866025404));
#2841=VECTOR('',#2840,0.01605289);
#2842=LINE('',#2839,#2841);
#2843=EDGE_CURVE('',#2823,#2781,#2842,.T.);
#2844=ORIENTED_EDGE('',*,*,#2843,.F.);
#2845=EDGE_LOOP('',(#2831,#2837,#2838,#2844));
#2846=FACE_BOUND('',#2845,.T.);
#2847=ADVANCED_FACE('',(#2846),#2821,.T.);
#2848=CARTESIAN_POINT('',(-34.115989834,-18.9,-13.064486422));
#2849=DIRECTION('',(0.,1.,0.));
#2850=DIRECTION('',(0.,0.,-1.));
#2851=AXIS2_PLACEMENT_3D('',#2848,#2849,#2850);
#2852=CYLINDRICAL_SURFACE('',#2851,0.35);
#2853=CARTESIAN_POINT('',(-34.064971199,-17.9,-12.718224818));
#2854=VERTEX_POINT('',#2853);
#2855=CARTESIAN_POINT('',(-34.115989834,-17.9,-13.064486422));
#2856=DIRECTION('',(0.,1.,0.));
#2857=DIRECTION('',(0.,-0.,1.));
#2858=AXIS2_PLACEMENT_3D('',#2855,#2856,#2857);
#2859=CIRCLE('',#2858,0.35);
#2860=EDGE_CURVE('',#2825,#2854,#2859,.T.);
#2861=ORIENTED_EDGE('',*,*,#2860,.F.);
#2862=ORIENTED_EDGE('',*,*,#2830,.F.);
#2863=CARTESIAN_POINT('',(-34.064971199,-18.9,-12.718224818));
#2864=VERTEX_POINT('',#2863);
#2865=CARTESIAN_POINT('',(-34.115989834,-18.9,-13.064486422));
#2866=DIRECTION('',(0.,1.,0.));
#2867=DIRECTION('',(0.,-0.,1.));
#2868=AXIS2_PLACEMENT_3D('',#2865,#2866,#2867);
#2869=CIRCLE('',#2868,0.35);
#2870=EDGE_CURVE('',#2823,#2864,#2869,.T.);
#2871=ORIENTED_EDGE('',*,*,#2870,.T.);
#2872=CARTESIAN_POINT('',(-34.064971199,-18.9,-12.718224818));
#2873=DIRECTION('',(0.,1.,0.));
#2874=VECTOR('',#2873,1.);
#2875=LINE('',#2872,#2874);
#2876=EDGE_CURVE('',#2864,#2854,#2875,.T.);
#2877=ORIENTED_EDGE('',*,*,#2876,.T.);
#2878=EDGE_LOOP('',(#2861,#2862,#2871,#2877));
#2879=FACE_BOUND('',#2878,.T.);
#2880=ADVANCED_FACE('',(#2879),#2852,.T.);
#2881=CARTESIAN_POINT('',(-33.977510682,-18.9,-12.124633495));
#2882=DIRECTION('',(0.,1.,0.));
#2883=DIRECTION('',(0.,0.,-1.));
#2884=AXIS2_PLACEMENT_3D('',#2881,#2882,#2883);
#2885=CYLINDRICAL_SURFACE('',#2884,0.6);
#2886=CARTESIAN_POINT('',(-33.977510682,-17.9,-12.724633495));
#2887=VERTEX_POINT('',#2886);
#2888=CARTESIAN_POINT('',(-33.977510682,-18.9,-12.724633495));
#2889=VERTEX_POINT('',#2888);
#2890=CARTESIAN_POINT('',(-33.977510682,-17.9,-12.724633495));
#2891=DIRECTION('',(-0.,-1.,-0.));
#2892=VECTOR('',#2891,1.);
#2893=LINE('',#2890,#2892);
#2894=EDGE_CURVE('',#2887,#2889,#2893,.T.);
#2895=ORIENTED_EDGE('',*,*,#2894,.F.);
#2896=CARTESIAN_POINT('',(-33.977510682,-17.9,-12.124633495));
#2897=DIRECTION('',(0.,1.,0.));
#2898=DIRECTION('',(0.,-0.,1.));
#2899=AXIS2_PLACEMENT_3D('',#2896,#2897,#2898);
#2900=CIRCLE('',#2899,0.6);
#2901=EDGE_CURVE('',#2887,#2854,#2900,.T.);
#2902=ORIENTED_EDGE('',*,*,#2901,.T.);
#2903=ORIENTED_EDGE('',*,*,#2876,.F.);
#2904=CARTESIAN_POINT('',(-33.977510682,-18.9,-12.124633495));
#2905=DIRECTION('',(0.,1.,0.));
#2906=DIRECTION('',(0.,-0.,1.));
#2907=AXIS2_PLACEMENT_3D('',#2904,#2905,#2906);
#2908=CIRCLE('',#2907,0.6);
#2909=EDGE_CURVE('',#2889,#2864,#2908,.T.);
#2910=ORIENTED_EDGE('',*,*,#2909,.F.);
#2911=EDGE_LOOP('',(#2895,#2902,#2903,#2910));
#2912=FACE_BOUND('',#2911,.T.);
#2913=ADVANCED_FACE('',(#2912),#2885,.F.);
#2914=CARTESIAN_POINT('',(-34.930867218,-18.9,-11.927930933));
#2915=DIRECTION('',(0.,1.,0.));
#2916=DIRECTION('',(0.,0.,-1.));
#2917=AXIS2_PLACEMENT_3D('',#2914,#2915,#2916);
#2918=CYLINDRICAL_SURFACE('',#2917,0.376017739);
#2919=CARTESIAN_POINT('',(-34.930867218,-17.9,-12.303948673));
#2920=VERTEX_POINT('',#2919);
#2921=CARTESIAN_POINT('',(-34.930867218,-18.9,-12.303948673));
#2922=VERTEX_POINT('',#2921);
#2923=CARTESIAN_POINT('',(-34.930867218,-17.9,-12.303948673));
#2924=DIRECTION('',(-0.,-1.,-0.));
#2925=VECTOR('',#2924,1.);
#2926=LINE('',#2923,#2925);
#2927=EDGE_CURVE('',#2920,#2922,#2926,.T.);
#2928=ORIENTED_EDGE('',*,*,#2927,.T.);
#2929=CARTESIAN_POINT('',(-35.297580503,-18.9,-12.011061596));
#2930=VERTEX_POINT('',#2929);
#2931=CARTESIAN_POINT('',(-34.930867218,-18.9,-11.927930933));
#2932=DIRECTION('',(0.,1.,0.));
#2933=DIRECTION('',(0.,-0.,1.));
#2934=AXIS2_PLACEMENT_3D('',#2931,#2932,#2933);
#2935=CIRCLE('',#2934,0.376017739);
#2936=EDGE_CURVE('',#2922,#2930,#2935,.T.);
#2937=ORIENTED_EDGE('',*,*,#2936,.T.);
#2938=CARTESIAN_POINT('',(-35.297580503,-17.9,-12.011061596));
#2939=VERTEX_POINT('',#2938);
#2940=CARTESIAN_POINT('',(-35.297580503,-18.9,-12.011061596));
#2941=DIRECTION('',(0.,1.,0.));
#2942=VECTOR('',#2941,1.);
#2943=LINE('',#2940,#2942);
#2944=EDGE_CURVE('',#2930,#2939,#2943,.T.);
#2945=ORIENTED_EDGE('',*,*,#2944,.T.);
#2946=CARTESIAN_POINT('',(-34.930867218,-17.9,-11.927930933));
#2947=DIRECTION('',(0.,1.,0.));
#2948=DIRECTION('',(0.,-0.,1.));
#2949=AXIS2_PLACEMENT_3D('',#2946,#2947,#2948);
#2950=CIRCLE('',#2949,0.376017739);
#2951=EDGE_CURVE('',#2920,#2939,#2950,.T.);
#2952=ORIENTED_EDGE('',*,*,#2951,.F.);
#2953=EDGE_LOOP('',(#2928,#2937,#2945,#2952));
#2954=FACE_BOUND('',#2953,.T.);
#2955=ADVANCED_FACE('',(#2954),#2918,.T.);
#2956=CARTESIAN_POINT('',(-30.468473605,-18.9,-4.193148167));
#2957=DIRECTION('',(0.,1.,0.));
#2958=DIRECTION('',(0.,0.,-1.));
#2959=AXIS2_PLACEMENT_3D('',#2956,#2957,#2958);
#2960=CYLINDRICAL_SURFACE('',#2959,0.373172587);
#2961=CARTESIAN_POINT('',(-30.098539844,-18.9,-4.242207232));
#2962=VERTEX_POINT('',#2961);
#2963=CARTESIAN_POINT('',(-30.098539844,-17.9,-4.242207232));
#2964=VERTEX_POINT('',#2963);
#2965=CARTESIAN_POINT('',(-30.098539844,-18.9,-4.242207232));
#2966=DIRECTION('',(0.,1.,0.));
#2967=VECTOR('',#2966,1.);
#2968=LINE('',#2965,#2967);
#2969=EDGE_CURVE('',#2962,#2964,#2968,.T.);
#2970=ORIENTED_EDGE('',*,*,#2969,.T.);
#2971=CARTESIAN_POINT('',(-30.577931337,-17.9,-3.836389447));
#2972=VERTEX_POINT('',#2971);
#2973=CARTESIAN_POINT('',(-30.468473605,-17.9,-4.193148167));
#2974=DIRECTION('',(0.,1.,0.));
#2975=DIRECTION('',(0.,-0.,1.));
#2976=AXIS2_PLACEMENT_3D('',#2973,#2974,#2975);
#2977=CIRCLE('',#2976,0.373172587);
#2978=EDGE_CURVE('',#2972,#2964,#2977,.T.);
#2979=ORIENTED_EDGE('',*,*,#2978,.F.);
#2980=CARTESIAN_POINT('',(-30.577931337,-18.9,-3.836389447));
#2981=VERTEX_POINT('',#2980);
#2982=CARTESIAN_POINT('',(-30.577931337,-18.9,-3.836389447));
#2983=DIRECTION('',(0.,1.,0.));
#2984=VECTOR('',#2983,1.);
#2985=LINE('',#2982,#2984);
#2986=EDGE_CURVE('',#2981,#2972,#2985,.T.);
#2987=ORIENTED_EDGE('',*,*,#2986,.F.);
#2988=CARTESIAN_POINT('',(-30.468473605,-18.9,-4.193148167));
#2989=DIRECTION('',(0.,1.,0.));
#2990=DIRECTION('',(0.,-0.,1.));
#2991=AXIS2_PLACEMENT_3D('',#2988,#2989,#2990);
#2992=CIRCLE('',#2991,0.373172587);
#2993=EDGE_CURVE('',#2981,#2962,#2992,.T.);
#2994=ORIENTED_EDGE('',*,*,#2993,.T.);
#2995=EDGE_LOOP('',(#2970,#2979,#2987,#2994));
#2996=FACE_BOUND('',#2995,.T.);
#2997=ADVANCED_FACE('',(#2996),#2960,.T.);
#2998=CARTESIAN_POINT('',(-29.521498023,-18.9,-4.406593172));
#2999=DIRECTION('',(0.,1.,0.));
#3000=DIRECTION('',(0.,0.,-1.));
#3001=AXIS2_PLACEMENT_3D('',#2998,#2999,#3000);
#3002=CYLINDRICAL_SURFACE('',#3001,0.6);
#3003=CARTESIAN_POINT('',(-29.521498023,-17.9,-5.006593172));
#3004=VERTEX_POINT('',#3003);
#3005=CARTESIAN_POINT('',(-29.521498023,-18.9,-5.006593172));
#3006=VERTEX_POINT('',#3005);
#3007=CARTESIAN_POINT('',(-29.521498023,-17.9,-5.006593172));
#3008=DIRECTION('',(-0.,-1.,-0.));
#3009=VECTOR('',#3008,1.);
#3010=LINE('',#3007,#3009);
#3011=EDGE_CURVE('',#3004,#3006,#3010,.T.);
#3012=ORIENTED_EDGE('',*,*,#3011,.F.);
#3013=CARTESIAN_POINT('',(-29.521498023,-17.9,-4.406593172));
#3014=DIRECTION('',(0.,1.,0.));
#3015=DIRECTION('',(0.,-0.,1.));
#3016=AXIS2_PLACEMENT_3D('',#3013,#3014,#3015);
#3017=CIRCLE('',#3016,0.6);
#3018=EDGE_CURVE('',#3004,#2964,#3017,.T.);
#3019=ORIENTED_EDGE('',*,*,#3018,.T.);
#3020=ORIENTED_EDGE('',*,*,#2969,.F.);
#3021=CARTESIAN_POINT('',(-29.521498023,-18.9,-4.406593172));
#3022=DIRECTION('',(0.,1.,0.));
#3023=DIRECTION('',(0.,-0.,1.));
#3024=AXIS2_PLACEMENT_3D('',#3021,#3022,#3023);
#3025=CIRCLE('',#3024,0.6);
#3026=EDGE_CURVE('',#3006,#2962,#3025,.T.);
#3027=ORIENTED_EDGE('',*,*,#3026,.F.);
#3028=EDGE_LOOP('',(#3012,#3019,#3020,#3027));
#3029=FACE_BOUND('',#3028,.T.);
#3030=ADVANCED_FACE('',(#3029),#3002,.F.);
#3031=CARTESIAN_POINT('',(-28.776801089,-18.9,-3.816740245));
#3032=DIRECTION('',(0.,1.,0.));
#3033=DIRECTION('',(0.,0.,-1.));
#3034=AXIS2_PLACEMENT_3D('',#3031,#3032,#3033);
#3035=CYLINDRICAL_SURFACE('',#3034,0.35);
#3036=CARTESIAN_POINT('',(-29.07990998,-18.9,-3.641740245));
#3037=VERTEX_POINT('',#3036);
#3038=CARTESIAN_POINT('',(-29.07990998,-17.9,-3.641740245));
#3039=VERTEX_POINT('',#3038);
#3040=CARTESIAN_POINT('',(-29.07990998,-18.9,-3.641740245));
#3041=DIRECTION('',(0.,1.,0.));
#3042=VECTOR('',#3041,1.);
#3043=LINE('',#3040,#3042);
#3044=EDGE_CURVE('',#3037,#3039,#3043,.T.);
#3045=ORIENTED_EDGE('',*,*,#3044,.T.);
#3046=CARTESIAN_POINT('',(-29.051163117,-17.9,-4.034054481));
#3047=VERTEX_POINT('',#3046);
#3048=CARTESIAN_POINT('',(-28.776801089,-17.9,-3.816740245));
#3049=DIRECTION('',(0.,1.,0.));
#3050=DIRECTION('',(0.,-0.,1.));
#3051=AXIS2_PLACEMENT_3D('',#3048,#3049,#3050);
#3052=CIRCLE('',#3051,0.35);
#3053=EDGE_CURVE('',#3047,#3039,#3052,.T.);
#3054=ORIENTED_EDGE('',*,*,#3053,.F.);
#3055=CARTESIAN_POINT('',(-29.051163117,-18.9,-4.034054481));
#3056=VERTEX_POINT('',#3055);
#3057=CARTESIAN_POINT('',(-29.051163117,-18.9,-4.034054481));
#3058=DIRECTION('',(0.,1.,0.));
#3059=VECTOR('',#3058,1.);
#3060=LINE('',#3057,#3059);
#3061=EDGE_CURVE('',#3056,#3047,#3060,.T.);
#3062=ORIENTED_EDGE('',*,*,#3061,.F.);
#3063=CARTESIAN_POINT('',(-28.776801089,-18.9,-3.816740245));
#3064=DIRECTION('',(0.,1.,0.));
#3065=DIRECTION('',(0.,-0.,1.));
#3066=AXIS2_PLACEMENT_3D('',#3063,#3064,#3065);
#3067=CIRCLE('',#3066,0.35);
#3068=EDGE_CURVE('',#3056,#3037,#3067,.T.);
#3069=ORIENTED_EDGE('',*,*,#3068,.T.);
#3070=EDGE_LOOP('',(#3045,#3054,#3062,#3069));
#3071=FACE_BOUND('',#3070,.T.);
#3072=ADVANCED_FACE('',(#3071),#3035,.T.);
#3073=CARTESIAN_POINT('',(-29.075896757,-18.9,-3.63478914));
#3074=DIRECTION('',(-0.866025404,0.,0.5));
#3075=DIRECTION('',(0.5,0.,0.866025404));
#3076=AXIS2_PLACEMENT_3D('',#3073,#3074,#3075);
#3077=PLANE('',#3076);
#3078=CARTESIAN_POINT('',(-29.071883535,-18.9,-3.627838034));
#3079=VERTEX_POINT('',#3078);
#3080=CARTESIAN_POINT('',(-29.071883535,-17.9,-3.627838034));
#3081=VERTEX_POINT('',#3080);
#3082=CARTESIAN_POINT('',(-29.071883535,-18.9,-3.627838034));
#3083=DIRECTION('',(0.,1.,0.));
#3084=VECTOR('',#3083,1.);
#3085=LINE('',#3082,#3084);
#3086=EDGE_CURVE('',#3079,#3081,#3085,.T.);
#3087=ORIENTED_EDGE('',*,*,#3086,.T.);
#3088=CARTESIAN_POINT('',(-29.071883535,-17.9,-3.627838034));
#3089=DIRECTION('',(-0.5,0.,-0.866025404));
#3090=VECTOR('',#3089,0.01605289);
#3091=LINE('',#3088,#3090);
#3092=EDGE_CURVE('',#3081,#3039,#3091,.T.);
#3093=ORIENTED_EDGE('',*,*,#3092,.T.);
#3094=ORIENTED_EDGE('',*,*,#3044,.F.);
#3095=CARTESIAN_POINT('',(-29.071883535,-18.9,-3.627838034));
#3096=DIRECTION('',(-0.5,0.,-0.866025404));
#3097=VECTOR('',#3096,0.01605289);
#3098=LINE('',#3095,#3097);
#3099=EDGE_CURVE('',#3079,#3037,#3098,.T.);
#3100=ORIENTED_EDGE('',*,*,#3099,.F.);
#3101=EDGE_LOOP('',(#3087,#3093,#3094,#3100));
#3102=FACE_BOUND('',#3101,.T.);
#3103=ADVANCED_FACE('',(#3102),#3077,.T.);
#3104=CARTESIAN_POINT('',(-28.768774644,-18.9,-3.802838034));
#3105=DIRECTION('',(0.,1.,0.));
#3106=DIRECTION('',(0.,0.,-1.));
#3107=AXIS2_PLACEMENT_3D('',#3104,#3105,#3106);
#3108=CYLINDRICAL_SURFACE('',#3107,0.35);
#3109=CARTESIAN_POINT('',(-28.717756009,-18.9,-3.45657643));
#3110=VERTEX_POINT('',#3109);
#3111=CARTESIAN_POINT('',(-28.717756009,-17.9,-3.45657643));
#3112=VERTEX_POINT('',#3111);
#3113=CARTESIAN_POINT('',(-28.717756009,-18.9,-3.45657643));
#3114=DIRECTION('',(0.,1.,0.));
#3115=VECTOR('',#3114,1.);
#3116=LINE('',#3113,#3115);
#3117=EDGE_CURVE('',#3110,#3112,#3116,.T.);
#3118=ORIENTED_EDGE('',*,*,#3117,.T.);
#3119=CARTESIAN_POINT('',(-28.768774644,-17.9,-3.802838034));
#3120=DIRECTION('',(0.,1.,0.));
#3121=DIRECTION('',(0.,-0.,1.));
#3122=AXIS2_PLACEMENT_3D('',#3119,#3120,#3121);
#3123=CIRCLE('',#3122,0.35);
#3124=EDGE_CURVE('',#3081,#3112,#3123,.T.);
#3125=ORIENTED_EDGE('',*,*,#3124,.F.);
#3126=ORIENTED_EDGE('',*,*,#3086,.F.);
#3127=CARTESIAN_POINT('',(-28.768774644,-18.9,-3.802838034));
#3128=DIRECTION('',(0.,1.,0.));
#3129=DIRECTION('',(0.,-0.,1.));
#3130=AXIS2_PLACEMENT_3D('',#3127,#3128,#3129);
#3131=CIRCLE('',#3130,0.35);
#3132=EDGE_CURVE('',#3079,#3110,#3131,.T.);
#3133=ORIENTED_EDGE('',*,*,#3132,.T.);
#3134=EDGE_LOOP('',(#3118,#3125,#3126,#3133));
#3135=FACE_BOUND('',#3134,.T.);
#3136=ADVANCED_FACE('',(#3135),#3108,.T.);
#3137=CARTESIAN_POINT('',(-28.630295492,-18.9,-2.862985107));
#3138=DIRECTION('',(0.,1.,0.));
#3139=DIRECTION('',(0.,0.,-1.));
#3140=AXIS2_PLACEMENT_3D('',#3137,#3138,#3139);
#3141=CYLINDRICAL_SURFACE('',#3140,0.6);
#3142=CARTESIAN_POINT('',(-28.630295492,-17.9,-3.462985107));
#3143=VERTEX_POINT('',#3142);
#3144=CARTESIAN_POINT('',(-28.630295492,-18.9,-3.462985107));
#3145=VERTEX_POINT('',#3144);
#3146=CARTESIAN_POINT('',(-28.630295492,-17.9,-3.462985107));
#3147=DIRECTION('',(-0.,-1.,-0.));
#3148=VECTOR('',#3147,1.);
#3149=LINE('',#3146,#3148);
#3150=EDGE_CURVE('',#3143,#3145,#3149,.T.);
#3151=ORIENTED_EDGE('',*,*,#3150,.F.);
#3152=CARTESIAN_POINT('',(-28.630295492,-17.9,-2.862985107));
#3153=DIRECTION('',(0.,1.,0.));
#3154=DIRECTION('',(0.,-0.,1.));
#3155=AXIS2_PLACEMENT_3D('',#3152,#3153,#3154);
#3156=CIRCLE('',#3155,0.6);
#3157=EDGE_CURVE('',#3143,#3112,#3156,.T.);
#3158=ORIENTED_EDGE('',*,*,#3157,.T.);
#3159=ORIENTED_EDGE('',*,*,#3117,.F.);
#3160=CARTESIAN_POINT('',(-28.630295492,-18.9,-2.862985107));
#3161=DIRECTION('',(0.,1.,0.));
#3162=DIRECTION('',(0.,-0.,1.));
#3163=AXIS2_PLACEMENT_3D('',#3160,#3161,#3162);
#3164=CIRCLE('',#3163,0.6);
#3165=EDGE_CURVE('',#3145,#3110,#3164,.T.);
#3166=ORIENTED_EDGE('',*,*,#3165,.F.);
#3167=EDGE_LOOP('',(#3151,#3158,#3159,#3166));
#3168=FACE_BOUND('',#3167,.T.);
#3169=ADVANCED_FACE('',(#3168),#3141,.F.);
#3170=CARTESIAN_POINT('',(-28.623240725,-18.9,-2.858468507));
#3171=DIRECTION('',(0.,1.,0.));
#3172=DIRECTION('',(0.,0.,-1.));
#3173=AXIS2_PLACEMENT_3D('',#3170,#3171,#3172);
#3174=CYLINDRICAL_SURFACE('',#3173,0.6);
#3175=CARTESIAN_POINT('',(-28.111269068,-17.236995999,-2.545602686));
#3176=VERTEX_POINT('',#3175);
#3177=CARTESIAN_POINT('',(-28.299631345,-17.9,-3.36371792));
#3178=VERTEX_POINT('',#3177);
#3179=CARTESIAN_POINT('',(-28.111269068,-17.236995999,-2.545602686));
#3180=CARTESIAN_POINT('',(-28.066758126,-17.282509319,-2.61844011));
#3181=CARTESIAN_POINT('',(-28.041888889,-17.336928663,-2.691713206));
#3182=CARTESIAN_POINT('',(-28.030279967,-17.395207941,-2.766830418));
#3183=CARTESIAN_POINT('',(-28.018671046,-17.453487219,-2.841947629));
#3184=CARTESIAN_POINT('',(-28.021427671,-17.513808875,-2.916126587));
#3185=CARTESIAN_POINT('',(-28.037510964,-17.573589696,-2.988547894));
#3186=CARTESIAN_POINT('',(-28.053594257,-17.633370517,-3.060969201));
#3187=CARTESIAN_POINT('',(-28.083361287,-17.692473239,-3.131384346));
#3188=CARTESIAN_POINT('',(-28.126667299,-17.747473819,-3.195239694));
#3189=CARTESIAN_POINT('',(-28.16997331,-17.802474398,-3.259095042));
#3190=CARTESIAN_POINT('',(-28.228039491,-17.854626055,-3.317863743));
#3191=CARTESIAN_POINT('',(-28.299631345,-17.9,-3.36371792));
#3192=B_SPLINE_CURVE_WITH_KNOTS('',3,(#3179,#3180,#3181,#3182,#3183,#3184,#3185,#3186,#3187,#3188,#3189,#3190,#3191),.UNSPECIFIED.,.F.,.F.,(4,3,3,3,4),(0.,0.000283754,0.000567507,0.000851261,0.001135015),.UNSPECIFIED.);
#3193=EDGE_CURVE('',#3176,#3178,#3192,.T.);
#3194=ORIENTED_EDGE('',*,*,#3193,.T.);
#3195=CARTESIAN_POINT('',(-28.303265016,-17.9,-3.366026923));
#3196=VERTEX_POINT('',#3195);
#3197=CARTESIAN_POINT('',(-28.623240725,-17.9,-2.858468507));
#3198=DIRECTION('',(0.,1.,0.));
#3199=DIRECTION('',(0.,-0.,1.));
#3200=AXIS2_PLACEMENT_3D('',#3197,#3198,#3199);
#3201=CIRCLE('',#3200,0.6);
#3202=EDGE_CURVE('',#3178,#3196,#3201,.T.);
#3203=ORIENTED_EDGE('',*,*,#3202,.T.);
#3204=CARTESIAN_POINT('',(-28.303265016,-18.9,-3.366026923));
#3205=VERTEX_POINT('',#3204);
#3206=CARTESIAN_POINT('',(-28.303265016,-18.9,-3.366026923));
#3207=DIRECTION('',(0.,1.,0.));
#3208=VECTOR('',#3207,1.);
#3209=LINE('',#3206,#3208);
#3210=EDGE_CURVE('',#3205,#3196,#3209,.T.);
#3211=ORIENTED_EDGE('',*,*,#3210,.F.);
#3212=CARTESIAN_POINT('',(-28.111269068,-18.9,-2.545602686));
#3213=VERTEX_POINT('',#3212);
#3214=CARTESIAN_POINT('',(-28.623240725,-18.9,-2.858468507));
#3215=DIRECTION('',(0.,1.,0.));
#3216=DIRECTION('',(0.,-0.,1.));
#3217=AXIS2_PLACEMENT_3D('',#3214,#3215,#3216);
#3218=CIRCLE('',#3217,0.6);
#3219=EDGE_CURVE('',#3213,#3205,#3218,.T.);
#3220=ORIENTED_EDGE('',*,*,#3219,.F.);
#3221=CARTESIAN_POINT('',(-28.111269068,-17.236995999,-2.545602686));
#3222=DIRECTION('',(-0.,-1.,-0.));
#3223=VECTOR('',#3222,1.663004001);
#3224=LINE('',#3221,#3223);
#3225=EDGE_CURVE('',#3176,#3213,#3224,.T.);
#3226=ORIENTED_EDGE('',*,*,#3225,.F.);
#3227=EDGE_LOOP('',(#3194,#3203,#3211,#3220,#3226));
#3228=FACE_BOUND('',#3227,.T.);
#3229=ADVANCED_FACE('',(#3228),#3174,.F.);
#3230=CARTESIAN_POINT('',(-27.439694051,-18.9,-1.525739341));
#3231=DIRECTION('',(0.,1.,0.));
#3232=DIRECTION('',(0.,0.,-1.));
#3233=AXIS2_PLACEMENT_3D('',#3230,#3231,#3232);
#3234=CYLINDRICAL_SURFACE('',#3233,0.6);
#3235=CARTESIAN_POINT('',(-27.439693959,-16.052430821,-2.125785757));
#3236=VERTEX_POINT('',#3235);
#3237=CARTESIAN_POINT('',(-27.439694051,-18.9,-2.125739341));
#3238=VERTEX_POINT('',#3237);
#3239=CARTESIAN_POINT('',(-27.439694051,-16.052430821,-2.125739341));
#3240=DIRECTION('',(-0.,-1.,-0.));
#3241=VECTOR('',#3240,2.847569179);
#3242=LINE('',#3239,#3241);
#3243=EDGE_CURVE('',#3236,#3238,#3242,.T.);
#3244=ORIENTED_EDGE('',*,*,#3243,.F.);
#3245=CARTESIAN_POINT('',(-27.689874247,-16.25492452,-2.071092318));
#3246=VERTEX_POINT('',#3245);
#3247=CARTESIAN_POINT('',(-27.164859511,-14.9,-2.059092859));
#3248=CARTESIAN_POINT('',(-27.164859511,-15.028608781,-2.059092859));
#3249=CARTESIAN_POINT('',(-27.172146604,-15.155796923,-2.063049701));
#3250=CARTESIAN_POINT('',(-27.187439297,-15.281495546,-2.070135832));
#3251=CARTESIAN_POINT('',(-27.20273199,-15.407194168,-2.077221962));
#3252=CARTESIAN_POINT('',(-27.225879457,-15.531421508,-2.087546494));
#3253=CARTESIAN_POINT('',(-27.260873694,-15.65368022,-2.098472507));
#3254=CARTESIAN_POINT('',(-27.29586793,-15.775938933,-2.10939852));
#3255=CARTESIAN_POINT('',(-27.342842576,-15.897920535,-2.121763185));
#3256=CARTESIAN_POINT('',(-27.410769579,-16.008176198,-2.125041748));
#3257=CARTESIAN_POINT('',(-27.444733081,-16.063304029,-2.126681029));
#3258=CARTESIAN_POINT('',(-27.483335995,-16.114720404,-2.126025796));
#3259=CARTESIAN_POINT('',(-27.530211367,-16.159428254,-2.118872223));
#3260=CARTESIAN_POINT('',(-27.577086739,-16.204136105,-2.11171865));
#3261=CARTESIAN_POINT('',(-27.63170138,-16.240693454,-2.097779069));
#3262=CARTESIAN_POINT('',(-27.689874247,-16.25492452,-2.071092318));
#3263=B_SPLINE_CURVE_WITH_KNOTS('',3,(#3247,#3248,#3249,#3250,#3251,#3252,#3253,#3254,#3255,#3256,#3257,#3258,#3259,#3260,#3261,#3262),.UNSPECIFIED.,.F.,.F.,(4,3,3,3,3,4),(0.,0.000380156,0.000760312,0.001140468,0.001330546,0.001520624),.UNSPECIFIED.);
#3264=EDGE_CURVE('',#3236,#3246,#3263,.T.);
#3265=ORIENTED_EDGE('',*,*,#3264,.T.);
#3266=CARTESIAN_POINT('',(-27.689874247,-18.9,-2.071092318));
#3267=VERTEX_POINT('',#3266);
#3268=CARTESIAN_POINT('',(-27.689874247,-18.9,-2.071092318));
#3269=DIRECTION('',(0.,1.,0.));
#3270=VECTOR('',#3269,2.64507548);
#3271=LINE('',#3268,#3270);
#3272=EDGE_CURVE('',#3267,#3246,#3271,.T.);
#3273=ORIENTED_EDGE('',*,*,#3272,.F.);
#3274=CARTESIAN_POINT('',(-27.439694051,-18.9,-1.525739341));
#3275=DIRECTION('',(0.,1.,0.));
#3276=DIRECTION('',(0.,-0.,1.));
#3277=AXIS2_PLACEMENT_3D('',#3274,#3275,#3276);
#3278=CIRCLE('',#3277,0.6);
#3279=EDGE_CURVE('',#3238,#3267,#3278,.T.);
#3280=ORIENTED_EDGE('',*,*,#3279,.F.);
#3281=EDGE_LOOP('',(#3244,#3265,#3273,#3280));
#3282=FACE_BOUND('',#3281,.T.);
#3283=ADVANCED_FACE('',(#3282),#3234,.F.);
#3284=CARTESIAN_POINT('',(-30.412700555,-18.9,-5.950201237));
#3285=DIRECTION('',(0.,1.,0.));
#3286=DIRECTION('',(0.,0.,-1.));
#3287=AXIS2_PLACEMENT_3D('',#3284,#3285,#3286);
#3288=CYLINDRICAL_SURFACE('',#3287,0.6);
#3289=CARTESIAN_POINT('',(-30.412700555,-17.9,-6.550201237));
#3290=VERTEX_POINT('',#3289);
#3291=CARTESIAN_POINT('',(-30.412700555,-18.9,-6.550201237));
#3292=VERTEX_POINT('',#3291);
#3293=CARTESIAN_POINT('',(-30.412700555,-17.9,-6.550201237));
#3294=DIRECTION('',(-0.,-1.,-0.));
#3295=VECTOR('',#3294,1.);
#3296=LINE('',#3293,#3295);
#3297=EDGE_CURVE('',#3290,#3292,#3296,.T.);
#3298=ORIENTED_EDGE('',*,*,#3297,.F.);
#3299=CARTESIAN_POINT('',(-30.412700555,-17.9,-5.350201237));
#3300=VERTEX_POINT('',#3299);
#3301=CARTESIAN_POINT('',(-30.412700555,-17.9,-5.950201237));
#3302=DIRECTION('',(0.,1.,0.));
#3303=DIRECTION('',(0.,-0.,1.));
#3304=AXIS2_PLACEMENT_3D('',#3301,#3302,#3303);
#3305=CIRCLE('',#3304,0.6);
#3306=EDGE_CURVE('',#3290,#3300,#3305,.T.);
#3307=ORIENTED_EDGE('',*,*,#3306,.T.);
#3308=CARTESIAN_POINT('',(-30.412700555,-17.9,-5.950201237));
#3309=DIRECTION('',(0.,1.,0.));
#3310=DIRECTION('',(0.,-0.,1.));
#3311=AXIS2_PLACEMENT_3D('',#3308,#3309,#3310);
#3312=CIRCLE('',#3311,0.6);
#3313=EDGE_CURVE('',#3300,#3290,#3312,.T.);
#3314=ORIENTED_EDGE('',*,*,#3313,.T.);
#3315=ORIENTED_EDGE('',*,*,#3297,.T.);
#3316=CARTESIAN_POINT('',(-30.412700555,-18.9,-5.350201237));
#3317=VERTEX_POINT('',#3316);
#3318=CARTESIAN_POINT('',(-30.412700555,-18.9,-5.950201237));
#3319=DIRECTION('',(0.,1.,0.));
#3320=DIRECTION('',(0.,-0.,1.));
#3321=AXIS2_PLACEMENT_3D('',#3318,#3319,#3320);
#3322=CIRCLE('',#3321,0.6);
#3323=EDGE_CURVE('',#3317,#3292,#3322,.T.);
#3324=ORIENTED_EDGE('',*,*,#3323,.F.);
#3325=CARTESIAN_POINT('',(-30.412700555,-18.9,-5.950201237));
#3326=DIRECTION('',(0.,1.,0.));
#3327=DIRECTION('',(0.,-0.,1.));
#3328=AXIS2_PLACEMENT_3D('',#3325,#3326,#3327);
#3329=CIRCLE('',#3328,0.6);
#3330=EDGE_CURVE('',#3292,#3317,#3329,.T.);
#3331=ORIENTED_EDGE('',*,*,#3330,.F.);
#3332=EDGE_LOOP('',(#3298,#3307,#3314,#3315,#3324,#3331));
#3333=FACE_BOUND('',#3332,.T.);
#3334=ADVANCED_FACE('',(#3333),#3288,.F.);
#3335=CARTESIAN_POINT('',(-31.303903087,-18.9,-7.493809301));
#3336=DIRECTION('',(0.,1.,0.));
#3337=DIRECTION('',(0.,0.,-1.));
#3338=AXIS2_PLACEMENT_3D('',#3335,#3336,#3337);
#3339=CYLINDRICAL_SURFACE('',#3338,0.6);
#3340=CARTESIAN_POINT('',(-31.303903087,-17.9,-8.093809301));
#3341=VERTEX_POINT('',#3340);
#3342=CARTESIAN_POINT('',(-31.303903087,-18.9,-8.093809301));
#3343=VERTEX_POINT('',#3342);
#3344=CARTESIAN_POINT('',(-31.303903087,-17.9,-8.093809301));
#3345=DIRECTION('',(-0.,-1.,-0.));
#3346=VECTOR('',#3345,1.);
#3347=LINE('',#3344,#3346);
#3348=EDGE_CURVE('',#3341,#3343,#3347,.T.);
#3349=ORIENTED_EDGE('',*,*,#3348,.F.);
#3350=CARTESIAN_POINT('',(-31.303903087,-17.9,-6.893809301));
#3351=VERTEX_POINT('',#3350);
#3352=CARTESIAN_POINT('',(-31.303903087,-17.9,-7.493809301));
#3353=DIRECTION('',(0.,1.,0.));
#3354=DIRECTION('',(0.,-0.,1.));
#3355=AXIS2_PLACEMENT_3D('',#3352,#3353,#3354);
#3356=CIRCLE('',#3355,0.6);
#3357=EDGE_CURVE('',#3341,#3351,#3356,.T.);
#3358=ORIENTED_EDGE('',*,*,#3357,.T.);
#3359=CARTESIAN_POINT('',(-31.303903087,-17.9,-7.493809301));
#3360=DIRECTION('',(0.,1.,0.));
#3361=DIRECTION('',(0.,-0.,1.));
#3362=AXIS2_PLACEMENT_3D('',#3359,#3360,#3361);
#3363=CIRCLE('',#3362,0.6);
#3364=EDGE_CURVE('',#3351,#3341,#3363,.T.);
#3365=ORIENTED_EDGE('',*,*,#3364,.T.);
#3366=ORIENTED_EDGE('',*,*,#3348,.T.);
#3367=CARTESIAN_POINT('',(-31.303903087,-18.9,-6.893809301));
#3368=VERTEX_POINT('',#3367);
#3369=CARTESIAN_POINT('',(-31.303903087,-18.9,-7.493809301));
#3370=DIRECTION('',(0.,1.,0.));
#3371=DIRECTION('',(0.,-0.,1.));
#3372=AXIS2_PLACEMENT_3D('',#3369,#3370,#3371);
#3373=CIRCLE('',#3372,0.6);
#3374=EDGE_CURVE('',#3368,#3343,#3373,.T.);
#3375=ORIENTED_EDGE('',*,*,#3374,.F.);
#3376=CARTESIAN_POINT('',(-31.303903087,-18.9,-7.493809301));
#3377=DIRECTION('',(0.,1.,0.));
#3378=DIRECTION('',(0.,-0.,1.));
#3379=AXIS2_PLACEMENT_3D('',#3376,#3377,#3378);
#3380=CIRCLE('',#3379,0.6);
#3381=EDGE_CURVE('',#3343,#3368,#3380,.T.);
#3382=ORIENTED_EDGE('',*,*,#3381,.F.);
#3383=EDGE_LOOP('',(#3349,#3358,#3365,#3366,#3375,#3382));
#3384=FACE_BOUND('',#3383,.T.);
#3385=ADVANCED_FACE('',(#3384),#3339,.F.);
#3386=CARTESIAN_POINT('',(-32.195105618,-18.9,-9.037417366));
#3387=DIRECTION('',(0.,1.,0.));
#3388=DIRECTION('',(0.,0.,-1.));
#3389=AXIS2_PLACEMENT_3D('',#3386,#3387,#3388);
#3390=CYLINDRICAL_SURFACE('',#3389,0.6);
#3391=CARTESIAN_POINT('',(-32.195105618,-17.9,-9.637417366));
#3392=VERTEX_POINT('',#3391);
#3393=CARTESIAN_POINT('',(-32.195105618,-18.9,-9.637417366));
#3394=VERTEX_POINT('',#3393);
#3395=CARTESIAN_POINT('',(-32.195105618,-17.9,-9.637417366));
#3396=DIRECTION('',(-0.,-1.,-0.));
#3397=VECTOR('',#3396,1.);
#3398=LINE('',#3395,#3397);
#3399=EDGE_CURVE('',#3392,#3394,#3398,.T.);
#3400=ORIENTED_EDGE('',*,*,#3399,.F.);
#3401=CARTESIAN_POINT('',(-32.195105618,-17.9,-8.437417366));
#3402=VERTEX_POINT('',#3401);
#3403=CARTESIAN_POINT('',(-32.195105618,-17.9,-9.037417366));
#3404=DIRECTION('',(0.,1.,0.));
#3405=DIRECTION('',(0.,-0.,1.));
#3406=AXIS2_PLACEMENT_3D('',#3403,#3404,#3405);
#3407=CIRCLE('',#3406,0.6);
#3408=EDGE_CURVE('',#3392,#3402,#3407,.T.);
#3409=ORIENTED_EDGE('',*,*,#3408,.T.);
#3410=CARTESIAN_POINT('',(-32.195105618,-17.9,-9.037417366));
#3411=DIRECTION('',(0.,1.,0.));
#3412=DIRECTION('',(0.,-0.,1.));
#3413=AXIS2_PLACEMENT_3D('',#3410,#3411,#3412);
#3414=CIRCLE('',#3413,0.6);
#3415=EDGE_CURVE('',#3402,#3392,#3414,.T.);
#3416=ORIENTED_EDGE('',*,*,#3415,.T.);
#3417=ORIENTED_EDGE('',*,*,#3399,.T.);
#3418=CARTESIAN_POINT('',(-32.195105618,-18.9,-8.437417366));
#3419=VERTEX_POINT('',#3418);
#3420=CARTESIAN_POINT('',(-32.195105618,-18.9,-9.037417366));
#3421=DIRECTION('',(0.,1.,0.));
#3422=DIRECTION('',(0.,-0.,1.));
#3423=AXIS2_PLACEMENT_3D('',#3420,#3421,#3422);
#3424=CIRCLE('',#3423,0.6);
#3425=EDGE_CURVE('',#3419,#3394,#3424,.T.);
#3426=ORIENTED_EDGE('',*,*,#3425,.F.);
#3427=CARTESIAN_POINT('',(-32.195105618,-18.9,-9.037417366));
#3428=DIRECTION('',(0.,1.,0.));
#3429=DIRECTION('',(0.,-0.,1.));
#3430=AXIS2_PLACEMENT_3D('',#3427,#3428,#3429);
#3431=CIRCLE('',#3430,0.6);
#3432=EDGE_CURVE('',#3394,#3419,#3431,.T.);
#3433=ORIENTED_EDGE('',*,*,#3432,.F.);
#3434=EDGE_LOOP('',(#3400,#3409,#3416,#3417,#3426,#3433));
#3435=FACE_BOUND('',#3434,.T.);
#3436=ADVANCED_FACE('',(#3435),#3390,.F.);
#3437=CARTESIAN_POINT('',(-33.08630815,-18.9,-10.581025431));
#3438=DIRECTION('',(0.,1.,0.));
#3439=DIRECTION('',(0.,0.,-1.));
#3440=AXIS2_PLACEMENT_3D('',#3437,#3438,#3439);
#3441=CYLINDRICAL_SURFACE('',#3440,0.6);
#3442=CARTESIAN_POINT('',(-33.08630815,-17.9,-11.181025431));
#3443=VERTEX_POINT('',#3442);
#3444=CARTESIAN_POINT('',(-33.08630815,-18.9,-11.181025431));
#3445=VERTEX_POINT('',#3444);
#3446=CARTESIAN_POINT('',(-33.08630815,-17.9,-11.181025431));
#3447=DIRECTION('',(-0.,-1.,-0.));
#3448=VECTOR('',#3447,1.);
#3449=LINE('',#3446,#3448);
#3450=EDGE_CURVE('',#3443,#3445,#3449,.T.);
#3451=ORIENTED_EDGE('',*,*,#3450,.F.);
#3452=CARTESIAN_POINT('',(-33.08630815,-17.9,-9.981025431));
#3453=VERTEX_POINT('',#3452);
#3454=CARTESIAN_POINT('',(-33.08630815,-17.9,-10.581025431));
#3455=DIRECTION('',(0.,1.,0.));
#3456=DIRECTION('',(0.,-0.,1.));
#3457=AXIS2_PLACEMENT_3D('',#3454,#3455,#3456);
#3458=CIRCLE('',#3457,0.6);
#3459=EDGE_CURVE('',#3443,#3453,#3458,.T.);
#3460=ORIENTED_EDGE('',*,*,#3459,.T.);
#3461=CARTESIAN_POINT('',(-33.08630815,-17.9,-10.581025431));
#3462=DIRECTION('',(0.,1.,0.));
#3463=DIRECTION('',(0.,-0.,1.));
#3464=AXIS2_PLACEMENT_3D('',#3461,#3462,#3463);
#3465=CIRCLE('',#3464,0.6);
#3466=EDGE_CURVE('',#3453,#3443,#3465,.T.);
#3467=ORIENTED_EDGE('',*,*,#3466,.T.);
#3468=ORIENTED_EDGE('',*,*,#3450,.T.);
#3469=CARTESIAN_POINT('',(-33.08630815,-18.9,-9.981025431));
#3470=VERTEX_POINT('',#3469);
#3471=CARTESIAN_POINT('',(-33.08630815,-18.9,-10.581025431));
#3472=DIRECTION('',(0.,1.,0.));
#3473=DIRECTION('',(0.,-0.,1.));
#3474=AXIS2_PLACEMENT_3D('',#3471,#3472,#3473);
#3475=CIRCLE('',#3474,0.6);
#3476=EDGE_CURVE('',#3470,#3445,#3475,.T.);
#3477=ORIENTED_EDGE('',*,*,#3476,.F.);
#3478=CARTESIAN_POINT('',(-33.08630815,-18.9,-10.581025431));
#3479=DIRECTION('',(0.,1.,0.));
#3480=DIRECTION('',(0.,-0.,1.));
#3481=AXIS2_PLACEMENT_3D('',#3478,#3479,#3480);
#3482=CIRCLE('',#3481,0.6);
#3483=EDGE_CURVE('',#3445,#3470,#3482,.T.);
#3484=ORIENTED_EDGE('',*,*,#3483,.F.);
#3485=EDGE_LOOP('',(#3451,#3460,#3467,#3468,#3477,#3484));
#3486=FACE_BOUND('',#3485,.T.);
#3487=ADVANCED_FACE('',(#3486),#3441,.F.);
#3488=CARTESIAN_POINT('',(0.,-13.51,0.));
#3489=DIRECTION('',(0.,1.,0.));
#3490=DIRECTION('',(1.,0.,0.));
#3491=AXIS2_PLACEMENT_3D('',#3488,#3489,#3490);
#3492=PLANE('',#3491);
#3493=CARTESIAN_POINT('',(-25.68,-13.51,-1.6));
#3494=VERTEX_POINT('',#3493);
#3495=CARTESIAN_POINT('',(-24.78,-13.51,-1.6));
#3496=DIRECTION('',(0.,-1.,0.));
#3497=DIRECTION('',(0.,0.,-1.));
#3498=AXIS2_PLACEMENT_3D('',#3495,#3496,#3497);
#3499=CIRCLE('',#3498,0.9);
#3500=EDGE_CURVE('',#3494,#33,#3499,.T.);
#3501=ORIENTED_EDGE('',*,*,#3500,.T.);
#3502=ORIENTED_EDGE('',*,*,#137,.F.);
#3503=CARTESIAN_POINT('',(-26.790007917,-13.51,-2.275513528));
#3504=VERTEX_POINT('',#3503);
#3505=CARTESIAN_POINT('',(-27.240007917,-13.51,-3.054936391));
#3506=DIRECTION('',(0.,-1.,0.));
#3507=DIRECTION('',(0.,0.,-1.));
#3508=AXIS2_PLACEMENT_3D('',#3505,#3506,#3507);
#3509=CIRCLE('',#3508,0.9);
#3510=EDGE_CURVE('',#125,#3504,#3509,.T.);
#3511=ORIENTED_EDGE('',*,*,#3510,.T.);
#3512=CARTESIAN_POINT('',(-27.164859511,-13.51,-2.059092859));
#3513=VERTEX_POINT('',#3512);
#3514=CARTESIAN_POINT('',(-27.164859511,-13.51,-2.059092859));
#3515=DIRECTION('',(0.866025404,0.,-0.5));
#3516=VECTOR('',#3515,0.432841337);
#3517=LINE('',#3514,#3516);
#3518=EDGE_CURVE('',#3513,#3504,#3517,.T.);
#3519=ORIENTED_EDGE('',*,*,#3518,.F.);
#3520=CARTESIAN_POINT('',(-26.854457086,-13.51,-1.393460488));
#3521=VERTEX_POINT('',#3520);
#3522=CARTESIAN_POINT('',(-27.439694051,-13.51,-1.525739341));
#3523=DIRECTION('',(0.,1.,0.));
#3524=DIRECTION('',(0.,0.,-1.));
#3525=AXIS2_PLACEMENT_3D('',#3522,#3523,#3524);
#3526=CIRCLE('',#3525,0.6);
#3527=EDGE_CURVE('',#3521,#3513,#3526,.T.);
#3528=ORIENTED_EDGE('',*,*,#3527,.F.);
#3529=CARTESIAN_POINT('',(-26.701434567,-13.51,-1.021309079));
#3530=VERTEX_POINT('',#3529);
#3531=CARTESIAN_POINT('',(-26.513068857,-13.51,-1.316297823));
#3532=DIRECTION('',(0.,-1.,0.));
#3533=DIRECTION('',(0.,0.,-1.));
#3534=AXIS2_PLACEMENT_3D('',#3531,#3532,#3533);
#3535=CIRCLE('',#3534,0.35);
#3536=EDGE_CURVE('',#3530,#3521,#3535,.T.);
#3537=ORIENTED_EDGE('',*,*,#3536,.F.);
#3538=CARTESIAN_POINT('',(-26.543409574,-13.51,-0.983603975));
#3539=VERTEX_POINT('',#3538);
#3540=CARTESIAN_POINT('',(-26.543409574,-13.51,-1.333603975));
#3541=DIRECTION('',(0.,-1.,0.));
#3542=DIRECTION('',(0.,0.,-1.));
#3543=AXIS2_PLACEMENT_3D('',#3540,#3541,#3542);
#3544=CIRCLE('',#3543,0.35);
#3545=EDGE_CURVE('',#3539,#3530,#3544,.T.);
#3546=ORIENTED_EDGE('',*,*,#3545,.F.);
#3547=CARTESIAN_POINT('',(-26.543409574,-13.51,-1.333603975));
#3548=DIRECTION('',(0.,-1.,0.));
#3549=DIRECTION('',(0.,0.,-1.));
#3550=AXIS2_PLACEMENT_3D('',#3547,#3548,#3549);
#3551=CIRCLE('',#3550,0.35);
#3552=EDGE_CURVE('',#158,#3539,#3551,.T.);
#3553=ORIENTED_EDGE('',*,*,#3552,.F.);
#3554=ORIENTED_EDGE('',*,*,#164,.F.);
#3555=CARTESIAN_POINT('',(-25.68,-13.51,-1.204136309));
#3556=VERTEX_POINT('',#3555);
#3557=CARTESIAN_POINT('',(-25.891447688,-13.51,-0.642629519));
#3558=DIRECTION('',(0.,1.,0.));
#3559=DIRECTION('',(0.,0.,-1.));
#3560=AXIS2_PLACEMENT_3D('',#3557,#3558,#3559);
#3561=CIRCLE('',#3560,0.6);
#3562=EDGE_CURVE('',#3556,#148,#3561,.T.);
#3563=ORIENTED_EDGE('',*,*,#3562,.F.);
#3564=CARTESIAN_POINT('',(-25.68,-13.51,-1.6));
#3565=DIRECTION('',(0.,0.,1.));
#3566=VECTOR('',#3565,0.395863691);
#3567=LINE('',#3564,#3566);
#3568=EDGE_CURVE('',#3494,#3556,#3567,.T.);
#3569=ORIENTED_EDGE('',*,*,#3568,.F.);
#3570=EDGE_LOOP('',(#3501,#3502,#3511,#3519,#3528,#3537,#3546,#3553,#3554,#3563,#3569));
#3571=FACE_BOUND('',#3570,.T.);
#3572=ADVANCED_FACE('',(#3571),#3492,.T.);
#3573=CARTESIAN_POINT('',(-46.454346125,-13.51,-33.7351464));
#3574=DIRECTION('',(0.,-1.,0.));
#3575=DIRECTION('',(0.,0.,1.));
#3576=AXIS2_PLACEMENT_3D('',#3573,#3574,#3575);
#3577=CYLINDRICAL_SURFACE('',#3576,0.6);
#3578=CARTESIAN_POINT('',(-45.935570007,-17.9,-33.433697665));
#3579=VERTEX_POINT('',#3578);
#3580=CARTESIAN_POINT('',(-46.541806642,-17.9,-34.328737723));
#3581=VERTEX_POINT('',#3580);
#3582=CARTESIAN_POINT('',(-46.454346125,-17.9,-33.7351464));
#3583=DIRECTION('',(0.,1.,0.));
#3584=DIRECTION('',(0.,-0.,1.));
#3585=AXIS2_PLACEMENT_3D('',#3582,#3583,#3584);
#3586=CIRCLE('',#3585,0.6);
#3587=EDGE_CURVE('',#3579,#3581,#3586,.T.);
#3588=ORIENTED_EDGE('',*,*,#3587,.T.);
#3589=CARTESIAN_POINT('',(-46.541806642,-18.9,-34.328737723));
#3590=VERTEX_POINT('',#3589);
#3591=CARTESIAN_POINT('',(-46.541806642,-18.9,-34.328737723));
#3592=DIRECTION('',(0.,1.,0.));
#3593=VECTOR('',#3592,1.);
#3594=LINE('',#3591,#3593);
#3595=EDGE_CURVE('',#3590,#3581,#3594,.T.);
#3596=ORIENTED_EDGE('',*,*,#3595,.F.);
#3597=CARTESIAN_POINT('',(-45.984011218,-18.9,-33.36260771));
#3598=VERTEX_POINT('',#3597);
#3599=CARTESIAN_POINT('',(-46.454346125,-18.9,-33.7351464));
#3600=DIRECTION('',(0.,1.,0.));
#3601=DIRECTION('',(0.,-0.,1.));
#3602=AXIS2_PLACEMENT_3D('',#3599,#3600,#3601);
#3603=CIRCLE('',#3602,0.6);
#3604=EDGE_CURVE('',#3598,#3590,#3603,.T.);
#3605=ORIENTED_EDGE('',*,*,#3604,.F.);
#3606=CARTESIAN_POINT('',(-45.984011218,-17.877239605,-33.36260771));
#3607=VERTEX_POINT('',#3606);
#3608=CARTESIAN_POINT('',(-45.984011218,-17.877239605,-33.36260771));
#3609=DIRECTION('',(0.,-1.,0.));
#3610=VECTOR('',#3609,1.022760395);
#3611=LINE('',#3608,#3610);
#3612=EDGE_CURVE('',#3607,#3598,#3611,.T.);
#3613=ORIENTED_EDGE('',*,*,#3612,.F.);
#3614=CARTESIAN_POINT('',(-45.935570007,-17.9,-33.433697665));
#3615=CARTESIAN_POINT('',(-45.949767181,-17.891550629,-33.409265136));
#3616=CARTESIAN_POINT('',(-45.965839462,-17.883903892,-33.385549786));
#3617=CARTESIAN_POINT('',(-45.984011218,-17.877239605,-33.36260771));
#3618=B_SPLINE_CURVE_WITH_KNOTS('',3,(#3614,#3615,#3616,#3617),.UNSPECIFIED.,.F.,.F.,(4,4),(0.001412929,0.001501589),.UNSPECIFIED.);
#3619=EDGE_CURVE('',#3579,#3607,#3618,.T.);
#3620=ORIENTED_EDGE('',*,*,#3619,.F.);
#3621=EDGE_LOOP('',(#3588,#3596,#3605,#3613,#3620));
#3622=FACE_BOUND('',#3621,.T.);
#3623=ADVANCED_FACE('',(#3622),#3577,.F.);
#3624=CARTESIAN_POINT('',(-47.863071408,-18.9,-34.402520212));
#3625=DIRECTION('',(0.,1.,0.));
#3626=DIRECTION('',(0.,0.,-1.));
#3627=AXIS2_PLACEMENT_3D('',#3624,#3625,#3626);
#3628=CYLINDRICAL_SURFACE('',#3627,0.413695023);
#3629=CARTESIAN_POINT('',(-47.650213819,-18.9,-34.757252814));
#3630=VERTEX_POINT('',#3629);
#3631=CARTESIAN_POINT('',(-47.650213819,-17.9,-34.757252814));
#3632=VERTEX_POINT('',#3631);
#3633=CARTESIAN_POINT('',(-47.650213819,-18.9,-34.757252814));
#3634=DIRECTION('',(0.,1.,0.));
#3635=VECTOR('',#3634,1.);
#3636=LINE('',#3633,#3635);
#3637=EDGE_CURVE('',#3630,#3632,#3636,.T.);
#3638=ORIENTED_EDGE('',*,*,#3637,.T.);
#3639=CARTESIAN_POINT('',(-47.999888347,-17.9,-34.012104155));
#3640=VERTEX_POINT('',#3639);
#3641=CARTESIAN_POINT('',(-47.863071408,-17.9,-34.402520212));
#3642=DIRECTION('',(0.,1.,0.));
#3643=DIRECTION('',(0.,-0.,1.));
#3644=AXIS2_PLACEMENT_3D('',#3641,#3642,#3643);
#3645=CIRCLE('',#3644,0.413695023);
#3646=EDGE_CURVE('',#3640,#3632,#3645,.T.);
#3647=ORIENTED_EDGE('',*,*,#3646,.F.);
#3648=CARTESIAN_POINT('',(-47.999888347,-18.9,-34.012104155));
#3649=VERTEX_POINT('',#3648);
#3650=CARTESIAN_POINT('',(-47.999888347,-18.9,-34.012104155));
#3651=DIRECTION('',(0.,1.,0.));
#3652=VECTOR('',#3651,1.);
#3653=LINE('',#3650,#3652);
#3654=EDGE_CURVE('',#3649,#3640,#3653,.T.);
#3655=ORIENTED_EDGE('',*,*,#3654,.F.);
#3656=CARTESIAN_POINT('',(-47.863071408,-18.9,-34.402520212));
#3657=DIRECTION('',(0.,1.,0.));
#3658=DIRECTION('',(0.,-0.,1.));
#3659=AXIS2_PLACEMENT_3D('',#3656,#3657,#3658);
#3660=CIRCLE('',#3659,0.413695023);
#3661=EDGE_CURVE('',#3649,#3630,#3660,.T.);
#3662=ORIENTED_EDGE('',*,*,#3661,.T.);
#3663=EDGE_LOOP('',(#3638,#3647,#3655,#3662));
#3664=FACE_BOUND('',#3663,.T.);
#3665=ADVANCED_FACE('',(#3664),#3628,.T.);
#3666=CARTESIAN_POINT('',(-47.34149714,-18.9,-35.271737034));
#3667=DIRECTION('',(0.,1.,0.));
#3668=DIRECTION('',(0.,0.,-1.));
#3669=AXIS2_PLACEMENT_3D('',#3666,#3667,#3668);
#3670=CYLINDRICAL_SURFACE('',#3669,0.6);
#3671=CARTESIAN_POINT('',(-47.863126294,-17.9,-34.975252589));
#3672=VERTEX_POINT('',#3671);
#3673=CARTESIAN_POINT('',(-47.34149714,-17.9,-35.271737034));
#3674=DIRECTION('',(0.,1.,0.));
#3675=DIRECTION('',(0.,-0.,1.));
#3676=AXIS2_PLACEMENT_3D('',#3673,#3674,#3675);
#3677=CIRCLE('',#3676,0.6);
#3678=EDGE_CURVE('',#3672,#3632,#3677,.T.);
#3679=ORIENTED_EDGE('',*,*,#3678,.T.);
#3680=ORIENTED_EDGE('',*,*,#3637,.F.);
#3681=CARTESIAN_POINT('',(-47.863126294,-18.9,-34.975252589));
#3682=VERTEX_POINT('',#3681);
#3683=CARTESIAN_POINT('',(-47.34149714,-18.9,-35.271737034));
#3684=DIRECTION('',(0.,1.,0.));
#3685=DIRECTION('',(0.,-0.,1.));
#3686=AXIS2_PLACEMENT_3D('',#3683,#3684,#3685);
#3687=CIRCLE('',#3686,0.6);
#3688=EDGE_CURVE('',#3682,#3630,#3687,.T.);
#3689=ORIENTED_EDGE('',*,*,#3688,.F.);
#3690=CARTESIAN_POINT('',(-47.863126294,-18.9,-34.975252589));
#3691=DIRECTION('',(0.,1.,0.));
#3692=VECTOR('',#3691,1.);
#3693=LINE('',#3690,#3692);
#3694=EDGE_CURVE('',#3682,#3672,#3693,.T.);
#3695=ORIENTED_EDGE('',*,*,#3694,.T.);
#3696=EDGE_LOOP('',(#3679,#3680,#3689,#3695));
#3697=FACE_BOUND('',#3696,.T.);
#3698=ADVANCED_FACE('',(#3697),#3670,.F.);
#3699=CARTESIAN_POINT('',(-47.345548656,-18.9,-35.278754465));
#3700=DIRECTION('',(0.,1.,0.));
#3701=DIRECTION('',(0.,0.,-1.));
#3702=AXIS2_PLACEMENT_3D('',#3699,#3700,#3701);
#3703=CYLINDRICAL_SURFACE('',#3702,0.6);
#3704=CARTESIAN_POINT('',(-47.345548656,-17.9,-35.878754465));
#3705=VERTEX_POINT('',#3704);
#3706=CARTESIAN_POINT('',(-47.345548656,-18.9,-35.878754465));
#3707=VERTEX_POINT('',#3706);
#3708=CARTESIAN_POINT('',(-47.345548656,-17.9,-35.878754465));
#3709=DIRECTION('',(-0.,-1.,-0.));
#3710=VECTOR('',#3709,1.);
#3711=LINE('',#3708,#3710);
#3712=EDGE_CURVE('',#3705,#3707,#3711,.T.);
#3713=ORIENTED_EDGE('',*,*,#3712,.F.);
#3714=CARTESIAN_POINT('',(-47.345548656,-17.9,-35.278754465));
#3715=DIRECTION('',(0.,1.,0.));
#3716=DIRECTION('',(0.,-0.,1.));
#3717=AXIS2_PLACEMENT_3D('',#3714,#3715,#3716);
#3718=CIRCLE('',#3717,0.6);
#3719=EDGE_CURVE('',#3705,#3672,#3718,.T.);
#3720=ORIENTED_EDGE('',*,*,#3719,.T.);
#3721=ORIENTED_EDGE('',*,*,#3694,.F.);
#3722=CARTESIAN_POINT('',(-47.345548656,-18.9,-35.278754465));
#3723=DIRECTION('',(0.,1.,0.));
#3724=DIRECTION('',(0.,-0.,1.));
#3725=AXIS2_PLACEMENT_3D('',#3722,#3723,#3724);
#3726=CIRCLE('',#3725,0.6);
#3727=EDGE_CURVE('',#3707,#3682,#3726,.T.);
#3728=ORIENTED_EDGE('',*,*,#3727,.F.);
#3729=EDGE_LOOP('',(#3713,#3720,#3721,#3728));
#3730=FACE_BOUND('',#3729,.T.);
#3731=ADVANCED_FACE('',(#3730),#3703,.F.);
#3732=CARTESIAN_POINT('',(-46.600851722,-18.9,-34.688901538));
#3733=DIRECTION('',(0.,1.,0.));
#3734=DIRECTION('',(0.,0.,-1.));
#3735=AXIS2_PLACEMENT_3D('',#3732,#3733,#3734);
#3736=CYLINDRICAL_SURFACE('',#3735,0.35);
#3737=CARTESIAN_POINT('',(-46.903960613,-18.9,-34.513901538));
#3738=VERTEX_POINT('',#3737);
#3739=CARTESIAN_POINT('',(-46.903960613,-17.9,-34.513901538));
#3740=VERTEX_POINT('',#3739);
#3741=CARTESIAN_POINT('',(-46.903960613,-18.9,-34.513901538));
#3742=DIRECTION('',(0.,1.,0.));
#3743=VECTOR('',#3742,1.);
#3744=LINE('',#3741,#3743);
#3745=EDGE_CURVE('',#3738,#3740,#3744,.T.);
#3746=ORIENTED_EDGE('',*,*,#3745,.T.);
#3747=CARTESIAN_POINT('',(-46.87521375,-17.9,-34.906215774));
#3748=VERTEX_POINT('',#3747);
#3749=CARTESIAN_POINT('',(-46.600851722,-17.9,-34.688901538));
#3750=DIRECTION('',(0.,1.,0.));
#3751=DIRECTION('',(0.,-0.,1.));
#3752=AXIS2_PLACEMENT_3D('',#3749,#3750,#3751);
#3753=CIRCLE('',#3752,0.35);
#3754=EDGE_CURVE('',#3748,#3740,#3753,.T.);
#3755=ORIENTED_EDGE('',*,*,#3754,.F.);
#3756=CARTESIAN_POINT('',(-46.87521375,-18.9,-34.906215774));
#3757=VERTEX_POINT('',#3756);
#3758=CARTESIAN_POINT('',(-46.87521375,-18.9,-34.906215774));
#3759=DIRECTION('',(0.,1.,0.));
#3760=VECTOR('',#3759,1.);
#3761=LINE('',#3758,#3760);
#3762=EDGE_CURVE('',#3757,#3748,#3761,.T.);
#3763=ORIENTED_EDGE('',*,*,#3762,.F.);
#3764=CARTESIAN_POINT('',(-46.600851722,-18.9,-34.688901538));
#3765=DIRECTION('',(0.,1.,0.));
#3766=DIRECTION('',(0.,-0.,1.));
#3767=AXIS2_PLACEMENT_3D('',#3764,#3765,#3766);
#3768=CIRCLE('',#3767,0.35);
#3769=EDGE_CURVE('',#3757,#3738,#3768,.T.);
#3770=ORIENTED_EDGE('',*,*,#3769,.T.);
#3771=EDGE_LOOP('',(#3746,#3755,#3763,#3770));
#3772=FACE_BOUND('',#3771,.T.);
#3773=ADVANCED_FACE('',(#3772),#3736,.T.);
#3774=CARTESIAN_POINT('',(-46.89994739,-18.9,-34.506950433));
#3775=DIRECTION('',(-0.866025404,0.,0.5));
#3776=DIRECTION('',(0.5,0.,0.866025404));
#3777=AXIS2_PLACEMENT_3D('',#3774,#3775,#3776);
#3778=PLANE('',#3777);
#3779=CARTESIAN_POINT('',(-46.895934168,-18.9,-34.499999327));
#3780=VERTEX_POINT('',#3779);
#3781=CARTESIAN_POINT('',(-46.895934168,-17.9,-34.499999327));
#3782=VERTEX_POINT('',#3781);
#3783=CARTESIAN_POINT('',(-46.895934168,-18.9,-34.499999327));
#3784=DIRECTION('',(0.,1.,0.));
#3785=VECTOR('',#3784,1.);
#3786=LINE('',#3783,#3785);
#3787=EDGE_CURVE('',#3780,#3782,#3786,.T.);
#3788=ORIENTED_EDGE('',*,*,#3787,.T.);
#3789=CARTESIAN_POINT('',(-46.895934168,-17.9,-34.499999327));
#3790=DIRECTION('',(-0.5,0.,-0.866025404));
#3791=VECTOR('',#3790,0.01605289);
#3792=LINE('',#3789,#3791);
#3793=EDGE_CURVE('',#3782,#3740,#3792,.T.);
#3794=ORIENTED_EDGE('',*,*,#3793,.T.);
#3795=ORIENTED_EDGE('',*,*,#3745,.F.);
#3796=CARTESIAN_POINT('',(-46.895934168,-18.9,-34.499999327));
#3797=DIRECTION('',(-0.5,0.,-0.866025404));
#3798=VECTOR('',#3797,0.01605289);
#3799=LINE('',#3796,#3798);
#3800=EDGE_CURVE('',#3780,#3738,#3799,.T.);
#3801=ORIENTED_EDGE('',*,*,#3800,.F.);
#3802=EDGE_LOOP('',(#3788,#3794,#3795,#3801));
#3803=FACE_BOUND('',#3802,.T.);
#3804=ADVANCED_FACE('',(#3803),#3778,.T.);
#3805=CARTESIAN_POINT('',(-46.592825277,-18.9,-34.674999327));
#3806=DIRECTION('',(0.,1.,0.));
#3807=DIRECTION('',(0.,0.,-1.));
#3808=AXIS2_PLACEMENT_3D('',#3805,#3806,#3807);
#3809=CYLINDRICAL_SURFACE('',#3808,0.35);
#3810=ORIENTED_EDGE('',*,*,#3595,.T.);
#3811=CARTESIAN_POINT('',(-46.592825277,-17.9,-34.674999327));
#3812=DIRECTION('',(0.,1.,0.));
#3813=DIRECTION('',(0.,-0.,1.));
#3814=AXIS2_PLACEMENT_3D('',#3811,#3812,#3813);
#3815=CIRCLE('',#3814,0.35);
#3816=EDGE_CURVE('',#3782,#3581,#3815,.T.);
#3817=ORIENTED_EDGE('',*,*,#3816,.F.);
#3818=ORIENTED_EDGE('',*,*,#3787,.F.);
#3819=CARTESIAN_POINT('',(-46.592825277,-18.9,-34.674999327));
#3820=DIRECTION('',(0.,1.,0.));
#3821=DIRECTION('',(0.,-0.,1.));
#3822=AXIS2_PLACEMENT_3D('',#3819,#3820,#3821);
#3823=CIRCLE('',#3822,0.35);
#3824=EDGE_CURVE('',#3780,#3590,#3823,.T.);
#3825=ORIENTED_EDGE('',*,*,#3824,.T.);
#3826=EDGE_LOOP('',(#3810,#3817,#3818,#3825));
#3827=FACE_BOUND('',#3826,.T.);
#3828=ADVANCED_FACE('',(#3827),#3809,.T.);
#3829=CARTESIAN_POINT('',(-48.236751188,-18.9,-36.82236253));
#3830=DIRECTION('',(0.,1.,0.));
#3831=DIRECTION('',(0.,0.,-1.));
#3832=AXIS2_PLACEMENT_3D('',#3829,#3830,#3831);
#3833=CYLINDRICAL_SURFACE('',#3832,0.6);
#3834=CARTESIAN_POINT('',(-48.236751188,-17.9,-37.42236253));
#3835=VERTEX_POINT('',#3834);
#3836=CARTESIAN_POINT('',(-48.236751188,-18.9,-37.42236253));
#3837=VERTEX_POINT('',#3836);
#3838=CARTESIAN_POINT('',(-48.236751188,-17.9,-37.42236253));
#3839=DIRECTION('',(-0.,-1.,-0.));
#3840=VECTOR('',#3839,1.);
#3841=LINE('',#3838,#3840);
#3842=EDGE_CURVE('',#3835,#3837,#3841,.T.);
#3843=ORIENTED_EDGE('',*,*,#3842,.F.);
#3844=CARTESIAN_POINT('',(-48.236751188,-17.9,-36.22236253));
#3845=VERTEX_POINT('',#3844);
#3846=CARTESIAN_POINT('',(-48.236751188,-17.9,-36.82236253));
#3847=DIRECTION('',(0.,1.,0.));
#3848=DIRECTION('',(0.,-0.,1.));
#3849=AXIS2_PLACEMENT_3D('',#3846,#3847,#3848);
#3850=CIRCLE('',#3849,0.6);
#3851=EDGE_CURVE('',#3835,#3845,#3850,.T.);
#3852=ORIENTED_EDGE('',*,*,#3851,.T.);
#3853=CARTESIAN_POINT('',(-48.236751188,-17.9,-36.82236253));
#3854=DIRECTION('',(0.,1.,0.));
#3855=DIRECTION('',(0.,-0.,1.));
#3856=AXIS2_PLACEMENT_3D('',#3853,#3854,#3855);
#3857=CIRCLE('',#3856,0.6);
#3858=EDGE_CURVE('',#3845,#3835,#3857,.T.);
#3859=ORIENTED_EDGE('',*,*,#3858,.T.);
#3860=ORIENTED_EDGE('',*,*,#3842,.T.);
#3861=CARTESIAN_POINT('',(-48.236751188,-18.9,-36.22236253));
#3862=VERTEX_POINT('',#3861);
#3863=CARTESIAN_POINT('',(-48.236751188,-18.9,-36.82236253));
#3864=DIRECTION('',(0.,1.,0.));
#3865=DIRECTION('',(0.,-0.,1.));
#3866=AXIS2_PLACEMENT_3D('',#3863,#3864,#3865);
#3867=CIRCLE('',#3866,0.6);
#3868=EDGE_CURVE('',#3862,#3837,#3867,.T.);
#3869=ORIENTED_EDGE('',*,*,#3868,.F.);
#3870=CARTESIAN_POINT('',(-48.236751188,-18.9,-36.82236253));
#3871=DIRECTION('',(0.,1.,0.));
#3872=DIRECTION('',(0.,-0.,1.));
#3873=AXIS2_PLACEMENT_3D('',#3870,#3871,#3872);
#3874=CIRCLE('',#3873,0.6);
#3875=EDGE_CURVE('',#3837,#3862,#3874,.T.);
#3876=ORIENTED_EDGE('',*,*,#3875,.F.);
#3877=EDGE_LOOP('',(#3843,#3852,#3859,#3860,#3869,#3876));
#3878=FACE_BOUND('',#3877,.T.);
#3879=ADVANCED_FACE('',(#3878),#3833,.F.);
#3880=CARTESIAN_POINT('',(-49.127953719,-18.9,-38.365970594));
#3881=DIRECTION('',(0.,1.,0.));
#3882=DIRECTION('',(0.,0.,-1.));
#3883=AXIS2_PLACEMENT_3D('',#3880,#3881,#3882);
#3884=CYLINDRICAL_SURFACE('',#3883,0.6);
#3885=CARTESIAN_POINT('',(-49.127953719,-17.9,-38.965970594));
#3886=VERTEX_POINT('',#3885);
#3887=CARTESIAN_POINT('',(-49.127953719,-18.9,-38.965970594));
#3888=VERTEX_POINT('',#3887);
#3889=CARTESIAN_POINT('',(-49.127953719,-17.9,-38.965970594));
#3890=DIRECTION('',(-0.,-1.,-0.));
#3891=VECTOR('',#3890,1.);
#3892=LINE('',#3889,#3891);
#3893=EDGE_CURVE('',#3886,#3888,#3892,.T.);
#3894=ORIENTED_EDGE('',*,*,#3893,.F.);
#3895=CARTESIAN_POINT('',(-49.127953719,-17.9,-37.765970594));
#3896=VERTEX_POINT('',#3895);
#3897=CARTESIAN_POINT('',(-49.127953719,-17.9,-38.365970594));
#3898=DIRECTION('',(0.,1.,0.));
#3899=DIRECTION('',(0.,-0.,1.));
#3900=AXIS2_PLACEMENT_3D('',#3897,#3898,#3899);
#3901=CIRCLE('',#3900,0.6);
#3902=EDGE_CURVE('',#3886,#3896,#3901,.T.);
#3903=ORIENTED_EDGE('',*,*,#3902,.T.);
#3904=CARTESIAN_POINT('',(-49.127953719,-17.9,-38.365970594));
#3905=DIRECTION('',(0.,1.,0.));
#3906=DIRECTION('',(0.,-0.,1.));
#3907=AXIS2_PLACEMENT_3D('',#3904,#3905,#3906);
#3908=CIRCLE('',#3907,0.6);
#3909=EDGE_CURVE('',#3896,#3886,#3908,.T.);
#3910=ORIENTED_EDGE('',*,*,#3909,.T.);
#3911=ORIENTED_EDGE('',*,*,#3893,.T.);
#3912=CARTESIAN_POINT('',(-49.127953719,-18.9,-37.765970594));
#3913=VERTEX_POINT('',#3912);
#3914=CARTESIAN_POINT('',(-49.127953719,-18.9,-38.365970594));
#3915=DIRECTION('',(0.,1.,0.));
#3916=DIRECTION('',(0.,-0.,1.));
#3917=AXIS2_PLACEMENT_3D('',#3914,#3915,#3916);
#3918=CIRCLE('',#3917,0.6);
#3919=EDGE_CURVE('',#3913,#3888,#3918,.T.);
#3920=ORIENTED_EDGE('',*,*,#3919,.F.);
#3921=CARTESIAN_POINT('',(-49.127953719,-18.9,-38.365970594));
#3922=DIRECTION('',(0.,1.,0.));
#3923=DIRECTION('',(0.,-0.,1.));
#3924=AXIS2_PLACEMENT_3D('',#3921,#3922,#3923);
#3925=CIRCLE('',#3924,0.6);
#3926=EDGE_CURVE('',#3888,#3913,#3925,.T.);
#3927=ORIENTED_EDGE('',*,*,#3926,.F.);
#3928=EDGE_LOOP('',(#3894,#3903,#3910,#3911,#3920,#3927));
#3929=FACE_BOUND('',#3928,.T.);
#3930=ADVANCED_FACE('',(#3929),#3884,.F.);
#3931=CARTESIAN_POINT('',(-50.019156251,-18.9,-39.909578659));
#3932=DIRECTION('',(0.,1.,0.));
#3933=DIRECTION('',(0.,0.,-1.));
#3934=AXIS2_PLACEMENT_3D('',#3931,#3932,#3933);
#3935=CYLINDRICAL_SURFACE('',#3934,0.6);
#3936=CARTESIAN_POINT('',(-50.019156251,-17.9,-40.509578659));
#3937=VERTEX_POINT('',#3936);
#3938=CARTESIAN_POINT('',(-50.019156251,-18.9,-40.509578659));
#3939=VERTEX_POINT('',#3938);
#3940=CARTESIAN_POINT('',(-50.019156251,-17.9,-40.509578659));
#3941=DIRECTION('',(-0.,-1.,-0.));
#3942=VECTOR('',#3941,1.);
#3943=LINE('',#3940,#3942);
#3944=EDGE_CURVE('',#3937,#3939,#3943,.T.);
#3945=ORIENTED_EDGE('',*,*,#3944,.F.);
#3946=CARTESIAN_POINT('',(-50.019156251,-17.9,-39.309578659));
#3947=VERTEX_POINT('',#3946);
#3948=CARTESIAN_POINT('',(-50.019156251,-17.9,-39.909578659));
#3949=DIRECTION('',(0.,1.,0.));
#3950=DIRECTION('',(0.,-0.,1.));
#3951=AXIS2_PLACEMENT_3D('',#3948,#3949,#3950);
#3952=CIRCLE('',#3951,0.6);
#3953=EDGE_CURVE('',#3937,#3947,#3952,.T.);
#3954=ORIENTED_EDGE('',*,*,#3953,.T.);
#3955=CARTESIAN_POINT('',(-50.019156251,-17.9,-39.909578659));
#3956=DIRECTION('',(0.,1.,0.));
#3957=DIRECTION('',(0.,-0.,1.));
#3958=AXIS2_PLACEMENT_3D('',#3955,#3956,#3957);
#3959=CIRCLE('',#3958,0.6);
#3960=EDGE_CURVE('',#3947,#3937,#3959,.T.);
#3961=ORIENTED_EDGE('',*,*,#3960,.T.);
#3962=ORIENTED_EDGE('',*,*,#3944,.T.);
#3963=CARTESIAN_POINT('',(-50.019156251,-18.9,-39.309578659));
#3964=VERTEX_POINT('',#3963);
#3965=CARTESIAN_POINT('',(-50.019156251,-18.9,-39.909578659));
#3966=DIRECTION('',(0.,1.,0.));
#3967=DIRECTION('',(0.,-0.,1.));
#3968=AXIS2_PLACEMENT_3D('',#3965,#3966,#3967);
#3969=CIRCLE('',#3968,0.6);
#3970=EDGE_CURVE('',#3964,#3939,#3969,.T.);
#3971=ORIENTED_EDGE('',*,*,#3970,.F.);
#3972=CARTESIAN_POINT('',(-50.019156251,-18.9,-39.909578659));
#3973=DIRECTION('',(0.,1.,0.));
#3974=DIRECTION('',(0.,-0.,1.));
#3975=AXIS2_PLACEMENT_3D('',#3972,#3973,#3974);
#3976=CIRCLE('',#3975,0.6);
#3977=EDGE_CURVE('',#3939,#3964,#3976,.T.);
#3978=ORIENTED_EDGE('',*,*,#3977,.F.);
#3979=EDGE_LOOP('',(#3945,#3954,#3961,#3962,#3971,#3978));
#3980=FACE_BOUND('',#3979,.T.);
#3981=ADVANCED_FACE('',(#3980),#3935,.F.);
#3982=CARTESIAN_POINT('',(-50.910358783,-18.9,-41.453186724));
#3983=DIRECTION('',(0.,1.,0.));
#3984=DIRECTION('',(0.,0.,-1.));
#3985=AXIS2_PLACEMENT_3D('',#3982,#3983,#3984);
#3986=CYLINDRICAL_SURFACE('',#3985,0.6);
#3987=CARTESIAN_POINT('',(-50.910358783,-17.9,-42.053186724));
#3988=VERTEX_POINT('',#3987);
#3989=CARTESIAN_POINT('',(-50.910358783,-18.9,-42.053186724));
#3990=VERTEX_POINT('',#3989);
#3991=CARTESIAN_POINT('',(-50.910358783,-17.9,-42.053186724));
#3992=DIRECTION('',(-0.,-1.,-0.));
#3993=VECTOR('',#3992,1.);
#3994=LINE('',#3991,#3993);
#3995=EDGE_CURVE('',#3988,#3990,#3994,.T.);
#3996=ORIENTED_EDGE('',*,*,#3995,.F.);
#3997=CARTESIAN_POINT('',(-50.910358783,-17.9,-40.853186724));
#3998=VERTEX_POINT('',#3997);
#3999=CARTESIAN_POINT('',(-50.910358783,-17.9,-41.453186724));
#4000=DIRECTION('',(0.,1.,0.));
#4001=DIRECTION('',(0.,-0.,1.));
#4002=AXIS2_PLACEMENT_3D('',#3999,#4000,#4001);
#4003=CIRCLE('',#4002,0.6);
#4004=EDGE_CURVE('',#3988,#3998,#4003,.T.);
#4005=ORIENTED_EDGE('',*,*,#4004,.T.);
#4006=CARTESIAN_POINT('',(-50.910358783,-17.9,-41.453186724));
#4007=DIRECTION('',(0.,1.,0.));
#4008=DIRECTION('',(0.,-0.,1.));
#4009=AXIS2_PLACEMENT_3D('',#4006,#4007,#4008);
#4010=CIRCLE('',#4009,0.6);
#4011=EDGE_CURVE('',#3998,#3988,#4010,.T.);
#4012=ORIENTED_EDGE('',*,*,#4011,.T.);
#4013=ORIENTED_EDGE('',*,*,#3995,.T.);
#4014=CARTESIAN_POINT('',(-50.910358783,-18.9,-40.853186724));
#4015=VERTEX_POINT('',#4014);
#4016=CARTESIAN_POINT('',(-50.910358783,-18.9,-41.453186724));
#4017=DIRECTION('',(0.,1.,0.));
#4018=DIRECTION('',(0.,-0.,1.));
#4019=AXIS2_PLACEMENT_3D('',#4016,#4017,#4018);
#4020=CIRCLE('',#4019,0.6);
#4021=EDGE_CURVE('',#4015,#3990,#4020,.T.);
#4022=ORIENTED_EDGE('',*,*,#4021,.F.);
#4023=CARTESIAN_POINT('',(-50.910358783,-18.9,-41.453186724));
#4024=DIRECTION('',(0.,1.,0.));
#4025=DIRECTION('',(0.,-0.,1.));
#4026=AXIS2_PLACEMENT_3D('',#4023,#4024,#4025);
#4027=CIRCLE('',#4026,0.6);
#4028=EDGE_CURVE('',#3990,#4015,#4027,.T.);
#4029=ORIENTED_EDGE('',*,*,#4028,.F.);
#4030=EDGE_LOOP('',(#3996,#4005,#4012,#4013,#4022,#4029));
#4031=FACE_BOUND('',#4030,.T.);
#4032=ADVANCED_FACE('',(#4031),#3986,.F.);
#4033=CARTESIAN_POINT('',(-43.78073853,-13.51,-29.104322206));
#4034=DIRECTION('',(0.,-1.,0.));
#4035=DIRECTION('',(0.,0.,1.));
#4036=AXIS2_PLACEMENT_3D('',#4033,#4034,#4035);
#4037=CYLINDRICAL_SURFACE('',#4036,0.6);
#4038=CARTESIAN_POINT('',(-43.310403624,-18.9,-28.731783516));
#4039=VERTEX_POINT('',#4038);
#4040=CARTESIAN_POINT('',(-43.310403624,-17.9,-28.731783516));
#4041=VERTEX_POINT('',#4040);
#4042=CARTESIAN_POINT('',(-43.310403624,-18.9,-28.731783516));
#4043=DIRECTION('',(0.,1.,0.));
#4044=VECTOR('',#4043,1.);
#4045=LINE('',#4042,#4044);
#4046=EDGE_CURVE('',#4039,#4041,#4045,.T.);
#4047=ORIENTED_EDGE('',*,*,#4046,.T.);
#4048=CARTESIAN_POINT('',(-43.230598072,-17.9,-29.343791363));
#4049=VERTEX_POINT('',#4048);
#4050=CARTESIAN_POINT('',(-43.78073853,-17.9,-29.104322206));
#4051=DIRECTION('',(0.,1.,0.));
#4052=DIRECTION('',(0.,-0.,1.));
#4053=AXIS2_PLACEMENT_3D('',#4050,#4051,#4052);
#4054=CIRCLE('',#4053,0.6);
#4055=EDGE_CURVE('',#4041,#4049,#4054,.T.);
#4056=ORIENTED_EDGE('',*,*,#4055,.T.);
#4057=CARTESIAN_POINT('',(-43.868199047,-17.420630488,-29.697913529));
#4058=VERTEX_POINT('',#4057);
#4059=CARTESIAN_POINT('',(-43.868199047,-17.420630488,-29.697913529));
#4060=CARTESIAN_POINT('',(-43.795657808,-17.446654737,-29.708601849));
#4061=CARTESIAN_POINT('',(-43.727266069,-17.481212405,-29.705655456));
#4062=CARTESIAN_POINT('',(-43.661800896,-17.520349873,-29.6924156));
#4063=CARTESIAN_POINT('',(-43.596335722,-17.559487341,-29.679175743));
#4064=CARTESIAN_POINT('',(-43.536809616,-17.601486444,-29.656163901));
#4065=CARTESIAN_POINT('',(-43.481765326,-17.644932126,-29.624528919));
#4066=CARTESIAN_POINT('',(-43.426721035,-17.688377807,-29.592893936));
#4067=CARTESIAN_POINT('',(-43.37728792,-17.732574703,-29.552923078));
#4068=CARTESIAN_POINT('',(-43.334884298,-17.775580022,-29.505836844));
#4069=CARTESIAN_POINT('',(-43.292480675,-17.818585342,-29.45875061));
#4070=CARTESIAN_POINT('',(-43.256678673,-17.860982609,-29.403707132));
#4071=CARTESIAN_POINT('',(-43.230598072,-17.9,-29.343791363));
#4072=B_SPLINE_CURVE_WITH_KNOTS('',3,(#4059,#4060,#4061,#4062,#4063,#4064,#4065,#4066,#4067,#4068,#4069,#4070,#4071),.UNSPECIFIED.,.F.,.F.,(4,3,3,3,4),(0.,0.000229298,0.000458596,0.000687894,0.000917192),.UNSPECIFIED.);
#4073=EDGE_CURVE('',#4058,#4049,#4072,.T.);
#4074=ORIENTED_EDGE('',*,*,#4073,.F.);
#4075=CARTESIAN_POINT('',(-43.868199047,-18.9,-29.697913529));
#4076=VERTEX_POINT('',#4075);
#4077=CARTESIAN_POINT('',(-43.868199047,-17.420630488,-29.697913529));
#4078=DIRECTION('',(0.,-1.,0.));
#4079=VECTOR('',#4078,1.479369512);
#4080=LINE('',#4077,#4079);
#4081=EDGE_CURVE('',#4058,#4076,#4080,.T.);
#4082=ORIENTED_EDGE('',*,*,#4081,.T.);
#4083=CARTESIAN_POINT('',(-43.78073853,-18.9,-29.104322206));
#4084=DIRECTION('',(0.,1.,0.));
#4085=DIRECTION('',(0.,-0.,1.));
#4086=AXIS2_PLACEMENT_3D('',#4083,#4084,#4085);
#4087=CIRCLE('',#4086,0.6);
#4088=EDGE_CURVE('',#4039,#4076,#4087,.T.);
#4089=ORIENTED_EDGE('',*,*,#4088,.F.);
#4090=EDGE_LOOP('',(#4047,#4056,#4074,#4082,#4089));
#4091=FACE_BOUND('',#4090,.T.);
#4092=ADVANCED_FACE('',(#4091),#4037,.F.);
#4093=CARTESIAN_POINT('',(-43.919217682,-13.51,-30.044175133));
#4094=DIRECTION('',(0.,-1.,0.));
#4095=DIRECTION('',(0.,0.,1.));
#4096=AXIS2_PLACEMENT_3D('',#4093,#4094,#4095);
#4097=CYLINDRICAL_SURFACE('',#4096,0.35);
#4098=CARTESIAN_POINT('',(-43.919217682,-18.9,-29.694175133));
#4099=VERTEX_POINT('',#4098);
#4100=CARTESIAN_POINT('',(-43.919217676,-17.399000291,-29.694152354));
#4101=VERTEX_POINT('',#4100);
#4102=CARTESIAN_POINT('',(-43.919217682,-18.9,-29.694175133));
#4103=DIRECTION('',(-0.,1.,-0.));
#4104=VECTOR('',#4103,1.500999709);
#4105=LINE('',#4102,#4104);
#4106=EDGE_CURVE('',#4099,#4101,#4105,.T.);
#4107=ORIENTED_EDGE('',*,*,#4106,.T.);
#4108=CARTESIAN_POINT('',(-44.222326573,-17.060437708,-29.869175133));
#4109=VERTEX_POINT('',#4108);
#4110=CARTESIAN_POINT('',(-44.222326573,-17.060437708,-29.869175133));
#4111=CARTESIAN_POINT('',(-44.193467811,-17.134002906,-29.819190291));
#4112=CARTESIAN_POINT('',(-44.152200951,-17.203773513,-29.774208185));
#4113=CARTESIAN_POINT('',(-44.092915059,-17.267981885,-29.740317895));
#4114=CARTESIAN_POINT('',(-44.063272112,-17.300086071,-29.72337275));
#4115=CARTESIAN_POINT('',(-44.029855796,-17.329789736,-29.709853386));
#4116=CARTESIAN_POINT('',(-43.991819306,-17.35618706,-29.70178792));
#4117=CARTESIAN_POINT('',(-43.953782816,-17.382584384,-29.693722453));
#4118=CARTESIAN_POINT('',(-43.912216813,-17.404839066,-29.691427894));
#4119=CARTESIAN_POINT('',(-43.868199047,-17.420630488,-29.697913529));
#4120=B_SPLINE_CURVE_WITH_KNOTS('',3,(#4110,#4111,#4112,#4113,#4114,#4115,#4116,#4117,#4118,#4119),.UNSPECIFIED.,.F.,.F.,(4,3,3,4),(0.,0.000276475,0.000414713,0.00055295),.UNSPECIFIED.);
#4121=EDGE_CURVE('',#4109,#4101,#4120,.T.);
#4122=ORIENTED_EDGE('',*,*,#4121,.F.);
#4123=CARTESIAN_POINT('',(-44.222326573,-18.9,-29.869175133));
#4124=VERTEX_POINT('',#4123);
#4125=CARTESIAN_POINT('',(-44.222326573,-17.060437708,-29.869175133));
#4126=DIRECTION('',(0.,-1.,0.));
#4127=VECTOR('',#4126,1.839562292);
#4128=LINE('',#4125,#4127);
#4129=EDGE_CURVE('',#4109,#4124,#4128,.T.);
#4130=ORIENTED_EDGE('',*,*,#4129,.T.);
#4131=CARTESIAN_POINT('',(-43.919217682,-18.9,-30.044175133));
#4132=DIRECTION('',(0.,1.,0.));
#4133=DIRECTION('',(0.,-0.,1.));
#4134=AXIS2_PLACEMENT_3D('',#4131,#4132,#4133);
#4135=CIRCLE('',#4134,0.35);
#4136=EDGE_CURVE('',#4124,#4099,#4135,.T.);
#4137=ORIENTED_EDGE('',*,*,#4136,.T.);
#4138=EDGE_LOOP('',(#4107,#4122,#4130,#4137));
#4139=FACE_BOUND('',#4138,.T.);
#4140=ADVANCED_FACE('',(#4139),#4097,.T.);
#4141=CARTESIAN_POINT('',(-44.226342327,-13.51,-29.876130624));
#4142=DIRECTION('',(0.866025404,0.,-0.5));
#4143=DIRECTION('',(-0.5,0.,-0.866025404));
#4144=AXIS2_PLACEMENT_3D('',#4141,#4142,#4143);
#4145=PLANE('',#4144);
#4146=CARTESIAN_POINT('',(-44.230358081,-17.039805992,-29.883086114));
#4147=VERTEX_POINT('',#4146);
#4148=CARTESIAN_POINT('',(-44.230358081,-18.9,-29.883086114));
#4149=VERTEX_POINT('',#4148);
#4150=CARTESIAN_POINT('',(-44.230358081,-17.039805992,-29.883086114));
#4151=DIRECTION('',(0.,-1.,0.));
#4152=VECTOR('',#4151,1.860194008);
#4153=LINE('',#4150,#4152);
#4154=EDGE_CURVE('',#4147,#4149,#4153,.T.);
#4155=ORIENTED_EDGE('',*,*,#4154,.T.);
#4156=CARTESIAN_POINT('',(-44.222326573,-18.9,-29.869175133));
#4157=DIRECTION('',(-0.5,0.,-0.866025404));
#4158=VECTOR('',#4157,0.016063017);
#4159=LINE('',#4156,#4158);
#4160=EDGE_CURVE('',#4124,#4149,#4159,.T.);
#4161=ORIENTED_EDGE('',*,*,#4160,.F.);
#4162=ORIENTED_EDGE('',*,*,#4129,.F.);
#4163=CARTESIAN_POINT('',(-42.845508783,-14.9,-27.484456768));
#4164=DIRECTION('',(-0.866025404,0.,0.5));
#4165=DIRECTION('',(-0.5,0.,-0.866025404));
#4166=AXIS2_PLACEMENT_3D('',#4163,#4164,#4165);
#4167=CIRCLE('',#4166,3.5);
#4168=EDGE_CURVE('',#4147,#4109,#4167,.T.);
#4169=ORIENTED_EDGE('',*,*,#4168,.F.);
#4170=EDGE_LOOP('',(#4155,#4161,#4162,#4169));
#4171=FACE_BOUND('',#4170,.T.);
#4172=ADVANCED_FACE('',(#4171),#4145,.F.);
#4173=CARTESIAN_POINT('',(-43.92724919,-13.51,-30.058086114));
#4174=DIRECTION('',(0.,-1.,0.));
#4175=DIRECTION('',(0.,0.,1.));
#4176=AXIS2_PLACEMENT_3D('',#4173,#4174,#4175);
#4177=CYLINDRICAL_SURFACE('',#4176,0.35);
#4178=CARTESIAN_POINT('',(-44.201611218,-16.534161672,-30.27540035));
#4179=VERTEX_POINT('',#4178);
#4180=CARTESIAN_POINT('',(-44.201611218,-18.9,-30.27540035));
#4181=VERTEX_POINT('',#4180);
#4182=CARTESIAN_POINT('',(-44.201611218,-16.534161672,-30.27540035));
#4183=DIRECTION('',(0.,-1.,0.));
#4184=VECTOR('',#4183,2.365838328);
#4185=LINE('',#4182,#4184);
#4186=EDGE_CURVE('',#4179,#4181,#4185,.T.);
#4187=ORIENTED_EDGE('',*,*,#4186,.T.);
#4188=CARTESIAN_POINT('',(-43.92724919,-18.9,-30.058086114));
#4189=DIRECTION('',(0.,1.,0.));
#4190=DIRECTION('',(0.,-0.,1.));
#4191=AXIS2_PLACEMENT_3D('',#4188,#4189,#4190);
#4192=CIRCLE('',#4191,0.35);
#4193=EDGE_CURVE('',#4181,#4149,#4192,.T.);
#4194=ORIENTED_EDGE('',*,*,#4193,.T.);
#4195=ORIENTED_EDGE('',*,*,#4154,.F.);
#4196=CARTESIAN_POINT('',(-44.201611218,-16.534161672,-30.27540035));
#4197=CARTESIAN_POINT('',(-44.230039216,-16.566109941,-30.239509637));
#4198=CARTESIAN_POINT('',(-44.246888833,-16.605126014,-30.205211302));
#4199=CARTESIAN_POINT('',(-44.258576385,-16.646609471,-30.170879243));
#4200=CARTESIAN_POINT('',(-44.270263937,-16.688092928,-30.136547183));
#4201=CARTESIAN_POINT('',(-44.275869912,-16.73143638,-30.103152467));
#4202=CARTESIAN_POINT('',(-44.277028865,-16.775088019,-30.070502985));
#4203=CARTESIAN_POINT('',(-44.279346772,-16.862391297,-30.005204021));
#4204=CARTESIAN_POINT('',(-44.264074323,-16.952523475,-29.941484357));
#4205=CARTESIAN_POINT('',(-44.230358081,-17.039805992,-29.883086114));
#4206=B_SPLINE_CURVE_WITH_KNOTS('',3,(#4196,#4197,#4198,#4199,#4200,#4201,#4202,#4203,#4204,#4205),.UNSPECIFIED.,.F.,.F.,(4,3,3,4),(0.,0.000163734,0.000327469,0.000654937),.UNSPECIFIED.);
#4207=EDGE_CURVE('',#4179,#4147,#4206,.T.);
#4208=ORIENTED_EDGE('',*,*,#4207,.F.);
#4209=EDGE_LOOP('',(#4187,#4194,#4195,#4208));
#4210=FACE_BOUND('',#4209,.T.);
#4211=ADVANCED_FACE('',(#4210),#4177,.T.);
#4212=CARTESIAN_POINT('',(0.,-13.51,0.));
#4213=DIRECTION('',(0.,1.,0.));
#4214=DIRECTION('',(1.,0.,0.));
#4215=AXIS2_PLACEMENT_3D('',#4212,#4213,#4214);
#4216=PLANE('',#4215);
#4217=CARTESIAN_POINT('',(-44.306278298,-13.51,-32.414583787));
#4218=VERTEX_POINT('',#4217);
#4219=CARTESIAN_POINT('',(-44.987874944,-13.51,-32.02106378));
#4220=VERTEX_POINT('',#4219);
#4221=CARTESIAN_POINT('',(-44.306278298,-13.51,-32.414583787));
#4222=DIRECTION('',(-0.866025404,0.,0.5));
#4223=VECTOR('',#4222,0.787040014);
#4224=LINE('',#4221,#4223);
#4225=EDGE_CURVE('',#4218,#4220,#4224,.T.);
#4226=ORIENTED_EDGE('',*,*,#4225,.T.);
#4227=CARTESIAN_POINT('',(-45.092811218,-13.51,-31.81900403));
#4228=VERTEX_POINT('',#4227);
#4229=CARTESIAN_POINT('',(-45.563146125,-13.51,-32.191542721));
#4230=DIRECTION('',(0.,1.,0.));
#4231=DIRECTION('',(0.,0.,-1.));
#4232=AXIS2_PLACEMENT_3D('',#4229,#4230,#4231);
#4233=CIRCLE('',#4232,0.6);
#4234=EDGE_CURVE('',#4228,#4220,#4233,.T.);
#4235=ORIENTED_EDGE('',*,*,#4234,.F.);
#4236=CARTESIAN_POINT('',(-45.121558081,-13.51,-31.426689794));
#4237=VERTEX_POINT('',#4236);
#4238=CARTESIAN_POINT('',(-44.81844919,-13.51,-31.601689794));
#4239=DIRECTION('',(0.,-1.,0.));
#4240=DIRECTION('',(0.,0.,-1.));
#4241=AXIS2_PLACEMENT_3D('',#4238,#4239,#4240);
#4242=CIRCLE('',#4241,0.35);
#4243=EDGE_CURVE('',#4237,#4228,#4242,.T.);
#4244=ORIENTED_EDGE('',*,*,#4243,.F.);
#4245=CARTESIAN_POINT('',(-45.113534168,-13.51,-31.412791968));
#4246=VERTEX_POINT('',#4245);
#4247=CARTESIAN_POINT('',(-45.113534168,-13.51,-31.412791968));
#4248=DIRECTION('',(-0.5,0.,-0.866025404));
#4249=VECTOR('',#4248,0.016047827);
#4250=LINE('',#4247,#4249);
#4251=EDGE_CURVE('',#4246,#4237,#4250,.T.);
#4252=ORIENTED_EDGE('',*,*,#4251,.F.);
#4253=CARTESIAN_POINT('',(-44.810425277,-13.51,-31.237791968));
#4254=VERTEX_POINT('',#4253);
#4255=CARTESIAN_POINT('',(-44.810425277,-13.51,-31.587791968));
#4256=DIRECTION('',(0.,-1.,0.));
#4257=DIRECTION('',(0.,0.,-1.));
#4258=AXIS2_PLACEMENT_3D('',#4255,#4256,#4257);
#4259=CIRCLE('',#4258,0.35);
#4260=EDGE_CURVE('',#4254,#4246,#4259,.T.);
#4261=ORIENTED_EDGE('',*,*,#4260,.F.);
#4262=CARTESIAN_POINT('',(-44.759406642,-13.51,-31.241530363));
#4263=VERTEX_POINT('',#4262);
#4264=CARTESIAN_POINT('',(-44.810425277,-13.51,-31.587791968));
#4265=DIRECTION('',(0.,-1.,0.));
#4266=DIRECTION('',(0.,0.,-1.));
#4267=AXIS2_PLACEMENT_3D('',#4264,#4265,#4266);
#4268=CIRCLE('',#4267,0.35);
#4269=EDGE_CURVE('',#4263,#4254,#4268,.T.);
#4270=ORIENTED_EDGE('',*,*,#4269,.F.);
#4271=CARTESIAN_POINT('',(-44.093042865,-13.51,-30.805644514));
#4272=VERTEX_POINT('',#4271);
#4273=CARTESIAN_POINT('',(-44.671946125,-13.51,-30.647939041));
#4274=DIRECTION('',(0.,1.,0.));
#4275=DIRECTION('',(0.,0.,-1.));
#4276=AXIS2_PLACEMENT_3D('',#4273,#4274,#4275);
#4277=CIRCLE('',#4276,0.6);
#4278=EDGE_CURVE('',#4272,#4263,#4277,.T.);
#4279=ORIENTED_EDGE('',*,*,#4278,.F.);
#4280=CARTESIAN_POINT('',(-43.556278298,-13.51,-31.115545681));
#4281=VERTEX_POINT('',#4280);
#4282=CARTESIAN_POINT('',(-44.093042865,-13.51,-30.805644514));
#4283=DIRECTION('',(0.866025404,0.,-0.5));
#4284=VECTOR('',#4283,0.619802334);
#4285=LINE('',#4282,#4284);
#4286=EDGE_CURVE('',#4272,#4281,#4285,.T.);
#4287=ORIENTED_EDGE('',*,*,#4286,.T.);
#4288=CARTESIAN_POINT('',(-44.306278298,-13.51,-32.414583787));
#4289=DIRECTION('',(0.5,0.,0.866025404));
#4290=VECTOR('',#4289,1.5);
#4291=LINE('',#4288,#4290);
#4292=EDGE_CURVE('',#4218,#4281,#4291,.T.);
#4293=ORIENTED_EDGE('',*,*,#4292,.F.);
#4294=EDGE_LOOP('',(#4226,#4235,#4244,#4252,#4261,#4270,#4279,#4287,#4293));
#4295=FACE_BOUND('',#4294,.T.);
#4296=ADVANCED_FACE('',(#4295),#4216,.T.);
#4297=CARTESIAN_POINT('',(-43.036041595,-18.9,-28.514469279));
#4298=DIRECTION('',(0.,1.,0.));
#4299=DIRECTION('',(0.,0.,-1.));
#4300=AXIS2_PLACEMENT_3D('',#4297,#4298,#4299);
#4301=CYLINDRICAL_SURFACE('',#4300,0.35);
#4302=CARTESIAN_POINT('',(-43.339150486,-18.9,-28.339469279));
#4303=VERTEX_POINT('',#4302);
#4304=CARTESIAN_POINT('',(-43.339150486,-17.9,-28.339469279));
#4305=VERTEX_POINT('',#4304);
#4306=CARTESIAN_POINT('',(-43.339150486,-18.9,-28.339469279));
#4307=DIRECTION('',(0.,1.,0.));
#4308=VECTOR('',#4307,1.);
#4309=LINE('',#4306,#4308);
#4310=EDGE_CURVE('',#4303,#4305,#4309,.T.);
#4311=ORIENTED_EDGE('',*,*,#4310,.T.);
#4312=CARTESIAN_POINT('',(-43.036041595,-17.9,-28.514469279));
#4313=DIRECTION('',(0.,1.,0.));
#4314=DIRECTION('',(0.,-0.,1.));
#4315=AXIS2_PLACEMENT_3D('',#4312,#4313,#4314);
#4316=CIRCLE('',#4315,0.35);
#4317=EDGE_CURVE('',#4041,#4305,#4316,.T.);
#4318=ORIENTED_EDGE('',*,*,#4317,.F.);
#4319=ORIENTED_EDGE('',*,*,#4046,.F.);
#4320=CARTESIAN_POINT('',(-43.036041595,-18.9,-28.514469279));
#4321=DIRECTION('',(0.,1.,0.));
#4322=DIRECTION('',(0.,-0.,1.));
#4323=AXIS2_PLACEMENT_3D('',#4320,#4321,#4322);
#4324=CIRCLE('',#4323,0.35);
#4325=EDGE_CURVE('',#4039,#4303,#4324,.T.);
#4326=ORIENTED_EDGE('',*,*,#4325,.T.);
#4327=EDGE_LOOP('',(#4311,#4318,#4319,#4326));
#4328=FACE_BOUND('',#4327,.T.);
#4329=ADVANCED_FACE('',(#4328),#4301,.T.);
#4330=CARTESIAN_POINT('',(-43.335137264,-18.9,-28.332518174));
#4331=DIRECTION('',(-0.866025404,0.,0.5));
#4332=DIRECTION('',(0.5,0.,0.866025404));
#4333=AXIS2_PLACEMENT_3D('',#4330,#4331,#4332);
#4334=PLANE('',#4333);
#4335=CARTESIAN_POINT('',(-43.331124041,-18.9,-28.325567069));
#4336=VERTEX_POINT('',#4335);
#4337=CARTESIAN_POINT('',(-43.331124041,-17.9,-28.325567069));
#4338=VERTEX_POINT('',#4337);
#4339=CARTESIAN_POINT('',(-43.331124041,-18.9,-28.325567069));
#4340=DIRECTION('',(0.,1.,0.));
#4341=VECTOR('',#4340,1.);
#4342=LINE('',#4339,#4341);
#4343=EDGE_CURVE('',#4336,#4338,#4342,.T.);
#4344=ORIENTED_EDGE('',*,*,#4343,.T.);
#4345=CARTESIAN_POINT('',(-43.331124041,-17.9,-28.325567069));
#4346=DIRECTION('',(-0.5,0.,-0.866025404));
#4347=VECTOR('',#4346,0.01605289);
#4348=LINE('',#4345,#4347);
#4349=EDGE_CURVE('',#4338,#4305,#4348,.T.);
#4350=ORIENTED_EDGE('',*,*,#4349,.T.);
#4351=ORIENTED_EDGE('',*,*,#4310,.F.);
#4352=CARTESIAN_POINT('',(-43.331124041,-18.9,-28.325567069));
#4353=DIRECTION('',(-0.5,0.,-0.866025404));
#4354=VECTOR('',#4353,0.01605289);
#4355=LINE('',#4352,#4354);
#4356=EDGE_CURVE('',#4336,#4303,#4355,.T.);
#4357=ORIENTED_EDGE('',*,*,#4356,.F.);
#4358=EDGE_LOOP('',(#4344,#4350,#4351,#4357));
#4359=FACE_BOUND('',#4358,.T.);
#4360=ADVANCED_FACE('',(#4359),#4334,.T.);
#4361=CARTESIAN_POINT('',(-43.02801515,-18.9,-28.500567069));
#4362=DIRECTION('',(0.,1.,0.));
#4363=DIRECTION('',(0.,0.,-1.));
#4364=AXIS2_PLACEMENT_3D('',#4361,#4362,#4363);
#4365=CYLINDRICAL_SURFACE('',#4364,0.35);
#4366=CARTESIAN_POINT('',(-42.976996515,-18.9,-28.154305464));
#4367=VERTEX_POINT('',#4366);
#4368=CARTESIAN_POINT('',(-42.976996515,-17.9,-28.154305464));
#4369=VERTEX_POINT('',#4368);
#4370=CARTESIAN_POINT('',(-42.976996515,-18.9,-28.154305464));
#4371=DIRECTION('',(0.,1.,0.));
#4372=VECTOR('',#4371,1.);
#4373=LINE('',#4370,#4372);
#4374=EDGE_CURVE('',#4367,#4369,#4373,.T.);
#4375=ORIENTED_EDGE('',*,*,#4374,.T.);
#4376=CARTESIAN_POINT('',(-43.02801515,-17.9,-28.500567069));
#4377=DIRECTION('',(0.,1.,0.));
#4378=DIRECTION('',(0.,-0.,1.));
#4379=AXIS2_PLACEMENT_3D('',#4376,#4377,#4378);
#4380=CIRCLE('',#4379,0.35);
#4381=EDGE_CURVE('',#4338,#4369,#4380,.T.);
#4382=ORIENTED_EDGE('',*,*,#4381,.F.);
#4383=ORIENTED_EDGE('',*,*,#4343,.F.);
#4384=CARTESIAN_POINT('',(-43.02801515,-18.9,-28.500567069));
#4385=DIRECTION('',(0.,1.,0.));
#4386=DIRECTION('',(0.,-0.,1.));
#4387=AXIS2_PLACEMENT_3D('',#4384,#4385,#4386);
#4388=CIRCLE('',#4387,0.35);
#4389=EDGE_CURVE('',#4336,#4367,#4388,.T.);
#4390=ORIENTED_EDGE('',*,*,#4389,.T.);
#4391=EDGE_LOOP('',(#4375,#4382,#4383,#4390));
#4392=FACE_BOUND('',#4391,.T.);
#4393=ADVANCED_FACE('',(#4392),#4365,.T.);
#4394=CARTESIAN_POINT('',(-42.889535998,-18.9,-27.560714142));
#4395=DIRECTION('',(0.,1.,0.));
#4396=DIRECTION('',(0.,0.,-1.));
#4397=AXIS2_PLACEMENT_3D('',#4394,#4395,#4396);
#4398=CYLINDRICAL_SURFACE('',#4397,0.6);
#4399=CARTESIAN_POINT('',(-42.889535998,-17.9,-28.160714142));
#4400=VERTEX_POINT('',#4399);
#4401=CARTESIAN_POINT('',(-42.889535998,-18.9,-28.160714142));
#4402=VERTEX_POINT('',#4401);
#4403=CARTESIAN_POINT('',(-42.889535998,-17.9,-28.160714142));
#4404=DIRECTION('',(-0.,-1.,-0.));
#4405=VECTOR('',#4404,1.);
#4406=LINE('',#4403,#4405);
#4407=EDGE_CURVE('',#4400,#4402,#4406,.T.);
#4408=ORIENTED_EDGE('',*,*,#4407,.F.);
#4409=CARTESIAN_POINT('',(-42.889535998,-17.9,-27.560714142));
#4410=DIRECTION('',(0.,1.,0.));
#4411=DIRECTION('',(0.,-0.,1.));
#4412=AXIS2_PLACEMENT_3D('',#4409,#4410,#4411);
#4413=CIRCLE('',#4412,0.6);
#4414=EDGE_CURVE('',#4400,#4369,#4413,.T.);
#4415=ORIENTED_EDGE('',*,*,#4414,.T.);
#4416=ORIENTED_EDGE('',*,*,#4374,.F.);
#4417=CARTESIAN_POINT('',(-42.889535998,-18.9,-27.560714142));
#4418=DIRECTION('',(0.,1.,0.));
#4419=DIRECTION('',(0.,-0.,1.));
#4420=AXIS2_PLACEMENT_3D('',#4417,#4418,#4419);
#4421=CIRCLE('',#4420,0.6);
#4422=EDGE_CURVE('',#4402,#4367,#4421,.T.);
#4423=ORIENTED_EDGE('',*,*,#4422,.F.);
#4424=EDGE_LOOP('',(#4408,#4415,#4416,#4423));
#4425=FACE_BOUND('',#4424,.T.);
#4426=ADVANCED_FACE('',(#4425),#4398,.F.);
#4427=CARTESIAN_POINT('',(-42.885484482,-18.9,-27.553696711));
#4428=DIRECTION('',(0.,1.,0.));
#4429=DIRECTION('',(0.,0.,-1.));
#4430=AXIS2_PLACEMENT_3D('',#4427,#4428,#4429);
#4431=CYLINDRICAL_SURFACE('',#4430,0.6);
#4432=CARTESIAN_POINT('',(-43.378059629,-18.9,-27.211104059));
#4433=VERTEX_POINT('',#4432);
#4434=CARTESIAN_POINT('',(-43.378059629,-17.9,-27.211104059));
#4435=VERTEX_POINT('',#4434);
#4436=CARTESIAN_POINT('',(-43.378059629,-18.9,-27.211104059));
#4437=DIRECTION('',(0.,1.,0.));
#4438=VECTOR('',#4437,1.);
#4439=LINE('',#4436,#4438);
#4440=EDGE_CURVE('',#4433,#4435,#4439,.T.);
#4441=ORIENTED_EDGE('',*,*,#4440,.T.);
#4442=CARTESIAN_POINT('',(-43.407113636,-17.9,-27.257212266));
#4443=VERTEX_POINT('',#4442);
#4444=CARTESIAN_POINT('',(-42.885484482,-17.9,-27.553696711));
#4445=DIRECTION('',(0.,1.,0.));
#4446=DIRECTION('',(0.,-0.,1.));
#4447=AXIS2_PLACEMENT_3D('',#4444,#4445,#4446);
#4448=CIRCLE('',#4447,0.6);
#4449=EDGE_CURVE('',#4443,#4435,#4448,.T.);
#4450=ORIENTED_EDGE('',*,*,#4449,.F.);
#4451=CARTESIAN_POINT('',(-43.407113636,-18.9,-27.257212266));
#4452=VERTEX_POINT('',#4451);
#4453=CARTESIAN_POINT('',(-43.407113636,-18.9,-27.257212266));
#4454=DIRECTION('',(0.,1.,0.));
#4455=VECTOR('',#4454,1.);
#4456=LINE('',#4453,#4455);
#4457=EDGE_CURVE('',#4452,#4443,#4456,.T.);
#4458=ORIENTED_EDGE('',*,*,#4457,.F.);
#4459=CARTESIAN_POINT('',(-42.885484482,-18.9,-27.553696711));
#4460=DIRECTION('',(0.,1.,0.));
#4461=DIRECTION('',(0.,-0.,1.));
#4462=AXIS2_PLACEMENT_3D('',#4459,#4460,#4461);
#4463=CIRCLE('',#4462,0.6);
#4464=EDGE_CURVE('',#4452,#4433,#4463,.T.);
#4465=ORIENTED_EDGE('',*,*,#4464,.T.);
#4466=EDGE_LOOP('',(#4441,#4450,#4458,#4465));
#4467=FACE_BOUND('',#4466,.T.);
#4468=ADVANCED_FACE('',(#4467),#4431,.T.);
#4469=CARTESIAN_POINT('',(-43.666776119,-18.9,-27.010297851));
#4470=DIRECTION('',(0.,1.,0.));
#4471=DIRECTION('',(0.,0.,-1.));
#4472=AXIS2_PLACEMENT_3D('',#4469,#4470,#4471);
#4473=CYLINDRICAL_SURFACE('',#4472,0.351682165);
#4474=CARTESIAN_POINT('',(-43.666776119,-17.9,-27.361980015));
#4475=VERTEX_POINT('',#4474);
#4476=CARTESIAN_POINT('',(-43.666776119,-18.9,-27.361980015));
#4477=VERTEX_POINT('',#4476);
#4478=CARTESIAN_POINT('',(-43.666776119,-17.9,-27.361980015));
#4479=DIRECTION('',(-0.,-1.,-0.));
#4480=VECTOR('',#4479,1.);
#4481=LINE('',#4478,#4480);
#4482=EDGE_CURVE('',#4475,#4477,#4481,.T.);
#4483=ORIENTED_EDGE('',*,*,#4482,.T.);
#4484=CARTESIAN_POINT('',(-44.007556627,-18.9,-27.097182776));
#4485=VERTEX_POINT('',#4484);
#4486=CARTESIAN_POINT('',(-43.666776119,-18.9,-27.010297851));
#4487=DIRECTION('',(0.,1.,0.));
#4488=DIRECTION('',(0.,-0.,1.));
#4489=AXIS2_PLACEMENT_3D('',#4486,#4487,#4488);
#4490=CIRCLE('',#4489,0.351682165);
#4491=EDGE_CURVE('',#4477,#4485,#4490,.T.);
#4492=ORIENTED_EDGE('',*,*,#4491,.T.);
#4493=CARTESIAN_POINT('',(-44.007556627,-17.9,-27.097182776));
#4494=VERTEX_POINT('',#4493);
#4495=CARTESIAN_POINT('',(-44.007556627,-18.9,-27.097182776));
#4496=DIRECTION('',(0.,1.,0.));
#4497=VECTOR('',#4496,1.);
#4498=LINE('',#4495,#4497);
#4499=EDGE_CURVE('',#4485,#4494,#4498,.T.);
#4500=ORIENTED_EDGE('',*,*,#4499,.T.);
#4501=CARTESIAN_POINT('',(-43.666776119,-17.9,-27.010297851));
#4502=DIRECTION('',(0.,1.,0.));
#4503=DIRECTION('',(0.,-0.,1.));
#4504=AXIS2_PLACEMENT_3D('',#4501,#4502,#4503);
#4505=CIRCLE('',#4504,0.351682165);
#4506=EDGE_CURVE('',#4475,#4494,#4505,.T.);
#4507=ORIENTED_EDGE('',*,*,#4506,.F.);
#4508=EDGE_LOOP('',(#4483,#4492,#4500,#4507));
#4509=FACE_BOUND('',#4508,.T.);
#4510=ADVANCED_FACE('',(#4509),#4473,.T.);
#4511=CARTESIAN_POINT('',(-39.201210822,-18.9,-19.277363779));
#4512=DIRECTION('',(0.,1.,0.));
#4513=DIRECTION('',(0.,0.,-1.));
#4514=AXIS2_PLACEMENT_3D('',#4511,#4512,#4513);
#4515=CYLINDRICAL_SURFACE('',#4514,0.352508119);
#4516=CARTESIAN_POINT('',(-38.915602482,-18.9,-19.483979002));
#4517=VERTEX_POINT('',#4516);
#4518=CARTESIAN_POINT('',(-38.915602482,-17.9,-19.483979002));
#4519=VERTEX_POINT('',#4518);
#4520=CARTESIAN_POINT('',(-38.915602482,-18.9,-19.483979002));
#4521=DIRECTION('',(0.,1.,0.));
#4522=VECTOR('',#4521,1.);
#4523=LINE('',#4520,#4522);
#4524=EDGE_CURVE('',#4517,#4519,#4523,.T.);
#4525=ORIENTED_EDGE('',*,*,#4524,.T.);
#4526=CARTESIAN_POINT('',(-39.296903809,-17.9,-18.938092758));
#4527=VERTEX_POINT('',#4526);
#4528=CARTESIAN_POINT('',(-39.201210822,-17.9,-19.277363779));
#4529=DIRECTION('',(0.,1.,0.));
#4530=DIRECTION('',(0.,-0.,1.));
#4531=AXIS2_PLACEMENT_3D('',#4528,#4529,#4530);
#4532=CIRCLE('',#4531,0.352508119);
#4533=EDGE_CURVE('',#4527,#4519,#4532,.T.);
#4534=ORIENTED_EDGE('',*,*,#4533,.F.);
#4535=CARTESIAN_POINT('',(-39.296903809,-18.9,-18.938092758));
#4536=VERTEX_POINT('',#4535);
#4537=CARTESIAN_POINT('',(-39.296903809,-18.9,-18.938092758));
#4538=DIRECTION('',(0.,1.,0.));
#4539=VECTOR('',#4538,1.);
#4540=LINE('',#4537,#4539);
#4541=EDGE_CURVE('',#4536,#4527,#4540,.T.);
#4542=ORIENTED_EDGE('',*,*,#4541,.F.);
#4543=CARTESIAN_POINT('',(-39.201210822,-18.9,-19.277363779));
#4544=DIRECTION('',(0.,1.,0.));
#4545=DIRECTION('',(0.,-0.,1.));
#4546=AXIS2_PLACEMENT_3D('',#4543,#4544,#4545);
#4547=CIRCLE('',#4546,0.352508119);
#4548=EDGE_CURVE('',#4536,#4517,#4547,.T.);
#4549=ORIENTED_EDGE('',*,*,#4548,.T.);
#4550=EDGE_LOOP('',(#4525,#4534,#4542,#4549));
#4551=FACE_BOUND('',#4550,.T.);
#4552=ADVANCED_FACE('',(#4551),#4515,.T.);
#4553=CARTESIAN_POINT('',(-38.429471824,-18.9,-19.835656387));
#4554=DIRECTION('',(0.,1.,0.));
#4555=DIRECTION('',(0.,0.,-1.));
#4556=AXIS2_PLACEMENT_3D('',#4553,#4554,#4555);
#4557=CYLINDRICAL_SURFACE('',#4556,0.6);
#4558=CARTESIAN_POINT('',(-38.951100978,-17.9,-19.539171943));
#4559=VERTEX_POINT('',#4558);
#4560=CARTESIAN_POINT('',(-38.429471824,-17.9,-19.835656387));
#4561=DIRECTION('',(0.,1.,0.));
#4562=DIRECTION('',(0.,-0.,1.));
#4563=AXIS2_PLACEMENT_3D('',#4560,#4561,#4562);
#4564=CIRCLE('',#4563,0.6);
#4565=EDGE_CURVE('',#4559,#4519,#4564,.T.);
#4566=ORIENTED_EDGE('',*,*,#4565,.T.);
#4567=ORIENTED_EDGE('',*,*,#4524,.F.);
#4568=CARTESIAN_POINT('',(-38.951100978,-18.9,-19.539171943));
#4569=VERTEX_POINT('',#4568);
#4570=CARTESIAN_POINT('',(-38.429471824,-18.9,-19.835656387));
#4571=DIRECTION('',(0.,1.,0.));
#4572=DIRECTION('',(0.,-0.,1.));
#4573=AXIS2_PLACEMENT_3D('',#4570,#4571,#4572);
#4574=CIRCLE('',#4573,0.6);
#4575=EDGE_CURVE('',#4569,#4517,#4574,.T.);
#4576=ORIENTED_EDGE('',*,*,#4575,.F.);
#4577=CARTESIAN_POINT('',(-38.951100978,-18.9,-19.539171943));
#4578=DIRECTION('',(0.,1.,0.));
#4579=VECTOR('',#4578,1.);
#4580=LINE('',#4577,#4579);
#4581=EDGE_CURVE('',#4569,#4559,#4580,.T.);
#4582=ORIENTED_EDGE('',*,*,#4581,.T.);
#4583=EDGE_LOOP('',(#4566,#4567,#4576,#4582));
#4584=FACE_BOUND('',#4583,.T.);
#4585=ADVANCED_FACE('',(#4584),#4557,.F.);
#4586=CARTESIAN_POINT('',(-38.43352334,-18.9,-19.842673819));
#4587=DIRECTION('',(0.,1.,0.));
#4588=DIRECTION('',(0.,0.,-1.));
#4589=AXIS2_PLACEMENT_3D('',#4586,#4587,#4588);
#4590=CYLINDRICAL_SURFACE('',#4589,0.6);
#4591=CARTESIAN_POINT('',(-38.43352334,-17.9,-20.442673819));
#4592=VERTEX_POINT('',#4591);
#4593=CARTESIAN_POINT('',(-38.43352334,-18.9,-20.442673819));
#4594=VERTEX_POINT('',#4593);
#4595=CARTESIAN_POINT('',(-38.43352334,-17.9,-20.442673819));
#4596=DIRECTION('',(-0.,-1.,-0.));
#4597=VECTOR('',#4596,1.);
#4598=LINE('',#4595,#4597);
#4599=EDGE_CURVE('',#4592,#4594,#4598,.T.);
#4600=ORIENTED_EDGE('',*,*,#4599,.F.);
#4601=CARTESIAN_POINT('',(-38.43352334,-17.9,-19.842673819));
#4602=DIRECTION('',(0.,1.,0.));
#4603=DIRECTION('',(0.,-0.,1.));
#4604=AXIS2_PLACEMENT_3D('',#4601,#4602,#4603);
#4605=CIRCLE('',#4604,0.6);
#4606=EDGE_CURVE('',#4592,#4559,#4605,.T.);
#4607=ORIENTED_EDGE('',*,*,#4606,.T.);
#4608=ORIENTED_EDGE('',*,*,#4581,.F.);
#4609=CARTESIAN_POINT('',(-38.43352334,-18.9,-19.842673819));
#4610=DIRECTION('',(0.,1.,0.));
#4611=DIRECTION('',(0.,-0.,1.));
#4612=AXIS2_PLACEMENT_3D('',#4609,#4610,#4611);
#4613=CIRCLE('',#4612,0.6);
#4614=EDGE_CURVE('',#4594,#4569,#4613,.T.);
#4615=ORIENTED_EDGE('',*,*,#4614,.F.);
#4616=EDGE_LOOP('',(#4600,#4607,#4608,#4615));
#4617=FACE_BOUND('',#4616,.T.);
#4618=ADVANCED_FACE('',(#4617),#4590,.F.);
#4619=CARTESIAN_POINT('',(-37.688826405,-18.9,-19.252820891));
#4620=DIRECTION('',(0.,1.,0.));
#4621=DIRECTION('',(0.,0.,-1.));
#4622=AXIS2_PLACEMENT_3D('',#4619,#4620,#4621);
#4623=CYLINDRICAL_SURFACE('',#4622,0.35);
#4624=CARTESIAN_POINT('',(-37.991935296,-18.9,-19.077820891));
#4625=VERTEX_POINT('',#4624);
#4626=CARTESIAN_POINT('',(-37.991935296,-17.9,-19.077820891));
#4627=VERTEX_POINT('',#4626);
#4628=CARTESIAN_POINT('',(-37.991935296,-18.9,-19.077820891));
#4629=DIRECTION('',(0.,1.,0.));
#4630=VECTOR('',#4629,1.);
#4631=LINE('',#4628,#4630);
#4632=EDGE_CURVE('',#4625,#4627,#4631,.T.);
#4633=ORIENTED_EDGE('',*,*,#4632,.T.);
#4634=CARTESIAN_POINT('',(-37.963188434,-17.9,-19.470135128));
#4635=VERTEX_POINT('',#4634);
#4636=CARTESIAN_POINT('',(-37.688826405,-17.9,-19.252820891));
#4637=DIRECTION('',(0.,1.,0.));
#4638=DIRECTION('',(0.,-0.,1.));
#4639=AXIS2_PLACEMENT_3D('',#4636,#4637,#4638);
#4640=CIRCLE('',#4639,0.35);
#4641=EDGE_CURVE('',#4635,#4627,#4640,.T.);
#4642=ORIENTED_EDGE('',*,*,#4641,.F.);
#4643=CARTESIAN_POINT('',(-37.963188434,-18.9,-19.470135128));
#4644=VERTEX_POINT('',#4643);
#4645=CARTESIAN_POINT('',(-37.963188434,-18.9,-19.470135128));
#4646=DIRECTION('',(0.,1.,0.));
#4647=VECTOR('',#4646,1.);
#4648=LINE('',#4645,#4647);
#4649=EDGE_CURVE('',#4644,#4635,#4648,.T.);
#4650=ORIENTED_EDGE('',*,*,#4649,.F.);
#4651=CARTESIAN_POINT('',(-37.688826405,-18.9,-19.252820891));
#4652=DIRECTION('',(0.,1.,0.));
#4653=DIRECTION('',(0.,-0.,1.));
#4654=AXIS2_PLACEMENT_3D('',#4651,#4652,#4653);
#4655=CIRCLE('',#4654,0.35);
#4656=EDGE_CURVE('',#4644,#4625,#4655,.T.);
#4657=ORIENTED_EDGE('',*,*,#4656,.T.);
#4658=EDGE_LOOP('',(#4633,#4642,#4650,#4657));
#4659=FACE_BOUND('',#4658,.T.);
#4660=ADVANCED_FACE('',(#4659),#4623,.T.);
#4661=CARTESIAN_POINT('',(-37.987922074,-18.9,-19.070869786));
#4662=DIRECTION('',(-0.866025404,0.,0.5));
#4663=DIRECTION('',(0.5,0.,0.866025404));
#4664=AXIS2_PLACEMENT_3D('',#4661,#4662,#4663);
#4665=PLANE('',#4664);
#4666=CARTESIAN_POINT('',(-37.983908851,-18.9,-19.063918681));
#4667=VERTEX_POINT('',#4666);
#4668=CARTESIAN_POINT('',(-37.983908851,-17.9,-19.063918681));
#4669=VERTEX_POINT('',#4668);
#4670=CARTESIAN_POINT('',(-37.983908851,-18.9,-19.063918681));
#4671=DIRECTION('',(0.,1.,0.));
#4672=VECTOR('',#4671,1.);
#4673=LINE('',#4670,#4672);
#4674=EDGE_CURVE('',#4667,#4669,#4673,.T.);
#4675=ORIENTED_EDGE('',*,*,#4674,.T.);
#4676=CARTESIAN_POINT('',(-37.983908851,-17.9,-19.063918681));
#4677=DIRECTION('',(-0.5,0.,-0.866025404));
#4678=VECTOR('',#4677,0.01605289);
#4679=LINE('',#4676,#4678);
#4680=EDGE_CURVE('',#4669,#4627,#4679,.T.);
#4681=ORIENTED_EDGE('',*,*,#4680,.T.);
#4682=ORIENTED_EDGE('',*,*,#4632,.F.);
#4683=CARTESIAN_POINT('',(-37.983908851,-18.9,-19.063918681));
#4684=DIRECTION('',(-0.5,0.,-0.866025404));
#4685=VECTOR('',#4684,0.01605289);
#4686=LINE('',#4683,#4685);
#4687=EDGE_CURVE('',#4667,#4625,#4686,.T.);
#4688=ORIENTED_EDGE('',*,*,#4687,.F.);
#4689=EDGE_LOOP('',(#4675,#4681,#4682,#4688));
#4690=FACE_BOUND('',#4689,.T.);
#4691=ADVANCED_FACE('',(#4690),#4665,.T.);
#4692=CARTESIAN_POINT('',(-37.68079996,-18.9,-19.238918681));
#4693=DIRECTION('',(0.,1.,0.));
#4694=DIRECTION('',(0.,0.,-1.));
#4695=AXIS2_PLACEMENT_3D('',#4692,#4693,#4694);
#4696=CYLINDRICAL_SURFACE('',#4695,0.35);
#4697=CARTESIAN_POINT('',(-37.629781325,-17.9,-18.892657076));
#4698=VERTEX_POINT('',#4697);
#4699=CARTESIAN_POINT('',(-37.68079996,-17.9,-19.238918681));
#4700=DIRECTION('',(0.,1.,0.));
#4701=DIRECTION('',(0.,-0.,1.));
#4702=AXIS2_PLACEMENT_3D('',#4699,#4700,#4701);
#4703=CIRCLE('',#4702,0.35);
#4704=EDGE_CURVE('',#4669,#4698,#4703,.T.);
#4705=ORIENTED_EDGE('',*,*,#4704,.F.);
#4706=ORIENTED_EDGE('',*,*,#4674,.F.);
#4707=CARTESIAN_POINT('',(-37.629781325,-18.9,-18.892657076));
#4708=VERTEX_POINT('',#4707);
#4709=CARTESIAN_POINT('',(-37.68079996,-18.9,-19.238918681));
#4710=DIRECTION('',(0.,1.,0.));
#4711=DIRECTION('',(0.,-0.,1.));
#4712=AXIS2_PLACEMENT_3D('',#4709,#4710,#4711);
#4713=CIRCLE('',#4712,0.35);
#4714=EDGE_CURVE('',#4667,#4708,#4713,.T.);
#4715=ORIENTED_EDGE('',*,*,#4714,.T.);
#4716=CARTESIAN_POINT('',(-37.629781325,-18.9,-18.892657076));
#4717=DIRECTION('',(0.,1.,0.));
#4718=VECTOR('',#4717,1.);
#4719=LINE('',#4716,#4718);
#4720=EDGE_CURVE('',#4708,#4698,#4719,.T.);
#4721=ORIENTED_EDGE('',*,*,#4720,.T.);
#4722=EDGE_LOOP('',(#4705,#4706,#4715,#4721));
#4723=FACE_BOUND('',#4722,.T.);
#4724=ADVANCED_FACE('',(#4723),#4696,.T.);
#4725=CARTESIAN_POINT('',(-37.542320808,-18.9,-18.299065754));
#4726=DIRECTION('',(0.,1.,0.));
#4727=DIRECTION('',(0.,0.,-1.));
#4728=AXIS2_PLACEMENT_3D('',#4725,#4726,#4727);
#4729=CYLINDRICAL_SURFACE('',#4728,0.6);
#4730=CARTESIAN_POINT('',(-37.542320808,-17.9,-18.899065754));
#4731=VERTEX_POINT('',#4730);
#4732=CARTESIAN_POINT('',(-37.542320808,-18.9,-18.899065754));
#4733=VERTEX_POINT('',#4732);
#4734=CARTESIAN_POINT('',(-37.542320808,-17.9,-18.899065754));
#4735=DIRECTION('',(-0.,-1.,-0.));
#4736=VECTOR('',#4735,1.);
#4737=LINE('',#4734,#4736);
#4738=EDGE_CURVE('',#4731,#4733,#4737,.T.);
#4739=ORIENTED_EDGE('',*,*,#4738,.F.);
#4740=CARTESIAN_POINT('',(-37.542320808,-17.9,-18.299065754));
#4741=DIRECTION('',(0.,1.,0.));
#4742=DIRECTION('',(0.,-0.,1.));
#4743=AXIS2_PLACEMENT_3D('',#4740,#4741,#4742);
#4744=CIRCLE('',#4743,0.6);
#4745=EDGE_CURVE('',#4731,#4698,#4744,.T.);
#4746=ORIENTED_EDGE('',*,*,#4745,.T.);
#4747=ORIENTED_EDGE('',*,*,#4720,.F.);
#4748=CARTESIAN_POINT('',(-37.542320808,-18.9,-18.299065754));
#4749=DIRECTION('',(0.,1.,0.));
#4750=DIRECTION('',(0.,-0.,1.));
#4751=AXIS2_PLACEMENT_3D('',#4748,#4749,#4750);
#4752=CIRCLE('',#4751,0.6);
#4753=EDGE_CURVE('',#4733,#4708,#4752,.T.);
#4754=ORIENTED_EDGE('',*,*,#4753,.F.);
#4755=EDGE_LOOP('',(#4739,#4746,#4747,#4754));
#4756=FACE_BOUND('',#4755,.T.);
#4757=ADVANCED_FACE('',(#4756),#4729,.F.);
#4758=CARTESIAN_POINT('',(-37.542313213,-18.9,-18.299052599));
#4759=DIRECTION('',(0.,1.,0.));
#4760=DIRECTION('',(0.,0.,-1.));
#4761=AXIS2_PLACEMENT_3D('',#4758,#4759,#4760);
#4762=CYLINDRICAL_SURFACE('',#4761,0.6);
#4763=CARTESIAN_POINT('',(-36.971260972,-17.9,-18.483159926));
#4764=VERTEX_POINT('',#4763);
#4765=CARTESIAN_POINT('',(-37.022701768,-17.9,-18.599059175));
#4766=VERTEX_POINT('',#4765);
#4767=CARTESIAN_POINT('',(-37.542313213,-17.9,-18.299052599));
#4768=DIRECTION('',(0.,1.,0.));
#4769=DIRECTION('',(0.,-0.,1.));
#4770=AXIS2_PLACEMENT_3D('',#4767,#4768,#4769);
#4771=CIRCLE('',#4770,0.6);
#4772=EDGE_CURVE('',#4764,#4766,#4771,.T.);
#4773=ORIENTED_EDGE('',*,*,#4772,.T.);
#4774=CARTESIAN_POINT('',(-37.022701768,-18.9,-18.599059175));
#4775=VERTEX_POINT('',#4774);
#4776=CARTESIAN_POINT('',(-37.022701768,-18.9,-18.599059175));
#4777=DIRECTION('',(0.,1.,0.));
#4778=VECTOR('',#4777,1.);
#4779=LINE('',#4776,#4778);
#4780=EDGE_CURVE('',#4775,#4766,#4779,.T.);
#4781=ORIENTED_EDGE('',*,*,#4780,.F.);
#4782=CARTESIAN_POINT('',(-37.071978307,-18.9,-17.926513908));
#4783=VERTEX_POINT('',#4782);
#4784=CARTESIAN_POINT('',(-37.542313213,-18.9,-18.299052599));
#4785=DIRECTION('',(0.,1.,0.));
#4786=DIRECTION('',(0.,-0.,1.));
#4787=AXIS2_PLACEMENT_3D('',#4784,#4785,#4786);
#4788=CIRCLE('',#4787,0.6);
#4789=EDGE_CURVE('',#4783,#4775,#4788,.T.);
#4790=ORIENTED_EDGE('',*,*,#4789,.F.);
#4791=CARTESIAN_POINT('',(-37.071978307,-17.593894913,-17.926513908));
#4792=VERTEX_POINT('',#4791);
#4793=CARTESIAN_POINT('',(-37.071978307,-17.593894913,-17.926513908));
#4794=DIRECTION('',(-0.,-1.,-0.));
#4795=VECTOR('',#4794,1.306105087);
#4796=LINE('',#4793,#4795);
#4797=EDGE_CURVE('',#4792,#4783,#4796,.T.);
#4798=ORIENTED_EDGE('',*,*,#4797,.F.);
#4799=CARTESIAN_POINT('',(-37.071978307,-17.593894913,-17.926513908));
#4800=CARTESIAN_POINT('',(-37.038664275,-17.610291317,-17.968573304));
#4801=CARTESIAN_POINT('',(-37.012673434,-17.630840083,-18.012690268));
#4802=CARTESIAN_POINT('',(-36.992556831,-17.65419996,-18.058703019));
#4803=CARTESIAN_POINT('',(-36.972440228,-17.677559836,-18.104715771));
#4804=CARTESIAN_POINT('',(-36.95846724,-17.703775335,-18.152579919));
#4805=CARTESIAN_POINT('',(-36.950513227,-17.730864856,-18.200195246));
#4806=CARTESIAN_POINT('',(-36.942559214,-17.757954377,-18.247810572));
#4807=CARTESIAN_POINT('',(-36.940441795,-17.786527524,-18.296254251));
#4808=CARTESIAN_POINT('',(-36.943971575,-17.814968503,-18.34363157));
#4809=CARTESIAN_POINT('',(-36.947501356,-17.843409481,-18.391008888));
#4810=CARTESIAN_POINT('',(-36.956535025,-17.871810223,-18.437494267));
#4811=CARTESIAN_POINT('',(-36.971257883,-17.899999498,-18.483160745));
#4812=B_SPLINE_CURVE_WITH_KNOTS('',3,(#4799,#4800,#4801,#4802,#4803,#4804,#4805,#4806,#4807,#4808,#4809,#4810,#4811),.UNSPECIFIED.,.F.,.F.,(4,3,3,3,4),(0.,0.000165444,0.000330887,0.000496331,0.000661774),.UNSPECIFIED.);
#4813=EDGE_CURVE('',#4792,#4764,#4812,.T.);
#4814=ORIENTED_EDGE('',*,*,#4813,.T.);
#4815=EDGE_LOOP('',(#4773,#4781,#4790,#4798,#4814));
#4816=FACE_BOUND('',#4815,.T.);
#4817=ADVANCED_FACE('',(#4816),#4762,.F.);
#4818=CARTESIAN_POINT('',(-39.324725871,-18.9,-21.386281883));
#4819=DIRECTION('',(0.,1.,0.));
#4820=DIRECTION('',(0.,0.,-1.));
#4821=AXIS2_PLACEMENT_3D('',#4818,#4819,#4820);
#4822=CYLINDRICAL_SURFACE('',#4821,0.6);
#4823=CARTESIAN_POINT('',(-39.324725871,-17.9,-21.986281883));
#4824=VERTEX_POINT('',#4823);
#4825=CARTESIAN_POINT('',(-39.324725871,-18.9,-21.986281883));
#4826=VERTEX_POINT('',#4825);
#4827=CARTESIAN_POINT('',(-39.324725871,-17.9,-21.986281883));
#4828=DIRECTION('',(-0.,-1.,-0.));
#4829=VECTOR('',#4828,1.);
#4830=LINE('',#4827,#4829);
#4831=EDGE_CURVE('',#4824,#4826,#4830,.T.);
#4832=ORIENTED_EDGE('',*,*,#4831,.F.);
#4833=CARTESIAN_POINT('',(-39.324725871,-17.9,-20.786281883));
#4834=VERTEX_POINT('',#4833);
#4835=CARTESIAN_POINT('',(-39.324725871,-17.9,-21.386281883));
#4836=DIRECTION('',(0.,1.,0.));
#4837=DIRECTION('',(0.,-0.,1.));
#4838=AXIS2_PLACEMENT_3D('',#4835,#4836,#4837);
#4839=CIRCLE('',#4838,0.6);
#4840=EDGE_CURVE('',#4824,#4834,#4839,.T.);
#4841=ORIENTED_EDGE('',*,*,#4840,.T.);
#4842=CARTESIAN_POINT('',(-39.324725871,-17.9,-21.386281883));
#4843=DIRECTION('',(0.,1.,0.));
#4844=DIRECTION('',(0.,-0.,1.));
#4845=AXIS2_PLACEMENT_3D('',#4842,#4843,#4844);
#4846=CIRCLE('',#4845,0.6);
#4847=EDGE_CURVE('',#4834,#4824,#4846,.T.);
#4848=ORIENTED_EDGE('',*,*,#4847,.T.);
#4849=ORIENTED_EDGE('',*,*,#4831,.T.);
#4850=CARTESIAN_POINT('',(-39.324725871,-18.9,-20.786281883));
#4851=VERTEX_POINT('',#4850);
#4852=CARTESIAN_POINT('',(-39.324725871,-18.9,-21.386281883));
#4853=DIRECTION('',(0.,1.,0.));
#4854=DIRECTION('',(0.,-0.,1.));
#4855=AXIS2_PLACEMENT_3D('',#4852,#4853,#4854);
#4856=CIRCLE('',#4855,0.6);
#4857=EDGE_CURVE('',#4851,#4826,#4856,.T.);
#4858=ORIENTED_EDGE('',*,*,#4857,.F.);
#4859=CARTESIAN_POINT('',(-39.324725871,-18.9,-21.386281883));
#4860=DIRECTION('',(0.,1.,0.));
#4861=DIRECTION('',(0.,-0.,1.));
#4862=AXIS2_PLACEMENT_3D('',#4859,#4860,#4861);
#4863=CIRCLE('',#4862,0.6);
#4864=EDGE_CURVE('',#4826,#4851,#4863,.T.);
#4865=ORIENTED_EDGE('',*,*,#4864,.F.);
#4866=EDGE_LOOP('',(#4832,#4841,#4848,#4849,#4858,#4865));
#4867=FACE_BOUND('',#4866,.T.);
#4868=ADVANCED_FACE('',(#4867),#4822,.F.);
#4869=CARTESIAN_POINT('',(-40.215928403,-18.9,-22.929889948));
#4870=DIRECTION('',(0.,1.,0.));
#4871=DIRECTION('',(0.,0.,-1.));
#4872=AXIS2_PLACEMENT_3D('',#4869,#4870,#4871);
#4873=CYLINDRICAL_SURFACE('',#4872,0.6);
#4874=CARTESIAN_POINT('',(-40.215928403,-17.9,-23.529889948));
#4875=VERTEX_POINT('',#4874);
#4876=CARTESIAN_POINT('',(-40.215928403,-18.9,-23.529889948));
#4877=VERTEX_POINT('',#4876);
#4878=CARTESIAN_POINT('',(-40.215928403,-17.9,-23.529889948));
#4879=DIRECTION('',(-0.,-1.,-0.));
#4880=VECTOR('',#4879,1.);
#4881=LINE('',#4878,#4880);
#4882=EDGE_CURVE('',#4875,#4877,#4881,.T.);
#4883=ORIENTED_EDGE('',*,*,#4882,.F.);
#4884=CARTESIAN_POINT('',(-40.215928403,-17.9,-22.329889948));
#4885=VERTEX_POINT('',#4884);
#4886=CARTESIAN_POINT('',(-40.215928403,-17.9,-22.929889948));
#4887=DIRECTION('',(0.,1.,0.));
#4888=DIRECTION('',(0.,-0.,1.));
#4889=AXIS2_PLACEMENT_3D('',#4886,#4887,#4888);
#4890=CIRCLE('',#4889,0.6);
#4891=EDGE_CURVE('',#4875,#4885,#4890,.T.);
#4892=ORIENTED_EDGE('',*,*,#4891,.T.);
#4893=CARTESIAN_POINT('',(-40.215928403,-17.9,-22.929889948));
#4894=DIRECTION('',(0.,1.,0.));
#4895=DIRECTION('',(0.,-0.,1.));
#4896=AXIS2_PLACEMENT_3D('',#4893,#4894,#4895);
#4897=CIRCLE('',#4896,0.6);
#4898=EDGE_CURVE('',#4885,#4875,#4897,.T.);
#4899=ORIENTED_EDGE('',*,*,#4898,.T.);
#4900=ORIENTED_EDGE('',*,*,#4882,.T.);
#4901=CARTESIAN_POINT('',(-40.215928403,-18.9,-22.329889948));
#4902=VERTEX_POINT('',#4901);
#4903=CARTESIAN_POINT('',(-40.215928403,-18.9,-22.929889948));
#4904=DIRECTION('',(0.,1.,0.));
#4905=DIRECTION('',(0.,-0.,1.));
#4906=AXIS2_PLACEMENT_3D('',#4903,#4904,#4905);
#4907=CIRCLE('',#4906,0.6);
#4908=EDGE_CURVE('',#4902,#4877,#4907,.T.);
#4909=ORIENTED_EDGE('',*,*,#4908,.F.);
#4910=CARTESIAN_POINT('',(-40.215928403,-18.9,-22.929889948));
#4911=DIRECTION('',(0.,1.,0.));
#4912=DIRECTION('',(0.,-0.,1.));
#4913=AXIS2_PLACEMENT_3D('',#4910,#4911,#4912);
#4914=CIRCLE('',#4913,0.6);
#4915=EDGE_CURVE('',#4877,#4902,#4914,.T.);
#4916=ORIENTED_EDGE('',*,*,#4915,.F.);
#4917=EDGE_LOOP('',(#4883,#4892,#4899,#4900,#4909,#4916));
#4918=FACE_BOUND('',#4917,.T.);
#4919=ADVANCED_FACE('',(#4918),#4873,.F.);
#4920=CARTESIAN_POINT('',(-41.107130935,-18.9,-24.473498012));
#4921=DIRECTION('',(0.,1.,0.));
#4922=DIRECTION('',(0.,0.,-1.));
#4923=AXIS2_PLACEMENT_3D('',#4920,#4921,#4922);
#4924=CYLINDRICAL_SURFACE('',#4923,0.6);
#4925=CARTESIAN_POINT('',(-41.107130935,-17.9,-25.073498012));
#4926=VERTEX_POINT('',#4925);
#4927=CARTESIAN_POINT('',(-41.107130935,-18.9,-25.073498012));
#4928=VERTEX_POINT('',#4927);
#4929=CARTESIAN_POINT('',(-41.107130935,-17.9,-25.073498012));
#4930=DIRECTION('',(-0.,-1.,-0.));
#4931=VECTOR('',#4930,1.);
#4932=LINE('',#4929,#4931);
#4933=EDGE_CURVE('',#4926,#4928,#4932,.T.);
#4934=ORIENTED_EDGE('',*,*,#4933,.F.);
#4935=CARTESIAN_POINT('',(-41.107130935,-17.9,-23.873498012));
#4936=VERTEX_POINT('',#4935);
#4937=CARTESIAN_POINT('',(-41.107130935,-17.9,-24.473498012));
#4938=DIRECTION('',(0.,1.,0.));
#4939=DIRECTION('',(0.,-0.,1.));
#4940=AXIS2_PLACEMENT_3D('',#4937,#4938,#4939);
#4941=CIRCLE('',#4940,0.6);
#4942=EDGE_CURVE('',#4926,#4936,#4941,.T.);
#4943=ORIENTED_EDGE('',*,*,#4942,.T.);
#4944=CARTESIAN_POINT('',(-41.107130935,-17.9,-24.473498012));
#4945=DIRECTION('',(0.,1.,0.));
#4946=DIRECTION('',(0.,-0.,1.));
#4947=AXIS2_PLACEMENT_3D('',#4944,#4945,#4946);
#4948=CIRCLE('',#4947,0.6);
#4949=EDGE_CURVE('',#4936,#4926,#4948,.T.);
#4950=ORIENTED_EDGE('',*,*,#4949,.T.);
#4951=ORIENTED_EDGE('',*,*,#4933,.T.);
#4952=CARTESIAN_POINT('',(-41.107130935,-18.9,-23.873498012));
#4953=VERTEX_POINT('',#4952);
#4954=CARTESIAN_POINT('',(-41.107130935,-18.9,-24.473498012));
#4955=DIRECTION('',(0.,1.,0.));
#4956=DIRECTION('',(0.,-0.,1.));
#4957=AXIS2_PLACEMENT_3D('',#4954,#4955,#4956);
#4958=CIRCLE('',#4957,0.6);
#4959=EDGE_CURVE('',#4953,#4928,#4958,.T.);
#4960=ORIENTED_EDGE('',*,*,#4959,.F.);
#4961=CARTESIAN_POINT('',(-41.107130935,-18.9,-24.473498012));
#4962=DIRECTION('',(0.,1.,0.));
#4963=DIRECTION('',(0.,-0.,1.));
#4964=AXIS2_PLACEMENT_3D('',#4961,#4962,#4963);
#4965=CIRCLE('',#4964,0.6);
#4966=EDGE_CURVE('',#4928,#4953,#4965,.T.);
#4967=ORIENTED_EDGE('',*,*,#4966,.F.);
#4968=EDGE_LOOP('',(#4934,#4943,#4950,#4951,#4960,#4967));
#4969=FACE_BOUND('',#4968,.T.);
#4970=ADVANCED_FACE('',(#4969),#4924,.F.);
#4971=CARTESIAN_POINT('',(-41.998333466,-18.9,-26.017106077));
#4972=DIRECTION('',(0.,1.,0.));
#4973=DIRECTION('',(0.,0.,-1.));
#4974=AXIS2_PLACEMENT_3D('',#4971,#4972,#4973);
#4975=CYLINDRICAL_SURFACE('',#4974,0.6);
#4976=CARTESIAN_POINT('',(-41.998333466,-17.9,-26.617106077));
#4977=VERTEX_POINT('',#4976);
#4978=CARTESIAN_POINT('',(-41.998333466,-18.9,-26.617106077));
#4979=VERTEX_POINT('',#4978);
#4980=CARTESIAN_POINT('',(-41.998333466,-17.9,-26.617106077));
#4981=DIRECTION('',(-0.,-1.,-0.));
#4982=VECTOR('',#4981,1.);
#4983=LINE('',#4980,#4982);
#4984=EDGE_CURVE('',#4977,#4979,#4983,.T.);
#4985=ORIENTED_EDGE('',*,*,#4984,.F.);
#4986=CARTESIAN_POINT('',(-41.998333466,-17.9,-25.417106077));
#4987=VERTEX_POINT('',#4986);
#4988=CARTESIAN_POINT('',(-41.998333466,-17.9,-26.017106077));
#4989=DIRECTION('',(0.,1.,0.));
#4990=DIRECTION('',(0.,-0.,1.));
#4991=AXIS2_PLACEMENT_3D('',#4988,#4989,#4990);
#4992=CIRCLE('',#4991,0.6);
#4993=EDGE_CURVE('',#4977,#4987,#4992,.T.);
#4994=ORIENTED_EDGE('',*,*,#4993,.T.);
#4995=CARTESIAN_POINT('',(-41.998333466,-17.9,-26.017106077));
#4996=DIRECTION('',(0.,1.,0.));
#4997=DIRECTION('',(0.,-0.,1.));
#4998=AXIS2_PLACEMENT_3D('',#4995,#4996,#4997);
#4999=CIRCLE('',#4998,0.6);
#5000=EDGE_CURVE('',#4987,#4977,#4999,.T.);
#5001=ORIENTED_EDGE('',*,*,#5000,.T.);
#5002=ORIENTED_EDGE('',*,*,#4984,.T.);
#5003=CARTESIAN_POINT('',(-41.998333466,-18.9,-25.417106077));
#5004=VERTEX_POINT('',#5003);
#5005=CARTESIAN_POINT('',(-41.998333466,-18.9,-26.017106077));
#5006=DIRECTION('',(0.,1.,0.));
#5007=DIRECTION('',(0.,-0.,1.));
#5008=AXIS2_PLACEMENT_3D('',#5005,#5006,#5007);
#5009=CIRCLE('',#5008,0.6);
#5010=EDGE_CURVE('',#5004,#4979,#5009,.T.);
#5011=ORIENTED_EDGE('',*,*,#5010,.F.);
#5012=CARTESIAN_POINT('',(-41.998333466,-18.9,-26.017106077));
#5013=DIRECTION('',(0.,1.,0.));
#5014=DIRECTION('',(0.,-0.,1.));
#5015=AXIS2_PLACEMENT_3D('',#5012,#5013,#5014);
#5016=CIRCLE('',#5015,0.6);
#5017=EDGE_CURVE('',#4979,#5004,#5016,.T.);
#5018=ORIENTED_EDGE('',*,*,#5017,.F.);
#5019=EDGE_LOOP('',(#4985,#4994,#5001,#5002,#5011,#5018));
#5020=FACE_BOUND('',#5019,.T.);
#5021=ADVANCED_FACE('',(#5020),#4975,.F.);
#5022=CARTESIAN_POINT('',(40.940294609,-18.9,-33.710808461));
#5023=DIRECTION('',(0.,1.,0.));
#5024=DIRECTION('',(0.,0.,-1.));
#5025=AXIS2_PLACEMENT_3D('',#5022,#5023,#5024);
#5026=CYLINDRICAL_SURFACE('',#5025,0.6);
#5027=CARTESIAN_POINT('',(40.940294609,-17.9,-34.310808461));
#5028=VERTEX_POINT('',#5027);
#5029=CARTESIAN_POINT('',(40.940294609,-18.9,-34.310808461));
#5030=VERTEX_POINT('',#5029);
#5031=CARTESIAN_POINT('',(40.940294609,-17.9,-34.310808461));
#5032=DIRECTION('',(-0.,-1.,-0.));
#5033=VECTOR('',#5032,1.);
#5034=LINE('',#5031,#5033);
#5035=EDGE_CURVE('',#5028,#5030,#5034,.T.);
#5036=ORIENTED_EDGE('',*,*,#5035,.F.);
#5037=CARTESIAN_POINT('',(40.413704265,-17.9,-33.423227846));
#5038=VERTEX_POINT('',#5037);
#5039=CARTESIAN_POINT('',(40.940294609,-17.9,-33.710808461));
#5040=DIRECTION('',(0.,1.,0.));
#5041=DIRECTION('',(0.,-0.,1.));
#5042=AXIS2_PLACEMENT_3D('',#5039,#5040,#5041);
#5043=CIRCLE('',#5042,0.6);
#5044=EDGE_CURVE('',#5028,#5038,#5043,.T.);
#5045=ORIENTED_EDGE('',*,*,#5044,.T.);
#5046=CARTESIAN_POINT('',(40.469959703,-17.872216158,-33.33826977));
#5047=VERTEX_POINT('',#5046);
#5048=CARTESIAN_POINT('',(40.413704265,-17.9,-33.423227846));
#5049=CARTESIAN_POINT('',(40.429732031,-17.889542288,-33.393879322));
#5050=CARTESIAN_POINT('',(40.448366212,-17.880183645,-33.365531831));
#5051=CARTESIAN_POINT('',(40.469959703,-17.872216158,-33.33826977));
#5052=B_SPLINE_CURVE_WITH_KNOTS('',3,(#5048,#5049,#5050,#5051),.UNSPECIFIED.,.F.,.F.,(4,4),(0.001397246,0.00150263),.UNSPECIFIED.);
#5053=EDGE_CURVE('',#5038,#5047,#5052,.T.);
#5054=ORIENTED_EDGE('',*,*,#5053,.T.);
#5055=CARTESIAN_POINT('',(40.469959703,-18.9,-33.33826977));
#5056=VERTEX_POINT('',#5055);
#5057=CARTESIAN_POINT('',(40.469959703,-18.9,-33.33826977));
#5058=DIRECTION('',(0.,1.,0.));
#5059=VECTOR('',#5058,1.027783842);
#5060=LINE('',#5057,#5059);
#5061=EDGE_CURVE('',#5056,#5047,#5060,.T.);
#5062=ORIENTED_EDGE('',*,*,#5061,.F.);
#5063=CARTESIAN_POINT('',(40.940294609,-18.9,-33.710808461));
#5064=DIRECTION('',(0.,1.,0.));
#5065=DIRECTION('',(0.,-0.,1.));
#5066=AXIS2_PLACEMENT_3D('',#5063,#5064,#5065);
#5067=CIRCLE('',#5066,0.6);
#5068=EDGE_CURVE('',#5030,#5056,#5067,.T.);
#5069=ORIENTED_EDGE('',*,*,#5068,.F.);
#5070=EDGE_LOOP('',(#5036,#5045,#5054,#5062,#5069));
#5071=FACE_BOUND('',#5070,.T.);
#5072=ADVANCED_FACE('',(#5071),#5026,.F.);
#5073=CARTESIAN_POINT('',(41.078773761,-18.9,-34.650661388));
#5074=DIRECTION('',(0.,1.,0.));
#5075=DIRECTION('',(0.,0.,-1.));
#5076=AXIS2_PLACEMENT_3D('',#5073,#5074,#5075);
#5077=CYLINDRICAL_SURFACE('',#5076,0.35);
#5078=CARTESIAN_POINT('',(41.381882652,-18.9,-34.475661388));
#5079=VERTEX_POINT('',#5078);
#5080=CARTESIAN_POINT('',(41.381882652,-17.9,-34.475661388));
#5081=VERTEX_POINT('',#5080);
#5082=CARTESIAN_POINT('',(41.381882652,-18.9,-34.475661388));
#5083=DIRECTION('',(0.,1.,0.));
#5084=VECTOR('',#5083,1.);
#5085=LINE('',#5082,#5084);
#5086=EDGE_CURVE('',#5079,#5081,#5085,.T.);
#5087=ORIENTED_EDGE('',*,*,#5086,.T.);
#5088=CARTESIAN_POINT('',(41.027755126,-17.9,-34.304399783));
#5089=VERTEX_POINT('',#5088);
#5090=CARTESIAN_POINT('',(41.078773761,-17.9,-34.650661388));
#5091=DIRECTION('',(0.,1.,0.));
#5092=DIRECTION('',(0.,-0.,1.));
#5093=AXIS2_PLACEMENT_3D('',#5090,#5091,#5092);
#5094=CIRCLE('',#5093,0.35);
#5095=EDGE_CURVE('',#5089,#5081,#5094,.T.);
#5096=ORIENTED_EDGE('',*,*,#5095,.F.);
#5097=CARTESIAN_POINT('',(41.027755126,-18.9,-34.304399783));
#5098=VERTEX_POINT('',#5097);
#5099=CARTESIAN_POINT('',(41.027755126,-18.9,-34.304399783));
#5100=DIRECTION('',(0.,1.,0.));
#5101=VECTOR('',#5100,1.);
#5102=LINE('',#5099,#5101);
#5103=EDGE_CURVE('',#5098,#5089,#5102,.T.);
#5104=ORIENTED_EDGE('',*,*,#5103,.F.);
#5105=CARTESIAN_POINT('',(41.078773761,-18.9,-34.650661388));
#5106=DIRECTION('',(0.,1.,0.));
#5107=DIRECTION('',(0.,-0.,1.));
#5108=AXIS2_PLACEMENT_3D('',#5105,#5106,#5107);
#5109=CIRCLE('',#5108,0.35);
#5110=EDGE_CURVE('',#5098,#5079,#5109,.T.);
#5111=ORIENTED_EDGE('',*,*,#5110,.T.);
#5112=EDGE_LOOP('',(#5087,#5096,#5104,#5111));
#5113=FACE_BOUND('',#5112,.T.);
#5114=ADVANCED_FACE('',(#5113),#5077,.T.);
#5115=CARTESIAN_POINT('',(41.385895875,-18.9,-34.482612493));
#5116=DIRECTION('',(-0.866025404,0.,-0.5));
#5117=DIRECTION('',(-0.5,0.,0.866025404));
#5118=AXIS2_PLACEMENT_3D('',#5115,#5116,#5117);
#5119=PLANE('',#5118);
#5120=CARTESIAN_POINT('',(41.389909097,-18.9,-34.489563599));
#5121=VERTEX_POINT('',#5120);
#5122=CARTESIAN_POINT('',(41.389909097,-17.9,-34.489563599));
#5123=VERTEX_POINT('',#5122);
#5124=CARTESIAN_POINT('',(41.389909097,-18.9,-34.489563599));
#5125=DIRECTION('',(0.,1.,0.));
#5126=VECTOR('',#5125,1.);
#5127=LINE('',#5124,#5126);
#5128=EDGE_CURVE('',#5121,#5123,#5127,.T.);
#5129=ORIENTED_EDGE('',*,*,#5128,.T.);
#5130=CARTESIAN_POINT('',(41.381882652,-17.9,-34.475661388));
#5131=DIRECTION('',(0.5,0.,-0.866025404));
#5132=VECTOR('',#5131,0.01605289);
#5133=LINE('',#5130,#5132);
#5134=EDGE_CURVE('',#5081,#5123,#5133,.T.);
#5135=ORIENTED_EDGE('',*,*,#5134,.F.);
#5136=ORIENTED_EDGE('',*,*,#5086,.F.);
#5137=CARTESIAN_POINT('',(41.381882652,-18.9,-34.475661388));
#5138=DIRECTION('',(0.5,0.,-0.866025404));
#5139=VECTOR('',#5138,0.01605289);
#5140=LINE('',#5137,#5139);
#5141=EDGE_CURVE('',#5079,#5121,#5140,.T.);
#5142=ORIENTED_EDGE('',*,*,#5141,.T.);
#5143=EDGE_LOOP('',(#5129,#5135,#5136,#5142));
#5144=FACE_BOUND('',#5143,.T.);
#5145=ADVANCED_FACE('',(#5144),#5119,.F.);
#5146=CARTESIAN_POINT('',(41.086800206,-18.9,-34.664563599));
#5147=DIRECTION('',(0.,1.,0.));
#5148=DIRECTION('',(0.,0.,-1.));
#5149=AXIS2_PLACEMENT_3D('',#5146,#5147,#5148);
#5150=CYLINDRICAL_SURFACE('',#5149,0.35);
#5151=CARTESIAN_POINT('',(41.361162234,-17.9,-34.881877835));
#5152=VERTEX_POINT('',#5151);
#5153=CARTESIAN_POINT('',(41.086800206,-17.9,-34.664563599));
#5154=DIRECTION('',(0.,1.,0.));
#5155=DIRECTION('',(0.,-0.,1.));
#5156=AXIS2_PLACEMENT_3D('',#5153,#5154,#5155);
#5157=CIRCLE('',#5156,0.35);
#5158=EDGE_CURVE('',#5123,#5152,#5157,.T.);
#5159=ORIENTED_EDGE('',*,*,#5158,.F.);
#5160=ORIENTED_EDGE('',*,*,#5128,.F.);
#5161=CARTESIAN_POINT('',(41.361162234,-18.9,-34.881877835));
#5162=VERTEX_POINT('',#5161);
#5163=CARTESIAN_POINT('',(41.086800206,-18.9,-34.664563599));
#5164=DIRECTION('',(0.,1.,0.));
#5165=DIRECTION('',(0.,-0.,1.));
#5166=AXIS2_PLACEMENT_3D('',#5163,#5164,#5165);
#5167=CIRCLE('',#5166,0.35);
#5168=EDGE_CURVE('',#5121,#5162,#5167,.T.);
#5169=ORIENTED_EDGE('',*,*,#5168,.T.);
#5170=CARTESIAN_POINT('',(41.361162234,-18.9,-34.881877835));
#5171=DIRECTION('',(0.,1.,0.));
#5172=VECTOR('',#5171,1.);
#5173=LINE('',#5170,#5172);
#5174=EDGE_CURVE('',#5162,#5152,#5173,.T.);
#5175=ORIENTED_EDGE('',*,*,#5174,.T.);
#5176=EDGE_LOOP('',(#5159,#5160,#5169,#5175));
#5177=FACE_BOUND('',#5176,.T.);
#5178=ADVANCED_FACE('',(#5177),#5150,.T.);
#5179=CARTESIAN_POINT('',(41.83149714,-18.9,-35.254416526));
#5180=DIRECTION('',(0.,1.,0.));
#5181=DIRECTION('',(0.,0.,-1.));
#5182=AXIS2_PLACEMENT_3D('',#5179,#5180,#5181);
#5183=CYLINDRICAL_SURFACE('',#5182,0.6);
#5184=CARTESIAN_POINT('',(41.83149714,-17.9,-35.854416526));
#5185=VERTEX_POINT('',#5184);
#5186=CARTESIAN_POINT('',(41.83149714,-18.9,-35.854416526));
#5187=VERTEX_POINT('',#5186);
#5188=CARTESIAN_POINT('',(41.83149714,-17.9,-35.854416526));
#5189=DIRECTION('',(-0.,-1.,-0.));
#5190=VECTOR('',#5189,1.);
#5191=LINE('',#5188,#5190);
#5192=EDGE_CURVE('',#5185,#5187,#5191,.T.);
#5193=ORIENTED_EDGE('',*,*,#5192,.F.);
#5194=CARTESIAN_POINT('',(41.83149714,-17.9,-35.254416526));
#5195=DIRECTION('',(0.,1.,0.));
#5196=DIRECTION('',(0.,-0.,1.));
#5197=AXIS2_PLACEMENT_3D('',#5194,#5195,#5196);
#5198=CIRCLE('',#5197,0.6);
#5199=EDGE_CURVE('',#5185,#5152,#5198,.T.);
#5200=ORIENTED_EDGE('',*,*,#5199,.T.);
#5201=ORIENTED_EDGE('',*,*,#5174,.F.);
#5202=CARTESIAN_POINT('',(41.83149714,-18.9,-35.254416526));
#5203=DIRECTION('',(0.,1.,0.));
#5204=DIRECTION('',(0.,-0.,1.));
#5205=AXIS2_PLACEMENT_3D('',#5202,#5203,#5204);
#5206=CIRCLE('',#5205,0.6);
#5207=EDGE_CURVE('',#5187,#5162,#5206,.T.);
#5208=ORIENTED_EDGE('',*,*,#5207,.F.);
#5209=EDGE_LOOP('',(#5193,#5200,#5201,#5208));
#5210=FACE_BOUND('',#5209,.T.);
#5211=ADVANCED_FACE('',(#5210),#5183,.F.);
#5212=CARTESIAN_POINT('',(42.353071408,-18.9,-34.385199704));
#5213=DIRECTION('',(0.,1.,0.));
#5214=DIRECTION('',(0.,0.,-1.));
#5215=AXIS2_PLACEMENT_3D('',#5212,#5213,#5214);
#5216=CYLINDRICAL_SURFACE('',#5215,0.413695023);
#5217=CARTESIAN_POINT('',(42.140213819,-18.9,-34.739932306));
#5218=VERTEX_POINT('',#5217);
#5219=CARTESIAN_POINT('',(42.489888419,-18.9,-33.994783672));
#5220=VERTEX_POINT('',#5219);
#5221=CARTESIAN_POINT('',(42.353071408,-18.9,-34.385199704));
#5222=DIRECTION('',(0.,1.,0.));
#5223=DIRECTION('',(0.,-0.,1.));
#5224=AXIS2_PLACEMENT_3D('',#5221,#5222,#5223);
#5225=CIRCLE('',#5224,0.413695023);
#5226=EDGE_CURVE('',#5218,#5220,#5225,.T.);
#5227=ORIENTED_EDGE('',*,*,#5226,.T.);
#5228=CARTESIAN_POINT('',(42.489888419,-17.9,-33.994783672));
#5229=VERTEX_POINT('',#5228);
#5230=CARTESIAN_POINT('',(42.489888419,-18.9,-33.994783672));
#5231=DIRECTION('',(0.,1.,0.));
#5232=VECTOR('',#5231,1.);
#5233=LINE('',#5230,#5232);
#5234=EDGE_CURVE('',#5220,#5229,#5233,.T.);
#5235=ORIENTED_EDGE('',*,*,#5234,.T.);
#5236=CARTESIAN_POINT('',(42.140213819,-17.9,-34.739932306));
#5237=VERTEX_POINT('',#5236);
#5238=CARTESIAN_POINT('',(42.353071408,-17.9,-34.385199704));
#5239=DIRECTION('',(0.,1.,0.));
#5240=DIRECTION('',(0.,-0.,1.));
#5241=AXIS2_PLACEMENT_3D('',#5238,#5239,#5240);
#5242=CIRCLE('',#5241,0.413695023);
#5243=EDGE_CURVE('',#5237,#5229,#5242,.T.);
#5244=ORIENTED_EDGE('',*,*,#5243,.F.);
#5245=CARTESIAN_POINT('',(42.140213819,-18.9,-34.739932306));
#5246=DIRECTION('',(0.,1.,0.));
#5247=VECTOR('',#5246,1.);
#5248=LINE('',#5245,#5247);
#5249=EDGE_CURVE('',#5218,#5237,#5248,.T.);
#5250=ORIENTED_EDGE('',*,*,#5249,.F.);
#5251=EDGE_LOOP('',(#5227,#5235,#5244,#5250));
#5252=FACE_BOUND('',#5251,.T.);
#5253=ADVANCED_FACE('',(#5252),#5216,.T.);
#5254=CARTESIAN_POINT('',(44.505104735,-18.9,-39.88524072));
#5255=DIRECTION('',(0.,1.,0.));
#5256=DIRECTION('',(0.,0.,-1.));
#5257=AXIS2_PLACEMENT_3D('',#5254,#5255,#5256);
#5258=CYLINDRICAL_SURFACE('',#5257,0.6);
#5259=CARTESIAN_POINT('',(44.505104735,-17.9,-40.48524072));
#5260=VERTEX_POINT('',#5259);
#5261=CARTESIAN_POINT('',(44.505104735,-18.9,-40.48524072));
#5262=VERTEX_POINT('',#5261);
#5263=CARTESIAN_POINT('',(44.505104735,-17.9,-40.48524072));
#5264=DIRECTION('',(-0.,-1.,-0.));
#5265=VECTOR('',#5264,1.);
#5266=LINE('',#5263,#5265);
#5267=EDGE_CURVE('',#5260,#5262,#5266,.T.);
#5268=ORIENTED_EDGE('',*,*,#5267,.F.);
#5269=CARTESIAN_POINT('',(44.505104735,-17.9,-39.28524072));
#5270=VERTEX_POINT('',#5269);
#5271=CARTESIAN_POINT('',(44.505104735,-17.9,-39.88524072));
#5272=DIRECTION('',(0.,1.,0.));
#5273=DIRECTION('',(0.,-0.,1.));
#5274=AXIS2_PLACEMENT_3D('',#5271,#5272,#5273);
#5275=CIRCLE('',#5274,0.6);
#5276=EDGE_CURVE('',#5260,#5270,#5275,.T.);
#5277=ORIENTED_EDGE('',*,*,#5276,.T.);
#5278=CARTESIAN_POINT('',(44.505104735,-17.9,-39.88524072));
#5279=DIRECTION('',(0.,1.,0.));
#5280=DIRECTION('',(0.,-0.,1.));
#5281=AXIS2_PLACEMENT_3D('',#5278,#5279,#5280);
#5282=CIRCLE('',#5281,0.6);
#5283=EDGE_CURVE('',#5270,#5260,#5282,.T.);
#5284=ORIENTED_EDGE('',*,*,#5283,.T.);
#5285=ORIENTED_EDGE('',*,*,#5267,.T.);
#5286=CARTESIAN_POINT('',(44.505104735,-18.9,-39.28524072));
#5287=VERTEX_POINT('',#5286);
#5288=CARTESIAN_POINT('',(44.505104735,-18.9,-39.88524072));
#5289=DIRECTION('',(0.,1.,0.));
#5290=DIRECTION('',(0.,-0.,1.));
#5291=AXIS2_PLACEMENT_3D('',#5288,#5289,#5290);
#5292=CIRCLE('',#5291,0.6);
#5293=EDGE_CURVE('',#5287,#5262,#5292,.T.);
#5294=ORIENTED_EDGE('',*,*,#5293,.F.);
#5295=CARTESIAN_POINT('',(44.505104735,-18.9,-39.88524072));
#5296=DIRECTION('',(0.,1.,0.));
#5297=DIRECTION('',(0.,-0.,1.));
#5298=AXIS2_PLACEMENT_3D('',#5295,#5296,#5297);
#5299=CIRCLE('',#5298,0.6);
#5300=EDGE_CURVE('',#5262,#5287,#5299,.T.);
#5301=ORIENTED_EDGE('',*,*,#5300,.F.);
#5302=EDGE_LOOP('',(#5268,#5277,#5284,#5285,#5294,#5301));
#5303=FACE_BOUND('',#5302,.T.);
#5304=ADVANCED_FACE('',(#5303),#5258,.F.);
#5305=CARTESIAN_POINT('',(43.613902204,-18.9,-38.341632655));
#5306=DIRECTION('',(0.,1.,0.));
#5307=DIRECTION('',(0.,0.,-1.));
#5308=AXIS2_PLACEMENT_3D('',#5305,#5306,#5307);
#5309=CYLINDRICAL_SURFACE('',#5308,0.6);
#5310=CARTESIAN_POINT('',(43.613902204,-17.9,-38.941632655));
#5311=VERTEX_POINT('',#5310);
#5312=CARTESIAN_POINT('',(43.613902204,-18.9,-38.941632655));
#5313=VERTEX_POINT('',#5312);
#5314=CARTESIAN_POINT('',(43.613902204,-17.9,-38.941632655));
#5315=DIRECTION('',(-0.,-1.,-0.));
#5316=VECTOR('',#5315,1.);
#5317=LINE('',#5314,#5316);
#5318=EDGE_CURVE('',#5311,#5313,#5317,.T.);
#5319=ORIENTED_EDGE('',*,*,#5318,.F.);
#5320=CARTESIAN_POINT('',(43.613902204,-17.9,-37.741632655));
#5321=VERTEX_POINT('',#5320);
#5322=CARTESIAN_POINT('',(43.613902204,-17.9,-38.341632655));
#5323=DIRECTION('',(0.,1.,0.));
#5324=DIRECTION('',(0.,-0.,1.));
#5325=AXIS2_PLACEMENT_3D('',#5322,#5323,#5324);
#5326=CIRCLE('',#5325,0.6);
#5327=EDGE_CURVE('',#5311,#5321,#5326,.T.);
#5328=ORIENTED_EDGE('',*,*,#5327,.T.);
#5329=CARTESIAN_POINT('',(43.613902204,-17.9,-38.341632655));
#5330=DIRECTION('',(0.,1.,0.));
#5331=DIRECTION('',(0.,-0.,1.));
#5332=AXIS2_PLACEMENT_3D('',#5329,#5330,#5331);
#5333=CIRCLE('',#5332,0.6);
#5334=EDGE_CURVE('',#5321,#5311,#5333,.T.);
#5335=ORIENTED_EDGE('',*,*,#5334,.T.);
#5336=ORIENTED_EDGE('',*,*,#5318,.T.);
#5337=CARTESIAN_POINT('',(43.613902204,-18.9,-37.741632655));
#5338=VERTEX_POINT('',#5337);
#5339=CARTESIAN_POINT('',(43.613902204,-18.9,-38.341632655));
#5340=DIRECTION('',(0.,1.,0.));
#5341=DIRECTION('',(0.,-0.,1.));
#5342=AXIS2_PLACEMENT_3D('',#5339,#5340,#5341);
#5343=CIRCLE('',#5342,0.6);
#5344=EDGE_CURVE('',#5338,#5313,#5343,.T.);
#5345=ORIENTED_EDGE('',*,*,#5344,.F.);
#5346=CARTESIAN_POINT('',(43.613902204,-18.9,-38.341632655));
#5347=DIRECTION('',(0.,1.,0.));
#5348=DIRECTION('',(0.,-0.,1.));
#5349=AXIS2_PLACEMENT_3D('',#5346,#5347,#5348);
#5350=CIRCLE('',#5349,0.6);
#5351=EDGE_CURVE('',#5313,#5338,#5350,.T.);
#5352=ORIENTED_EDGE('',*,*,#5351,.F.);
#5353=EDGE_LOOP('',(#5319,#5328,#5335,#5336,#5345,#5352));
#5354=FACE_BOUND('',#5353,.T.);
#5355=ADVANCED_FACE('',(#5354),#5309,.F.);
#5356=CARTESIAN_POINT('',(42.722699672,-18.9,-36.79802459));
#5357=DIRECTION('',(0.,1.,0.));
#5358=DIRECTION('',(0.,0.,-1.));
#5359=AXIS2_PLACEMENT_3D('',#5356,#5357,#5358);
#5360=CYLINDRICAL_SURFACE('',#5359,0.6);
#5361=CARTESIAN_POINT('',(42.722699672,-17.9,-37.39802459));
#5362=VERTEX_POINT('',#5361);
#5363=CARTESIAN_POINT('',(42.722699672,-18.9,-37.39802459));
#5364=VERTEX_POINT('',#5363);
#5365=CARTESIAN_POINT('',(42.722699672,-17.9,-37.39802459));
#5366=DIRECTION('',(-0.,-1.,-0.));
#5367=VECTOR('',#5366,1.);
#5368=LINE('',#5365,#5367);
#5369=EDGE_CURVE('',#5362,#5364,#5368,.T.);
#5370=ORIENTED_EDGE('',*,*,#5369,.F.);
#5371=CARTESIAN_POINT('',(42.722699672,-17.9,-36.19802459));
#5372=VERTEX_POINT('',#5371);
#5373=CARTESIAN_POINT('',(42.722699672,-17.9,-36.79802459));
#5374=DIRECTION('',(0.,1.,0.));
#5375=DIRECTION('',(0.,-0.,1.));
#5376=AXIS2_PLACEMENT_3D('',#5373,#5374,#5375);
#5377=CIRCLE('',#5376,0.6);
#5378=EDGE_CURVE('',#5362,#5372,#5377,.T.);
#5379=ORIENTED_EDGE('',*,*,#5378,.T.);
#5380=CARTESIAN_POINT('',(42.722699672,-17.9,-36.79802459));
#5381=DIRECTION('',(0.,1.,0.));
#5382=DIRECTION('',(0.,-0.,1.));
#5383=AXIS2_PLACEMENT_3D('',#5380,#5381,#5382);
#5384=CIRCLE('',#5383,0.6);
#5385=EDGE_CURVE('',#5372,#5362,#5384,.T.);
#5386=ORIENTED_EDGE('',*,*,#5385,.T.);
#5387=ORIENTED_EDGE('',*,*,#5369,.T.);
#5388=CARTESIAN_POINT('',(42.722699672,-18.9,-36.19802459));
#5389=VERTEX_POINT('',#5388);
#5390=CARTESIAN_POINT('',(42.722699672,-18.9,-36.79802459));
#5391=DIRECTION('',(0.,1.,0.));
#5392=DIRECTION('',(0.,-0.,1.));
#5393=AXIS2_PLACEMENT_3D('',#5390,#5391,#5392);
#5394=CIRCLE('',#5393,0.6);
#5395=EDGE_CURVE('',#5389,#5364,#5394,.T.);
#5396=ORIENTED_EDGE('',*,*,#5395,.F.);
#5397=CARTESIAN_POINT('',(42.722699672,-18.9,-36.79802459));
#5398=DIRECTION('',(0.,1.,0.));
#5399=DIRECTION('',(0.,-0.,1.));
#5400=AXIS2_PLACEMENT_3D('',#5397,#5398,#5399);
#5401=CIRCLE('',#5400,0.6);
#5402=EDGE_CURVE('',#5364,#5389,#5401,.T.);
#5403=ORIENTED_EDGE('',*,*,#5402,.F.);
#5404=EDGE_LOOP('',(#5370,#5379,#5386,#5387,#5396,#5403));
#5405=FACE_BOUND('',#5404,.T.);
#5406=ADVANCED_FACE('',(#5405),#5360,.F.);
#5407=CARTESIAN_POINT('',(45.396307267,-18.9,-41.428848784));
#5408=DIRECTION('',(0.,1.,0.));
#5409=DIRECTION('',(0.,0.,-1.));
#5410=AXIS2_PLACEMENT_3D('',#5407,#5408,#5409);
#5411=CYLINDRICAL_SURFACE('',#5410,0.6);
#5412=CARTESIAN_POINT('',(45.396307267,-17.9,-42.028848784));
#5413=VERTEX_POINT('',#5412);
#5414=CARTESIAN_POINT('',(45.396307267,-18.9,-42.028848784));
#5415=VERTEX_POINT('',#5414);
#5416=CARTESIAN_POINT('',(45.396307267,-17.9,-42.028848784));
#5417=DIRECTION('',(-0.,-1.,-0.));
#5418=VECTOR('',#5417,1.);
#5419=LINE('',#5416,#5418);
#5420=EDGE_CURVE('',#5413,#5415,#5419,.T.);
#5421=ORIENTED_EDGE('',*,*,#5420,.F.);
#5422=CARTESIAN_POINT('',(45.396307267,-17.9,-40.828848784));
#5423=VERTEX_POINT('',#5422);
#5424=CARTESIAN_POINT('',(45.396307267,-17.9,-41.428848784));
#5425=DIRECTION('',(0.,1.,0.));
#5426=DIRECTION('',(0.,-0.,1.));
#5427=AXIS2_PLACEMENT_3D('',#5424,#5425,#5426);
#5428=CIRCLE('',#5427,0.6);
#5429=EDGE_CURVE('',#5413,#5423,#5428,.T.);
#5430=ORIENTED_EDGE('',*,*,#5429,.T.);
#5431=CARTESIAN_POINT('',(45.396307267,-17.9,-41.428848784));
#5432=DIRECTION('',(0.,1.,0.));
#5433=DIRECTION('',(0.,-0.,1.));
#5434=AXIS2_PLACEMENT_3D('',#5431,#5432,#5433);
#5435=CIRCLE('',#5434,0.6);
#5436=EDGE_CURVE('',#5423,#5413,#5435,.T.);
#5437=ORIENTED_EDGE('',*,*,#5436,.T.);
#5438=ORIENTED_EDGE('',*,*,#5420,.T.);
#5439=CARTESIAN_POINT('',(45.396307267,-18.9,-40.828848784));
#5440=VERTEX_POINT('',#5439);
#5441=CARTESIAN_POINT('',(45.396307267,-18.9,-41.428848784));
#5442=DIRECTION('',(0.,1.,0.));
#5443=DIRECTION('',(0.,-0.,1.));
#5444=AXIS2_PLACEMENT_3D('',#5441,#5442,#5443);
#5445=CIRCLE('',#5444,0.6);
#5446=EDGE_CURVE('',#5440,#5415,#5445,.T.);
#5447=ORIENTED_EDGE('',*,*,#5446,.F.);
#5448=CARTESIAN_POINT('',(45.396307267,-18.9,-41.428848784));
#5449=DIRECTION('',(0.,1.,0.));
#5450=DIRECTION('',(0.,-0.,1.));
#5451=AXIS2_PLACEMENT_3D('',#5448,#5449,#5450);
#5452=CIRCLE('',#5451,0.6);
#5453=EDGE_CURVE('',#5415,#5440,#5452,.T.);
#5454=ORIENTED_EDGE('',*,*,#5453,.F.);
#5455=EDGE_LOOP('',(#5421,#5430,#5437,#5438,#5447,#5454));
#5456=FACE_BOUND('',#5455,.T.);
#5457=ADVANCED_FACE('',(#5456),#5411,.F.);
#5458=CARTESIAN_POINT('',(32.028261697,-18.9,-18.27471466));
#5459=DIRECTION('',(0.,1.,0.));
#5460=DIRECTION('',(0.,0.,-1.));
#5461=AXIS2_PLACEMENT_3D('',#5458,#5459,#5460);
#5462=CYLINDRICAL_SURFACE('',#5461,0.6);
#5463=CARTESIAN_POINT('',(31.508650254,-17.9,-18.57472124));
#5464=VERTEX_POINT('',#5463);
#5465=CARTESIAN_POINT('',(31.459803014,-17.9,-18.46668117));
#5466=VERTEX_POINT('',#5465);
#5467=CARTESIAN_POINT('',(32.028261697,-17.9,-18.27471466));
#5468=DIRECTION('',(0.,1.,0.));
#5469=DIRECTION('',(0.,-0.,1.));
#5470=AXIS2_PLACEMENT_3D('',#5467,#5468,#5469);
#5471=CIRCLE('',#5470,0.6);
#5472=EDGE_CURVE('',#5464,#5466,#5471,.T.);
#5473=ORIENTED_EDGE('',*,*,#5472,.T.);
#5474=CARTESIAN_POINT('',(31.557926791,-17.587153124,-17.902175969));
#5475=VERTEX_POINT('',#5474);
#5476=CARTESIAN_POINT('',(31.459800217,-17.899999708,-18.466682224));
#5477=CARTESIAN_POINT('',(31.428987724,-17.843257135,-18.375438872));
#5478=CARTESIAN_POINT('',(31.420367949,-17.782905224,-18.276868905));
#5479=CARTESIAN_POINT('',(31.435718422,-17.72756735,-18.180414783));
#5480=CARTESIAN_POINT('',(31.443393659,-17.699898413,-18.132187721));
#5481=CARTESIAN_POINT('',(31.457321457,-17.672912585,-18.083351751));
#5482=CARTESIAN_POINT('',(31.477525772,-17.648978983,-18.036618165));
#5483=CARTESIAN_POINT('',(31.497730088,-17.625045381,-17.98988458));
#5484=CARTESIAN_POINT('',(31.523994783,-17.603956296,-17.945015568));
#5485=CARTESIAN_POINT('',(31.557926791,-17.587153124,-17.902175969));
#5486=B_SPLINE_CURVE_WITH_KNOTS('',3,(#5476,#5477,#5478,#5479,#5480,#5481,#5482,#5483,#5484,#5485),.UNSPECIFIED.,.F.,.F.,(4,3,3,4),(0.000135819,0.000471088,0.000638722,0.000806356),.UNSPECIFIED.);
#5487=EDGE_CURVE('',#5466,#5475,#5486,.T.);
#5488=ORIENTED_EDGE('',*,*,#5487,.T.);
#5489=CARTESIAN_POINT('',(31.557926791,-18.9,-17.902175969));
#5490=VERTEX_POINT('',#5489);
#5491=CARTESIAN_POINT('',(31.557926791,-18.9,-17.902175969));
#5492=DIRECTION('',(0.,1.,0.));
#5493=VECTOR('',#5492,1.312846876);
#5494=LINE('',#5491,#5493);
#5495=EDGE_CURVE('',#5490,#5475,#5494,.T.);
#5496=ORIENTED_EDGE('',*,*,#5495,.F.);
#5497=CARTESIAN_POINT('',(31.508650254,-18.9,-18.57472124));
#5498=VERTEX_POINT('',#5497);
#5499=CARTESIAN_POINT('',(32.028261697,-18.9,-18.27471466));
#5500=DIRECTION('',(0.,1.,0.));
#5501=DIRECTION('',(0.,-0.,1.));
#5502=AXIS2_PLACEMENT_3D('',#5499,#5500,#5501);
#5503=CIRCLE('',#5502,0.6);
#5504=EDGE_CURVE('',#5498,#5490,#5503,.T.);
#5505=ORIENTED_EDGE('',*,*,#5504,.F.);
#5506=CARTESIAN_POINT('',(31.508650254,-18.9,-18.57472124));
#5507=DIRECTION('',(0.,1.,0.));
#5508=VECTOR('',#5507,1.);
#5509=LINE('',#5506,#5508);
#5510=EDGE_CURVE('',#5498,#5464,#5509,.T.);
#5511=ORIENTED_EDGE('',*,*,#5510,.T.);
#5512=EDGE_LOOP('',(#5473,#5488,#5496,#5505,#5511));
#5513=FACE_BOUND('',#5512,.T.);
#5514=ADVANCED_FACE('',(#5513),#5462,.F.);
#5515=CARTESIAN_POINT('',(32.028269292,-18.9,-18.274727815));
#5516=DIRECTION('',(0.,1.,0.));
#5517=DIRECTION('',(0.,0.,-1.));
#5518=AXIS2_PLACEMENT_3D('',#5515,#5516,#5517);
#5519=CYLINDRICAL_SURFACE('',#5518,0.6);
#5520=CARTESIAN_POINT('',(32.028269292,-17.9,-18.874727815));
#5521=VERTEX_POINT('',#5520);
#5522=CARTESIAN_POINT('',(32.028269292,-18.9,-18.874727815));
#5523=VERTEX_POINT('',#5522);
#5524=CARTESIAN_POINT('',(32.028269292,-17.9,-18.874727815));
#5525=DIRECTION('',(-0.,-1.,-0.));
#5526=VECTOR('',#5525,1.);
#5527=LINE('',#5524,#5526);
#5528=EDGE_CURVE('',#5521,#5523,#5527,.T.);
#5529=ORIENTED_EDGE('',*,*,#5528,.F.);
#5530=CARTESIAN_POINT('',(32.028269292,-17.9,-18.274727815));
#5531=DIRECTION('',(0.,1.,0.));
#5532=DIRECTION('',(0.,-0.,1.));
#5533=AXIS2_PLACEMENT_3D('',#5530,#5531,#5532);
#5534=CIRCLE('',#5533,0.6);
#5535=EDGE_CURVE('',#5521,#5464,#5534,.T.);
#5536=ORIENTED_EDGE('',*,*,#5535,.T.);
#5537=ORIENTED_EDGE('',*,*,#5510,.F.);
#5538=CARTESIAN_POINT('',(32.028269292,-18.9,-18.274727815));
#5539=DIRECTION('',(0.,1.,0.));
#5540=DIRECTION('',(0.,-0.,1.));
#5541=AXIS2_PLACEMENT_3D('',#5538,#5539,#5540);
#5542=CIRCLE('',#5541,0.6);
#5543=EDGE_CURVE('',#5523,#5498,#5542,.T.);
#5544=ORIENTED_EDGE('',*,*,#5543,.F.);
#5545=EDGE_LOOP('',(#5529,#5536,#5537,#5544));
#5546=FACE_BOUND('',#5545,.T.);
#5547=ADVANCED_FACE('',(#5546),#5519,.F.);
#5548=CARTESIAN_POINT('',(32.166748444,-18.9,-19.214580742));
#5549=DIRECTION('',(0.,1.,0.));
#5550=DIRECTION('',(0.,0.,-1.));
#5551=AXIS2_PLACEMENT_3D('',#5548,#5549,#5550);
#5552=CYLINDRICAL_SURFACE('',#5551,0.35);
#5553=CARTESIAN_POINT('',(32.469857336,-18.9,-19.039580742));
#5554=VERTEX_POINT('',#5553);
#5555=CARTESIAN_POINT('',(32.469857336,-17.9,-19.039580742));
#5556=VERTEX_POINT('',#5555);
#5557=CARTESIAN_POINT('',(32.469857336,-18.9,-19.039580742));
#5558=DIRECTION('',(0.,1.,0.));
#5559=VECTOR('',#5558,1.);
#5560=LINE('',#5557,#5559);
#5561=EDGE_CURVE('',#5554,#5556,#5560,.T.);
#5562=ORIENTED_EDGE('',*,*,#5561,.T.);
#5563=CARTESIAN_POINT('',(32.115729809,-17.9,-18.868319137));
#5564=VERTEX_POINT('',#5563);
#5565=CARTESIAN_POINT('',(32.166748444,-17.9,-19.214580742));
#5566=DIRECTION('',(0.,1.,0.));
#5567=DIRECTION('',(0.,-0.,1.));
#5568=AXIS2_PLACEMENT_3D('',#5565,#5566,#5567);
#5569=CIRCLE('',#5568,0.35);
#5570=EDGE_CURVE('',#5564,#5556,#5569,.T.);
#5571=ORIENTED_EDGE('',*,*,#5570,.F.);
#5572=CARTESIAN_POINT('',(32.115729809,-18.9,-18.868319137));
#5573=VERTEX_POINT('',#5572);
#5574=CARTESIAN_POINT('',(32.115729809,-18.9,-18.868319137));
#5575=DIRECTION('',(0.,1.,0.));
#5576=VECTOR('',#5575,1.);
#5577=LINE('',#5574,#5576);
#5578=EDGE_CURVE('',#5573,#5564,#5577,.T.);
#5579=ORIENTED_EDGE('',*,*,#5578,.F.);
#5580=CARTESIAN_POINT('',(32.166748444,-18.9,-19.214580742));
#5581=DIRECTION('',(0.,1.,0.));
#5582=DIRECTION('',(0.,-0.,1.));
#5583=AXIS2_PLACEMENT_3D('',#5580,#5581,#5582);
#5584=CIRCLE('',#5583,0.35);
#5585=EDGE_CURVE('',#5573,#5554,#5584,.T.);
#5586=ORIENTED_EDGE('',*,*,#5585,.T.);
#5587=EDGE_LOOP('',(#5562,#5571,#5579,#5586));
#5588=FACE_BOUND('',#5587,.T.);
#5589=ADVANCED_FACE('',(#5588),#5552,.T.);
#5590=CARTESIAN_POINT('',(32.473870558,-18.9,-19.046531847));
#5591=DIRECTION('',(-0.866025404,0.,-0.5));
#5592=DIRECTION('',(-0.5,0.,0.866025404));
#5593=AXIS2_PLACEMENT_3D('',#5590,#5591,#5592);
#5594=PLANE('',#5593);
#5595=CARTESIAN_POINT('',(32.477883781,-18.9,-19.053482952));
#5596=VERTEX_POINT('',#5595);
#5597=CARTESIAN_POINT('',(32.477883781,-17.9,-19.053482952));
#5598=VERTEX_POINT('',#5597);
#5599=CARTESIAN_POINT('',(32.477883781,-18.9,-19.053482952));
#5600=DIRECTION('',(0.,1.,0.));
#5601=VECTOR('',#5600,1.);
#5602=LINE('',#5599,#5601);
#5603=EDGE_CURVE('',#5596,#5598,#5602,.T.);
#5604=ORIENTED_EDGE('',*,*,#5603,.T.);
#5605=CARTESIAN_POINT('',(32.469857336,-17.9,-19.039580742));
#5606=DIRECTION('',(0.5,0.,-0.866025404));
#5607=VECTOR('',#5606,0.01605289);
#5608=LINE('',#5605,#5607);
#5609=EDGE_CURVE('',#5556,#5598,#5608,.T.);
#5610=ORIENTED_EDGE('',*,*,#5609,.F.);
#5611=ORIENTED_EDGE('',*,*,#5561,.F.);
#5612=CARTESIAN_POINT('',(32.469857336,-18.9,-19.039580742));
#5613=DIRECTION('',(0.5,0.,-0.866025404));
#5614=VECTOR('',#5613,0.01605289);
#5615=LINE('',#5612,#5614);
#5616=EDGE_CURVE('',#5554,#5596,#5615,.T.);
#5617=ORIENTED_EDGE('',*,*,#5616,.T.);
#5618=EDGE_LOOP('',(#5604,#5610,#5611,#5617));
#5619=FACE_BOUND('',#5618,.T.);
#5620=ADVANCED_FACE('',(#5619),#5594,.F.);
#5621=CARTESIAN_POINT('',(32.174774889,-18.9,-19.228482952));
#5622=DIRECTION('',(0.,1.,0.));
#5623=DIRECTION('',(0.,0.,-1.));
#5624=AXIS2_PLACEMENT_3D('',#5621,#5622,#5623);
#5625=CYLINDRICAL_SURFACE('',#5624,0.35);
#5626=CARTESIAN_POINT('',(32.449136918,-17.9,-19.445797189));
#5627=VERTEX_POINT('',#5626);
#5628=CARTESIAN_POINT('',(32.174774889,-17.9,-19.228482952));
#5629=DIRECTION('',(0.,1.,0.));
#5630=DIRECTION('',(0.,-0.,1.));
#5631=AXIS2_PLACEMENT_3D('',#5628,#5629,#5630);
#5632=CIRCLE('',#5631,0.35);
#5633=EDGE_CURVE('',#5598,#5627,#5632,.T.);
#5634=ORIENTED_EDGE('',*,*,#5633,.F.);
#5635=ORIENTED_EDGE('',*,*,#5603,.F.);
#5636=CARTESIAN_POINT('',(32.449136918,-18.9,-19.445797189));
#5637=VERTEX_POINT('',#5636);
#5638=CARTESIAN_POINT('',(32.174774889,-18.9,-19.228482952));
#5639=DIRECTION('',(0.,1.,0.));
#5640=DIRECTION('',(0.,-0.,1.));
#5641=AXIS2_PLACEMENT_3D('',#5638,#5639,#5640);
#5642=CIRCLE('',#5641,0.35);
#5643=EDGE_CURVE('',#5596,#5637,#5642,.T.);
#5644=ORIENTED_EDGE('',*,*,#5643,.T.);
#5645=CARTESIAN_POINT('',(32.449136918,-18.9,-19.445797189));
#5646=DIRECTION('',(0.,1.,0.));
#5647=VECTOR('',#5646,1.);
#5648=LINE('',#5645,#5647);
#5649=EDGE_CURVE('',#5637,#5627,#5648,.T.);
#5650=ORIENTED_EDGE('',*,*,#5649,.T.);
#5651=EDGE_LOOP('',(#5634,#5635,#5644,#5650));
#5652=FACE_BOUND('',#5651,.T.);
#5653=ADVANCED_FACE('',(#5652),#5625,.T.);
#5654=CARTESIAN_POINT('',(32.919471824,-18.9,-19.818335879));
#5655=DIRECTION('',(0.,1.,0.));
#5656=DIRECTION('',(0.,0.,-1.));
#5657=AXIS2_PLACEMENT_3D('',#5654,#5655,#5656);
#5658=CYLINDRICAL_SURFACE('',#5657,0.6);
#5659=CARTESIAN_POINT('',(32.919471824,-17.9,-20.418335879));
#5660=VERTEX_POINT('',#5659);
#5661=CARTESIAN_POINT('',(32.919471824,-18.9,-20.418335879));
#5662=VERTEX_POINT('',#5661);
#5663=CARTESIAN_POINT('',(32.919471824,-17.9,-20.418335879));
#5664=DIRECTION('',(-0.,-1.,-0.));
#5665=VECTOR('',#5664,1.);
#5666=LINE('',#5663,#5665);
#5667=EDGE_CURVE('',#5660,#5662,#5666,.T.);
#5668=ORIENTED_EDGE('',*,*,#5667,.F.);
#5669=CARTESIAN_POINT('',(32.919471824,-17.9,-19.818335879));
#5670=DIRECTION('',(0.,1.,0.));
#5671=DIRECTION('',(0.,-0.,1.));
#5672=AXIS2_PLACEMENT_3D('',#5669,#5670,#5671);
#5673=CIRCLE('',#5672,0.6);
#5674=EDGE_CURVE('',#5660,#5627,#5673,.T.);
#5675=ORIENTED_EDGE('',*,*,#5674,.T.);
#5676=ORIENTED_EDGE('',*,*,#5649,.F.);
#5677=CARTESIAN_POINT('',(32.919471824,-18.9,-19.818335879));
#5678=DIRECTION('',(0.,1.,0.));
#5679=DIRECTION('',(0.,-0.,1.));
#5680=AXIS2_PLACEMENT_3D('',#5677,#5678,#5679);
#5681=CIRCLE('',#5680,0.6);
#5682=EDGE_CURVE('',#5662,#5637,#5681,.T.);
#5683=ORIENTED_EDGE('',*,*,#5682,.F.);
#5684=EDGE_LOOP('',(#5668,#5675,#5676,#5683));
#5685=FACE_BOUND('',#5684,.T.);
#5686=ADVANCED_FACE('',(#5685),#5658,.F.);
#5687=CARTESIAN_POINT('',(33.691210822,-18.9,-19.260043271));
#5688=DIRECTION('',(0.,1.,0.));
#5689=DIRECTION('',(0.,0.,-1.));
#5690=AXIS2_PLACEMENT_3D('',#5687,#5688,#5689);
#5691=CYLINDRICAL_SURFACE('',#5690,0.352508119);
#5692=CARTESIAN_POINT('',(33.405602482,-18.9,-19.466658494));
#5693=VERTEX_POINT('',#5692);
#5694=CARTESIAN_POINT('',(33.786903878,-18.9,-18.920772269));
#5695=VERTEX_POINT('',#5694);
#5696=CARTESIAN_POINT('',(33.691210822,-18.9,-19.260043271));
#5697=DIRECTION('',(0.,1.,0.));
#5698=DIRECTION('',(0.,-0.,1.));
#5699=AXIS2_PLACEMENT_3D('',#5696,#5697,#5698);
#5700=CIRCLE('',#5699,0.352508119);
#5701=EDGE_CURVE('',#5693,#5695,#5700,.T.);
#5702=ORIENTED_EDGE('',*,*,#5701,.T.);
#5703=CARTESIAN_POINT('',(33.786903878,-17.9,-18.920772269));
#5704=VERTEX_POINT('',#5703);
#5705=CARTESIAN_POINT('',(33.786903878,-18.9,-18.920772269));
#5706=DIRECTION('',(0.,1.,0.));
#5707=VECTOR('',#5706,1.);
#5708=LINE('',#5705,#5707);
#5709=EDGE_CURVE('',#5695,#5704,#5708,.T.);
#5710=ORIENTED_EDGE('',*,*,#5709,.T.);
#5711=CARTESIAN_POINT('',(33.405602482,-17.9,-19.466658494));
#5712=VERTEX_POINT('',#5711);
#5713=CARTESIAN_POINT('',(33.691210822,-17.9,-19.260043271));
#5714=DIRECTION('',(0.,1.,0.));
#5715=DIRECTION('',(0.,-0.,1.));
#5716=AXIS2_PLACEMENT_3D('',#5713,#5714,#5715);
#5717=CIRCLE('',#5716,0.352508119);
#5718=EDGE_CURVE('',#5712,#5704,#5717,.T.);
#5719=ORIENTED_EDGE('',*,*,#5718,.F.);
#5720=CARTESIAN_POINT('',(33.405602482,-18.9,-19.466658494));
#5721=DIRECTION('',(0.,1.,0.));
#5722=VECTOR('',#5721,1.);
#5723=LINE('',#5720,#5722);
#5724=EDGE_CURVE('',#5693,#5712,#5723,.T.);
#5725=ORIENTED_EDGE('',*,*,#5724,.F.);
#5726=EDGE_LOOP('',(#5702,#5710,#5719,#5725));
#5727=FACE_BOUND('',#5726,.T.);
#5728=ADVANCED_FACE('',(#5727),#5691,.T.);
#5729=CARTESIAN_POINT('',(38.156776119,-18.9,-26.992977342));
#5730=DIRECTION('',(0.,1.,0.));
#5731=DIRECTION('',(0.,0.,-1.));
#5732=AXIS2_PLACEMENT_3D('',#5729,#5730,#5731);
#5733=CYLINDRICAL_SURFACE('',#5732,0.351682165);
#5734=CARTESIAN_POINT('',(38.156776119,-17.9,-27.344659507));
#5735=VERTEX_POINT('',#5734);
#5736=CARTESIAN_POINT('',(38.156776119,-18.9,-27.344659507));
#5737=VERTEX_POINT('',#5736);
#5738=CARTESIAN_POINT('',(38.156776119,-17.9,-27.344659507));
#5739=DIRECTION('',(-0.,-1.,-0.));
#5740=VECTOR('',#5739,1.);
#5741=LINE('',#5738,#5740);
#5742=EDGE_CURVE('',#5735,#5737,#5741,.T.);
#5743=ORIENTED_EDGE('',*,*,#5742,.T.);
#5744=CARTESIAN_POINT('',(37.868059629,-18.9,-27.193783551));
#5745=VERTEX_POINT('',#5744);
#5746=CARTESIAN_POINT('',(38.156776119,-18.9,-26.992977342));
#5747=DIRECTION('',(0.,1.,0.));
#5748=DIRECTION('',(0.,-0.,1.));
#5749=AXIS2_PLACEMENT_3D('',#5746,#5747,#5748);
#5750=CIRCLE('',#5749,0.351682165);
#5751=EDGE_CURVE('',#5737,#5745,#5750,.T.);
#5752=ORIENTED_EDGE('',*,*,#5751,.T.);
#5753=CARTESIAN_POINT('',(37.868059629,-17.9,-27.193783551));
#5754=VERTEX_POINT('',#5753);
#5755=CARTESIAN_POINT('',(37.868059629,-18.9,-27.193783551));
#5756=DIRECTION('',(0.,1.,0.));
#5757=VECTOR('',#5756,1.);
#5758=LINE('',#5755,#5757);
#5759=EDGE_CURVE('',#5745,#5754,#5758,.T.);
#5760=ORIENTED_EDGE('',*,*,#5759,.T.);
#5761=CARTESIAN_POINT('',(38.156776119,-17.9,-26.992977342));
#5762=DIRECTION('',(0.,1.,0.));
#5763=DIRECTION('',(0.,-0.,1.));
#5764=AXIS2_PLACEMENT_3D('',#5761,#5762,#5763);
#5765=CIRCLE('',#5764,0.351682165);
#5766=EDGE_CURVE('',#5735,#5754,#5765,.T.);
#5767=ORIENTED_EDGE('',*,*,#5766,.F.);
#5768=EDGE_LOOP('',(#5743,#5752,#5760,#5767));
#5769=FACE_BOUND('',#5768,.T.);
#5770=ADVANCED_FACE('',(#5769),#5733,.T.);
#5771=CARTESIAN_POINT('',(37.375484482,-18.9,-27.536376203));
#5772=DIRECTION('',(0.,1.,0.));
#5773=DIRECTION('',(0.,0.,-1.));
#5774=AXIS2_PLACEMENT_3D('',#5771,#5772,#5773);
#5775=CYLINDRICAL_SURFACE('',#5774,0.6);
#5776=CARTESIAN_POINT('',(37.375484482,-17.9,-28.136376203));
#5777=VERTEX_POINT('',#5776);
#5778=CARTESIAN_POINT('',(37.375484482,-18.9,-28.136376203));
#5779=VERTEX_POINT('',#5778);
#5780=CARTESIAN_POINT('',(37.375484482,-17.9,-28.136376203));
#5781=DIRECTION('',(-0.,-1.,-0.));
#5782=VECTOR('',#5781,1.);
#5783=LINE('',#5780,#5782);
#5784=EDGE_CURVE('',#5777,#5779,#5783,.T.);
#5785=ORIENTED_EDGE('',*,*,#5784,.F.);
#5786=CARTESIAN_POINT('',(37.375484482,-17.9,-27.536376203));
#5787=DIRECTION('',(0.,1.,0.));
#5788=DIRECTION('',(0.,-0.,1.));
#5789=AXIS2_PLACEMENT_3D('',#5786,#5787,#5788);
#5790=CIRCLE('',#5789,0.6);
#5791=EDGE_CURVE('',#5777,#5754,#5790,.T.);
#5792=ORIENTED_EDGE('',*,*,#5791,.T.);
#5793=ORIENTED_EDGE('',*,*,#5759,.F.);
#5794=CARTESIAN_POINT('',(37.375484482,-18.9,-27.536376203));
#5795=DIRECTION('',(0.,1.,0.));
#5796=DIRECTION('',(0.,-0.,1.));
#5797=AXIS2_PLACEMENT_3D('',#5794,#5795,#5796);
#5798=CIRCLE('',#5797,0.6);
#5799=EDGE_CURVE('',#5779,#5745,#5798,.T.);
#5800=ORIENTED_EDGE('',*,*,#5799,.F.);
#5801=EDGE_LOOP('',(#5785,#5792,#5793,#5800));
#5802=FACE_BOUND('',#5801,.T.);
#5803=ADVANCED_FACE('',(#5802),#5775,.F.);
#5804=CARTESIAN_POINT('',(37.513963634,-18.9,-28.47622913));
#5805=DIRECTION('',(0.,1.,0.));
#5806=DIRECTION('',(0.,0.,-1.));
#5807=AXIS2_PLACEMENT_3D('',#5804,#5805,#5806);
#5808=CYLINDRICAL_SURFACE('',#5807,0.35);
#5809=CARTESIAN_POINT('',(37.817072526,-18.9,-28.30122913));
#5810=VERTEX_POINT('',#5809);
#5811=CARTESIAN_POINT('',(37.817072526,-17.9,-28.30122913));
#5812=VERTEX_POINT('',#5811);
#5813=CARTESIAN_POINT('',(37.817072526,-18.9,-28.30122913));
#5814=DIRECTION('',(0.,1.,0.));
#5815=VECTOR('',#5814,1.);
#5816=LINE('',#5813,#5815);
#5817=EDGE_CURVE('',#5810,#5812,#5816,.T.);
#5818=ORIENTED_EDGE('',*,*,#5817,.T.);
#5819=CARTESIAN_POINT('',(37.462944999,-17.9,-28.129967525));
#5820=VERTEX_POINT('',#5819);
#5821=CARTESIAN_POINT('',(37.513963634,-17.9,-28.47622913));
#5822=DIRECTION('',(0.,1.,0.));
#5823=DIRECTION('',(0.,-0.,1.));
#5824=AXIS2_PLACEMENT_3D('',#5821,#5822,#5823);
#5825=CIRCLE('',#5824,0.35);
#5826=EDGE_CURVE('',#5820,#5812,#5825,.T.);
#5827=ORIENTED_EDGE('',*,*,#5826,.F.);
#5828=CARTESIAN_POINT('',(37.462944999,-18.9,-28.129967525));
#5829=VERTEX_POINT('',#5828);
#5830=CARTESIAN_POINT('',(37.462944999,-18.9,-28.129967525));
#5831=DIRECTION('',(0.,1.,0.));
#5832=VECTOR('',#5831,1.);
#5833=LINE('',#5830,#5832);
#5834=EDGE_CURVE('',#5829,#5820,#5833,.T.);
#5835=ORIENTED_EDGE('',*,*,#5834,.F.);
#5836=CARTESIAN_POINT('',(37.513963634,-18.9,-28.47622913));
#5837=DIRECTION('',(0.,1.,0.));
#5838=DIRECTION('',(0.,-0.,1.));
#5839=AXIS2_PLACEMENT_3D('',#5836,#5837,#5838);
#5840=CIRCLE('',#5839,0.35);
#5841=EDGE_CURVE('',#5829,#5810,#5840,.T.);
#5842=ORIENTED_EDGE('',*,*,#5841,.T.);
#5843=EDGE_LOOP('',(#5818,#5827,#5835,#5842));
#5844=FACE_BOUND('',#5843,.T.);
#5845=ADVANCED_FACE('',(#5844),#5808,.T.);
#5846=CARTESIAN_POINT('',(37.821085748,-18.9,-28.308180235));
#5847=DIRECTION('',(-0.866025404,0.,-0.5));
#5848=DIRECTION('',(-0.5,0.,0.866025404));
#5849=AXIS2_PLACEMENT_3D('',#5846,#5847,#5848);
#5850=PLANE('',#5849);
#5851=CARTESIAN_POINT('',(37.825098971,-18.9,-28.31513134));
#5852=VERTEX_POINT('',#5851);
#5853=CARTESIAN_POINT('',(37.825098971,-17.9,-28.31513134));
#5854=VERTEX_POINT('',#5853);
#5855=CARTESIAN_POINT('',(37.825098971,-18.9,-28.31513134));
#5856=DIRECTION('',(0.,1.,0.));
#5857=VECTOR('',#5856,1.);
#5858=LINE('',#5855,#5857);
#5859=EDGE_CURVE('',#5852,#5854,#5858,.T.);
#5860=ORIENTED_EDGE('',*,*,#5859,.T.);
#5861=CARTESIAN_POINT('',(37.817072526,-17.9,-28.30122913));
#5862=DIRECTION('',(0.5,0.,-0.866025404));
#5863=VECTOR('',#5862,0.01605289);
#5864=LINE('',#5861,#5863);
#5865=EDGE_CURVE('',#5812,#5854,#5864,.T.);
#5866=ORIENTED_EDGE('',*,*,#5865,.F.);
#5867=ORIENTED_EDGE('',*,*,#5817,.F.);
#5868=CARTESIAN_POINT('',(37.817072526,-18.9,-28.30122913));
#5869=DIRECTION('',(0.5,0.,-0.866025404));
#5870=VECTOR('',#5869,0.01605289);
#5871=LINE('',#5868,#5870);
#5872=EDGE_CURVE('',#5810,#5852,#5871,.T.);
#5873=ORIENTED_EDGE('',*,*,#5872,.T.);
#5874=EDGE_LOOP('',(#5860,#5866,#5867,#5873));
#5875=FACE_BOUND('',#5874,.T.);
#5876=ADVANCED_FACE('',(#5875),#5850,.F.);
#5877=CARTESIAN_POINT('',(37.521990079,-18.9,-28.49013134));
#5878=DIRECTION('',(0.,1.,0.));
#5879=DIRECTION('',(0.,0.,-1.));
#5880=AXIS2_PLACEMENT_3D('',#5877,#5878,#5879);
#5881=CYLINDRICAL_SURFACE('',#5880,0.35);
#5882=CARTESIAN_POINT('',(37.796352108,-18.9,-28.707445576));
#5883=VERTEX_POINT('',#5882);
#5884=CARTESIAN_POINT('',(37.796352108,-17.9,-28.707445576));
#5885=VERTEX_POINT('',#5884);
#5886=CARTESIAN_POINT('',(37.796352108,-18.9,-28.707445576));
#5887=DIRECTION('',(0.,1.,0.));
#5888=VECTOR('',#5887,1.);
#5889=LINE('',#5886,#5888);
#5890=EDGE_CURVE('',#5883,#5885,#5889,.T.);
#5891=ORIENTED_EDGE('',*,*,#5890,.T.);
#5892=CARTESIAN_POINT('',(37.521990079,-17.9,-28.49013134));
#5893=DIRECTION('',(0.,1.,0.));
#5894=DIRECTION('',(0.,-0.,1.));
#5895=AXIS2_PLACEMENT_3D('',#5892,#5893,#5894);
#5896=CIRCLE('',#5895,0.35);
#5897=EDGE_CURVE('',#5854,#5885,#5896,.T.);
#5898=ORIENTED_EDGE('',*,*,#5897,.F.);
#5899=ORIENTED_EDGE('',*,*,#5859,.F.);
#5900=CARTESIAN_POINT('',(37.521990079,-18.9,-28.49013134));
#5901=DIRECTION('',(0.,1.,0.));
#5902=DIRECTION('',(0.,-0.,1.));
#5903=AXIS2_PLACEMENT_3D('',#5900,#5901,#5902);
#5904=CIRCLE('',#5903,0.35);
#5905=EDGE_CURVE('',#5852,#5883,#5904,.T.);
#5906=ORIENTED_EDGE('',*,*,#5905,.T.);
#5907=EDGE_LOOP('',(#5891,#5898,#5899,#5906));
#5908=FACE_BOUND('',#5907,.T.);
#5909=ADVANCED_FACE('',(#5908),#5881,.T.);
#5910=CARTESIAN_POINT('',(38.266687014,-18.9,-29.079984267));
#5911=DIRECTION('',(0.,1.,0.));
#5912=DIRECTION('',(0.,0.,-1.));
#5913=AXIS2_PLACEMENT_3D('',#5910,#5911,#5912);
#5914=CYLINDRICAL_SURFACE('',#5913,0.6);
#5915=CARTESIAN_POINT('',(37.719849608,-17.9,-29.326902981));
#5916=VERTEX_POINT('',#5915);
#5917=CARTESIAN_POINT('',(38.266687014,-17.9,-29.079984267));
#5918=DIRECTION('',(0.,1.,0.));
#5919=DIRECTION('',(0.,-0.,1.));
#5920=AXIS2_PLACEMENT_3D('',#5917,#5918,#5919);
#5921=CIRCLE('',#5920,0.6);
#5922=EDGE_CURVE('',#5916,#5885,#5921,.T.);
#5923=ORIENTED_EDGE('',*,*,#5922,.T.);
#5924=ORIENTED_EDGE('',*,*,#5890,.F.);
#5925=CARTESIAN_POINT('',(37.719849608,-18.9,-29.326902981));
#5926=VERTEX_POINT('',#5925);
#5927=CARTESIAN_POINT('',(38.266687014,-18.9,-29.079984267));
#5928=DIRECTION('',(0.,1.,0.));
#5929=DIRECTION('',(0.,-0.,1.));
#5930=AXIS2_PLACEMENT_3D('',#5927,#5928,#5929);
#5931=CIRCLE('',#5930,0.6);
#5932=EDGE_CURVE('',#5926,#5883,#5931,.T.);
#5933=ORIENTED_EDGE('',*,*,#5932,.F.);
#5934=CARTESIAN_POINT('',(37.719849608,-18.9,-29.326902981));
#5935=DIRECTION('',(0.,1.,0.));
#5936=VECTOR('',#5935,1.);
#5937=LINE('',#5934,#5936);
#5938=EDGE_CURVE('',#5926,#5916,#5937,.T.);
#5939=ORIENTED_EDGE('',*,*,#5938,.T.);
#5940=EDGE_LOOP('',(#5923,#5924,#5933,#5939));
#5941=FACE_BOUND('',#5940,.T.);
#5942=ADVANCED_FACE('',(#5941),#5914,.F.);
#5943=CARTESIAN_POINT('',(38.712294609,-18.9,-29.851799262));
#5944=DIRECTION('',(0.866025404,0.,0.5));
#5945=DIRECTION('',(0.5,0.,-0.866025404));
#5946=AXIS2_PLACEMENT_3D('',#5943,#5944,#5945);
#5947=PLANE('',#5946);
#5948=CARTESIAN_POINT('',(38.716306566,-17.050253458,-29.858748175));
#5949=VERTEX_POINT('',#5948);
#5950=CARTESIAN_POINT('',(38.708282652,-17.070706709,-29.844850349));
#5951=VERTEX_POINT('',#5950);
#5952=CARTESIAN_POINT('',(37.335508783,-14.9,-27.46713626));
#5953=DIRECTION('',(-0.866025404,0.,-0.5));
#5954=DIRECTION('',(0.5,0.,-0.866025404));
#5955=AXIS2_PLACEMENT_3D('',#5952,#5953,#5954);
#5956=CIRCLE('',#5955,3.5);
#5957=EDGE_CURVE('',#5949,#5951,#5956,.T.);
#5958=ORIENTED_EDGE('',*,*,#5957,.T.);
#5959=CARTESIAN_POINT('',(38.708282652,-18.9,-29.844850349));
#5960=VERTEX_POINT('',#5959);
#5961=CARTESIAN_POINT('',(38.708282652,-18.9,-29.844850349));
#5962=DIRECTION('',(0.,1.,0.));
#5963=VECTOR('',#5962,1.829293291);
#5964=LINE('',#5961,#5963);
#5965=EDGE_CURVE('',#5960,#5951,#5964,.T.);
#5966=ORIENTED_EDGE('',*,*,#5965,.F.);
#5967=CARTESIAN_POINT('',(38.716306566,-18.9,-29.858748175));
#5968=VERTEX_POINT('',#5967);
#5969=CARTESIAN_POINT('',(38.716306566,-18.9,-29.858748175));
#5970=DIRECTION('',(-0.5,0.,0.866025404));
#5971=VECTOR('',#5970,0.016047827);
#5972=LINE('',#5969,#5971);
#5973=EDGE_CURVE('',#5968,#5960,#5972,.T.);
#5974=ORIENTED_EDGE('',*,*,#5973,.F.);
#5975=CARTESIAN_POINT('',(38.716306566,-17.050253458,-29.858748175));
#5976=DIRECTION('',(-0.,-1.,-0.));
#5977=VECTOR('',#5976,1.849746542);
#5978=LINE('',#5975,#5977);
#5979=EDGE_CURVE('',#5949,#5968,#5978,.T.);
#5980=ORIENTED_EDGE('',*,*,#5979,.F.);
#5981=EDGE_LOOP('',(#5958,#5966,#5974,#5980));
#5982=FACE_BOUND('',#5981,.T.);
#5983=ADVANCED_FACE('',(#5982),#5947,.T.);
#5984=CARTESIAN_POINT('',(36.484281951,-18.9,-25.992768138));
#5985=DIRECTION('',(0.,1.,0.));
#5986=DIRECTION('',(0.,0.,-1.));
#5987=AXIS2_PLACEMENT_3D('',#5984,#5985,#5986);
#5988=CYLINDRICAL_SURFACE('',#5987,0.6);
#5989=CARTESIAN_POINT('',(36.484281951,-17.9,-26.592768138));
#5990=VERTEX_POINT('',#5989);
#5991=CARTESIAN_POINT('',(36.484281951,-18.9,-26.592768138));
#5992=VERTEX_POINT('',#5991);
#5993=CARTESIAN_POINT('',(36.484281951,-17.9,-26.592768138));
#5994=DIRECTION('',(-0.,-1.,-0.));
#5995=VECTOR('',#5994,1.);
#5996=LINE('',#5993,#5995);
#5997=EDGE_CURVE('',#5990,#5992,#5996,.T.);
#5998=ORIENTED_EDGE('',*,*,#5997,.F.);
#5999=CARTESIAN_POINT('',(36.484281951,-17.9,-25.392768138));
#6000=VERTEX_POINT('',#5999);
#6001=CARTESIAN_POINT('',(36.484281951,-17.9,-25.992768138));
#6002=DIRECTION('',(0.,1.,0.));
#6003=DIRECTION('',(0.,-0.,1.));
#6004=AXIS2_PLACEMENT_3D('',#6001,#6002,#6003);
#6005=CIRCLE('',#6004,0.6);
#6006=EDGE_CURVE('',#5990,#6000,#6005,.T.);
#6007=ORIENTED_EDGE('',*,*,#6006,.T.);
#6008=CARTESIAN_POINT('',(36.484281951,-17.9,-25.992768138));
#6009=DIRECTION('',(0.,1.,0.));
#6010=DIRECTION('',(0.,-0.,1.));
#6011=AXIS2_PLACEMENT_3D('',#6008,#6009,#6010);
#6012=CIRCLE('',#6011,0.6);
#6013=EDGE_CURVE('',#6000,#5990,#6012,.T.);
#6014=ORIENTED_EDGE('',*,*,#6013,.T.);
#6015=ORIENTED_EDGE('',*,*,#5997,.T.);
#6016=CARTESIAN_POINT('',(36.484281951,-18.9,-25.392768138));
#6017=VERTEX_POINT('',#6016);
#6018=CARTESIAN_POINT('',(36.484281951,-18.9,-25.992768138));
#6019=DIRECTION('',(0.,1.,0.));
#6020=DIRECTION('',(0.,-0.,1.));
#6021=AXIS2_PLACEMENT_3D('',#6018,#6019,#6020);
#6022=CIRCLE('',#6021,0.6);
#6023=EDGE_CURVE('',#6017,#5992,#6022,.T.);
#6024=ORIENTED_EDGE('',*,*,#6023,.F.);
#6025=CARTESIAN_POINT('',(36.484281951,-18.9,-25.992768138));
#6026=DIRECTION('',(0.,1.,0.));
#6027=DIRECTION('',(0.,-0.,1.));
#6028=AXIS2_PLACEMENT_3D('',#6025,#6026,#6027);
#6029=CIRCLE('',#6028,0.6);
#6030=EDGE_CURVE('',#5992,#6017,#6029,.T.);
#6031=ORIENTED_EDGE('',*,*,#6030,.F.);
#6032=EDGE_LOOP('',(#5998,#6007,#6014,#6015,#6024,#6031));
#6033=FACE_BOUND('',#6032,.T.);
#6034=ADVANCED_FACE('',(#6033),#5988,.F.);
#6035=CARTESIAN_POINT('',(35.593079419,-18.9,-24.449160073));
#6036=DIRECTION('',(0.,1.,0.));
#6037=DIRECTION('',(0.,0.,-1.));
#6038=AXIS2_PLACEMENT_3D('',#6035,#6036,#6037);
#6039=CYLINDRICAL_SURFACE('',#6038,0.6);
#6040=CARTESIAN_POINT('',(35.593079419,-17.9,-25.049160073));
#6041=VERTEX_POINT('',#6040);
#6042=CARTESIAN_POINT('',(35.593079419,-18.9,-25.049160073));
#6043=VERTEX_POINT('',#6042);
#6044=CARTESIAN_POINT('',(35.593079419,-17.9,-25.049160073));
#6045=DIRECTION('',(-0.,-1.,-0.));
#6046=VECTOR('',#6045,1.);
#6047=LINE('',#6044,#6046);
#6048=EDGE_CURVE('',#6041,#6043,#6047,.T.);
#6049=ORIENTED_EDGE('',*,*,#6048,.F.);
#6050=CARTESIAN_POINT('',(35.593079419,-17.9,-23.849160073));
#6051=VERTEX_POINT('',#6050);
#6052=CARTESIAN_POINT('',(35.593079419,-17.9,-24.449160073));
#6053=DIRECTION('',(0.,1.,0.));
#6054=DIRECTION('',(0.,-0.,1.));
#6055=AXIS2_PLACEMENT_3D('',#6052,#6053,#6054);
#6056=CIRCLE('',#6055,0.6);
#6057=EDGE_CURVE('',#6041,#6051,#6056,.T.);
#6058=ORIENTED_EDGE('',*,*,#6057,.T.);
#6059=CARTESIAN_POINT('',(35.593079419,-17.9,-24.449160073));
#6060=DIRECTION('',(0.,1.,0.));
#6061=DIRECTION('',(0.,-0.,1.));
#6062=AXIS2_PLACEMENT_3D('',#6059,#6060,#6061);
#6063=CIRCLE('',#6062,0.6);
#6064=EDGE_CURVE('',#6051,#6041,#6063,.T.);
#6065=ORIENTED_EDGE('',*,*,#6064,.T.);
#6066=ORIENTED_EDGE('',*,*,#6048,.T.);
#6067=CARTESIAN_POINT('',(35.593079419,-18.9,-23.849160073));
#6068=VERTEX_POINT('',#6067);
#6069=CARTESIAN_POINT('',(35.593079419,-18.9,-24.449160073));
#6070=DIRECTION('',(0.,1.,0.));
#6071=DIRECTION('',(0.,-0.,1.));
#6072=AXIS2_PLACEMENT_3D('',#6069,#6070,#6071);
#6073=CIRCLE('',#6072,0.6);
#6074=EDGE_CURVE('',#6068,#6043,#6073,.T.);
#6075=ORIENTED_EDGE('',*,*,#6074,.F.);
#6076=CARTESIAN_POINT('',(35.593079419,-18.9,-24.449160073));
#6077=DIRECTION('',(0.,1.,0.));
#6078=DIRECTION('',(0.,-0.,1.));
#6079=AXIS2_PLACEMENT_3D('',#6076,#6077,#6078);
#6080=CIRCLE('',#6079,0.6);
#6081=EDGE_CURVE('',#6043,#6068,#6080,.T.);
#6082=ORIENTED_EDGE('',*,*,#6081,.F.);
#6083=EDGE_LOOP('',(#6049,#6058,#6065,#6066,#6075,#6082));
#6084=FACE_BOUND('',#6083,.T.);
#6085=ADVANCED_FACE('',(#6084),#6039,.F.);
#6086=CARTESIAN_POINT('',(34.701876887,-18.9,-22.905552009));
#6087=DIRECTION('',(0.,1.,0.));
#6088=DIRECTION('',(0.,0.,-1.));
#6089=AXIS2_PLACEMENT_3D('',#6086,#6087,#6088);
#6090=CYLINDRICAL_SURFACE('',#6089,0.6);
#6091=CARTESIAN_POINT('',(34.701876887,-17.9,-23.505552009));
#6092=VERTEX_POINT('',#6091);
#6093=CARTESIAN_POINT('',(34.701876887,-18.9,-23.505552009));
#6094=VERTEX_POINT('',#6093);
#6095=CARTESIAN_POINT('',(34.701876887,-17.9,-23.505552009));
#6096=DIRECTION('',(-0.,-1.,-0.));
#6097=VECTOR('',#6096,1.);
#6098=LINE('',#6095,#6097);
#6099=EDGE_CURVE('',#6092,#6094,#6098,.T.);
#6100=ORIENTED_EDGE('',*,*,#6099,.F.);
#6101=CARTESIAN_POINT('',(34.701876887,-17.9,-22.305552009));
#6102=VERTEX_POINT('',#6101);
#6103=CARTESIAN_POINT('',(34.701876887,-17.9,-22.905552009));
#6104=DIRECTION('',(0.,1.,0.));
#6105=DIRECTION('',(0.,-0.,1.));
#6106=AXIS2_PLACEMENT_3D('',#6103,#6104,#6105);
#6107=CIRCLE('',#6106,0.6);
#6108=EDGE_CURVE('',#6092,#6102,#6107,.T.);
#6109=ORIENTED_EDGE('',*,*,#6108,.T.);
#6110=CARTESIAN_POINT('',(34.701876887,-17.9,-22.905552009));
#6111=DIRECTION('',(0.,1.,0.));
#6112=DIRECTION('',(0.,-0.,1.));
#6113=AXIS2_PLACEMENT_3D('',#6110,#6111,#6112);
#6114=CIRCLE('',#6113,0.6);
#6115=EDGE_CURVE('',#6102,#6092,#6114,.T.);
#6116=ORIENTED_EDGE('',*,*,#6115,.T.);
#6117=ORIENTED_EDGE('',*,*,#6099,.T.);
#6118=CARTESIAN_POINT('',(34.701876887,-18.9,-22.305552009));
#6119=VERTEX_POINT('',#6118);
#6120=CARTESIAN_POINT('',(34.701876887,-18.9,-22.905552009));
#6121=DIRECTION('',(0.,1.,0.));
#6122=DIRECTION('',(0.,-0.,1.));
#6123=AXIS2_PLACEMENT_3D('',#6120,#6121,#6122);
#6124=CIRCLE('',#6123,0.6);
#6125=EDGE_CURVE('',#6119,#6094,#6124,.T.);
#6126=ORIENTED_EDGE('',*,*,#6125,.F.);
#6127=CARTESIAN_POINT('',(34.701876887,-18.9,-22.905552009));
#6128=DIRECTION('',(0.,1.,0.));
#6129=DIRECTION('',(0.,-0.,1.));
#6130=AXIS2_PLACEMENT_3D('',#6127,#6128,#6129);
#6131=CIRCLE('',#6130,0.6);
#6132=EDGE_CURVE('',#6094,#6119,#6131,.T.);
#6133=ORIENTED_EDGE('',*,*,#6132,.F.);
#6134=EDGE_LOOP('',(#6100,#6109,#6116,#6117,#6126,#6133));
#6135=FACE_BOUND('',#6134,.T.);
#6136=ADVANCED_FACE('',(#6135),#6090,.F.);
#6137=CARTESIAN_POINT('',(33.810674356,-18.9,-21.361943944));
#6138=DIRECTION('',(0.,1.,0.));
#6139=DIRECTION('',(0.,0.,-1.));
#6140=AXIS2_PLACEMENT_3D('',#6137,#6138,#6139);
#6141=CYLINDRICAL_SURFACE('',#6140,0.6);
#6142=CARTESIAN_POINT('',(33.810674356,-17.9,-21.961943944));
#6143=VERTEX_POINT('',#6142);
#6144=CARTESIAN_POINT('',(33.810674356,-18.9,-21.961943944));
#6145=VERTEX_POINT('',#6144);
#6146=CARTESIAN_POINT('',(33.810674356,-17.9,-21.961943944));
#6147=DIRECTION('',(-0.,-1.,-0.));
#6148=VECTOR('',#6147,1.);
#6149=LINE('',#6146,#6148);
#6150=EDGE_CURVE('',#6143,#6145,#6149,.T.);
#6151=ORIENTED_EDGE('',*,*,#6150,.F.);
#6152=CARTESIAN_POINT('',(33.810674356,-17.9,-20.761943944));
#6153=VERTEX_POINT('',#6152);
#6154=CARTESIAN_POINT('',(33.810674356,-17.9,-21.361943944));
#6155=DIRECTION('',(0.,1.,0.));
#6156=DIRECTION('',(0.,-0.,1.));
#6157=AXIS2_PLACEMENT_3D('',#6154,#6155,#6156);
#6158=CIRCLE('',#6157,0.6);
#6159=EDGE_CURVE('',#6143,#6153,#6158,.T.);
#6160=ORIENTED_EDGE('',*,*,#6159,.T.);
#6161=CARTESIAN_POINT('',(33.810674356,-17.9,-21.361943944));
#6162=DIRECTION('',(0.,1.,0.));
#6163=DIRECTION('',(0.,-0.,1.));
#6164=AXIS2_PLACEMENT_3D('',#6161,#6162,#6163);
#6165=CIRCLE('',#6164,0.6);
#6166=EDGE_CURVE('',#6153,#6143,#6165,.T.);
#6167=ORIENTED_EDGE('',*,*,#6166,.T.);
#6168=ORIENTED_EDGE('',*,*,#6150,.T.);
#6169=CARTESIAN_POINT('',(33.810674356,-18.9,-20.761943944));
#6170=VERTEX_POINT('',#6169);
#6171=CARTESIAN_POINT('',(33.810674356,-18.9,-21.361943944));
#6172=DIRECTION('',(0.,1.,0.));
#6173=DIRECTION('',(0.,-0.,1.));
#6174=AXIS2_PLACEMENT_3D('',#6171,#6172,#6173);
#6175=CIRCLE('',#6174,0.6);
#6176=EDGE_CURVE('',#6170,#6145,#6175,.T.);
#6177=ORIENTED_EDGE('',*,*,#6176,.F.);
#6178=CARTESIAN_POINT('',(33.810674356,-18.9,-21.361943944));
#6179=DIRECTION('',(0.,1.,0.));
#6180=DIRECTION('',(0.,-0.,1.));
#6181=AXIS2_PLACEMENT_3D('',#6178,#6179,#6180);
#6182=CIRCLE('',#6181,0.6);
#6183=EDGE_CURVE('',#6145,#6170,#6182,.T.);
#6184=ORIENTED_EDGE('',*,*,#6183,.F.);
#6185=EDGE_LOOP('',(#6151,#6160,#6167,#6168,#6177,#6184));
#6186=FACE_BOUND('',#6185,.T.);
#6187=ADVANCED_FACE('',(#6186),#6141,.F.);
#6188=CARTESIAN_POINT('',(38.405173761,-18.9,-30.019850349));
#6189=DIRECTION('',(0.,1.,0.));
#6190=DIRECTION('',(0.,0.,-1.));
#6191=AXIS2_PLACEMENT_3D('',#6188,#6189,#6190);
#6192=CYLINDRICAL_SURFACE('',#6191,0.35);
#6193=CARTESIAN_POINT('',(38.354155126,-17.428396988,-29.673588744));
#6194=VERTEX_POINT('',#6193);
#6195=CARTESIAN_POINT('',(38.708282652,-17.070706709,-29.844850349));
#6196=CARTESIAN_POINT('',(38.679373376,-17.143836623,-29.794778014));
#6197=CARTESIAN_POINT('',(38.637987132,-17.21322414,-29.749736145));
#6198=CARTESIAN_POINT('',(38.578677103,-17.276963332,-29.715882275));
#6199=CARTESIAN_POINT('',(38.549022089,-17.308832928,-29.69895534));
#6200=CARTESIAN_POINT('',(38.515582325,-17.338326888,-29.685457502));
#6201=CARTESIAN_POINT('',(38.477581487,-17.364504182,-29.677422078));
#6202=CARTESIAN_POINT('',(38.43958065,-17.390681475,-29.669386653));
#6203=CARTESIAN_POINT('',(38.398067974,-17.412743907,-29.667118568));
#6204=CARTESIAN_POINT('',(38.354155126,-17.428396988,-29.673588744));
#6205=B_SPLINE_CURVE_WITH_KNOTS('',3,(#6195,#6196,#6197,#6198,#6199,#6200,#6201,#6202,#6203,#6204),.UNSPECIFIED.,.F.,.F.,(4,3,3,4),(0.,0.00027566,0.000413489,0.000551319),.UNSPECIFIED.);
#6206=EDGE_CURVE('',#5951,#6194,#6205,.T.);
#6207=ORIENTED_EDGE('',*,*,#6206,.T.);
#6208=CARTESIAN_POINT('',(38.354155126,-18.9,-29.673588744));
#6209=VERTEX_POINT('',#6208);
#6210=CARTESIAN_POINT('',(38.354155126,-17.428396988,-29.673588744));
#6211=DIRECTION('',(-0.,-1.,-0.));
#6212=VECTOR('',#6211,1.471603012);
#6213=LINE('',#6210,#6212);
#6214=EDGE_CURVE('',#6194,#6209,#6213,.T.);
#6215=ORIENTED_EDGE('',*,*,#6214,.T.);
#6216=CARTESIAN_POINT('',(38.405173761,-18.9,-30.019850349));
#6217=DIRECTION('',(0.,1.,0.));
#6218=DIRECTION('',(0.,-0.,1.));
#6219=AXIS2_PLACEMENT_3D('',#6216,#6217,#6218);
#6220=CIRCLE('',#6219,0.35);
#6221=EDGE_CURVE('',#6209,#5960,#6220,.T.);
#6222=ORIENTED_EDGE('',*,*,#6221,.T.);
#6223=ORIENTED_EDGE('',*,*,#5965,.T.);
#6224=EDGE_LOOP('',(#6207,#6215,#6222,#6223));
#6225=FACE_BOUND('',#6224,.T.);
#6226=ADVANCED_FACE('',(#6225),#6192,.T.);
#6227=CARTESIAN_POINT('',(38.413197674,-18.9,-30.033748175));
#6228=DIRECTION('',(0.,1.,0.));
#6229=DIRECTION('',(0.,0.,-1.));
#6230=AXIS2_PLACEMENT_3D('',#6227,#6228,#6229);
#6231=CYLINDRICAL_SURFACE('',#6230,0.35);
#6232=CARTESIAN_POINT('',(38.687559703,-16.549417401,-30.251062411));
#6233=VERTEX_POINT('',#6232);
#6234=CARTESIAN_POINT('',(38.687559703,-16.549417401,-30.251062411));
#6235=CARTESIAN_POINT('',(38.715941647,-16.580936164,-30.215229839));
#6236=CARTESIAN_POINT('',(38.732812004,-16.61949674,-30.180930598));
#6237=CARTESIAN_POINT('',(38.744507708,-16.660545523,-30.146591702));
#6238=CARTESIAN_POINT('',(38.756203411,-16.701594306,-30.112252807));
#6239=CARTESIAN_POINT('',(38.761819161,-16.744552317,-30.078819972));
#6240=CARTESIAN_POINT('',(38.762977714,-16.787812295,-30.046154768));
#6241=CARTESIAN_POINT('',(38.76529482,-16.874332253,-29.980824361));
#6242=CARTESIAN_POINT('',(38.749999574,-16.96370881,-29.917106178));
#6243=CARTESIAN_POINT('',(38.716306566,-17.050253458,-29.858748175));
#6244=B_SPLINE_CURVE_WITH_KNOTS('',3,(#6234,#6235,#6236,#6237,#6238,#6239,#6240,#6241,#6242,#6243),.UNSPECIFIED.,.F.,.F.,(4,3,3,4),(0.,0.00016279,0.00032558,0.000651161),.UNSPECIFIED.);
#6245=EDGE_CURVE('',#6233,#5949,#6244,.T.);
#6246=ORIENTED_EDGE('',*,*,#6245,.T.);
#6247=ORIENTED_EDGE('',*,*,#5979,.T.);
#6248=CARTESIAN_POINT('',(38.687559703,-18.9,-30.251062411));
#6249=VERTEX_POINT('',#6248);
#6250=CARTESIAN_POINT('',(38.413197674,-18.9,-30.033748175));
#6251=DIRECTION('',(0.,1.,0.));
#6252=DIRECTION('',(0.,-0.,1.));
#6253=AXIS2_PLACEMENT_3D('',#6250,#6251,#6252);
#6254=CIRCLE('',#6253,0.35);
#6255=EDGE_CURVE('',#5968,#6249,#6254,.T.);
#6256=ORIENTED_EDGE('',*,*,#6255,.T.);
#6257=CARTESIAN_POINT('',(38.687559703,-18.9,-30.251062411));
#6258=DIRECTION('',(0.,1.,0.));
#6259=VECTOR('',#6258,2.350582599);
#6260=LINE('',#6257,#6259);
#6261=EDGE_CURVE('',#6249,#6233,#6260,.T.);
#6262=ORIENTED_EDGE('',*,*,#6261,.T.);
#6263=EDGE_LOOP('',(#6246,#6247,#6256,#6262));
#6264=FACE_BOUND('',#6263,.T.);
#6265=ADVANCED_FACE('',(#6264),#6231,.T.);
#6266=CARTESIAN_POINT('',(0.,-13.51,0.));
#6267=DIRECTION('',(0.,1.,0.));
#6268=DIRECTION('',(1.,0.,0.));
#6269=AXIS2_PLACEMENT_3D('',#6266,#6267,#6268);
#6270=PLANE('',#6269);
#6271=CARTESIAN_POINT('',(39.470620739,-13.51,-32.007931489));
#6272=VERTEX_POINT('',#6271);
#6273=CARTESIAN_POINT('',(38.796278298,-13.51,-32.397263279));
#6274=VERTEX_POINT('',#6273);
#6275=CARTESIAN_POINT('',(39.470620739,-13.51,-32.007931489));
#6276=DIRECTION('',(-0.866025404,0.,-0.5));
#6277=VECTOR('',#6276,0.778663579);
#6278=LINE('',#6275,#6277);
#6279=EDGE_CURVE('',#6272,#6274,#6278,.T.);
#6280=ORIENTED_EDGE('',*,*,#6279,.T.);
#6281=CARTESIAN_POINT('',(38.046278298,-13.51,-31.098225173));
#6282=VERTEX_POINT('',#6281);
#6283=CARTESIAN_POINT('',(38.046278298,-13.51,-31.098225173));
#6284=DIRECTION('',(0.5,0.,-0.866025404));
#6285=VECTOR('',#6284,1.5);
#6286=LINE('',#6283,#6285);
#6287=EDGE_CURVE('',#6282,#6274,#6286,.T.);
#6288=ORIENTED_EDGE('',*,*,#6287,.F.);
#6289=CARTESIAN_POINT('',(38.581246077,-13.51,-30.789361382));
#6290=VERTEX_POINT('',#6289);
#6291=CARTESIAN_POINT('',(38.046278298,-13.51,-31.098225173));
#6292=DIRECTION('',(0.866025404,0.,0.5));
#6293=VECTOR('',#6292,0.617727582);
#6294=LINE('',#6291,#6293);
#6295=EDGE_CURVE('',#6282,#6290,#6294,.T.);
#6296=ORIENTED_EDGE('',*,*,#6295,.T.);
#6297=CARTESIAN_POINT('',(39.157894609,-13.51,-31.223601102));
#6298=VERTEX_POINT('',#6297);
#6299=CARTESIAN_POINT('',(39.157894609,-13.51,-30.623601102));
#6300=DIRECTION('',(0.,1.,0.));
#6301=DIRECTION('',(0.,0.,-1.));
#6302=AXIS2_PLACEMENT_3D('',#6299,#6300,#6301);
#6303=CIRCLE('',#6302,0.6);
#6304=EDGE_CURVE('',#6298,#6290,#6303,.T.);
#6305=ORIENTED_EDGE('',*,*,#6304,.F.);
#6306=CARTESIAN_POINT('',(39.245355126,-13.51,-31.217192424));
#6307=VERTEX_POINT('',#6306);
#6308=CARTESIAN_POINT('',(39.157894609,-13.51,-30.623601102));
#6309=DIRECTION('',(0.,1.,0.));
#6310=DIRECTION('',(0.,0.,-1.));
#6311=AXIS2_PLACEMENT_3D('',#6308,#6309,#6310);
#6312=CIRCLE('',#6311,0.6);
#6313=EDGE_CURVE('',#6307,#6298,#6312,.T.);
#6314=ORIENTED_EDGE('',*,*,#6313,.F.);
#6315=CARTESIAN_POINT('',(39.599482652,-13.51,-31.388454029));
#6316=VERTEX_POINT('',#6315);
#6317=CARTESIAN_POINT('',(39.296373761,-13.51,-31.563454029));
#6318=DIRECTION('',(0.,-1.,0.));
#6319=DIRECTION('',(0.,0.,-1.));
#6320=AXIS2_PLACEMENT_3D('',#6317,#6318,#6319);
#6321=CIRCLE('',#6320,0.35);
#6322=EDGE_CURVE('',#6316,#6307,#6321,.T.);
#6323=ORIENTED_EDGE('',*,*,#6322,.F.);
#6324=CARTESIAN_POINT('',(39.607506566,-13.51,-31.402351854));
#6325=VERTEX_POINT('',#6324);
#6326=CARTESIAN_POINT('',(39.607506566,-13.51,-31.402351854));
#6327=DIRECTION('',(-0.5,0.,0.866025404));
#6328=VECTOR('',#6327,0.016047827);
#6329=LINE('',#6326,#6328);
#6330=EDGE_CURVE('',#6325,#6316,#6329,.T.);
#6331=ORIENTED_EDGE('',*,*,#6330,.F.);
#6332=CARTESIAN_POINT('',(39.578759703,-13.51,-31.794666091));
#6333=VERTEX_POINT('',#6332);
#6334=CARTESIAN_POINT('',(39.304397674,-13.51,-31.577351854));
#6335=DIRECTION('',(0.,-1.,0.));
#6336=DIRECTION('',(0.,0.,-1.));
#6337=AXIS2_PLACEMENT_3D('',#6334,#6335,#6336);
#6338=CIRCLE('',#6337,0.35);
#6339=EDGE_CURVE('',#6333,#6325,#6338,.T.);
#6340=ORIENTED_EDGE('',*,*,#6339,.F.);
#6341=CARTESIAN_POINT('',(40.049094609,-13.51,-32.167204781));
#6342=DIRECTION('',(0.,1.,0.));
#6343=DIRECTION('',(0.,0.,-1.));
#6344=AXIS2_PLACEMENT_3D('',#6341,#6342,#6343);
#6345=CIRCLE('',#6344,0.6);
#6346=EDGE_CURVE('',#6272,#6333,#6345,.T.);
#6347=ORIENTED_EDGE('',*,*,#6346,.F.);
#6348=EDGE_LOOP('',(#6280,#6288,#6296,#6305,#6314,#6323,#6331,#6340,#6347));
#6349=FACE_BOUND('',#6348,.T.);
#6350=ADVANCED_FACE('',(#6349),#6270,.T.);
#6351=CARTESIAN_POINT('',(-44.671946125,-13.51,-30.647939041));
#6352=DIRECTION('',(0.,-1.,0.));
#6353=DIRECTION('',(0.,0.,1.));
#6354=AXIS2_PLACEMENT_3D('',#6351,#6352,#6353);
#6355=CYLINDRICAL_SURFACE('',#6354,0.6);
#6356=ORIENTED_EDGE('',*,*,#4278,.T.);
#6357=CARTESIAN_POINT('',(-44.759406642,-18.9,-31.241530363));
#6358=VERTEX_POINT('',#6357);
#6359=CARTESIAN_POINT('',(-44.759406642,-13.51,-31.241530363));
#6360=DIRECTION('',(0.,-1.,0.));
#6361=VECTOR('',#6360,5.39);
#6362=LINE('',#6359,#6361);
#6363=EDGE_CURVE('',#4263,#6358,#6362,.T.);
#6364=ORIENTED_EDGE('',*,*,#6363,.T.);
#6365=CARTESIAN_POINT('',(-44.671946125,-18.9,-30.647939041));
#6366=DIRECTION('',(0.,1.,0.));
#6367=DIRECTION('',(0.,-0.,1.));
#6368=AXIS2_PLACEMENT_3D('',#6365,#6366,#6367);
#6369=CIRCLE('',#6368,0.6);
#6370=EDGE_CURVE('',#4181,#6358,#6369,.T.);
#6371=ORIENTED_EDGE('',*,*,#6370,.F.);
#6372=ORIENTED_EDGE('',*,*,#4186,.F.);
#6373=CARTESIAN_POINT('',(-44.093042865,-14.9,-30.805644514));
#6374=VERTEX_POINT('',#6373);
#6375=CARTESIAN_POINT('',(-44.093042865,-14.9,-30.805644514));
#6376=CARTESIAN_POINT('',(-44.093042865,-15.048972937,-30.805644514));
#6377=CARTESIAN_POINT('',(-44.090256343,-15.196273418,-30.796312499));
#6378=CARTESIAN_POINT('',(-44.086065134,-15.341872792,-30.77733558));
#6379=CARTESIAN_POINT('',(-44.081873924,-15.487472165,-30.758358662));
#6380=CARTESIAN_POINT('',(-44.076163759,-15.631376851,-30.729786033));
#6381=CARTESIAN_POINT('',(-44.073366093,-15.77324826,-30.68919369));
#6382=CARTESIAN_POINT('',(-44.070568428,-15.91511967,-30.648601348));
#6383=CARTESIAN_POINT('',(-44.070196029,-16.0565151,-30.595336228));
#6384=CARTESIAN_POINT('',(-44.084270312,-16.188325262,-30.526954991));
#6385=CARTESIAN_POINT('',(-44.091307454,-16.254230343,-30.492764373));
#6386=CARTESIAN_POINT('',(-44.102205122,-16.318436114,-30.454351258));
#6387=CARTESIAN_POINT('',(-44.120123429,-16.377276882,-30.412372249));
#6388=CARTESIAN_POINT('',(-44.138041737,-16.43611765,-30.37039324));
#6389=CARTESIAN_POINT('',(-44.163175192,-16.490966069,-30.32392633));
#6390=CARTESIAN_POINT('',(-44.201611218,-16.534161672,-30.27540035));
#6391=B_SPLINE_CURVE_WITH_KNOTS('',3,(#6375,#6376,#6377,#6378,#6379,#6380,#6381,#6382,#6383,#6384,#6385,#6386,#6387,#6388,#6389,#6390),.UNSPECIFIED.,.F.,.F.,(4,3,3,3,3,4),(0.,0.000440254,0.000880508,0.001320762,0.00154089,0.001761017),.UNSPECIFIED.);
#6392=EDGE_CURVE('',#6374,#4179,#6391,.T.);
#6393=ORIENTED_EDGE('',*,*,#6392,.F.);
#6394=CARTESIAN_POINT('',(-44.093042865,-13.51,-30.805644514));
#6395=DIRECTION('',(0.,-1.,0.));
#6396=VECTOR('',#6395,1.39);
#6397=LINE('',#6394,#6396);
#6398=EDGE_CURVE('',#4272,#6374,#6397,.T.);
#6399=ORIENTED_EDGE('',*,*,#6398,.F.);
#6400=EDGE_LOOP('',(#6356,#6364,#6371,#6372,#6393,#6399));
#6401=FACE_BOUND('',#6400,.T.);
#6402=ADVANCED_FACE('',(#6401),#6355,.F.);
#6403=CARTESIAN_POINT('',(-44.810425277,-13.51,-31.587791968));
#6404=DIRECTION('',(0.,-1.,0.));
#6405=DIRECTION('',(0.,0.,1.));
#6406=AXIS2_PLACEMENT_3D('',#6403,#6404,#6405);
#6407=CYLINDRICAL_SURFACE('',#6406,0.35);
#6408=CARTESIAN_POINT('',(-44.810425277,-18.9,-31.237791968));
#6409=VERTEX_POINT('',#6408);
#6410=CARTESIAN_POINT('',(-44.810425277,-18.9,-31.237791968));
#6411=DIRECTION('',(-0.,1.,-0.));
#6412=VECTOR('',#6411,5.39);
#6413=LINE('',#6410,#6412);
#6414=EDGE_CURVE('',#6409,#4254,#6413,.T.);
#6415=ORIENTED_EDGE('',*,*,#6414,.T.);
#6416=ORIENTED_EDGE('',*,*,#4260,.T.);
#6417=CARTESIAN_POINT('',(-45.113534168,-18.9,-31.412791968));
#6418=VERTEX_POINT('',#6417);
#6419=CARTESIAN_POINT('',(-45.113534168,-13.51,-31.412791968));
#6420=DIRECTION('',(0.,-1.,0.));
#6421=VECTOR('',#6420,5.39);
#6422=LINE('',#6419,#6421);
#6423=EDGE_CURVE('',#4246,#6418,#6422,.T.);
#6424=ORIENTED_EDGE('',*,*,#6423,.T.);
#6425=CARTESIAN_POINT('',(-44.810425277,-18.9,-31.587791968));
#6426=DIRECTION('',(0.,1.,0.));
#6427=DIRECTION('',(0.,-0.,1.));
#6428=AXIS2_PLACEMENT_3D('',#6425,#6426,#6427);
#6429=CIRCLE('',#6428,0.35);
#6430=EDGE_CURVE('',#6418,#6409,#6429,.T.);
#6431=ORIENTED_EDGE('',*,*,#6430,.T.);
#6432=EDGE_LOOP('',(#6415,#6416,#6424,#6431));
#6433=FACE_BOUND('',#6432,.T.);
#6434=ADVANCED_FACE('',(#6433),#6407,.T.);
#6435=CARTESIAN_POINT('',(-45.117546125,-13.51,-31.419740881));
#6436=DIRECTION('',(0.866025404,0.,-0.5));
#6437=DIRECTION('',(-0.5,0.,-0.866025404));
#6438=AXIS2_PLACEMENT_3D('',#6435,#6436,#6437);
#6439=PLANE('',#6438);
#6440=ORIENTED_EDGE('',*,*,#6423,.F.);
#6441=ORIENTED_EDGE('',*,*,#4251,.T.);
#6442=CARTESIAN_POINT('',(-45.121558081,-18.9,-31.426689794));
#6443=VERTEX_POINT('',#6442);
#6444=CARTESIAN_POINT('',(-45.121558081,-13.51,-31.426689794));
#6445=DIRECTION('',(0.,-1.,0.));
#6446=VECTOR('',#6445,5.39);
#6447=LINE('',#6444,#6446);
#6448=EDGE_CURVE('',#4237,#6443,#6447,.T.);
#6449=ORIENTED_EDGE('',*,*,#6448,.T.);
#6450=CARTESIAN_POINT('',(-45.113534168,-18.9,-31.412791968));
#6451=DIRECTION('',(-0.5,0.,-0.866025404));
#6452=VECTOR('',#6451,0.016047827);
#6453=LINE('',#6450,#6452);
#6454=EDGE_CURVE('',#6418,#6443,#6453,.T.);
#6455=ORIENTED_EDGE('',*,*,#6454,.F.);
#6456=EDGE_LOOP('',(#6440,#6441,#6449,#6455));
#6457=FACE_BOUND('',#6456,.T.);
#6458=ADVANCED_FACE('',(#6457),#6439,.F.);
#6459=CARTESIAN_POINT('',(-44.81844919,-13.51,-31.601689794));
#6460=DIRECTION('',(0.,-1.,0.));
#6461=DIRECTION('',(0.,0.,1.));
#6462=AXIS2_PLACEMENT_3D('',#6459,#6460,#6461);
#6463=CYLINDRICAL_SURFACE('',#6462,0.35);
#6464=ORIENTED_EDGE('',*,*,#6448,.F.);
#6465=ORIENTED_EDGE('',*,*,#4243,.T.);
#6466=CARTESIAN_POINT('',(-45.092811218,-18.9,-31.81900403));
#6467=VERTEX_POINT('',#6466);
#6468=CARTESIAN_POINT('',(-45.092811218,-13.51,-31.81900403));
#6469=DIRECTION('',(0.,-1.,0.));
#6470=VECTOR('',#6469,5.39);
#6471=LINE('',#6468,#6470);
#6472=EDGE_CURVE('',#4228,#6467,#6471,.T.);
#6473=ORIENTED_EDGE('',*,*,#6472,.T.);
#6474=CARTESIAN_POINT('',(-44.81844919,-18.9,-31.601689794));
#6475=DIRECTION('',(0.,1.,0.));
#6476=DIRECTION('',(0.,-0.,1.));
#6477=AXIS2_PLACEMENT_3D('',#6474,#6475,#6476);
#6478=CIRCLE('',#6477,0.35);
#6479=EDGE_CURVE('',#6467,#6443,#6478,.T.);
#6480=ORIENTED_EDGE('',*,*,#6479,.T.);
#6481=EDGE_LOOP('',(#6464,#6465,#6473,#6480));
#6482=FACE_BOUND('',#6481,.T.);
#6483=ADVANCED_FACE('',(#6482),#6463,.T.);
#6484=CARTESIAN_POINT('',(-45.563146125,-13.51,-32.191542721));
#6485=DIRECTION('',(0.,-1.,0.));
#6486=DIRECTION('',(0.,0.,1.));
#6487=AXIS2_PLACEMENT_3D('',#6484,#6485,#6486);
#6488=CYLINDRICAL_SURFACE('',#6487,0.6);
#6489=CARTESIAN_POINT('',(-45.650606642,-17.342396878,-32.785134043));
#6490=VERTEX_POINT('',#6489);
#6491=CARTESIAN_POINT('',(-44.987874944,-14.9,-32.02106378));
#6492=VERTEX_POINT('',#6491);
#6493=CARTESIAN_POINT('',(-45.650606642,-17.342396878,-32.785134043));
#6494=CARTESIAN_POINT('',(-45.538955848,-17.299719679,-32.801584816));
#6495=CARTESIAN_POINT('',(-45.438510929,-17.230743276,-32.78493811));
#6496=CARTESIAN_POINT('',(-45.356400637,-17.150770085,-32.754797817));
#6497=CARTESIAN_POINT('',(-45.315345491,-17.11078349,-32.73972767));
#6498=CARTESIAN_POINT('',(-45.278063928,-17.067303811,-32.720915684));
#6499=CARTESIAN_POINT('',(-45.245144382,-17.022353476,-32.700340217));
#6500=CARTESIAN_POINT('',(-45.212224837,-16.977403142,-32.67976475));
#6501=CARTESIAN_POINT('',(-45.183458529,-16.93089187,-32.657410387));
#6502=CARTESIAN_POINT('',(-45.157965912,-16.882952418,-32.634068421));
#6503=CARTESIAN_POINT('',(-45.106980677,-16.787073515,-32.587384488));
#6504=CARTESIAN_POINT('',(-45.069027579,-16.684921006,-32.536588888));
#6505=CARTESIAN_POINT('',(-45.041102222,-16.581502418,-32.487296273));
#6506=CARTESIAN_POINT('',(-45.013176865,-16.47808383,-32.438003658));
#6507=CARTESIAN_POINT('',(-44.994788745,-16.372384249,-32.389579522));
#6508=CARTESIAN_POINT('',(-44.98275749,-16.264283081,-32.343690784));
#6509=CARTESIAN_POINT('',(-44.970726234,-16.156181913,-32.297802045));
#6510=CARTESIAN_POINT('',(-44.965174079,-16.045317936,-32.25431174));
#6511=CARTESIAN_POINT('',(-44.9636237,-15.934059209,-32.215477275));
#6512=CARTESIAN_POINT('',(-44.962073322,-15.822800483,-32.176642809));
#6513=CARTESIAN_POINT('',(-44.964473518,-15.710656521,-32.142205261));
#6514=CARTESIAN_POINT('',(-44.968254449,-15.597320573,-32.1134153));
#6515=CARTESIAN_POINT('',(-44.97581631,-15.370648675,-32.055835377));
#6516=CARTESIAN_POINT('',(-44.987874944,-15.13914676,-32.02106378));
#6517=CARTESIAN_POINT('',(-44.987874944,-14.9,-32.02106378));
#6518=B_SPLINE_CURVE_WITH_KNOTS('',3,(#6493,#6494,#6495,#6496,#6497,#6498,#6499,#6500,#6501,#6502,#6503,#6504,#6505,#6506,#6507,#6508,#6509,#6510,#6511,#6512,#6513,#6514,#6515,#6516,#6517),.UNSPECIFIED.,.F.,.F.,(4,3,3,3,3,3,3,3,4),(0.,0.000355382,0.000533072,0.000710763,0.001066145,0.001421527,0.001776908,0.00213229,0.002843053),.UNSPECIFIED.);
#6519=EDGE_CURVE('',#6490,#6492,#6518,.T.);
#6520=ORIENTED_EDGE('',*,*,#6519,.F.);
#6521=CARTESIAN_POINT('',(-45.650606642,-18.9,-32.785134043));
#6522=VERTEX_POINT('',#6521);
#6523=CARTESIAN_POINT('',(-45.650606642,-17.342396878,-32.785134043));
#6524=DIRECTION('',(0.,-1.,0.));
#6525=VECTOR('',#6524,1.557603122);
#6526=LINE('',#6523,#6525);
#6527=EDGE_CURVE('',#6490,#6522,#6526,.T.);
#6528=ORIENTED_EDGE('',*,*,#6527,.T.);
#6529=CARTESIAN_POINT('',(-45.563146125,-18.9,-32.191542721));
#6530=DIRECTION('',(0.,1.,0.));
#6531=DIRECTION('',(0.,-0.,1.));
#6532=AXIS2_PLACEMENT_3D('',#6529,#6530,#6531);
#6533=CIRCLE('',#6532,0.6);
#6534=EDGE_CURVE('',#6467,#6522,#6533,.T.);
#6535=ORIENTED_EDGE('',*,*,#6534,.F.);
#6536=ORIENTED_EDGE('',*,*,#6472,.F.);
#6537=ORIENTED_EDGE('',*,*,#4234,.T.);
#6538=CARTESIAN_POINT('',(-44.987874944,-14.9,-32.02106378));
#6539=DIRECTION('',(-0.,1.,-0.));
#6540=VECTOR('',#6539,1.39);
#6541=LINE('',#6538,#6540);
#6542=EDGE_CURVE('',#6492,#4220,#6541,.T.);
#6543=ORIENTED_EDGE('',*,*,#6542,.F.);
#6544=EDGE_LOOP('',(#6520,#6528,#6535,#6536,#6537,#6543));
#6545=FACE_BOUND('',#6544,.T.);
#6546=ADVANCED_FACE('',(#6545),#6488,.F.);
#6547=CARTESIAN_POINT('',(-45.701625277,-13.51,-33.131395648));
#6548=DIRECTION('',(0.,-1.,0.));
#6549=DIRECTION('',(0.,0.,1.));
#6550=AXIS2_PLACEMENT_3D('',#6547,#6548,#6549);
#6551=CYLINDRICAL_SURFACE('',#6550,0.35);
#6552=CARTESIAN_POINT('',(-45.701625277,-18.9,-32.781395648));
#6553=VERTEX_POINT('',#6552);
#6554=CARTESIAN_POINT('',(-45.701624868,-17.364912434,-32.781271848));
#6555=VERTEX_POINT('',#6554);
#6556=CARTESIAN_POINT('',(-45.701625277,-18.9,-32.781395648));
#6557=DIRECTION('',(-0.,1.,-0.));
#6558=VECTOR('',#6557,1.535087566);
#6559=LINE('',#6556,#6558);
#6560=EDGE_CURVE('',#6553,#6555,#6559,.T.);
#6561=ORIENTED_EDGE('',*,*,#6560,.T.);
#6562=CARTESIAN_POINT('',(-46.004734168,-17.636940437,-32.956395648));
#6563=VERTEX_POINT('',#6562);
#6564=CARTESIAN_POINT('',(-46.004734168,-17.636940437,-32.956395648));
#6565=CARTESIAN_POINT('',(-45.987865776,-17.610049661,-32.927178736));
#6566=CARTESIAN_POINT('',(-45.967402654,-17.583002794,-32.901286914));
#6567=CARTESIAN_POINT('',(-45.94357207,-17.555828814,-32.878489046));
#6568=CARTESIAN_POINT('',(-45.919741487,-17.528654835,-32.855691178));
#6569=CARTESIAN_POINT('',(-45.892342889,-17.501249309,-32.836008732));
#6570=CARTESIAN_POINT('',(-45.862535872,-17.475231917,-32.820577726));
#6571=CARTESIAN_POINT('',(-45.802921837,-17.423197132,-32.789715715));
#6572=CARTESIAN_POINT('',(-45.731064708,-17.373151025,-32.773279247));
#6573=CARTESIAN_POINT('',(-45.650606642,-17.342396878,-32.785134043));
#6574=B_SPLINE_CURVE_WITH_KNOTS('',3,(#6564,#6565,#6566,#6567,#6568,#6569,#6570,#6571,#6572,#6573),.UNSPECIFIED.,.F.,.F.,(4,3,3,4),(0.,0.000127906,0.000255813,0.000511625),.UNSPECIFIED.);
#6575=EDGE_CURVE('',#6563,#6555,#6574,.T.);
#6576=ORIENTED_EDGE('',*,*,#6575,.F.);
#6577=CARTESIAN_POINT('',(-46.004734168,-18.9,-32.956395648));
#6578=VERTEX_POINT('',#6577);
#6579=CARTESIAN_POINT('',(-46.004734168,-17.636940437,-32.956395648));
#6580=DIRECTION('',(0.,-1.,0.));
#6581=VECTOR('',#6580,1.263059563);
#6582=LINE('',#6579,#6581);
#6583=EDGE_CURVE('',#6563,#6578,#6582,.T.);
#6584=ORIENTED_EDGE('',*,*,#6583,.T.);
#6585=CARTESIAN_POINT('',(-45.701625277,-18.9,-33.131395648));
#6586=DIRECTION('',(0.,1.,0.));
#6587=DIRECTION('',(0.,-0.,1.));
#6588=AXIS2_PLACEMENT_3D('',#6585,#6586,#6587);
#6589=CIRCLE('',#6588,0.35);
#6590=EDGE_CURVE('',#6578,#6553,#6589,.T.);
#6591=ORIENTED_EDGE('',*,*,#6590,.T.);
#6592=EDGE_LOOP('',(#6561,#6576,#6584,#6591));
#6593=FACE_BOUND('',#6592,.T.);
#6594=ADVANCED_FACE('',(#6593),#6551,.T.);
#6595=CARTESIAN_POINT('',(-46.008746125,-13.51,-32.96334456));
#6596=DIRECTION('',(0.866025404,0.,-0.5));
#6597=DIRECTION('',(-0.5,0.,-0.866025404));
#6598=AXIS2_PLACEMENT_3D('',#6595,#6596,#6597);
#6599=PLANE('',#6598);
#6600=CARTESIAN_POINT('',(-46.012758081,-17.649655192,-32.970293473));
#6601=VERTEX_POINT('',#6600);
#6602=CARTESIAN_POINT('',(-46.012758081,-18.9,-32.970293473));
#6603=VERTEX_POINT('',#6602);
#6604=CARTESIAN_POINT('',(-46.012758081,-17.649655192,-32.970293473));
#6605=DIRECTION('',(0.,-1.,0.));
#6606=VECTOR('',#6605,1.250344808);
#6607=LINE('',#6604,#6606);
#6608=EDGE_CURVE('',#6601,#6603,#6607,.T.);
#6609=ORIENTED_EDGE('',*,*,#6608,.T.);
#6610=CARTESIAN_POINT('',(-46.004734168,-18.9,-32.956395648));
#6611=DIRECTION('',(-0.5,0.,-0.866025404));
#6612=VECTOR('',#6611,0.016047827);
#6613=LINE('',#6610,#6612);
#6614=EDGE_CURVE('',#6578,#6603,#6613,.T.);
#6615=ORIENTED_EDGE('',*,*,#6614,.F.);
#6616=ORIENTED_EDGE('',*,*,#6583,.F.);
#6617=CARTESIAN_POINT('',(-47.095508783,-14.9,-34.8456727));
#6618=DIRECTION('',(-0.866025404,0.,0.5));
#6619=DIRECTION('',(-0.5,0.,-0.866025404));
#6620=AXIS2_PLACEMENT_3D('',#6617,#6618,#6619);
#6621=CIRCLE('',#6620,3.5);
#6622=EDGE_CURVE('',#6601,#6563,#6621,.T.);
#6623=ORIENTED_EDGE('',*,*,#6622,.F.);
#6624=EDGE_LOOP('',(#6609,#6615,#6616,#6623));
#6625=FACE_BOUND('',#6624,.T.);
#6626=ADVANCED_FACE('',(#6625),#6599,.F.);
#6627=CARTESIAN_POINT('',(-45.70964919,-13.51,-33.145293473));
#6628=DIRECTION('',(0.,-1.,0.));
#6629=DIRECTION('',(0.,0.,1.));
#6630=AXIS2_PLACEMENT_3D('',#6627,#6628,#6629);
#6631=CYLINDRICAL_SURFACE('',#6630,0.35);
#6632=ORIENTED_EDGE('',*,*,#3612,.T.);
#6633=CARTESIAN_POINT('',(-45.70964919,-18.9,-33.145293473));
#6634=DIRECTION('',(0.,1.,0.));
#6635=DIRECTION('',(0.,-0.,1.));
#6636=AXIS2_PLACEMENT_3D('',#6633,#6634,#6635);
#6637=CIRCLE('',#6636,0.35);
#6638=EDGE_CURVE('',#3598,#6603,#6637,.T.);
#6639=ORIENTED_EDGE('',*,*,#6638,.T.);
#6640=ORIENTED_EDGE('',*,*,#6608,.F.);
#6641=CARTESIAN_POINT('',(-45.984011218,-17.877239605,-33.36260771));
#6642=CARTESIAN_POINT('',(-46.032879661,-17.859317652,-33.30091067));
#6643=CARTESIAN_POINT('',(-46.056714866,-17.827166253,-33.228277561));
#6644=CARTESIAN_POINT('',(-46.059390329,-17.786807377,-33.158752146));
#6645=CARTESIAN_POINT('',(-46.062065792,-17.746448502,-33.08922673));
#6646=CARTESIAN_POINT('',(-46.044335067,-17.699392341,-33.024986416));
#6647=CARTESIAN_POINT('',(-46.012758081,-17.649655192,-32.970293473));
#6648=B_SPLINE_CURVE_WITH_KNOTS('',3,(#6641,#6642,#6643,#6644,#6645,#6646,#6647),.UNSPECIFIED.,.F.,.F.,(4,3,4),(0.,0.000238276,0.000476552),.UNSPECIFIED.);
#6649=EDGE_CURVE('',#3607,#6601,#6648,.T.);
#6650=ORIENTED_EDGE('',*,*,#6649,.F.);
#6651=EDGE_LOOP('',(#6632,#6639,#6640,#6650));
#6652=FACE_BOUND('',#6651,.T.);
#6653=ADVANCED_FACE('',(#6652),#6631,.T.);
#6654=CARTESIAN_POINT('',(-43.931278298,-13.51,-31.765064734));
#6655=DIRECTION('',(-0.866025404,0.,0.5));
#6656=DIRECTION('',(0.5,0.,0.866025404));
#6657=AXIS2_PLACEMENT_3D('',#6654,#6655,#6656);
#6658=PLANE('',#6657);
#6659=CARTESIAN_POINT('',(-33.992855864,-17.9,-14.551212131));
#6660=VERTEX_POINT('',#6659);
#6661=CARTESIAN_POINT('',(-34.841468045,-14.9,-16.021051544));
#6662=VERTEX_POINT('',#6661);
#6663=CARTESIAN_POINT('',(-33.091468045,-14.9,-12.989962631));
#6664=DIRECTION('',(0.866025404,0.,-0.5));
#6665=DIRECTION('',(0.5,0.,0.866025404));
#6666=AXIS2_PLACEMENT_3D('',#6663,#6664,#6665);
#6667=CIRCLE('',#6666,3.5);
#6668=EDGE_CURVE('',#6660,#6662,#6667,.T.);
#6669=ORIENTED_EDGE('',*,*,#6668,.F.);
#6670=CARTESIAN_POINT('',(-27.725574523,-17.9,-3.695962423));
#6671=VERTEX_POINT('',#6670);
#6672=CARTESIAN_POINT('',(-33.992855864,-17.9,-14.551212131));
#6673=DIRECTION('',(0.5,0.,0.866025404));
#6674=VECTOR('',#6673,12.534562682);
#6675=LINE('',#6672,#6674);
#6676=EDGE_CURVE('',#6660,#6671,#6675,.T.);
#6677=ORIENTED_EDGE('',*,*,#6676,.T.);
#6678=CARTESIAN_POINT('',(-27.725574523,-18.9,-3.695962423));
#6679=VERTEX_POINT('',#6678);
#6680=CARTESIAN_POINT('',(-27.725574523,-18.9,-3.695962423));
#6681=DIRECTION('',(0.,1.,0.));
#6682=VECTOR('',#6681,1.);
#6683=LINE('',#6680,#6682);
#6684=EDGE_CURVE('',#6679,#6671,#6683,.T.);
#6685=ORIENTED_EDGE('',*,*,#6684,.F.);
#6686=CARTESIAN_POINT('',(-49.871128298,-18.9,-42.053186724));
#6687=VERTEX_POINT('',#6686);
#6688=CARTESIAN_POINT('',(-49.871128298,-18.9,-42.053186724));
#6689=DIRECTION('',(0.5,0.,0.866025404));
#6690=VECTOR('',#6689,44.29110755);
#6691=LINE('',#6688,#6690);
#6692=EDGE_CURVE('',#6687,#6679,#6691,.T.);
#6693=ORIENTED_EDGE('',*,*,#6692,.F.);
#6694=CARTESIAN_POINT('',(-49.871128298,-17.9,-42.053186724));
#6695=VERTEX_POINT('',#6694);
#6696=CARTESIAN_POINT('',(-49.871128298,-18.9,-42.053186724));
#6697=DIRECTION('',(0.,1.,0.));
#6698=VECTOR('',#6697,1.);
#6699=LINE('',#6696,#6698);
#6700=EDGE_CURVE('',#6687,#6695,#6699,.T.);
#6701=ORIENTED_EDGE('',*,*,#6700,.T.);
#6702=CARTESIAN_POINT('',(-45.154890479,-17.9,-33.884423201));
#6703=VERTEX_POINT('',#6702);
#6704=CARTESIAN_POINT('',(-49.871128298,-17.9,-42.053186724));
#6705=DIRECTION('',(0.5,0.,0.866025404));
#6706=VECTOR('',#6705,9.432475638);
#6707=LINE('',#6704,#6706);
#6708=EDGE_CURVE('',#6695,#6703,#6707,.T.);
#6709=ORIENTED_EDGE('',*,*,#6708,.T.);
#6710=CARTESIAN_POINT('',(-44.306278298,-14.9,-32.414583787));
#6711=VERTEX_POINT('',#6710);
#6712=CARTESIAN_POINT('',(-46.056278298,-14.9,-35.4456727));
#6713=DIRECTION('',(0.866025404,0.,-0.5));
#6714=DIRECTION('',(0.5,0.,0.866025404));
#6715=AXIS2_PLACEMENT_3D('',#6712,#6713,#6714);
#6716=CIRCLE('',#6715,3.5);
#6717=EDGE_CURVE('',#6711,#6703,#6716,.T.);
#6718=ORIENTED_EDGE('',*,*,#6717,.F.);
#6719=CARTESIAN_POINT('',(-44.306278298,-13.51,-32.414583787));
#6720=DIRECTION('',(0.,-1.,0.));
#6721=VECTOR('',#6720,1.39);
#6722=LINE('',#6719,#6721);
#6723=EDGE_CURVE('',#4218,#6711,#6722,.T.);
#6724=ORIENTED_EDGE('',*,*,#6723,.F.);
#6725=ORIENTED_EDGE('',*,*,#4292,.T.);
#6726=CARTESIAN_POINT('',(-43.556278298,-14.9,-31.115545681));
#6727=VERTEX_POINT('',#6726);
#6728=CARTESIAN_POINT('',(-43.556278298,-14.9,-31.115545681));
#6729=DIRECTION('',(-0.,1.,-0.));
#6730=VECTOR('',#6729,1.39);
#6731=LINE('',#6728,#6730);
#6732=EDGE_CURVE('',#6727,#4281,#6731,.T.);
#6733=ORIENTED_EDGE('',*,*,#6732,.F.);
#6734=CARTESIAN_POINT('',(-42.707666117,-17.9,-29.645706268));
#6735=VERTEX_POINT('',#6734);
#6736=CARTESIAN_POINT('',(-41.806278298,-14.9,-28.084456768));
#6737=DIRECTION('',(0.866025404,0.,-0.5));
#6738=DIRECTION('',(0.5,0.,0.866025404));
#6739=AXIS2_PLACEMENT_3D('',#6736,#6737,#6738);
#6740=CIRCLE('',#6739,3.5);
#6741=EDGE_CURVE('',#6735,#6727,#6740,.T.);
#6742=ORIENTED_EDGE('',*,*,#6741,.F.);
#6743=CARTESIAN_POINT('',(-36.440040479,-17.9,-18.78986022));
#6744=VERTEX_POINT('',#6743);
#6745=CARTESIAN_POINT('',(-42.707666117,-17.9,-29.645706268));
#6746=DIRECTION('',(0.5,0.,0.866025404));
#6747=VECTOR('',#6746,12.535251275);
#6748=LINE('',#6745,#6747);
#6749=EDGE_CURVE('',#6735,#6744,#6748,.T.);
#6750=ORIENTED_EDGE('',*,*,#6749,.T.);
#6751=CARTESIAN_POINT('',(-35.591428298,-14.9,-17.320020807));
#6752=VERTEX_POINT('',#6751);
#6753=CARTESIAN_POINT('',(-37.341428298,-14.9,-20.35110972));
#6754=DIRECTION('',(0.866025404,0.,-0.5));
#6755=DIRECTION('',(0.5,0.,0.866025404));
#6756=AXIS2_PLACEMENT_3D('',#6753,#6754,#6755);
#6757=CIRCLE('',#6756,3.5);
#6758=EDGE_CURVE('',#6752,#6744,#6757,.T.);
#6759=ORIENTED_EDGE('',*,*,#6758,.F.);
#6760=CARTESIAN_POINT('',(-35.591428298,-13.51,-17.320020807));
#6761=VERTEX_POINT('',#6760);
#6762=CARTESIAN_POINT('',(-35.591428298,-13.51,-17.320020807));
#6763=DIRECTION('',(0.,-1.,0.));
#6764=VECTOR('',#6763,1.39);
#6765=LINE('',#6762,#6764);
#6766=EDGE_CURVE('',#6761,#6752,#6765,.T.);
#6767=ORIENTED_EDGE('',*,*,#6766,.F.);
#6768=CARTESIAN_POINT('',(-34.841468045,-13.51,-16.021051544));
#6769=VERTEX_POINT('',#6768);
#6770=CARTESIAN_POINT('',(-35.591428298,-13.51,-17.320020807));
#6771=DIRECTION('',(0.5,0.,0.866025404));
#6772=VECTOR('',#6771,1.499920506);
#6773=LINE('',#6770,#6772);
#6774=EDGE_CURVE('',#6761,#6769,#6773,.T.);
#6775=ORIENTED_EDGE('',*,*,#6774,.T.);
#6776=CARTESIAN_POINT('',(-34.841468045,-14.9,-16.021051544));
#6777=DIRECTION('',(0.,1.,0.));
#6778=VECTOR('',#6777,1.39);
#6779=LINE('',#6776,#6778);
#6780=EDGE_CURVE('',#6662,#6769,#6779,.T.);
#6781=ORIENTED_EDGE('',*,*,#6780,.F.);
#6782=EDGE_LOOP('',(#6669,#6677,#6685,#6693,#6701,#6709,#6718,#6724,#6725,#6733,#6742,#6750,#6759,#6767,#6775,#6781));
#6783=FACE_BOUND('',#6782,.T.);
#6784=ADVANCED_FACE('',(#6783),#6658,.F.);
#6785=CARTESIAN_POINT('',(0.,-17.9,0.));
#6786=DIRECTION('',(0.,-1.,0.));
#6787=DIRECTION('',(-1.,0.,0.));
#6788=AXIS2_PLACEMENT_3D('',#6785,#6786,#6787);
#6789=PLANE('',#6788);
#6790=ORIENTED_EDGE('',*,*,#4840,.F.);
#6791=ORIENTED_EDGE('',*,*,#4847,.F.);
#6792=EDGE_LOOP('',(#6790,#6791));
#6793=FACE_BOUND('',#6792,.T.);
#6794=ORIENTED_EDGE('',*,*,#4891,.F.);
#6795=ORIENTED_EDGE('',*,*,#4898,.F.);
#6796=EDGE_LOOP('',(#6794,#6795));
#6797=FACE_BOUND('',#6796,.T.);
#6798=ORIENTED_EDGE('',*,*,#4942,.F.);
#6799=ORIENTED_EDGE('',*,*,#4949,.F.);
#6800=EDGE_LOOP('',(#6798,#6799));
#6801=FACE_BOUND('',#6800,.T.);
#6802=ORIENTED_EDGE('',*,*,#4993,.F.);
#6803=ORIENTED_EDGE('',*,*,#5000,.F.);
#6804=EDGE_LOOP('',(#6802,#6803));
#6805=FACE_BOUND('',#6804,.T.);
#6806=ORIENTED_EDGE('',*,*,#4055,.F.);
#6807=ORIENTED_EDGE('',*,*,#4317,.T.);
#6808=ORIENTED_EDGE('',*,*,#4349,.F.);
#6809=ORIENTED_EDGE('',*,*,#4381,.T.);
#6810=ORIENTED_EDGE('',*,*,#4414,.F.);
#6811=CARTESIAN_POINT('',(-42.889535998,-17.9,-27.560714142));
#6812=DIRECTION('',(0.,1.,0.));
#6813=DIRECTION('',(0.,-0.,1.));
#6814=AXIS2_PLACEMENT_3D('',#6811,#6812,#6813);
#6815=CIRCLE('',#6814,0.6);
#6816=EDGE_CURVE('',#4443,#4400,#6815,.T.);
#6817=ORIENTED_EDGE('',*,*,#6816,.F.);
#6818=ORIENTED_EDGE('',*,*,#4449,.T.);
#6819=CARTESIAN_POINT('',(-43.666776119,-17.9,-27.010297851));
#6820=DIRECTION('',(0.,1.,0.));
#6821=DIRECTION('',(0.,-0.,1.));
#6822=AXIS2_PLACEMENT_3D('',#6819,#6820,#6821);
#6823=CIRCLE('',#6822,0.351682165);
#6824=EDGE_CURVE('',#4435,#4475,#6823,.T.);
#6825=ORIENTED_EDGE('',*,*,#6824,.T.);
#6826=ORIENTED_EDGE('',*,*,#4506,.T.);
#6827=CARTESIAN_POINT('',(-39.296903809,-17.9,-18.938092758));
#6828=DIRECTION('',(-0.5,0.,-0.866025404));
#6829=VECTOR('',#6828,9.421305636);
#6830=LINE('',#6827,#6829);
#6831=EDGE_CURVE('',#4527,#4494,#6830,.T.);
#6832=ORIENTED_EDGE('',*,*,#6831,.F.);
#6833=ORIENTED_EDGE('',*,*,#4533,.T.);
#6834=ORIENTED_EDGE('',*,*,#4565,.F.);
#6835=ORIENTED_EDGE('',*,*,#4606,.F.);
#6836=CARTESIAN_POINT('',(-38.43352334,-17.9,-19.842673819));
#6837=DIRECTION('',(0.,1.,0.));
#6838=DIRECTION('',(0.,-0.,1.));
#6839=AXIS2_PLACEMENT_3D('',#6836,#6837,#6838);
#6840=CIRCLE('',#6839,0.6);
#6841=EDGE_CURVE('',#4635,#4592,#6840,.T.);
#6842=ORIENTED_EDGE('',*,*,#6841,.F.);
#6843=ORIENTED_EDGE('',*,*,#4641,.T.);
#6844=ORIENTED_EDGE('',*,*,#4680,.F.);
#6845=ORIENTED_EDGE('',*,*,#4704,.T.);
#6846=ORIENTED_EDGE('',*,*,#4745,.F.);
#6847=CARTESIAN_POINT('',(-37.542320808,-17.9,-18.299065754));
#6848=DIRECTION('',(0.,1.,0.));
#6849=DIRECTION('',(0.,-0.,1.));
#6850=AXIS2_PLACEMENT_3D('',#6847,#6848,#6849);
#6851=CIRCLE('',#6850,0.6);
#6852=EDGE_CURVE('',#4766,#4731,#6851,.T.);
#6853=ORIENTED_EDGE('',*,*,#6852,.F.);
#6854=ORIENTED_EDGE('',*,*,#4772,.F.);
#6855=CARTESIAN_POINT('',(-36.440040479,-17.9,-18.78986022));
#6856=DIRECTION('',(-0.866025404,0.,0.5));
#6857=VECTOR('',#6856,0.613397468);
#6858=LINE('',#6855,#6857);
#6859=EDGE_CURVE('',#6744,#4764,#6858,.T.);
#6860=ORIENTED_EDGE('',*,*,#6859,.F.);
#6861=ORIENTED_EDGE('',*,*,#6749,.F.);
#6862=CARTESIAN_POINT('',(-43.230598072,-17.9,-29.343791363));
#6863=DIRECTION('',(0.866025404,0.,-0.5));
#6864=VECTOR('',#6863,0.60382981);
#6865=LINE('',#6862,#6864);
#6866=EDGE_CURVE('',#4049,#6735,#6865,.T.);
#6867=ORIENTED_EDGE('',*,*,#6866,.F.);
#6868=EDGE_LOOP('',(#6806,#6807,#6808,#6809,#6810,#6817,#6818,#6825,#6826,#6832,#6833,#6834,#6835,#6842,#6843,#6844,#6845,#6846,#6853,#6854,#6860,#6861,#6867));
#6869=FACE_BOUND('',#6868,.T.);
#6870=ADVANCED_FACE('',(#6793,#6797,#6801,#6805,#6869),#6789,.F.);
#6871=CARTESIAN_POINT('',(0.,-17.9,0.));
#6872=DIRECTION('',(0.,-1.,0.));
#6873=DIRECTION('',(-1.,0.,0.));
#6874=AXIS2_PLACEMENT_3D('',#6871,#6872,#6873);
#6875=PLANE('',#6874);
#6876=ORIENTED_EDGE('',*,*,#4004,.F.);
#6877=ORIENTED_EDGE('',*,*,#4011,.F.);
#6878=EDGE_LOOP('',(#6876,#6877));
#6879=FACE_BOUND('',#6878,.T.);
#6880=ORIENTED_EDGE('',*,*,#3953,.F.);
#6881=ORIENTED_EDGE('',*,*,#3960,.F.);
#6882=EDGE_LOOP('',(#6880,#6881));
#6883=FACE_BOUND('',#6882,.T.);
#6884=ORIENTED_EDGE('',*,*,#3902,.F.);
#6885=ORIENTED_EDGE('',*,*,#3909,.F.);
#6886=EDGE_LOOP('',(#6884,#6885));
#6887=FACE_BOUND('',#6886,.T.);
#6888=ORIENTED_EDGE('',*,*,#3851,.F.);
#6889=ORIENTED_EDGE('',*,*,#3858,.F.);
#6890=EDGE_LOOP('',(#6888,#6889));
#6891=FACE_BOUND('',#6890,.T.);
#6892=ORIENTED_EDGE('',*,*,#6708,.F.);
#6893=CARTESIAN_POINT('',(-50.910358783,-17.9,-42.653186749));
#6894=VERTEX_POINT('',#6893);
#6895=CARTESIAN_POINT('',(-50.910358783,-17.9,-41.453186773));
#6896=DIRECTION('',(0.,1.,0.));
#6897=DIRECTION('',(0.,-0.,1.));
#6898=AXIS2_PLACEMENT_3D('',#6895,#6896,#6897);
#6899=CIRCLE('',#6898,1.199999975);
#6900=EDGE_CURVE('',#6695,#6894,#6899,.T.);
#6901=ORIENTED_EDGE('',*,*,#6900,.T.);
#6902=CARTESIAN_POINT('',(-51.949589267,-17.9,-40.853186823));
#6903=VERTEX_POINT('',#6902);
#6904=CARTESIAN_POINT('',(-50.910358783,-17.9,-41.453186773));
#6905=DIRECTION('',(0.,1.,0.));
#6906=DIRECTION('',(0.,-0.,1.));
#6907=AXIS2_PLACEMENT_3D('',#6904,#6905,#6906);
#6908=CIRCLE('',#6907,1.199999975);
#6909=EDGE_CURVE('',#6894,#6903,#6908,.T.);
#6910=ORIENTED_EDGE('',*,*,#6909,.T.);
#6911=CARTESIAN_POINT('',(-47.999888347,-17.9,-34.012104155));
#6912=DIRECTION('',(-0.5,0.,-0.866025404));
#6913=VECTOR('',#6912,7.89940184);
#6914=LINE('',#6911,#6913);
#6915=EDGE_CURVE('',#3640,#6903,#6914,.T.);
#6916=ORIENTED_EDGE('',*,*,#6915,.F.);
#6917=ORIENTED_EDGE('',*,*,#3646,.T.);
#6918=ORIENTED_EDGE('',*,*,#3678,.F.);
#6919=ORIENTED_EDGE('',*,*,#3719,.F.);
#6920=CARTESIAN_POINT('',(-47.345548656,-17.9,-35.278754465));
#6921=DIRECTION('',(0.,1.,0.));
#6922=DIRECTION('',(0.,-0.,1.));
#6923=AXIS2_PLACEMENT_3D('',#6920,#6921,#6922);
#6924=CIRCLE('',#6923,0.6);
#6925=EDGE_CURVE('',#3748,#3705,#6924,.T.);
#6926=ORIENTED_EDGE('',*,*,#6925,.F.);
#6927=ORIENTED_EDGE('',*,*,#3754,.T.);
#6928=ORIENTED_EDGE('',*,*,#3793,.F.);
#6929=ORIENTED_EDGE('',*,*,#3816,.T.);
#6930=ORIENTED_EDGE('',*,*,#3587,.F.);
#6931=CARTESIAN_POINT('',(-45.154890479,-17.9,-33.884423201));
#6932=DIRECTION('',(-0.866025404,0.,0.5));
#6933=VECTOR('',#6932,0.901451071);
#6934=LINE('',#6931,#6933);
#6935=EDGE_CURVE('',#6703,#3579,#6934,.T.);
#6936=ORIENTED_EDGE('',*,*,#6935,.F.);
#6937=EDGE_LOOP('',(#6892,#6901,#6910,#6916,#6917,#6918,#6919,#6926,#6927,#6928,#6929,#6930,#6936));
#6938=FACE_BOUND('',#6937,.T.);
#6939=ADVANCED_FACE('',(#6879,#6883,#6887,#6891,#6938),#6875,.F.);
#6940=CARTESIAN_POINT('',(0.,-17.9,0.));
#6941=DIRECTION('',(0.,-1.,0.));
#6942=DIRECTION('',(-1.,0.,0.));
#6943=AXIS2_PLACEMENT_3D('',#6940,#6941,#6942);
#6944=PLANE('',#6943);
#6945=ORIENTED_EDGE('',*,*,#3459,.F.);
#6946=ORIENTED_EDGE('',*,*,#3466,.F.);
#6947=EDGE_LOOP('',(#6945,#6946));
#6948=FACE_BOUND('',#6947,.T.);
#6949=ORIENTED_EDGE('',*,*,#3408,.F.);
#6950=ORIENTED_EDGE('',*,*,#3415,.F.);
#6951=EDGE_LOOP('',(#6949,#6950));
#6952=FACE_BOUND('',#6951,.T.);
#6953=ORIENTED_EDGE('',*,*,#3357,.F.);
#6954=ORIENTED_EDGE('',*,*,#3364,.F.);
#6955=EDGE_LOOP('',(#6953,#6954));
#6956=FACE_BOUND('',#6955,.T.);
#6957=ORIENTED_EDGE('',*,*,#3306,.F.);
#6958=ORIENTED_EDGE('',*,*,#3313,.F.);
#6959=EDGE_LOOP('',(#6957,#6958));
#6960=FACE_BOUND('',#6959,.T.);
#6961=CARTESIAN_POINT('',(-34.596279446,-17.9,-14.202825363));
#6962=VERTEX_POINT('',#6961);
#6963=CARTESIAN_POINT('',(-34.868713213,-17.9,-13.66824156));
#6964=DIRECTION('',(0.,1.,0.));
#6965=DIRECTION('',(0.,-0.,1.));
#6966=AXIS2_PLACEMENT_3D('',#6963,#6964,#6965);
#6967=CIRCLE('',#6966,0.6);
#6968=EDGE_CURVE('',#2791,#6962,#6967,.T.);
#6969=ORIENTED_EDGE('',*,*,#6968,.F.);
#6970=ORIENTED_EDGE('',*,*,#2797,.T.);
#6971=ORIENTED_EDGE('',*,*,#2836,.F.);
#6972=ORIENTED_EDGE('',*,*,#2860,.T.);
#6973=ORIENTED_EDGE('',*,*,#2901,.F.);
#6974=CARTESIAN_POINT('',(-34.571133967,-17.9,-12.037390189));
#6975=VERTEX_POINT('',#6974);
#6976=CARTESIAN_POINT('',(-33.977510682,-17.9,-12.124633495));
#6977=DIRECTION('',(0.,1.,0.));
#6978=DIRECTION('',(0.,-0.,1.));
#6979=AXIS2_PLACEMENT_3D('',#6976,#6977,#6978);
#6980=CIRCLE('',#6979,0.6);
#6981=EDGE_CURVE('',#6975,#2887,#6980,.T.);
#6982=ORIENTED_EDGE('',*,*,#6981,.F.);
#6983=CARTESIAN_POINT('',(-34.930867218,-17.9,-11.927930933));
#6984=DIRECTION('',(0.,1.,0.));
#6985=DIRECTION('',(0.,-0.,1.));
#6986=AXIS2_PLACEMENT_3D('',#6983,#6984,#6985);
#6987=CIRCLE('',#6986,0.376017739);
#6988=EDGE_CURVE('',#6975,#2920,#6987,.T.);
#6989=ORIENTED_EDGE('',*,*,#6988,.T.);
#6990=ORIENTED_EDGE('',*,*,#2951,.T.);
#6991=CARTESIAN_POINT('',(-30.577931337,-17.9,-3.836389447));
#6992=DIRECTION('',(-0.5,0.,-0.866025404));
#6993=VECTOR('',#6992,9.439298332);
#6994=LINE('',#6991,#6993);
#6995=EDGE_CURVE('',#2972,#2939,#6994,.T.);
#6996=ORIENTED_EDGE('',*,*,#6995,.F.);
#6997=ORIENTED_EDGE('',*,*,#2978,.T.);
#6998=ORIENTED_EDGE('',*,*,#3018,.F.);
#6999=CARTESIAN_POINT('',(-29.521498023,-17.9,-4.406593172));
#7000=DIRECTION('',(0.,1.,0.));
#7001=DIRECTION('',(0.,-0.,1.));
#7002=AXIS2_PLACEMENT_3D('',#6999,#7000,#7001);
#7003=CIRCLE('',#7002,0.6);
#7004=EDGE_CURVE('',#3047,#3004,#7003,.T.);
#7005=ORIENTED_EDGE('',*,*,#7004,.F.);
#7006=ORIENTED_EDGE('',*,*,#3053,.T.);
#7007=ORIENTED_EDGE('',*,*,#3092,.F.);
#7008=ORIENTED_EDGE('',*,*,#3124,.T.);
#7009=ORIENTED_EDGE('',*,*,#3157,.F.);
#7010=CARTESIAN_POINT('',(-28.630295492,-17.9,-2.862985107));
#7011=DIRECTION('',(0.,1.,0.));
#7012=DIRECTION('',(0.,-0.,1.));
#7013=AXIS2_PLACEMENT_3D('',#7010,#7011,#7012);
#7014=CIRCLE('',#7013,0.6);
#7015=EDGE_CURVE('',#3196,#3143,#7014,.T.);
#7016=ORIENTED_EDGE('',*,*,#7015,.F.);
#7017=ORIENTED_EDGE('',*,*,#3202,.F.);
#7018=CARTESIAN_POINT('',(-27.725231155,-17.9,-3.695348024));
#7019=DIRECTION('',(-0.866025404,0.,0.5));
#7020=VECTOR('',#7019,0.663260209);
#7021=LINE('',#7018,#7020);
#7022=EDGE_CURVE('',#87,#3178,#7021,.T.);
#7023=ORIENTED_EDGE('',*,*,#7022,.F.);
#7024=CARTESIAN_POINT('',(-27.72557451,-17.9,-3.69596243));
#7025=DIRECTION('',(0.487833509,0.,0.872936692));
#7026=VECTOR('',#7025,0.000703838);
#7027=LINE('',#7024,#7026);
#7028=EDGE_CURVE('',#6671,#87,#7027,.T.);
#7029=ORIENTED_EDGE('',*,*,#7028,.F.);
#7030=ORIENTED_EDGE('',*,*,#6676,.F.);
#7031=CARTESIAN_POINT('',(-34.596279446,-17.9,-14.202825363));
#7032=DIRECTION('',(0.866025404,0.,-0.5));
#7033=VECTOR('',#7032,0.696773535);
#7034=LINE('',#7031,#7033);
#7035=EDGE_CURVE('',#6962,#6660,#7034,.T.);
#7036=ORIENTED_EDGE('',*,*,#7035,.F.);
#7037=EDGE_LOOP('',(#6969,#6970,#6971,#6972,#6973,#6982,#6989,#6990,#6996,#6997,#6998,#7005,#7006,#7007,#7008,#7009,#7016,#7017,#7023,#7029,#7030,#7036));
#7038=FACE_BOUND('',#7037,.T.);
#7039=ADVANCED_FACE('',(#6948,#6952,#6956,#6960,#7038),#6944,.F.);
#7040=CARTESIAN_POINT('',(0.,-17.9,0.));
#7041=DIRECTION('',(0.,-1.,0.));
#7042=DIRECTION('',(-1.,0.,0.));
#7043=AXIS2_PLACEMENT_3D('',#7040,#7041,#7042);
#7044=PLANE('',#7043);
#7045=ORIENTED_EDGE('',*,*,#1700,.F.);
#7046=ORIENTED_EDGE('',*,*,#1707,.F.);
#7047=EDGE_LOOP('',(#7045,#7046));
#7048=FACE_BOUND('',#7047,.T.);
#7049=ORIENTED_EDGE('',*,*,#1649,.F.);
#7050=ORIENTED_EDGE('',*,*,#1656,.F.);
#7051=EDGE_LOOP('',(#7049,#7050));
#7052=FACE_BOUND('',#7051,.T.);
#7053=ORIENTED_EDGE('',*,*,#1598,.F.);
#7054=ORIENTED_EDGE('',*,*,#1605,.F.);
#7055=EDGE_LOOP('',(#7053,#7054));
#7056=FACE_BOUND('',#7055,.T.);
#7057=ORIENTED_EDGE('',*,*,#1547,.F.);
#7058=ORIENTED_EDGE('',*,*,#1554,.F.);
#7059=EDGE_LOOP('',(#7057,#7058));
#7060=FACE_BOUND('',#7059,.T.);
#7061=ORIENTED_EDGE('',*,*,#1496,.F.);
#7062=ORIENTED_EDGE('',*,*,#1503,.F.);
#7063=EDGE_LOOP('',(#7061,#7062));
#7064=FACE_BOUND('',#7063,.T.);
#7065=ORIENTED_EDGE('',*,*,#1445,.F.);
#7066=ORIENTED_EDGE('',*,*,#1452,.F.);
#7067=EDGE_LOOP('',(#7065,#7066));
#7068=FACE_BOUND('',#7067,.T.);
#7069=ORIENTED_EDGE('',*,*,#1394,.F.);
#7070=ORIENTED_EDGE('',*,*,#1401,.F.);
#7071=EDGE_LOOP('',(#7069,#7070));
#7072=FACE_BOUND('',#7071,.T.);
#7073=ORIENTED_EDGE('',*,*,#1343,.F.);
#7074=ORIENTED_EDGE('',*,*,#1350,.F.);
#7075=EDGE_LOOP('',(#7073,#7074));
#7076=FACE_BOUND('',#7075,.T.);
#7077=ORIENTED_EDGE('',*,*,#1292,.F.);
#7078=ORIENTED_EDGE('',*,*,#1299,.F.);
#7079=EDGE_LOOP('',(#7077,#7078));
#7080=FACE_BOUND('',#7079,.T.);
#7081=ORIENTED_EDGE('',*,*,#1241,.F.);
#7082=ORIENTED_EDGE('',*,*,#1248,.F.);
#7083=EDGE_LOOP('',(#7081,#7082));
#7084=FACE_BOUND('',#7083,.T.);
#7085=ORIENTED_EDGE('',*,*,#1190,.F.);
#7086=ORIENTED_EDGE('',*,*,#1197,.F.);
#7087=EDGE_LOOP('',(#7085,#7086));
#7088=FACE_BOUND('',#7087,.T.);
#7089=ORIENTED_EDGE('',*,*,#1139,.F.);
#7090=ORIENTED_EDGE('',*,*,#1146,.F.);
#7091=EDGE_LOOP('',(#7089,#7090));
#7092=FACE_BOUND('',#7091,.T.);
#7093=ORIENTED_EDGE('',*,*,#1088,.F.);
#7094=ORIENTED_EDGE('',*,*,#1095,.F.);
#7095=EDGE_LOOP('',(#7093,#7094));
#7096=FACE_BOUND('',#7095,.T.);
#7097=ORIENTED_EDGE('',*,*,#1037,.F.);
#7098=ORIENTED_EDGE('',*,*,#1044,.F.);
#7099=EDGE_LOOP('',(#7097,#7098));
#7100=FACE_BOUND('',#7099,.T.);
#7101=ORIENTED_EDGE('',*,*,#986,.F.);
#7102=ORIENTED_EDGE('',*,*,#993,.F.);
#7103=EDGE_LOOP('',(#7101,#7102));
#7104=FACE_BOUND('',#7103,.T.);
#7105=ORIENTED_EDGE('',*,*,#935,.F.);
#7106=ORIENTED_EDGE('',*,*,#942,.F.);
#7107=EDGE_LOOP('',(#7105,#7106));
#7108=FACE_BOUND('',#7107,.T.);
#7109=ORIENTED_EDGE('',*,*,#884,.F.);
#7110=ORIENTED_EDGE('',*,*,#891,.F.);
#7111=EDGE_LOOP('',(#7109,#7110));
#7112=FACE_BOUND('',#7111,.T.);
#7113=ORIENTED_EDGE('',*,*,#833,.F.);
#7114=ORIENTED_EDGE('',*,*,#840,.F.);
#7115=EDGE_LOOP('',(#7113,#7114));
#7116=FACE_BOUND('',#7115,.T.);
#7117=ORIENTED_EDGE('',*,*,#782,.F.);
#7118=ORIENTED_EDGE('',*,*,#789,.F.);
#7119=EDGE_LOOP('',(#7117,#7118));
#7120=FACE_BOUND('',#7119,.T.);
#7121=ORIENTED_EDGE('',*,*,#731,.F.);
#7122=ORIENTED_EDGE('',*,*,#738,.F.);
#7123=EDGE_LOOP('',(#7121,#7122));
#7124=FACE_BOUND('',#7123,.T.);
#7125=ORIENTED_EDGE('',*,*,#680,.F.);
#7126=ORIENTED_EDGE('',*,*,#687,.F.);
#7127=EDGE_LOOP('',(#7125,#7126));
#7128=FACE_BOUND('',#7127,.T.);
#7129=ORIENTED_EDGE('',*,*,#629,.F.);
#7130=ORIENTED_EDGE('',*,*,#636,.F.);
#7131=EDGE_LOOP('',(#7129,#7130));
#7132=FACE_BOUND('',#7131,.T.);
#7133=ORIENTED_EDGE('',*,*,#296,.T.);
#7134=ORIENTED_EDGE('',*,*,#321,.F.);
#7135=CARTESIAN_POINT('',(-23.261709744,-17.9,-0.3));
#7136=DIRECTION('',(0.,1.,0.));
#7137=DIRECTION('',(0.,-0.,1.));
#7138=AXIS2_PLACEMENT_3D('',#7135,#7136,#7137);
#7139=CIRCLE('',#7138,0.6);
#7140=EDGE_CURVE('',#350,#307,#7139,.T.);
#7141=ORIENTED_EDGE('',*,*,#7140,.F.);
#7142=ORIENTED_EDGE('',*,*,#356,.F.);
#7143=CARTESIAN_POINT('',(-23.253606712,-17.9,-0.3));
#7144=DIRECTION('',(0.,1.,0.));
#7145=DIRECTION('',(0.,-0.,1.));
#7146=AXIS2_PLACEMENT_3D('',#7143,#7144,#7145);
#7147=CIRCLE('',#7146,0.6);
#7148=EDGE_CURVE('',#384,#340,#7147,.T.);
#7149=ORIENTED_EDGE('',*,*,#7148,.F.);
#7150=ORIENTED_EDGE('',*,*,#413,.T.);
#7151=CARTESIAN_POINT('',(17.007368405,-17.9,0.9));
#7152=DIRECTION('',(-1.,0.,0.));
#7153=VECTOR('',#7152,39.534736811);
#7154=LINE('',#7151,#7153);
#7155=EDGE_CURVE('',#426,#401,#7154,.T.);
#7156=ORIENTED_EDGE('',*,*,#7155,.F.);
#7157=ORIENTED_EDGE('',*,*,#455,.T.);
#7158=ORIENTED_EDGE('',*,*,#480,.F.);
#7159=CARTESIAN_POINT('',(17.733606712,-17.9,-0.3));
#7160=DIRECTION('',(0.,1.,0.));
#7161=DIRECTION('',(0.,-0.,1.));
#7162=AXIS2_PLACEMENT_3D('',#7159,#7160,#7161);
#7163=CIRCLE('',#7162,0.6);
#7164=EDGE_CURVE('',#501,#466,#7163,.T.);
#7165=ORIENTED_EDGE('',*,*,#7164,.F.);
#7166=ORIENTED_EDGE('',*,*,#530,.T.);
#7167=CARTESIAN_POINT('',(18.462775638,-17.9,-0.335704288));
#7168=DIRECTION('',(0.,0.,-1.));
#7169=VECTOR('',#7168,1.164295712);
#7170=LINE('',#7167,#7169);
#7171=EDGE_CURVE('',#518,#1803,#7170,.T.);
#7172=ORIENTED_EDGE('',*,*,#7171,.T.);
#7173=CARTESIAN_POINT('',(-23.982775638,-17.9,-1.5));
#7174=DIRECTION('',(1.,0.,-0.));
#7175=VECTOR('',#7174,42.445551275);
#7176=LINE('',#7173,#7175);
#7177=EDGE_CURVE('',#58,#1803,#7176,.T.);
#7178=ORIENTED_EDGE('',*,*,#7177,.F.);
#7179=CARTESIAN_POINT('',(-23.982775638,-17.9,-0.339806052));
#7180=DIRECTION('',(0.,0.,-1.));
#7181=VECTOR('',#7180,1.160193948);
#7182=LINE('',#7179,#7181);
#7183=EDGE_CURVE('',#241,#58,#7182,.T.);
#7184=ORIENTED_EDGE('',*,*,#7183,.F.);
#7185=EDGE_LOOP('',(#7133,#7134,#7141,#7142,#7149,#7150,#7156,#7157,#7158,#7165,#7166,#7172,#7178,#7184));
#7186=FACE_BOUND('',#7185,.T.);
#7187=ADVANCED_FACE('',(#7048,#7052,#7056,#7060,#7064,#7068,#7072,#7076,#7080,#7084,#7088,#7092,#7096,#7100,#7104,#7108,#7112,#7116,#7120,#7124,#7128,#7132,#7186),#7044,.F.);
#7188=CARTESIAN_POINT('',(0.,-17.9,0.));
#7189=DIRECTION('',(0.,-1.,0.));
#7190=DIRECTION('',(-1.,0.,0.));
#7191=AXIS2_PLACEMENT_3D('',#7188,#7189,#7190);
#7192=PLANE('',#7191);
#7193=ORIENTED_EDGE('',*,*,#6006,.F.);
#7194=ORIENTED_EDGE('',*,*,#6013,.F.);
#7195=EDGE_LOOP('',(#7193,#7194));
#7196=FACE_BOUND('',#7195,.T.);
#7197=ORIENTED_EDGE('',*,*,#6057,.F.);
#7198=ORIENTED_EDGE('',*,*,#6064,.F.);
#7199=EDGE_LOOP('',(#7197,#7198));
#7200=FACE_BOUND('',#7199,.T.);
#7201=ORIENTED_EDGE('',*,*,#6108,.F.);
#7202=ORIENTED_EDGE('',*,*,#6115,.F.);
#7203=EDGE_LOOP('',(#7201,#7202));
#7204=FACE_BOUND('',#7203,.T.);
#7205=ORIENTED_EDGE('',*,*,#6159,.F.);
#7206=ORIENTED_EDGE('',*,*,#6166,.F.);
#7207=EDGE_LOOP('',(#7205,#7206));
#7208=FACE_BOUND('',#7207,.T.);
#7209=CARTESIAN_POINT('',(37.197666117,-17.9,-29.62838576));
#7210=VERTEX_POINT('',#7209);
#7211=CARTESIAN_POINT('',(37.719849608,-17.9,-29.326902981));
#7212=DIRECTION('',(-0.866025404,0.,-0.5));
#7213=VECTOR('',#7212,0.602965558);
#7214=LINE('',#7211,#7213);
#7215=EDGE_CURVE('',#5916,#7210,#7214,.T.);
#7216=ORIENTED_EDGE('',*,*,#7215,.T.);
#7217=CARTESIAN_POINT('',(30.930040479,-17.9,-18.772539712));
#7218=VERTEX_POINT('',#7217);
#7219=CARTESIAN_POINT('',(30.930040479,-17.9,-18.772539712));
#7220=DIRECTION('',(0.5,0.,-0.866025404));
#7221=VECTOR('',#7220,12.535251275);
#7222=LINE('',#7219,#7221);
#7223=EDGE_CURVE('',#7218,#7210,#7222,.T.);
#7224=ORIENTED_EDGE('',*,*,#7223,.F.);
#7225=CARTESIAN_POINT('',(31.459800478,-17.9,-18.466682635));
#7226=DIRECTION('',(-0.866025404,0.,-0.5));
#7227=VECTOR('',#7226,0.611714155);
#7228=LINE('',#7225,#7227);
#7229=EDGE_CURVE('',#5466,#7218,#7228,.T.);
#7230=ORIENTED_EDGE('',*,*,#7229,.F.);
#7231=ORIENTED_EDGE('',*,*,#5472,.F.);
#7232=ORIENTED_EDGE('',*,*,#5535,.F.);
#7233=CARTESIAN_POINT('',(32.028269292,-17.9,-18.274727815));
#7234=DIRECTION('',(0.,1.,0.));
#7235=DIRECTION('',(0.,-0.,1.));
#7236=AXIS2_PLACEMENT_3D('',#7233,#7234,#7235);
#7237=CIRCLE('',#7236,0.6);
#7238=EDGE_CURVE('',#5564,#5521,#7237,.T.);
#7239=ORIENTED_EDGE('',*,*,#7238,.F.);
#7240=ORIENTED_EDGE('',*,*,#5570,.T.);
#7241=ORIENTED_EDGE('',*,*,#5609,.T.);
#7242=ORIENTED_EDGE('',*,*,#5633,.T.);
#7243=ORIENTED_EDGE('',*,*,#5674,.F.);
#7244=CARTESIAN_POINT('',(32.919471824,-17.9,-19.818335879));
#7245=DIRECTION('',(0.,1.,0.));
#7246=DIRECTION('',(0.,-0.,1.));
#7247=AXIS2_PLACEMENT_3D('',#7244,#7245,#7246);
#7248=CIRCLE('',#7247,0.6);
#7249=EDGE_CURVE('',#5712,#5660,#7248,.T.);
#7250=ORIENTED_EDGE('',*,*,#7249,.F.);
#7251=ORIENTED_EDGE('',*,*,#5718,.T.);
#7252=CARTESIAN_POINT('',(38.497556645,-17.9,-27.079862198));
#7253=VERTEX_POINT('',#7252);
#7254=CARTESIAN_POINT('',(38.497556645,-17.9,-27.079862198));
#7255=DIRECTION('',(-0.5,0.,0.866025404));
#7256=VECTOR('',#7255,9.421305534);
#7257=LINE('',#7254,#7256);
#7258=EDGE_CURVE('',#7253,#5704,#7257,.T.);
#7259=ORIENTED_EDGE('',*,*,#7258,.F.);
#7260=CARTESIAN_POINT('',(38.156776119,-17.9,-26.992977342));
#7261=DIRECTION('',(0.,1.,0.));
#7262=DIRECTION('',(0.,-0.,1.));
#7263=AXIS2_PLACEMENT_3D('',#7260,#7261,#7262);
#7264=CIRCLE('',#7263,0.351682165);
#7265=EDGE_CURVE('',#7253,#5735,#7264,.T.);
#7266=ORIENTED_EDGE('',*,*,#7265,.T.);
#7267=ORIENTED_EDGE('',*,*,#5766,.T.);
#7268=ORIENTED_EDGE('',*,*,#5791,.F.);
#7269=CARTESIAN_POINT('',(37.375484482,-17.9,-27.536376203));
#7270=DIRECTION('',(0.,1.,0.));
#7271=DIRECTION('',(0.,-0.,1.));
#7272=AXIS2_PLACEMENT_3D('',#7269,#7270,#7271);
#7273=CIRCLE('',#7272,0.6);
#7274=EDGE_CURVE('',#5820,#5777,#7273,.T.);
#7275=ORIENTED_EDGE('',*,*,#7274,.F.);
#7276=ORIENTED_EDGE('',*,*,#5826,.T.);
#7277=ORIENTED_EDGE('',*,*,#5865,.T.);
#7278=ORIENTED_EDGE('',*,*,#5897,.T.);
#7279=ORIENTED_EDGE('',*,*,#5922,.F.);
#7280=EDGE_LOOP('',(#7216,#7224,#7230,#7231,#7232,#7239,#7240,#7241,#7242,#7243,#7250,#7251,#7259,#7266,#7267,#7268,#7275,#7276,#7277,#7278,#7279));
#7281=FACE_BOUND('',#7280,.T.);
#7282=ADVANCED_FACE('',(#7196,#7200,#7204,#7208,#7281),#7192,.F.);
#7283=CARTESIAN_POINT('',(0.,-17.9,0.));
#7284=DIRECTION('',(0.,-1.,0.));
#7285=DIRECTION('',(-1.,0.,0.));
#7286=AXIS2_PLACEMENT_3D('',#7283,#7284,#7285);
#7287=PLANE('',#7286);
#7288=ORIENTED_EDGE('',*,*,#2466,.F.);
#7289=ORIENTED_EDGE('',*,*,#2473,.F.);
#7290=EDGE_LOOP('',(#7288,#7289));
#7291=FACE_BOUND('',#7290,.T.);
#7292=ORIENTED_EDGE('',*,*,#2517,.F.);
#7293=ORIENTED_EDGE('',*,*,#2524,.F.);
#7294=EDGE_LOOP('',(#7292,#7293));
#7295=FACE_BOUND('',#7294,.T.);
#7296=ORIENTED_EDGE('',*,*,#2568,.F.);
#7297=ORIENTED_EDGE('',*,*,#2575,.F.);
#7298=EDGE_LOOP('',(#7296,#7297));
#7299=FACE_BOUND('',#7298,.T.);
#7300=ORIENTED_EDGE('',*,*,#2619,.F.);
#7301=ORIENTED_EDGE('',*,*,#2626,.F.);
#7302=EDGE_LOOP('',(#7300,#7301));
#7303=FACE_BOUND('',#7302,.T.);
#7304=CARTESIAN_POINT('',(28.482832442,-17.9,-14.533851055));
#7305=VERTEX_POINT('',#7304);
#7306=CARTESIAN_POINT('',(29.090866353,-17.9,-14.182802513));
#7307=DIRECTION('',(-0.866025404,0.,-0.5));
#7308=VECTOR('',#7307,0.702097084);
#7309=LINE('',#7306,#7308);
#7310=EDGE_CURVE('',#2418,#7305,#7309,.T.);
#7311=ORIENTED_EDGE('',*,*,#7310,.T.);
#7312=CARTESIAN_POINT('',(22.215316306,-17.9,-3.67819467));
#7313=VERTEX_POINT('',#7312);
#7314=CARTESIAN_POINT('',(22.215316306,-17.9,-3.67819467));
#7315=DIRECTION('',(0.5,0.,-0.866025404));
#7316=VECTOR('',#7315,12.535032273);
#7317=LINE('',#7314,#7316);
#7318=EDGE_CURVE('',#7313,#7305,#7317,.T.);
#7319=ORIENTED_EDGE('',*,*,#7318,.F.);
#7320=CARTESIAN_POINT('',(22.215209191,-17.9,-3.678007144));
#7321=DIRECTION('',(0.496005525,0.,-0.868319365));
#7322=VECTOR('',#7321,0.000215962);
#7323=LINE('',#7320,#7322);
#7324=EDGE_CURVE('',#1774,#7313,#7323,.T.);
#7325=ORIENTED_EDGE('',*,*,#7324,.F.);
#7326=CARTESIAN_POINT('',(22.785756004,-17.9,-3.348580752));
#7327=DIRECTION('',(-0.866025404,0.,-0.5));
#7328=VECTOR('',#7327,0.658821145);
#7329=LINE('',#7326,#7328);
#7330=EDGE_CURVE('',#1981,#1774,#7329,.T.);
#7331=ORIENTED_EDGE('',*,*,#7330,.F.);
#7332=CARTESIAN_POINT('',(22.785756004,-17.9,-3.348580752));
#7333=DIRECTION('',(0.866025404,0.,0.5));
#7334=VECTOR('',#7333,0.008619023);
#7335=LINE('',#7332,#7334);
#7336=EDGE_CURVE('',#1981,#2014,#7335,.T.);
#7337=ORIENTED_EDGE('',*,*,#7336,.T.);
#7338=ORIENTED_EDGE('',*,*,#2020,.F.);
#7339=CARTESIAN_POINT('',(23.116243976,-17.9,-2.838647168));
#7340=DIRECTION('',(0.,1.,0.));
#7341=DIRECTION('',(0.,-0.,1.));
#7342=AXIS2_PLACEMENT_3D('',#7339,#7340,#7341);
#7343=CIRCLE('',#7342,0.6);
#7344=EDGE_CURVE('',#2056,#2004,#7343,.T.);
#7345=ORIENTED_EDGE('',*,*,#7344,.F.);
#7346=ORIENTED_EDGE('',*,*,#2062,.T.);
#7347=ORIENTED_EDGE('',*,*,#2101,.T.);
#7348=ORIENTED_EDGE('',*,*,#2133,.T.);
#7349=ORIENTED_EDGE('',*,*,#2166,.F.);
#7350=CARTESIAN_POINT('',(24.007446508,-17.9,-4.382255233));
#7351=DIRECTION('',(0.,1.,0.));
#7352=DIRECTION('',(0.,-0.,1.));
#7353=AXIS2_PLACEMENT_3D('',#7350,#7351,#7352);
#7354=CIRCLE('',#7353,0.6);
#7355=EDGE_CURVE('',#2185,#2152,#7354,.T.);
#7356=ORIENTED_EDGE('',*,*,#7355,.F.);
#7357=ORIENTED_EDGE('',*,*,#2193,.T.);
#7358=CARTESIAN_POINT('',(29.787580519,-17.9,-11.993741016));
#7359=VERTEX_POINT('',#7358);
#7360=CARTESIAN_POINT('',(29.787580519,-17.9,-11.993741016));
#7361=DIRECTION('',(-0.5,0.,0.866025404));
#7362=VECTOR('',#7361,9.439298224);
#7363=LINE('',#7360,#7362);
#7364=EDGE_CURVE('',#7359,#2187,#7363,.T.);
#7365=ORIENTED_EDGE('',*,*,#7364,.F.);
#7366=CARTESIAN_POINT('',(29.420867218,-17.9,-11.910610425));
#7367=DIRECTION('',(0.,1.,0.));
#7368=DIRECTION('',(0.,-0.,1.));
#7369=AXIS2_PLACEMENT_3D('',#7366,#7367,#7368);
#7370=CIRCLE('',#7369,0.376017739);
#7371=EDGE_CURVE('',#7359,#2227,#7370,.T.);
#7372=ORIENTED_EDGE('',*,*,#7371,.T.);
#7373=ORIENTED_EDGE('',*,*,#2258,.T.);
#7374=ORIENTED_EDGE('',*,*,#2283,.F.);
#7375=CARTESIAN_POINT('',(28.463459166,-17.9,-12.100295556));
#7376=DIRECTION('',(0.,1.,0.));
#7377=DIRECTION('',(0.,-0.,1.));
#7378=AXIS2_PLACEMENT_3D('',#7375,#7376,#7377);
#7379=CIRCLE('',#7378,0.6);
#7380=EDGE_CURVE('',#2312,#2269,#7379,.T.);
#7381=ORIENTED_EDGE('',*,*,#7380,.F.);
#7382=ORIENTED_EDGE('',*,*,#2318,.T.);
#7383=ORIENTED_EDGE('',*,*,#2357,.T.);
#7384=ORIENTED_EDGE('',*,*,#2389,.T.);
#7385=ORIENTED_EDGE('',*,*,#2431,.F.);
#7386=EDGE_LOOP('',(#7311,#7319,#7325,#7331,#7337,#7338,#7345,#7346,#7347,#7348,#7349,#7356,#7357,#7365,#7372,#7373,#7374,#7381,#7382,#7383,#7384,#7385));
#7387=FACE_BOUND('',#7386,.T.);
#7388=ADVANCED_FACE('',(#7291,#7295,#7299,#7303,#7387),#7287,.F.);
#7389=CARTESIAN_POINT('',(-2.76,-18.9,-1.5));
#7390=DIRECTION('',(0.,0.,-1.));
#7391=DIRECTION('',(-1.,0.,0.));
#7392=AXIS2_PLACEMENT_3D('',#7389,#7390,#7391);
#7393=PLANE('',#7392);
#7394=ORIENTED_EDGE('',*,*,#7177,.T.);
#7395=ORIENTED_EDGE('',*,*,#1808,.F.);
#7396=CARTESIAN_POINT('',(-23.982775638,-18.9,-1.5));
#7397=DIRECTION('',(1.,0.,-0.));
#7398=VECTOR('',#7397,42.445551275);
#7399=LINE('',#7396,#7398);
#7400=EDGE_CURVE('',#70,#1794,#7399,.T.);
#7401=ORIENTED_EDGE('',*,*,#7400,.F.);
#7402=ORIENTED_EDGE('',*,*,#75,.T.);
#7403=EDGE_LOOP('',(#7394,#7395,#7401,#7402));
#7404=FACE_BOUND('',#7403,.T.);
#7405=ADVANCED_FACE('',(#7404),#7393,.T.);
#7406=CARTESIAN_POINT('',(-27.725402833,-18.9,-3.695655228));
#7407=DIRECTION('',(0.872936692,0.,-0.487833509));
#7408=DIRECTION('',(-0.487833509,0.,-0.872936692));
#7409=AXIS2_PLACEMENT_3D('',#7406,#7407,#7408);
#7410=PLANE('',#7409);
#7411=ORIENTED_EDGE('',*,*,#7028,.T.);
#7412=ORIENTED_EDGE('',*,*,#92,.F.);
#7413=CARTESIAN_POINT('',(-27.72557451,-18.9,-3.69596243));
#7414=DIRECTION('',(0.487833509,0.,0.872936692));
#7415=VECTOR('',#7414,0.000703837);
#7416=LINE('',#7413,#7415);
#7417=EDGE_CURVE('',#6679,#78,#7416,.T.);
#7418=ORIENTED_EDGE('',*,*,#7417,.F.);
#7419=ORIENTED_EDGE('',*,*,#6684,.T.);
#7420=EDGE_LOOP('',(#7411,#7412,#7418,#7419));
#7421=FACE_BOUND('',#7420,.T.);
#7422=ADVANCED_FACE('',(#7421),#7410,.T.);
#7423=CARTESIAN_POINT('',(-50.910358783,-18.9,-41.453186773));
#7424=DIRECTION('',(0.,1.,0.));
#7425=DIRECTION('',(0.,0.,-1.));
#7426=AXIS2_PLACEMENT_3D('',#7423,#7424,#7425);
#7427=CYLINDRICAL_SURFACE('',#7426,1.199999975);
#7428=CARTESIAN_POINT('',(-50.910358783,-18.9,-42.653186749));
#7429=VERTEX_POINT('',#7428);
#7430=CARTESIAN_POINT('',(-50.910358783,-17.9,-42.653186749));
#7431=DIRECTION('',(-0.,-1.,-0.));
#7432=VECTOR('',#7431,1.);
#7433=LINE('',#7430,#7432);
#7434=EDGE_CURVE('',#6894,#7429,#7433,.T.);
#7435=ORIENTED_EDGE('',*,*,#7434,.T.);
#7436=CARTESIAN_POINT('',(-51.949589267,-18.9,-40.853186823));
#7437=VERTEX_POINT('',#7436);
#7438=CARTESIAN_POINT('',(-50.910358783,-18.9,-41.453186773));
#7439=DIRECTION('',(0.,1.,0.));
#7440=DIRECTION('',(0.,-0.,1.));
#7441=AXIS2_PLACEMENT_3D('',#7438,#7439,#7440);
#7442=CIRCLE('',#7441,1.199999975);
#7443=EDGE_CURVE('',#7429,#7437,#7442,.T.);
#7444=ORIENTED_EDGE('',*,*,#7443,.T.);
#7445=CARTESIAN_POINT('',(-51.949589267,-18.9,-40.853186823));
#7446=DIRECTION('',(0.,1.,0.));
#7447=VECTOR('',#7446,1.);
#7448=LINE('',#7445,#7447);
#7449=EDGE_CURVE('',#7437,#6903,#7448,.T.);
#7450=ORIENTED_EDGE('',*,*,#7449,.T.);
#7451=ORIENTED_EDGE('',*,*,#6909,.F.);
#7452=EDGE_LOOP('',(#7435,#7444,#7450,#7451));
#7453=FACE_BOUND('',#7452,.T.);
#7454=ADVANCED_FACE('',(#7453),#7427,.T.);
#7455=CARTESIAN_POINT('',(-50.042164267,-18.9,-37.549429812));
#7456=DIRECTION('',(-0.866025404,0.,0.5));
#7457=DIRECTION('',(0.5,0.,0.866025404));
#7458=AXIS2_PLACEMENT_3D('',#7455,#7456,#7457);
#7459=PLANE('',#7458);
#7460=ORIENTED_EDGE('',*,*,#6915,.T.);
#7461=ORIENTED_EDGE('',*,*,#7449,.F.);
#7462=CARTESIAN_POINT('',(-47.999888347,-18.9,-34.012104155));
#7463=DIRECTION('',(-0.5,0.,-0.866025404));
#7464=VECTOR('',#7463,7.89940184);
#7465=LINE('',#7462,#7464);
#7466=EDGE_CURVE('',#3649,#7437,#7465,.T.);
#7467=ORIENTED_EDGE('',*,*,#7466,.F.);
#7468=ORIENTED_EDGE('',*,*,#3654,.T.);
#7469=EDGE_LOOP('',(#7460,#7461,#7467,#7468));
#7470=FACE_BOUND('',#7469,.T.);
#7471=ADVANCED_FACE('',(#7470),#7459,.T.);
#7472=CARTESIAN_POINT('',(-41.652230218,-18.9,-23.017637767));
#7473=DIRECTION('',(-0.866025404,0.,0.5));
#7474=DIRECTION('',(0.5,0.,0.866025404));
#7475=AXIS2_PLACEMENT_3D('',#7472,#7473,#7474);
#7476=PLANE('',#7475);
#7477=ORIENTED_EDGE('',*,*,#6831,.T.);
#7478=ORIENTED_EDGE('',*,*,#4499,.F.);
#7479=CARTESIAN_POINT('',(-39.296903809,-18.9,-18.938092758));
#7480=DIRECTION('',(-0.5,0.,-0.866025404));
#7481=VECTOR('',#7480,9.421305636);
#7482=LINE('',#7479,#7481);
#7483=EDGE_CURVE('',#4536,#4485,#7482,.T.);
#7484=ORIENTED_EDGE('',*,*,#7483,.F.);
#7485=ORIENTED_EDGE('',*,*,#4541,.T.);
#7486=EDGE_LOOP('',(#7477,#7478,#7484,#7485));
#7487=FACE_BOUND('',#7486,.T.);
#7488=ADVANCED_FACE('',(#7487),#7476,.T.);
#7489=CARTESIAN_POINT('',(-37.096713213,-18.9,-17.527250759));
#7490=DIRECTION('',(-0.866025404,0.,0.5));
#7491=DIRECTION('',(0.5,0.,0.866025404));
#7492=AXIS2_PLACEMENT_3D('',#7489,#7490,#7491);
#7493=PLANE('',#7492);
#7494=CARTESIAN_POINT('',(-37.092701256,-17.269527725,-17.520301846));
#7495=VERTEX_POINT('',#7494);
#7496=CARTESIAN_POINT('',(-37.10072517,-17.286855627,-17.534199672));
#7497=VERTEX_POINT('',#7496);
#7498=CARTESIAN_POINT('',(-38.380658783,-14.9,-19.75110972));
#7499=DIRECTION('',(0.866025404,0.,-0.5));
#7500=DIRECTION('',(0.5,0.,0.866025404));
#7501=AXIS2_PLACEMENT_3D('',#7498,#7499,#7500);
#7502=CIRCLE('',#7501,3.5);
#7503=EDGE_CURVE('',#7495,#7497,#7502,.T.);
#7504=ORIENTED_EDGE('',*,*,#7503,.T.);
#7505=CARTESIAN_POINT('',(-37.10072517,-18.9,-17.534199672));
#7506=VERTEX_POINT('',#7505);
#7507=CARTESIAN_POINT('',(-37.10072517,-18.9,-17.534199672));
#7508=DIRECTION('',(0.,1.,0.));
#7509=VECTOR('',#7508,1.613144373);
#7510=LINE('',#7507,#7509);
#7511=EDGE_CURVE('',#7506,#7497,#7510,.T.);
#7512=ORIENTED_EDGE('',*,*,#7511,.F.);
#7513=CARTESIAN_POINT('',(-37.092701256,-18.9,-17.520301846));
#7514=VERTEX_POINT('',#7513);
#7515=CARTESIAN_POINT('',(-37.092701256,-18.9,-17.520301846));
#7516=DIRECTION('',(-0.5,0.,-0.866025404));
#7517=VECTOR('',#7516,0.016047827);
#7518=LINE('',#7515,#7517);
#7519=EDGE_CURVE('',#7514,#7506,#7518,.T.);
#7520=ORIENTED_EDGE('',*,*,#7519,.F.);
#7521=CARTESIAN_POINT('',(-37.092701256,-17.269527725,-17.520301846));
#7522=DIRECTION('',(-0.,-1.,-0.));
#7523=VECTOR('',#7522,1.630472275);
#7524=LINE('',#7521,#7523);
#7525=EDGE_CURVE('',#7495,#7514,#7524,.T.);
#7526=ORIENTED_EDGE('',*,*,#7525,.F.);
#7527=EDGE_LOOP('',(#7504,#7512,#7520,#7526));
#7528=FACE_BOUND('',#7527,.T.);
#7529=ADVANCED_FACE('',(#7528),#7493,.T.);
#7530=CARTESIAN_POINT('',(-36.651113213,-18.9,-16.755448919));
#7531=DIRECTION('',(0.,1.,0.));
#7532=DIRECTION('',(0.,0.,-1.));
#7533=AXIS2_PLACEMENT_3D('',#7530,#7531,#7532);
#7534=CYLINDRICAL_SURFACE('',#7533,0.6);
#7535=CARTESIAN_POINT('',(-36.651113207,-16.799875894,-17.355459077));
#7536=VERTEX_POINT('',#7535);
#7537=CARTESIAN_POINT('',(-36.651113213,-18.9,-17.355448919));
#7538=VERTEX_POINT('',#7537);
#7539=CARTESIAN_POINT('',(-36.651113213,-16.799875894,-17.355448919));
#7540=DIRECTION('',(-0.,-1.,-0.));
#7541=VECTOR('',#7540,2.100124106);
#7542=LINE('',#7539,#7541);
#7543=EDGE_CURVE('',#7536,#7538,#7542,.T.);
#7544=ORIENTED_EDGE('',*,*,#7543,.F.);
#7545=CARTESIAN_POINT('',(-36.73857373,-16.857672896,-17.349040242));
#7546=VERTEX_POINT('',#7545);
#7547=CARTESIAN_POINT('',(-36.112252717,-14.9,-17.019322688));
#7548=CARTESIAN_POINT('',(-36.112252717,-15.08221905,-17.019322688));
#7549=CARTESIAN_POINT('',(-36.118079005,-15.262055967,-17.032291091));
#7550=CARTESIAN_POINT('',(-36.131964083,-15.43956303,-17.056254804));
#7551=CARTESIAN_POINT('',(-36.145849161,-15.617070092,-17.080218518));
#7552=CARTESIAN_POINT('',(-36.16767073,-15.792248386,-17.115257224));
#7553=CARTESIAN_POINT('',(-36.205415754,-15.964892158,-17.157137574));
#7554=CARTESIAN_POINT('',(-36.243160778,-16.137535931,-17.199017923));
#7555=CARTESIAN_POINT('',(-36.296748588,-16.307510154,-17.248507483));
#7556=CARTESIAN_POINT('',(-36.379864559,-16.46377565,-17.290635025));
#7557=CARTESIAN_POINT('',(-36.421422544,-16.541908398,-17.311698796));
#7558=CARTESIAN_POINT('',(-36.469877312,-16.615798277,-17.330611319));
#7559=CARTESIAN_POINT('',(-36.529125727,-16.683798633,-17.342917262));
#7560=CARTESIAN_POINT('',(-36.558749934,-16.717798811,-17.349070234));
#7561=CARTESIAN_POINT('',(-36.591478576,-16.750528581,-17.353495084));
#7562=CARTESIAN_POINT('',(-36.626324683,-16.779851904,-17.354936641));
#7563=CARTESIAN_POINT('',(-36.66117079,-16.809175227,-17.356378199));
#7564=CARTESIAN_POINT('',(-36.69832658,-16.835460513,-17.354970309));
#7565=CARTESIAN_POINT('',(-36.73857373,-16.857672896,-17.349040242));
#7566=B_SPLINE_CURVE_WITH_KNOTS('',3,(#7547,#7548,#7549,#7550,#7551,#7552,#7553,#7554,#7555,#7556,#7557,#7558,#7559,#7560,#7561,#7562,#7563,#7564,#7565),.UNSPECIFIED.,.F.,.F.,(4,3,3,3,3,3,4),(0.,0.000538843,0.001077686,0.00161653,0.001885951,0.002020662,0.002155373),.UNSPECIFIED.);
#7567=EDGE_CURVE('',#7536,#7546,#7566,.T.);
#7568=ORIENTED_EDGE('',*,*,#7567,.T.);
#7569=CARTESIAN_POINT('',(-36.73857373,-18.9,-17.349040242));
#7570=VERTEX_POINT('',#7569);
#7571=CARTESIAN_POINT('',(-36.73857373,-18.9,-17.349040242));
#7572=DIRECTION('',(0.,1.,0.));
#7573=VECTOR('',#7572,2.042327104);
#7574=LINE('',#7571,#7573);
#7575=EDGE_CURVE('',#7570,#7546,#7574,.T.);
#7576=ORIENTED_EDGE('',*,*,#7575,.F.);
#7577=CARTESIAN_POINT('',(-36.651113213,-18.9,-16.755448919));
#7578=DIRECTION('',(0.,1.,0.));
#7579=DIRECTION('',(0.,-0.,1.));
#7580=AXIS2_PLACEMENT_3D('',#7577,#7578,#7579);
#7581=CIRCLE('',#7580,0.6);
#7582=EDGE_CURVE('',#7538,#7570,#7581,.T.);
#7583=ORIENTED_EDGE('',*,*,#7582,.F.);
#7584=EDGE_LOOP('',(#7544,#7568,#7576,#7583));
#7585=FACE_BOUND('',#7584,.T.);
#7586=ADVANCED_FACE('',(#7585),#7534,.F.);
#7587=CARTESIAN_POINT('',(-36.205513213,-18.9,-15.983647079));
#7588=DIRECTION('',(-0.866025404,0.,0.5));
#7589=DIRECTION('',(0.5,0.,0.866025404));
#7590=AXIS2_PLACEMENT_3D('',#7587,#7588,#7589);
#7591=PLANE('',#7590);
#7592=CARTESIAN_POINT('',(-36.20952517,-18.9,-15.990595992));
#7593=VERTEX_POINT('',#7592);
#7594=CARTESIAN_POINT('',(-36.20952517,-13.51,-15.990595992));
#7595=VERTEX_POINT('',#7594);
#7596=CARTESIAN_POINT('',(-36.20952517,-18.9,-15.990595992));
#7597=DIRECTION('',(0.,1.,0.));
#7598=VECTOR('',#7597,5.39);
#7599=LINE('',#7596,#7598);
#7600=EDGE_CURVE('',#7593,#7595,#7599,.T.);
#7601=ORIENTED_EDGE('',*,*,#7600,.F.);
#7602=CARTESIAN_POINT('',(-36.201501256,-18.9,-15.976698167));
#7603=VERTEX_POINT('',#7602);
#7604=CARTESIAN_POINT('',(-36.201501256,-18.9,-15.976698167));
#7605=DIRECTION('',(-0.5,0.,-0.866025404));
#7606=VECTOR('',#7605,0.016047827);
#7607=LINE('',#7604,#7606);
#7608=EDGE_CURVE('',#7603,#7593,#7607,.T.);
#7609=ORIENTED_EDGE('',*,*,#7608,.F.);
#7610=CARTESIAN_POINT('',(-36.201501256,-13.51,-15.976698167));
#7611=VERTEX_POINT('',#7610);
#7612=CARTESIAN_POINT('',(-36.201501256,-13.51,-15.976698167));
#7613=DIRECTION('',(-0.,-1.,-0.));
#7614=VECTOR('',#7613,5.39);
#7615=LINE('',#7612,#7614);
#7616=EDGE_CURVE('',#7611,#7603,#7615,.T.);
#7617=ORIENTED_EDGE('',*,*,#7616,.F.);
#7618=CARTESIAN_POINT('',(-36.201501256,-13.51,-15.976698167));
#7619=DIRECTION('',(-0.5,0.,-0.866025404));
#7620=VECTOR('',#7619,0.016047827);
#7621=LINE('',#7618,#7620);
#7622=EDGE_CURVE('',#7611,#7595,#7621,.T.);
#7623=ORIENTED_EDGE('',*,*,#7622,.T.);
#7624=EDGE_LOOP('',(#7601,#7609,#7617,#7623));
#7625=FACE_BOUND('',#7624,.T.);
#7626=ADVANCED_FACE('',(#7625),#7591,.T.);
#7627=CARTESIAN_POINT('',(-35.759913213,-18.9,-15.21184524));
#7628=DIRECTION('',(0.,1.,0.));
#7629=DIRECTION('',(0.,0.,-1.));
#7630=AXIS2_PLACEMENT_3D('',#7627,#7628,#7629);
#7631=CYLINDRICAL_SURFACE('',#7630,0.6);
#7632=CARTESIAN_POINT('',(-35.759913213,-13.51,-15.81184524));
#7633=VERTEX_POINT('',#7632);
#7634=CARTESIAN_POINT('',(-35.759913213,-18.9,-15.81184524));
#7635=VERTEX_POINT('',#7634);
#7636=CARTESIAN_POINT('',(-35.759913213,-13.51,-15.81184524));
#7637=DIRECTION('',(-0.,-1.,-0.));
#7638=VECTOR('',#7637,5.39);
#7639=LINE('',#7636,#7638);
#7640=EDGE_CURVE('',#7633,#7635,#7639,.T.);
#7641=ORIENTED_EDGE('',*,*,#7640,.F.);
#7642=CARTESIAN_POINT('',(-35.84737373,-13.51,-15.805436562));
#7643=VERTEX_POINT('',#7642);
#7644=CARTESIAN_POINT('',(-35.759913213,-13.51,-15.21184524));
#7645=DIRECTION('',(0.,1.,0.));
#7646=DIRECTION('',(0.,0.,-1.));
#7647=AXIS2_PLACEMENT_3D('',#7644,#7645,#7646);
#7648=CIRCLE('',#7647,0.6);
#7649=EDGE_CURVE('',#7633,#7643,#7648,.T.);
#7650=ORIENTED_EDGE('',*,*,#7649,.T.);
#7651=CARTESIAN_POINT('',(-35.84737373,-18.9,-15.805436562));
#7652=VERTEX_POINT('',#7651);
#7653=CARTESIAN_POINT('',(-35.84737373,-18.9,-15.805436562));
#7654=DIRECTION('',(0.,1.,0.));
#7655=VECTOR('',#7654,5.39);
#7656=LINE('',#7653,#7655);
#7657=EDGE_CURVE('',#7652,#7643,#7656,.T.);
#7658=ORIENTED_EDGE('',*,*,#7657,.F.);
#7659=CARTESIAN_POINT('',(-35.759913213,-18.9,-15.21184524));
#7660=DIRECTION('',(0.,1.,0.));
#7661=DIRECTION('',(0.,-0.,1.));
#7662=AXIS2_PLACEMENT_3D('',#7659,#7660,#7661);
#7663=CIRCLE('',#7662,0.6);
#7664=EDGE_CURVE('',#7635,#7652,#7663,.T.);
#7665=ORIENTED_EDGE('',*,*,#7664,.F.);
#7666=EDGE_LOOP('',(#7641,#7650,#7658,#7665));
#7667=FACE_BOUND('',#7666,.T.);
#7668=ADVANCED_FACE('',(#7667),#7631,.F.);
#7669=CARTESIAN_POINT('',(-35.314313213,-18.9,-14.4400434));
#7670=DIRECTION('',(-0.866025404,0.,0.5));
#7671=DIRECTION('',(0.5,0.,0.866025404));
#7672=AXIS2_PLACEMENT_3D('',#7669,#7670,#7671);
#7673=PLANE('',#7672);
#7674=CARTESIAN_POINT('',(-35.310301256,-17.485372241,-14.433094487));
#7675=VERTEX_POINT('',#7674);
#7676=CARTESIAN_POINT('',(-35.31832517,-17.470636468,-14.446992313));
#7677=VERTEX_POINT('',#7676);
#7678=CARTESIAN_POINT('',(-34.130698529,-14.9,-12.389962631));
#7679=DIRECTION('',(0.866025404,0.,-0.5));
#7680=DIRECTION('',(0.5,0.,0.866025404));
#7681=AXIS2_PLACEMENT_3D('',#7678,#7679,#7680);
#7682=CIRCLE('',#7681,3.5);
#7683=EDGE_CURVE('',#7675,#7677,#7682,.T.);
#7684=ORIENTED_EDGE('',*,*,#7683,.T.);
#7685=CARTESIAN_POINT('',(-35.31832517,-18.9,-14.446992313));
#7686=VERTEX_POINT('',#7685);
#7687=CARTESIAN_POINT('',(-35.31832517,-18.9,-14.446992313));
#7688=DIRECTION('',(0.,1.,0.));
#7689=VECTOR('',#7688,1.429363532);
#7690=LINE('',#7687,#7689);
#7691=EDGE_CURVE('',#7686,#7677,#7690,.T.);
#7692=ORIENTED_EDGE('',*,*,#7691,.F.);
#7693=CARTESIAN_POINT('',(-35.310301256,-18.9,-14.433094487));
#7694=VERTEX_POINT('',#7693);
#7695=CARTESIAN_POINT('',(-35.310301256,-18.9,-14.433094487));
#7696=DIRECTION('',(-0.5,0.,-0.866025404));
#7697=VECTOR('',#7696,0.016047827);
#7698=LINE('',#7695,#7697);
#7699=EDGE_CURVE('',#7694,#7686,#7698,.T.);
#7700=ORIENTED_EDGE('',*,*,#7699,.F.);
#7701=CARTESIAN_POINT('',(-35.310301256,-17.485372241,-14.433094487));
#7702=DIRECTION('',(-0.,-1.,-0.));
#7703=VECTOR('',#7702,1.414627759);
#7704=LINE('',#7701,#7703);
#7705=EDGE_CURVE('',#7675,#7694,#7704,.T.);
#7706=ORIENTED_EDGE('',*,*,#7705,.F.);
#7707=EDGE_LOOP('',(#7684,#7692,#7700,#7706));
#7708=FACE_BOUND('',#7707,.T.);
#7709=ADVANCED_FACE('',(#7708),#7673,.T.);
#7710=CARTESIAN_POINT('',(-32.93775592,-18.9,-7.923725521));
#7711=DIRECTION('',(-0.866025404,0.,0.5));
#7712=DIRECTION('',(0.5,0.,0.866025404));
#7713=AXIS2_PLACEMENT_3D('',#7710,#7711,#7712);
#7714=PLANE('',#7713);
#7715=ORIENTED_EDGE('',*,*,#6995,.T.);
#7716=ORIENTED_EDGE('',*,*,#2944,.F.);
#7717=CARTESIAN_POINT('',(-30.577931337,-18.9,-3.836389447));
#7718=DIRECTION('',(-0.5,0.,-0.866025404));
#7719=VECTOR('',#7718,9.439298332);
#7720=LINE('',#7717,#7719);
#7721=EDGE_CURVE('',#2981,#2930,#7720,.T.);
#7722=ORIENTED_EDGE('',*,*,#7721,.F.);
#7723=ORIENTED_EDGE('',*,*,#2986,.T.);
#7724=EDGE_LOOP('',(#7715,#7716,#7722,#7723));
#7725=FACE_BOUND('',#7724,.T.);
#7726=ADVANCED_FACE('',(#7725),#7714,.T.);
#7727=CARTESIAN_POINT('',(-2.76,-18.9,0.9));
#7728=DIRECTION('',(0.,0.,1.));
#7729=DIRECTION('',(1.,0.,0.));
#7730=AXIS2_PLACEMENT_3D('',#7727,#7728,#7729);
#7731=PLANE('',#7730);
#7732=ORIENTED_EDGE('',*,*,#7155,.T.);
#7733=ORIENTED_EDGE('',*,*,#406,.F.);
#7734=CARTESIAN_POINT('',(17.007368405,-18.9,0.9));
#7735=DIRECTION('',(-1.,0.,0.));
#7736=VECTOR('',#7735,39.534736811);
#7737=LINE('',#7734,#7736);
#7738=EDGE_CURVE('',#424,#392,#7737,.T.);
#7739=ORIENTED_EDGE('',*,*,#7738,.F.);
#7740=ORIENTED_EDGE('',*,*,#431,.T.);
#7741=EDGE_LOOP('',(#7732,#7733,#7739,#7740));
#7742=FACE_BOUND('',#7741,.T.);
#7743=ADVANCED_FACE('',(#7742),#7731,.T.);
#7744=CARTESIAN_POINT('',(20.356411272,-18.9,-0.634872992));
#7745=DIRECTION('',(0.,1.,0.));
#7746=DIRECTION('',(0.,0.,-1.));
#7747=AXIS2_PLACEMENT_3D('',#7744,#7745,#7746);
#7748=CYLINDRICAL_SURFACE('',#7747,0.6);
#7749=CARTESIAN_POINT('',(20.356411272,-18.9,-1.234872992));
#7750=VERTEX_POINT('',#7749);
#7751=CARTESIAN_POINT('',(20.356411272,-13.51,-1.234872992));
#7752=DIRECTION('',(-0.,-1.,-0.));
#7753=VECTOR('',#7752,5.39);
#7754=LINE('',#7751,#7753);
#7755=EDGE_CURVE('',#2671,#7750,#7754,.T.);
#7756=ORIENTED_EDGE('',*,*,#7755,.F.);
#7757=ORIENTED_EDGE('',*,*,#2677,.T.);
#7758=CARTESIAN_POINT('',(20.16,-14.9,-1.201814446));
#7759=VERTEX_POINT('',#7758);
#7760=CARTESIAN_POINT('',(20.16,-13.51,-1.201814446));
#7761=DIRECTION('',(-0.,-1.,-0.));
#7762=VECTOR('',#7761,1.39);
#7763=LINE('',#7760,#7762);
#7764=EDGE_CURVE('',#2663,#7759,#7763,.T.);
#7765=ORIENTED_EDGE('',*,*,#7764,.T.);
#7766=CARTESIAN_POINT('',(19.863374033,-16.310104537,-0.976800295));
#7767=CARTESIAN_POINT('',(19.907029152,-16.210931978,-1.039748177));
#7768=CARTESIAN_POINT('',(19.949480308,-16.101632194,-1.078352954));
#7769=CARTESIAN_POINT('',(19.987000087,-15.98677064,-1.107668271));
#7770=CARTESIAN_POINT('',(20.024519865,-15.871909086,-1.136983589));
#7771=CARTESIAN_POINT('',(20.056420836,-15.753962496,-1.155292914));
#7772=CARTESIAN_POINT('',(20.082060207,-15.634509317,-1.168475366));
#7773=CARTESIAN_POINT('',(20.133338951,-15.39560296,-1.194840271));
#7774=CARTESIAN_POINT('',(20.16,-15.147962047,-1.201814446));
#7775=CARTESIAN_POINT('',(20.16,-14.9,-1.201814446));
#7776=B_SPLINE_CURVE_WITH_KNOTS('',3,(#7766,#7767,#7768,#7769,#7770,#7771,#7772,#7773,#7774,#7775),.UNSPECIFIED.,.F.,.F.,(4,3,3,4),(0.,0.000370067,0.000740133,0.001480266),.UNSPECIFIED.);
#7777=EDGE_CURVE('',#574,#7759,#7776,.T.);
#7778=ORIENTED_EDGE('',*,*,#7777,.F.);
#7779=ORIENTED_EDGE('',*,*,#602,.F.);
#7780=CARTESIAN_POINT('',(20.356411272,-18.9,-0.634872992));
#7781=DIRECTION('',(0.,1.,0.));
#7782=DIRECTION('',(0.,-0.,1.));
#7783=AXIS2_PLACEMENT_3D('',#7780,#7781,#7782);
#7784=CIRCLE('',#7783,0.6);
#7785=EDGE_CURVE('',#7750,#590,#7784,.T.);
#7786=ORIENTED_EDGE('',*,*,#7785,.F.);
#7787=EDGE_LOOP('',(#7756,#7757,#7765,#7778,#7779,#7786));
#7788=FACE_BOUND('',#7787,.T.);
#7789=ADVANCED_FACE('',(#7788),#7748,.F.);
#7790=CARTESIAN_POINT('',(22.504210226,-18.9,-3.511131282));
#7791=DIRECTION('',(0.5,0.,-0.866025404));
#7792=DIRECTION('',(-0.866025404,0.,-0.5));
#7793=AXIS2_PLACEMENT_3D('',#7790,#7791,#7792);
#7794=PLANE('',#7793);
#7795=ORIENTED_EDGE('',*,*,#7336,.F.);
#7796=ORIENTED_EDGE('',*,*,#1986,.F.);
#7797=CARTESIAN_POINT('',(22.785756004,-18.9,-3.348580752));
#7798=DIRECTION('',(0.866025404,0.,0.5));
#7799=VECTOR('',#7798,0.008619023);
#7800=LINE('',#7797,#7799);
#7801=EDGE_CURVE('',#1973,#2023,#7800,.T.);
#7802=ORIENTED_EDGE('',*,*,#7801,.T.);
#7803=ORIENTED_EDGE('',*,*,#2028,.T.);
#7804=EDGE_LOOP('',(#7795,#7796,#7802,#7803));
#7805=FACE_BOUND('',#7804,.T.);
#7806=ADVANCED_FACE('',(#7805),#7794,.F.);
#7807=CARTESIAN_POINT('',(27.427755963,-18.9,-7.906404988));
#7808=DIRECTION('',(0.866025404,0.,0.5));
#7809=DIRECTION('',(0.5,0.,-0.866025404));
#7810=AXIS2_PLACEMENT_3D('',#7807,#7808,#7809);
#7811=PLANE('',#7810);
#7812=ORIENTED_EDGE('',*,*,#7364,.T.);
#7813=ORIENTED_EDGE('',*,*,#2216,.F.);
#7814=CARTESIAN_POINT('',(29.787580519,-18.9,-11.993741016));
#7815=VERTEX_POINT('',#7814);
#7816=CARTESIAN_POINT('',(29.787580519,-18.9,-11.993741016));
#7817=DIRECTION('',(-0.5,0.,0.866025404));
#7818=VECTOR('',#7817,9.439298224);
#7819=LINE('',#7816,#7818);
#7820=EDGE_CURVE('',#7815,#2204,#7819,.T.);
#7821=ORIENTED_EDGE('',*,*,#7820,.F.);
#7822=CARTESIAN_POINT('',(29.787580519,-18.9,-11.993741016));
#7823=DIRECTION('',(0.,1.,0.));
#7824=VECTOR('',#7823,1.);
#7825=LINE('',#7822,#7824);
#7826=EDGE_CURVE('',#7815,#7359,#7825,.T.);
#7827=ORIENTED_EDGE('',*,*,#7826,.T.);
#7828=EDGE_LOOP('',(#7812,#7813,#7821,#7827));
#7829=FACE_BOUND('',#7828,.T.);
#7830=ADVANCED_FACE('',(#7829),#7811,.T.);
#7831=CARTESIAN_POINT('',(29.800261697,-18.9,-14.415705461));
#7832=DIRECTION('',(-0.866025404,0.,-0.5));
#7833=DIRECTION('',(-0.5,0.,0.866025404));
#7834=AXIS2_PLACEMENT_3D('',#7831,#7832,#7833);
#7835=PLANE('',#7834);
#7836=CARTESIAN_POINT('',(29.796249741,-18.9,-14.408756548));
#7837=VERTEX_POINT('',#7836);
#7838=CARTESIAN_POINT('',(29.796249741,-17.492700741,-14.408756548));
#7839=VERTEX_POINT('',#7838);
#7840=CARTESIAN_POINT('',(29.796249741,-18.9,-14.408756548));
#7841=DIRECTION('',(-0.,1.,-0.));
#7842=VECTOR('',#7841,1.407299259);
#7843=LINE('',#7840,#7842);
#7844=EDGE_CURVE('',#7837,#7839,#7843,.T.);
#7845=ORIENTED_EDGE('',*,*,#7844,.F.);
#7846=CARTESIAN_POINT('',(29.804273654,-18.9,-14.422654373));
#7847=VERTEX_POINT('',#7846);
#7848=CARTESIAN_POINT('',(29.796249741,-18.9,-14.408756548));
#7849=DIRECTION('',(0.5,0.,-0.866025404));
#7850=VECTOR('',#7849,0.016047827);
#7851=LINE('',#7848,#7850);
#7852=EDGE_CURVE('',#7837,#7847,#7851,.T.);
#7853=ORIENTED_EDGE('',*,*,#7852,.T.);
#7854=CARTESIAN_POINT('',(29.804273654,-17.478057006,-14.422654373));
#7855=VERTEX_POINT('',#7854);
#7856=CARTESIAN_POINT('',(29.804273654,-17.478057006,-14.422654373));
#7857=DIRECTION('',(0.,-1.,0.));
#7858=VECTOR('',#7857,1.421942994);
#7859=LINE('',#7856,#7858);
#7860=EDGE_CURVE('',#7855,#7847,#7859,.T.);
#7861=ORIENTED_EDGE('',*,*,#7860,.F.);
#7862=CARTESIAN_POINT('',(28.620675108,-14.9,-12.372601556));
#7863=DIRECTION('',(0.866025404,0.,0.5));
#7864=DIRECTION('',(-0.5,0.,0.866025404));
#7865=AXIS2_PLACEMENT_3D('',#7862,#7863,#7864);
#7866=CIRCLE('',#7865,3.5);
#7867=EDGE_CURVE('',#7839,#7855,#7866,.T.);
#7868=ORIENTED_EDGE('',*,*,#7867,.F.);
#7869=EDGE_LOOP('',(#7845,#7853,#7861,#7868));
#7870=FACE_BOUND('',#7869,.T.);
#7871=ADVANCED_FACE('',(#7870),#7835,.F.);
#7872=CARTESIAN_POINT('',(30.245861697,-18.9,-15.1875073));
#7873=DIRECTION('',(0.,1.,0.));
#7874=DIRECTION('',(0.,0.,-1.));
#7875=AXIS2_PLACEMENT_3D('',#7872,#7873,#7874);
#7876=CYLINDRICAL_SURFACE('',#7875,0.6);
#7877=CARTESIAN_POINT('',(30.245861697,-13.51,-15.7875073));
#7878=VERTEX_POINT('',#7877);
#7879=CARTESIAN_POINT('',(30.245861697,-18.9,-15.7875073));
#7880=VERTEX_POINT('',#7879);
#7881=CARTESIAN_POINT('',(30.245861697,-13.51,-15.7875073));
#7882=DIRECTION('',(-0.,-1.,-0.));
#7883=VECTOR('',#7882,5.39);
#7884=LINE('',#7881,#7883);
#7885=EDGE_CURVE('',#7878,#7880,#7884,.T.);
#7886=ORIENTED_EDGE('',*,*,#7885,.F.);
#7887=CARTESIAN_POINT('',(29.898166021,-13.51,-15.676493718));
#7888=VERTEX_POINT('',#7887);
#7889=CARTESIAN_POINT('',(30.245861697,-13.51,-15.1875073));
#7890=DIRECTION('',(0.,1.,0.));
#7891=DIRECTION('',(0.,0.,-1.));
#7892=AXIS2_PLACEMENT_3D('',#7889,#7890,#7891);
#7893=CIRCLE('',#7892,0.6);
#7894=EDGE_CURVE('',#7878,#7888,#7893,.T.);
#7895=ORIENTED_EDGE('',*,*,#7894,.T.);
#7896=CARTESIAN_POINT('',(29.898166021,-14.9,-15.676493718));
#7897=VERTEX_POINT('',#7896);
#7898=CARTESIAN_POINT('',(29.898166021,-13.51,-15.676493718));
#7899=DIRECTION('',(-0.,-1.,-0.));
#7900=VECTOR('',#7899,1.39);
#7901=LINE('',#7898,#7900);
#7902=EDGE_CURVE('',#7888,#7897,#7901,.T.);
#7903=ORIENTED_EDGE('',*,*,#7902,.T.);
#7904=CARTESIAN_POINT('',(29.775526791,-17.136073574,-14.81496861));
#7905=VERTEX_POINT('',#7904);
#7906=CARTESIAN_POINT('',(29.898166021,-14.9,-15.676493718));
#7907=CARTESIAN_POINT('',(29.898166021,-15.112691473,-15.676493718));
#7908=CARTESIAN_POINT('',(29.880071152,-15.321856427,-15.66476249));
#7909=CARTESIAN_POINT('',(29.850232465,-15.527939913,-15.638592115));
#7910=CARTESIAN_POINT('',(29.835313121,-15.630981656,-15.625506928));
#7911=CARTESIAN_POINT('',(29.817583387,-15.733255217,-15.60870148));
#7912=CARTESIAN_POINT('',(29.79842535,-15.834819311,-15.587258117));
#7913=CARTESIAN_POINT('',(29.779267314,-15.936383405,-15.565814754));
#7914=CARTESIAN_POINT('',(29.758592188,-16.037591212,-15.53959902));
#7915=CARTESIAN_POINT('',(29.738608343,-16.136584576,-15.5079664));
#7916=CARTESIAN_POINT('',(29.718624498,-16.235577939,-15.47633378));
#7917=CARTESIAN_POINT('',(29.699240078,-16.332631286,-15.439287396));
#7918=CARTESIAN_POINT('',(29.683028394,-16.427687078,-15.395398313));
#7919=CARTESIAN_POINT('',(29.666816711,-16.522742871,-15.35150923));
#7920=CARTESIAN_POINT('',(29.65374658,-16.61585664,-15.300622738));
#7921=CARTESIAN_POINT('',(29.64839433,-16.703887063,-15.242577672));
#7922=CARTESIAN_POINT('',(29.643042081,-16.791917486,-15.184532606));
#7923=CARTESIAN_POINT('',(29.645207169,-16.876801559,-15.117914632));
#7924=CARTESIAN_POINT('',(29.663024706,-16.951728239,-15.045025576));
#7925=CARTESIAN_POINT('',(29.680842244,-17.026654919,-14.97213652));
#7926=CARTESIAN_POINT('',(29.714435184,-17.092423195,-14.892097553));
#7927=CARTESIAN_POINT('',(29.775526791,-17.136073574,-14.81496861));
#7928=B_SPLINE_CURVE_WITH_KNOTS('',3,(#7906,#7907,#7908,#7909,#7910,#7911,#7912,#7913,#7914,#7915,#7916,#7917,#7918,#7919,#7920,#7921,#7922,#7923,#7924,#7925,#7926,#7927),.UNSPECIFIED.,.F.,.F.,(4,3,3,3,3,3,3,4),(0.,0.000629389,0.000944083,0.001258777,0.001573471,0.001888166,0.00220286,0.002517554),.UNSPECIFIED.);
#7929=EDGE_CURVE('',#7897,#7905,#7928,.T.);
#7930=ORIENTED_EDGE('',*,*,#7929,.T.);
#7931=CARTESIAN_POINT('',(29.775526791,-18.9,-14.81496861));
#7932=VERTEX_POINT('',#7931);
#7933=CARTESIAN_POINT('',(29.775526791,-18.9,-14.81496861));
#7934=DIRECTION('',(0.,1.,0.));
#7935=VECTOR('',#7934,1.763926426);
#7936=LINE('',#7933,#7935);
#7937=EDGE_CURVE('',#7932,#7905,#7936,.T.);
#7938=ORIENTED_EDGE('',*,*,#7937,.F.);
#7939=CARTESIAN_POINT('',(30.245861697,-18.9,-15.1875073));
#7940=DIRECTION('',(0.,1.,0.));
#7941=DIRECTION('',(0.,-0.,1.));
#7942=AXIS2_PLACEMENT_3D('',#7939,#7940,#7941);
#7943=CIRCLE('',#7942,0.6);
#7944=EDGE_CURVE('',#7880,#7932,#7943,.T.);
#7945=ORIENTED_EDGE('',*,*,#7944,.F.);
#7946=EDGE_LOOP('',(#7886,#7895,#7903,#7930,#7938,#7945));
#7947=FACE_BOUND('',#7946,.T.);
#7948=ADVANCED_FACE('',(#7947),#7876,.F.);
#7949=CARTESIAN_POINT('',(30.691461697,-18.9,-15.95930914));
#7950=DIRECTION('',(-0.866025404,0.,-0.5));
#7951=DIRECTION('',(-0.5,0.,0.866025404));
#7952=AXIS2_PLACEMENT_3D('',#7949,#7950,#7951);
#7953=PLANE('',#7952);
#7954=CARTESIAN_POINT('',(30.687449741,-18.9,-15.952360227));
#7955=VERTEX_POINT('',#7954);
#7956=CARTESIAN_POINT('',(30.695473654,-18.9,-15.966258053));
#7957=VERTEX_POINT('',#7956);
#7958=CARTESIAN_POINT('',(30.687449741,-18.9,-15.952360227));
#7959=DIRECTION('',(0.5,0.,-0.866025404));
#7960=VECTOR('',#7959,0.016047827);
#7961=LINE('',#7958,#7960);
#7962=EDGE_CURVE('',#7955,#7957,#7961,.T.);
#7963=ORIENTED_EDGE('',*,*,#7962,.T.);
#7964=CARTESIAN_POINT('',(30.695473654,-13.51,-15.966258053));
#7965=VERTEX_POINT('',#7964);
#7966=CARTESIAN_POINT('',(30.695473654,-13.51,-15.966258053));
#7967=DIRECTION('',(0.,-1.,0.));
#7968=VECTOR('',#7967,5.39);
#7969=LINE('',#7966,#7968);
#7970=EDGE_CURVE('',#7965,#7957,#7969,.T.);
#7971=ORIENTED_EDGE('',*,*,#7970,.F.);
#7972=CARTESIAN_POINT('',(30.687449741,-13.51,-15.952360227));
#7973=VERTEX_POINT('',#7972);
#7974=CARTESIAN_POINT('',(30.687449741,-13.51,-15.952360227));
#7975=DIRECTION('',(0.5,0.,-0.866025404));
#7976=VECTOR('',#7975,0.016047827);
#7977=LINE('',#7974,#7976);
#7978=EDGE_CURVE('',#7973,#7965,#7977,.T.);
#7979=ORIENTED_EDGE('',*,*,#7978,.F.);
#7980=CARTESIAN_POINT('',(30.687449741,-18.9,-15.952360227));
#7981=DIRECTION('',(-0.,1.,-0.));
#7982=VECTOR('',#7981,5.39);
#7983=LINE('',#7980,#7982);
#7984=EDGE_CURVE('',#7955,#7973,#7983,.T.);
#7985=ORIENTED_EDGE('',*,*,#7984,.F.);
#7986=EDGE_LOOP('',(#7963,#7971,#7979,#7985));
#7987=FACE_BOUND('',#7986,.T.);
#7988=ADVANCED_FACE('',(#7987),#7953,.F.);
#7989=CARTESIAN_POINT('',(31.137061697,-18.9,-16.73111098));
#7990=DIRECTION('',(0.,1.,0.));
#7991=DIRECTION('',(0.,0.,-1.));
#7992=AXIS2_PLACEMENT_3D('',#7989,#7990,#7991);
#7993=CYLINDRICAL_SURFACE('',#7992,0.6);
#7994=CARTESIAN_POINT('',(31.137061825,-16.787391568,-17.331241033));
#7995=VERTEX_POINT('',#7994);
#7996=CARTESIAN_POINT('',(31.137061697,-18.9,-17.33111098));
#7997=VERTEX_POINT('',#7996);
#7998=CARTESIAN_POINT('',(31.137061697,-16.787391568,-17.33111098));
#7999=DIRECTION('',(-0.,-1.,-0.));
#8000=VECTOR('',#7999,2.112608432);
#8001=LINE('',#7998,#8000);
#8002=EDGE_CURVE('',#7995,#7997,#8001,.T.);
#8003=ORIENTED_EDGE('',*,*,#8002,.F.);
#8004=CARTESIAN_POINT('',(30.601820819,-14.9,-17.002251537));
#8005=VERTEX_POINT('',#8004);
#8006=CARTESIAN_POINT('',(31.224522214,-16.845610168,-17.324702303));
#8007=CARTESIAN_POINT('',(31.144905073,-16.801273593,-17.336433196));
#8008=CARTESIAN_POINT('',(31.076335057,-16.74057129,-17.331046669));
#8009=CARTESIAN_POINT('',(31.017466153,-16.672811581,-17.319070933));
#8010=CARTESIAN_POINT('',(30.958597249,-16.605051873,-17.307095197));
#8011=CARTESIAN_POINT('',(30.910278184,-16.531249646,-17.288533715));
#8012=CARTESIAN_POINT('',(30.8687851,-16.453074578,-17.267793072));
#8013=CARTESIAN_POINT('',(30.785798931,-16.296724443,-17.226311785));
#8014=CARTESIAN_POINT('',(30.733773721,-16.13162772,-17.178860422));
#8015=CARTESIAN_POINT('',(30.695914834,-15.960171057,-17.137791992));
#8016=CARTESIAN_POINT('',(30.658055948,-15.788714393,-17.096723562));
#8017=CARTESIAN_POINT('',(30.63579022,-15.612939706,-17.061985458));
#8018=CARTESIAN_POINT('',(30.621752744,-15.436181499,-17.03844904));
#8019=CARTESIAN_POINT('',(30.607715268,-15.259423292,-17.014912622));
#8020=CARTESIAN_POINT('',(30.601820819,-15.080707611,-17.002251537));
#8021=CARTESIAN_POINT('',(30.601820819,-14.9,-17.002251537));
#8022=B_SPLINE_CURVE_WITH_KNOTS('',3,(#8006,#8007,#8008,#8009,#8010,#8011,#8012,#8013,#8014,#8015,#8016,#8017,#8018,#8019,#8020,#8021),.UNSPECIFIED.,.F.,.F.,(4,3,3,3,3,4),(0.,0.000270106,0.000540212,0.001080424,0.001620636,0.002160849),.UNSPECIFIED.);
#8023=EDGE_CURVE('',#7995,#8005,#8022,.T.);
#8024=ORIENTED_EDGE('',*,*,#8023,.T.);
#8025=CARTESIAN_POINT('',(30.601820819,-13.51,-17.002251537));
#8026=VERTEX_POINT('',#8025);
#8027=CARTESIAN_POINT('',(30.601820819,-14.9,-17.002251537));
#8028=DIRECTION('',(0.,1.,0.));
#8029=VECTOR('',#8028,1.39);
#8030=LINE('',#8027,#8029);
#8031=EDGE_CURVE('',#8005,#8026,#8030,.T.);
#8032=ORIENTED_EDGE('',*,*,#8031,.T.);
#8033=CARTESIAN_POINT('',(30.666726791,-13.51,-16.358572289));
#8034=VERTEX_POINT('',#8033);
#8035=CARTESIAN_POINT('',(31.137061697,-13.51,-16.73111098));
#8036=DIRECTION('',(0.,1.,0.));
#8037=DIRECTION('',(0.,0.,-1.));
#8038=AXIS2_PLACEMENT_3D('',#8035,#8036,#8037);
#8039=CIRCLE('',#8038,0.6);
#8040=EDGE_CURVE('',#8026,#8034,#8039,.T.);
#8041=ORIENTED_EDGE('',*,*,#8040,.T.);
#8042=CARTESIAN_POINT('',(30.666726791,-18.9,-16.358572289));
#8043=VERTEX_POINT('',#8042);
#8044=CARTESIAN_POINT('',(30.666726791,-18.9,-16.358572289));
#8045=DIRECTION('',(0.,1.,0.));
#8046=VECTOR('',#8045,5.39);
#8047=LINE('',#8044,#8046);
#8048=EDGE_CURVE('',#8043,#8034,#8047,.T.);
#8049=ORIENTED_EDGE('',*,*,#8048,.F.);
#8050=CARTESIAN_POINT('',(31.137061697,-18.9,-16.73111098));
#8051=DIRECTION('',(0.,1.,0.));
#8052=DIRECTION('',(0.,-0.,1.));
#8053=AXIS2_PLACEMENT_3D('',#8050,#8051,#8052);
#8054=CIRCLE('',#8053,0.6);
#8055=EDGE_CURVE('',#7997,#8043,#8054,.T.);
#8056=ORIENTED_EDGE('',*,*,#8055,.F.);
#8057=EDGE_LOOP('',(#8003,#8024,#8032,#8041,#8049,#8056));
#8058=FACE_BOUND('',#8057,.T.);
#8059=ADVANCED_FACE('',(#8058),#7993,.F.);
#8060=CARTESIAN_POINT('',(31.582661697,-18.9,-17.50291282));
#8061=DIRECTION('',(-0.866025404,0.,-0.5));
#8062=DIRECTION('',(-0.5,0.,0.866025404));
#8063=AXIS2_PLACEMENT_3D('',#8060,#8061,#8062);
#8064=PLANE('',#8063);
#8065=CARTESIAN_POINT('',(31.578649741,-18.9,-17.495963907));
#8066=VERTEX_POINT('',#8065);
#8067=CARTESIAN_POINT('',(31.578649741,-17.260688574,-17.495963907));
#8068=VERTEX_POINT('',#8067);
#8069=CARTESIAN_POINT('',(31.578649741,-18.9,-17.495963907));
#8070=DIRECTION('',(-0.,1.,-0.));
#8071=VECTOR('',#8070,1.639311426);
#8072=LINE('',#8069,#8071);
#8073=EDGE_CURVE('',#8066,#8068,#8072,.T.);
#8074=ORIENTED_EDGE('',*,*,#8073,.F.);
#8075=CARTESIAN_POINT('',(31.586673654,-18.9,-17.509861733));
#8076=VERTEX_POINT('',#8075);
#8077=CARTESIAN_POINT('',(31.578649741,-18.9,-17.495963907));
#8078=DIRECTION('',(0.5,0.,-0.866025404));
#8079=VECTOR('',#8078,0.016047827);
#8080=LINE('',#8077,#8079);
#8081=EDGE_CURVE('',#8066,#8076,#8080,.T.);
#8082=ORIENTED_EDGE('',*,*,#8081,.T.);
#8083=CARTESIAN_POINT('',(31.586673654,-17.278135563,-17.509861733));
#8084=VERTEX_POINT('',#8083);
#8085=CARTESIAN_POINT('',(31.586673654,-17.278135563,-17.509861733));
#8086=DIRECTION('',(0.,-1.,0.));
#8087=VECTOR('',#8086,1.621864437);
#8088=LINE('',#8085,#8087);
#8089=EDGE_CURVE('',#8084,#8076,#8088,.T.);
#8090=ORIENTED_EDGE('',*,*,#8089,.F.);
#8091=CARTESIAN_POINT('',(32.870658783,-14.9,-19.733789212));
#8092=DIRECTION('',(0.866025404,0.,0.5));
#8093=DIRECTION('',(-0.5,0.,0.866025404));
#8094=AXIS2_PLACEMENT_3D('',#8091,#8092,#8093);
#8095=CIRCLE('',#8094,3.5);
#8096=EDGE_CURVE('',#8068,#8084,#8095,.T.);
#8097=ORIENTED_EDGE('',*,*,#8096,.F.);
#8098=EDGE_LOOP('',(#8074,#8082,#8090,#8097));
#8099=FACE_BOUND('',#8098,.T.);
#8100=ADVANCED_FACE('',(#8099),#8064,.F.);
#8101=CARTESIAN_POINT('',(36.142230262,-18.9,-23.000317234));
#8102=DIRECTION('',(0.866025404,0.,0.5));
#8103=DIRECTION('',(0.5,0.,-0.866025404));
#8104=AXIS2_PLACEMENT_3D('',#8101,#8102,#8103);
#8105=PLANE('',#8104);
#8106=ORIENTED_EDGE('',*,*,#7258,.T.);
#8107=ORIENTED_EDGE('',*,*,#5709,.F.);
#8108=CARTESIAN_POINT('',(38.497556645,-18.9,-27.079862198));
#8109=VERTEX_POINT('',#8108);
#8110=CARTESIAN_POINT('',(38.497556645,-18.9,-27.079862198));
#8111=DIRECTION('',(-0.5,0.,0.866025404));
#8112=VECTOR('',#8111,9.421305534);
#8113=LINE('',#8110,#8112);
#8114=EDGE_CURVE('',#8109,#5695,#8113,.T.);
#8115=ORIENTED_EDGE('',*,*,#8114,.F.);
#8116=CARTESIAN_POINT('',(38.497556645,-18.9,-27.079862198));
#8117=DIRECTION('',(0.,1.,0.));
#8118=VECTOR('',#8117,1.);
#8119=LINE('',#8116,#8118);
#8120=EDGE_CURVE('',#8109,#7253,#8119,.T.);
#8121=ORIENTED_EDGE('',*,*,#8120,.T.);
#8122=EDGE_LOOP('',(#8106,#8107,#8115,#8121));
#8123=FACE_BOUND('',#8122,.T.);
#8124=ADVANCED_FACE('',(#8123),#8105,.T.);
#8125=CARTESIAN_POINT('',(38.266694609,-18.9,-29.079997422));
#8126=DIRECTION('',(0.,1.,0.));
#8127=DIRECTION('',(0.,0.,-1.));
#8128=AXIS2_PLACEMENT_3D('',#8125,#8126,#8127);
#8129=CYLINDRICAL_SURFACE('',#8128,0.6);
#8130=CARTESIAN_POINT('',(38.266694661,-17.464321986,-29.680090461));
#8131=VERTEX_POINT('',#8130);
#8132=CARTESIAN_POINT('',(38.266694609,-18.9,-29.679997422));
#8133=VERTEX_POINT('',#8132);
#8134=CARTESIAN_POINT('',(38.266694609,-17.464321986,-29.679997422));
#8135=DIRECTION('',(-0.,-1.,-0.));
#8136=VECTOR('',#8135,1.435678014);
#8137=LINE('',#8134,#8136);
#8138=EDGE_CURVE('',#8131,#8133,#8137,.T.);
#8139=ORIENTED_EDGE('',*,*,#8138,.F.);
#8140=CARTESIAN_POINT('',(38.354155126,-17.428396988,-29.673588744));
#8141=CARTESIAN_POINT('',(38.282529013,-17.453928681,-29.684142229));
#8142=CARTESIAN_POINT('',(38.21498722,-17.487709623,-29.681409299));
#8143=CARTESIAN_POINT('',(38.150141239,-17.526075759,-29.668567989));
#8144=CARTESIAN_POINT('',(38.085295259,-17.564441895,-29.655726678));
#8145=CARTESIAN_POINT('',(38.026273191,-17.605630702,-29.633292339));
#8146=CARTESIAN_POINT('',(37.971633362,-17.648250797,-29.60243293));
#8147=CARTESIAN_POINT('',(37.862353703,-17.733490988,-29.540714113));
#8148=CARTESIAN_POINT('',(37.773828075,-17.821566972,-29.446450513));
#8149=CARTESIAN_POINT('',(37.719850983,-17.89999991,-29.32690236));
#8150=B_SPLINE_CURVE_WITH_KNOTS('',3,(#8140,#8141,#8142,#8143,#8144,#8145,#8146,#8147,#8148,#8149),.UNSPECIFIED.,.F.,.F.,(4,3,3,4),(0.,0.00022625,0.0004525,0.000905),.UNSPECIFIED.);
#8151=EDGE_CURVE('',#8131,#5916,#8150,.T.);
#8152=ORIENTED_EDGE('',*,*,#8151,.T.);
#8153=ORIENTED_EDGE('',*,*,#5938,.F.);
#8154=CARTESIAN_POINT('',(38.266694609,-18.9,-29.079997422));
#8155=DIRECTION('',(0.,1.,0.));
#8156=DIRECTION('',(0.,-0.,1.));
#8157=AXIS2_PLACEMENT_3D('',#8154,#8155,#8156);
#8158=CIRCLE('',#8157,0.6);
#8159=EDGE_CURVE('',#8133,#5926,#8158,.T.);
#8160=ORIENTED_EDGE('',*,*,#8159,.F.);
#8161=EDGE_LOOP('',(#8139,#8152,#8153,#8160));
#8162=FACE_BOUND('',#8161,.T.);
#8163=ADVANCED_FACE('',(#8162),#8129,.F.);
#8164=CARTESIAN_POINT('',(39.157894609,-18.9,-30.623601102));
#8165=DIRECTION('',(0.,1.,0.));
#8166=DIRECTION('',(0.,0.,-1.));
#8167=AXIS2_PLACEMENT_3D('',#8164,#8165,#8166);
#8168=CYLINDRICAL_SURFACE('',#8167,0.6);
#8169=CARTESIAN_POINT('',(39.157894609,-18.9,-31.223601102));
#8170=VERTEX_POINT('',#8169);
#8171=CARTESIAN_POINT('',(39.157894609,-13.51,-31.223601102));
#8172=DIRECTION('',(-0.,-1.,-0.));
#8173=VECTOR('',#8172,5.39);
#8174=LINE('',#8171,#8173);
#8175=EDGE_CURVE('',#6298,#8170,#8174,.T.);
#8176=ORIENTED_EDGE('',*,*,#8175,.F.);
#8177=ORIENTED_EDGE('',*,*,#6304,.T.);
#8178=CARTESIAN_POINT('',(38.581246077,-14.9,-30.789361382));
#8179=VERTEX_POINT('',#8178);
#8180=CARTESIAN_POINT('',(38.581246077,-13.51,-30.789361382));
#8181=DIRECTION('',(-0.,-1.,-0.));
#8182=VECTOR('',#8181,1.39);
#8183=LINE('',#8180,#8182);
#8184=EDGE_CURVE('',#6290,#8179,#8183,.T.);
#8185=ORIENTED_EDGE('',*,*,#8184,.T.);
#8186=CARTESIAN_POINT('',(38.581246077,-14.9,-30.789361382));
#8187=CARTESIAN_POINT('',(38.581246077,-15.05049611,-30.789361382));
#8188=CARTESIAN_POINT('',(38.578276361,-15.199292469,-30.779911229));
#8189=CARTESIAN_POINT('',(38.573763507,-15.346361652,-30.760680846));
#8190=CARTESIAN_POINT('',(38.569250654,-15.493430836,-30.741450463));
#8191=CARTESIAN_POINT('',(38.563078391,-15.638779125,-30.712490092));
#8192=CARTESIAN_POINT('',(38.559793429,-15.782067844,-30.671297844));
#8193=CARTESIAN_POINT('',(38.556508468,-15.925356562,-30.630105595));
#8194=CARTESIAN_POINT('',(38.555605497,-16.068095908,-30.57603769));
#8195=CARTESIAN_POINT('',(38.569420935,-16.201103184,-30.506559505));
#8196=CARTESIAN_POINT('',(38.576328654,-16.267606822,-30.471820412));
#8197=CARTESIAN_POINT('',(38.587162344,-16.332341557,-30.432798658));
#8198=CARTESIAN_POINT('',(38.605173184,-16.391624203,-30.390150836));
#8199=CARTESIAN_POINT('',(38.623184024,-16.450906849,-30.347503013));
#8200=CARTESIAN_POINT('',(38.648585597,-16.506135814,-30.300267722));
#8201=CARTESIAN_POINT('',(38.687559703,-16.549417401,-30.251062411));
#8202=B_SPLINE_CURVE_WITH_KNOTS('',3,(#8186,#8187,#8188,#8189,#8190,#8191,#8192,#8193,#8194,#8195,#8196,#8197,#8198,#8199,#8200,#8201),.UNSPECIFIED.,.F.,.F.,(4,3,3,3,3,4),(0.,0.000444763,0.000889526,0.001334289,0.001556671,0.001779053),.UNSPECIFIED.);
#8203=EDGE_CURVE('',#8179,#6233,#8202,.T.);
#8204=ORIENTED_EDGE('',*,*,#8203,.T.);
#8205=ORIENTED_EDGE('',*,*,#6261,.F.);
#8206=CARTESIAN_POINT('',(39.157894609,-18.9,-30.623601102));
#8207=DIRECTION('',(0.,1.,0.));
#8208=DIRECTION('',(0.,-0.,1.));
#8209=AXIS2_PLACEMENT_3D('',#8206,#8207,#8208);
#8210=CIRCLE('',#8209,0.6);
#8211=EDGE_CURVE('',#8170,#6249,#8210,.T.);
#8212=ORIENTED_EDGE('',*,*,#8211,.F.);
#8213=EDGE_LOOP('',(#8176,#8177,#8185,#8204,#8205,#8212));
#8214=FACE_BOUND('',#8213,.T.);
#8215=ADVANCED_FACE('',(#8214),#8168,.F.);
#8216=CARTESIAN_POINT('',(39.603494609,-18.9,-31.395402942));
#8217=DIRECTION('',(0.866025404,0.,0.5));
#8218=DIRECTION('',(0.5,0.,-0.866025404));
#8219=AXIS2_PLACEMENT_3D('',#8216,#8217,#8218);
#8220=PLANE('',#8219);
#8221=CARTESIAN_POINT('',(39.607506566,-18.9,-31.402351854));
#8222=VERTEX_POINT('',#8221);
#8223=CARTESIAN_POINT('',(39.599482652,-18.9,-31.388454029));
#8224=VERTEX_POINT('',#8223);
#8225=CARTESIAN_POINT('',(39.607506566,-18.9,-31.402351854));
#8226=DIRECTION('',(-0.5,0.,0.866025404));
#8227=VECTOR('',#8226,0.016047827);
#8228=LINE('',#8225,#8227);
#8229=EDGE_CURVE('',#8222,#8224,#8228,.T.);
#8230=ORIENTED_EDGE('',*,*,#8229,.F.);
#8231=CARTESIAN_POINT('',(39.607506566,-13.51,-31.402351854));
#8232=DIRECTION('',(-0.,-1.,-0.));
#8233=VECTOR('',#8232,5.39);
#8234=LINE('',#8231,#8233);
#8235=EDGE_CURVE('',#6325,#8222,#8234,.T.);
#8236=ORIENTED_EDGE('',*,*,#8235,.F.);
#8237=ORIENTED_EDGE('',*,*,#6330,.T.);
#8238=CARTESIAN_POINT('',(39.599482652,-18.9,-31.388454029));
#8239=DIRECTION('',(0.,1.,0.));
#8240=VECTOR('',#8239,5.39);
#8241=LINE('',#8238,#8240);
#8242=EDGE_CURVE('',#8224,#6316,#8241,.T.);
#8243=ORIENTED_EDGE('',*,*,#8242,.F.);
#8244=EDGE_LOOP('',(#8230,#8236,#8237,#8243));
#8245=FACE_BOUND('',#8244,.T.);
#8246=ADVANCED_FACE('',(#8245),#8220,.T.);
#8247=CARTESIAN_POINT('',(40.049094609,-18.9,-32.167204781));
#8248=DIRECTION('',(0.,1.,0.));
#8249=DIRECTION('',(0.,0.,-1.));
#8250=AXIS2_PLACEMENT_3D('',#8247,#8248,#8249);
#8251=CYLINDRICAL_SURFACE('',#8250,0.6);
#8252=CARTESIAN_POINT('',(40.049094656,-17.293970907,-32.767269653));
#8253=VERTEX_POINT('',#8252);
#8254=CARTESIAN_POINT('',(40.049094609,-18.9,-32.767204781));
#8255=VERTEX_POINT('',#8254);
#8256=CARTESIAN_POINT('',(40.049094609,-17.293970907,-32.767204781));
#8257=DIRECTION('',(-0.,-1.,-0.));
#8258=VECTOR('',#8257,1.606029093);
#8259=LINE('',#8256,#8258);
#8260=EDGE_CURVE('',#8253,#8255,#8259,.T.);
#8261=ORIENTED_EDGE('',*,*,#8260,.F.);
#8262=CARTESIAN_POINT('',(39.470620739,-14.9,-32.007931489));
#8263=VERTEX_POINT('',#8262);
#8264=CARTESIAN_POINT('',(40.136555126,-17.334052051,-32.760796104));
#8265=CARTESIAN_POINT('',(40.025515844,-17.291325424,-32.777156776));
#8266=CARTESIAN_POINT('',(39.925686161,-17.222464377,-32.760774407));
#8267=CARTESIAN_POINT('',(39.844012849,-17.142713689,-32.731067772));
#8268=CARTESIAN_POINT('',(39.803176192,-17.102838346,-32.716214454));
#8269=CARTESIAN_POINT('',(39.766081174,-17.059507001,-32.697668807));
#8270=CARTESIAN_POINT('',(39.733280912,-17.014686158,-32.677363295));
#8271=CARTESIAN_POINT('',(39.70048065,-16.969865315,-32.657057783));
#8272=CARTESIAN_POINT('',(39.671800987,-16.923505172,-32.634995122));
#8273=CARTESIAN_POINT('',(39.646364176,-16.875738975,-32.611961118));
#8274=CARTESIAN_POINT('',(39.595490556,-16.78020658,-32.565893109));
#8275=CARTESIAN_POINT('',(39.557485167,-16.678415293,-32.51574277));
#8276=CARTESIAN_POINT('',(39.529400038,-16.57533598,-32.467067339));
#8277=CARTESIAN_POINT('',(39.501314909,-16.472256666,-32.418391907));
#8278=CARTESIAN_POINT('',(39.482675522,-16.366941895,-32.370596781));
#8279=CARTESIAN_POINT('',(39.470308937,-16.25927449,-32.325341262));
#8280=CARTESIAN_POINT('',(39.457942351,-16.151607085,-32.280085743));
#8281=CARTESIAN_POINT('',(39.451958761,-16.041139091,-32.237195897));
#8282=CARTESIAN_POINT('',(39.449932834,-15.930190845,-32.198909158));
#8283=CARTESIAN_POINT('',(39.447906907,-15.8192426,-32.16062242));
#8284=CARTESIAN_POINT('',(39.449784865,-15.70742539,-32.126721057));
#8285=CARTESIAN_POINT('',(39.453049532,-15.594451947,-32.098427848));
#8286=CARTESIAN_POINT('',(39.459578866,-15.368505059,-32.041841428));
#8287=CARTESIAN_POINT('',(39.470620739,-15.137869301,-32.007931489));
#8288=CARTESIAN_POINT('',(39.470620739,-14.9,-32.007931489));
#8289=B_SPLINE_CURVE_WITH_KNOTS('',3,(#8264,#8265,#8266,#8267,#8268,#8269,#8270,#8271,#8272,#8273,#8274,#8275,#8276,#8277,#8278,#8279,#8280,#8281,#8282,#8283,#8284,#8285,#8286,#8287,#8288),.UNSPECIFIED.,.F.,.F.,(4,3,3,3,3,3,3,3,4),(0.,0.000353719,0.000530578,0.000707437,0.001061156,0.001414874,0.001768593,0.002122311,0.002829748),.UNSPECIFIED.);
#8290=EDGE_CURVE('',#8253,#8263,#8289,.T.);
#8291=ORIENTED_EDGE('',*,*,#8290,.T.);
#8292=CARTESIAN_POINT('',(39.470620739,-14.9,-32.007931489));
#8293=DIRECTION('',(0.,1.,0.));
#8294=VECTOR('',#8293,1.39);
#8295=LINE('',#8292,#8294);
#8296=EDGE_CURVE('',#8263,#6272,#8295,.T.);
#8297=ORIENTED_EDGE('',*,*,#8296,.T.);
#8298=ORIENTED_EDGE('',*,*,#6346,.T.);
#8299=CARTESIAN_POINT('',(39.578759703,-18.9,-31.794666091));
#8300=VERTEX_POINT('',#8299);
#8301=CARTESIAN_POINT('',(39.578759703,-18.9,-31.794666091));
#8302=DIRECTION('',(0.,1.,0.));
#8303=VECTOR('',#8302,5.39);
#8304=LINE('',#8301,#8303);
#8305=EDGE_CURVE('',#8300,#6333,#8304,.T.);
#8306=ORIENTED_EDGE('',*,*,#8305,.F.);
#8307=CARTESIAN_POINT('',(40.049094609,-18.9,-32.167204781));
#8308=DIRECTION('',(0.,1.,0.));
#8309=DIRECTION('',(0.,-0.,1.));
#8310=AXIS2_PLACEMENT_3D('',#8307,#8308,#8309);
#8311=CIRCLE('',#8310,0.6);
#8312=EDGE_CURVE('',#8255,#8300,#8311,.T.);
#8313=ORIENTED_EDGE('',*,*,#8312,.F.);
#8314=EDGE_LOOP('',(#8261,#8291,#8297,#8298,#8306,#8313));
#8315=FACE_BOUND('',#8314,.T.);
#8316=ADVANCED_FACE('',(#8315),#8251,.F.);
#8317=CARTESIAN_POINT('',(40.494694609,-18.9,-32.939006621));
#8318=DIRECTION('',(0.866025404,0.,0.5));
#8319=DIRECTION('',(0.5,0.,-0.866025404));
#8320=AXIS2_PLACEMENT_3D('',#8317,#8318,#8319);
#8321=PLANE('',#8320);
#8322=CARTESIAN_POINT('',(40.498706566,-17.643254228,-32.945955534));
#8323=VERTEX_POINT('',#8322);
#8324=CARTESIAN_POINT('',(40.490682652,-17.630462044,-32.932057708));
#8325=VERTEX_POINT('',#8324);
#8326=CARTESIAN_POINT('',(41.585508783,-14.9,-34.828352192));
#8327=DIRECTION('',(-0.866025404,0.,-0.5));
#8328=DIRECTION('',(0.5,0.,-0.866025404));
#8329=AXIS2_PLACEMENT_3D('',#8326,#8327,#8328);
#8330=CIRCLE('',#8329,3.5);
#8331=EDGE_CURVE('',#8323,#8325,#8330,.T.);
#8332=ORIENTED_EDGE('',*,*,#8331,.T.);
#8333=CARTESIAN_POINT('',(40.490682652,-18.9,-32.932057708));
#8334=VERTEX_POINT('',#8333);
#8335=CARTESIAN_POINT('',(40.490682652,-18.9,-32.932057708));
#8336=DIRECTION('',(0.,1.,0.));
#8337=VECTOR('',#8336,1.269537956);
#8338=LINE('',#8335,#8337);
#8339=EDGE_CURVE('',#8334,#8325,#8338,.T.);
#8340=ORIENTED_EDGE('',*,*,#8339,.F.);
#8341=CARTESIAN_POINT('',(40.498706566,-18.9,-32.945955534));
#8342=VERTEX_POINT('',#8341);
#8343=CARTESIAN_POINT('',(40.498706566,-18.9,-32.945955534));
#8344=DIRECTION('',(-0.5,0.,0.866025404));
#8345=VECTOR('',#8344,0.016047827);
#8346=LINE('',#8343,#8345);
#8347=EDGE_CURVE('',#8342,#8334,#8346,.T.);
#8348=ORIENTED_EDGE('',*,*,#8347,.F.);
#8349=CARTESIAN_POINT('',(40.498706566,-17.643254228,-32.945955534));
#8350=DIRECTION('',(-0.,-1.,-0.));
#8351=VECTOR('',#8350,1.256745772);
#8352=LINE('',#8349,#8351);
#8353=EDGE_CURVE('',#8323,#8342,#8352,.T.);
#8354=ORIENTED_EDGE('',*,*,#8353,.F.);
#8355=EDGE_LOOP('',(#8332,#8340,#8348,#8354));
#8356=FACE_BOUND('',#8355,.T.);
#8357=ADVANCED_FACE('',(#8356),#8321,.T.);
#8358=CARTESIAN_POINT('',(42.557313843,-18.9,-34.111567932));
#8359=DIRECTION('',(0.866025404,0.,0.5));
#8360=DIRECTION('',(0.5,0.,-0.866025404));
#8361=AXIS2_PLACEMENT_3D('',#8358,#8359,#8360);
#8362=PLANE('',#8361);
#8363=CARTESIAN_POINT('',(46.439589267,-17.9,-40.835866215));
#8364=VERTEX_POINT('',#8363);
#8365=CARTESIAN_POINT('',(46.439589267,-17.9,-40.835866215));
#8366=DIRECTION('',(-0.5,0.,0.866025404));
#8367=VECTOR('',#8366,7.899401696);
#8368=LINE('',#8365,#8367);
#8369=EDGE_CURVE('',#8364,#5229,#8368,.T.);
#8370=ORIENTED_EDGE('',*,*,#8369,.T.);
#8371=ORIENTED_EDGE('',*,*,#5234,.F.);
#8372=CARTESIAN_POINT('',(46.439589267,-18.9,-40.835866215));
#8373=VERTEX_POINT('',#8372);
#8374=CARTESIAN_POINT('',(46.439589267,-18.9,-40.835866215));
#8375=DIRECTION('',(-0.5,0.,0.866025404));
#8376=VECTOR('',#8375,7.899401696);
#8377=LINE('',#8374,#8376);
#8378=EDGE_CURVE('',#8373,#5220,#8377,.T.);
#8379=ORIENTED_EDGE('',*,*,#8378,.F.);
#8380=CARTESIAN_POINT('',(46.439589267,-18.9,-40.835866215));
#8381=DIRECTION('',(0.,1.,0.));
#8382=VECTOR('',#8381,1.);
#8383=LINE('',#8380,#8382);
#8384=EDGE_CURVE('',#8373,#8364,#8383,.T.);
#8385=ORIENTED_EDGE('',*,*,#8384,.T.);
#8386=EDGE_LOOP('',(#8370,#8371,#8379,#8385));
#8387=FACE_BOUND('',#8386,.T.);
#8388=ADVANCED_FACE('',(#8387),#8362,.T.);
#8389=CARTESIAN_POINT('',(45.400358783,-18.9,-41.435866215));
#8390=DIRECTION('',(0.,1.,0.));
#8391=DIRECTION('',(0.,0.,-1.));
#8392=AXIS2_PLACEMENT_3D('',#8389,#8390,#8391);
#8393=CYLINDRICAL_SURFACE('',#8392,1.2);
#8394=CARTESIAN_POINT('',(45.400358783,-17.9,-42.635866215));
#8395=VERTEX_POINT('',#8394);
#8396=CARTESIAN_POINT('',(45.400358783,-18.9,-42.635866215));
#8397=VERTEX_POINT('',#8396);
#8398=CARTESIAN_POINT('',(45.400358783,-17.9,-42.635866215));
#8399=DIRECTION('',(-0.,-1.,-0.));
#8400=VECTOR('',#8399,1.);
#8401=LINE('',#8398,#8400);
#8402=EDGE_CURVE('',#8395,#8397,#8401,.T.);
#8403=ORIENTED_EDGE('',*,*,#8402,.T.);
#8404=CARTESIAN_POINT('',(44.361128298,-18.9,-42.035866215));
#8405=VERTEX_POINT('',#8404);
#8406=CARTESIAN_POINT('',(45.400358783,-18.9,-41.435866215));
#8407=DIRECTION('',(0.,1.,0.));
#8408=DIRECTION('',(0.,-0.,1.));
#8409=AXIS2_PLACEMENT_3D('',#8406,#8407,#8408);
#8410=CIRCLE('',#8409,1.2);
#8411=EDGE_CURVE('',#8397,#8405,#8410,.T.);
#8412=ORIENTED_EDGE('',*,*,#8411,.T.);
#8413=CARTESIAN_POINT('',(44.361128298,-17.9,-42.035866215));
#8414=VERTEX_POINT('',#8413);
#8415=CARTESIAN_POINT('',(44.361128298,-18.9,-42.035866215));
#8416=DIRECTION('',(0.,1.,0.));
#8417=VECTOR('',#8416,1.);
#8418=LINE('',#8415,#8417);
#8419=EDGE_CURVE('',#8405,#8414,#8418,.T.);
#8420=ORIENTED_EDGE('',*,*,#8419,.T.);
#8421=CARTESIAN_POINT('',(45.400358783,-17.9,-41.435866215));
#8422=DIRECTION('',(0.,1.,0.));
#8423=DIRECTION('',(0.,-0.,1.));
#8424=AXIS2_PLACEMENT_3D('',#8421,#8422,#8423);
#8425=CIRCLE('',#8424,1.2);
#8426=EDGE_CURVE('',#8395,#8414,#8425,.T.);
#8427=ORIENTED_EDGE('',*,*,#8426,.F.);
#8428=EDGE_LOOP('',(#8403,#8412,#8420,#8427));
#8429=FACE_BOUND('',#8428,.T.);
#8430=ADVANCED_FACE('',(#8429),#8393,.T.);
#8431=CARTESIAN_POINT('',(42.003009389,-18.9,-37.951484454));
#8432=DIRECTION('',(-0.866025404,0.,-0.5));
#8433=DIRECTION('',(-0.5,0.,0.866025404));
#8434=AXIS2_PLACEMENT_3D('',#8431,#8432,#8433);
#8435=PLANE('',#8434);
#8436=CARTESIAN_POINT('',(29.331444623,-14.9,-16.003690469));
#8437=VERTEX_POINT('',#8436);
#8438=CARTESIAN_POINT('',(29.331444623,-13.51,-16.003690469));
#8439=VERTEX_POINT('',#8438);
#8440=CARTESIAN_POINT('',(29.331444623,-14.9,-16.003690469));
#8441=DIRECTION('',(0.,1.,-0.));
#8442=VECTOR('',#8441,1.39);
#8443=LINE('',#8440,#8442);
#8444=EDGE_CURVE('',#8437,#8439,#8443,.T.);
#8445=ORIENTED_EDGE('',*,*,#8444,.T.);
#8446=CARTESIAN_POINT('',(30.081428298,-13.51,-17.302700299));
#8447=VERTEX_POINT('',#8446);
#8448=CARTESIAN_POINT('',(29.331444623,-13.51,-16.003690469));
#8449=DIRECTION('',(0.5,0.,-0.866025404));
#8450=VECTOR('',#8449,1.49996735);
#8451=LINE('',#8448,#8450);
#8452=EDGE_CURVE('',#8439,#8447,#8451,.T.);
#8453=ORIENTED_EDGE('',*,*,#8452,.T.);
#8454=CARTESIAN_POINT('',(30.081428298,-14.9,-17.302700299));
#8455=VERTEX_POINT('',#8454);
#8456=CARTESIAN_POINT('',(30.081428298,-13.51,-17.302700299));
#8457=DIRECTION('',(-0.,-1.,0.));
#8458=VECTOR('',#8457,1.39);
#8459=LINE('',#8456,#8458);
#8460=EDGE_CURVE('',#8447,#8455,#8459,.T.);
#8461=ORIENTED_EDGE('',*,*,#8460,.T.);
#8462=CARTESIAN_POINT('',(31.831428298,-14.9,-20.333789212));
#8463=DIRECTION('',(0.866025404,0.,0.5));
#8464=DIRECTION('',(-0.5,0.,0.866025404));
#8465=AXIS2_PLACEMENT_3D('',#8462,#8463,#8464);
#8466=CIRCLE('',#8465,3.5);
#8467=EDGE_CURVE('',#8455,#7218,#8466,.T.);
#8468=ORIENTED_EDGE('',*,*,#8467,.T.);
#8469=ORIENTED_EDGE('',*,*,#7223,.T.);
#8470=CARTESIAN_POINT('',(38.046278298,-14.9,-31.098225173));
#8471=VERTEX_POINT('',#8470);
#8472=CARTESIAN_POINT('',(36.296278298,-14.9,-28.06713626));
#8473=DIRECTION('',(0.866025404,0.,0.5));
#8474=DIRECTION('',(-0.5,0.,0.866025404));
#8475=AXIS2_PLACEMENT_3D('',#8472,#8473,#8474);
#8476=CIRCLE('',#8475,3.5);
#8477=EDGE_CURVE('',#7210,#8471,#8476,.T.);
#8478=ORIENTED_EDGE('',*,*,#8477,.T.);
#8479=CARTESIAN_POINT('',(38.046278298,-14.9,-31.098225173));
#8480=DIRECTION('',(0.,1.,-0.));
#8481=VECTOR('',#8480,1.39);
#8482=LINE('',#8479,#8481);
#8483=EDGE_CURVE('',#8471,#6282,#8482,.T.);
#8484=ORIENTED_EDGE('',*,*,#8483,.T.);
#8485=ORIENTED_EDGE('',*,*,#6287,.T.);
#8486=CARTESIAN_POINT('',(38.796278298,-14.9,-32.397263279));
#8487=VERTEX_POINT('',#8486);
#8488=CARTESIAN_POINT('',(38.796278298,-13.51,-32.397263279));
#8489=DIRECTION('',(-0.,-1.,0.));
#8490=VECTOR('',#8489,1.39);
#8491=LINE('',#8488,#8490);
#8492=EDGE_CURVE('',#6274,#8487,#8491,.T.);
#8493=ORIENTED_EDGE('',*,*,#8492,.T.);
#8494=CARTESIAN_POINT('',(39.644890479,-17.9,-33.867102693));
#8495=VERTEX_POINT('',#8494);
#8496=CARTESIAN_POINT('',(40.546278298,-14.9,-35.428352192));
#8497=DIRECTION('',(0.866025404,0.,0.5));
#8498=DIRECTION('',(-0.5,0.,0.866025404));
#8499=AXIS2_PLACEMENT_3D('',#8496,#8497,#8498);
#8500=CIRCLE('',#8499,3.5);
#8501=EDGE_CURVE('',#8487,#8495,#8500,.T.);
#8502=ORIENTED_EDGE('',*,*,#8501,.T.);
#8503=CARTESIAN_POINT('',(39.644890479,-17.9,-33.867102693));
#8504=DIRECTION('',(0.5,0.,-0.866025404));
#8505=VECTOR('',#8504,9.432475638);
#8506=LINE('',#8503,#8505);
#8507=EDGE_CURVE('',#8495,#8414,#8506,.T.);
#8508=ORIENTED_EDGE('',*,*,#8507,.T.);
#8509=ORIENTED_EDGE('',*,*,#8419,.F.);
#8510=CARTESIAN_POINT('',(22.215316306,-18.9,-3.67819467));
#8511=VERTEX_POINT('',#8510);
#8512=CARTESIAN_POINT('',(22.215316306,-18.9,-3.67819467));
#8513=DIRECTION('',(0.5,0.,-0.866025404));
#8514=VECTOR('',#8513,44.291623985);
#8515=LINE('',#8512,#8514);
#8516=EDGE_CURVE('',#8511,#8405,#8515,.T.);
#8517=ORIENTED_EDGE('',*,*,#8516,.F.);
#8518=CARTESIAN_POINT('',(22.215316306,-18.9,-3.67819467));
#8519=DIRECTION('',(0.,1.,0.));
#8520=VECTOR('',#8519,1.);
#8521=LINE('',#8518,#8520);
#8522=EDGE_CURVE('',#8511,#7313,#8521,.T.);
#8523=ORIENTED_EDGE('',*,*,#8522,.T.);
#8524=ORIENTED_EDGE('',*,*,#7318,.T.);
#8525=CARTESIAN_POINT('',(27.581444623,-14.9,-12.972601556));
#8526=DIRECTION('',(0.866025404,0.,0.5));
#8527=DIRECTION('',(-0.5,0.,0.866025404));
#8528=AXIS2_PLACEMENT_3D('',#8525,#8526,#8527);
#8529=CIRCLE('',#8528,3.5);
#8530=EDGE_CURVE('',#7305,#8437,#8529,.T.);
#8531=ORIENTED_EDGE('',*,*,#8530,.T.);
#8532=EDGE_LOOP('',(#8445,#8453,#8461,#8468,#8469,#8478,#8484,#8485,#8493,#8502,#8508,#8509,#8517,#8523,#8524,#8531));
#8533=FACE_BOUND('',#8532,.T.);
#8534=ADVANCED_FACE('',(#8533),#8435,.T.);
#8535=CARTESIAN_POINT('',(22.21526275,-18.9,-3.678100906));
#8536=DIRECTION('',(-0.868319365,0.,-0.496005525));
#8537=DIRECTION('',(-0.496005525,0.,0.868319365));
#8538=AXIS2_PLACEMENT_3D('',#8535,#8536,#8537);
#8539=PLANE('',#8538);
#8540=ORIENTED_EDGE('',*,*,#7324,.T.);
#8541=ORIENTED_EDGE('',*,*,#8522,.F.);
#8542=CARTESIAN_POINT('',(22.215209191,-18.9,-3.678007144));
#8543=DIRECTION('',(0.496005525,0.,-0.868319365));
#8544=VECTOR('',#8543,0.000215962);
#8545=LINE('',#8542,#8544);
#8546=EDGE_CURVE('',#1786,#8511,#8545,.T.);
#8547=ORIENTED_EDGE('',*,*,#8546,.F.);
#8548=ORIENTED_EDGE('',*,*,#1791,.T.);
#8549=EDGE_LOOP('',(#8540,#8541,#8547,#8548));
#8550=FACE_BOUND('',#8549,.T.);
#8551=ADVANCED_FACE('',(#8550),#8539,.T.);
#8552=CARTESIAN_POINT('',(0.,-18.9,0.));
#8553=DIRECTION('',(0.,-1.,0.));
#8554=DIRECTION('',(-1.,0.,0.));
#8555=AXIS2_PLACEMENT_3D('',#8552,#8553,#8554);
#8556=PLANE('',#8555);
#8557=ORIENTED_EDGE('',*,*,#6370,.T.);
#8558=CARTESIAN_POINT('',(-44.810425277,-18.9,-31.587791968));
#8559=DIRECTION('',(0.,1.,0.));
#8560=DIRECTION('',(0.,-0.,1.));
#8561=AXIS2_PLACEMENT_3D('',#8558,#8559,#8560);
#8562=CIRCLE('',#8561,0.35);
#8563=EDGE_CURVE('',#6409,#6358,#8562,.T.);
#8564=ORIENTED_EDGE('',*,*,#8563,.F.);
#8565=ORIENTED_EDGE('',*,*,#6430,.F.);
#8566=ORIENTED_EDGE('',*,*,#6454,.T.);
#8567=ORIENTED_EDGE('',*,*,#6479,.F.);
#8568=ORIENTED_EDGE('',*,*,#6534,.T.);
#8569=CARTESIAN_POINT('',(-45.701625277,-18.9,-33.131395648));
#8570=DIRECTION('',(0.,1.,0.));
#8571=DIRECTION('',(0.,-0.,1.));
#8572=AXIS2_PLACEMENT_3D('',#8569,#8570,#8571);
#8573=CIRCLE('',#8572,0.35);
#8574=EDGE_CURVE('',#6553,#6522,#8573,.T.);
#8575=ORIENTED_EDGE('',*,*,#8574,.F.);
#8576=ORIENTED_EDGE('',*,*,#6590,.F.);
#8577=ORIENTED_EDGE('',*,*,#6614,.T.);
#8578=ORIENTED_EDGE('',*,*,#6638,.F.);
#8579=ORIENTED_EDGE('',*,*,#3604,.T.);
#8580=ORIENTED_EDGE('',*,*,#3824,.F.);
#8581=ORIENTED_EDGE('',*,*,#3800,.T.);
#8582=ORIENTED_EDGE('',*,*,#3769,.F.);
#8583=CARTESIAN_POINT('',(-47.345548656,-18.9,-35.278754465));
#8584=DIRECTION('',(0.,1.,0.));
#8585=DIRECTION('',(0.,-0.,1.));
#8586=AXIS2_PLACEMENT_3D('',#8583,#8584,#8585);
#8587=CIRCLE('',#8586,0.6);
#8588=EDGE_CURVE('',#3757,#3707,#8587,.T.);
#8589=ORIENTED_EDGE('',*,*,#8588,.T.);
#8590=ORIENTED_EDGE('',*,*,#3727,.T.);
#8591=ORIENTED_EDGE('',*,*,#3688,.T.);
#8592=ORIENTED_EDGE('',*,*,#3661,.F.);
#8593=ORIENTED_EDGE('',*,*,#7466,.T.);
#8594=ORIENTED_EDGE('',*,*,#7443,.F.);
#8595=CARTESIAN_POINT('',(-50.910358783,-18.9,-41.453186773));
#8596=DIRECTION('',(0.,1.,0.));
#8597=DIRECTION('',(0.,-0.,1.));
#8598=AXIS2_PLACEMENT_3D('',#8595,#8596,#8597);
#8599=CIRCLE('',#8598,1.199999975);
#8600=EDGE_CURVE('',#6687,#7429,#8599,.T.);
#8601=ORIENTED_EDGE('',*,*,#8600,.F.);
#8602=ORIENTED_EDGE('',*,*,#6692,.T.);
#8603=ORIENTED_EDGE('',*,*,#7417,.T.);
#8604=ORIENTED_EDGE('',*,*,#84,.T.);
#8605=ORIENTED_EDGE('',*,*,#7400,.T.);
#8606=ORIENTED_EDGE('',*,*,#1800,.T.);
#8607=ORIENTED_EDGE('',*,*,#8546,.T.);
#8608=ORIENTED_EDGE('',*,*,#8516,.T.);
#8609=ORIENTED_EDGE('',*,*,#8411,.F.);
#8610=CARTESIAN_POINT('',(45.400358783,-18.9,-41.435866215));
#8611=DIRECTION('',(0.,1.,0.));
#8612=DIRECTION('',(0.,-0.,1.));
#8613=AXIS2_PLACEMENT_3D('',#8610,#8611,#8612);
#8614=CIRCLE('',#8613,1.2);
#8615=EDGE_CURVE('',#8373,#8397,#8614,.T.);
#8616=ORIENTED_EDGE('',*,*,#8615,.F.);
#8617=ORIENTED_EDGE('',*,*,#8378,.T.);
#8618=ORIENTED_EDGE('',*,*,#5226,.F.);
#8619=CARTESIAN_POINT('',(41.83149714,-18.9,-35.254416526));
#8620=DIRECTION('',(0.,1.,0.));
#8621=DIRECTION('',(0.,-0.,1.));
#8622=AXIS2_PLACEMENT_3D('',#8619,#8620,#8621);
#8623=CIRCLE('',#8622,0.6);
#8624=EDGE_CURVE('',#5218,#5187,#8623,.T.);
#8625=ORIENTED_EDGE('',*,*,#8624,.T.);
#8626=ORIENTED_EDGE('',*,*,#5207,.T.);
#8627=ORIENTED_EDGE('',*,*,#5168,.F.);
#8628=ORIENTED_EDGE('',*,*,#5141,.F.);
#8629=ORIENTED_EDGE('',*,*,#5110,.F.);
#8630=CARTESIAN_POINT('',(40.940294609,-18.9,-33.710808461));
#8631=DIRECTION('',(0.,1.,0.));
#8632=DIRECTION('',(0.,-0.,1.));
#8633=AXIS2_PLACEMENT_3D('',#8630,#8631,#8632);
#8634=CIRCLE('',#8633,0.6);
#8635=EDGE_CURVE('',#5098,#5030,#8634,.T.);
#8636=ORIENTED_EDGE('',*,*,#8635,.T.);
#8637=ORIENTED_EDGE('',*,*,#5068,.T.);
#8638=CARTESIAN_POINT('',(40.195597674,-18.9,-33.120955534));
#8639=DIRECTION('',(0.,1.,0.));
#8640=DIRECTION('',(0.,-0.,1.));
#8641=AXIS2_PLACEMENT_3D('',#8638,#8639,#8640);
#8642=CIRCLE('',#8641,0.35);
#8643=EDGE_CURVE('',#8342,#5056,#8642,.T.);
#8644=ORIENTED_EDGE('',*,*,#8643,.F.);
#8645=ORIENTED_EDGE('',*,*,#8347,.T.);
#8646=CARTESIAN_POINT('',(40.136555126,-18.9,-32.760796104));
#8647=VERTEX_POINT('',#8646);
#8648=CARTESIAN_POINT('',(40.187573761,-18.9,-33.107057708));
#8649=DIRECTION('',(0.,1.,0.));
#8650=DIRECTION('',(0.,-0.,1.));
#8651=AXIS2_PLACEMENT_3D('',#8648,#8649,#8650);
#8652=CIRCLE('',#8651,0.35);
#8653=EDGE_CURVE('',#8647,#8334,#8652,.T.);
#8654=ORIENTED_EDGE('',*,*,#8653,.F.);
#8655=CARTESIAN_POINT('',(40.049094609,-18.9,-32.167204781));
#8656=DIRECTION('',(0.,1.,0.));
#8657=DIRECTION('',(0.,-0.,1.));
#8658=AXIS2_PLACEMENT_3D('',#8655,#8656,#8657);
#8659=CIRCLE('',#8658,0.6);
#8660=EDGE_CURVE('',#8647,#8255,#8659,.T.);
#8661=ORIENTED_EDGE('',*,*,#8660,.T.);
#8662=ORIENTED_EDGE('',*,*,#8312,.T.);
#8663=CARTESIAN_POINT('',(39.304397674,-18.9,-31.577351854));
#8664=DIRECTION('',(0.,1.,0.));
#8665=DIRECTION('',(0.,-0.,1.));
#8666=AXIS2_PLACEMENT_3D('',#8663,#8664,#8665);
#8667=CIRCLE('',#8666,0.35);
#8668=EDGE_CURVE('',#8222,#8300,#8667,.T.);
#8669=ORIENTED_EDGE('',*,*,#8668,.F.);
#8670=ORIENTED_EDGE('',*,*,#8229,.T.);
#8671=CARTESIAN_POINT('',(39.245355126,-18.9,-31.217192424));
#8672=VERTEX_POINT('',#8671);
#8673=CARTESIAN_POINT('',(39.296373761,-18.9,-31.563454029));
#8674=DIRECTION('',(0.,1.,0.));
#8675=DIRECTION('',(0.,-0.,1.));
#8676=AXIS2_PLACEMENT_3D('',#8673,#8674,#8675);
#8677=CIRCLE('',#8676,0.35);
#8678=EDGE_CURVE('',#8672,#8224,#8677,.T.);
#8679=ORIENTED_EDGE('',*,*,#8678,.F.);
#8680=CARTESIAN_POINT('',(39.157894609,-18.9,-30.623601102));
#8681=DIRECTION('',(0.,1.,0.));
#8682=DIRECTION('',(0.,-0.,1.));
#8683=AXIS2_PLACEMENT_3D('',#8680,#8681,#8682);
#8684=CIRCLE('',#8683,0.6);
#8685=EDGE_CURVE('',#8672,#8170,#8684,.T.);
#8686=ORIENTED_EDGE('',*,*,#8685,.T.);
#8687=ORIENTED_EDGE('',*,*,#8211,.T.);
#8688=ORIENTED_EDGE('',*,*,#6255,.F.);
#8689=ORIENTED_EDGE('',*,*,#5973,.T.);
#8690=ORIENTED_EDGE('',*,*,#6221,.F.);
#8691=CARTESIAN_POINT('',(38.266694609,-18.9,-29.079997422));
#8692=DIRECTION('',(0.,1.,0.));
#8693=DIRECTION('',(0.,-0.,1.));
#8694=AXIS2_PLACEMENT_3D('',#8691,#8692,#8693);
#8695=CIRCLE('',#8694,0.6);
#8696=EDGE_CURVE('',#6209,#8133,#8695,.T.);
#8697=ORIENTED_EDGE('',*,*,#8696,.T.);
#8698=ORIENTED_EDGE('',*,*,#8159,.T.);
#8699=ORIENTED_EDGE('',*,*,#5932,.T.);
#8700=ORIENTED_EDGE('',*,*,#5905,.F.);
#8701=ORIENTED_EDGE('',*,*,#5872,.F.);
#8702=ORIENTED_EDGE('',*,*,#5841,.F.);
#8703=CARTESIAN_POINT('',(37.375484482,-18.9,-27.536376203));
#8704=DIRECTION('',(0.,1.,0.));
#8705=DIRECTION('',(0.,-0.,1.));
#8706=AXIS2_PLACEMENT_3D('',#8703,#8704,#8705);
#8707=CIRCLE('',#8706,0.6);
#8708=EDGE_CURVE('',#5829,#5779,#8707,.T.);
#8709=ORIENTED_EDGE('',*,*,#8708,.T.);
#8710=ORIENTED_EDGE('',*,*,#5799,.T.);
#8711=ORIENTED_EDGE('',*,*,#5751,.F.);
#8712=CARTESIAN_POINT('',(38.156776119,-18.9,-26.992977342));
#8713=DIRECTION('',(0.,1.,0.));
#8714=DIRECTION('',(0.,-0.,1.));
#8715=AXIS2_PLACEMENT_3D('',#8712,#8713,#8714);
#8716=CIRCLE('',#8715,0.351682165);
#8717=EDGE_CURVE('',#8109,#5737,#8716,.T.);
#8718=ORIENTED_EDGE('',*,*,#8717,.F.);
#8719=ORIENTED_EDGE('',*,*,#8114,.T.);
#8720=ORIENTED_EDGE('',*,*,#5701,.F.);
#8721=CARTESIAN_POINT('',(32.919471824,-18.9,-19.818335879));
#8722=DIRECTION('',(0.,1.,0.));
#8723=DIRECTION('',(0.,-0.,1.));
#8724=AXIS2_PLACEMENT_3D('',#8721,#8722,#8723);
#8725=CIRCLE('',#8724,0.6);
#8726=EDGE_CURVE('',#5693,#5662,#8725,.T.);
#8727=ORIENTED_EDGE('',*,*,#8726,.T.);
#8728=ORIENTED_EDGE('',*,*,#5682,.T.);
#8729=ORIENTED_EDGE('',*,*,#5643,.F.);
#8730=ORIENTED_EDGE('',*,*,#5616,.F.);
#8731=ORIENTED_EDGE('',*,*,#5585,.F.);
#8732=CARTESIAN_POINT('',(32.028269292,-18.9,-18.274727815));
#8733=DIRECTION('',(0.,1.,0.));
#8734=DIRECTION('',(0.,-0.,1.));
#8735=AXIS2_PLACEMENT_3D('',#8732,#8733,#8734);
#8736=CIRCLE('',#8735,0.6);
#8737=EDGE_CURVE('',#5573,#5523,#8736,.T.);
#8738=ORIENTED_EDGE('',*,*,#8737,.T.);
#8739=ORIENTED_EDGE('',*,*,#5543,.T.);
#8740=ORIENTED_EDGE('',*,*,#5504,.T.);
#8741=CARTESIAN_POINT('',(31.283564763,-18.9,-17.684861733));
#8742=DIRECTION('',(0.,1.,0.));
#8743=DIRECTION('',(0.,-0.,1.));
#8744=AXIS2_PLACEMENT_3D('',#8741,#8742,#8743);
#8745=CIRCLE('',#8744,0.35);
#8746=EDGE_CURVE('',#8076,#5490,#8745,.T.);
#8747=ORIENTED_EDGE('',*,*,#8746,.F.);
#8748=ORIENTED_EDGE('',*,*,#8081,.F.);
#8749=CARTESIAN_POINT('',(31.224522214,-18.9,-17.324702303));
#8750=VERTEX_POINT('',#8749);
#8751=CARTESIAN_POINT('',(31.275540849,-18.9,-17.670963907));
#8752=DIRECTION('',(0.,1.,0.));
#8753=DIRECTION('',(0.,-0.,1.));
#8754=AXIS2_PLACEMENT_3D('',#8751,#8752,#8753);
#8755=CIRCLE('',#8754,0.35);
#8756=EDGE_CURVE('',#8750,#8066,#8755,.T.);
#8757=ORIENTED_EDGE('',*,*,#8756,.F.);
#8758=CARTESIAN_POINT('',(31.137061697,-18.9,-16.73111098));
#8759=DIRECTION('',(0.,1.,0.));
#8760=DIRECTION('',(0.,-0.,1.));
#8761=AXIS2_PLACEMENT_3D('',#8758,#8759,#8760);
#8762=CIRCLE('',#8761,0.6);
#8763=EDGE_CURVE('',#8750,#7997,#8762,.T.);
#8764=ORIENTED_EDGE('',*,*,#8763,.T.);
#8765=ORIENTED_EDGE('',*,*,#8055,.T.);
#8766=CARTESIAN_POINT('',(30.392364763,-18.9,-16.141258053));
#8767=DIRECTION('',(0.,1.,0.));
#8768=DIRECTION('',(0.,-0.,1.));
#8769=AXIS2_PLACEMENT_3D('',#8766,#8767,#8768);
#8770=CIRCLE('',#8769,0.35);
#8771=EDGE_CURVE('',#7957,#8043,#8770,.T.);
#8772=ORIENTED_EDGE('',*,*,#8771,.F.);
#8773=ORIENTED_EDGE('',*,*,#7962,.F.);
#8774=CARTESIAN_POINT('',(30.333322214,-18.9,-15.781098623));
#8775=VERTEX_POINT('',#8774);
#8776=CARTESIAN_POINT('',(30.384340849,-18.9,-16.127360227));
#8777=DIRECTION('',(0.,1.,0.));
#8778=DIRECTION('',(0.,-0.,1.));
#8779=AXIS2_PLACEMENT_3D('',#8776,#8777,#8778);
#8780=CIRCLE('',#8779,0.35);
#8781=EDGE_CURVE('',#8775,#7955,#8780,.T.);
#8782=ORIENTED_EDGE('',*,*,#8781,.F.);
#8783=CARTESIAN_POINT('',(30.245861697,-18.9,-15.1875073));
#8784=DIRECTION('',(0.,1.,0.));
#8785=DIRECTION('',(0.,-0.,1.));
#8786=AXIS2_PLACEMENT_3D('',#8783,#8784,#8785);
#8787=CIRCLE('',#8786,0.6);
#8788=EDGE_CURVE('',#8775,#7880,#8787,.T.);
#8789=ORIENTED_EDGE('',*,*,#8788,.T.);
#8790=ORIENTED_EDGE('',*,*,#7944,.T.);
#8791=CARTESIAN_POINT('',(29.501164763,-18.9,-14.597654373));
#8792=DIRECTION('',(0.,1.,0.));
#8793=DIRECTION('',(0.,-0.,1.));
#8794=AXIS2_PLACEMENT_3D('',#8791,#8792,#8793);
#8795=CIRCLE('',#8794,0.35);
#8796=EDGE_CURVE('',#7847,#7932,#8795,.T.);
#8797=ORIENTED_EDGE('',*,*,#8796,.F.);
#8798=ORIENTED_EDGE('',*,*,#7852,.F.);
#8799=CARTESIAN_POINT('',(29.442122214,-18.9,-14.237494943));
#8800=VERTEX_POINT('',#8799);
#8801=CARTESIAN_POINT('',(29.493140849,-18.9,-14.583756548));
#8802=DIRECTION('',(0.,1.,0.));
#8803=DIRECTION('',(0.,-0.,1.));
#8804=AXIS2_PLACEMENT_3D('',#8801,#8802,#8803);
#8805=CIRCLE('',#8804,0.35);
#8806=EDGE_CURVE('',#8800,#7837,#8805,.T.);
#8807=ORIENTED_EDGE('',*,*,#8806,.F.);
#8808=CARTESIAN_POINT('',(29.354661697,-18.9,-13.643903621));
#8809=DIRECTION('',(0.,1.,0.));
#8810=DIRECTION('',(0.,-0.,1.));
#8811=AXIS2_PLACEMENT_3D('',#8808,#8809,#8810);
#8812=CIRCLE('',#8811,0.6);
#8813=EDGE_CURVE('',#8800,#2410,#8812,.T.);
#8814=ORIENTED_EDGE('',*,*,#8813,.T.);
#8815=ORIENTED_EDGE('',*,*,#2439,.T.);
#8816=ORIENTED_EDGE('',*,*,#2397,.F.);
#8817=ORIENTED_EDGE('',*,*,#2364,.F.);
#8818=ORIENTED_EDGE('',*,*,#2333,.F.);
#8819=CARTESIAN_POINT('',(28.463459166,-18.9,-12.100295556));
#8820=DIRECTION('',(0.,1.,0.));
#8821=DIRECTION('',(0.,-0.,1.));
#8822=AXIS2_PLACEMENT_3D('',#8819,#8820,#8821);
#8823=CIRCLE('',#8822,0.6);
#8824=EDGE_CURVE('',#2321,#2271,#8823,.T.);
#8825=ORIENTED_EDGE('',*,*,#8824,.T.);
#8826=ORIENTED_EDGE('',*,*,#2291,.T.);
#8827=ORIENTED_EDGE('',*,*,#2243,.F.);
#8828=CARTESIAN_POINT('',(29.420867218,-18.9,-11.910610425));
#8829=DIRECTION('',(0.,1.,0.));
#8830=DIRECTION('',(0.,-0.,1.));
#8831=AXIS2_PLACEMENT_3D('',#8828,#8829,#8830);
#8832=CIRCLE('',#8831,0.376017739);
#8833=EDGE_CURVE('',#7815,#2229,#8832,.T.);
#8834=ORIENTED_EDGE('',*,*,#8833,.F.);
#8835=ORIENTED_EDGE('',*,*,#7820,.T.);
#8836=ORIENTED_EDGE('',*,*,#2210,.F.);
#8837=CARTESIAN_POINT('',(24.007446508,-18.9,-4.382255233));
#8838=DIRECTION('',(0.,1.,0.));
#8839=DIRECTION('',(0.,-0.,1.));
#8840=AXIS2_PLACEMENT_3D('',#8837,#8838,#8839);
#8841=CIRCLE('',#8840,0.6);
#8842=EDGE_CURVE('',#2196,#2154,#8841,.T.);
#8843=ORIENTED_EDGE('',*,*,#8842,.T.);
#8844=ORIENTED_EDGE('',*,*,#2174,.T.);
#8845=ORIENTED_EDGE('',*,*,#2141,.F.);
#8846=ORIENTED_EDGE('',*,*,#2108,.F.);
#8847=ORIENTED_EDGE('',*,*,#2077,.F.);
#8848=CARTESIAN_POINT('',(23.116243976,-18.9,-2.838647168));
#8849=DIRECTION('',(0.,1.,0.));
#8850=DIRECTION('',(0.,-0.,1.));
#8851=AXIS2_PLACEMENT_3D('',#8848,#8849,#8850);
#8852=CIRCLE('',#8851,0.6);
#8853=EDGE_CURVE('',#2065,#2006,#8852,.T.);
#8854=ORIENTED_EDGE('',*,*,#8853,.T.);
#8855=ORIENTED_EDGE('',*,*,#2035,.T.);
#8856=ORIENTED_EDGE('',*,*,#7801,.F.);
#8857=ORIENTED_EDGE('',*,*,#1978,.F.);
#8858=ORIENTED_EDGE('',*,*,#1955,.T.);
#8859=CARTESIAN_POINT('',(22.560710762,-18.9,-2.121662876));
#8860=VERTEX_POINT('',#8859);
#8861=CARTESIAN_POINT('',(22.289633917,-18.9,-2.343061485));
#8862=DIRECTION('',(0.,1.,0.));
#8863=DIRECTION('',(0.,-0.,1.));
#8864=AXIS2_PLACEMENT_3D('',#8861,#8862,#8863);
#8865=CIRCLE('',#8864,0.35);
#8866=EDGE_CURVE('',#8860,#1941,#8865,.T.);
#8867=ORIENTED_EDGE('',*,*,#8866,.F.);
#8868=CARTESIAN_POINT('',(22.312856093,-18.9,-2.018782408));
#8869=VERTEX_POINT('',#8868);
#8870=CARTESIAN_POINT('',(22.312856093,-18.9,-2.368782408));
#8871=DIRECTION('',(0.,1.,0.));
#8872=DIRECTION('',(0.,-0.,1.));
#8873=AXIS2_PLACEMENT_3D('',#8870,#8871,#8872);
#8874=CIRCLE('',#8873,0.35);
#8875=EDGE_CURVE('',#8869,#8860,#8874,.T.);
#8876=ORIENTED_EDGE('',*,*,#8875,.F.);
#8877=CARTESIAN_POINT('',(22.164469334,-18.9,-2.051794443));
#8878=VERTEX_POINT('',#8877);
#8879=CARTESIAN_POINT('',(22.312856093,-18.9,-2.368782408));
#8880=DIRECTION('',(0.,1.,0.));
#8881=DIRECTION('',(0.,-0.,1.));
#8882=AXIS2_PLACEMENT_3D('',#8879,#8880,#8881);
#8883=CIRCLE('',#8882,0.35);
#8884=EDGE_CURVE('',#8878,#8869,#8883,.T.);
#8885=ORIENTED_EDGE('',*,*,#8884,.F.);
#8886=CARTESIAN_POINT('',(21.910092033,-18.9,-1.508386503));
#8887=DIRECTION('',(0.,1.,0.));
#8888=DIRECTION('',(0.,-0.,1.));
#8889=AXIS2_PLACEMENT_3D('',#8886,#8887,#8888);
#8890=CIRCLE('',#8889,0.6);
#8891=EDGE_CURVE('',#8878,#1849,#8890,.T.);
#8892=ORIENTED_EDGE('',*,*,#8891,.T.);
#8893=ORIENTED_EDGE('',*,*,#1910,.T.);
#8894=CARTESIAN_POINT('',(21.168507241,-18.9,-1.008922156));
#8895=VERTEX_POINT('',#8894);
#8896=CARTESIAN_POINT('',(20.982087369,-18.9,-1.305144423));
#8897=DIRECTION('',(0.,1.,0.));
#8898=DIRECTION('',(0.,-0.,1.));
#8899=AXIS2_PLACEMENT_3D('',#8896,#8897,#8898);
#8900=CIRCLE('',#8899,0.35);
#8901=EDGE_CURVE('',#8895,#1898,#8900,.T.);
#8902=ORIENTED_EDGE('',*,*,#8901,.F.);
#8903=CARTESIAN_POINT('',(21.012293725,-18.9,-0.9721271));
#8904=VERTEX_POINT('',#8903);
#8905=CARTESIAN_POINT('',(21.012293725,-18.9,-1.3221271));
#8906=DIRECTION('',(0.,1.,0.));
#8907=DIRECTION('',(0.,-0.,1.));
#8908=AXIS2_PLACEMENT_3D('',#8905,#8906,#8907);
#8909=CIRCLE('',#8908,0.35);
#8910=EDGE_CURVE('',#8904,#8895,#8909,.T.);
#8911=ORIENTED_EDGE('',*,*,#8910,.F.);
#8912=CARTESIAN_POINT('',(20.770652821,-18.9,-1.068928218));
#8913=VERTEX_POINT('',#8912);
#8914=CARTESIAN_POINT('',(21.012293725,-18.9,-1.3221271));
#8915=DIRECTION('',(0.,1.,0.));
#8916=DIRECTION('',(0.,-0.,1.));
#8917=AXIS2_PLACEMENT_3D('',#8914,#8915,#8916);
#8918=CIRCLE('',#8917,0.35);
#8919=EDGE_CURVE('',#8913,#8904,#8918,.T.);
#8920=ORIENTED_EDGE('',*,*,#8919,.F.);
#8921=CARTESIAN_POINT('',(20.356411272,-18.9,-0.634872992));
#8922=DIRECTION('',(0.,1.,0.));
#8923=DIRECTION('',(0.,-0.,1.));
#8924=AXIS2_PLACEMENT_3D('',#8921,#8922,#8923);
#8925=CIRCLE('',#8924,0.6);
#8926=EDGE_CURVE('',#8913,#7750,#8925,.T.);
#8927=ORIENTED_EDGE('',*,*,#8926,.T.);
#8928=ORIENTED_EDGE('',*,*,#7785,.T.);
#8929=ORIENTED_EDGE('',*,*,#596,.F.);
#8930=ORIENTED_EDGE('',*,*,#557,.F.);
#8931=ORIENTED_EDGE('',*,*,#515,.F.);
#8932=CARTESIAN_POINT('',(17.733606712,-18.9,-0.3));
#8933=DIRECTION('',(0.,1.,0.));
#8934=DIRECTION('',(0.,-0.,1.));
#8935=AXIS2_PLACEMENT_3D('',#8932,#8933,#8934);
#8936=CIRCLE('',#8935,0.6);
#8937=EDGE_CURVE('',#499,#468,#8936,.T.);
#8938=ORIENTED_EDGE('',*,*,#8937,.T.);
#8939=ORIENTED_EDGE('',*,*,#488,.T.);
#8940=ORIENTED_EDGE('',*,*,#440,.F.);
#8941=ORIENTED_EDGE('',*,*,#7738,.T.);
#8942=ORIENTED_EDGE('',*,*,#398,.F.);
#8943=CARTESIAN_POINT('',(-23.253606712,-18.9,-0.3));
#8944=DIRECTION('',(0.,1.,0.));
#8945=DIRECTION('',(0.,-0.,1.));
#8946=AXIS2_PLACEMENT_3D('',#8943,#8944,#8945);
#8947=CIRCLE('',#8946,0.6);
#8948=EDGE_CURVE('',#382,#342,#8947,.T.);
#8949=ORIENTED_EDGE('',*,*,#8948,.T.);
#8950=ORIENTED_EDGE('',*,*,#371,.T.);
#8951=CARTESIAN_POINT('',(-23.261709744,-18.9,-0.3));
#8952=DIRECTION('',(0.,1.,0.));
#8953=DIRECTION('',(0.,-0.,1.));
#8954=AXIS2_PLACEMENT_3D('',#8951,#8952,#8953);
#8955=CIRCLE('',#8954,0.6);
#8956=EDGE_CURVE('',#359,#309,#8955,.T.);
#8957=ORIENTED_EDGE('',*,*,#8956,.T.);
#8958=ORIENTED_EDGE('',*,*,#329,.T.);
#8959=ORIENTED_EDGE('',*,*,#281,.F.);
#8960=ORIENTED_EDGE('',*,*,#257,.F.);
#8961=ORIENTED_EDGE('',*,*,#224,.F.);
#8962=CARTESIAN_POINT('',(-25.891447688,-18.9,-0.642629519));
#8963=DIRECTION('',(0.,1.,0.));
#8964=DIRECTION('',(0.,-0.,1.));
#8965=AXIS2_PLACEMENT_3D('',#8962,#8963,#8964);
#8966=CIRCLE('',#8965,0.6);
#8967=EDGE_CURVE('',#210,#150,#8966,.T.);
#8968=ORIENTED_EDGE('',*,*,#8967,.T.);
#8969=ORIENTED_EDGE('',*,*,#179,.T.);
#8970=CARTESIAN_POINT('',(-26.543409574,-18.9,-0.983603975));
#8971=VERTEX_POINT('',#8970);
#8972=CARTESIAN_POINT('',(-26.543409574,-18.9,-1.333603975));
#8973=DIRECTION('',(0.,1.,0.));
#8974=DIRECTION('',(0.,-0.,1.));
#8975=AXIS2_PLACEMENT_3D('',#8972,#8973,#8974);
#8976=CIRCLE('',#8975,0.35);
#8977=EDGE_CURVE('',#8971,#167,#8976,.T.);
#8978=ORIENTED_EDGE('',*,*,#8977,.F.);
#8979=CARTESIAN_POINT('',(-26.701434567,-18.9,-1.021309079));
#8980=VERTEX_POINT('',#8979);
#8981=CARTESIAN_POINT('',(-26.543409574,-18.9,-1.333603975));
#8982=DIRECTION('',(0.,1.,0.));
#8983=DIRECTION('',(0.,-0.,1.));
#8984=AXIS2_PLACEMENT_3D('',#8981,#8982,#8983);
#8985=CIRCLE('',#8984,0.35);
#8986=EDGE_CURVE('',#8980,#8971,#8985,.T.);
#8987=ORIENTED_EDGE('',*,*,#8986,.F.);
#8988=CARTESIAN_POINT('',(-26.854457086,-18.9,-1.393460488));
#8989=VERTEX_POINT('',#8988);
#8990=CARTESIAN_POINT('',(-26.513068857,-18.9,-1.316297823));
#8991=DIRECTION('',(0.,1.,0.));
#8992=DIRECTION('',(0.,-0.,1.));
#8993=AXIS2_PLACEMENT_3D('',#8990,#8991,#8992);
#8994=CIRCLE('',#8993,0.35);
#8995=EDGE_CURVE('',#8989,#8980,#8994,.T.);
#8996=ORIENTED_EDGE('',*,*,#8995,.F.);
#8997=CARTESIAN_POINT('',(-27.439694051,-18.9,-1.525739341));
#8998=DIRECTION('',(0.,1.,0.));
#8999=DIRECTION('',(0.,-0.,1.));
#9000=AXIS2_PLACEMENT_3D('',#8997,#8998,#8999);
#9001=CIRCLE('',#9000,0.6);
#9002=EDGE_CURVE('',#8989,#3238,#9001,.T.);
#9003=ORIENTED_EDGE('',*,*,#9002,.T.);
#9004=ORIENTED_EDGE('',*,*,#3279,.T.);
#9005=CARTESIAN_POINT('',(-27.835812695,-18.9,-2.039214888));
#9006=VERTEX_POINT('',#9005);
#9007=CARTESIAN_POINT('',(-27.835812695,-18.9,-2.389214888));
#9008=DIRECTION('',(0.,1.,0.));
#9009=DIRECTION('',(0.,-0.,1.));
#9010=AXIS2_PLACEMENT_3D('',#9007,#9008,#9009);
#9011=CIRCLE('',#9010,0.35);
#9012=EDGE_CURVE('',#9006,#3267,#9011,.T.);
#9013=ORIENTED_EDGE('',*,*,#9012,.F.);
#9014=CARTESIAN_POINT('',(-28.085590437,-18.9,-2.144039279));
#9015=VERTEX_POINT('',#9014);
#9016=CARTESIAN_POINT('',(-27.835812695,-18.9,-2.389214888));
#9017=DIRECTION('',(0.,1.,0.));
#9018=DIRECTION('',(0.,-0.,1.));
#9019=AXIS2_PLACEMENT_3D('',#9016,#9017,#9018);
#9020=CIRCLE('',#9019,0.35);
#9021=EDGE_CURVE('',#9015,#9006,#9020,.T.);
#9022=ORIENTED_EDGE('',*,*,#9021,.F.);
#9023=CARTESIAN_POINT('',(-27.812618934,-18.9,-2.363097624));
#9024=DIRECTION('',(0.,1.,0.));
#9025=DIRECTION('',(0.,-0.,1.));
#9026=AXIS2_PLACEMENT_3D('',#9023,#9024,#9025);
#9027=CIRCLE('',#9026,0.35);
#9028=EDGE_CURVE('',#3213,#9015,#9027,.T.);
#9029=ORIENTED_EDGE('',*,*,#9028,.F.);
#9030=ORIENTED_EDGE('',*,*,#3219,.T.);
#9031=CARTESIAN_POINT('',(-28.630295492,-18.9,-2.862985107));
#9032=DIRECTION('',(0.,1.,0.));
#9033=DIRECTION('',(0.,-0.,1.));
#9034=AXIS2_PLACEMENT_3D('',#9031,#9032,#9033);
#9035=CIRCLE('',#9034,0.6);
#9036=EDGE_CURVE('',#3205,#3145,#9035,.T.);
#9037=ORIENTED_EDGE('',*,*,#9036,.T.);
#9038=ORIENTED_EDGE('',*,*,#3165,.T.);
#9039=ORIENTED_EDGE('',*,*,#3132,.F.);
#9040=ORIENTED_EDGE('',*,*,#3099,.T.);
#9041=ORIENTED_EDGE('',*,*,#3068,.F.);
#9042=CARTESIAN_POINT('',(-29.521498023,-18.9,-4.406593172));
#9043=DIRECTION('',(0.,1.,0.));
#9044=DIRECTION('',(0.,-0.,1.));
#9045=AXIS2_PLACEMENT_3D('',#9042,#9043,#9044);
#9046=CIRCLE('',#9045,0.6);
#9047=EDGE_CURVE('',#3056,#3006,#9046,.T.);
#9048=ORIENTED_EDGE('',*,*,#9047,.T.);
#9049=ORIENTED_EDGE('',*,*,#3026,.T.);
#9050=ORIENTED_EDGE('',*,*,#2993,.F.);
#9051=ORIENTED_EDGE('',*,*,#7721,.T.);
#9052=ORIENTED_EDGE('',*,*,#2936,.F.);
#9053=CARTESIAN_POINT('',(-34.571133967,-18.9,-12.037390189));
#9054=VERTEX_POINT('',#9053);
#9055=CARTESIAN_POINT('',(-34.930867218,-18.9,-11.927930933));
#9056=DIRECTION('',(0.,1.,0.));
#9057=DIRECTION('',(0.,-0.,1.));
#9058=AXIS2_PLACEMENT_3D('',#9055,#9056,#9057);
#9059=CIRCLE('',#9058,0.376017739);
#9060=EDGE_CURVE('',#9054,#2922,#9059,.T.);
#9061=ORIENTED_EDGE('',*,*,#9060,.F.);
#9062=CARTESIAN_POINT('',(-33.977510682,-18.9,-12.124633495));
#9063=DIRECTION('',(0.,1.,0.));
#9064=DIRECTION('',(0.,-0.,1.));
#9065=AXIS2_PLACEMENT_3D('',#9062,#9063,#9064);
#9066=CIRCLE('',#9065,0.6);
#9067=EDGE_CURVE('',#9054,#2889,#9066,.T.);
#9068=ORIENTED_EDGE('',*,*,#9067,.T.);
#9069=ORIENTED_EDGE('',*,*,#2909,.T.);
#9070=ORIENTED_EDGE('',*,*,#2870,.F.);
#9071=ORIENTED_EDGE('',*,*,#2843,.T.);
#9072=ORIENTED_EDGE('',*,*,#2812,.F.);
#9073=CARTESIAN_POINT('',(-34.868713213,-18.9,-13.66824156));
#9074=DIRECTION('',(0.,1.,0.));
#9075=DIRECTION('',(0.,-0.,1.));
#9076=AXIS2_PLACEMENT_3D('',#9073,#9074,#9075);
#9077=CIRCLE('',#9076,0.6);
#9078=EDGE_CURVE('',#2800,#2741,#9077,.T.);
#9079=ORIENTED_EDGE('',*,*,#9078,.T.);
#9080=ORIENTED_EDGE('',*,*,#2770,.T.);
#9081=CARTESIAN_POINT('',(-35.007192365,-18.9,-14.608094487));
#9082=DIRECTION('',(0.,1.,0.));
#9083=DIRECTION('',(0.,-0.,1.));
#9084=AXIS2_PLACEMENT_3D('',#9081,#9082,#9083);
#9085=CIRCLE('',#9084,0.35);
#9086=EDGE_CURVE('',#7694,#2758,#9085,.T.);
#9087=ORIENTED_EDGE('',*,*,#9086,.F.);
#9088=ORIENTED_EDGE('',*,*,#7699,.T.);
#9089=CARTESIAN_POINT('',(-35.289578307,-18.9,-14.839306549));
#9090=VERTEX_POINT('',#9089);
#9091=CARTESIAN_POINT('',(-35.015216279,-18.9,-14.621992313));
#9092=DIRECTION('',(0.,1.,0.));
#9093=DIRECTION('',(0.,-0.,1.));
#9094=AXIS2_PLACEMENT_3D('',#9091,#9092,#9093);
#9095=CIRCLE('',#9094,0.35);
#9096=EDGE_CURVE('',#9090,#7686,#9095,.T.);
#9097=ORIENTED_EDGE('',*,*,#9096,.F.);
#9098=CARTESIAN_POINT('',(-35.759913213,-18.9,-15.21184524));
#9099=DIRECTION('',(0.,1.,0.));
#9100=DIRECTION('',(0.,-0.,1.));
#9101=AXIS2_PLACEMENT_3D('',#9098,#9099,#9100);
#9102=CIRCLE('',#9101,0.6);
#9103=EDGE_CURVE('',#9090,#7635,#9102,.T.);
#9104=ORIENTED_EDGE('',*,*,#9103,.T.);
#9105=ORIENTED_EDGE('',*,*,#7664,.T.);
#9106=CARTESIAN_POINT('',(-35.898392365,-18.9,-16.151698167));
#9107=DIRECTION('',(0.,1.,0.));
#9108=DIRECTION('',(0.,-0.,1.));
#9109=AXIS2_PLACEMENT_3D('',#9106,#9107,#9108);
#9110=CIRCLE('',#9109,0.35);
#9111=EDGE_CURVE('',#7603,#7652,#9110,.T.);
#9112=ORIENTED_EDGE('',*,*,#9111,.F.);
#9113=ORIENTED_EDGE('',*,*,#7608,.T.);
#9114=CARTESIAN_POINT('',(-36.180778307,-18.9,-16.382910229));
#9115=VERTEX_POINT('',#9114);
#9116=CARTESIAN_POINT('',(-35.906416279,-18.9,-16.165595992));
#9117=DIRECTION('',(0.,1.,0.));
#9118=DIRECTION('',(0.,-0.,1.));
#9119=AXIS2_PLACEMENT_3D('',#9116,#9117,#9118);
#9120=CIRCLE('',#9119,0.35);
#9121=EDGE_CURVE('',#9115,#7593,#9120,.T.);
#9122=ORIENTED_EDGE('',*,*,#9121,.F.);
#9123=CARTESIAN_POINT('',(-36.651113213,-18.9,-16.755448919));
#9124=DIRECTION('',(0.,1.,0.));
#9125=DIRECTION('',(0.,-0.,1.));
#9126=AXIS2_PLACEMENT_3D('',#9123,#9124,#9125);
#9127=CIRCLE('',#9126,0.6);
#9128=EDGE_CURVE('',#9115,#7538,#9127,.T.);
#9129=ORIENTED_EDGE('',*,*,#9128,.T.);
#9130=ORIENTED_EDGE('',*,*,#7582,.T.);
#9131=CARTESIAN_POINT('',(-36.789592365,-18.9,-17.695301846));
#9132=DIRECTION('',(0.,1.,0.));
#9133=DIRECTION('',(0.,-0.,1.));
#9134=AXIS2_PLACEMENT_3D('',#9131,#9132,#9133);
#9135=CIRCLE('',#9134,0.35);
#9136=EDGE_CURVE('',#7514,#7570,#9135,.T.);
#9137=ORIENTED_EDGE('',*,*,#9136,.F.);
#9138=ORIENTED_EDGE('',*,*,#7519,.T.);
#9139=CARTESIAN_POINT('',(-36.797616279,-18.9,-17.709199672));
#9140=DIRECTION('',(0.,1.,0.));
#9141=DIRECTION('',(0.,-0.,1.));
#9142=AXIS2_PLACEMENT_3D('',#9139,#9140,#9141);
#9143=CIRCLE('',#9142,0.35);
#9144=EDGE_CURVE('',#4783,#7506,#9143,.T.);
#9145=ORIENTED_EDGE('',*,*,#9144,.F.);
#9146=ORIENTED_EDGE('',*,*,#4789,.T.);
#9147=CARTESIAN_POINT('',(-37.542320808,-18.9,-18.299065754));
#9148=DIRECTION('',(0.,1.,0.));
#9149=DIRECTION('',(0.,-0.,1.));
#9150=AXIS2_PLACEMENT_3D('',#9147,#9148,#9149);
#9151=CIRCLE('',#9150,0.6);
#9152=EDGE_CURVE('',#4775,#4733,#9151,.T.);
#9153=ORIENTED_EDGE('',*,*,#9152,.T.);
#9154=ORIENTED_EDGE('',*,*,#4753,.T.);
#9155=ORIENTED_EDGE('',*,*,#4714,.F.);
#9156=ORIENTED_EDGE('',*,*,#4687,.T.);
#9157=ORIENTED_EDGE('',*,*,#4656,.F.);
#9158=CARTESIAN_POINT('',(-38.43352334,-18.9,-19.842673819));
#9159=DIRECTION('',(0.,1.,0.));
#9160=DIRECTION('',(0.,-0.,1.));
#9161=AXIS2_PLACEMENT_3D('',#9158,#9159,#9160);
#9162=CIRCLE('',#9161,0.6);
#9163=EDGE_CURVE('',#4644,#4594,#9162,.T.);
#9164=ORIENTED_EDGE('',*,*,#9163,.T.);
#9165=ORIENTED_EDGE('',*,*,#4614,.T.);
#9166=ORIENTED_EDGE('',*,*,#4575,.T.);
#9167=ORIENTED_EDGE('',*,*,#4548,.F.);
#9168=ORIENTED_EDGE('',*,*,#7483,.T.);
#9169=ORIENTED_EDGE('',*,*,#4491,.F.);
#9170=CARTESIAN_POINT('',(-43.666776119,-18.9,-27.010297851));
#9171=DIRECTION('',(0.,1.,0.));
#9172=DIRECTION('',(0.,-0.,1.));
#9173=AXIS2_PLACEMENT_3D('',#9170,#9171,#9172);
#9174=CIRCLE('',#9173,0.351682165);
#9175=EDGE_CURVE('',#4433,#4477,#9174,.T.);
#9176=ORIENTED_EDGE('',*,*,#9175,.F.);
#9177=ORIENTED_EDGE('',*,*,#4464,.F.);
#9178=CARTESIAN_POINT('',(-42.889535998,-18.9,-27.560714142));
#9179=DIRECTION('',(0.,1.,0.));
#9180=DIRECTION('',(0.,-0.,1.));
#9181=AXIS2_PLACEMENT_3D('',#9178,#9179,#9180);
#9182=CIRCLE('',#9181,0.6);
#9183=EDGE_CURVE('',#4452,#4402,#9182,.T.);
#9184=ORIENTED_EDGE('',*,*,#9183,.T.);
#9185=ORIENTED_EDGE('',*,*,#4422,.T.);
#9186=ORIENTED_EDGE('',*,*,#4389,.F.);
#9187=ORIENTED_EDGE('',*,*,#4356,.T.);
#9188=ORIENTED_EDGE('',*,*,#4325,.F.);
#9189=ORIENTED_EDGE('',*,*,#4088,.T.);
#9190=CARTESIAN_POINT('',(-43.919217682,-18.9,-30.044175133));
#9191=DIRECTION('',(0.,1.,0.));
#9192=DIRECTION('',(0.,-0.,1.));
#9193=AXIS2_PLACEMENT_3D('',#9190,#9191,#9192);
#9194=CIRCLE('',#9193,0.35);
#9195=EDGE_CURVE('',#4099,#4076,#9194,.T.);
#9196=ORIENTED_EDGE('',*,*,#9195,.F.);
#9197=ORIENTED_EDGE('',*,*,#4136,.F.);
#9198=ORIENTED_EDGE('',*,*,#4160,.T.);
#9199=ORIENTED_EDGE('',*,*,#4193,.F.);
#9200=EDGE_LOOP('',(#8557,#8564,#8565,#8566,#8567,#8568,#8575,#8576,#8577,#8578,#8579,#8580,#8581,#8582,#8589,#8590,#8591,#8592,#8593,#8594,#8601,#8602,#8603,#8604,#8605,#8606,
#8607,#8608,#8609,#8616,#8617,#8618,#8625,#8626,#8627,#8628,#8629,#8636,#8637,#8644,#8645,#8654,#8661,#8662,#8669,#8670,#8679,#8686,#8687,#8688,#8689,
#8690,#8697,#8698,#8699,#8700,#8701,#8702,#8709,#8710,#8711,#8718,#8719,#8720,#8727,#8728,#8729,#8730,#8731,#8738,#8739,#8740,#8747,#8748,#8757,#8764,
#8765,#8772,#8773,#8782,#8789,#8790,#8797,#8798,#8807,#8814,#8815,#8816,#8817,#8818,#8825,#8826,#8827,#8834,#8835,#8836,#8843,#8844,#8845,#8846,#8847,
#8854,#8855,#8856,#8857,#8858,#8867,#8876,#8885,#8892,#8893,#8902,#8911,#8920,#8927,#8928,#8929,#8930,#8931,#8938,#8939,#8940,#8941,#8942,#8949,#8950,
#8957,#8958,#8959,#8960,#8961,#8968,#8969,#8978,#8987,#8996,#9003,#9004,#9013,#9022,#9029,#9030,#9037,#9038,#9039,#9040,#9041,#9048,#9049,#9050,#9051,
#9052,#9061,#9068,#9069,#9070,#9071,#9072,#9079,#9080,#9087,#9088,#9097,#9104,#9105,#9112,#9113,#9122,#9129,#9130,#9137,#9138,#9145,#9146,#9153,#9154,
#9155,#9156,#9157,#9164,#9165,#9166,#9167,#9168,#9169,#9176,#9177,#9184,#9185,#9186,#9187,#9188,#9189,#9196,#9197,#9198,#9199));
#9201=FACE_BOUND('',#9200,.T.);
#9202=ORIENTED_EDGE('',*,*,#2636,.T.);
#9203=ORIENTED_EDGE('',*,*,#2643,.T.);
#9204=EDGE_LOOP('',(#9202,#9203));
#9205=FACE_BOUND('',#9204,.T.);
#9206=ORIENTED_EDGE('',*,*,#2585,.T.);
#9207=ORIENTED_EDGE('',*,*,#2592,.T.);
#9208=EDGE_LOOP('',(#9206,#9207));
#9209=FACE_BOUND('',#9208,.T.);
#9210=ORIENTED_EDGE('',*,*,#2534,.T.);
#9211=ORIENTED_EDGE('',*,*,#2541,.T.);
#9212=EDGE_LOOP('',(#9210,#9211));
#9213=FACE_BOUND('',#9212,.T.);
#9214=ORIENTED_EDGE('',*,*,#2483,.T.);
#9215=ORIENTED_EDGE('',*,*,#2490,.T.);
#9216=EDGE_LOOP('',(#9214,#9215));
#9217=FACE_BOUND('',#9216,.T.);
#9218=ORIENTED_EDGE('',*,*,#1717,.T.);
#9219=ORIENTED_EDGE('',*,*,#1724,.T.);
#9220=EDGE_LOOP('',(#9218,#9219));
#9221=FACE_BOUND('',#9220,.T.);
#9222=ORIENTED_EDGE('',*,*,#1666,.T.);
#9223=ORIENTED_EDGE('',*,*,#1673,.T.);
#9224=EDGE_LOOP('',(#9222,#9223));
#9225=FACE_BOUND('',#9224,.T.);
#9226=ORIENTED_EDGE('',*,*,#1615,.T.);
#9227=ORIENTED_EDGE('',*,*,#1622,.T.);
#9228=EDGE_LOOP('',(#9226,#9227));
#9229=FACE_BOUND('',#9228,.T.);
#9230=ORIENTED_EDGE('',*,*,#1564,.T.);
#9231=ORIENTED_EDGE('',*,*,#1571,.T.);
#9232=EDGE_LOOP('',(#9230,#9231));
#9233=FACE_BOUND('',#9232,.T.);
#9234=ORIENTED_EDGE('',*,*,#1513,.T.);
#9235=ORIENTED_EDGE('',*,*,#1520,.T.);
#9236=EDGE_LOOP('',(#9234,#9235));
#9237=FACE_BOUND('',#9236,.T.);
#9238=ORIENTED_EDGE('',*,*,#1462,.T.);
#9239=ORIENTED_EDGE('',*,*,#1469,.T.);
#9240=EDGE_LOOP('',(#9238,#9239));
#9241=FACE_BOUND('',#9240,.T.);
#9242=ORIENTED_EDGE('',*,*,#1411,.T.);
#9243=ORIENTED_EDGE('',*,*,#1418,.T.);
#9244=EDGE_LOOP('',(#9242,#9243));
#9245=FACE_BOUND('',#9244,.T.);
#9246=ORIENTED_EDGE('',*,*,#1360,.T.);
#9247=ORIENTED_EDGE('',*,*,#1367,.T.);
#9248=EDGE_LOOP('',(#9246,#9247));
#9249=FACE_BOUND('',#9248,.T.);
#9250=ORIENTED_EDGE('',*,*,#1309,.T.);
#9251=ORIENTED_EDGE('',*,*,#1316,.T.);
#9252=EDGE_LOOP('',(#9250,#9251));
#9253=FACE_BOUND('',#9252,.T.);
#9254=ORIENTED_EDGE('',*,*,#1258,.T.);
#9255=ORIENTED_EDGE('',*,*,#1265,.T.);
#9256=EDGE_LOOP('',(#9254,#9255));
#9257=FACE_BOUND('',#9256,.T.);
#9258=ORIENTED_EDGE('',*,*,#1207,.T.);
#9259=ORIENTED_EDGE('',*,*,#1214,.T.);
#9260=EDGE_LOOP('',(#9258,#9259));
#9261=FACE_BOUND('',#9260,.T.);
#9262=ORIENTED_EDGE('',*,*,#1156,.T.);
#9263=ORIENTED_EDGE('',*,*,#1163,.T.);
#9264=EDGE_LOOP('',(#9262,#9263));
#9265=FACE_BOUND('',#9264,.T.);
#9266=ORIENTED_EDGE('',*,*,#1105,.T.);
#9267=ORIENTED_EDGE('',*,*,#1112,.T.);
#9268=EDGE_LOOP('',(#9266,#9267));
#9269=FACE_BOUND('',#9268,.T.);
#9270=ORIENTED_EDGE('',*,*,#1054,.T.);
#9271=ORIENTED_EDGE('',*,*,#1061,.T.);
#9272=EDGE_LOOP('',(#9270,#9271));
#9273=FACE_BOUND('',#9272,.T.);
#9274=ORIENTED_EDGE('',*,*,#1003,.T.);
#9275=ORIENTED_EDGE('',*,*,#1010,.T.);
#9276=EDGE_LOOP('',(#9274,#9275));
#9277=FACE_BOUND('',#9276,.T.);
#9278=ORIENTED_EDGE('',*,*,#952,.T.);
#9279=ORIENTED_EDGE('',*,*,#959,.T.);
#9280=EDGE_LOOP('',(#9278,#9279));
#9281=FACE_BOUND('',#9280,.T.);
#9282=ORIENTED_EDGE('',*,*,#901,.T.);
#9283=ORIENTED_EDGE('',*,*,#908,.T.);
#9284=EDGE_LOOP('',(#9282,#9283));
#9285=FACE_BOUND('',#9284,.T.);
#9286=ORIENTED_EDGE('',*,*,#850,.T.);
#9287=ORIENTED_EDGE('',*,*,#857,.T.);
#9288=EDGE_LOOP('',(#9286,#9287));
#9289=FACE_BOUND('',#9288,.T.);
#9290=ORIENTED_EDGE('',*,*,#799,.T.);
#9291=ORIENTED_EDGE('',*,*,#806,.T.);
#9292=EDGE_LOOP('',(#9290,#9291));
#9293=FACE_BOUND('',#9292,.T.);
#9294=ORIENTED_EDGE('',*,*,#748,.T.);
#9295=ORIENTED_EDGE('',*,*,#755,.T.);
#9296=EDGE_LOOP('',(#9294,#9295));
#9297=FACE_BOUND('',#9296,.T.);
#9298=ORIENTED_EDGE('',*,*,#697,.T.);
#9299=ORIENTED_EDGE('',*,*,#704,.T.);
#9300=EDGE_LOOP('',(#9298,#9299));
#9301=FACE_BOUND('',#9300,.T.);
#9302=ORIENTED_EDGE('',*,*,#646,.T.);
#9303=ORIENTED_EDGE('',*,*,#653,.T.);
#9304=EDGE_LOOP('',(#9302,#9303));
#9305=FACE_BOUND('',#9304,.T.);
#9306=ORIENTED_EDGE('',*,*,#3476,.T.);
#9307=ORIENTED_EDGE('',*,*,#3483,.T.);
#9308=EDGE_LOOP('',(#9306,#9307));
#9309=FACE_BOUND('',#9308,.T.);
#9310=ORIENTED_EDGE('',*,*,#3425,.T.);
#9311=ORIENTED_EDGE('',*,*,#3432,.T.);
#9312=EDGE_LOOP('',(#9310,#9311));
#9313=FACE_BOUND('',#9312,.T.);
#9314=ORIENTED_EDGE('',*,*,#3374,.T.);
#9315=ORIENTED_EDGE('',*,*,#3381,.T.);
#9316=EDGE_LOOP('',(#9314,#9315));
#9317=FACE_BOUND('',#9316,.T.);
#9318=ORIENTED_EDGE('',*,*,#3323,.T.);
#9319=ORIENTED_EDGE('',*,*,#3330,.T.);
#9320=EDGE_LOOP('',(#9318,#9319));
#9321=FACE_BOUND('',#9320,.T.);
#9322=ORIENTED_EDGE('',*,*,#5010,.T.);
#9323=ORIENTED_EDGE('',*,*,#5017,.T.);
#9324=EDGE_LOOP('',(#9322,#9323));
#9325=FACE_BOUND('',#9324,.T.);
#9326=ORIENTED_EDGE('',*,*,#4959,.T.);
#9327=ORIENTED_EDGE('',*,*,#4966,.T.);
#9328=EDGE_LOOP('',(#9326,#9327));
#9329=FACE_BOUND('',#9328,.T.);
#9330=ORIENTED_EDGE('',*,*,#4908,.T.);
#9331=ORIENTED_EDGE('',*,*,#4915,.T.);
#9332=EDGE_LOOP('',(#9330,#9331));
#9333=FACE_BOUND('',#9332,.T.);
#9334=ORIENTED_EDGE('',*,*,#4857,.T.);
#9335=ORIENTED_EDGE('',*,*,#4864,.T.);
#9336=EDGE_LOOP('',(#9334,#9335));
#9337=FACE_BOUND('',#9336,.T.);
#9338=ORIENTED_EDGE('',*,*,#4021,.T.);
#9339=ORIENTED_EDGE('',*,*,#4028,.T.);
#9340=EDGE_LOOP('',(#9338,#9339));
#9341=FACE_BOUND('',#9340,.T.);
#9342=ORIENTED_EDGE('',*,*,#3970,.T.);
#9343=ORIENTED_EDGE('',*,*,#3977,.T.);
#9344=EDGE_LOOP('',(#9342,#9343));
#9345=FACE_BOUND('',#9344,.T.);
#9346=ORIENTED_EDGE('',*,*,#3919,.T.);
#9347=ORIENTED_EDGE('',*,*,#3926,.T.);
#9348=EDGE_LOOP('',(#9346,#9347));
#9349=FACE_BOUND('',#9348,.T.);
#9350=ORIENTED_EDGE('',*,*,#3868,.T.);
#9351=ORIENTED_EDGE('',*,*,#3875,.T.);
#9352=EDGE_LOOP('',(#9350,#9351));
#9353=FACE_BOUND('',#9352,.T.);
#9354=ORIENTED_EDGE('',*,*,#6176,.T.);
#9355=ORIENTED_EDGE('',*,*,#6183,.T.);
#9356=EDGE_LOOP('',(#9354,#9355));
#9357=FACE_BOUND('',#9356,.T.);
#9358=ORIENTED_EDGE('',*,*,#6125,.T.);
#9359=ORIENTED_EDGE('',*,*,#6132,.T.);
#9360=EDGE_LOOP('',(#9358,#9359));
#9361=FACE_BOUND('',#9360,.T.);
#9362=ORIENTED_EDGE('',*,*,#6074,.T.);
#9363=ORIENTED_EDGE('',*,*,#6081,.T.);
#9364=EDGE_LOOP('',(#9362,#9363));
#9365=FACE_BOUND('',#9364,.T.);
#9366=ORIENTED_EDGE('',*,*,#6023,.T.);
#9367=ORIENTED_EDGE('',*,*,#6030,.T.);
#9368=EDGE_LOOP('',(#9366,#9367));
#9369=FACE_BOUND('',#9368,.T.);
#9370=ORIENTED_EDGE('',*,*,#5395,.T.);
#9371=ORIENTED_EDGE('',*,*,#5402,.T.);
#9372=EDGE_LOOP('',(#9370,#9371));
#9373=FACE_BOUND('',#9372,.T.);
#9374=ORIENTED_EDGE('',*,*,#5344,.T.);
#9375=ORIENTED_EDGE('',*,*,#5351,.T.);
#9376=EDGE_LOOP('',(#9374,#9375));
#9377=FACE_BOUND('',#9376,.T.);
#9378=ORIENTED_EDGE('',*,*,#5293,.T.);
#9379=ORIENTED_EDGE('',*,*,#5300,.T.);
#9380=EDGE_LOOP('',(#9378,#9379));
#9381=FACE_BOUND('',#9380,.T.);
#9382=ORIENTED_EDGE('',*,*,#5446,.T.);
#9383=ORIENTED_EDGE('',*,*,#5453,.T.);
#9384=EDGE_LOOP('',(#9382,#9383));
#9385=FACE_BOUND('',#9384,.T.);
#9386=ADVANCED_FACE('',(#9201,#9205,#9209,#9213,#9217,#9221,#9225,#9229,#9233,#9237,#9241,#9245,#9249,#9253,#9257,#9261,#9265,#9269,#9273,#9277,#9281,#9285,#9289,#9293,#9297,#9301,
#9305,#9309,#9313,#9317,#9321,#9325,#9329,#9333,#9337,#9341,#9345,#9349,#9353,#9357,#9361,#9365,#9369,#9373,#9377,#9381,#9385),#8556,.T.);
#9387=CARTESIAN_POINT('',(0.,-17.9,0.));
#9388=DIRECTION('',(0.,-1.,0.));
#9389=DIRECTION('',(-1.,0.,0.));
#9390=AXIS2_PLACEMENT_3D('',#9387,#9388,#9389);
#9391=PLANE('',#9390);
#9392=ORIENTED_EDGE('',*,*,#5044,.F.);
#9393=CARTESIAN_POINT('',(40.940294609,-17.9,-33.710808461));
#9394=DIRECTION('',(0.,1.,0.));
#9395=DIRECTION('',(0.,-0.,1.));
#9396=AXIS2_PLACEMENT_3D('',#9393,#9394,#9395);
#9397=CIRCLE('',#9396,0.6);
#9398=EDGE_CURVE('',#5089,#5028,#9397,.T.);
#9399=ORIENTED_EDGE('',*,*,#9398,.F.);
#9400=ORIENTED_EDGE('',*,*,#5095,.T.);
#9401=ORIENTED_EDGE('',*,*,#5134,.T.);
#9402=ORIENTED_EDGE('',*,*,#5158,.T.);
#9403=ORIENTED_EDGE('',*,*,#5199,.F.);
#9404=CARTESIAN_POINT('',(41.83149714,-17.9,-35.254416526));
#9405=DIRECTION('',(0.,1.,0.));
#9406=DIRECTION('',(0.,-0.,1.));
#9407=AXIS2_PLACEMENT_3D('',#9404,#9405,#9406);
#9408=CIRCLE('',#9407,0.6);
#9409=EDGE_CURVE('',#5237,#5185,#9408,.T.);
#9410=ORIENTED_EDGE('',*,*,#9409,.F.);
#9411=ORIENTED_EDGE('',*,*,#5243,.T.);
#9412=ORIENTED_EDGE('',*,*,#8369,.F.);
#9413=CARTESIAN_POINT('',(45.400358783,-17.9,-41.435866215));
#9414=DIRECTION('',(0.,1.,0.));
#9415=DIRECTION('',(0.,-0.,1.));
#9416=AXIS2_PLACEMENT_3D('',#9413,#9414,#9415);
#9417=CIRCLE('',#9416,1.2);
#9418=EDGE_CURVE('',#8364,#8395,#9417,.T.);
#9419=ORIENTED_EDGE('',*,*,#9418,.T.);
#9420=ORIENTED_EDGE('',*,*,#8426,.T.);
#9421=ORIENTED_EDGE('',*,*,#8507,.F.);
#9422=CARTESIAN_POINT('',(40.413704265,-17.9,-33.423227846));
#9423=DIRECTION('',(-0.866025404,0.,-0.5));
#9424=VECTOR('',#9423,0.887749692);
#9425=LINE('',#9422,#9424);
#9426=EDGE_CURVE('',#5038,#8495,#9425,.T.);
#9427=ORIENTED_EDGE('',*,*,#9426,.F.);
#9428=EDGE_LOOP('',(#9392,#9399,#9400,#9401,#9402,#9403,#9410,#9411,#9412,#9419,#9420,#9421,#9427));
#9429=FACE_BOUND('',#9428,.T.);
#9430=ORIENTED_EDGE('',*,*,#5378,.F.);
#9431=ORIENTED_EDGE('',*,*,#5385,.F.);
#9432=EDGE_LOOP('',(#9430,#9431));
#9433=FACE_BOUND('',#9432,.T.);
#9434=ORIENTED_EDGE('',*,*,#5327,.F.);
#9435=ORIENTED_EDGE('',*,*,#5334,.F.);
#9436=EDGE_LOOP('',(#9434,#9435));
#9437=FACE_BOUND('',#9436,.T.);
#9438=ORIENTED_EDGE('',*,*,#5276,.F.);
#9439=ORIENTED_EDGE('',*,*,#5283,.F.);
#9440=EDGE_LOOP('',(#9438,#9439));
#9441=FACE_BOUND('',#9440,.T.);
#9442=ORIENTED_EDGE('',*,*,#5429,.F.);
#9443=ORIENTED_EDGE('',*,*,#5436,.F.);
#9444=EDGE_LOOP('',(#9442,#9443));
#9445=FACE_BOUND('',#9444,.T.);
#9446=ADVANCED_FACE('',(#9429,#9433,#9437,#9441,#9445),#9391,.F.);
#9447=CARTESIAN_POINT('',(22.312856093,-18.9,-2.368782408));
#9448=DIRECTION('',(0.,-1.,0.));
#9449=DIRECTION('',(0.,0.,1.));
#9450=AXIS2_PLACEMENT_3D('',#9447,#9448,#9449);
#9451=CYLINDRICAL_SURFACE('',#9450,0.35);
#9452=CARTESIAN_POINT('',(22.312856079,-16.338162839,-2.018771973));
#9453=VERTEX_POINT('',#9452);
#9454=CARTESIAN_POINT('',(22.312856093,-18.9,-2.018782408));
#9455=DIRECTION('',(-0.,1.,-0.));
#9456=VECTOR('',#9455,2.561837161);
#9457=LINE('',#9454,#9456);
#9458=EDGE_CURVE('',#8869,#9453,#9457,.T.);
#9459=ORIENTED_EDGE('',*,*,#9458,.T.);
#9460=CARTESIAN_POINT('',(22.164469334,-16.232392331,-2.051794443));
#9461=VERTEX_POINT('',#9460);
#9462=CARTESIAN_POINT('',(22.560710762,-16.739148472,-2.121662876));
#9463=CARTESIAN_POINT('',(22.51768373,-16.643802342,-2.078507846));
#9464=CARTESIAN_POINT('',(22.466634163,-16.54906874,-2.047746547));
#9465=CARTESIAN_POINT('',(22.403973839,-16.456499289,-2.030851118));
#9466=CARTESIAN_POINT('',(22.372643677,-16.410214563,-2.022403404));
#9467=CARTESIAN_POINT('',(22.338387166,-16.364544671,-2.017549142));
#9468=CARTESIAN_POINT('',(22.29946864,-16.323740959,-2.019038535));
#9469=CARTESIAN_POINT('',(22.280009376,-16.303339104,-2.019783232));
#9470=CARTESIAN_POINT('',(22.259517037,-16.284288651,-2.022097332));
#9471=CARTESIAN_POINT('',(22.236922206,-16.267923578,-2.027118765));
#9472=CARTESIAN_POINT('',(22.214327375,-16.251558504,-2.032140197));
#9473=CARTESIAN_POINT('',(22.190031153,-16.238266215,-2.039828577));
#9474=CARTESIAN_POINT('',(22.164469334,-16.232392331,-2.051794443));
#9475=B_SPLINE_CURVE_WITH_KNOTS('',3,(#9462,#9463,#9464,#9465,#9466,#9467,#9468,#9469,#9470,#9471,#9472,#9473,#9474),.UNSPECIFIED.,.F.,.F.,(4,3,3,3,4),(0.,0.000335702,0.000503553,0.000587479,0.000671404),.UNSPECIFIED.);
#9476=EDGE_CURVE('',#9453,#9461,#9475,.T.);
#9477=ORIENTED_EDGE('',*,*,#9476,.T.);
#9478=CARTESIAN_POINT('',(22.164469334,-16.232392331,-2.051794443));
#9479=DIRECTION('',(-0.,-1.,-0.));
#9480=VECTOR('',#9479,2.667607669);
#9481=LINE('',#9478,#9480);
#9482=EDGE_CURVE('',#9461,#8878,#9481,.T.);
#9483=ORIENTED_EDGE('',*,*,#9482,.T.);
#9484=ORIENTED_EDGE('',*,*,#8884,.T.);
#9485=EDGE_LOOP('',(#9459,#9477,#9483,#9484));
#9486=FACE_BOUND('',#9485,.T.);
#9487=ADVANCED_FACE('',(#9486),#9451,.T.);
#9488=CARTESIAN_POINT('',(22.289633917,-18.9,-2.343061485));
#9489=DIRECTION('',(0.,-1.,0.));
#9490=DIRECTION('',(0.,0.,1.));
#9491=AXIS2_PLACEMENT_3D('',#9488,#9489,#9490);
#9492=CYLINDRICAL_SURFACE('',#9491,0.35);
#9493=CARTESIAN_POINT('',(22.560710762,-16.739148472,-2.121662876));
#9494=VERTEX_POINT('',#9493);
#9495=CARTESIAN_POINT('',(22.589861585,-17.225499446,-2.522959644));
#9496=CARTESIAN_POINT('',(22.614866791,-17.19891229,-2.481229063));
#9497=CARTESIAN_POINT('',(22.62839176,-17.16523479,-2.43974301));
#9498=CARTESIAN_POINT('',(22.634933465,-17.127732526,-2.400229855));
#9499=CARTESIAN_POINT('',(22.641475169,-17.090230263,-2.360716701));
#9500=CARTESIAN_POINT('',(22.640822398,-17.049903287,-2.324198329));
#9501=CARTESIAN_POINT('',(22.635605397,-17.007296845,-2.290111178));
#9502=CARTESIAN_POINT('',(22.625171395,-16.922083963,-2.221936876));
#9503=CARTESIAN_POINT('',(22.597484603,-16.832054717,-2.166688167));
#9504=CARTESIAN_POINT('',(22.560710762,-16.739148472,-2.121662876));
#9505=B_SPLINE_CURVE_WITH_KNOTS('',3,(#9495,#9496,#9497,#9498,#9499,#9500,#9501,#9502,#9503,#9504),.UNSPECIFIED.,.F.,.F.,(4,3,3,4),(0.,0.000163348,0.000326695,0.000653391),.UNSPECIFIED.);
#9506=EDGE_CURVE('',#1923,#9494,#9505,.T.);
#9507=ORIENTED_EDGE('',*,*,#9506,.T.);
#9508=CARTESIAN_POINT('',(22.560710762,-18.9,-2.121662876));
#9509=DIRECTION('',(-0.,1.,-0.));
#9510=VECTOR('',#9509,2.160851528);
#9511=LINE('',#9508,#9510);
#9512=EDGE_CURVE('',#8860,#9494,#9511,.T.);
#9513=ORIENTED_EDGE('',*,*,#9512,.F.);
#9514=ORIENTED_EDGE('',*,*,#8866,.T.);
#9515=ORIENTED_EDGE('',*,*,#1946,.T.);
#9516=EDGE_LOOP('',(#9507,#9513,#9514,#9515));
#9517=FACE_BOUND('',#9516,.T.);
#9518=ADVANCED_FACE('',(#9517),#9492,.T.);
#9519=CARTESIAN_POINT('',(39.296373761,-18.9,-31.563454029));
#9520=DIRECTION('',(0.,1.,0.));
#9521=DIRECTION('',(0.,0.,-1.));
#9522=AXIS2_PLACEMENT_3D('',#9519,#9520,#9521);
#9523=CYLINDRICAL_SURFACE('',#9522,0.35);
#9524=ORIENTED_EDGE('',*,*,#8678,.T.);
#9525=ORIENTED_EDGE('',*,*,#8242,.T.);
#9526=ORIENTED_EDGE('',*,*,#6322,.T.);
#9527=CARTESIAN_POINT('',(39.245355126,-13.51,-31.217192424));
#9528=DIRECTION('',(-0.,-1.,-0.));
#9529=VECTOR('',#9528,5.39);
#9530=LINE('',#9527,#9529);
#9531=EDGE_CURVE('',#6307,#8672,#9530,.T.);
#9532=ORIENTED_EDGE('',*,*,#9531,.T.);
#9533=EDGE_LOOP('',(#9524,#9525,#9526,#9532));
#9534=FACE_BOUND('',#9533,.T.);
#9535=ADVANCED_FACE('',(#9534),#9523,.T.);
#9536=CARTESIAN_POINT('',(21.012293725,-18.9,-1.3221271));
#9537=DIRECTION('',(0.,-1.,0.));
#9538=DIRECTION('',(0.,0.,1.));
#9539=AXIS2_PLACEMENT_3D('',#9536,#9537,#9538);
#9540=CYLINDRICAL_SURFACE('',#9539,0.35);
#9541=CARTESIAN_POINT('',(21.012293725,-18.9,-0.9721271));
#9542=DIRECTION('',(-0.,1.,-0.));
#9543=VECTOR('',#9542,5.39);
#9544=LINE('',#9541,#9543);
#9545=EDGE_CURVE('',#8904,#2689,#9544,.T.);
#9546=ORIENTED_EDGE('',*,*,#9545,.T.);
#9547=ORIENTED_EDGE('',*,*,#2695,.T.);
#9548=CARTESIAN_POINT('',(20.770652821,-13.51,-1.068928218));
#9549=DIRECTION('',(-0.,-1.,-0.));
#9550=VECTOR('',#9549,5.39);
#9551=LINE('',#9548,#9550);
#9552=EDGE_CURVE('',#2680,#8913,#9551,.T.);
#9553=ORIENTED_EDGE('',*,*,#9552,.T.);
#9554=ORIENTED_EDGE('',*,*,#8919,.T.);
#9555=EDGE_LOOP('',(#9546,#9547,#9553,#9554));
#9556=FACE_BOUND('',#9555,.T.);
#9557=ADVANCED_FACE('',(#9556),#9540,.T.);
#9558=CARTESIAN_POINT('',(20.982087369,-18.9,-1.305144423));
#9559=DIRECTION('',(0.,-1.,0.));
#9560=DIRECTION('',(0.,0.,1.));
#9561=AXIS2_PLACEMENT_3D('',#9558,#9559,#9560);
#9562=CYLINDRICAL_SURFACE('',#9561,0.35);
#9563=ORIENTED_EDGE('',*,*,#8901,.T.);
#9564=ORIENTED_EDGE('',*,*,#1903,.T.);
#9565=ORIENTED_EDGE('',*,*,#2711,.T.);
#9566=CARTESIAN_POINT('',(21.168507241,-18.9,-1.008922156));
#9567=DIRECTION('',(-0.,1.,-0.));
#9568=VECTOR('',#9567,5.39);
#9569=LINE('',#9566,#9568);
#9570=EDGE_CURVE('',#8895,#2698,#9569,.T.);
#9571=ORIENTED_EDGE('',*,*,#9570,.F.);
#9572=EDGE_LOOP('',(#9563,#9564,#9565,#9571));
#9573=FACE_BOUND('',#9572,.T.);
#9574=ADVANCED_FACE('',(#9573),#9562,.T.);
#9575=CARTESIAN_POINT('',(29.493140849,-18.9,-14.583756548));
#9576=DIRECTION('',(0.,1.,0.));
#9577=DIRECTION('',(0.,0.,-1.));
#9578=AXIS2_PLACEMENT_3D('',#9575,#9576,#9577);
#9579=CYLINDRICAL_SURFACE('',#9578,0.35);
#9580=CARTESIAN_POINT('',(29.442122214,-17.754165652,-14.237494943));
#9581=VERTEX_POINT('',#9580);
#9582=CARTESIAN_POINT('',(29.796249741,-17.492700741,-14.408756548));
#9583=CARTESIAN_POINT('',(29.78081083,-17.520701799,-14.382015571));
#9584=CARTESIAN_POINT('',(29.761873214,-17.547736506,-14.357244434));
#9585=CARTESIAN_POINT('',(29.739097305,-17.573811969,-14.334747669));
#9586=CARTESIAN_POINT('',(29.716321396,-17.599887432,-14.312250903));
#9587=CARTESIAN_POINT('',(29.689406285,-17.625155041,-14.291946922));
#9588=CARTESIAN_POINT('',(29.659260025,-17.648146098,-14.275690939));
#9589=CARTESIAN_POINT('',(29.598967503,-17.694128211,-14.243178972));
#9590=CARTESIAN_POINT('',(29.522369874,-17.732955139,-14.225671149));
#9591=CARTESIAN_POINT('',(29.442122214,-17.754165652,-14.237494943));
#9592=B_SPLINE_CURVE_WITH_KNOTS('',3,(#9582,#9583,#9584,#9585,#9586,#9587,#9588,#9589,#9590,#9591),.UNSPECIFIED.,.F.,.F.,(4,3,3,4),(0.,0.000123646,0.000247292,0.000494584),.UNSPECIFIED.);
#9593=EDGE_CURVE('',#7839,#9581,#9592,.T.);
#9594=ORIENTED_EDGE('',*,*,#9593,.T.);
#9595=CARTESIAN_POINT('',(29.442122214,-17.754165652,-14.237494943));
#9596=DIRECTION('',(-0.,-1.,-0.));
#9597=VECTOR('',#9596,1.145834348);
#9598=LINE('',#9595,#9597);
#9599=EDGE_CURVE('',#9581,#8800,#9598,.T.);
#9600=ORIENTED_EDGE('',*,*,#9599,.T.);
#9601=ORIENTED_EDGE('',*,*,#8806,.T.);
#9602=ORIENTED_EDGE('',*,*,#7844,.T.);
#9603=EDGE_LOOP('',(#9594,#9600,#9601,#9602));
#9604=FACE_BOUND('',#9603,.T.);
#9605=ADVANCED_FACE('',(#9604),#9579,.T.);
#9606=CARTESIAN_POINT('',(-35.898392365,-18.9,-16.151698167));
#9607=DIRECTION('',(0.,1.,0.));
#9608=DIRECTION('',(0.,0.,-1.));
#9609=AXIS2_PLACEMENT_3D('',#9606,#9607,#9608);
#9610=CYLINDRICAL_SURFACE('',#9609,0.35);
#9611=ORIENTED_EDGE('',*,*,#9111,.T.);
#9612=ORIENTED_EDGE('',*,*,#7657,.T.);
#9613=CARTESIAN_POINT('',(-35.898392365,-13.51,-16.151698167));
#9614=DIRECTION('',(0.,-1.,0.));
#9615=DIRECTION('',(0.,0.,-1.));
#9616=AXIS2_PLACEMENT_3D('',#9613,#9614,#9615);
#9617=CIRCLE('',#9616,0.35);
#9618=EDGE_CURVE('',#7643,#7611,#9617,.T.);
#9619=ORIENTED_EDGE('',*,*,#9618,.T.);
#9620=ORIENTED_EDGE('',*,*,#7616,.T.);
#9621=EDGE_LOOP('',(#9611,#9612,#9619,#9620));
#9622=FACE_BOUND('',#9621,.T.);
#9623=ADVANCED_FACE('',(#9622),#9610,.T.);
#9624=CARTESIAN_POINT('',(-35.906416279,-18.9,-16.165595992));
#9625=DIRECTION('',(0.,1.,0.));
#9626=DIRECTION('',(0.,0.,-1.));
#9627=AXIS2_PLACEMENT_3D('',#9624,#9625,#9626);
#9628=CYLINDRICAL_SURFACE('',#9627,0.35);
#9629=ORIENTED_EDGE('',*,*,#9121,.T.);
#9630=ORIENTED_EDGE('',*,*,#7600,.T.);
#9631=CARTESIAN_POINT('',(-36.180778307,-13.51,-16.382910229));
#9632=VERTEX_POINT('',#9631);
#9633=CARTESIAN_POINT('',(-35.906416279,-13.51,-16.165595992));
#9634=DIRECTION('',(0.,-1.,0.));
#9635=DIRECTION('',(0.,0.,-1.));
#9636=AXIS2_PLACEMENT_3D('',#9633,#9634,#9635);
#9637=CIRCLE('',#9636,0.35);
#9638=EDGE_CURVE('',#7595,#9632,#9637,.T.);
#9639=ORIENTED_EDGE('',*,*,#9638,.T.);
#9640=CARTESIAN_POINT('',(-36.180778307,-13.51,-16.382910229));
#9641=DIRECTION('',(-0.,-1.,-0.));
#9642=VECTOR('',#9641,5.39);
#9643=LINE('',#9640,#9642);
#9644=EDGE_CURVE('',#9632,#9115,#9643,.T.);
#9645=ORIENTED_EDGE('',*,*,#9644,.T.);
#9646=EDGE_LOOP('',(#9629,#9630,#9639,#9645));
#9647=FACE_BOUND('',#9646,.T.);
#9648=ADVANCED_FACE('',(#9647),#9628,.T.);
#9649=CARTESIAN_POINT('',(31.283564763,-18.9,-17.684861733));
#9650=DIRECTION('',(0.,1.,0.));
#9651=DIRECTION('',(0.,0.,-1.));
#9652=AXIS2_PLACEMENT_3D('',#9649,#9650,#9651);
#9653=CYLINDRICAL_SURFACE('',#9652,0.35);
#9654=CARTESIAN_POINT('',(31.557926791,-17.587153124,-17.902175969));
#9655=CARTESIAN_POINT('',(31.61052222,-17.561107804,-17.835773561));
#9656=CARTESIAN_POINT('',(31.632263797,-17.514007032,-17.759686334));
#9657=CARTESIAN_POINT('',(31.633507067,-17.459270312,-17.691216578));
#9658=CARTESIAN_POINT('',(31.634750336,-17.404533593,-17.622746823));
#9659=CARTESIAN_POINT('',(31.616569971,-17.342701145,-17.561643673));
#9660=CARTESIAN_POINT('',(31.586673654,-17.278135563,-17.509861733));
#9661=B_SPLINE_CURVE_WITH_KNOTS('',3,(#9654,#9655,#9656,#9657,#9658,#9659,#9660),.UNSPECIFIED.,.F.,.F.,(4,3,4),(0.,0.000261289,0.000522579),.UNSPECIFIED.);
#9662=EDGE_CURVE('',#5475,#8084,#9661,.T.);
#9663=ORIENTED_EDGE('',*,*,#9662,.T.);
#9664=ORIENTED_EDGE('',*,*,#8089,.T.);
#9665=ORIENTED_EDGE('',*,*,#8746,.T.);
#9666=ORIENTED_EDGE('',*,*,#5495,.T.);
#9667=EDGE_LOOP('',(#9663,#9664,#9665,#9666));
#9668=FACE_BOUND('',#9667,.T.);
#9669=ADVANCED_FACE('',(#9668),#9653,.T.);
#9670=CARTESIAN_POINT('',(31.275540849,-18.9,-17.670963907));
#9671=DIRECTION('',(0.,1.,0.));
#9672=DIRECTION('',(0.,0.,-1.));
#9673=AXIS2_PLACEMENT_3D('',#9670,#9671,#9672);
#9674=CYLINDRICAL_SURFACE('',#9673,0.35);
#9675=CARTESIAN_POINT('',(31.224522214,-16.845610168,-17.324702303));
#9676=VERTEX_POINT('',#9675);
#9677=CARTESIAN_POINT('',(31.578649741,-17.260688574,-17.495963907));
#9678=CARTESIAN_POINT('',(31.545166441,-17.187386696,-17.437969131));
#9679=CARTESIAN_POINT('',(31.498405328,-17.112801142,-17.393004841));
#9680=CARTESIAN_POINT('',(31.439614766,-17.039776578,-17.361804159));
#9681=CARTESIAN_POINT('',(31.410219486,-17.003264296,-17.346203818));
#9682=CARTESIAN_POINT('',(31.378264526,-16.967843283,-17.334397085));
#9683=CARTESIAN_POINT('',(31.342476265,-16.93433719,-17.327424026));
#9684=CARTESIAN_POINT('',(31.306688005,-16.900831098,-17.320450967));
#9685=CARTESIAN_POINT('',(31.267869777,-16.869749223,-17.318315416));
#9686=CARTESIAN_POINT('',(31.224522214,-16.845610168,-17.324702303));
#9687=B_SPLINE_CURVE_WITH_KNOTS('',3,(#9677,#9678,#9679,#9680,#9681,#9682,#9683,#9684,#9685,#9686),.UNSPECIFIED.,.F.,.F.,(4,3,3,4),(0.,0.000293596,0.000440394,0.000587192),.UNSPECIFIED.);
#9688=EDGE_CURVE('',#8068,#9676,#9687,.T.);
#9689=ORIENTED_EDGE('',*,*,#9688,.T.);
#9690=CARTESIAN_POINT('',(31.224522214,-16.845610168,-17.324702303));
#9691=DIRECTION('',(-0.,-1.,-0.));
#9692=VECTOR('',#9691,2.054389832);
#9693=LINE('',#9690,#9692);
#9694=EDGE_CURVE('',#9676,#8750,#9693,.T.);
#9695=ORIENTED_EDGE('',*,*,#9694,.T.);
#9696=ORIENTED_EDGE('',*,*,#8756,.T.);
#9697=ORIENTED_EDGE('',*,*,#8073,.T.);
#9698=EDGE_LOOP('',(#9689,#9695,#9696,#9697));
#9699=FACE_BOUND('',#9698,.T.);
#9700=ADVANCED_FACE('',(#9699),#9674,.T.);
#9701=CARTESIAN_POINT('',(-35.007192365,-18.9,-14.608094487));
#9702=DIRECTION('',(0.,1.,0.));
#9703=DIRECTION('',(0.,0.,-1.));
#9704=AXIS2_PLACEMENT_3D('',#9701,#9702,#9703);
#9705=CYLINDRICAL_SURFACE('',#9704,0.35);
#9706=CARTESIAN_POINT('',(-34.95617373,-17.748430572,-14.261832882));
#9707=CARTESIAN_POINT('',(-35.036548567,-17.727059015,-14.249990349));
#9708=CARTESIAN_POINT('',(-35.112379619,-17.688507138,-14.267192791));
#9709=CARTESIAN_POINT('',(-35.173231365,-17.641834625,-14.299985658));
#9710=CARTESIAN_POINT('',(-35.234083111,-17.595162112,-14.332778525));
#9711=CARTESIAN_POINT('',(-35.279450438,-17.541676256,-14.379659302));
#9712=CARTESIAN_POINT('',(-35.310301256,-17.485372241,-14.433094487));
#9713=B_SPLINE_CURVE_WITH_KNOTS('',3,(#9706,#9707,#9708,#9709,#9710,#9711,#9712),.UNSPECIFIED.,.F.,.F.,(4,3,4),(0.,0.000247846,0.000495692),.UNSPECIFIED.);
#9714=EDGE_CURVE('',#2749,#7675,#9713,.T.);
#9715=ORIENTED_EDGE('',*,*,#9714,.T.);
#9716=ORIENTED_EDGE('',*,*,#7705,.T.);
#9717=ORIENTED_EDGE('',*,*,#9086,.T.);
#9718=ORIENTED_EDGE('',*,*,#2763,.T.);
#9719=EDGE_LOOP('',(#9715,#9716,#9717,#9718));
#9720=FACE_BOUND('',#9719,.T.);
#9721=ADVANCED_FACE('',(#9720),#9705,.T.);
#9722=CARTESIAN_POINT('',(-36.797616279,-18.9,-17.709199672));
#9723=DIRECTION('',(0.,1.,0.));
#9724=DIRECTION('',(0.,0.,-1.));
#9725=AXIS2_PLACEMENT_3D('',#9722,#9723,#9724);
#9726=CYLINDRICAL_SURFACE('',#9725,0.35);
#9727=CARTESIAN_POINT('',(-37.10072517,-17.286855627,-17.534199672));
#9728=CARTESIAN_POINT('',(-37.115696618,-17.318968939,-17.560130981));
#9729=CARTESIAN_POINT('',(-37.127476091,-17.350044654,-17.588093224));
#9730=CARTESIAN_POINT('',(-37.135588855,-17.38007801,-17.618235188));
#9731=CARTESIAN_POINT('',(-37.14370162,-17.410111365,-17.648377152));
#9732=CARTESIAN_POINT('',(-37.148165226,-17.439481388,-17.681171979));
#9733=CARTESIAN_POINT('',(-37.147561809,-17.466662361,-17.715374291));
#9734=CARTESIAN_POINT('',(-37.146354975,-17.521024309,-17.783778915));
#9735=CARTESIAN_POINT('',(-37.124523976,-17.568033138,-17.860174323));
#9736=CARTESIAN_POINT('',(-37.071978307,-17.593894913,-17.926513908));
#9737=B_SPLINE_CURVE_WITH_KNOTS('',3,(#9727,#9728,#9729,#9730,#9731,#9732,#9733,#9734,#9735,#9736),.UNSPECIFIED.,.F.,.F.,(4,3,3,4),(0.,0.000129912,0.000259824,0.000519648),.UNSPECIFIED.);
#9738=EDGE_CURVE('',#7497,#4792,#9737,.T.);
#9739=ORIENTED_EDGE('',*,*,#9738,.T.);
#9740=ORIENTED_EDGE('',*,*,#4797,.T.);
#9741=ORIENTED_EDGE('',*,*,#9144,.T.);
#9742=ORIENTED_EDGE('',*,*,#7511,.T.);
#9743=EDGE_LOOP('',(#9739,#9740,#9741,#9742));
#9744=FACE_BOUND('',#9743,.T.);
#9745=ADVANCED_FACE('',(#9744),#9726,.T.);
#9746=CARTESIAN_POINT('',(40.195597674,-18.9,-33.120955534));
#9747=DIRECTION('',(0.,1.,0.));
#9748=DIRECTION('',(0.,0.,-1.));
#9749=AXIS2_PLACEMENT_3D('',#9746,#9747,#9748);
#9750=CYLINDRICAL_SURFACE('',#9749,0.35);
#9751=CARTESIAN_POINT('',(40.469959703,-17.872216158,-33.33826977));
#9752=CARTESIAN_POINT('',(40.518884655,-17.854164011,-33.276501387));
#9753=CARTESIAN_POINT('',(40.542691137,-17.821772446,-33.20380844));
#9754=CARTESIAN_POINT('',(40.545343194,-17.781169026,-33.134299869));
#9755=CARTESIAN_POINT('',(40.547995252,-17.740565605,-33.064791298));
#9756=CARTESIAN_POINT('',(40.530254893,-17.693248562,-33.00059884));
#9757=CARTESIAN_POINT('',(40.498706566,-17.643254228,-32.945955534));
#9758=B_SPLINE_CURVE_WITH_KNOTS('',3,(#9751,#9752,#9753,#9754,#9755,#9756,#9757),.UNSPECIFIED.,.F.,.F.,(4,3,4),(0.,0.000238619,0.000477238),.UNSPECIFIED.);
#9759=EDGE_CURVE('',#5047,#8323,#9758,.T.);
#9760=ORIENTED_EDGE('',*,*,#9759,.T.);
#9761=ORIENTED_EDGE('',*,*,#8353,.T.);
#9762=ORIENTED_EDGE('',*,*,#8643,.T.);
#9763=ORIENTED_EDGE('',*,*,#5061,.T.);
#9764=EDGE_LOOP('',(#9760,#9761,#9762,#9763));
#9765=FACE_BOUND('',#9764,.T.);
#9766=ADVANCED_FACE('',(#9765),#9750,.T.);
#9767=CARTESIAN_POINT('',(30.384340849,-18.9,-16.127360227));
#9768=DIRECTION('',(0.,1.,0.));
#9769=DIRECTION('',(0.,0.,-1.));
#9770=AXIS2_PLACEMENT_3D('',#9767,#9768,#9769);
#9771=CYLINDRICAL_SURFACE('',#9770,0.35);
#9772=ORIENTED_EDGE('',*,*,#8781,.T.);
#9773=ORIENTED_EDGE('',*,*,#7984,.T.);
#9774=CARTESIAN_POINT('',(30.333322214,-13.51,-15.781098623));
#9775=VERTEX_POINT('',#9774);
#9776=CARTESIAN_POINT('',(30.384340849,-13.51,-16.127360227));
#9777=DIRECTION('',(0.,-1.,0.));
#9778=DIRECTION('',(0.,0.,-1.));
#9779=AXIS2_PLACEMENT_3D('',#9776,#9777,#9778);
#9780=CIRCLE('',#9779,0.35);
#9781=EDGE_CURVE('',#7973,#9775,#9780,.T.);
#9782=ORIENTED_EDGE('',*,*,#9781,.T.);
#9783=CARTESIAN_POINT('',(30.333322214,-13.51,-15.781098623));
#9784=DIRECTION('',(-0.,-1.,-0.));
#9785=VECTOR('',#9784,5.39);
#9786=LINE('',#9783,#9785);
#9787=EDGE_CURVE('',#9775,#8775,#9786,.T.);
#9788=ORIENTED_EDGE('',*,*,#9787,.T.);
#9789=EDGE_LOOP('',(#9772,#9773,#9782,#9788));
#9790=FACE_BOUND('',#9789,.T.);
#9791=ADVANCED_FACE('',(#9790),#9771,.T.);
#9792=CARTESIAN_POINT('',(30.392364763,-18.9,-16.141258053));
#9793=DIRECTION('',(0.,1.,0.));
#9794=DIRECTION('',(0.,0.,-1.));
#9795=AXIS2_PLACEMENT_3D('',#9792,#9793,#9794);
#9796=CYLINDRICAL_SURFACE('',#9795,0.35);
#9797=ORIENTED_EDGE('',*,*,#8771,.T.);
#9798=ORIENTED_EDGE('',*,*,#8048,.T.);
#9799=CARTESIAN_POINT('',(30.392364763,-13.51,-16.141258053));
#9800=DIRECTION('',(0.,-1.,0.));
#9801=DIRECTION('',(0.,0.,-1.));
#9802=AXIS2_PLACEMENT_3D('',#9799,#9800,#9801);
#9803=CIRCLE('',#9802,0.35);
#9804=EDGE_CURVE('',#8034,#7965,#9803,.T.);
#9805=ORIENTED_EDGE('',*,*,#9804,.T.);
#9806=ORIENTED_EDGE('',*,*,#7970,.T.);
#9807=EDGE_LOOP('',(#9797,#9798,#9805,#9806));
#9808=FACE_BOUND('',#9807,.T.);
#9809=ADVANCED_FACE('',(#9808),#9796,.T.);
#9810=CARTESIAN_POINT('',(-26.543409574,-18.9,-1.333603975));
#9811=DIRECTION('',(0.,-1.,0.));
#9812=DIRECTION('',(0.,0.,1.));
#9813=AXIS2_PLACEMENT_3D('',#9810,#9811,#9812);
#9814=CYLINDRICAL_SURFACE('',#9813,0.35);
#9815=CARTESIAN_POINT('',(-26.543409574,-18.9,-0.983603975));
#9816=DIRECTION('',(-0.,1.,-0.));
#9817=VECTOR('',#9816,5.39);
#9818=LINE('',#9815,#9817);
#9819=EDGE_CURVE('',#8971,#3539,#9818,.T.);
#9820=ORIENTED_EDGE('',*,*,#9819,.T.);
#9821=ORIENTED_EDGE('',*,*,#3545,.T.);
#9822=CARTESIAN_POINT('',(-26.701434567,-13.51,-1.021309079));
#9823=DIRECTION('',(0.,-1.,0.));
#9824=VECTOR('',#9823,5.39);
#9825=LINE('',#9822,#9824);
#9826=EDGE_CURVE('',#3530,#8980,#9825,.T.);
#9827=ORIENTED_EDGE('',*,*,#9826,.T.);
#9828=ORIENTED_EDGE('',*,*,#8986,.T.);
#9829=EDGE_LOOP('',(#9820,#9821,#9827,#9828));
#9830=FACE_BOUND('',#9829,.T.);
#9831=ADVANCED_FACE('',(#9830),#9814,.T.);
#9832=CARTESIAN_POINT('',(-26.513068857,-18.9,-1.316297823));
#9833=DIRECTION('',(0.,-1.,0.));
#9834=DIRECTION('',(0.,0.,1.));
#9835=AXIS2_PLACEMENT_3D('',#9832,#9833,#9834);
#9836=CYLINDRICAL_SURFACE('',#9835,0.35);
#9837=ORIENTED_EDGE('',*,*,#8995,.T.);
#9838=ORIENTED_EDGE('',*,*,#9826,.F.);
#9839=ORIENTED_EDGE('',*,*,#3536,.T.);
#9840=CARTESIAN_POINT('',(-26.854457086,-13.51,-1.393460488));
#9841=DIRECTION('',(-0.,-1.,-0.));
#9842=VECTOR('',#9841,5.39);
#9843=LINE('',#9840,#9842);
#9844=EDGE_CURVE('',#3521,#8989,#9843,.T.);
#9845=ORIENTED_EDGE('',*,*,#9844,.T.);
#9846=EDGE_LOOP('',(#9837,#9838,#9839,#9845));
#9847=FACE_BOUND('',#9846,.T.);
#9848=ADVANCED_FACE('',(#9847),#9836,.T.);
#9849=CARTESIAN_POINT('',(29.501164763,-18.9,-14.597654373));
#9850=DIRECTION('',(0.,1.,0.));
#9851=DIRECTION('',(0.,0.,-1.));
#9852=AXIS2_PLACEMENT_3D('',#9849,#9850,#9851);
#9853=CYLINDRICAL_SURFACE('',#9852,0.35);
#9854=CARTESIAN_POINT('',(29.775526791,-17.136073574,-14.81496861));
#9855=CARTESIAN_POINT('',(29.801537921,-17.154658708,-14.782129223));
#9856=CARTESIAN_POINT('',(29.819122112,-17.178781458,-14.748459459));
#9857=CARTESIAN_POINT('',(29.831283779,-17.20597576,-14.71393608));
#9858=CARTESIAN_POINT('',(29.843445446,-17.233170062,-14.679412702));
#9859=CARTESIAN_POINT('',(29.849469134,-17.262248341,-14.645659946));
#9860=CARTESIAN_POINT('',(29.85086175,-17.292432804,-14.612215173));
#9861=CARTESIAN_POINT('',(29.853646984,-17.352801731,-14.545325627));
#9862=CARTESIAN_POINT('',(29.8377685,-17.416546418,-14.480669148));
#9863=CARTESIAN_POINT('',(29.804273654,-17.478057006,-14.422654373));
#9864=B_SPLINE_CURVE_WITH_KNOTS('',3,(#9854,#9855,#9856,#9857,#9858,#9859,#9860,#9861,#9862,#9863),.UNSPECIFIED.,.F.,.F.,(4,3,3,4),(0.,0.000134918,0.000269835,0.00053967),.UNSPECIFIED.);
#9865=EDGE_CURVE('',#7905,#7855,#9864,.T.);
#9866=ORIENTED_EDGE('',*,*,#9865,.T.);
#9867=ORIENTED_EDGE('',*,*,#7860,.T.);
#9868=ORIENTED_EDGE('',*,*,#8796,.T.);
#9869=ORIENTED_EDGE('',*,*,#7937,.T.);
#9870=EDGE_LOOP('',(#9866,#9867,#9868,#9869));
#9871=FACE_BOUND('',#9870,.T.);
#9872=ADVANCED_FACE('',(#9871),#9853,.T.);
#9873=CARTESIAN_POINT('',(-27.835812695,-18.9,-2.389214888));
#9874=DIRECTION('',(0.,-1.,0.));
#9875=DIRECTION('',(0.,0.,1.));
#9876=AXIS2_PLACEMENT_3D('',#9873,#9874,#9875);
#9877=CYLINDRICAL_SURFACE('',#9876,0.35);
#9878=CARTESIAN_POINT('',(-27.835812674,-16.358243877,-2.039203574));
#9879=VERTEX_POINT('',#9878);
#9880=CARTESIAN_POINT('',(-27.835812695,-18.9,-2.039214888));
#9881=DIRECTION('',(-0.,1.,-0.));
#9882=VECTOR('',#9881,2.541756123);
#9883=LINE('',#9880,#9882);
#9884=EDGE_CURVE('',#9006,#9879,#9883,.T.);
#9885=ORIENTED_EDGE('',*,*,#9884,.T.);
#9886=CARTESIAN_POINT('',(-28.085590437,-16.758073195,-2.144039279));
#9887=VERTEX_POINT('',#9886);
#9888=CARTESIAN_POINT('',(-27.689874247,-16.25492452,-2.071092318));
#9889=CARTESIAN_POINT('',(-27.715251607,-16.261132687,-2.059450477));
#9890=CARTESIAN_POINT('',(-27.739471327,-16.274454309,-2.051949866));
#9891=CARTESIAN_POINT('',(-27.761958616,-16.290712639,-2.047095647));
#9892=CARTESIAN_POINT('',(-27.784445904,-16.306970969,-2.042241428));
#9893=CARTESIAN_POINT('',(-27.80508389,-16.325999932,-2.04001686));
#9894=CARTESIAN_POINT('',(-27.824657509,-16.346374579,-2.039392702));
#9895=CARTESIAN_POINT('',(-27.863804747,-16.387123872,-2.038144386));
#9896=CARTESIAN_POINT('',(-27.897364498,-16.43150347,-2.043145649));
#9897=CARTESIAN_POINT('',(-27.928643876,-16.477246938,-2.051750265));
#9898=CARTESIAN_POINT('',(-27.991202634,-16.568733872,-2.068959498));
#9899=CARTESIAN_POINT('',(-28.042781512,-16.663612926,-2.100426798));
#9900=CARTESIAN_POINT('',(-28.085590437,-16.758073195,-2.144039279));
#9901=B_SPLINE_CURVE_WITH_KNOTS('',3,(#9888,#9889,#9890,#9891,#9892,#9893,#9894,#9895,#9896,#9897,#9898,#9899,#9900),.UNSPECIFIED.,.F.,.F.,(4,3,3,3,4),(0.,0.000084136,0.000168272,0.000336545,0.000673089),.UNSPECIFIED.);
#9902=EDGE_CURVE('',#9879,#9887,#9901,.T.);
#9903=ORIENTED_EDGE('',*,*,#9902,.T.);
#9904=CARTESIAN_POINT('',(-28.085590437,-16.758073195,-2.144039279));
#9905=DIRECTION('',(0.,-1.,0.));
#9906=VECTOR('',#9905,2.141926805);
#9907=LINE('',#9904,#9906);
#9908=EDGE_CURVE('',#9887,#9015,#9907,.T.);
#9909=ORIENTED_EDGE('',*,*,#9908,.T.);
#9910=ORIENTED_EDGE('',*,*,#9021,.T.);
#9911=EDGE_LOOP('',(#9885,#9903,#9909,#9910));
#9912=FACE_BOUND('',#9911,.T.);
#9913=ADVANCED_FACE('',(#9912),#9877,.T.);
#9914=CARTESIAN_POINT('',(-27.812618934,-18.9,-2.363097624));
#9915=DIRECTION('',(0.,-1.,0.));
#9916=DIRECTION('',(0.,0.,1.));
#9917=AXIS2_PLACEMENT_3D('',#9914,#9915,#9916);
#9918=CYLINDRICAL_SURFACE('',#9917,0.35);
#9919=CARTESIAN_POINT('',(-28.085590437,-16.758073195,-2.144039279));
#9920=CARTESIAN_POINT('',(-28.122013152,-16.849889207,-2.189426106));
#9921=CARTESIAN_POINT('',(-28.148978433,-16.937894308,-2.244384567));
#9922=CARTESIAN_POINT('',(-28.158933774,-17.02174779,-2.312441609));
#9923=CARTESIAN_POINT('',(-28.163911444,-17.063674531,-2.34647013));
#9924=CARTESIAN_POINT('',(-28.164299388,-17.104143306,-2.383654964));
#9925=CARTESIAN_POINT('',(-28.157439643,-17.14099621,-2.423086612));
#9926=CARTESIAN_POINT('',(-28.150579898,-17.177849115,-2.46251826));
#9927=CARTESIAN_POINT('',(-28.136587672,-17.211107224,-2.504171481));
#9928=CARTESIAN_POINT('',(-28.111269068,-17.236995999,-2.545602686));
#9929=B_SPLINE_CURVE_WITH_KNOTS('',3,(#9919,#9920,#9921,#9922,#9923,#9924,#9925,#9926,#9927,#9928),.UNSPECIFIED.,.F.,.F.,(4,3,3,4),(0.,0.000321285,0.000481927,0.00064257),.UNSPECIFIED.);
#9930=EDGE_CURVE('',#9887,#3176,#9929,.T.);
#9931=ORIENTED_EDGE('',*,*,#9930,.T.);
#9932=ORIENTED_EDGE('',*,*,#3225,.T.);
#9933=ORIENTED_EDGE('',*,*,#9028,.T.);
#9934=ORIENTED_EDGE('',*,*,#9908,.F.);
#9935=EDGE_LOOP('',(#9931,#9932,#9933,#9934));
#9936=FACE_BOUND('',#9935,.T.);
#9937=ADVANCED_FACE('',(#9936),#9918,.T.);
#9938=CARTESIAN_POINT('',(39.304397674,-18.9,-31.577351854));
#9939=DIRECTION('',(0.,1.,0.));
#9940=DIRECTION('',(0.,0.,-1.));
#9941=AXIS2_PLACEMENT_3D('',#9938,#9939,#9940);
#9942=CYLINDRICAL_SURFACE('',#9941,0.35);
#9943=ORIENTED_EDGE('',*,*,#8668,.T.);
#9944=ORIENTED_EDGE('',*,*,#8305,.T.);
#9945=ORIENTED_EDGE('',*,*,#6339,.T.);
#9946=ORIENTED_EDGE('',*,*,#8235,.T.);
#9947=EDGE_LOOP('',(#9943,#9944,#9945,#9946));
#9948=FACE_BOUND('',#9947,.T.);
#9949=ADVANCED_FACE('',(#9948),#9942,.T.);
#9950=CARTESIAN_POINT('',(-36.789592365,-18.9,-17.695301846));
#9951=DIRECTION('',(0.,1.,0.));
#9952=DIRECTION('',(0.,0.,-1.));
#9953=AXIS2_PLACEMENT_3D('',#9950,#9951,#9952);
#9954=CYLINDRICAL_SURFACE('',#9953,0.35);
#9955=CARTESIAN_POINT('',(-36.73857373,-16.857672896,-17.349040242));
#9956=CARTESIAN_POINT('',(-36.781887711,-16.881577861,-17.342658303));
#9957=CARTESIAN_POINT('',(-36.820275556,-16.912009846,-17.344731741));
#9958=CARTESIAN_POINT('',(-36.856223577,-16.945351614,-17.351702834));
#9959=CARTESIAN_POINT('',(-36.892171598,-16.978693382,-17.358673927));
#9960=CARTESIAN_POINT('',(-36.924077683,-17.013790061,-17.370478072));
#9961=CARTESIAN_POINT('',(-36.953347084,-17.04983105,-17.385972908));
#9962=CARTESIAN_POINT('',(-36.982616485,-17.08587204,-17.401467744));
#9963=CARTESIAN_POINT('',(-37.009252421,-17.123107656,-17.42090337));
#9964=CARTESIAN_POINT('',(-37.032524591,-17.159851034,-17.443341663));
#9965=CARTESIAN_POINT('',(-37.055796761,-17.196594411,-17.465779957));
#9966=CARTESIAN_POINT('',(-37.075971787,-17.233154493,-17.491325556));
#9967=CARTESIAN_POINT('',(-37.092701256,-17.269527725,-17.520301846));
#9968=B_SPLINE_CURVE_WITH_KNOTS('',3,(#9955,#9956,#9957,#9958,#9959,#9960,#9961,#9962,#9963,#9964,#9965,#9966,#9967),.UNSPECIFIED.,.F.,.F.,(4,3,3,3,4),(0.,0.000146753,0.000293506,0.00044026,0.000587013),.UNSPECIFIED.);
#9969=EDGE_CURVE('',#7546,#7495,#9968,.T.);
#9970=ORIENTED_EDGE('',*,*,#9969,.T.);
#9971=ORIENTED_EDGE('',*,*,#7525,.T.);
#9972=ORIENTED_EDGE('',*,*,#9136,.T.);
#9973=ORIENTED_EDGE('',*,*,#7575,.T.);
#9974=EDGE_LOOP('',(#9970,#9971,#9972,#9973));
#9975=FACE_BOUND('',#9974,.T.);
#9976=ADVANCED_FACE('',(#9975),#9954,.T.);
#9977=CARTESIAN_POINT('',(-35.015216279,-18.9,-14.621992313));
#9978=DIRECTION('',(0.,1.,0.));
#9979=DIRECTION('',(0.,0.,-1.));
#9980=AXIS2_PLACEMENT_3D('',#9977,#9978,#9979);
#9981=CYLINDRICAL_SURFACE('',#9980,0.35);
#9982=CARTESIAN_POINT('',(-35.289578307,-17.126336969,-14.839306549));
#9983=VERTEX_POINT('',#9982);
#9984=CARTESIAN_POINT('',(-35.31832517,-17.470636468,-14.446992313));
#9985=CARTESIAN_POINT('',(-35.335098373,-17.439639782,-14.476044353));
#9986=CARTESIAN_POINT('',(-35.347177217,-17.408545664,-14.506409778));
#9987=CARTESIAN_POINT('',(-35.354982831,-17.377368393,-14.537976303));
#9988=CARTESIAN_POINT('',(-35.362788445,-17.346191122,-14.569542828));
#9989=CARTESIAN_POINT('',(-35.366287584,-17.314568402,-14.602704502));
#9990=CARTESIAN_POINT('',(-35.364928237,-17.284132114,-14.636189012));
#9991=CARTESIAN_POINT('',(-35.363568889,-17.253695825,-14.669673521));
#9992=CARTESIAN_POINT('',(-35.35755824,-17.224337149,-14.703505924));
#9993=CARTESIAN_POINT('',(-35.345406356,-17.196904898,-14.738072082));
#9994=CARTESIAN_POINT('',(-35.333254472,-17.169472648,-14.772638239));
#9995=CARTESIAN_POINT('',(-35.315670081,-17.145117278,-14.806365348));
#9996=CARTESIAN_POINT('',(-35.289578307,-17.126336969,-14.839306549));
#9997=B_SPLINE_CURVE_WITH_KNOTS('',3,(#9984,#9985,#9986,#9987,#9988,#9989,#9990,#9991,#9992,#9993,#9994,#9995,#9996),.UNSPECIFIED.,.F.,.F.,(4,3,3,3,4),(0.,0.00013506,0.00027012,0.00040518,0.00054024),.UNSPECIFIED.);
#9998=EDGE_CURVE('',#7677,#9983,#9997,.T.);
#9999=ORIENTED_EDGE('',*,*,#9998,.T.);
#10000=CARTESIAN_POINT('',(-35.289578307,-17.126336969,-14.839306549));
#10001=DIRECTION('',(-0.,-1.,-0.));
#10002=VECTOR('',#10001,1.773663031);
#10003=LINE('',#10000,#10002);
#10004=EDGE_CURVE('',#9983,#9090,#10003,.T.);
#10005=ORIENTED_EDGE('',*,*,#10004,.T.);
#10006=ORIENTED_EDGE('',*,*,#9096,.T.);
#10007=ORIENTED_EDGE('',*,*,#7691,.T.);
#10008=EDGE_LOOP('',(#9999,#10005,#10006,#10007));
#10009=FACE_BOUND('',#10008,.T.);
#10010=ADVANCED_FACE('',(#10009),#9981,.T.);
#10011=CARTESIAN_POINT('',(40.187573761,-18.9,-33.107057708));
#10012=DIRECTION('',(0.,1.,0.));
#10013=DIRECTION('',(0.,0.,-1.));
#10014=AXIS2_PLACEMENT_3D('',#10011,#10012,#10013);
#10015=CYLINDRICAL_SURFACE('',#10014,0.35);
#10016=CARTESIAN_POINT('',(40.136555126,-17.334052051,-32.760796104));
#10017=VERTEX_POINT('',#10016);
#10018=CARTESIAN_POINT('',(40.490682652,-17.630462044,-32.932057708));
#10019=CARTESIAN_POINT('',(40.473819095,-17.6034151,-32.90284917));
#10020=CARTESIAN_POINT('',(40.453362782,-17.576210112,-32.876963827));
#10021=CARTESIAN_POINT('',(40.429541124,-17.54887575,-32.854170787));
#10022=CARTESIAN_POINT('',(40.405719466,-17.521541387,-32.831377747));
#10023=CARTESIAN_POINT('',(40.378338329,-17.493978547,-32.811702434));
#10024=CARTESIAN_POINT('',(40.348544606,-17.467803114,-32.796270986));
#10025=CARTESIAN_POINT('',(40.288957159,-17.415452249,-32.76540809));
#10026=CARTESIAN_POINT('',(40.217119304,-17.365052211,-32.748925673));
#10027=CARTESIAN_POINT('',(40.136555126,-17.334052051,-32.760796104));
#10028=B_SPLINE_CURVE_WITH_KNOTS('',3,(#10018,#10019,#10020,#10021,#10022,#10023,#10024,#10025,#10026,#10027),.UNSPECIFIED.,.F.,.F.,(4,3,3,4),(0.,0.000128188,0.000256376,0.000512752),.UNSPECIFIED.);
#10029=EDGE_CURVE('',#8325,#10017,#10028,.T.);
#10030=ORIENTED_EDGE('',*,*,#10029,.T.);
#10031=CARTESIAN_POINT('',(40.136555126,-17.334052051,-32.760796104));
#10032=DIRECTION('',(-0.,-1.,-0.));
#10033=VECTOR('',#10032,1.565947949);
#10034=LINE('',#10031,#10033);
#10035=EDGE_CURVE('',#10017,#8647,#10034,.T.);
#10036=ORIENTED_EDGE('',*,*,#10035,.T.);
#10037=ORIENTED_EDGE('',*,*,#8653,.T.);
#10038=ORIENTED_EDGE('',*,*,#8339,.T.);
#10039=EDGE_LOOP('',(#10030,#10036,#10037,#10038));
#10040=FACE_BOUND('',#10039,.T.);
#10041=ADVANCED_FACE('',(#10040),#10015,.T.);
#10042=CARTESIAN_POINT('',(0.,-13.51,0.));
#10043=DIRECTION('',(0.,1.,0.));
#10044=DIRECTION('',(1.,0.,0.));
#10045=AXIS2_PLACEMENT_3D('',#10042,#10043,#10044);
#10046=PLANE('',#10045);
#10047=CARTESIAN_POINT('',(29.331444623,-13.51,-16.003690469));
#10048=DIRECTION('',(0.866025404,0.,0.5));
#10049=VECTOR('',#10048,0.654393502);
#10050=LINE('',#10047,#10049);
#10051=EDGE_CURVE('',#8439,#7888,#10050,.T.);
#10052=ORIENTED_EDGE('',*,*,#10051,.T.);
#10053=ORIENTED_EDGE('',*,*,#7894,.F.);
#10054=CARTESIAN_POINT('',(30.245861697,-13.51,-15.1875073));
#10055=DIRECTION('',(0.,1.,0.));
#10056=DIRECTION('',(0.,0.,-1.));
#10057=AXIS2_PLACEMENT_3D('',#10054,#10055,#10056);
#10058=CIRCLE('',#10057,0.6);
#10059=EDGE_CURVE('',#9775,#7878,#10058,.T.);
#10060=ORIENTED_EDGE('',*,*,#10059,.F.);
#10061=ORIENTED_EDGE('',*,*,#9781,.F.);
#10062=ORIENTED_EDGE('',*,*,#7978,.T.);
#10063=ORIENTED_EDGE('',*,*,#9804,.F.);
#10064=ORIENTED_EDGE('',*,*,#8040,.F.);
#10065=CARTESIAN_POINT('',(30.601820819,-13.51,-17.002251537));
#10066=DIRECTION('',(-0.866025404,0.,-0.5));
#10067=VECTOR('',#10066,0.600897523);
#10068=LINE('',#10065,#10067);
#10069=EDGE_CURVE('',#8026,#8447,#10068,.T.);
#10070=ORIENTED_EDGE('',*,*,#10069,.T.);
#10071=ORIENTED_EDGE('',*,*,#8452,.F.);
#10072=EDGE_LOOP('',(#10052,#10053,#10060,#10061,#10062,#10063,#10064,#10070,#10071));
#10073=FACE_BOUND('',#10072,.T.);
#10074=ADVANCED_FACE('',(#10073),#10046,.T.);
#10075=CARTESIAN_POINT('',(0.,-13.51,0.));
#10076=DIRECTION('',(0.,1.,0.));
#10077=DIRECTION('',(1.,0.,0.));
#10078=AXIS2_PLACEMENT_3D('',#10075,#10076,#10077);
#10079=PLANE('',#10078);
#10080=CARTESIAN_POINT('',(-35.405059252,-13.51,-15.695662009));
#10081=VERTEX_POINT('',#10080);
#10082=CARTESIAN_POINT('',(-35.405059252,-13.51,-15.695662009));
#10083=DIRECTION('',(0.866025404,0.,-0.5));
#10084=VECTOR('',#10083,0.65077907);
#10085=LINE('',#10082,#10084);
#10086=EDGE_CURVE('',#10081,#6769,#10085,.T.);
#10087=ORIENTED_EDGE('',*,*,#10086,.T.);
#10088=ORIENTED_EDGE('',*,*,#6774,.F.);
#10089=CARTESIAN_POINT('',(-36.112252717,-13.51,-17.019322688));
#10090=VERTEX_POINT('',#10089);
#10091=CARTESIAN_POINT('',(-35.591428298,-13.51,-17.320020807));
#10092=DIRECTION('',(-0.866025404,0.,0.5));
#10093=VECTOR('',#10092,0.601396237);
#10094=LINE('',#10091,#10093);
#10095=EDGE_CURVE('',#6761,#10090,#10094,.T.);
#10096=ORIENTED_EDGE('',*,*,#10095,.T.);
#10097=CARTESIAN_POINT('',(-36.651113213,-13.51,-16.755448919));
#10098=DIRECTION('',(0.,1.,0.));
#10099=DIRECTION('',(0.,0.,-1.));
#10100=AXIS2_PLACEMENT_3D('',#10097,#10098,#10099);
#10101=CIRCLE('',#10100,0.6);
#10102=EDGE_CURVE('',#9632,#10090,#10101,.T.);
#10103=ORIENTED_EDGE('',*,*,#10102,.F.);
#10104=ORIENTED_EDGE('',*,*,#9638,.F.);
#10105=ORIENTED_EDGE('',*,*,#7622,.F.);
#10106=ORIENTED_EDGE('',*,*,#9618,.F.);
#10107=ORIENTED_EDGE('',*,*,#7649,.F.);
#10108=CARTESIAN_POINT('',(-35.759913213,-13.51,-15.21184524));
#10109=DIRECTION('',(0.,1.,0.));
#10110=DIRECTION('',(0.,0.,-1.));
#10111=AXIS2_PLACEMENT_3D('',#10108,#10109,#10110);
#10112=CIRCLE('',#10111,0.6);
#10113=EDGE_CURVE('',#10081,#7633,#10112,.T.);
#10114=ORIENTED_EDGE('',*,*,#10113,.F.);
#10115=EDGE_LOOP('',(#10087,#10088,#10096,#10103,#10104,#10105,#10106,#10107,#10114));
#10116=FACE_BOUND('',#10115,.T.);
#10117=ADVANCED_FACE('',(#10116),#10079,.T.);
#10118=CARTESIAN_POINT('',(41.079099262,-0.,-29.347225173));
#10119=DIRECTION('',(0.5,-0.,-0.866025404));
#10120=DIRECTION('',(-0.,-1.,0.));
#10121=AXIS2_PLACEMENT_3D('',#10118,#10119,#10120);
#10122=PLANE('',#10121);
#10123=ORIENTED_EDGE('',*,*,#8184,.F.);
#10124=ORIENTED_EDGE('',*,*,#6295,.F.);
#10125=ORIENTED_EDGE('',*,*,#8483,.F.);
#10126=CARTESIAN_POINT('',(38.581246077,-14.9,-30.789361382));
#10127=DIRECTION('',(-0.866025404,0.,-0.5));
#10128=VECTOR('',#10127,0.617727582);
#10129=LINE('',#10126,#10128);
#10130=EDGE_CURVE('',#8179,#8471,#10129,.T.);
#10131=ORIENTED_EDGE('',*,*,#10130,.F.);
#10132=EDGE_LOOP('',(#10123,#10124,#10125,#10131));
#10133=FACE_BOUND('',#10132,.T.);
#10134=ADVANCED_FACE('',(#10133),#10122,.F.);
#10135=CARTESIAN_POINT('',(39.329099262,-14.9,-26.31613626));
#10136=DIRECTION('',(-0.866025404,0.,-0.5));
#10137=DIRECTION('',(-0.5,0.,0.866025404));
#10138=AXIS2_PLACEMENT_3D('',#10135,#10136,#10137);
#10139=CYLINDRICAL_SURFACE('',#10138,3.5);
#10140=ORIENTED_EDGE('',*,*,#8477,.F.);
#10141=ORIENTED_EDGE('',*,*,#7215,.F.);
#10142=ORIENTED_EDGE('',*,*,#8151,.F.);
#10143=CARTESIAN_POINT('',(38.354155126,-17.428396988,-29.673588744));
#10144=CARTESIAN_POINT('',(38.282529013,-17.453928681,-29.684142229));
#10145=CARTESIAN_POINT('',(38.21498722,-17.487709623,-29.681409299));
#10146=CARTESIAN_POINT('',(38.150141239,-17.526075759,-29.668567989));
#10147=CARTESIAN_POINT('',(38.085295259,-17.564441895,-29.655726678));
#10148=CARTESIAN_POINT('',(38.026273191,-17.605630702,-29.633292339));
#10149=CARTESIAN_POINT('',(37.971633362,-17.648250797,-29.60243293));
#10150=CARTESIAN_POINT('',(37.862353703,-17.733490988,-29.540714113));
#10151=CARTESIAN_POINT('',(37.773828075,-17.821566972,-29.446450513));
#10152=CARTESIAN_POINT('',(37.719850983,-17.89999991,-29.32690236));
#10153=B_SPLINE_CURVE_WITH_KNOTS('',3,(#10143,#10144,#10145,#10146,#10147,#10148,#10149,#10150,#10151,#10152),.UNSPECIFIED.,.F.,.F.,(4,3,3,4),(0.,0.00022625,0.0004525,0.000905),.UNSPECIFIED.);
#10154=EDGE_CURVE('',#6194,#8131,#10153,.T.);
#10155=ORIENTED_EDGE('',*,*,#10154,.F.);
#10156=ORIENTED_EDGE('',*,*,#6206,.F.);
#10157=ORIENTED_EDGE('',*,*,#5957,.F.);
#10158=ORIENTED_EDGE('',*,*,#6245,.F.);
#10159=ORIENTED_EDGE('',*,*,#8203,.F.);
#10160=ORIENTED_EDGE('',*,*,#10130,.T.);
#10161=EDGE_LOOP('',(#10140,#10141,#10142,#10155,#10156,#10157,#10158,#10159,#10160));
#10162=FACE_BOUND('',#10161,.T.);
#10163=ADVANCED_FACE('',(#10162),#10139,.F.);
#10164=CARTESIAN_POINT('',(33.114249262,0.,-15.551700299));
#10165=DIRECTION('',(-0.5,0.,0.866025404));
#10166=DIRECTION('',(0.,1.,-0.));
#10167=AXIS2_PLACEMENT_3D('',#10164,#10165,#10166);
#10168=PLANE('',#10167);
#10169=ORIENTED_EDGE('',*,*,#8031,.F.);
#10170=CARTESIAN_POINT('',(30.601820819,-14.9,-17.002251537));
#10171=DIRECTION('',(-0.866025404,0.,-0.5));
#10172=VECTOR('',#10171,0.600897523);
#10173=LINE('',#10170,#10172);
#10174=EDGE_CURVE('',#8005,#8455,#10173,.T.);
#10175=ORIENTED_EDGE('',*,*,#10174,.T.);
#10176=ORIENTED_EDGE('',*,*,#8460,.F.);
#10177=ORIENTED_EDGE('',*,*,#10069,.F.);
#10178=EDGE_LOOP('',(#10169,#10175,#10176,#10177));
#10179=FACE_BOUND('',#10178,.T.);
#10180=ADVANCED_FACE('',(#10179),#10168,.F.);
#10181=CARTESIAN_POINT('',(34.864249262,-14.9,-18.582789212));
#10182=DIRECTION('',(-0.866025404,0.,-0.5));
#10183=DIRECTION('',(-0.5,0.,0.866025404));
#10184=AXIS2_PLACEMENT_3D('',#10181,#10182,#10183);
#10185=CYLINDRICAL_SURFACE('',#10184,3.5);
#10186=ORIENTED_EDGE('',*,*,#8467,.F.);
#10187=ORIENTED_EDGE('',*,*,#10174,.F.);
#10188=ORIENTED_EDGE('',*,*,#8023,.F.);
#10189=CARTESIAN_POINT('',(31.224522214,-16.845610168,-17.324702303));
#10190=CARTESIAN_POINT('',(31.144905073,-16.801273593,-17.336433196));
#10191=CARTESIAN_POINT('',(31.076335057,-16.74057129,-17.331046669));
#10192=CARTESIAN_POINT('',(31.017466153,-16.672811581,-17.319070933));
#10193=CARTESIAN_POINT('',(30.958597249,-16.605051873,-17.307095197));
#10194=CARTESIAN_POINT('',(30.910278184,-16.531249646,-17.288533715));
#10195=CARTESIAN_POINT('',(30.8687851,-16.453074578,-17.267793072));
#10196=CARTESIAN_POINT('',(30.785798931,-16.296724443,-17.226311785));
#10197=CARTESIAN_POINT('',(30.733773721,-16.13162772,-17.178860422));
#10198=CARTESIAN_POINT('',(30.695914834,-15.960171057,-17.137791992));
#10199=CARTESIAN_POINT('',(30.658055948,-15.788714393,-17.096723562));
#10200=CARTESIAN_POINT('',(30.63579022,-15.612939706,-17.061985458));
#10201=CARTESIAN_POINT('',(30.621752744,-15.436181499,-17.03844904));
#10202=CARTESIAN_POINT('',(30.607715268,-15.259423292,-17.014912622));
#10203=CARTESIAN_POINT('',(30.601820819,-15.080707611,-17.002251537));
#10204=CARTESIAN_POINT('',(30.601820819,-14.9,-17.002251537));
#10205=B_SPLINE_CURVE_WITH_KNOTS('',3,(#10189,#10190,#10191,#10192,#10193,#10194,#10195,#10196,#10197,#10198,#10199,#10200,#10201,#10202,#10203,#10204),.UNSPECIFIED.,.F.,.F.,(4,3,3,3,3,4),(0.,0.000270106,0.000540212,0.001080424,0.001620636,0.002160849),.UNSPECIFIED.);
#10206=EDGE_CURVE('',#9676,#7995,#10205,.T.);
#10207=ORIENTED_EDGE('',*,*,#10206,.F.);
#10208=ORIENTED_EDGE('',*,*,#9688,.F.);
#10209=ORIENTED_EDGE('',*,*,#8096,.T.);
#10210=ORIENTED_EDGE('',*,*,#9662,.F.);
#10211=ORIENTED_EDGE('',*,*,#5487,.F.);
#10212=ORIENTED_EDGE('',*,*,#7229,.T.);
#10213=EDGE_LOOP('',(#10186,#10187,#10188,#10207,#10208,#10209,#10210,#10211,#10212));
#10214=FACE_BOUND('',#10213,.T.);
#10215=ADVANCED_FACE('',(#10214),#10185,.F.);
#10216=CARTESIAN_POINT('',(41.829099262,0.,-30.646263279));
#10217=DIRECTION('',(-0.5,0.,0.866025404));
#10218=DIRECTION('',(0.,1.,-0.));
#10219=AXIS2_PLACEMENT_3D('',#10216,#10217,#10218);
#10220=PLANE('',#10219);
#10221=ORIENTED_EDGE('',*,*,#8296,.F.);
#10222=CARTESIAN_POINT('',(39.470620739,-14.9,-32.007931489));
#10223=DIRECTION('',(-0.866025404,0.,-0.5));
#10224=VECTOR('',#10223,0.778663579);
#10225=LINE('',#10222,#10224);
#10226=EDGE_CURVE('',#8263,#8487,#10225,.T.);
#10227=ORIENTED_EDGE('',*,*,#10226,.T.);
#10228=ORIENTED_EDGE('',*,*,#8492,.F.);
#10229=ORIENTED_EDGE('',*,*,#6279,.F.);
#10230=EDGE_LOOP('',(#10221,#10227,#10228,#10229));
#10231=FACE_BOUND('',#10230,.T.);
#10232=ADVANCED_FACE('',(#10231),#10220,.F.);
#10233=CARTESIAN_POINT('',(43.579099262,-14.9,-33.677352192));
#10234=DIRECTION('',(-0.866025404,0.,-0.5));
#10235=DIRECTION('',(-0.5,0.,0.866025404));
#10236=AXIS2_PLACEMENT_3D('',#10233,#10234,#10235);
#10237=CYLINDRICAL_SURFACE('',#10236,3.5);
#10238=ORIENTED_EDGE('',*,*,#8501,.F.);
#10239=ORIENTED_EDGE('',*,*,#10226,.F.);
#10240=ORIENTED_EDGE('',*,*,#8290,.F.);
#10241=CARTESIAN_POINT('',(40.136555126,-17.334052051,-32.760796104));
#10242=CARTESIAN_POINT('',(40.025515844,-17.291325424,-32.777156776));
#10243=CARTESIAN_POINT('',(39.925686161,-17.222464377,-32.760774407));
#10244=CARTESIAN_POINT('',(39.844012849,-17.142713689,-32.731067772));
#10245=CARTESIAN_POINT('',(39.803176192,-17.102838346,-32.716214454));
#10246=CARTESIAN_POINT('',(39.766081174,-17.059507001,-32.697668807));
#10247=CARTESIAN_POINT('',(39.733280912,-17.014686158,-32.677363295));
#10248=CARTESIAN_POINT('',(39.70048065,-16.969865315,-32.657057783));
#10249=CARTESIAN_POINT('',(39.671800987,-16.923505172,-32.634995122));
#10250=CARTESIAN_POINT('',(39.646364176,-16.875738975,-32.611961118));
#10251=CARTESIAN_POINT('',(39.595490556,-16.78020658,-32.565893109));
#10252=CARTESIAN_POINT('',(39.557485167,-16.678415293,-32.51574277));
#10253=CARTESIAN_POINT('',(39.529400038,-16.57533598,-32.467067339));
#10254=CARTESIAN_POINT('',(39.501314909,-16.472256666,-32.418391907));
#10255=CARTESIAN_POINT('',(39.482675522,-16.366941895,-32.370596781));
#10256=CARTESIAN_POINT('',(39.470308937,-16.25927449,-32.325341262));
#10257=CARTESIAN_POINT('',(39.457942351,-16.151607085,-32.280085743));
#10258=CARTESIAN_POINT('',(39.451958761,-16.041139091,-32.237195897));
#10259=CARTESIAN_POINT('',(39.449932834,-15.930190845,-32.198909158));
#10260=CARTESIAN_POINT('',(39.447906907,-15.8192426,-32.16062242));
#10261=CARTESIAN_POINT('',(39.449784865,-15.70742539,-32.126721057));
#10262=CARTESIAN_POINT('',(39.453049532,-15.594451947,-32.098427848));
#10263=CARTESIAN_POINT('',(39.459578866,-15.368505059,-32.041841428));
#10264=CARTESIAN_POINT('',(39.470620739,-15.137869301,-32.007931489));
#10265=CARTESIAN_POINT('',(39.470620739,-14.9,-32.007931489));
#10266=B_SPLINE_CURVE_WITH_KNOTS('',3,(#10241,#10242,#10243,#10244,#10245,#10246,#10247,#10248,#10249,#10250,#10251,#10252,#10253,#10254,#10255,#10256,#10257,#10258,#10259,#10260,#10261,#10262,#10263,#10264,#10265),.UNSPECIFIED.,.F.,.F.,(4,3,3,3,3,3,3,3,4),(0.,0.000353719,0.000530578,0.000707437,0.001061156,0.001414874,0.001768593,0.002122311,0.002829748),.UNSPECIFIED.);
#10267=EDGE_CURVE('',#10017,#8253,#10266,.T.);
#10268=ORIENTED_EDGE('',*,*,#10267,.F.);
#10269=ORIENTED_EDGE('',*,*,#10029,.F.);
#10270=ORIENTED_EDGE('',*,*,#8331,.F.);
#10271=ORIENTED_EDGE('',*,*,#9759,.F.);
#10272=ORIENTED_EDGE('',*,*,#5053,.F.);
#10273=ORIENTED_EDGE('',*,*,#9426,.T.);
#10274=EDGE_LOOP('',(#10238,#10239,#10240,#10268,#10269,#10270,#10271,#10272,#10273));
#10275=FACE_BOUND('',#10274,.T.);
#10276=ADVANCED_FACE('',(#10275),#10237,.F.);
#10277=CARTESIAN_POINT('',(-38.624249262,0.,-15.569020807));
#10278=DIRECTION('',(0.5,0.,0.866025404));
#10279=DIRECTION('',(-0.,1.,-0.));
#10280=AXIS2_PLACEMENT_3D('',#10277,#10278,#10279);
#10281=PLANE('',#10280);
#10282=ORIENTED_EDGE('',*,*,#10095,.F.);
#10283=ORIENTED_EDGE('',*,*,#6766,.T.);
#10284=CARTESIAN_POINT('',(-36.112252717,-14.9,-17.019322688));
#10285=VERTEX_POINT('',#10284);
#10286=CARTESIAN_POINT('',(-36.112252717,-14.9,-17.019322688));
#10287=DIRECTION('',(0.866025404,0.,-0.5));
#10288=VECTOR('',#10287,0.601396237);
#10289=LINE('',#10286,#10288);
#10290=EDGE_CURVE('',#10285,#6752,#10289,.T.);
#10291=ORIENTED_EDGE('',*,*,#10290,.F.);
#10292=CARTESIAN_POINT('',(-36.112252717,-13.51,-17.019322688));
#10293=DIRECTION('',(-0.,-1.,-0.));
#10294=VECTOR('',#10293,1.39);
#10295=LINE('',#10292,#10294);
#10296=EDGE_CURVE('',#10090,#10285,#10295,.T.);
#10297=ORIENTED_EDGE('',*,*,#10296,.F.);
#10298=EDGE_LOOP('',(#10282,#10283,#10291,#10297));
#10299=FACE_BOUND('',#10298,.T.);
#10300=ADVANCED_FACE('',(#10299),#10281,.F.);
#10301=CARTESIAN_POINT('',(-40.374249262,-14.9,-18.60010972));
#10302=DIRECTION('',(0.866025404,0.,-0.5));
#10303=DIRECTION('',(0.5,0.,0.866025404));
#10304=AXIS2_PLACEMENT_3D('',#10301,#10302,#10303);
#10305=CYLINDRICAL_SURFACE('',#10304,3.5);
#10306=ORIENTED_EDGE('',*,*,#10290,.T.);
#10307=ORIENTED_EDGE('',*,*,#6758,.T.);
#10308=ORIENTED_EDGE('',*,*,#6859,.T.);
#10309=ORIENTED_EDGE('',*,*,#4813,.F.);
#10310=ORIENTED_EDGE('',*,*,#9738,.F.);
#10311=ORIENTED_EDGE('',*,*,#7503,.F.);
#10312=ORIENTED_EDGE('',*,*,#9969,.F.);
#10313=ORIENTED_EDGE('',*,*,#7567,.F.);
#10314=CARTESIAN_POINT('',(-36.112252717,-14.9,-17.019322688));
#10315=CARTESIAN_POINT('',(-36.112252717,-15.08221905,-17.019322688));
#10316=CARTESIAN_POINT('',(-36.118079005,-15.262055967,-17.032291091));
#10317=CARTESIAN_POINT('',(-36.131964083,-15.43956303,-17.056254804));
#10318=CARTESIAN_POINT('',(-36.145849161,-15.617070092,-17.080218518));
#10319=CARTESIAN_POINT('',(-36.16767073,-15.792248386,-17.115257224));
#10320=CARTESIAN_POINT('',(-36.205415754,-15.964892158,-17.157137574));
#10321=CARTESIAN_POINT('',(-36.243160778,-16.137535931,-17.199017923));
#10322=CARTESIAN_POINT('',(-36.296748588,-16.307510154,-17.248507483));
#10323=CARTESIAN_POINT('',(-36.379864559,-16.46377565,-17.290635025));
#10324=CARTESIAN_POINT('',(-36.421422544,-16.541908398,-17.311698796));
#10325=CARTESIAN_POINT('',(-36.469877312,-16.615798277,-17.330611319));
#10326=CARTESIAN_POINT('',(-36.529125727,-16.683798633,-17.342917262));
#10327=CARTESIAN_POINT('',(-36.558749934,-16.717798811,-17.349070234));
#10328=CARTESIAN_POINT('',(-36.591478576,-16.750528581,-17.353495084));
#10329=CARTESIAN_POINT('',(-36.626324683,-16.779851904,-17.354936641));
#10330=CARTESIAN_POINT('',(-36.66117079,-16.809175227,-17.356378199));
#10331=CARTESIAN_POINT('',(-36.69832658,-16.835460513,-17.354970309));
#10332=CARTESIAN_POINT('',(-36.73857373,-16.857672896,-17.349040242));
#10333=B_SPLINE_CURVE_WITH_KNOTS('',3,(#10314,#10315,#10316,#10317,#10318,#10319,#10320,#10321,#10322,#10323,#10324,#10325,#10326,#10327,#10328,#10329,#10330,#10331,#10332),.UNSPECIFIED.,.F.,.F.,(4,3,3,3,3,3,4),(0.,0.000538843,0.001077686,0.00161653,0.001885951,0.002020662,0.002155373),.UNSPECIFIED.);
#10334=EDGE_CURVE('',#10285,#7536,#10333,.T.);
#10335=ORIENTED_EDGE('',*,*,#10334,.F.);
#10336=EDGE_LOOP('',(#10306,#10307,#10308,#10309,#10310,#10311,#10312,#10313,#10335));
#10337=FACE_BOUND('',#10336,.T.);
#10338=ADVANCED_FACE('',(#10337),#10305,.F.);
#10339=CARTESIAN_POINT('',(-46.589099262,-0.,-29.364545681));
#10340=DIRECTION('',(-0.5,-0.,-0.866025404));
#10341=DIRECTION('',(0.,-1.,0.));
#10342=AXIS2_PLACEMENT_3D('',#10339,#10340,#10341);
#10343=PLANE('',#10342);
#10344=ORIENTED_EDGE('',*,*,#4286,.F.);
#10345=ORIENTED_EDGE('',*,*,#6398,.T.);
#10346=CARTESIAN_POINT('',(-44.093042865,-14.9,-30.805644514));
#10347=DIRECTION('',(0.866025404,0.,-0.5));
#10348=VECTOR('',#10347,0.619802334);
#10349=LINE('',#10346,#10348);
#10350=EDGE_CURVE('',#6374,#6727,#10349,.T.);
#10351=ORIENTED_EDGE('',*,*,#10350,.T.);
#10352=ORIENTED_EDGE('',*,*,#6732,.T.);
#10353=EDGE_LOOP('',(#10344,#10345,#10351,#10352));
#10354=FACE_BOUND('',#10353,.T.);
#10355=ADVANCED_FACE('',(#10354),#10343,.F.);
#10356=CARTESIAN_POINT('',(-44.839099262,-14.9,-26.333456768));
#10357=DIRECTION('',(0.866025404,0.,-0.5));
#10358=DIRECTION('',(0.5,0.,0.866025404));
#10359=AXIS2_PLACEMENT_3D('',#10356,#10357,#10358);
#10360=CYLINDRICAL_SURFACE('',#10359,3.5);
#10361=ORIENTED_EDGE('',*,*,#4121,.T.);
#10362=CARTESIAN_POINT('',(-44.222326573,-17.060437708,-29.869175133));
#10363=CARTESIAN_POINT('',(-44.193467811,-17.134002906,-29.819190291));
#10364=CARTESIAN_POINT('',(-44.152200951,-17.203773513,-29.774208185));
#10365=CARTESIAN_POINT('',(-44.092915059,-17.267981885,-29.740317895));
#10366=CARTESIAN_POINT('',(-44.063272112,-17.300086071,-29.72337275));
#10367=CARTESIAN_POINT('',(-44.029855796,-17.329789736,-29.709853386));
#10368=CARTESIAN_POINT('',(-43.991819306,-17.35618706,-29.70178792));
#10369=CARTESIAN_POINT('',(-43.953782816,-17.382584384,-29.693722453));
#10370=CARTESIAN_POINT('',(-43.912216813,-17.404839066,-29.691427894));
#10371=CARTESIAN_POINT('',(-43.868199047,-17.420630488,-29.697913529));
#10372=B_SPLINE_CURVE_WITH_KNOTS('',3,(#10362,#10363,#10364,#10365,#10366,#10367,#10368,#10369,#10370,#10371),.UNSPECIFIED.,.F.,.F.,(4,3,3,4),(0.,0.000276475,0.000414713,0.00055295),.UNSPECIFIED.);
#10373=EDGE_CURVE('',#4101,#4058,#10372,.T.);
#10374=ORIENTED_EDGE('',*,*,#10373,.T.);
#10375=ORIENTED_EDGE('',*,*,#4073,.T.);
#10376=ORIENTED_EDGE('',*,*,#6866,.T.);
#10377=ORIENTED_EDGE('',*,*,#6741,.T.);
#10378=ORIENTED_EDGE('',*,*,#10350,.F.);
#10379=ORIENTED_EDGE('',*,*,#6392,.T.);
#10380=ORIENTED_EDGE('',*,*,#4207,.T.);
#10381=ORIENTED_EDGE('',*,*,#4168,.T.);
#10382=EDGE_LOOP('',(#10361,#10374,#10375,#10376,#10377,#10378,#10379,#10380,#10381));
#10383=FACE_BOUND('',#10382,.T.);
#10384=ADVANCED_FACE('',(#10383),#10360,.F.);
#10385=CARTESIAN_POINT('',(-47.339099262,0.,-30.663583787));
#10386=DIRECTION('',(0.5,0.,0.866025404));
#10387=DIRECTION('',(-0.,1.,-0.));
#10388=AXIS2_PLACEMENT_3D('',#10385,#10386,#10387);
#10389=PLANE('',#10388);
#10390=CARTESIAN_POINT('',(-44.987874944,-14.9,-32.02106378));
#10391=DIRECTION('',(0.866025404,0.,-0.5));
#10392=VECTOR('',#10391,0.787040014);
#10393=LINE('',#10390,#10392);
#10394=EDGE_CURVE('',#6492,#6711,#10393,.T.);
#10395=ORIENTED_EDGE('',*,*,#10394,.F.);
#10396=ORIENTED_EDGE('',*,*,#6542,.T.);
#10397=ORIENTED_EDGE('',*,*,#4225,.F.);
#10398=ORIENTED_EDGE('',*,*,#6723,.T.);
#10399=EDGE_LOOP('',(#10395,#10396,#10397,#10398));
#10400=FACE_BOUND('',#10399,.T.);
#10401=ADVANCED_FACE('',(#10400),#10389,.F.);
#10402=CARTESIAN_POINT('',(-49.089099262,-14.9,-33.6946727));
#10403=DIRECTION('',(0.866025404,0.,-0.5));
#10404=DIRECTION('',(0.5,0.,0.866025404));
#10405=AXIS2_PLACEMENT_3D('',#10402,#10403,#10404);
#10406=CYLINDRICAL_SURFACE('',#10405,3.5);
#10407=ORIENTED_EDGE('',*,*,#6575,.T.);
#10408=CARTESIAN_POINT('',(-46.004734168,-17.636940437,-32.956395648));
#10409=CARTESIAN_POINT('',(-45.987865776,-17.610049661,-32.927178736));
#10410=CARTESIAN_POINT('',(-45.967402654,-17.583002794,-32.901286914));
#10411=CARTESIAN_POINT('',(-45.94357207,-17.555828814,-32.878489046));
#10412=CARTESIAN_POINT('',(-45.919741487,-17.528654835,-32.855691178));
#10413=CARTESIAN_POINT('',(-45.892342889,-17.501249309,-32.836008732));
#10414=CARTESIAN_POINT('',(-45.862535872,-17.475231917,-32.820577726));
#10415=CARTESIAN_POINT('',(-45.802921837,-17.423197132,-32.789715715));
#10416=CARTESIAN_POINT('',(-45.731064708,-17.373151025,-32.773279247));
#10417=CARTESIAN_POINT('',(-45.650606642,-17.342396878,-32.785134043));
#10418=B_SPLINE_CURVE_WITH_KNOTS('',3,(#10408,#10409,#10410,#10411,#10412,#10413,#10414,#10415,#10416,#10417),.UNSPECIFIED.,.F.,.F.,(4,3,3,4),(0.,0.000127906,0.000255813,0.000511625),.UNSPECIFIED.);
#10419=EDGE_CURVE('',#6555,#6490,#10418,.T.);
#10420=ORIENTED_EDGE('',*,*,#10419,.T.);
#10421=ORIENTED_EDGE('',*,*,#6519,.T.);
#10422=ORIENTED_EDGE('',*,*,#10394,.T.);
#10423=ORIENTED_EDGE('',*,*,#6717,.T.);
#10424=ORIENTED_EDGE('',*,*,#6935,.T.);
#10425=ORIENTED_EDGE('',*,*,#3619,.T.);
#10426=ORIENTED_EDGE('',*,*,#6649,.T.);
#10427=ORIENTED_EDGE('',*,*,#6622,.T.);
#10428=EDGE_LOOP('',(#10407,#10420,#10421,#10422,#10423,#10424,#10425,#10426,#10427));
#10429=FACE_BOUND('',#10428,.T.);
#10430=ADVANCED_FACE('',(#10429),#10406,.F.);
#10431=CARTESIAN_POINT('',(-33.97371059,-14.796,-16.522051545));
#10432=DIRECTION('',(-0.5,0.,-0.866025404));
#10433=DIRECTION('',(-0.866025404,0.,0.5));
#10434=AXIS2_PLACEMENT_3D('',#10431,#10432,#10433);
#10435=PLANE('',#10434);
#10436=CARTESIAN_POINT('',(-35.405059252,-14.9,-15.695662009));
#10437=VERTEX_POINT('',#10436);
#10438=CARTESIAN_POINT('',(-35.405059252,-14.9,-15.695662009));
#10439=DIRECTION('',(0.866025404,-0.,-0.5));
#10440=VECTOR('',#10439,0.65077907);
#10441=LINE('',#10438,#10440);
#10442=EDGE_CURVE('',#10437,#6662,#10441,.T.);
#10443=ORIENTED_EDGE('',*,*,#10442,.T.);
#10444=ORIENTED_EDGE('',*,*,#6780,.T.);
#10445=ORIENTED_EDGE('',*,*,#10086,.F.);
#10446=CARTESIAN_POINT('',(-35.405059252,-14.9,-15.695662009));
#10447=DIRECTION('',(0.,1.,0.));
#10448=VECTOR('',#10447,1.39);
#10449=LINE('',#10446,#10448);
#10450=EDGE_CURVE('',#10437,#10081,#10449,.T.);
#10451=ORIENTED_EDGE('',*,*,#10450,.F.);
#10452=EDGE_LOOP('',(#10443,#10444,#10445,#10451));
#10453=FACE_BOUND('',#10452,.T.);
#10454=ADVANCED_FACE('',(#10453),#10435,.F.);
#10455=CARTESIAN_POINT('',(-32.22371059,-14.9,-13.490962631));
#10456=DIRECTION('',(-0.866025404,0.,0.5));
#10457=DIRECTION('',(0.5,0.,0.866025404));
#10458=AXIS2_PLACEMENT_3D('',#10455,#10456,#10457);
#10459=CYLINDRICAL_SURFACE('',#10458,3.5);
#10460=ORIENTED_EDGE('',*,*,#7035,.T.);
#10461=ORIENTED_EDGE('',*,*,#6668,.T.);
#10462=ORIENTED_EDGE('',*,*,#10442,.F.);
#10463=CARTESIAN_POINT('',(-35.289578307,-17.126336969,-14.839306549));
#10464=CARTESIAN_POINT('',(-35.259168523,-17.104448647,-14.877699294));
#10465=CARTESIAN_POINT('',(-35.235959834,-17.077327989,-14.916394439));
#10466=CARTESIAN_POINT('',(-35.217703122,-17.046100041,-14.954924596));
#10467=CARTESIAN_POINT('',(-35.19944641,-17.014872092,-14.993454754));
#10468=CARTESIAN_POINT('',(-35.186374606,-16.979426593,-15.031742912));
#10469=CARTESIAN_POINT('',(-35.177452243,-16.942130911,-15.067834065));
#10470=CARTESIAN_POINT('',(-35.159607517,-16.867539547,-15.140016371));
#10471=CARTESIAN_POINT('',(-35.15715443,-16.782850334,-15.206212218));
#10472=CARTESIAN_POINT('',(-35.162170781,-16.695113032,-15.263845103));
#10473=CARTESIAN_POINT('',(-35.172203483,-16.519638427,-15.379110872));
#10474=CARTESIAN_POINT('',(-35.210763624,-16.327060902,-15.46454228));
#10475=CARTESIAN_POINT('',(-35.249459546,-16.131223589,-15.527181653));
#10476=CARTESIAN_POINT('',(-35.288155468,-15.935386276,-15.589821027));
#10477=CARTESIAN_POINT('',(-35.32861292,-15.734215412,-15.630832425));
#10478=CARTESIAN_POINT('',(-35.358038864,-15.527264838,-15.65737527));
#10479=CARTESIAN_POINT('',(-35.387464808,-15.320314265,-15.683918114));
#10480=CARTESIAN_POINT('',(-35.405059252,-15.110970296,-15.695662009));
#10481=CARTESIAN_POINT('',(-35.405059252,-14.9,-15.695662009));
#10482=B_SPLINE_CURVE_WITH_KNOTS('',3,(#10463,#10464,#10465,#10466,#10467,#10468,#10469,#10470,#10471,#10472,#10473,#10474,#10475,#10476,#10477,#10478,#10479,#10480,#10481),.UNSPECIFIED.,.F.,.F.,(4,3,3,3,3,3,4),(0.,0.000157866,0.000315732,0.000631464,0.001262927,0.001894391,0.002525855),.UNSPECIFIED.);
#10483=EDGE_CURVE('',#9983,#10437,#10482,.T.);
#10484=ORIENTED_EDGE('',*,*,#10483,.F.);
#10485=ORIENTED_EDGE('',*,*,#9998,.F.);
#10486=ORIENTED_EDGE('',*,*,#7683,.F.);
#10487=ORIENTED_EDGE('',*,*,#9714,.F.);
#10488=ORIENTED_EDGE('',*,*,#2755,.F.);
#10489=CARTESIAN_POINT('',(-34.596279446,-17.9,-14.202825363));
#10490=CARTESIAN_POINT('',(-34.702396607,-17.83997222,-14.256904275));
#10491=CARTESIAN_POINT('',(-34.826549592,-17.782897448,-14.280931871));
#10492=CARTESIAN_POINT('',(-34.95617373,-17.748430572,-14.261832882));
#10493=B_SPLINE_CURVE_WITH_KNOTS('',3,(#10489,#10490,#10491,#10492),.UNSPECIFIED.,.F.,.F.,(4,4),(0.001129438,0.001529466),.UNSPECIFIED.);
#10494=EDGE_CURVE('',#6962,#2739,#10493,.T.);
#10495=ORIENTED_EDGE('',*,*,#10494,.F.);
#10496=EDGE_LOOP('',(#10460,#10461,#10462,#10484,#10485,#10486,#10487,#10488,#10495));
#10497=FACE_BOUND('',#10496,.T.);
#10498=ADVANCED_FACE('',(#10497),#10459,.F.);
#10499=CARTESIAN_POINT('',(-27.240007917,-0.,-3.054936391));
#10500=DIRECTION('',(0.,-1.,0.));
#10501=DIRECTION('',(-0.5,-0.,-0.866025404));
#10502=AXIS2_PLACEMENT_3D('',#10499,#10500,#10501);
#10503=CYLINDRICAL_SURFACE('',#10502,0.9);
#10504=ORIENTED_EDGE('',*,*,#130,.F.);
#10505=CARTESIAN_POINT('',(-26.790007917,-14.9,-2.275513528));
#10506=VERTEX_POINT('',#10505);
#10507=CARTESIAN_POINT('',(-27.240007917,-14.9,-3.054936391));
#10508=DIRECTION('',(0.,-1.,0.));
#10509=DIRECTION('',(0.866025404,0.,-0.5));
#10510=AXIS2_PLACEMENT_3D('',#10507,#10508,#10509);
#10511=CIRCLE('',#10510,0.9);
#10512=EDGE_CURVE('',#107,#10506,#10511,.T.);
#10513=ORIENTED_EDGE('',*,*,#10512,.T.);
#10514=CARTESIAN_POINT('',(-26.790007917,-13.51,-2.275513528));
#10515=DIRECTION('',(0.,-1.,0.));
#10516=VECTOR('',#10515,1.39);
#10517=LINE('',#10514,#10516);
#10518=EDGE_CURVE('',#3504,#10506,#10517,.T.);
#10519=ORIENTED_EDGE('',*,*,#10518,.F.);
#10520=ORIENTED_EDGE('',*,*,#3510,.F.);
#10521=EDGE_LOOP('',(#10504,#10513,#10519,#10520));
#10522=FACE_BOUND('',#10521,.T.);
#10523=ADVANCED_FACE('',(#10522),#10503,.F.);
#10524=CARTESIAN_POINT('',(-26.008853001,3.604,-2.726513529));
#10525=DIRECTION('',(-0.5,-0.,-0.866025404));
#10526=DIRECTION('',(-0.866025404,0.,0.5));
#10527=AXIS2_PLACEMENT_3D('',#10524,#10525,#10526);
#10528=PLANE('',#10527);
#10529=CARTESIAN_POINT('',(-27.164859511,-14.9,-2.059092859));
#10530=VERTEX_POINT('',#10529);
#10531=CARTESIAN_POINT('',(-26.790007917,-14.9,-2.275513528));
#10532=DIRECTION('',(-0.866025404,0.,0.5));
#10533=VECTOR('',#10532,0.432841337);
#10534=LINE('',#10531,#10533);
#10535=EDGE_CURVE('',#10506,#10530,#10534,.T.);
#10536=ORIENTED_EDGE('',*,*,#10535,.T.);
#10537=CARTESIAN_POINT('',(-27.164859511,-14.9,-2.059092859));
#10538=DIRECTION('',(0.,1.,0.));
#10539=VECTOR('',#10538,1.39);
#10540=LINE('',#10537,#10539);
#10541=EDGE_CURVE('',#10530,#3513,#10540,.T.);
#10542=ORIENTED_EDGE('',*,*,#10541,.T.);
#10543=ORIENTED_EDGE('',*,*,#3518,.T.);
#10544=ORIENTED_EDGE('',*,*,#10518,.T.);
#10545=EDGE_LOOP('',(#10536,#10542,#10543,#10544));
#10546=FACE_BOUND('',#10545,.T.);
#10547=ADVANCED_FACE('',(#10546),#10528,.T.);
#10548=CARTESIAN_POINT('',(-27.758853002,-14.9,-5.757602442));
#10549=DIRECTION('',(0.866025404,0.,-0.5));
#10550=DIRECTION('',(-0.5,0.,-0.866025404));
#10551=AXIS2_PLACEMENT_3D('',#10548,#10549,#10550);
#10552=CYLINDRICAL_SURFACE('',#10551,3.5);
#10553=ORIENTED_EDGE('',*,*,#104,.F.);
#10554=ORIENTED_EDGE('',*,*,#7022,.T.);
#10555=ORIENTED_EDGE('',*,*,#3193,.F.);
#10556=ORIENTED_EDGE('',*,*,#9930,.F.);
#10557=ORIENTED_EDGE('',*,*,#9902,.F.);
#10558=CARTESIAN_POINT('',(-27.689874247,-16.25492452,-2.071092318));
#10559=CARTESIAN_POINT('',(-27.715251607,-16.261132687,-2.059450477));
#10560=CARTESIAN_POINT('',(-27.739471327,-16.274454309,-2.051949866));
#10561=CARTESIAN_POINT('',(-27.761958616,-16.290712639,-2.047095647));
#10562=CARTESIAN_POINT('',(-27.784445904,-16.306970969,-2.042241428));
#10563=CARTESIAN_POINT('',(-27.80508389,-16.325999932,-2.04001686));
#10564=CARTESIAN_POINT('',(-27.824657509,-16.346374579,-2.039392702));
#10565=CARTESIAN_POINT('',(-27.863804747,-16.387123872,-2.038144386));
#10566=CARTESIAN_POINT('',(-27.897364498,-16.43150347,-2.043145649));
#10567=CARTESIAN_POINT('',(-27.928643876,-16.477246938,-2.051750265));
#10568=CARTESIAN_POINT('',(-27.991202634,-16.568733872,-2.068959498));
#10569=CARTESIAN_POINT('',(-28.042781512,-16.663612926,-2.100426798));
#10570=CARTESIAN_POINT('',(-28.085590437,-16.758073195,-2.144039279));
#10571=B_SPLINE_CURVE_WITH_KNOTS('',3,(#10558,#10559,#10560,#10561,#10562,#10563,#10564,#10565,#10566,#10567,#10568,#10569,#10570),.UNSPECIFIED.,.F.,.F.,(4,3,3,3,4),(0.,0.000084136,0.000168272,0.000336545,0.000673089),.UNSPECIFIED.);
#10572=EDGE_CURVE('',#3246,#9879,#10571,.T.);
#10573=ORIENTED_EDGE('',*,*,#10572,.F.);
#10574=ORIENTED_EDGE('',*,*,#3264,.F.);
#10575=CARTESIAN_POINT('',(-27.164859511,-14.9,-2.059092859));
#10576=CARTESIAN_POINT('',(-27.164859511,-15.028608781,-2.059092859));
#10577=CARTESIAN_POINT('',(-27.172146604,-15.155796923,-2.063049701));
#10578=CARTESIAN_POINT('',(-27.187439297,-15.281495546,-2.070135832));
#10579=CARTESIAN_POINT('',(-27.20273199,-15.407194168,-2.077221962));
#10580=CARTESIAN_POINT('',(-27.225879457,-15.531421508,-2.087546494));
#10581=CARTESIAN_POINT('',(-27.260873694,-15.65368022,-2.098472507));
#10582=CARTESIAN_POINT('',(-27.29586793,-15.775938933,-2.10939852));
#10583=CARTESIAN_POINT('',(-27.342842576,-15.897920535,-2.121763185));
#10584=CARTESIAN_POINT('',(-27.410769579,-16.008176198,-2.125041748));
#10585=CARTESIAN_POINT('',(-27.444733081,-16.063304029,-2.126681029));
#10586=CARTESIAN_POINT('',(-27.483335995,-16.114720404,-2.126025796));
#10587=CARTESIAN_POINT('',(-27.530211367,-16.159428254,-2.118872223));
#10588=CARTESIAN_POINT('',(-27.577086739,-16.204136105,-2.11171865));
#10589=CARTESIAN_POINT('',(-27.63170138,-16.240693454,-2.097779069));
#10590=CARTESIAN_POINT('',(-27.689874247,-16.25492452,-2.071092318));
#10591=B_SPLINE_CURVE_WITH_KNOTS('',3,(#10575,#10576,#10577,#10578,#10579,#10580,#10581,#10582,#10583,#10584,#10585,#10586,#10587,#10588,#10589,#10590),.UNSPECIFIED.,.F.,.F.,(4,3,3,3,3,4),(0.,0.000380156,0.000760312,0.001140468,0.001330546,0.001520624),.UNSPECIFIED.);
#10592=EDGE_CURVE('',#10530,#3236,#10591,.T.);
#10593=ORIENTED_EDGE('',*,*,#10592,.F.);
#10594=ORIENTED_EDGE('',*,*,#10535,.F.);
#10595=CARTESIAN_POINT('',(-28.540007917,-14.9,-5.306602441));
#10596=DIRECTION('',(0.866025404,-0.,-0.5));
#10597=DIRECTION('',(-0.5,0.,-0.866025404));
#10598=AXIS2_PLACEMENT_3D('',#10595,#10596,#10597);
#10599=CIRCLE('',#10598,3.5);
#10600=EDGE_CURVE('',#10506,#95,#10599,.T.);
#10601=ORIENTED_EDGE('',*,*,#10600,.T.);
#10602=EDGE_LOOP('',(#10553,#10554,#10555,#10556,#10557,#10573,#10574,#10593,#10594,#10601));
#10603=FACE_BOUND('',#10602,.T.);
#10604=ADVANCED_FACE('',(#10603),#10552,.F.);
#10605=CARTESIAN_POINT('',(-28.540007917,-14.9,-5.306602441));
#10606=DIRECTION('',(0.866025404,0.,-0.5));
#10607=DIRECTION('',(-0.5,0.,-0.866025404));
#10608=AXIS2_PLACEMENT_3D('',#10605,#10606,#10607);
#10609=TOROIDAL_SURFACE('',#10608,2.6,0.9);
#10610=ORIENTED_EDGE('',*,*,#122,.F.);
#10611=ORIENTED_EDGE('',*,*,#10600,.F.);
#10612=ORIENTED_EDGE('',*,*,#10512,.F.);
#10613=EDGE_LOOP('',(#10610,#10611,#10612));
#10614=FACE_BOUND('',#10613,.T.);
#10615=ADVANCED_FACE('',(#10614),#10609,.F.);
#10616=CARTESIAN_POINT('',(28.463687169,14.796,-16.504690469));
#10617=DIRECTION('',(0.5,-0.,-0.866025404));
#10618=DIRECTION('',(0.866025404,0.,0.5));
#10619=AXIS2_PLACEMENT_3D('',#10616,#10617,#10618);
#10620=PLANE('',#10619);
#10621=ORIENTED_EDGE('',*,*,#7902,.F.);
#10622=ORIENTED_EDGE('',*,*,#10051,.F.);
#10623=ORIENTED_EDGE('',*,*,#8444,.F.);
#10624=CARTESIAN_POINT('',(29.331444623,-14.9,-16.003690469));
#10625=DIRECTION('',(0.866025404,0.,0.5));
#10626=VECTOR('',#10625,0.654393502);
#10627=LINE('',#10624,#10626);
#10628=EDGE_CURVE('',#8437,#7897,#10627,.T.);
#10629=ORIENTED_EDGE('',*,*,#10628,.T.);
#10630=EDGE_LOOP('',(#10621,#10622,#10623,#10629));
#10631=FACE_BOUND('',#10630,.T.);
#10632=ADVANCED_FACE('',(#10631),#10620,.F.);
#10633=CARTESIAN_POINT('',(26.713687169,-14.9,-13.473601556));
#10634=DIRECTION('',(-0.866025404,-0.,-0.5));
#10635=DIRECTION('',(0.5,-0.,-0.866025404));
#10636=AXIS2_PLACEMENT_3D('',#10633,#10634,#10635);
#10637=CYLINDRICAL_SURFACE('',#10636,3.5);
#10638=ORIENTED_EDGE('',*,*,#8530,.F.);
#10639=ORIENTED_EDGE('',*,*,#7310,.F.);
#10640=ORIENTED_EDGE('',*,*,#2424,.F.);
#10641=CARTESIAN_POINT('',(29.442122214,-17.754165652,-14.237494943));
#10642=CARTESIAN_POINT('',(29.31631596,-17.787417902,-14.2560314));
#10643=CARTESIAN_POINT('',(29.195572396,-17.84186614,-14.234056873));
#10644=CARTESIAN_POINT('',(29.090866353,-17.9,-14.182802513));
#10645=B_SPLINE_CURVE_WITH_KNOTS('',3,(#10641,#10642,#10643,#10644),.UNSPECIFIED.,.F.,.F.,(4,4),(0.,0.00038783),.UNSPECIFIED.);
#10646=EDGE_CURVE('',#9581,#2408,#10645,.T.);
#10647=ORIENTED_EDGE('',*,*,#10646,.F.);
#10648=ORIENTED_EDGE('',*,*,#9593,.F.);
#10649=ORIENTED_EDGE('',*,*,#7867,.T.);
#10650=ORIENTED_EDGE('',*,*,#9865,.F.);
#10651=ORIENTED_EDGE('',*,*,#7929,.F.);
#10652=ORIENTED_EDGE('',*,*,#10628,.F.);
#10653=EDGE_LOOP('',(#10638,#10639,#10640,#10647,#10648,#10649,#10650,#10651,#10652));
#10654=FACE_BOUND('',#10653,.T.);
#10655=ADVANCED_FACE('',(#10654),#10637,.F.);
#10656=CARTESIAN_POINT('',(22.24882958,-14.9,-5.740241366));
#10657=DIRECTION('',(0.866025404,0.,0.5));
#10658=DIRECTION('',(-0.5,0.,0.866025404));
#10659=AXIS2_PLACEMENT_3D('',#10656,#10657,#10658);
#10660=CYLINDRICAL_SURFACE('',#10659,3.5);
#10661=ORIENTED_EDGE('',*,*,#1783,.F.);
#10662=CARTESIAN_POINT('',(21.279984495,-14.9,-2.258152452));
#10663=VERTEX_POINT('',#10662);
#10664=CARTESIAN_POINT('',(21.656404563,-17.068666106,-2.910131135));
#10665=CARTESIAN_POINT('',(21.59633161,-16.916471166,-2.806081728));
#10666=CARTESIAN_POINT('',(21.541836146,-16.751915375,-2.711692816));
#10667=CARTESIAN_POINT('',(21.495062747,-16.581089203,-2.630678912));
#10668=CARTESIAN_POINT('',(21.448289348,-16.410263031,-2.549665008));
#10669=CARTESIAN_POINT('',(21.409028232,-16.233260854,-2.481662761));
#10670=CARTESIAN_POINT('',(21.377175298,-16.050168258,-2.42649186));
#10671=CARTESIAN_POINT('',(21.345322363,-15.867075662,-2.371320959));
#10672=CARTESIAN_POINT('',(21.320781034,-15.676338264,-2.32881413));
#10673=CARTESIAN_POINT('',(21.304484505,-15.48360871,-2.300587713));
#10674=CARTESIAN_POINT('',(21.288187975,-15.290879156,-2.272361296));
#10675=CARTESIAN_POINT('',(21.279984495,-15.0963511,-2.258152452));
#10676=CARTESIAN_POINT('',(21.279984495,-14.9,-2.258152452));
#10677=B_SPLINE_CURVE_WITH_KNOTS('',3,(#10664,#10665,#10666,#10667,#10668,#10669,#10670,#10671,#10672,#10673,#10674,#10675,#10676),.UNSPECIFIED.,.F.,.F.,(4,3,3,3,4),(0.003144787,0.00372548,0.004306172,0.004886865,0.005467558),.UNSPECIFIED.);
#10678=EDGE_CURVE('',#1762,#10663,#10677,.T.);
#10679=ORIENTED_EDGE('',*,*,#10678,.T.);
#10680=CARTESIAN_POINT('',(21.645712737,-14.9,-2.046999154));
#10681=DIRECTION('',(-0.866025404,-0.,-0.5));
#10682=VECTOR('',#10681,0.422306597);
#10683=LINE('',#10680,#10682);
#10684=EDGE_CURVE('',#1857,#10663,#10683,.T.);
#10685=ORIENTED_EDGE('',*,*,#10684,.F.);
#10686=ORIENTED_EDGE('',*,*,#1878,.F.);
#10687=CARTESIAN_POINT('',(22.164469334,-16.232392331,-2.051794443));
#10688=CARTESIAN_POINT('',(22.107333295,-16.219262965,-2.078540668));
#10689=CARTESIAN_POINT('',(22.053646105,-16.183840261,-2.092809388));
#10690=CARTESIAN_POINT('',(22.007821154,-16.140681687,-2.10037385));
#10691=CARTESIAN_POINT('',(21.961996203,-16.097523113,-2.107938312));
#10692=CARTESIAN_POINT('',(21.923174515,-16.046345814,-2.10917037));
#10693=CARTESIAN_POINT('',(21.889874238,-15.992718484,-2.108045774));
#10694=CARTESIAN_POINT('',(21.856573961,-15.939091155,-2.106921179));
#10695=CARTESIAN_POINT('',(21.828227638,-15.881846821,-2.103283924));
#10696=CARTESIAN_POINT('',(21.80402388,-15.823869175,-2.09893671));
#10697=CARTESIAN_POINT('',(21.779820123,-15.765891528,-2.094589496));
#10698=CARTESIAN_POINT('',(21.75951049,-15.706695713,-2.089467767));
#10699=CARTESIAN_POINT('',(21.742065228,-15.646556845,-2.084378684));
#10700=CARTESIAN_POINT('',(21.707174705,-15.526279107,-2.074200519));
#10701=CARTESIAN_POINT('',(21.683589877,-15.401717945,-2.064244052));
#10702=CARTESIAN_POINT('',(21.668253131,-15.276922456,-2.057489358));
#10703=CARTESIAN_POINT('',(21.652916385,-15.152126967,-2.050734664));
#10704=CARTESIAN_POINT('',(21.645712737,-15.026467294,-2.046999154));
#10705=CARTESIAN_POINT('',(21.645712737,-14.9,-2.046999154));
#10706=B_SPLINE_CURVE_WITH_KNOTS('',3,(#10687,#10688,#10689,#10690,#10691,#10692,#10693,#10694,#10695,#10696,#10697,#10698,#10699,#10700,#10701,#10702,#10703,#10704,#10705),.UNSPECIFIED.,.F.,.F.,(4,3,3,3,3,3,4),(0.,0.000189884,0.000379768,0.000569651,0.000759535,0.001139303,0.001519071),.UNSPECIFIED.);
#10707=EDGE_CURVE('',#9461,#1847,#10706,.T.);
#10708=ORIENTED_EDGE('',*,*,#10707,.F.);
#10709=ORIENTED_EDGE('',*,*,#9476,.F.);
#10710=CARTESIAN_POINT('',(22.560710762,-16.739148472,-2.121662876));
#10711=CARTESIAN_POINT('',(22.51768373,-16.643802342,-2.078507846));
#10712=CARTESIAN_POINT('',(22.466634163,-16.54906874,-2.047746547));
#10713=CARTESIAN_POINT('',(22.403973839,-16.456499289,-2.030851118));
#10714=CARTESIAN_POINT('',(22.372643677,-16.410214563,-2.022403404));
#10715=CARTESIAN_POINT('',(22.338387166,-16.364544671,-2.017549142));
#10716=CARTESIAN_POINT('',(22.29946864,-16.323740959,-2.019038535));
#10717=CARTESIAN_POINT('',(22.280009376,-16.303339104,-2.019783232));
#10718=CARTESIAN_POINT('',(22.259517037,-16.284288651,-2.022097332));
#10719=CARTESIAN_POINT('',(22.236922206,-16.267923578,-2.027118765));
#10720=CARTESIAN_POINT('',(22.214327375,-16.251558504,-2.032140197));
#10721=CARTESIAN_POINT('',(22.190031153,-16.238266215,-2.039828577));
#10722=CARTESIAN_POINT('',(22.164469334,-16.232392331,-2.051794443));
#10723=B_SPLINE_CURVE_WITH_KNOTS('',3,(#10710,#10711,#10712,#10713,#10714,#10715,#10716,#10717,#10718,#10719,#10720,#10721,#10722),.UNSPECIFIED.,.F.,.F.,(4,3,3,3,4),(0.,0.000335702,0.000503553,0.000587479,0.000671404),.UNSPECIFIED.);
#10724=EDGE_CURVE('',#9494,#9453,#10723,.T.);
#10725=ORIENTED_EDGE('',*,*,#10724,.F.);
#10726=ORIENTED_EDGE('',*,*,#9506,.F.);
#10727=ORIENTED_EDGE('',*,*,#1938,.F.);
#10728=ORIENTED_EDGE('',*,*,#1993,.T.);
#10729=ORIENTED_EDGE('',*,*,#7330,.T.);
#10730=EDGE_LOOP('',(#10661,#10679,#10685,#10686,#10708,#10709,#10725,#10726,#10727,#10728,#10729));
#10731=FACE_BOUND('',#10730,.T.);
#10732=ADVANCED_FACE('',(#10731),#10660,.F.);
#10733=CARTESIAN_POINT('',(20.49882958,-3.604,-2.709152453));
#10734=DIRECTION('',(0.5,0.,-0.866025404));
#10735=DIRECTION('',(0.866025404,0.,0.5));
#10736=AXIS2_PLACEMENT_3D('',#10733,#10734,#10735);
#10737=PLANE('',#10736);
#10738=ORIENTED_EDGE('',*,*,#2720,.T.);
#10739=ORIENTED_EDGE('',*,*,#1886,.T.);
#10740=ORIENTED_EDGE('',*,*,#10684,.T.);
#10741=CARTESIAN_POINT('',(21.279984495,-14.9,-2.258152452));
#10742=DIRECTION('',(-0.,1.,0.));
#10743=VECTOR('',#10742,1.39);
#10744=LINE('',#10741,#10743);
#10745=EDGE_CURVE('',#10663,#2715,#10744,.T.);
#10746=ORIENTED_EDGE('',*,*,#10745,.T.);
#10747=EDGE_LOOP('',(#10738,#10739,#10740,#10746));
#10748=FACE_BOUND('',#10747,.T.);
#10749=ADVANCED_FACE('',(#10748),#10737,.T.);
#10750=CARTESIAN_POINT('',(21.729984496,0.,-3.037575316));
#10751=DIRECTION('',(-0.,1.,0.));
#10752=DIRECTION('',(0.5,0.,-0.866025404));
#10753=AXIS2_PLACEMENT_3D('',#10750,#10751,#10752);
#10754=CYLINDRICAL_SURFACE('',#10753,0.9);
#10755=ORIENTED_EDGE('',*,*,#1759,.F.);
#10756=ORIENTED_EDGE('',*,*,#2727,.F.);
#10757=ORIENTED_EDGE('',*,*,#10745,.F.);
#10758=CARTESIAN_POINT('',(21.729984496,-14.9,-3.037575316));
#10759=DIRECTION('',(-0.,-1.,0.));
#10760=DIRECTION('',(0.866025404,0.,0.5));
#10761=AXIS2_PLACEMENT_3D('',#10758,#10759,#10760);
#10762=CIRCLE('',#10761,0.9);
#10763=EDGE_CURVE('',#10663,#1754,#10762,.T.);
#10764=ORIENTED_EDGE('',*,*,#10763,.T.);
#10765=EDGE_LOOP('',(#10755,#10756,#10757,#10764));
#10766=FACE_BOUND('',#10765,.T.);
#10767=ADVANCED_FACE('',(#10766),#10754,.F.);
#10768=CARTESIAN_POINT('',(23.029984496,-14.9,-5.289241366));
#10769=DIRECTION('',(-0.866025404,0.,-0.5));
#10770=DIRECTION('',(0.5,-0.,-0.866025404));
#10771=AXIS2_PLACEMENT_3D('',#10768,#10769,#10770);
#10772=TOROIDAL_SURFACE('',#10771,2.6,0.9);
#10773=ORIENTED_EDGE('',*,*,#1771,.F.);
#10774=ORIENTED_EDGE('',*,*,#10763,.F.);
#10775=ORIENTED_EDGE('',*,*,#10678,.F.);
#10776=EDGE_LOOP('',(#10773,#10774,#10775));
#10777=FACE_BOUND('',#10776,.T.);
#10778=ADVANCED_FACE('',(#10777),#10772,.F.);
#10779=CARTESIAN_POINT('',(16.66,-14.9,-4.));
#10780=DIRECTION('',(0.,0.,-1.));
#10781=DIRECTION('',(-1.,0.,0.));
#10782=AXIS2_PLACEMENT_3D('',#10779,#10780,#10781);
#10783=CYLINDRICAL_SURFACE('',#10782,3.5);
#10784=CARTESIAN_POINT('',(20.16,-14.9,-1.6));
#10785=VERTEX_POINT('',#10784);
#10786=CARTESIAN_POINT('',(16.66,-14.9,-1.6));
#10787=DIRECTION('',(0.,0.,-1.));
#10788=DIRECTION('',(1.,0.,0.));
#10789=AXIS2_PLACEMENT_3D('',#10786,#10787,#10788);
#10790=CIRCLE('',#10789,3.5);
#10791=EDGE_CURVE('',#10785,#1811,#10790,.T.);
#10792=ORIENTED_EDGE('',*,*,#10791,.T.);
#10793=ORIENTED_EDGE('',*,*,#1820,.T.);
#10794=ORIENTED_EDGE('',*,*,#7171,.F.);
#10795=ORIENTED_EDGE('',*,*,#547,.F.);
#10796=ORIENTED_EDGE('',*,*,#586,.F.);
#10797=ORIENTED_EDGE('',*,*,#7777,.T.);
#10798=CARTESIAN_POINT('',(20.16,-14.9,-1.6));
#10799=DIRECTION('',(0.,0.,1.));
#10800=VECTOR('',#10799,0.398185554);
#10801=LINE('',#10798,#10800);
#10802=EDGE_CURVE('',#10785,#7759,#10801,.T.);
#10803=ORIENTED_EDGE('',*,*,#10802,.F.);
#10804=EDGE_LOOP('',(#10792,#10793,#10794,#10795,#10796,#10797,#10803));
#10805=FACE_BOUND('',#10804,.T.);
#10806=ADVANCED_FACE('',(#10805),#10783,.F.);
#10807=CARTESIAN_POINT('',(20.16,0.,-4.));
#10808=DIRECTION('',(1.,0.,0.));
#10809=DIRECTION('',(0.,0.,-1.));
#10810=AXIS2_PLACEMENT_3D('',#10807,#10808,#10809);
#10811=PLANE('',#10810);
#10812=ORIENTED_EDGE('',*,*,#2668,.F.);
#10813=CARTESIAN_POINT('',(20.16,-13.51,-1.6));
#10814=DIRECTION('',(0.,-1.,0.));
#10815=VECTOR('',#10814,1.39);
#10816=LINE('',#10813,#10815);
#10817=EDGE_CURVE('',#2654,#10785,#10816,.T.);
#10818=ORIENTED_EDGE('',*,*,#10817,.T.);
#10819=ORIENTED_EDGE('',*,*,#10802,.T.);
#10820=ORIENTED_EDGE('',*,*,#7764,.F.);
#10821=EDGE_LOOP('',(#10812,#10818,#10819,#10820));
#10822=FACE_BOUND('',#10821,.T.);
#10823=ADVANCED_FACE('',(#10822),#10811,.F.);
#10824=CARTESIAN_POINT('',(19.26,0.,-1.6));
#10825=DIRECTION('',(0.,1.,0.));
#10826=DIRECTION('',(0.,0.,-1.));
#10827=AXIS2_PLACEMENT_3D('',#10824,#10825,#10826);
#10828=CYLINDRICAL_SURFACE('',#10827,0.9);
#10829=ORIENTED_EDGE('',*,*,#1742,.F.);
#10830=CARTESIAN_POINT('',(19.26,-14.9,-1.6));
#10831=DIRECTION('',(-0.,-1.,-0.));
#10832=DIRECTION('',(0.,-0.,1.));
#10833=AXIS2_PLACEMENT_3D('',#10830,#10831,#10832);
#10834=CIRCLE('',#10833,0.9);
#10835=EDGE_CURVE('',#1735,#10785,#10834,.T.);
#10836=ORIENTED_EDGE('',*,*,#10835,.T.);
#10837=ORIENTED_EDGE('',*,*,#10817,.F.);
#10838=ORIENTED_EDGE('',*,*,#2660,.F.);
#10839=EDGE_LOOP('',(#10829,#10836,#10837,#10838));
#10840=FACE_BOUND('',#10839,.T.);
#10841=ADVANCED_FACE('',(#10840),#10828,.F.);
#10842=CARTESIAN_POINT('',(16.66,-14.9,-1.6));
#10843=DIRECTION('',(0.,0.,1.));
#10844=DIRECTION('',(1.,0.,-0.));
#10845=AXIS2_PLACEMENT_3D('',#10842,#10843,#10844);
#10846=TOROIDAL_SURFACE('',#10845,2.6,0.9);
#10847=ORIENTED_EDGE('',*,*,#1836,.F.);
#10848=ORIENTED_EDGE('',*,*,#10791,.F.);
#10849=ORIENTED_EDGE('',*,*,#10835,.F.);
#10850=EDGE_LOOP('',(#10847,#10848,#10849));
#10851=FACE_BOUND('',#10850,.T.);
#10852=ADVANCED_FACE('',(#10851),#10846,.F.);
#10853=CARTESIAN_POINT('',(-24.78,0.,-1.6));
#10854=DIRECTION('',(0.,-1.,0.));
#10855=DIRECTION('',(0.,0.,1.));
#10856=AXIS2_PLACEMENT_3D('',#10853,#10854,#10855);
#10857=CYLINDRICAL_SURFACE('',#10856,0.9);
#10858=ORIENTED_EDGE('',*,*,#3500,.F.);
#10859=CARTESIAN_POINT('',(-25.68,-14.9,-1.6));
#10860=VERTEX_POINT('',#10859);
#10861=CARTESIAN_POINT('',(-25.68,-14.9,-1.6));
#10862=DIRECTION('',(-0.,1.,-0.));
#10863=VECTOR('',#10862,1.39);
#10864=LINE('',#10861,#10863);
#10865=EDGE_CURVE('',#10860,#3494,#10864,.T.);
#10866=ORIENTED_EDGE('',*,*,#10865,.F.);
#10867=CARTESIAN_POINT('',(-24.78,-14.9,-1.6));
#10868=DIRECTION('',(-0.,-1.,-0.));
#10869=DIRECTION('',(0.,-0.,1.));
#10870=AXIS2_PLACEMENT_3D('',#10867,#10868,#10869);
#10871=CIRCLE('',#10870,0.9);
#10872=EDGE_CURVE('',#10860,#35,#10871,.T.);
#10873=ORIENTED_EDGE('',*,*,#10872,.T.);
#10874=ORIENTED_EDGE('',*,*,#40,.F.);
#10875=EDGE_LOOP('',(#10858,#10866,#10873,#10874));
#10876=FACE_BOUND('',#10875,.T.);
#10877=ADVANCED_FACE('',(#10876),#10857,.F.);
#10878=CARTESIAN_POINT('',(-25.68,0.,-4.));
#10879=DIRECTION('',(1.,0.,0.));
#10880=DIRECTION('',(0.,0.,-1.));
#10881=AXIS2_PLACEMENT_3D('',#10878,#10879,#10880);
#10882=PLANE('',#10881);
#10883=ORIENTED_EDGE('',*,*,#10865,.T.);
#10884=ORIENTED_EDGE('',*,*,#3568,.T.);
#10885=CARTESIAN_POINT('',(-25.68,-14.9,-1.204136309));
#10886=VERTEX_POINT('',#10885);
#10887=CARTESIAN_POINT('',(-25.68,-13.51,-1.204136309));
#10888=DIRECTION('',(-0.,-1.,-0.));
#10889=VECTOR('',#10888,1.39);
#10890=LINE('',#10887,#10889);
#10891=EDGE_CURVE('',#3556,#10886,#10890,.T.);
#10892=ORIENTED_EDGE('',*,*,#10891,.T.);
#10893=CARTESIAN_POINT('',(-25.68,-14.9,-1.6));
#10894=DIRECTION('',(-0.,-0.,1.));
#10895=VECTOR('',#10894,0.395863691);
#10896=LINE('',#10893,#10895);
#10897=EDGE_CURVE('',#10860,#10886,#10896,.T.);
#10898=ORIENTED_EDGE('',*,*,#10897,.F.);
#10899=EDGE_LOOP('',(#10883,#10884,#10892,#10898));
#10900=FACE_BOUND('',#10899,.T.);
#10901=ADVANCED_FACE('',(#10900),#10882,.T.);
#10902=CARTESIAN_POINT('',(-22.18,-14.9,-4.));
#10903=DIRECTION('',(0.,0.,1.));
#10904=DIRECTION('',(1.,0.,-0.));
#10905=AXIS2_PLACEMENT_3D('',#10902,#10903,#10904);
#10906=CYLINDRICAL_SURFACE('',#10905,3.5);
#10907=ORIENTED_EDGE('',*,*,#7183,.T.);
#10908=ORIENTED_EDGE('',*,*,#67,.T.);
#10909=CARTESIAN_POINT('',(-22.18,-14.9,-1.6));
#10910=DIRECTION('',(0.,0.,-1.));
#10911=DIRECTION('',(1.,0.,0.));
#10912=AXIS2_PLACEMENT_3D('',#10909,#10910,#10911);
#10913=CIRCLE('',#10912,3.5);
#10914=EDGE_CURVE('',#43,#10860,#10913,.T.);
#10915=ORIENTED_EDGE('',*,*,#10914,.T.);
#10916=ORIENTED_EDGE('',*,*,#10897,.T.);
#10917=CARTESIAN_POINT('',(-25.68,-14.9,-1.204136309));
#10918=CARTESIAN_POINT('',(-25.68,-15.142547189,-1.204136309));
#10919=CARTESIAN_POINT('',(-25.654991991,-15.380650437,-1.196819014));
#10920=CARTESIAN_POINT('',(-25.606491989,-15.613549332,-1.170644907));
#10921=CARTESIAN_POINT('',(-25.582241988,-15.729998779,-1.157557853));
#10922=CARTESIAN_POINT('',(-25.551972324,-15.845437131,-1.139486524));
#10923=CARTESIAN_POINT('',(-25.516129437,-15.958414086,-1.110749387));
#10924=CARTESIAN_POINT('',(-25.48028655,-16.071391041,-1.082012249));
#10925=CARTESIAN_POINT('',(-25.439653904,-16.179079585,-1.044308561));
#10926=CARTESIAN_POINT('',(-25.397663369,-16.277186423,-0.98347706));
#10927=B_SPLINE_CURVE_WITH_KNOTS('',3,(#10917,#10918,#10919,#10920,#10921,#10922,#10923,#10924,#10925,#10926),.UNSPECIFIED.,.F.,.F.,(4,3,3,4),(0.,0.000716737,0.001075106,0.001433475),.UNSPECIFIED.);
#10928=EDGE_CURVE('',#10886,#192,#10927,.T.);
#10929=ORIENTED_EDGE('',*,*,#10928,.T.);
#10930=ORIENTED_EDGE('',*,*,#207,.F.);
#10931=ORIENTED_EDGE('',*,*,#247,.F.);
#10932=EDGE_LOOP('',(#10907,#10908,#10915,#10916,#10929,#10930,#10931));
#10933=FACE_BOUND('',#10932,.T.);
#10934=ADVANCED_FACE('',(#10933),#10906,.F.);
#10935=CARTESIAN_POINT('',(-22.18,-14.9,-1.6));
#10936=DIRECTION('',(0.,0.,1.));
#10937=DIRECTION('',(1.,0.,-0.));
#10938=AXIS2_PLACEMENT_3D('',#10935,#10936,#10937);
#10939=TOROIDAL_SURFACE('',#10938,2.6,0.9);
#10940=ORIENTED_EDGE('',*,*,#55,.F.);
#10941=ORIENTED_EDGE('',*,*,#10872,.F.);
#10942=ORIENTED_EDGE('',*,*,#10914,.F.);
#10943=EDGE_LOOP('',(#10940,#10941,#10942));
#10944=FACE_BOUND('',#10943,.T.);
#10945=ADVANCED_FACE('',(#10944),#10939,.F.);
#10946=CARTESIAN_POINT('',(-25.891447688,-18.9,-0.642629519));
#10947=DIRECTION('',(0.,1.,0.));
#10948=DIRECTION('',(0.,0.,-1.));
#10949=AXIS2_PLACEMENT_3D('',#10946,#10947,#10948);
#10950=CYLINDRICAL_SURFACE('',#10949,0.6);
#10951=ORIENTED_EDGE('',*,*,#155,.T.);
#10952=ORIENTED_EDGE('',*,*,#8967,.F.);
#10953=ORIENTED_EDGE('',*,*,#215,.T.);
#10954=ORIENTED_EDGE('',*,*,#10928,.F.);
#10955=ORIENTED_EDGE('',*,*,#10891,.F.);
#10956=ORIENTED_EDGE('',*,*,#3562,.T.);
#10957=EDGE_LOOP('',(#10951,#10952,#10953,#10954,#10955,#10956));
#10958=FACE_BOUND('',#10957,.T.);
#10959=ADVANCED_FACE('',(#10958),#10950,.F.);
#10960=CARTESIAN_POINT('',(-23.261709744,-18.9,-0.3));
#10961=DIRECTION('',(0.,1.,0.));
#10962=DIRECTION('',(0.,0.,-1.));
#10963=AXIS2_PLACEMENT_3D('',#10960,#10961,#10962);
#10964=CYLINDRICAL_SURFACE('',#10963,0.6);
#10965=ORIENTED_EDGE('',*,*,#314,.T.);
#10966=ORIENTED_EDGE('',*,*,#8956,.F.);
#10967=ORIENTED_EDGE('',*,*,#364,.T.);
#10968=ORIENTED_EDGE('',*,*,#7140,.T.);
#10969=EDGE_LOOP('',(#10965,#10966,#10967,#10968));
#10970=FACE_BOUND('',#10969,.T.);
#10971=ADVANCED_FACE('',(#10970),#10964,.F.);
#10972=CARTESIAN_POINT('',(-23.253606712,-18.9,-0.3));
#10973=DIRECTION('',(0.,1.,0.));
#10974=DIRECTION('',(0.,0.,-1.));
#10975=AXIS2_PLACEMENT_3D('',#10972,#10973,#10974);
#10976=CYLINDRICAL_SURFACE('',#10975,0.6);
#10977=ORIENTED_EDGE('',*,*,#347,.T.);
#10978=ORIENTED_EDGE('',*,*,#8948,.F.);
#10979=ORIENTED_EDGE('',*,*,#389,.T.);
#10980=ORIENTED_EDGE('',*,*,#7148,.T.);
#10981=EDGE_LOOP('',(#10977,#10978,#10979,#10980));
#10982=FACE_BOUND('',#10981,.T.);
#10983=ADVANCED_FACE('',(#10982),#10976,.F.);
#10984=CARTESIAN_POINT('',(17.733606712,-18.9,-0.3));
#10985=DIRECTION('',(0.,1.,0.));
#10986=DIRECTION('',(0.,0.,-1.));
#10987=AXIS2_PLACEMENT_3D('',#10984,#10985,#10986);
#10988=CYLINDRICAL_SURFACE('',#10987,0.6);
#10989=ORIENTED_EDGE('',*,*,#473,.T.);
#10990=ORIENTED_EDGE('',*,*,#8937,.F.);
#10991=ORIENTED_EDGE('',*,*,#506,.T.);
#10992=ORIENTED_EDGE('',*,*,#7164,.T.);
#10993=EDGE_LOOP('',(#10989,#10990,#10991,#10992));
#10994=FACE_BOUND('',#10993,.T.);
#10995=ADVANCED_FACE('',(#10994),#10988,.F.);
#10996=CARTESIAN_POINT('',(21.910092033,-18.9,-1.508386503));
#10997=DIRECTION('',(0.,1.,0.));
#10998=DIRECTION('',(0.,0.,-1.));
#10999=AXIS2_PLACEMENT_3D('',#10996,#10997,#10998);
#11000=CYLINDRICAL_SURFACE('',#10999,0.6);
#11001=ORIENTED_EDGE('',*,*,#1854,.T.);
#11002=ORIENTED_EDGE('',*,*,#8891,.F.);
#11003=ORIENTED_EDGE('',*,*,#9482,.F.);
#11004=ORIENTED_EDGE('',*,*,#10707,.T.);
#11005=EDGE_LOOP('',(#11001,#11002,#11003,#11004));
#11006=FACE_BOUND('',#11005,.T.);
#11007=ADVANCED_FACE('',(#11006),#11000,.F.);
#11008=CARTESIAN_POINT('',(23.116243976,-18.9,-2.838647168));
#11009=DIRECTION('',(0.,1.,0.));
#11010=DIRECTION('',(0.,0.,-1.));
#11011=AXIS2_PLACEMENT_3D('',#11008,#11009,#11010);
#11012=CYLINDRICAL_SURFACE('',#11011,0.6);
#11013=ORIENTED_EDGE('',*,*,#2011,.T.);
#11014=ORIENTED_EDGE('',*,*,#8853,.F.);
#11015=ORIENTED_EDGE('',*,*,#2070,.T.);
#11016=ORIENTED_EDGE('',*,*,#7344,.T.);
#11017=EDGE_LOOP('',(#11013,#11014,#11015,#11016));
#11018=FACE_BOUND('',#11017,.T.);
#11019=ADVANCED_FACE('',(#11018),#11012,.F.);
#11020=CARTESIAN_POINT('',(24.007446508,-18.9,-4.382255233));
#11021=DIRECTION('',(0.,1.,0.));
#11022=DIRECTION('',(0.,0.,-1.));
#11023=AXIS2_PLACEMENT_3D('',#11020,#11021,#11022);
#11024=CYLINDRICAL_SURFACE('',#11023,0.6);
#11025=ORIENTED_EDGE('',*,*,#2159,.T.);
#11026=ORIENTED_EDGE('',*,*,#8842,.F.);
#11027=ORIENTED_EDGE('',*,*,#2201,.T.);
#11028=ORIENTED_EDGE('',*,*,#7355,.T.);
#11029=EDGE_LOOP('',(#11025,#11026,#11027,#11028));
#11030=FACE_BOUND('',#11029,.T.);
#11031=ADVANCED_FACE('',(#11030),#11024,.F.);
#11032=CARTESIAN_POINT('',(29.420867218,-18.9,-11.910610425));
#11033=DIRECTION('',(0.,1.,0.));
#11034=DIRECTION('',(0.,0.,-1.));
#11035=AXIS2_PLACEMENT_3D('',#11032,#11033,#11034);
#11036=CYLINDRICAL_SURFACE('',#11035,0.376017739);
#11037=ORIENTED_EDGE('',*,*,#2234,.F.);
#11038=ORIENTED_EDGE('',*,*,#7371,.F.);
#11039=ORIENTED_EDGE('',*,*,#7826,.F.);
#11040=ORIENTED_EDGE('',*,*,#8833,.T.);
#11041=EDGE_LOOP('',(#11037,#11038,#11039,#11040));
#11042=FACE_BOUND('',#11041,.T.);
#11043=ADVANCED_FACE('',(#11042),#11036,.T.);
#11044=CARTESIAN_POINT('',(28.463459166,-18.9,-12.100295556));
#11045=DIRECTION('',(0.,1.,0.));
#11046=DIRECTION('',(0.,0.,-1.));
#11047=AXIS2_PLACEMENT_3D('',#11044,#11045,#11046);
#11048=CYLINDRICAL_SURFACE('',#11047,0.6);
#11049=ORIENTED_EDGE('',*,*,#2276,.T.);
#11050=ORIENTED_EDGE('',*,*,#8824,.F.);
#11051=ORIENTED_EDGE('',*,*,#2326,.T.);
#11052=ORIENTED_EDGE('',*,*,#7380,.T.);
#11053=EDGE_LOOP('',(#11049,#11050,#11051,#11052));
#11054=FACE_BOUND('',#11053,.T.);
#11055=ADVANCED_FACE('',(#11054),#11048,.F.);
#11056=CARTESIAN_POINT('',(29.354661697,-18.9,-13.643903621));
#11057=DIRECTION('',(0.,1.,0.));
#11058=DIRECTION('',(0.,0.,-1.));
#11059=AXIS2_PLACEMENT_3D('',#11056,#11057,#11058);
#11060=CYLINDRICAL_SURFACE('',#11059,0.6);
#11061=ORIENTED_EDGE('',*,*,#2415,.T.);
#11062=ORIENTED_EDGE('',*,*,#8813,.F.);
#11063=ORIENTED_EDGE('',*,*,#9599,.F.);
#11064=ORIENTED_EDGE('',*,*,#10646,.T.);
#11065=EDGE_LOOP('',(#11061,#11062,#11063,#11064));
#11066=FACE_BOUND('',#11065,.T.);
#11067=ADVANCED_FACE('',(#11066),#11060,.F.);
#11068=CARTESIAN_POINT('',(-34.868713213,-18.9,-13.66824156));
#11069=DIRECTION('',(0.,1.,0.));
#11070=DIRECTION('',(0.,0.,-1.));
#11071=AXIS2_PLACEMENT_3D('',#11068,#11069,#11070);
#11072=CYLINDRICAL_SURFACE('',#11071,0.6);
#11073=ORIENTED_EDGE('',*,*,#2746,.T.);
#11074=ORIENTED_EDGE('',*,*,#9078,.F.);
#11075=ORIENTED_EDGE('',*,*,#2805,.T.);
#11076=ORIENTED_EDGE('',*,*,#6968,.T.);
#11077=ORIENTED_EDGE('',*,*,#10494,.T.);
#11078=EDGE_LOOP('',(#11073,#11074,#11075,#11076,#11077));
#11079=FACE_BOUND('',#11078,.T.);
#11080=ADVANCED_FACE('',(#11079),#11072,.F.);
#11081=CARTESIAN_POINT('',(-33.977510682,-18.9,-12.124633495));
#11082=DIRECTION('',(0.,1.,0.));
#11083=DIRECTION('',(0.,0.,-1.));
#11084=AXIS2_PLACEMENT_3D('',#11081,#11082,#11083);
#11085=CYLINDRICAL_SURFACE('',#11084,0.6);
#11086=ORIENTED_EDGE('',*,*,#2894,.T.);
#11087=ORIENTED_EDGE('',*,*,#9067,.F.);
#11088=CARTESIAN_POINT('',(-34.571133967,-18.9,-12.037390189));
#11089=DIRECTION('',(0.,1.,0.));
#11090=VECTOR('',#11089,1.);
#11091=LINE('',#11088,#11090);
#11092=EDGE_CURVE('',#9054,#6975,#11091,.T.);
#11093=ORIENTED_EDGE('',*,*,#11092,.T.);
#11094=ORIENTED_EDGE('',*,*,#6981,.T.);
#11095=EDGE_LOOP('',(#11086,#11087,#11093,#11094));
#11096=FACE_BOUND('',#11095,.T.);
#11097=ADVANCED_FACE('',(#11096),#11085,.F.);
#11098=CARTESIAN_POINT('',(-34.930867218,-18.9,-11.927930933));
#11099=DIRECTION('',(0.,1.,0.));
#11100=DIRECTION('',(0.,0.,-1.));
#11101=AXIS2_PLACEMENT_3D('',#11098,#11099,#11100);
#11102=CYLINDRICAL_SURFACE('',#11101,0.376017739);
#11103=ORIENTED_EDGE('',*,*,#2927,.F.);
#11104=ORIENTED_EDGE('',*,*,#6988,.F.);
#11105=ORIENTED_EDGE('',*,*,#11092,.F.);
#11106=ORIENTED_EDGE('',*,*,#9060,.T.);
#11107=EDGE_LOOP('',(#11103,#11104,#11105,#11106));
#11108=FACE_BOUND('',#11107,.T.);
#11109=ADVANCED_FACE('',(#11108),#11102,.T.);
#11110=CARTESIAN_POINT('',(-29.521498023,-18.9,-4.406593172));
#11111=DIRECTION('',(0.,1.,0.));
#11112=DIRECTION('',(0.,0.,-1.));
#11113=AXIS2_PLACEMENT_3D('',#11110,#11111,#11112);
#11114=CYLINDRICAL_SURFACE('',#11113,0.6);
#11115=ORIENTED_EDGE('',*,*,#3011,.T.);
#11116=ORIENTED_EDGE('',*,*,#9047,.F.);
#11117=ORIENTED_EDGE('',*,*,#3061,.T.);
#11118=ORIENTED_EDGE('',*,*,#7004,.T.);
#11119=EDGE_LOOP('',(#11115,#11116,#11117,#11118));
#11120=FACE_BOUND('',#11119,.T.);
#11121=ADVANCED_FACE('',(#11120),#11114,.F.);
#11122=CARTESIAN_POINT('',(-28.630295492,-18.9,-2.862985107));
#11123=DIRECTION('',(0.,1.,0.));
#11124=DIRECTION('',(0.,0.,-1.));
#11125=AXIS2_PLACEMENT_3D('',#11122,#11123,#11124);
#11126=CYLINDRICAL_SURFACE('',#11125,0.6);
#11127=ORIENTED_EDGE('',*,*,#3150,.T.);
#11128=ORIENTED_EDGE('',*,*,#9036,.F.);
#11129=ORIENTED_EDGE('',*,*,#3210,.T.);
#11130=ORIENTED_EDGE('',*,*,#7015,.T.);
#11131=EDGE_LOOP('',(#11127,#11128,#11129,#11130));
#11132=FACE_BOUND('',#11131,.T.);
#11133=ADVANCED_FACE('',(#11132),#11126,.F.);
#11134=CARTESIAN_POINT('',(-27.439694051,-18.9,-1.525739341));
#11135=DIRECTION('',(0.,1.,0.));
#11136=DIRECTION('',(0.,0.,-1.));
#11137=AXIS2_PLACEMENT_3D('',#11134,#11135,#11136);
#11138=CYLINDRICAL_SURFACE('',#11137,0.6);
#11139=ORIENTED_EDGE('',*,*,#3243,.T.);
#11140=ORIENTED_EDGE('',*,*,#9002,.F.);
#11141=ORIENTED_EDGE('',*,*,#9844,.F.);
#11142=ORIENTED_EDGE('',*,*,#3527,.T.);
#11143=ORIENTED_EDGE('',*,*,#10541,.F.);
#11144=ORIENTED_EDGE('',*,*,#10592,.T.);
#11145=EDGE_LOOP('',(#11139,#11140,#11141,#11142,#11143,#11144));
#11146=FACE_BOUND('',#11145,.T.);
#11147=ADVANCED_FACE('',(#11146),#11138,.F.);
#11148=CARTESIAN_POINT('',(-47.345548656,-18.9,-35.278754465));
#11149=DIRECTION('',(0.,1.,0.));
#11150=DIRECTION('',(0.,0.,-1.));
#11151=AXIS2_PLACEMENT_3D('',#11148,#11149,#11150);
#11152=CYLINDRICAL_SURFACE('',#11151,0.6);
#11153=ORIENTED_EDGE('',*,*,#3712,.T.);
#11154=ORIENTED_EDGE('',*,*,#8588,.F.);
#11155=ORIENTED_EDGE('',*,*,#3762,.T.);
#11156=ORIENTED_EDGE('',*,*,#6925,.T.);
#11157=EDGE_LOOP('',(#11153,#11154,#11155,#11156));
#11158=FACE_BOUND('',#11157,.T.);
#11159=ADVANCED_FACE('',(#11158),#11152,.F.);
#11160=CARTESIAN_POINT('',(-43.919217682,-13.51,-30.044175133));
#11161=DIRECTION('',(0.,-1.,0.));
#11162=DIRECTION('',(0.,0.,1.));
#11163=AXIS2_PLACEMENT_3D('',#11160,#11161,#11162);
#11164=CYLINDRICAL_SURFACE('',#11163,0.35);
#11165=ORIENTED_EDGE('',*,*,#4106,.F.);
#11166=ORIENTED_EDGE('',*,*,#9195,.T.);
#11167=ORIENTED_EDGE('',*,*,#4081,.F.);
#11168=ORIENTED_EDGE('',*,*,#10373,.F.);
#11169=EDGE_LOOP('',(#11165,#11166,#11167,#11168));
#11170=FACE_BOUND('',#11169,.T.);
#11171=ADVANCED_FACE('',(#11170),#11164,.T.);
#11172=CARTESIAN_POINT('',(-42.889535998,-18.9,-27.560714142));
#11173=DIRECTION('',(0.,1.,0.));
#11174=DIRECTION('',(0.,0.,-1.));
#11175=AXIS2_PLACEMENT_3D('',#11172,#11173,#11174);
#11176=CYLINDRICAL_SURFACE('',#11175,0.6);
#11177=ORIENTED_EDGE('',*,*,#4407,.T.);
#11178=ORIENTED_EDGE('',*,*,#9183,.F.);
#11179=ORIENTED_EDGE('',*,*,#4457,.T.);
#11180=ORIENTED_EDGE('',*,*,#6816,.T.);
#11181=EDGE_LOOP('',(#11177,#11178,#11179,#11180));
#11182=FACE_BOUND('',#11181,.T.);
#11183=ADVANCED_FACE('',(#11182),#11176,.F.);
#11184=CARTESIAN_POINT('',(-43.666776119,-18.9,-27.010297851));
#11185=DIRECTION('',(0.,1.,0.));
#11186=DIRECTION('',(0.,0.,-1.));
#11187=AXIS2_PLACEMENT_3D('',#11184,#11185,#11186);
#11188=CYLINDRICAL_SURFACE('',#11187,0.351682165);
#11189=ORIENTED_EDGE('',*,*,#4482,.F.);
#11190=ORIENTED_EDGE('',*,*,#6824,.F.);
#11191=ORIENTED_EDGE('',*,*,#4440,.F.);
#11192=ORIENTED_EDGE('',*,*,#9175,.T.);
#11193=EDGE_LOOP('',(#11189,#11190,#11191,#11192));
#11194=FACE_BOUND('',#11193,.T.);
#11195=ADVANCED_FACE('',(#11194),#11188,.T.);
#11196=CARTESIAN_POINT('',(-38.43352334,-18.9,-19.842673819));
#11197=DIRECTION('',(0.,1.,0.));
#11198=DIRECTION('',(0.,0.,-1.));
#11199=AXIS2_PLACEMENT_3D('',#11196,#11197,#11198);
#11200=CYLINDRICAL_SURFACE('',#11199,0.6);
#11201=ORIENTED_EDGE('',*,*,#4599,.T.);
#11202=ORIENTED_EDGE('',*,*,#9163,.F.);
#11203=ORIENTED_EDGE('',*,*,#4649,.T.);
#11204=ORIENTED_EDGE('',*,*,#6841,.T.);
#11205=EDGE_LOOP('',(#11201,#11202,#11203,#11204));
#11206=FACE_BOUND('',#11205,.T.);
#11207=ADVANCED_FACE('',(#11206),#11200,.F.);
#11208=CARTESIAN_POINT('',(-37.542320808,-18.9,-18.299065754));
#11209=DIRECTION('',(0.,1.,0.));
#11210=DIRECTION('',(0.,0.,-1.));
#11211=AXIS2_PLACEMENT_3D('',#11208,#11209,#11210);
#11212=CYLINDRICAL_SURFACE('',#11211,0.6);
#11213=ORIENTED_EDGE('',*,*,#4738,.T.);
#11214=ORIENTED_EDGE('',*,*,#9152,.F.);
#11215=ORIENTED_EDGE('',*,*,#4780,.T.);
#11216=ORIENTED_EDGE('',*,*,#6852,.T.);
#11217=EDGE_LOOP('',(#11213,#11214,#11215,#11216));
#11218=FACE_BOUND('',#11217,.T.);
#11219=ADVANCED_FACE('',(#11218),#11212,.F.);
#11220=CARTESIAN_POINT('',(40.940294609,-18.9,-33.710808461));
#11221=DIRECTION('',(0.,1.,0.));
#11222=DIRECTION('',(0.,0.,-1.));
#11223=AXIS2_PLACEMENT_3D('',#11220,#11221,#11222);
#11224=CYLINDRICAL_SURFACE('',#11223,0.6);
#11225=ORIENTED_EDGE('',*,*,#5035,.T.);
#11226=ORIENTED_EDGE('',*,*,#8635,.F.);
#11227=ORIENTED_EDGE('',*,*,#5103,.T.);
#11228=ORIENTED_EDGE('',*,*,#9398,.T.);
#11229=EDGE_LOOP('',(#11225,#11226,#11227,#11228));
#11230=FACE_BOUND('',#11229,.T.);
#11231=ADVANCED_FACE('',(#11230),#11224,.F.);
#11232=CARTESIAN_POINT('',(41.83149714,-18.9,-35.254416526));
#11233=DIRECTION('',(0.,1.,0.));
#11234=DIRECTION('',(0.,0.,-1.));
#11235=AXIS2_PLACEMENT_3D('',#11232,#11233,#11234);
#11236=CYLINDRICAL_SURFACE('',#11235,0.6);
#11237=ORIENTED_EDGE('',*,*,#5192,.T.);
#11238=ORIENTED_EDGE('',*,*,#8624,.F.);
#11239=ORIENTED_EDGE('',*,*,#5249,.T.);
#11240=ORIENTED_EDGE('',*,*,#9409,.T.);
#11241=EDGE_LOOP('',(#11237,#11238,#11239,#11240));
#11242=FACE_BOUND('',#11241,.T.);
#11243=ADVANCED_FACE('',(#11242),#11236,.F.);
#11244=CARTESIAN_POINT('',(32.028269292,-18.9,-18.274727815));
#11245=DIRECTION('',(0.,1.,0.));
#11246=DIRECTION('',(0.,0.,-1.));
#11247=AXIS2_PLACEMENT_3D('',#11244,#11245,#11246);
#11248=CYLINDRICAL_SURFACE('',#11247,0.6);
#11249=ORIENTED_EDGE('',*,*,#5528,.T.);
#11250=ORIENTED_EDGE('',*,*,#8737,.F.);
#11251=ORIENTED_EDGE('',*,*,#5578,.T.);
#11252=ORIENTED_EDGE('',*,*,#7238,.T.);
#11253=EDGE_LOOP('',(#11249,#11250,#11251,#11252));
#11254=FACE_BOUND('',#11253,.T.);
#11255=ADVANCED_FACE('',(#11254),#11248,.F.);
#11256=CARTESIAN_POINT('',(32.919471824,-18.9,-19.818335879));
#11257=DIRECTION('',(0.,1.,0.));
#11258=DIRECTION('',(0.,0.,-1.));
#11259=AXIS2_PLACEMENT_3D('',#11256,#11257,#11258);
#11260=CYLINDRICAL_SURFACE('',#11259,0.6);
#11261=ORIENTED_EDGE('',*,*,#5667,.T.);
#11262=ORIENTED_EDGE('',*,*,#8726,.F.);
#11263=ORIENTED_EDGE('',*,*,#5724,.T.);
#11264=ORIENTED_EDGE('',*,*,#7249,.T.);
#11265=EDGE_LOOP('',(#11261,#11262,#11263,#11264));
#11266=FACE_BOUND('',#11265,.T.);
#11267=ADVANCED_FACE('',(#11266),#11260,.F.);
#11268=CARTESIAN_POINT('',(38.156776119,-18.9,-26.992977342));
#11269=DIRECTION('',(0.,1.,0.));
#11270=DIRECTION('',(0.,0.,-1.));
#11271=AXIS2_PLACEMENT_3D('',#11268,#11269,#11270);
#11272=CYLINDRICAL_SURFACE('',#11271,0.351682165);
#11273=ORIENTED_EDGE('',*,*,#5742,.F.);
#11274=ORIENTED_EDGE('',*,*,#7265,.F.);
#11275=ORIENTED_EDGE('',*,*,#8120,.F.);
#11276=ORIENTED_EDGE('',*,*,#8717,.T.);
#11277=EDGE_LOOP('',(#11273,#11274,#11275,#11276));
#11278=FACE_BOUND('',#11277,.T.);
#11279=ADVANCED_FACE('',(#11278),#11272,.T.);
#11280=CARTESIAN_POINT('',(37.375484482,-18.9,-27.536376203));
#11281=DIRECTION('',(0.,1.,0.));
#11282=DIRECTION('',(0.,0.,-1.));
#11283=AXIS2_PLACEMENT_3D('',#11280,#11281,#11282);
#11284=CYLINDRICAL_SURFACE('',#11283,0.6);
#11285=ORIENTED_EDGE('',*,*,#5784,.T.);
#11286=ORIENTED_EDGE('',*,*,#8708,.F.);
#11287=ORIENTED_EDGE('',*,*,#5834,.T.);
#11288=ORIENTED_EDGE('',*,*,#7274,.T.);
#11289=EDGE_LOOP('',(#11285,#11286,#11287,#11288));
#11290=FACE_BOUND('',#11289,.T.);
#11291=ADVANCED_FACE('',(#11290),#11284,.F.);
#11292=CARTESIAN_POINT('',(-44.810425277,-13.51,-31.587791968));
#11293=DIRECTION('',(0.,-1.,0.));
#11294=DIRECTION('',(0.,0.,1.));
#11295=AXIS2_PLACEMENT_3D('',#11292,#11293,#11294);
#11296=CYLINDRICAL_SURFACE('',#11295,0.35);
#11297=ORIENTED_EDGE('',*,*,#6414,.F.);
#11298=ORIENTED_EDGE('',*,*,#8563,.T.);
#11299=ORIENTED_EDGE('',*,*,#6363,.F.);
#11300=ORIENTED_EDGE('',*,*,#4269,.T.);
#11301=EDGE_LOOP('',(#11297,#11298,#11299,#11300));
#11302=FACE_BOUND('',#11301,.T.);
#11303=ADVANCED_FACE('',(#11302),#11296,.T.);
#11304=CARTESIAN_POINT('',(-45.701625277,-13.51,-33.131395648));
#11305=DIRECTION('',(0.,-1.,0.));
#11306=DIRECTION('',(0.,0.,1.));
#11307=AXIS2_PLACEMENT_3D('',#11304,#11305,#11306);
#11308=CYLINDRICAL_SURFACE('',#11307,0.35);
#11309=ORIENTED_EDGE('',*,*,#6560,.F.);
#11310=ORIENTED_EDGE('',*,*,#8574,.T.);
#11311=ORIENTED_EDGE('',*,*,#6527,.F.);
#11312=ORIENTED_EDGE('',*,*,#10419,.F.);
#11313=EDGE_LOOP('',(#11309,#11310,#11311,#11312));
#11314=FACE_BOUND('',#11313,.T.);
#11315=ADVANCED_FACE('',(#11314),#11308,.T.);
#11316=CARTESIAN_POINT('',(-50.910358783,-18.9,-41.453186773));
#11317=DIRECTION('',(0.,1.,0.));
#11318=DIRECTION('',(0.,0.,-1.));
#11319=AXIS2_PLACEMENT_3D('',#11316,#11317,#11318);
#11320=CYLINDRICAL_SURFACE('',#11319,1.199999975);
#11321=ORIENTED_EDGE('',*,*,#7434,.F.);
#11322=ORIENTED_EDGE('',*,*,#6900,.F.);
#11323=ORIENTED_EDGE('',*,*,#6700,.F.);
#11324=ORIENTED_EDGE('',*,*,#8600,.T.);
#11325=EDGE_LOOP('',(#11321,#11322,#11323,#11324));
#11326=FACE_BOUND('',#11325,.T.);
#11327=ADVANCED_FACE('',(#11326),#11320,.T.);
#11328=CARTESIAN_POINT('',(-36.651113213,-18.9,-16.755448919));
#11329=DIRECTION('',(0.,1.,0.));
#11330=DIRECTION('',(0.,0.,-1.));
#11331=AXIS2_PLACEMENT_3D('',#11328,#11329,#11330);
#11332=CYLINDRICAL_SURFACE('',#11331,0.6);
#11333=ORIENTED_EDGE('',*,*,#7543,.T.);
#11334=ORIENTED_EDGE('',*,*,#9128,.F.);
#11335=ORIENTED_EDGE('',*,*,#9644,.F.);
#11336=ORIENTED_EDGE('',*,*,#10102,.T.);
#11337=ORIENTED_EDGE('',*,*,#10296,.T.);
#11338=ORIENTED_EDGE('',*,*,#10334,.T.);
#11339=EDGE_LOOP('',(#11333,#11334,#11335,#11336,#11337,#11338));
#11340=FACE_BOUND('',#11339,.T.);
#11341=ADVANCED_FACE('',(#11340),#11332,.F.);
#11342=CARTESIAN_POINT('',(-35.759913213,-18.9,-15.21184524));
#11343=DIRECTION('',(0.,1.,0.));
#11344=DIRECTION('',(0.,0.,-1.));
#11345=AXIS2_PLACEMENT_3D('',#11342,#11343,#11344);
#11346=CYLINDRICAL_SURFACE('',#11345,0.6);
#11347=ORIENTED_EDGE('',*,*,#7640,.T.);
#11348=ORIENTED_EDGE('',*,*,#9103,.F.);
#11349=ORIENTED_EDGE('',*,*,#10004,.F.);
#11350=ORIENTED_EDGE('',*,*,#10483,.T.);
#11351=ORIENTED_EDGE('',*,*,#10450,.T.);
#11352=ORIENTED_EDGE('',*,*,#10113,.T.);
#11353=EDGE_LOOP('',(#11347,#11348,#11349,#11350,#11351,#11352));
#11354=FACE_BOUND('',#11353,.T.);
#11355=ADVANCED_FACE('',(#11354),#11346,.F.);
#11356=CARTESIAN_POINT('',(20.356411272,-18.9,-0.634872992));
#11357=DIRECTION('',(0.,1.,0.));
#11358=DIRECTION('',(0.,0.,-1.));
#11359=AXIS2_PLACEMENT_3D('',#11356,#11357,#11358);
#11360=CYLINDRICAL_SURFACE('',#11359,0.6);
#11361=ORIENTED_EDGE('',*,*,#7755,.T.);
#11362=ORIENTED_EDGE('',*,*,#8926,.F.);
#11363=ORIENTED_EDGE('',*,*,#9552,.F.);
#11364=ORIENTED_EDGE('',*,*,#2686,.T.);
#11365=EDGE_LOOP('',(#11361,#11362,#11363,#11364));
#11366=FACE_BOUND('',#11365,.T.);
#11367=ADVANCED_FACE('',(#11366),#11360,.F.);
#11368=CARTESIAN_POINT('',(30.245861697,-18.9,-15.1875073));
#11369=DIRECTION('',(0.,1.,0.));
#11370=DIRECTION('',(0.,0.,-1.));
#11371=AXIS2_PLACEMENT_3D('',#11368,#11369,#11370);
#11372=CYLINDRICAL_SURFACE('',#11371,0.6);
#11373=ORIENTED_EDGE('',*,*,#7885,.T.);
#11374=ORIENTED_EDGE('',*,*,#8788,.F.);
#11375=ORIENTED_EDGE('',*,*,#9787,.F.);
#11376=ORIENTED_EDGE('',*,*,#10059,.T.);
#11377=EDGE_LOOP('',(#11373,#11374,#11375,#11376));
#11378=FACE_BOUND('',#11377,.T.);
#11379=ADVANCED_FACE('',(#11378),#11372,.F.);
#11380=CARTESIAN_POINT('',(31.137061697,-18.9,-16.73111098));
#11381=DIRECTION('',(0.,1.,0.));
#11382=DIRECTION('',(0.,0.,-1.));
#11383=AXIS2_PLACEMENT_3D('',#11380,#11381,#11382);
#11384=CYLINDRICAL_SURFACE('',#11383,0.6);
#11385=ORIENTED_EDGE('',*,*,#8002,.T.);
#11386=ORIENTED_EDGE('',*,*,#8763,.F.);
#11387=ORIENTED_EDGE('',*,*,#9694,.F.);
#11388=ORIENTED_EDGE('',*,*,#10206,.T.);
#11389=EDGE_LOOP('',(#11385,#11386,#11387,#11388));
#11390=FACE_BOUND('',#11389,.T.);
#11391=ADVANCED_FACE('',(#11390),#11384,.F.);
#11392=CARTESIAN_POINT('',(38.266694609,-18.9,-29.079997422));
#11393=DIRECTION('',(0.,1.,0.));
#11394=DIRECTION('',(0.,0.,-1.));
#11395=AXIS2_PLACEMENT_3D('',#11392,#11393,#11394);
#11396=CYLINDRICAL_SURFACE('',#11395,0.6);
#11397=ORIENTED_EDGE('',*,*,#8138,.T.);
#11398=ORIENTED_EDGE('',*,*,#8696,.F.);
#11399=ORIENTED_EDGE('',*,*,#6214,.F.);
#11400=ORIENTED_EDGE('',*,*,#10154,.T.);
#11401=EDGE_LOOP('',(#11397,#11398,#11399,#11400));
#11402=FACE_BOUND('',#11401,.T.);
#11403=ADVANCED_FACE('',(#11402),#11396,.F.);
#11404=CARTESIAN_POINT('',(39.157894609,-18.9,-30.623601102));
#11405=DIRECTION('',(0.,1.,0.));
#11406=DIRECTION('',(0.,0.,-1.));
#11407=AXIS2_PLACEMENT_3D('',#11404,#11405,#11406);
#11408=CYLINDRICAL_SURFACE('',#11407,0.6);
#11409=ORIENTED_EDGE('',*,*,#8175,.T.);
#11410=ORIENTED_EDGE('',*,*,#8685,.F.);
#11411=ORIENTED_EDGE('',*,*,#9531,.F.);
#11412=ORIENTED_EDGE('',*,*,#6313,.T.);
#11413=EDGE_LOOP('',(#11409,#11410,#11411,#11412));
#11414=FACE_BOUND('',#11413,.T.);
#11415=ADVANCED_FACE('',(#11414),#11408,.F.);
#11416=CARTESIAN_POINT('',(40.049094609,-18.9,-32.167204781));
#11417=DIRECTION('',(0.,1.,0.));
#11418=DIRECTION('',(0.,0.,-1.));
#11419=AXIS2_PLACEMENT_3D('',#11416,#11417,#11418);
#11420=CYLINDRICAL_SURFACE('',#11419,0.6);
#11421=ORIENTED_EDGE('',*,*,#8260,.T.);
#11422=ORIENTED_EDGE('',*,*,#8660,.F.);
#11423=ORIENTED_EDGE('',*,*,#10035,.F.);
#11424=ORIENTED_EDGE('',*,*,#10267,.T.);
#11425=EDGE_LOOP('',(#11421,#11422,#11423,#11424));
#11426=FACE_BOUND('',#11425,.T.);
#11427=ADVANCED_FACE('',(#11426),#11420,.F.);
#11428=CARTESIAN_POINT('',(45.400358783,-18.9,-41.435866215));
#11429=DIRECTION('',(0.,1.,0.));
#11430=DIRECTION('',(0.,0.,-1.));
#11431=AXIS2_PLACEMENT_3D('',#11428,#11429,#11430);
#11432=CYLINDRICAL_SURFACE('',#11431,1.2);
#11433=ORIENTED_EDGE('',*,*,#8402,.F.);
#11434=ORIENTED_EDGE('',*,*,#9418,.F.);
#11435=ORIENTED_EDGE('',*,*,#8384,.F.);
#11436=ORIENTED_EDGE('',*,*,#8615,.T.);
#11437=EDGE_LOOP('',(#11433,#11434,#11435,#11436));
#11438=FACE_BOUND('',#11437,.T.);
#11439=ADVANCED_FACE('',(#11438),#11432,.T.);
#11440=CARTESIAN_POINT('',(22.312856093,-18.9,-2.368782408));
#11441=DIRECTION('',(0.,-1.,0.));
#11442=DIRECTION('',(0.,0.,1.));
#11443=AXIS2_PLACEMENT_3D('',#11440,#11441,#11442);
#11444=CYLINDRICAL_SURFACE('',#11443,0.35);
#11445=ORIENTED_EDGE('',*,*,#9458,.F.);
#11446=ORIENTED_EDGE('',*,*,#8875,.T.);
#11447=ORIENTED_EDGE('',*,*,#9512,.T.);
#11448=ORIENTED_EDGE('',*,*,#10724,.T.);
#11449=EDGE_LOOP('',(#11445,#11446,#11447,#11448));
#11450=FACE_BOUND('',#11449,.T.);
#11451=ADVANCED_FACE('',(#11450),#11444,.T.);
#11452=CARTESIAN_POINT('',(21.012293725,-18.9,-1.3221271));
#11453=DIRECTION('',(0.,-1.,0.));
#11454=DIRECTION('',(0.,0.,1.));
#11455=AXIS2_PLACEMENT_3D('',#11452,#11453,#11454);
#11456=CYLINDRICAL_SURFACE('',#11455,0.35);
#11457=ORIENTED_EDGE('',*,*,#9545,.F.);
#11458=ORIENTED_EDGE('',*,*,#8910,.T.);
#11459=ORIENTED_EDGE('',*,*,#9570,.T.);
#11460=ORIENTED_EDGE('',*,*,#2704,.T.);
#11461=EDGE_LOOP('',(#11457,#11458,#11459,#11460));
#11462=FACE_BOUND('',#11461,.T.);
#11463=ADVANCED_FACE('',(#11462),#11456,.T.);
#11464=CARTESIAN_POINT('',(-26.543409574,-18.9,-1.333603975));
#11465=DIRECTION('',(0.,-1.,0.));
#11466=DIRECTION('',(0.,0.,1.));
#11467=AXIS2_PLACEMENT_3D('',#11464,#11465,#11466);
#11468=CYLINDRICAL_SURFACE('',#11467,0.35);
#11469=ORIENTED_EDGE('',*,*,#9819,.F.);
#11470=ORIENTED_EDGE('',*,*,#8977,.T.);
#11471=ORIENTED_EDGE('',*,*,#172,.T.);
#11472=ORIENTED_EDGE('',*,*,#3552,.T.);
#11473=EDGE_LOOP('',(#11469,#11470,#11471,#11472));
#11474=FACE_BOUND('',#11473,.T.);
#11475=ADVANCED_FACE('',(#11474),#11468,.T.);
#11476=CARTESIAN_POINT('',(-27.835812695,-18.9,-2.389214888));
#11477=DIRECTION('',(0.,-1.,0.));
#11478=DIRECTION('',(0.,0.,1.));
#11479=AXIS2_PLACEMENT_3D('',#11476,#11477,#11478);
#11480=CYLINDRICAL_SURFACE('',#11479,0.35);
#11481=ORIENTED_EDGE('',*,*,#9884,.F.);
#11482=ORIENTED_EDGE('',*,*,#9012,.T.);
#11483=ORIENTED_EDGE('',*,*,#3272,.T.);
#11484=ORIENTED_EDGE('',*,*,#10572,.T.);
#11485=EDGE_LOOP('',(#11481,#11482,#11483,#11484));
#11486=FACE_BOUND('',#11485,.T.);
#11487=ADVANCED_FACE('',(#11486),#11480,.T.);
#11488=CLOSED_SHELL('',(#141,#183,#234,#267,#300,#333,#375,#417,#459,#492,#534,#567,#606,#657,#708,#759,#810,#861,#912,#963,#1014,#1065,#1116,#1167,#1218,#1269,
#1320,#1371,#1422,#1473,#1524,#1575,#1626,#1677,#1728,#1840,#1914,#1965,#1997,#2039,#2081,#2112,#2145,#2178,#2220,#2262,#2295,#2337,#2368,#2401,#2443,
#2494,#2545,#2596,#2647,#2732,#2774,#2816,#2847,#2880,#2913,#2955,#2997,#3030,#3072,#3103,#3136,#3169,#3229,#3283,#3334,#3385,#3436,#3487,#3572,#3623,
#3665,#3698,#3731,#3773,#3804,#3828,#3879,#3930,#3981,#4032,#4092,#4140,#4172,#4211,#4296,#4329,#4360,#4393,#4426,#4468,#4510,#4552,#4585,#4618,#4660,
#4691,#4724,#4757,#4817,#4868,#4919,#4970,#5021,#5072,#5114,#5145,#5178,#5211,#5253,#5304,#5355,#5406,#5457,#5514,#5547,#5589,#5620,#5653,#5686,#5728,
#5770,#5803,#5845,#5876,#5909,#5942,#5983,#6034,#6085,#6136,#6187,#6226,#6265,#6350,#6402,#6434,#6458,#6483,#6546,#6594,#6626,#6653,#6784,#6870,#6939,
#7039,#7187,#7282,#7388,#7405,#7422,#7454,#7471,#7488,#7529,#7586,#7626,#7668,#7709,#7726,#7743,#7789,#7806,#7830,#7871,#7948,#7988,#8059,#8100,#8124,
#8163,#8215,#8246,#8316,#8357,#8388,#8430,#8534,#8551,#9386,#9446,#9487,#9518,#9535,#9557,#9574,#9605,#9623,#9648,#9669,#9700,#9721,#9745,#9766,#9791,
#9809,#9831,#9848,#9872,#9913,#9937,#9949,#9976,#10010,#10041,#10074,#10117,#10134,#10163,#10180,#10215,#10232,#10276,#10300,#10338,#10355,#10384,#10401,#10430,#10454,
#10498,#10523,#10547,#10604,#10615,#10632,#10655,#10732,#10749,#10767,#10778,#10806,#10823,#10841,#10852,#10877,#10901,#10934,#10945,#10959,#10971,#10983,#10995,#11007,#11019,
#11031,#11043,#11055,#11067,#11080,#11097,#11109,#11121,#11133,#11147,#11159,#11171,#11183,#11195,#11207,#11219,#11231,#11243,#11255,#11267,#11279,#11291,#11303,#11315,#11327,
#11341,#11355,#11367,#11379,#11391,#11403,#11415,#11427,#11439,#11451,#11463,#11475,#11487));
#11489=MANIFOLD_SOLID_BREP('Side TPU Piece 1',#11488);
#11490=COLOUR_RGB('',0.078431375,0.078431375,0.086274512);
#11491=FILL_AREA_STYLE_COLOUR('',#11490);
#11492=FILL_AREA_STYLE('',(#11491));
#11493=SURFACE_STYLE_FILL_AREA(#11492);
#11494=SURFACE_SIDE_STYLE('',(#11493));
#11495=SURFACE_STYLE_USAGE(.BOTH.,#11494);
#11496=PRESENTATION_STYLE_ASSIGNMENT((#11495));
#26=STYLED_ITEM('',(#11496),#11489);
#16=SHAPE_REPRESENTATION('Side TPU Piece 1',(#15),#10);
#17=ADVANCED_BREP_SHAPE_REPRESENTATION('Side TPU Piece 1',(#11489),#10);
#11504=SHAPE_REPRESENTATION_RELATIONSHIP('','',#16,#17);
#11505=CARTESIAN_POINT('',(0.,0.,0.));
#11506=DIRECTION('',(0.,0.,1.));
#11507=DIRECTION('',(1.,0.,0.));
#11508=AXIS2_PLACEMENT_3D('',#11505,#11506,#11507);
#11510=MAPPED_ITEM('',#11509,#11508);
#11509=REPRESENTATION_MAP(#11508,#16);
#11511=APPLICATION_CONTEXT('Managed model based 3d engineering');
#11512=APPLICATION_PROTOCOL_DEFINITION('international standard','ap242_managed_model_based_3d_engineering',2014,#11511);
#11513=PRODUCT_CONTEXT('',#11511,'mechanical');
#11514=PRODUCT_DEFINITION_CONTEXT('part definition',#11511,'design');
#24=PRODUCT('Side TPU Piece 1','Side TPU Piece 1','',(#11513));
#11515=PRODUCT_RELATED_PRODUCT_CATEGORY('part','',(#24));
#11516=PRODUCT_DEFINITION_FORMATION_WITH_SPECIFIED_SOURCE('','',#24,.NOT_KNOWN.);
#25=PRODUCT_DEFINITION('design','',#11516,#11514);
#23=PRODUCT_DEFINITION_SHAPE('','',#25);
#11517=SHAPE_DEFINITION_REPRESENTATION(#23,#16);
#11=DRAUGHTING_MODEL('',(#11510),#10);
#11518=DESCRIPTIVE_REPRESENTATION_ITEM('KEY','/Users/sanyamsaharan/Library/Containers/com.shapr3d.shapr/Data/tmp/47864550-3250-40EF-B716-A4801206200C.tmp');
#11519=PROPERTY_DEFINITION('KEY','',#25);
#11520=REPRESENTATION('',(#11518),#10);
#11521=PROPERTY_DEFINITION_REPRESENTATION(#11519,#11520);
#11522=GENERAL_PROPERTY('','KEY','');
#11523=GENERAL_PROPERTY_ASSOCIATION('','',#11522,#11519);
#1=MECHANICAL_DESIGN_GEOMETRIC_PRESENTATION_REPRESENTATION('',(#26),#10);
ENDSEC;
END-ISO-10303-21;
