ISO-10303-21;
HEADER;

/* File generated by Shapr3D Version 26.10.0.10376 */

FILE_DESCRIPTION(('HOOPS Exchange Step'),'2;1');

FILE_NAME('/Users/sanyamsaharan/Library/Containers/com.shapr3d.shapr/Data/tmp/export/temp_export',
'2026-02-08T07:36:54-13:00',
('sanyamsaharan'),
('Shapr3D Limited'),
'HOOPS Exchange 2025.9',
'Shapr3D',
'Authorized');

FILE_SCHEMA( ('AP242_MANAGED_MODEL_BASED_3D_ENGINEERING_MIM_LF {1 0 10303 442 1 1 4}') );

ENDSEC;

DATA;
#3=(NAMED_UNIT(*)PLANE_ANGLE_UNIT()SI_UNIT($,.RADIAN.));
#4=PLANE_ANGLE_MEASURE_WITH_UNIT(PLANE_ANGLE_MEASURE(0.0174532925),#3);
#5=(CONVERSION_BASED_UNIT('DEGREE',#4)NAMED_UNIT(#6)PLANE_ANGLE_UNIT());
#6=DIMENSIONAL_EXPONENTS(0.,0.,0.,0.,0.,0.,0.);
#7=(NAMED_UNIT(*)SI_UNIT($,.STERADIAN.)SOLID_ANGLE_UNIT());
#8=(LENGTH_UNIT()NAMED_UNIT(*)SI_UNIT(.MILLI.,.METRE.));
#9=UNCERTAINTY_MEASURE_WITH_UNIT(LENGTH_MEASURE(1.000000E-05),#8,'DISTANCE_ACCURACY_VALUE','Maximum Tolerance applied to model');
#10=(GEOMETRIC_REPRESENTATION_CONTEXT(3)GLOBAL_UNCERTAINTY_ASSIGNED_CONTEXT((#9))GLOBAL_UNIT_ASSIGNED_CONTEXT((#8,#5,#7))REPRESENTATION_CONTEXT('','Side TPU Piece 2'));
#12=CARTESIAN_POINT('',(0.,0.,0.));
#13=DIRECTION('',(0.,0.,1.));
#14=DIRECTION('',(1.,0.,0.));
#15=AXIS2_PLACEMENT_3D('TS3D_PRODUCT_CSYS',#12,#13,#14);
#27=CARTESIAN_POINT('',(-23.982775638,18.9,-5.787594874));
#28=DIRECTION('',(0.,-1.,0.));
#29=DIRECTION('',(0.,0.,-1.));
#30=AXIS2_PLACEMENT_3D('',#27,#28,#29);
#31=CYLINDRICAL_SURFACE('',#30,4.287594874);
#32=CARTESIAN_POINT('',(-25.64831235,13.51,-1.836714306));
#33=VERTEX_POINT('',#32);
#34=CARTESIAN_POINT('',(-25.64831235,14.9,-1.836714306));
#35=VERTEX_POINT('',#34);
#36=CARTESIAN_POINT('',(-25.64831235,13.51,-1.836714306));
#37=DIRECTION('',(0.,1.,0.));
#38=VECTOR('',#37,1.39);
#39=LINE('',#36,#38);
#40=EDGE_CURVE('',#33,#35,#39,.T.);
#41=ORIENTED_EDGE('',*,*,#40,.F.);
#42=CARTESIAN_POINT('',(-26.617449166,13.51,-2.404997469));
#43=VERTEX_POINT('',#42);
#44=CARTESIAN_POINT('',(-23.982775638,13.51,-5.787594874));
#45=DIRECTION('',(0.,1.,0.));
#46=DIRECTION('',(0.,0.,-1.));
#47=AXIS2_PLACEMENT_3D('',#44,#45,#46);
#48=CIRCLE('',#47,4.287594874);
#49=EDGE_CURVE('',#43,#33,#48,.T.);
#50=ORIENTED_EDGE('',*,*,#49,.F.);
#51=CARTESIAN_POINT('',(-26.617449166,14.9,-2.404997469));
#52=VERTEX_POINT('',#51);
#53=CARTESIAN_POINT('',(-26.617449166,14.9,-2.404997469));
#54=DIRECTION('',(-0.,-1.,-0.));
#55=VECTOR('',#54,1.39);
#56=LINE('',#53,#55);
#57=EDGE_CURVE('',#52,#43,#56,.T.);
#58=ORIENTED_EDGE('',*,*,#57,.F.);
#59=CARTESIAN_POINT('',(-27.147718122,17.020404798,-2.895085777));
#60=VERTEX_POINT('',#59);
#61=CARTESIAN_POINT('',(-27.147718122,17.020404798,-2.895085777));
#62=CARTESIAN_POINT('',(-27.069220509,16.871179071,-2.809194801));
#63=CARTESIAN_POINT('',(-26.995773957,16.712942426,-2.735786848));
#64=CARTESIAN_POINT('',(-26.929916002,16.545188136,-2.673460407));
#65=CARTESIAN_POINT('',(-26.864058046,16.377433846,-2.611133966));
#66=CARTESIAN_POINT('',(-26.806563449,16.201540124,-2.560615779));
#67=CARTESIAN_POINT('',(-26.760236592,16.022414164,-2.521223729));
#68=CARTESIAN_POINT('',(-26.713909735,15.843288203,-2.48183168));
#69=CARTESIAN_POINT('',(-26.67817739,15.659589408,-2.453043052));
#70=CARTESIAN_POINT('',(-26.65398823,15.471311993,-2.433777185));
#71=CARTESIAN_POINT('',(-26.629799069,15.283034577,-2.414511318));
#72=CARTESIAN_POINT('',(-26.617449147,15.091587721,-2.404997455));
#73=CARTESIAN_POINT('',(-26.617449166,14.9,-2.404997469));
#74=B_SPLINE_CURVE_WITH_KNOTS('',3,(#61,#62,#63,#64,#65,#66,#67,#68,#69,#70,#71,#72,#73),.UNSPECIFIED.,.F.,.F.,(4,3,3,3,4),(0.001323163,0.001892718,0.002462274,0.00303183,0.003601386),.UNSPECIFIED.);
#75=EDGE_CURVE('',#60,#52,#74,.T.);
#76=ORIENTED_EDGE('',*,*,#75,.F.);
#77=CARTESIAN_POINT('',(-27.725231155,17.9,-3.695348024));
#78=VERTEX_POINT('',#77);
#79=CARTESIAN_POINT('',(-27.725231117,17.9,-3.695348046));
#80=CARTESIAN_POINT('',(-27.631587793,17.784692768,-3.527845834));
#81=CARTESIAN_POINT('',(-27.534028821,17.653346581,-3.379440999));
#82=CARTESIAN_POINT('',(-27.436409446,17.506643193,-3.24675184));
#83=CARTESIAN_POINT('',(-27.33879007,17.359939805,-3.114062681));
#84=CARTESIAN_POINT('',(-27.240449846,17.196689889,-2.996551516));
#85=CARTESIAN_POINT('',(-27.147718122,17.020404797,-2.895085777));
#86=B_SPLINE_CURVE_WITH_KNOTS('',3,(#79,#80,#81,#82,#83,#84,#85),.UNSPECIFIED.,.F.,.F.,(4,3,4),(0.,0.000661323,0.001322646),.UNSPECIFIED.);
#87=EDGE_CURVE('',#78,#60,#86,.T.);
#88=ORIENTED_EDGE('',*,*,#87,.F.);
#89=CARTESIAN_POINT('',(-27.725231117,18.9,-3.695348046));
#90=VERTEX_POINT('',#89);
#91=CARTESIAN_POINT('',(-27.725231117,18.9,-3.695348046));
#92=DIRECTION('',(0.,-1.,0.));
#93=VECTOR('',#92,1.);
#94=LINE('',#91,#93);
#95=EDGE_CURVE('',#90,#78,#94,.T.);
#96=ORIENTED_EDGE('',*,*,#95,.F.);
#97=CARTESIAN_POINT('',(-23.982775638,18.9,-1.5));
#98=VERTEX_POINT('',#97);
#99=CARTESIAN_POINT('',(-23.982775638,18.9,-5.787594874));
#100=DIRECTION('',(0.,1.,0.));
#101=DIRECTION('',(0.,-0.,1.));
#102=AXIS2_PLACEMENT_3D('',#99,#100,#101);
#103=CIRCLE('',#102,4.287594874);
#104=EDGE_CURVE('',#90,#98,#103,.T.);
#105=ORIENTED_EDGE('',*,*,#104,.T.);
#106=CARTESIAN_POINT('',(-23.982775638,17.9,-1.5));
#107=VERTEX_POINT('',#106);
#108=CARTESIAN_POINT('',(-23.982775638,18.9,-1.5));
#109=DIRECTION('',(0.,-1.,0.));
#110=VECTOR('',#109,1.);
#111=LINE('',#108,#110);
#112=EDGE_CURVE('',#98,#107,#111,.T.);
#113=ORIENTED_EDGE('',*,*,#112,.T.);
#114=CARTESIAN_POINT('',(-24.903383575,17.098449886,-1.6));
#115=VERTEX_POINT('',#114);
#116=CARTESIAN_POINT('',(-23.982775638,17.9,-1.5));
#117=CARTESIAN_POINT('',(-24.161056958,17.79286626,-1.5));
#118=CARTESIAN_POINT('',(-24.32630428,17.672134708,-1.510998741));
#119=CARTESIAN_POINT('',(-24.479597363,17.538532162,-1.528881691));
#120=CARTESIAN_POINT('',(-24.632890446,17.404929615,-1.54676464));
#121=CARTESIAN_POINT('',(-24.774219981,17.258454448,-1.571604457));
#122=CARTESIAN_POINT('',(-24.903383575,17.098449886,-1.6));
#123=B_SPLINE_CURVE_WITH_KNOTS('',3,(#116,#117,#118,#119,#120,#121,#122),.UNSPECIFIED.,.F.,.F.,(4,3,4),(0.,0.000612373,0.001224746),.UNSPECIFIED.);
#124=EDGE_CURVE('',#107,#115,#123,.T.);
#125=ORIENTED_EDGE('',*,*,#124,.T.);
#126=CARTESIAN_POINT('',(-25.64831235,14.9,-1.836714306));
#127=CARTESIAN_POINT('',(-25.648312492,15.10036658,-1.836714366));
#128=CARTESIAN_POINT('',(-25.63292174,15.297889242,-1.830123739));
#129=CARTESIAN_POINT('',(-25.602350608,15.492645519,-1.817651963));
#130=CARTESIAN_POINT('',(-25.571779477,15.687401796,-1.805180186));
#131=CARTESIAN_POINT('',(-25.526001691,15.879424365,-1.786796308));
#132=CARTESIAN_POINT('',(-25.46328392,16.068398873,-1.763720494));
#133=CARTESIAN_POINT('',(-25.337848378,16.44634789,-1.717568864));
#134=CARTESIAN_POINT('',(-25.152919215,16.789331508,-1.654858337));
#135=CARTESIAN_POINT('',(-24.903383575,17.098449886,-1.6));
#136=B_SPLINE_CURVE_WITH_KNOTS('',3,(#126,#127,#128,#129,#130,#131,#132,#133,#134,#135),.UNSPECIFIED.,.F.,.F.,(4,3,3,4),(0.000000197,0.000592802,0.001185406,0.002370615),.UNSPECIFIED.);
#137=EDGE_CURVE('',#35,#115,#136,.T.);
#138=ORIENTED_EDGE('',*,*,#137,.F.);
#139=EDGE_LOOP('',(#41,#50,#58,#76,#88,#96,#105,#113,#125,#138));
#140=FACE_BOUND('',#139,.T.);
#141=ADVANCED_FACE('',(#140),#31,.F.);
#142=CARTESIAN_POINT('',(-25.891447688,18.9,-0.642629519));
#143=DIRECTION('',(0.,-1.,0.));
#144=DIRECTION('',(0.,0.,-1.));
#145=AXIS2_PLACEMENT_3D('',#142,#143,#144);
#146=CYLINDRICAL_SURFACE('',#145,0.6);
#147=CARTESIAN_POINT('',(-25.891447688,13.51,-1.242629519));
#148=VERTEX_POINT('',#147);
#149=CARTESIAN_POINT('',(-25.891447688,18.9,-1.242629519));
#150=VERTEX_POINT('',#149);
#151=CARTESIAN_POINT('',(-25.891447688,13.51,-1.242629519));
#152=DIRECTION('',(-0.,1.,-0.));
#153=VECTOR('',#152,5.39);
#154=LINE('',#151,#153);
#155=EDGE_CURVE('',#148,#150,#154,.T.);
#156=ORIENTED_EDGE('',*,*,#155,.F.);
#157=CARTESIAN_POINT('',(-25.68,13.51,-1.204136309));
#158=VERTEX_POINT('',#157);
#159=CARTESIAN_POINT('',(-25.891447688,13.51,-0.642629519));
#160=DIRECTION('',(0.,1.,0.));
#161=DIRECTION('',(0.,0.,-1.));
#162=AXIS2_PLACEMENT_3D('',#159,#160,#161);
#163=CIRCLE('',#162,0.6);
#164=EDGE_CURVE('',#158,#148,#163,.T.);
#165=ORIENTED_EDGE('',*,*,#164,.F.);
#166=CARTESIAN_POINT('',(-25.68,14.9,-1.204136309));
#167=VERTEX_POINT('',#166);
#168=CARTESIAN_POINT('',(-25.68,13.51,-1.204136309));
#169=DIRECTION('',(-0.,1.,-0.));
#170=VECTOR('',#169,1.39);
#171=LINE('',#168,#170);
#172=EDGE_CURVE('',#158,#167,#171,.T.);
#173=ORIENTED_EDGE('',*,*,#172,.T.);
#174=CARTESIAN_POINT('',(-25.397663369,16.277186423,-0.98347706));
#175=VERTEX_POINT('',#174);
#176=CARTESIAN_POINT('',(-25.68,14.9,-1.204136309));
#177=CARTESIAN_POINT('',(-25.68,15.142547189,-1.204136309));
#178=CARTESIAN_POINT('',(-25.654991991,15.380650437,-1.196819014));
#179=CARTESIAN_POINT('',(-25.606491989,15.613549332,-1.170644907));
#180=CARTESIAN_POINT('',(-25.582241988,15.729998779,-1.157557853));
#181=CARTESIAN_POINT('',(-25.551972324,15.845437131,-1.139486524));
#182=CARTESIAN_POINT('',(-25.516129437,15.958414086,-1.110749387));
#183=CARTESIAN_POINT('',(-25.48028655,16.071391041,-1.082012249));
#184=CARTESIAN_POINT('',(-25.439653904,16.179079585,-1.044308561));
#185=CARTESIAN_POINT('',(-25.397663369,16.277186423,-0.98347706));
#186=B_SPLINE_CURVE_WITH_KNOTS('',3,(#176,#177,#178,#179,#180,#181,#182,#183,#184,#185),.UNSPECIFIED.,.F.,.F.,(4,3,3,4),(0.,0.000716737,0.001075106,0.001433475),.UNSPECIFIED.);
#187=EDGE_CURVE('',#167,#175,#186,.T.);
#188=ORIENTED_EDGE('',*,*,#187,.T.);
#189=CARTESIAN_POINT('',(-25.397663369,18.9,-0.98347706));
#190=VERTEX_POINT('',#189);
#191=CARTESIAN_POINT('',(-25.397663369,18.9,-0.98347706));
#192=DIRECTION('',(0.,-1.,0.));
#193=VECTOR('',#192,2.622813577);
#194=LINE('',#191,#193);
#195=EDGE_CURVE('',#190,#175,#194,.T.);
#196=ORIENTED_EDGE('',*,*,#195,.F.);
#197=CARTESIAN_POINT('',(-25.891447688,18.9,-0.642629519));
#198=DIRECTION('',(0.,1.,0.));
#199=DIRECTION('',(0.,-0.,1.));
#200=AXIS2_PLACEMENT_3D('',#197,#198,#199);
#201=CIRCLE('',#200,0.6);
#202=EDGE_CURVE('',#190,#150,#201,.T.);
#203=ORIENTED_EDGE('',*,*,#202,.T.);
#204=EDGE_LOOP('',(#156,#165,#173,#188,#196,#203));
#205=FACE_BOUND('',#204,.T.);
#206=ADVANCED_FACE('',(#205),#146,.F.);
#207=CARTESIAN_POINT('',(-24.098651822,18.9,-1.880153758));
#208=DIRECTION('',(0.,-1.,0.));
#209=DIRECTION('',(0.,0.,-1.));
#210=AXIS2_PLACEMENT_3D('',#207,#208,#209);
#211=CYLINDRICAL_SURFACE('',#210,1.578435966);
#212=CARTESIAN_POINT('',(-24.145440182,17.796039518,-0.3024114));
#213=VERTEX_POINT('',#212);
#214=CARTESIAN_POINT('',(-24.145440182,17.796039518,-0.3024114));
#215=CARTESIAN_POINT('',(-24.294070906,17.695169073,-0.306819082));
#216=CARTESIAN_POINT('',(-24.430798896,17.585835855,-0.331388776));
#217=CARTESIAN_POINT('',(-24.557502074,17.468556771,-0.369883403));
#218=CARTESIAN_POINT('',(-24.684205253,17.351277687,-0.408378029));
#219=CARTESIAN_POINT('',(-24.801516942,17.22489968,-0.461670288));
#220=CARTESIAN_POINT('',(-24.905561014,17.095749794,-0.523555934));
#221=CARTESIAN_POINT('',(-25.009605087,16.966599908,-0.585441581));
#222=CARTESIAN_POINT('',(-25.101650097,16.833728304,-0.656179671));
#223=CARTESIAN_POINT('',(-25.183387832,16.697125908,-0.733503032));
#224=CARTESIAN_POINT('',(-25.265125567,16.560523513,-0.810826392));
#225=CARTESIAN_POINT('',(-25.336658338,16.419718799,-0.895099343));
#226=CARTESIAN_POINT('',(-25.397663369,16.277186423,-0.98347706));
#227=B_SPLINE_CURVE_WITH_KNOTS('',3,(#214,#215,#216,#217,#218,#219,#220,#221,#222,#223,#224,#225,#226),.UNSPECIFIED.,.F.,.F.,(4,3,3,3,4),(0.,0.000529736,0.001059473,0.001589209,0.002118946),.UNSPECIFIED.);
#228=EDGE_CURVE('',#213,#175,#227,.T.);
#229=ORIENTED_EDGE('',*,*,#228,.F.);
#230=CARTESIAN_POINT('',(-24.145440182,18.9,-0.3024114));
#231=VERTEX_POINT('',#230);
#232=CARTESIAN_POINT('',(-24.145440182,18.9,-0.3024114));
#233=DIRECTION('',(0.,-1.,0.));
#234=VECTOR('',#233,1.103960482);
#235=LINE('',#232,#234);
#236=EDGE_CURVE('',#231,#213,#235,.T.);
#237=ORIENTED_EDGE('',*,*,#236,.F.);
#238=CARTESIAN_POINT('',(-24.098651822,18.9,-1.880153758));
#239=DIRECTION('',(0.,1.,0.));
#240=DIRECTION('',(0.,-0.,1.));
#241=AXIS2_PLACEMENT_3D('',#238,#239,#240);
#242=CIRCLE('',#241,1.578435966);
#243=EDGE_CURVE('',#190,#231,#242,.T.);
#244=ORIENTED_EDGE('',*,*,#243,.F.);
#245=ORIENTED_EDGE('',*,*,#195,.T.);
#246=EDGE_LOOP('',(#229,#237,#244,#245));
#247=FACE_BOUND('',#246,.T.);
#248=ADVANCED_FACE('',(#247),#211,.T.);
#249=CARTESIAN_POINT('',(-24.13565609,18.9,-0.632339115));
#250=DIRECTION('',(0.,-1.,0.));
#251=DIRECTION('',(0.,0.,-1.));
#252=AXIS2_PLACEMENT_3D('',#249,#250,#251);
#253=CYLINDRICAL_SURFACE('',#252,0.330072758);
#254=CARTESIAN_POINT('',(-23.982775638,17.9,-0.339806052));
#255=VERTEX_POINT('',#254);
#256=CARTESIAN_POINT('',(-23.982775638,17.9,-0.339806052));
#257=CARTESIAN_POINT('',(-24.035108972,17.86855158,-0.312456173));
#258=CARTESIAN_POINT('',(-24.090216144,17.833518131,-0.300773716));
#259=CARTESIAN_POINT('',(-24.145440182,17.796039518,-0.3024114));
#260=B_SPLINE_CURVE_WITH_KNOTS('',3,(#256,#257,#258,#259),.UNSPECIFIED.,.F.,.F.,(4,4),(0.,0.000196728),.UNSPECIFIED.);
#261=EDGE_CURVE('',#255,#213,#260,.T.);
#262=ORIENTED_EDGE('',*,*,#261,.F.);
#263=CARTESIAN_POINT('',(-23.982775638,18.9,-0.339806052));
#264=VERTEX_POINT('',#263);
#265=CARTESIAN_POINT('',(-23.982775638,18.9,-0.339806052));
#266=DIRECTION('',(0.,-1.,0.));
#267=VECTOR('',#266,1.);
#268=LINE('',#265,#267);
#269=EDGE_CURVE('',#264,#255,#268,.T.);
#270=ORIENTED_EDGE('',*,*,#269,.F.);
#271=CARTESIAN_POINT('',(-24.13565609,18.9,-0.632339115));
#272=DIRECTION('',(0.,1.,0.));
#273=DIRECTION('',(0.,-0.,1.));
#274=AXIS2_PLACEMENT_3D('',#271,#272,#273);
#275=CIRCLE('',#274,0.330072758);
#276=EDGE_CURVE('',#231,#264,#275,.T.);
#277=ORIENTED_EDGE('',*,*,#276,.F.);
#278=ORIENTED_EDGE('',*,*,#236,.T.);
#279=EDGE_LOOP('',(#262,#270,#277,#278));
#280=FACE_BOUND('',#279,.T.);
#281=ADVANCED_FACE('',(#280),#253,.T.);
#282=CARTESIAN_POINT('',(-24.14488583,18.9,-0.65));
#283=DIRECTION('',(0.,-1.,0.));
#284=DIRECTION('',(0.,0.,-1.));
#285=AXIS2_PLACEMENT_3D('',#282,#283,#284);
#286=CYLINDRICAL_SURFACE('',#285,0.35);
#287=ORIENTED_EDGE('',*,*,#269,.T.);
#288=CARTESIAN_POINT('',(-23.819505167,17.9,-0.521052632));
#289=VERTEX_POINT('',#288);
#290=CARTESIAN_POINT('',(-24.14488583,17.9,-0.65));
#291=DIRECTION('',(0.,1.,0.));
#292=DIRECTION('',(0.,-0.,1.));
#293=AXIS2_PLACEMENT_3D('',#290,#291,#292);
#294=CIRCLE('',#293,0.35);
#295=EDGE_CURVE('',#255,#289,#294,.T.);
#296=ORIENTED_EDGE('',*,*,#295,.T.);
#297=CARTESIAN_POINT('',(-23.819505167,18.9,-0.521052632));
#298=VERTEX_POINT('',#297);
#299=CARTESIAN_POINT('',(-23.819505167,18.9,-0.521052632));
#300=DIRECTION('',(0.,-1.,0.));
#301=VECTOR('',#300,1.);
#302=LINE('',#299,#301);
#303=EDGE_CURVE('',#298,#289,#302,.T.);
#304=ORIENTED_EDGE('',*,*,#303,.F.);
#305=CARTESIAN_POINT('',(-24.14488583,18.9,-0.65));
#306=DIRECTION('',(0.,1.,0.));
#307=DIRECTION('',(0.,-0.,1.));
#308=AXIS2_PLACEMENT_3D('',#305,#306,#307);
#309=CIRCLE('',#308,0.35);
#310=EDGE_CURVE('',#264,#298,#309,.T.);
#311=ORIENTED_EDGE('',*,*,#310,.F.);
#312=EDGE_LOOP('',(#287,#296,#304,#311));
#313=FACE_BOUND('',#312,.T.);
#314=ADVANCED_FACE('',(#313),#286,.T.);
#315=CARTESIAN_POINT('',(-23.261709744,18.9,-0.3));
#316=DIRECTION('',(0.,-1.,0.));
#317=DIRECTION('',(0.,0.,-1.));
#318=AXIS2_PLACEMENT_3D('',#315,#316,#317);
#319=CYLINDRICAL_SURFACE('',#318,0.6);
#320=CARTESIAN_POINT('',(-23.261709744,17.9,-0.9));
#321=VERTEX_POINT('',#320);
#322=CARTESIAN_POINT('',(-23.261709744,18.9,-0.9));
#323=VERTEX_POINT('',#322);
#324=CARTESIAN_POINT('',(-23.261709744,17.9,-0.9));
#325=DIRECTION('',(-0.,1.,-0.));
#326=VECTOR('',#325,1.);
#327=LINE('',#324,#326);
#328=EDGE_CURVE('',#321,#323,#327,.T.);
#329=ORIENTED_EDGE('',*,*,#328,.F.);
#330=CARTESIAN_POINT('',(-23.257658228,17.9,-0.899986321));
#331=VERTEX_POINT('',#330);
#332=CARTESIAN_POINT('',(-23.261709744,17.9,-0.3));
#333=DIRECTION('',(0.,1.,0.));
#334=DIRECTION('',(0.,-0.,1.));
#335=AXIS2_PLACEMENT_3D('',#332,#333,#334);
#336=CIRCLE('',#335,0.6);
#337=EDGE_CURVE('',#331,#321,#336,.T.);
#338=ORIENTED_EDGE('',*,*,#337,.F.);
#339=CARTESIAN_POINT('',(-23.257658228,18.9,-0.899986321));
#340=VERTEX_POINT('',#339);
#341=CARTESIAN_POINT('',(-23.257658228,18.9,-0.899986321));
#342=DIRECTION('',(0.,-1.,0.));
#343=VECTOR('',#342,1.);
#344=LINE('',#341,#343);
#345=EDGE_CURVE('',#340,#331,#344,.T.);
#346=ORIENTED_EDGE('',*,*,#345,.F.);
#347=CARTESIAN_POINT('',(-23.261709744,18.9,-0.3));
#348=DIRECTION('',(0.,1.,0.));
#349=DIRECTION('',(0.,-0.,1.));
#350=AXIS2_PLACEMENT_3D('',#347,#348,#349);
#351=CIRCLE('',#350,0.6);
#352=EDGE_CURVE('',#340,#323,#351,.T.);
#353=ORIENTED_EDGE('',*,*,#352,.T.);
#354=EDGE_LOOP('',(#329,#338,#346,#353));
#355=FACE_BOUND('',#354,.T.);
#356=ADVANCED_FACE('',(#355),#319,.F.);
#357=CARTESIAN_POINT('',(-23.253606712,18.9,-0.3));
#358=DIRECTION('',(0.,-1.,0.));
#359=DIRECTION('',(0.,0.,-1.));
#360=AXIS2_PLACEMENT_3D('',#357,#358,#359);
#361=CYLINDRICAL_SURFACE('',#360,0.6);
#362=CARTESIAN_POINT('',(-23.253606712,17.9,-0.9));
#363=VERTEX_POINT('',#362);
#364=CARTESIAN_POINT('',(-23.253606712,18.9,-0.9));
#365=VERTEX_POINT('',#364);
#366=CARTESIAN_POINT('',(-23.253606712,17.9,-0.9));
#367=DIRECTION('',(-0.,1.,-0.));
#368=VECTOR('',#367,1.);
#369=LINE('',#366,#368);
#370=EDGE_CURVE('',#363,#365,#369,.T.);
#371=ORIENTED_EDGE('',*,*,#370,.F.);
#372=CARTESIAN_POINT('',(-22.739642243,17.9,0.009581209));
#373=VERTEX_POINT('',#372);
#374=CARTESIAN_POINT('',(-23.253606712,17.9,-0.3));
#375=DIRECTION('',(0.,1.,0.));
#376=DIRECTION('',(0.,-0.,1.));
#377=AXIS2_PLACEMENT_3D('',#374,#375,#376);
#378=CIRCLE('',#377,0.6);
#379=EDGE_CURVE('',#373,#363,#378,.T.);
#380=ORIENTED_EDGE('',*,*,#379,.F.);
#381=CARTESIAN_POINT('',(-22.739642243,18.9,0.009581209));
#382=VERTEX_POINT('',#381);
#383=CARTESIAN_POINT('',(-22.739642243,18.9,0.009581209));
#384=DIRECTION('',(0.,-1.,0.));
#385=VECTOR('',#384,1.);
#386=LINE('',#383,#385);
#387=EDGE_CURVE('',#382,#373,#386,.T.);
#388=ORIENTED_EDGE('',*,*,#387,.F.);
#389=CARTESIAN_POINT('',(-23.253606712,18.9,-0.3));
#390=DIRECTION('',(0.,1.,0.));
#391=DIRECTION('',(0.,-0.,1.));
#392=AXIS2_PLACEMENT_3D('',#389,#390,#391);
#393=CIRCLE('',#392,0.6);
#394=EDGE_CURVE('',#382,#365,#393,.T.);
#395=ORIENTED_EDGE('',*,*,#394,.T.);
#396=EDGE_LOOP('',(#371,#380,#388,#395));
#397=FACE_BOUND('',#396,.T.);
#398=ADVANCED_FACE('',(#397),#361,.F.);
#399=CARTESIAN_POINT('',(-22.18,18.9,0.346675955));
#400=DIRECTION('',(0.,-1.,0.));
#401=DIRECTION('',(0.,0.,-1.));
#402=AXIS2_PLACEMENT_3D('',#399,#400,#401);
#403=CYLINDRICAL_SURFACE('',#402,0.653324045);
#404=ORIENTED_EDGE('',*,*,#387,.T.);
#405=CARTESIAN_POINT('',(-22.527368405,17.9,0.9));
#406=VERTEX_POINT('',#405);
#407=CARTESIAN_POINT('',(-22.18,17.9,0.346675955));
#408=DIRECTION('',(0.,1.,0.));
#409=DIRECTION('',(0.,-0.,1.));
#410=AXIS2_PLACEMENT_3D('',#407,#408,#409);
#411=CIRCLE('',#410,0.653324045);
#412=EDGE_CURVE('',#373,#406,#411,.T.);
#413=ORIENTED_EDGE('',*,*,#412,.T.);
#414=CARTESIAN_POINT('',(-22.527368405,18.9,0.9));
#415=VERTEX_POINT('',#414);
#416=CARTESIAN_POINT('',(-22.527368405,18.9,0.9));
#417=DIRECTION('',(0.,-1.,0.));
#418=VECTOR('',#417,1.);
#419=LINE('',#416,#418);
#420=EDGE_CURVE('',#415,#406,#419,.T.);
#421=ORIENTED_EDGE('',*,*,#420,.F.);
#422=CARTESIAN_POINT('',(-22.18,18.9,0.346675955));
#423=DIRECTION('',(0.,1.,0.));
#424=DIRECTION('',(0.,-0.,1.));
#425=AXIS2_PLACEMENT_3D('',#422,#423,#424);
#426=CIRCLE('',#425,0.653324045);
#427=EDGE_CURVE('',#382,#415,#426,.T.);
#428=ORIENTED_EDGE('',*,*,#427,.F.);
#429=EDGE_LOOP('',(#404,#413,#421,#428));
#430=FACE_BOUND('',#429,.T.);
#431=ADVANCED_FACE('',(#430),#403,.T.);
#432=CARTESIAN_POINT('',(16.66,18.9,0.346675955));
#433=DIRECTION('',(0.,-1.,0.));
#434=DIRECTION('',(0.,0.,-1.));
#435=AXIS2_PLACEMENT_3D('',#432,#433,#434);
#436=CYLINDRICAL_SURFACE('',#435,0.653324045);
#437=CARTESIAN_POINT('',(17.007368405,18.9,0.9));
#438=VERTEX_POINT('',#437);
#439=CARTESIAN_POINT('',(17.007368405,17.9,0.9));
#440=VERTEX_POINT('',#439);
#441=CARTESIAN_POINT('',(17.007368405,18.9,0.9));
#442=DIRECTION('',(0.,-1.,0.));
#443=VECTOR('',#442,1.);
#444=LINE('',#441,#443);
#445=EDGE_CURVE('',#438,#440,#444,.T.);
#446=ORIENTED_EDGE('',*,*,#445,.T.);
#447=CARTESIAN_POINT('',(17.219642243,17.9,0.009581209));
#448=VERTEX_POINT('',#447);
#449=CARTESIAN_POINT('',(16.66,17.9,0.346675955));
#450=DIRECTION('',(0.,1.,0.));
#451=DIRECTION('',(0.,-0.,1.));
#452=AXIS2_PLACEMENT_3D('',#449,#450,#451);
#453=CIRCLE('',#452,0.653324045);
#454=EDGE_CURVE('',#440,#448,#453,.T.);
#455=ORIENTED_EDGE('',*,*,#454,.T.);
#456=CARTESIAN_POINT('',(17.219642243,18.9,0.009581209));
#457=VERTEX_POINT('',#456);
#458=CARTESIAN_POINT('',(17.219642243,18.9,0.009581209));
#459=DIRECTION('',(0.,-1.,0.));
#460=VECTOR('',#459,1.);
#461=LINE('',#458,#460);
#462=EDGE_CURVE('',#457,#448,#461,.T.);
#463=ORIENTED_EDGE('',*,*,#462,.F.);
#464=CARTESIAN_POINT('',(16.66,18.9,0.346675955));
#465=DIRECTION('',(0.,1.,0.));
#466=DIRECTION('',(0.,-0.,1.));
#467=AXIS2_PLACEMENT_3D('',#464,#465,#466);
#468=CIRCLE('',#467,0.653324045);
#469=EDGE_CURVE('',#438,#457,#468,.T.);
#470=ORIENTED_EDGE('',*,*,#469,.F.);
#471=EDGE_LOOP('',(#446,#455,#463,#470));
#472=FACE_BOUND('',#471,.T.);
#473=ADVANCED_FACE('',(#472),#436,.T.);
#474=CARTESIAN_POINT('',(17.733606712,18.9,-0.3));
#475=DIRECTION('',(0.,-1.,0.));
#476=DIRECTION('',(0.,0.,-1.));
#477=AXIS2_PLACEMENT_3D('',#474,#475,#476);
#478=CYLINDRICAL_SURFACE('',#477,0.6);
#479=CARTESIAN_POINT('',(17.733606712,17.9,-0.9));
#480=VERTEX_POINT('',#479);
#481=CARTESIAN_POINT('',(17.733606712,18.9,-0.9));
#482=VERTEX_POINT('',#481);
#483=CARTESIAN_POINT('',(17.733606712,17.9,-0.9));
#484=DIRECTION('',(-0.,1.,-0.));
#485=VECTOR('',#484,1.);
#486=LINE('',#483,#485);
#487=EDGE_CURVE('',#480,#482,#486,.T.);
#488=ORIENTED_EDGE('',*,*,#487,.F.);
#489=CARTESIAN_POINT('',(18.291402135,17.9,-0.521052632));
#490=VERTEX_POINT('',#489);
#491=CARTESIAN_POINT('',(17.733606712,17.9,-0.3));
#492=DIRECTION('',(0.,1.,0.));
#493=DIRECTION('',(0.,-0.,1.));
#494=AXIS2_PLACEMENT_3D('',#491,#492,#493);
#495=CIRCLE('',#494,0.6);
#496=EDGE_CURVE('',#490,#480,#495,.T.);
#497=ORIENTED_EDGE('',*,*,#496,.F.);
#498=CARTESIAN_POINT('',(18.291402135,18.9,-0.521052632));
#499=VERTEX_POINT('',#498);
#500=CARTESIAN_POINT('',(18.291402135,18.9,-0.521052632));
#501=DIRECTION('',(0.,-1.,0.));
#502=VECTOR('',#501,1.);
#503=LINE('',#500,#502);
#504=EDGE_CURVE('',#499,#490,#503,.T.);
#505=ORIENTED_EDGE('',*,*,#504,.F.);
#506=CARTESIAN_POINT('',(17.733606712,18.9,-0.3));
#507=DIRECTION('',(0.,1.,0.));
#508=DIRECTION('',(0.,-0.,1.));
#509=AXIS2_PLACEMENT_3D('',#506,#507,#508);
#510=CIRCLE('',#509,0.6);
#511=EDGE_CURVE('',#499,#482,#510,.T.);
#512=ORIENTED_EDGE('',*,*,#511,.T.);
#513=EDGE_LOOP('',(#488,#497,#505,#512));
#514=FACE_BOUND('',#513,.T.);
#515=ADVANCED_FACE('',(#514),#478,.F.);
#516=CARTESIAN_POINT('',(18.616782799,18.9,-0.65));
#517=DIRECTION('',(0.,-1.,0.));
#518=DIRECTION('',(0.,0.,-1.));
#519=AXIS2_PLACEMENT_3D('',#516,#517,#518);
#520=CYLINDRICAL_SURFACE('',#519,0.35);
#521=ORIENTED_EDGE('',*,*,#504,.T.);
#522=CARTESIAN_POINT('',(18.462775638,17.9,-0.335704288));
#523=VERTEX_POINT('',#522);
#524=CARTESIAN_POINT('',(18.616782799,17.9,-0.65));
#525=DIRECTION('',(0.,1.,0.));
#526=DIRECTION('',(0.,-0.,1.));
#527=AXIS2_PLACEMENT_3D('',#524,#525,#526);
#528=CIRCLE('',#527,0.35);
#529=EDGE_CURVE('',#490,#523,#528,.T.);
#530=ORIENTED_EDGE('',*,*,#529,.T.);
#531=CARTESIAN_POINT('',(18.462775638,18.9,-0.335704288));
#532=VERTEX_POINT('',#531);
#533=CARTESIAN_POINT('',(18.462775638,18.9,-0.335704288));
#534=DIRECTION('',(0.,-1.,0.));
#535=VECTOR('',#534,1.);
#536=LINE('',#533,#535);
#537=EDGE_CURVE('',#532,#523,#536,.T.);
#538=ORIENTED_EDGE('',*,*,#537,.F.);
#539=CARTESIAN_POINT('',(18.616782799,18.9,-0.65));
#540=DIRECTION('',(0.,1.,0.));
#541=DIRECTION('',(0.,-0.,1.));
#542=AXIS2_PLACEMENT_3D('',#539,#540,#541);
#543=CIRCLE('',#542,0.35);
#544=EDGE_CURVE('',#499,#532,#543,.T.);
#545=ORIENTED_EDGE('',*,*,#544,.F.);
#546=EDGE_LOOP('',(#521,#530,#538,#545));
#547=FACE_BOUND('',#546,.T.);
#548=ADVANCED_FACE('',(#547),#520,.T.);
#549=CARTESIAN_POINT('',(18.608017373,18.9,-0.632111638));
#550=DIRECTION('',(0.,-1.,0.));
#551=DIRECTION('',(0.,0.,-1.));
#552=AXIS2_PLACEMENT_3D('',#549,#550,#551);
#553=CYLINDRICAL_SURFACE('',#552,0.330079504);
#554=CARTESIAN_POINT('',(18.617252111,17.8015796,-0.302161342));
#555=VERTEX_POINT('',#554);
#556=CARTESIAN_POINT('',(18.617252111,17.8015796,-0.302161342));
#557=CARTESIAN_POINT('',(18.56506965,17.836779128,-0.300700845));
#558=CARTESIAN_POINT('',(18.512591142,17.870064607,-0.311294333));
#559=CARTESIAN_POINT('',(18.462775638,17.9,-0.335704288));
#560=B_SPLINE_CURVE_WITH_KNOTS('',3,(#556,#557,#558,#559),.UNSPECIFIED.,.F.,.F.,(4,4),(0.,0.000186409),.UNSPECIFIED.);
#561=EDGE_CURVE('',#555,#523,#560,.T.);
#562=ORIENTED_EDGE('',*,*,#561,.F.);
#563=CARTESIAN_POINT('',(18.617252111,18.9,-0.302161342));
#564=VERTEX_POINT('',#563);
#565=CARTESIAN_POINT('',(18.617252111,18.9,-0.302161342));
#566=DIRECTION('',(0.,-1.,0.));
#567=VECTOR('',#566,1.0984204);
#568=LINE('',#565,#567);
#569=EDGE_CURVE('',#564,#555,#568,.T.);
#570=ORIENTED_EDGE('',*,*,#569,.F.);
#571=CARTESIAN_POINT('',(18.608017373,18.9,-0.632111638));
#572=DIRECTION('',(0.,1.,0.));
#573=DIRECTION('',(0.,-0.,1.));
#574=AXIS2_PLACEMENT_3D('',#571,#572,#573);
#575=CIRCLE('',#574,0.330079504);
#576=EDGE_CURVE('',#532,#564,#575,.T.);
#577=ORIENTED_EDGE('',*,*,#576,.F.);
#578=ORIENTED_EDGE('',*,*,#537,.T.);
#579=EDGE_LOOP('',(#562,#570,#577,#578));
#580=FACE_BOUND('',#579,.T.);
#581=ADVANCED_FACE('',(#580),#553,.T.);
#582=CARTESIAN_POINT('',(18.573330115,18.9,-1.87146139));
#583=DIRECTION('',(0.,-1.,0.));
#584=DIRECTION('',(0.,0.,-1.));
#585=AXIS2_PLACEMENT_3D('',#582,#583,#584);
#586=CYLINDRICAL_SURFACE('',#585,1.569914579);
#587=CARTESIAN_POINT('',(19.863374033,16.310104537,-0.976800295));
#588=VERTEX_POINT('',#587);
#589=CARTESIAN_POINT('',(19.863374033,16.310104537,-0.976800295));
#590=CARTESIAN_POINT('',(19.740347234,16.589587968,-0.799403541));
#591=CARTESIAN_POINT('',(19.580421887,16.856798821,-0.643220315));
#592=CARTESIAN_POINT('',(19.372841006,17.11144606,-0.520382518));
#593=CARTESIAN_POINT('',(19.269050565,17.23876968,-0.458963619));
#594=CARTESIAN_POINT('',(19.152198907,17.363349633,-0.406263182));
#595=CARTESIAN_POINT('',(19.026404607,17.478784449,-0.368346195));
#596=CARTESIAN_POINT('',(18.900610307,17.594219266,-0.330429208));
#597=CARTESIAN_POINT('',(18.764880565,17.701997254,-0.306293207));
#598=CARTESIAN_POINT('',(18.617252111,17.8015796,-0.302161342));
#599=B_SPLINE_CURVE_WITH_KNOTS('',3,(#589,#590,#591,#592,#593,#594,#595,#596,#597,#598),.UNSPECIFIED.,.F.,.F.,(4,3,3,4),(0.,0.001044058,0.001566087,0.002088116),.UNSPECIFIED.);
#600=EDGE_CURVE('',#588,#555,#599,.T.);
#601=ORIENTED_EDGE('',*,*,#600,.F.);
#602=CARTESIAN_POINT('',(19.863374033,18.9,-0.976800295));
#603=VERTEX_POINT('',#602);
#604=CARTESIAN_POINT('',(19.863374033,18.9,-0.976800295));
#605=DIRECTION('',(0.,-1.,0.));
#606=VECTOR('',#605,2.589895463);
#607=LINE('',#604,#606);
#608=EDGE_CURVE('',#603,#588,#607,.T.);
#609=ORIENTED_EDGE('',*,*,#608,.F.);
#610=CARTESIAN_POINT('',(18.573330115,18.9,-1.87146139));
#611=DIRECTION('',(0.,1.,0.));
#612=DIRECTION('',(0.,-0.,1.));
#613=AXIS2_PLACEMENT_3D('',#610,#611,#612);
#614=CIRCLE('',#613,1.569914579);
#615=EDGE_CURVE('',#564,#603,#614,.T.);
#616=ORIENTED_EDGE('',*,*,#615,.F.);
#617=ORIENTED_EDGE('',*,*,#569,.T.);
#618=EDGE_LOOP('',(#601,#609,#616,#617));
#619=FACE_BOUND('',#618,.T.);
#620=ADVANCED_FACE('',(#619),#586,.T.);
#621=CARTESIAN_POINT('',(15.951201649,18.9,-0.3));
#622=DIRECTION('',(0.,-1.,0.));
#623=DIRECTION('',(0.,0.,-1.));
#624=AXIS2_PLACEMENT_3D('',#621,#622,#623);
#625=CYLINDRICAL_SURFACE('',#624,0.6);
#626=CARTESIAN_POINT('',(15.951201649,17.9,-0.9));
#627=VERTEX_POINT('',#626);
#628=CARTESIAN_POINT('',(15.951201649,18.9,-0.9));
#629=VERTEX_POINT('',#628);
#630=CARTESIAN_POINT('',(15.951201649,17.9,-0.9));
#631=DIRECTION('',(-0.,1.,-0.));
#632=VECTOR('',#631,1.);
#633=LINE('',#630,#632);
#634=EDGE_CURVE('',#627,#629,#633,.T.);
#635=ORIENTED_EDGE('',*,*,#634,.F.);
#636=CARTESIAN_POINT('',(15.951201649,17.9,0.3));
#637=VERTEX_POINT('',#636);
#638=CARTESIAN_POINT('',(15.951201649,17.9,-0.3));
#639=DIRECTION('',(0.,1.,0.));
#640=DIRECTION('',(0.,-0.,1.));
#641=AXIS2_PLACEMENT_3D('',#638,#639,#640);
#642=CIRCLE('',#641,0.6);
#643=EDGE_CURVE('',#637,#627,#642,.T.);
#644=ORIENTED_EDGE('',*,*,#643,.F.);
#645=CARTESIAN_POINT('',(15.951201649,17.9,-0.3));
#646=DIRECTION('',(0.,1.,0.));
#647=DIRECTION('',(0.,-0.,1.));
#648=AXIS2_PLACEMENT_3D('',#645,#646,#647);
#649=CIRCLE('',#648,0.6);
#650=EDGE_CURVE('',#627,#637,#649,.T.);
#651=ORIENTED_EDGE('',*,*,#650,.F.);
#652=ORIENTED_EDGE('',*,*,#634,.T.);
#653=CARTESIAN_POINT('',(15.951201649,18.9,0.3));
#654=VERTEX_POINT('',#653);
#655=CARTESIAN_POINT('',(15.951201649,18.9,-0.3));
#656=DIRECTION('',(0.,1.,0.));
#657=DIRECTION('',(0.,-0.,1.));
#658=AXIS2_PLACEMENT_3D('',#655,#656,#657);
#659=CIRCLE('',#658,0.6);
#660=EDGE_CURVE('',#629,#654,#659,.T.);
#661=ORIENTED_EDGE('',*,*,#660,.T.);
#662=CARTESIAN_POINT('',(15.951201649,18.9,-0.3));
#663=DIRECTION('',(0.,1.,0.));
#664=DIRECTION('',(0.,-0.,1.));
#665=AXIS2_PLACEMENT_3D('',#662,#663,#664);
#666=CIRCLE('',#665,0.6);
#667=EDGE_CURVE('',#654,#629,#666,.T.);
#668=ORIENTED_EDGE('',*,*,#667,.T.);
#669=EDGE_LOOP('',(#635,#644,#651,#652,#661,#668));
#670=FACE_BOUND('',#669,.T.);
#671=ADVANCED_FACE('',(#670),#625,.F.);
#672=CARTESIAN_POINT('',(14.168796586,18.9,-0.3));
#673=DIRECTION('',(0.,-1.,0.));
#674=DIRECTION('',(0.,0.,-1.));
#675=AXIS2_PLACEMENT_3D('',#672,#673,#674);
#676=CYLINDRICAL_SURFACE('',#675,0.6);
#677=CARTESIAN_POINT('',(14.168796586,17.9,-0.9));
#678=VERTEX_POINT('',#677);
#679=CARTESIAN_POINT('',(14.168796586,18.9,-0.9));
#680=VERTEX_POINT('',#679);
#681=CARTESIAN_POINT('',(14.168796586,17.9,-0.9));
#682=DIRECTION('',(-0.,1.,-0.));
#683=VECTOR('',#682,1.);
#684=LINE('',#681,#683);
#685=EDGE_CURVE('',#678,#680,#684,.T.);
#686=ORIENTED_EDGE('',*,*,#685,.F.);
#687=CARTESIAN_POINT('',(14.168796586,17.9,0.3));
#688=VERTEX_POINT('',#687);
#689=CARTESIAN_POINT('',(14.168796586,17.9,-0.3));
#690=DIRECTION('',(0.,1.,0.));
#691=DIRECTION('',(0.,-0.,1.));
#692=AXIS2_PLACEMENT_3D('',#689,#690,#691);
#693=CIRCLE('',#692,0.6);
#694=EDGE_CURVE('',#688,#678,#693,.T.);
#695=ORIENTED_EDGE('',*,*,#694,.F.);
#696=CARTESIAN_POINT('',(14.168796586,17.9,-0.3));
#697=DIRECTION('',(0.,1.,0.));
#698=DIRECTION('',(0.,-0.,1.));
#699=AXIS2_PLACEMENT_3D('',#696,#697,#698);
#700=CIRCLE('',#699,0.6);
#701=EDGE_CURVE('',#678,#688,#700,.T.);
#702=ORIENTED_EDGE('',*,*,#701,.F.);
#703=ORIENTED_EDGE('',*,*,#685,.T.);
#704=CARTESIAN_POINT('',(14.168796586,18.9,0.3));
#705=VERTEX_POINT('',#704);
#706=CARTESIAN_POINT('',(14.168796586,18.9,-0.3));
#707=DIRECTION('',(0.,1.,0.));
#708=DIRECTION('',(0.,-0.,1.));
#709=AXIS2_PLACEMENT_3D('',#706,#707,#708);
#710=CIRCLE('',#709,0.6);
#711=EDGE_CURVE('',#680,#705,#710,.T.);
#712=ORIENTED_EDGE('',*,*,#711,.T.);
#713=CARTESIAN_POINT('',(14.168796586,18.9,-0.3));
#714=DIRECTION('',(0.,1.,0.));
#715=DIRECTION('',(0.,-0.,1.));
#716=AXIS2_PLACEMENT_3D('',#713,#714,#715);
#717=CIRCLE('',#716,0.6);
#718=EDGE_CURVE('',#705,#680,#717,.T.);
#719=ORIENTED_EDGE('',*,*,#718,.T.);
#720=EDGE_LOOP('',(#686,#695,#702,#703,#712,#719));
#721=FACE_BOUND('',#720,.T.);
#722=ADVANCED_FACE('',(#721),#676,.F.);
#723=CARTESIAN_POINT('',(12.386391522,18.9,-0.3));
#724=DIRECTION('',(0.,-1.,0.));
#725=DIRECTION('',(0.,0.,-1.));
#726=AXIS2_PLACEMENT_3D('',#723,#724,#725);
#727=CYLINDRICAL_SURFACE('',#726,0.6);
#728=CARTESIAN_POINT('',(12.386391522,17.9,-0.9));
#729=VERTEX_POINT('',#728);
#730=CARTESIAN_POINT('',(12.386391522,18.9,-0.9));
#731=VERTEX_POINT('',#730);
#732=CARTESIAN_POINT('',(12.386391522,17.9,-0.9));
#733=DIRECTION('',(-0.,1.,-0.));
#734=VECTOR('',#733,1.);
#735=LINE('',#732,#734);
#736=EDGE_CURVE('',#729,#731,#735,.T.);
#737=ORIENTED_EDGE('',*,*,#736,.F.);
#738=CARTESIAN_POINT('',(12.386391522,17.9,0.3));
#739=VERTEX_POINT('',#738);
#740=CARTESIAN_POINT('',(12.386391522,17.9,-0.3));
#741=DIRECTION('',(0.,1.,0.));
#742=DIRECTION('',(0.,-0.,1.));
#743=AXIS2_PLACEMENT_3D('',#740,#741,#742);
#744=CIRCLE('',#743,0.6);
#745=EDGE_CURVE('',#739,#729,#744,.T.);
#746=ORIENTED_EDGE('',*,*,#745,.F.);
#747=CARTESIAN_POINT('',(12.386391522,17.9,-0.3));
#748=DIRECTION('',(0.,1.,0.));
#749=DIRECTION('',(0.,-0.,1.));
#750=AXIS2_PLACEMENT_3D('',#747,#748,#749);
#751=CIRCLE('',#750,0.6);
#752=EDGE_CURVE('',#729,#739,#751,.T.);
#753=ORIENTED_EDGE('',*,*,#752,.F.);
#754=ORIENTED_EDGE('',*,*,#736,.T.);
#755=CARTESIAN_POINT('',(12.386391522,18.9,0.3));
#756=VERTEX_POINT('',#755);
#757=CARTESIAN_POINT('',(12.386391522,18.9,-0.3));
#758=DIRECTION('',(0.,1.,0.));
#759=DIRECTION('',(0.,-0.,1.));
#760=AXIS2_PLACEMENT_3D('',#757,#758,#759);
#761=CIRCLE('',#760,0.6);
#762=EDGE_CURVE('',#731,#756,#761,.T.);
#763=ORIENTED_EDGE('',*,*,#762,.T.);
#764=CARTESIAN_POINT('',(12.386391522,18.9,-0.3));
#765=DIRECTION('',(0.,1.,0.));
#766=DIRECTION('',(0.,-0.,1.));
#767=AXIS2_PLACEMENT_3D('',#764,#765,#766);
#768=CIRCLE('',#767,0.6);
#769=EDGE_CURVE('',#756,#731,#768,.T.);
#770=ORIENTED_EDGE('',*,*,#769,.T.);
#771=EDGE_LOOP('',(#737,#746,#753,#754,#763,#770));
#772=FACE_BOUND('',#771,.T.);
#773=ADVANCED_FACE('',(#772),#727,.F.);
#774=CARTESIAN_POINT('',(10.603986459,18.9,-0.3));
#775=DIRECTION('',(0.,-1.,0.));
#776=DIRECTION('',(0.,0.,-1.));
#777=AXIS2_PLACEMENT_3D('',#774,#775,#776);
#778=CYLINDRICAL_SURFACE('',#777,0.6);
#779=CARTESIAN_POINT('',(10.603986459,17.9,-0.9));
#780=VERTEX_POINT('',#779);
#781=CARTESIAN_POINT('',(10.603986459,18.9,-0.9));
#782=VERTEX_POINT('',#781);
#783=CARTESIAN_POINT('',(10.603986459,17.9,-0.9));
#784=DIRECTION('',(-0.,1.,-0.));
#785=VECTOR('',#784,1.);
#786=LINE('',#783,#785);
#787=EDGE_CURVE('',#780,#782,#786,.T.);
#788=ORIENTED_EDGE('',*,*,#787,.F.);
#789=CARTESIAN_POINT('',(10.603986459,17.9,0.3));
#790=VERTEX_POINT('',#789);
#791=CARTESIAN_POINT('',(10.603986459,17.9,-0.3));
#792=DIRECTION('',(0.,1.,0.));
#793=DIRECTION('',(0.,-0.,1.));
#794=AXIS2_PLACEMENT_3D('',#791,#792,#793);
#795=CIRCLE('',#794,0.6);
#796=EDGE_CURVE('',#790,#780,#795,.T.);
#797=ORIENTED_EDGE('',*,*,#796,.F.);
#798=CARTESIAN_POINT('',(10.603986459,17.9,-0.3));
#799=DIRECTION('',(0.,1.,0.));
#800=DIRECTION('',(0.,-0.,1.));
#801=AXIS2_PLACEMENT_3D('',#798,#799,#800);
#802=CIRCLE('',#801,0.6);
#803=EDGE_CURVE('',#780,#790,#802,.T.);
#804=ORIENTED_EDGE('',*,*,#803,.F.);
#805=ORIENTED_EDGE('',*,*,#787,.T.);
#806=CARTESIAN_POINT('',(10.603986459,18.9,0.3));
#807=VERTEX_POINT('',#806);
#808=CARTESIAN_POINT('',(10.603986459,18.9,-0.3));
#809=DIRECTION('',(0.,1.,0.));
#810=DIRECTION('',(0.,-0.,1.));
#811=AXIS2_PLACEMENT_3D('',#808,#809,#810);
#812=CIRCLE('',#811,0.6);
#813=EDGE_CURVE('',#782,#807,#812,.T.);
#814=ORIENTED_EDGE('',*,*,#813,.T.);
#815=CARTESIAN_POINT('',(10.603986459,18.9,-0.3));
#816=DIRECTION('',(0.,1.,0.));
#817=DIRECTION('',(0.,-0.,1.));
#818=AXIS2_PLACEMENT_3D('',#815,#816,#817);
#819=CIRCLE('',#818,0.6);
#820=EDGE_CURVE('',#807,#782,#819,.T.);
#821=ORIENTED_EDGE('',*,*,#820,.T.);
#822=EDGE_LOOP('',(#788,#797,#804,#805,#814,#821));
#823=FACE_BOUND('',#822,.T.);
#824=ADVANCED_FACE('',(#823),#778,.F.);
#825=CARTESIAN_POINT('',(8.821581396,18.9,-0.3));
#826=DIRECTION('',(0.,-1.,0.));
#827=DIRECTION('',(0.,0.,-1.));
#828=AXIS2_PLACEMENT_3D('',#825,#826,#827);
#829=CYLINDRICAL_SURFACE('',#828,0.6);
#830=CARTESIAN_POINT('',(8.821581396,17.9,-0.9));
#831=VERTEX_POINT('',#830);
#832=CARTESIAN_POINT('',(8.821581396,18.9,-0.9));
#833=VERTEX_POINT('',#832);
#834=CARTESIAN_POINT('',(8.821581396,17.9,-0.9));
#835=DIRECTION('',(-0.,1.,-0.));
#836=VECTOR('',#835,1.);
#837=LINE('',#834,#836);
#838=EDGE_CURVE('',#831,#833,#837,.T.);
#839=ORIENTED_EDGE('',*,*,#838,.F.);
#840=CARTESIAN_POINT('',(8.821581396,17.9,0.3));
#841=VERTEX_POINT('',#840);
#842=CARTESIAN_POINT('',(8.821581396,17.9,-0.3));
#843=DIRECTION('',(0.,1.,0.));
#844=DIRECTION('',(0.,-0.,1.));
#845=AXIS2_PLACEMENT_3D('',#842,#843,#844);
#846=CIRCLE('',#845,0.6);
#847=EDGE_CURVE('',#841,#831,#846,.T.);
#848=ORIENTED_EDGE('',*,*,#847,.F.);
#849=CARTESIAN_POINT('',(8.821581396,17.9,-0.3));
#850=DIRECTION('',(0.,1.,0.));
#851=DIRECTION('',(0.,-0.,1.));
#852=AXIS2_PLACEMENT_3D('',#849,#850,#851);
#853=CIRCLE('',#852,0.6);
#854=EDGE_CURVE('',#831,#841,#853,.T.);
#855=ORIENTED_EDGE('',*,*,#854,.F.);
#856=ORIENTED_EDGE('',*,*,#838,.T.);
#857=CARTESIAN_POINT('',(8.821581396,18.9,0.3));
#858=VERTEX_POINT('',#857);
#859=CARTESIAN_POINT('',(8.821581396,18.9,-0.3));
#860=DIRECTION('',(0.,1.,0.));
#861=DIRECTION('',(0.,-0.,1.));
#862=AXIS2_PLACEMENT_3D('',#859,#860,#861);
#863=CIRCLE('',#862,0.6);
#864=EDGE_CURVE('',#833,#858,#863,.T.);
#865=ORIENTED_EDGE('',*,*,#864,.T.);
#866=CARTESIAN_POINT('',(8.821581396,18.9,-0.3));
#867=DIRECTION('',(0.,1.,0.));
#868=DIRECTION('',(0.,-0.,1.));
#869=AXIS2_PLACEMENT_3D('',#866,#867,#868);
#870=CIRCLE('',#869,0.6);
#871=EDGE_CURVE('',#858,#833,#870,.T.);
#872=ORIENTED_EDGE('',*,*,#871,.T.);
#873=EDGE_LOOP('',(#839,#848,#855,#856,#865,#872));
#874=FACE_BOUND('',#873,.T.);
#875=ADVANCED_FACE('',(#874),#829,.F.);
#876=CARTESIAN_POINT('',(7.039176332,18.9,-0.3));
#877=DIRECTION('',(0.,-1.,0.));
#878=DIRECTION('',(0.,0.,-1.));
#879=AXIS2_PLACEMENT_3D('',#876,#877,#878);
#880=CYLINDRICAL_SURFACE('',#879,0.6);
#881=CARTESIAN_POINT('',(7.039176332,17.9,-0.9));
#882=VERTEX_POINT('',#881);
#883=CARTESIAN_POINT('',(7.039176332,18.9,-0.9));
#884=VERTEX_POINT('',#883);
#885=CARTESIAN_POINT('',(7.039176332,17.9,-0.9));
#886=DIRECTION('',(-0.,1.,-0.));
#887=VECTOR('',#886,1.);
#888=LINE('',#885,#887);
#889=EDGE_CURVE('',#882,#884,#888,.T.);
#890=ORIENTED_EDGE('',*,*,#889,.F.);
#891=CARTESIAN_POINT('',(7.039176332,17.9,0.3));
#892=VERTEX_POINT('',#891);
#893=CARTESIAN_POINT('',(7.039176332,17.9,-0.3));
#894=DIRECTION('',(0.,1.,0.));
#895=DIRECTION('',(0.,-0.,1.));
#896=AXIS2_PLACEMENT_3D('',#893,#894,#895);
#897=CIRCLE('',#896,0.6);
#898=EDGE_CURVE('',#892,#882,#897,.T.);
#899=ORIENTED_EDGE('',*,*,#898,.F.);
#900=CARTESIAN_POINT('',(7.039176332,17.9,-0.3));
#901=DIRECTION('',(0.,1.,0.));
#902=DIRECTION('',(0.,-0.,1.));
#903=AXIS2_PLACEMENT_3D('',#900,#901,#902);
#904=CIRCLE('',#903,0.6);
#905=EDGE_CURVE('',#882,#892,#904,.T.);
#906=ORIENTED_EDGE('',*,*,#905,.F.);
#907=ORIENTED_EDGE('',*,*,#889,.T.);
#908=CARTESIAN_POINT('',(7.039176332,18.9,0.3));
#909=VERTEX_POINT('',#908);
#910=CARTESIAN_POINT('',(7.039176332,18.9,-0.3));
#911=DIRECTION('',(0.,1.,0.));
#912=DIRECTION('',(0.,-0.,1.));
#913=AXIS2_PLACEMENT_3D('',#910,#911,#912);
#914=CIRCLE('',#913,0.6);
#915=EDGE_CURVE('',#884,#909,#914,.T.);
#916=ORIENTED_EDGE('',*,*,#915,.T.);
#917=CARTESIAN_POINT('',(7.039176332,18.9,-0.3));
#918=DIRECTION('',(0.,1.,0.));
#919=DIRECTION('',(0.,-0.,1.));
#920=AXIS2_PLACEMENT_3D('',#917,#918,#919);
#921=CIRCLE('',#920,0.6);
#922=EDGE_CURVE('',#909,#884,#921,.T.);
#923=ORIENTED_EDGE('',*,*,#922,.T.);
#924=EDGE_LOOP('',(#890,#899,#906,#907,#916,#923));
#925=FACE_BOUND('',#924,.T.);
#926=ADVANCED_FACE('',(#925),#880,.F.);
#927=CARTESIAN_POINT('',(5.256771269,18.9,-0.3));
#928=DIRECTION('',(0.,-1.,0.));
#929=DIRECTION('',(0.,0.,-1.));
#930=AXIS2_PLACEMENT_3D('',#927,#928,#929);
#931=CYLINDRICAL_SURFACE('',#930,0.6);
#932=CARTESIAN_POINT('',(5.256771269,17.9,-0.9));
#933=VERTEX_POINT('',#932);
#934=CARTESIAN_POINT('',(5.256771269,18.9,-0.9));
#935=VERTEX_POINT('',#934);
#936=CARTESIAN_POINT('',(5.256771269,17.9,-0.9));
#937=DIRECTION('',(-0.,1.,-0.));
#938=VECTOR('',#937,1.);
#939=LINE('',#936,#938);
#940=EDGE_CURVE('',#933,#935,#939,.T.);
#941=ORIENTED_EDGE('',*,*,#940,.F.);
#942=CARTESIAN_POINT('',(5.256771269,17.9,0.3));
#943=VERTEX_POINT('',#942);
#944=CARTESIAN_POINT('',(5.256771269,17.9,-0.3));
#945=DIRECTION('',(0.,1.,0.));
#946=DIRECTION('',(0.,-0.,1.));
#947=AXIS2_PLACEMENT_3D('',#944,#945,#946);
#948=CIRCLE('',#947,0.6);
#949=EDGE_CURVE('',#943,#933,#948,.T.);
#950=ORIENTED_EDGE('',*,*,#949,.F.);
#951=CARTESIAN_POINT('',(5.256771269,17.9,-0.3));
#952=DIRECTION('',(0.,1.,0.));
#953=DIRECTION('',(0.,-0.,1.));
#954=AXIS2_PLACEMENT_3D('',#951,#952,#953);
#955=CIRCLE('',#954,0.6);
#956=EDGE_CURVE('',#933,#943,#955,.T.);
#957=ORIENTED_EDGE('',*,*,#956,.F.);
#958=ORIENTED_EDGE('',*,*,#940,.T.);
#959=CARTESIAN_POINT('',(5.256771269,18.9,0.3));
#960=VERTEX_POINT('',#959);
#961=CARTESIAN_POINT('',(5.256771269,18.9,-0.3));
#962=DIRECTION('',(0.,1.,0.));
#963=DIRECTION('',(0.,-0.,1.));
#964=AXIS2_PLACEMENT_3D('',#961,#962,#963);
#965=CIRCLE('',#964,0.6);
#966=EDGE_CURVE('',#935,#960,#965,.T.);
#967=ORIENTED_EDGE('',*,*,#966,.T.);
#968=CARTESIAN_POINT('',(5.256771269,18.9,-0.3));
#969=DIRECTION('',(0.,1.,0.));
#970=DIRECTION('',(0.,-0.,1.));
#971=AXIS2_PLACEMENT_3D('',#968,#969,#970);
#972=CIRCLE('',#971,0.6);
#973=EDGE_CURVE('',#960,#935,#972,.T.);
#974=ORIENTED_EDGE('',*,*,#973,.T.);
#975=EDGE_LOOP('',(#941,#950,#957,#958,#967,#974));
#976=FACE_BOUND('',#975,.T.);
#977=ADVANCED_FACE('',(#976),#931,.F.);
#978=CARTESIAN_POINT('',(3.474366206,18.9,-0.3));
#979=DIRECTION('',(0.,-1.,0.));
#980=DIRECTION('',(0.,0.,-1.));
#981=AXIS2_PLACEMENT_3D('',#978,#979,#980);
#982=CYLINDRICAL_SURFACE('',#981,0.6);
#983=CARTESIAN_POINT('',(3.474366206,17.9,-0.9));
#984=VERTEX_POINT('',#983);
#985=CARTESIAN_POINT('',(3.474366206,18.9,-0.9));
#986=VERTEX_POINT('',#985);
#987=CARTESIAN_POINT('',(3.474366206,17.9,-0.9));
#988=DIRECTION('',(-0.,1.,-0.));
#989=VECTOR('',#988,1.);
#990=LINE('',#987,#989);
#991=EDGE_CURVE('',#984,#986,#990,.T.);
#992=ORIENTED_EDGE('',*,*,#991,.F.);
#993=CARTESIAN_POINT('',(3.474366206,17.9,0.3));
#994=VERTEX_POINT('',#993);
#995=CARTESIAN_POINT('',(3.474366206,17.9,-0.3));
#996=DIRECTION('',(0.,1.,0.));
#997=DIRECTION('',(0.,-0.,1.));
#998=AXIS2_PLACEMENT_3D('',#995,#996,#997);
#999=CIRCLE('',#998,0.6);
#1000=EDGE_CURVE('',#994,#984,#999,.T.);
#1001=ORIENTED_EDGE('',*,*,#1000,.F.);
#1002=CARTESIAN_POINT('',(3.474366206,17.9,-0.3));
#1003=DIRECTION('',(0.,1.,0.));
#1004=DIRECTION('',(0.,-0.,1.));
#1005=AXIS2_PLACEMENT_3D('',#1002,#1003,#1004);
#1006=CIRCLE('',#1005,0.6);
#1007=EDGE_CURVE('',#984,#994,#1006,.T.);
#1008=ORIENTED_EDGE('',*,*,#1007,.F.);
#1009=ORIENTED_EDGE('',*,*,#991,.T.);
#1010=CARTESIAN_POINT('',(3.474366206,18.9,0.3));
#1011=VERTEX_POINT('',#1010);
#1012=CARTESIAN_POINT('',(3.474366206,18.9,-0.3));
#1013=DIRECTION('',(0.,1.,0.));
#1014=DIRECTION('',(0.,-0.,1.));
#1015=AXIS2_PLACEMENT_3D('',#1012,#1013,#1014);
#1016=CIRCLE('',#1015,0.6);
#1017=EDGE_CURVE('',#986,#1011,#1016,.T.);
#1018=ORIENTED_EDGE('',*,*,#1017,.T.);
#1019=CARTESIAN_POINT('',(3.474366206,18.9,-0.3));
#1020=DIRECTION('',(0.,1.,0.));
#1021=DIRECTION('',(0.,-0.,1.));
#1022=AXIS2_PLACEMENT_3D('',#1019,#1020,#1021);
#1023=CIRCLE('',#1022,0.6);
#1024=EDGE_CURVE('',#1011,#986,#1023,.T.);
#1025=ORIENTED_EDGE('',*,*,#1024,.T.);
#1026=EDGE_LOOP('',(#992,#1001,#1008,#1009,#1018,#1025));
#1027=FACE_BOUND('',#1026,.T.);
#1028=ADVANCED_FACE('',(#1027),#982,.F.);
#1029=CARTESIAN_POINT('',(1.691961142,18.9,-0.3));
#1030=DIRECTION('',(0.,-1.,0.));
#1031=DIRECTION('',(0.,0.,-1.));
#1032=AXIS2_PLACEMENT_3D('',#1029,#1030,#1031);
#1033=CYLINDRICAL_SURFACE('',#1032,0.6);
#1034=CARTESIAN_POINT('',(1.691961142,17.9,-0.9));
#1035=VERTEX_POINT('',#1034);
#1036=CARTESIAN_POINT('',(1.691961142,18.9,-0.9));
#1037=VERTEX_POINT('',#1036);
#1038=CARTESIAN_POINT('',(1.691961142,17.9,-0.9));
#1039=DIRECTION('',(-0.,1.,-0.));
#1040=VECTOR('',#1039,1.);
#1041=LINE('',#1038,#1040);
#1042=EDGE_CURVE('',#1035,#1037,#1041,.T.);
#1043=ORIENTED_EDGE('',*,*,#1042,.F.);
#1044=CARTESIAN_POINT('',(1.691961142,17.9,0.3));
#1045=VERTEX_POINT('',#1044);
#1046=CARTESIAN_POINT('',(1.691961142,17.9,-0.3));
#1047=DIRECTION('',(0.,1.,0.));
#1048=DIRECTION('',(0.,-0.,1.));
#1049=AXIS2_PLACEMENT_3D('',#1046,#1047,#1048);
#1050=CIRCLE('',#1049,0.6);
#1051=EDGE_CURVE('',#1045,#1035,#1050,.T.);
#1052=ORIENTED_EDGE('',*,*,#1051,.F.);
#1053=CARTESIAN_POINT('',(1.691961142,17.9,-0.3));
#1054=DIRECTION('',(0.,1.,0.));
#1055=DIRECTION('',(0.,-0.,1.));
#1056=AXIS2_PLACEMENT_3D('',#1053,#1054,#1055);
#1057=CIRCLE('',#1056,0.6);
#1058=EDGE_CURVE('',#1035,#1045,#1057,.T.);
#1059=ORIENTED_EDGE('',*,*,#1058,.F.);
#1060=ORIENTED_EDGE('',*,*,#1042,.T.);
#1061=CARTESIAN_POINT('',(1.691961142,18.9,0.3));
#1062=VERTEX_POINT('',#1061);
#1063=CARTESIAN_POINT('',(1.691961142,18.9,-0.3));
#1064=DIRECTION('',(0.,1.,0.));
#1065=DIRECTION('',(0.,-0.,1.));
#1066=AXIS2_PLACEMENT_3D('',#1063,#1064,#1065);
#1067=CIRCLE('',#1066,0.6);
#1068=EDGE_CURVE('',#1037,#1062,#1067,.T.);
#1069=ORIENTED_EDGE('',*,*,#1068,.T.);
#1070=CARTESIAN_POINT('',(1.691961142,18.9,-0.3));
#1071=DIRECTION('',(0.,1.,0.));
#1072=DIRECTION('',(0.,-0.,1.));
#1073=AXIS2_PLACEMENT_3D('',#1070,#1071,#1072);
#1074=CIRCLE('',#1073,0.6);
#1075=EDGE_CURVE('',#1062,#1037,#1074,.T.);
#1076=ORIENTED_EDGE('',*,*,#1075,.T.);
#1077=EDGE_LOOP('',(#1043,#1052,#1059,#1060,#1069,#1076));
#1078=FACE_BOUND('',#1077,.T.);
#1079=ADVANCED_FACE('',(#1078),#1033,.F.);
#1080=CARTESIAN_POINT('',(-0.090443921,18.9,-0.3));
#1081=DIRECTION('',(0.,-1.,0.));
#1082=DIRECTION('',(0.,0.,-1.));
#1083=AXIS2_PLACEMENT_3D('',#1080,#1081,#1082);
#1084=CYLINDRICAL_SURFACE('',#1083,0.6);
#1085=CARTESIAN_POINT('',(-0.090443921,17.9,-0.9));
#1086=VERTEX_POINT('',#1085);
#1087=CARTESIAN_POINT('',(-0.090443921,18.9,-0.9));
#1088=VERTEX_POINT('',#1087);
#1089=CARTESIAN_POINT('',(-0.090443921,17.9,-0.9));
#1090=DIRECTION('',(-0.,1.,-0.));
#1091=VECTOR('',#1090,1.);
#1092=LINE('',#1089,#1091);
#1093=EDGE_CURVE('',#1086,#1088,#1092,.T.);
#1094=ORIENTED_EDGE('',*,*,#1093,.F.);
#1095=CARTESIAN_POINT('',(-0.090443921,17.9,0.3));
#1096=VERTEX_POINT('',#1095);
#1097=CARTESIAN_POINT('',(-0.090443921,17.9,-0.3));
#1098=DIRECTION('',(0.,1.,0.));
#1099=DIRECTION('',(0.,-0.,1.));
#1100=AXIS2_PLACEMENT_3D('',#1097,#1098,#1099);
#1101=CIRCLE('',#1100,0.6);
#1102=EDGE_CURVE('',#1096,#1086,#1101,.T.);
#1103=ORIENTED_EDGE('',*,*,#1102,.F.);
#1104=CARTESIAN_POINT('',(-0.090443921,17.9,-0.3));
#1105=DIRECTION('',(0.,1.,0.));
#1106=DIRECTION('',(0.,-0.,1.));
#1107=AXIS2_PLACEMENT_3D('',#1104,#1105,#1106);
#1108=CIRCLE('',#1107,0.6);
#1109=EDGE_CURVE('',#1086,#1096,#1108,.T.);
#1110=ORIENTED_EDGE('',*,*,#1109,.F.);
#1111=ORIENTED_EDGE('',*,*,#1093,.T.);
#1112=CARTESIAN_POINT('',(-0.090443921,18.9,0.3));
#1113=VERTEX_POINT('',#1112);
#1114=CARTESIAN_POINT('',(-0.090443921,18.9,-0.3));
#1115=DIRECTION('',(0.,1.,0.));
#1116=DIRECTION('',(0.,-0.,1.));
#1117=AXIS2_PLACEMENT_3D('',#1114,#1115,#1116);
#1118=CIRCLE('',#1117,0.6);
#1119=EDGE_CURVE('',#1088,#1113,#1118,.T.);
#1120=ORIENTED_EDGE('',*,*,#1119,.T.);
#1121=CARTESIAN_POINT('',(-0.090443921,18.9,-0.3));
#1122=DIRECTION('',(0.,1.,0.));
#1123=DIRECTION('',(0.,-0.,1.));
#1124=AXIS2_PLACEMENT_3D('',#1121,#1122,#1123);
#1125=CIRCLE('',#1124,0.6);
#1126=EDGE_CURVE('',#1113,#1088,#1125,.T.);
#1127=ORIENTED_EDGE('',*,*,#1126,.T.);
#1128=EDGE_LOOP('',(#1094,#1103,#1110,#1111,#1120,#1127));
#1129=FACE_BOUND('',#1128,.T.);
#1130=ADVANCED_FACE('',(#1129),#1084,.F.);
#1131=CARTESIAN_POINT('',(-1.872848984,18.9,-0.3));
#1132=DIRECTION('',(0.,-1.,0.));
#1133=DIRECTION('',(0.,0.,-1.));
#1134=AXIS2_PLACEMENT_3D('',#1131,#1132,#1133);
#1135=CYLINDRICAL_SURFACE('',#1134,0.6);
#1136=CARTESIAN_POINT('',(-1.872848984,17.9,-0.9));
#1137=VERTEX_POINT('',#1136);
#1138=CARTESIAN_POINT('',(-1.872848984,18.9,-0.9));
#1139=VERTEX_POINT('',#1138);
#1140=CARTESIAN_POINT('',(-1.872848984,17.9,-0.9));
#1141=DIRECTION('',(-0.,1.,-0.));
#1142=VECTOR('',#1141,1.);
#1143=LINE('',#1140,#1142);
#1144=EDGE_CURVE('',#1137,#1139,#1143,.T.);
#1145=ORIENTED_EDGE('',*,*,#1144,.F.);
#1146=CARTESIAN_POINT('',(-1.872848984,17.9,0.3));
#1147=VERTEX_POINT('',#1146);
#1148=CARTESIAN_POINT('',(-1.872848984,17.9,-0.3));
#1149=DIRECTION('',(0.,1.,0.));
#1150=DIRECTION('',(0.,-0.,1.));
#1151=AXIS2_PLACEMENT_3D('',#1148,#1149,#1150);
#1152=CIRCLE('',#1151,0.6);
#1153=EDGE_CURVE('',#1147,#1137,#1152,.T.);
#1154=ORIENTED_EDGE('',*,*,#1153,.F.);
#1155=CARTESIAN_POINT('',(-1.872848984,17.9,-0.3));
#1156=DIRECTION('',(0.,1.,0.));
#1157=DIRECTION('',(0.,-0.,1.));
#1158=AXIS2_PLACEMENT_3D('',#1155,#1156,#1157);
#1159=CIRCLE('',#1158,0.6);
#1160=EDGE_CURVE('',#1137,#1147,#1159,.T.);
#1161=ORIENTED_EDGE('',*,*,#1160,.F.);
#1162=ORIENTED_EDGE('',*,*,#1144,.T.);
#1163=CARTESIAN_POINT('',(-1.872848984,18.9,0.3));
#1164=VERTEX_POINT('',#1163);
#1165=CARTESIAN_POINT('',(-1.872848984,18.9,-0.3));
#1166=DIRECTION('',(0.,1.,0.));
#1167=DIRECTION('',(0.,-0.,1.));
#1168=AXIS2_PLACEMENT_3D('',#1165,#1166,#1167);
#1169=CIRCLE('',#1168,0.6);
#1170=EDGE_CURVE('',#1139,#1164,#1169,.T.);
#1171=ORIENTED_EDGE('',*,*,#1170,.T.);
#1172=CARTESIAN_POINT('',(-1.872848984,18.9,-0.3));
#1173=DIRECTION('',(0.,1.,0.));
#1174=DIRECTION('',(0.,-0.,1.));
#1175=AXIS2_PLACEMENT_3D('',#1172,#1173,#1174);
#1176=CIRCLE('',#1175,0.6);
#1177=EDGE_CURVE('',#1164,#1139,#1176,.T.);
#1178=ORIENTED_EDGE('',*,*,#1177,.T.);
#1179=EDGE_LOOP('',(#1145,#1154,#1161,#1162,#1171,#1178));
#1180=FACE_BOUND('',#1179,.T.);
#1181=ADVANCED_FACE('',(#1180),#1135,.F.);
#1182=CARTESIAN_POINT('',(-3.655254047,18.9,-0.3));
#1183=DIRECTION('',(0.,-1.,0.));
#1184=DIRECTION('',(0.,0.,-1.));
#1185=AXIS2_PLACEMENT_3D('',#1182,#1183,#1184);
#1186=CYLINDRICAL_SURFACE('',#1185,0.6);
#1187=CARTESIAN_POINT('',(-3.655254047,17.9,-0.9));
#1188=VERTEX_POINT('',#1187);
#1189=CARTESIAN_POINT('',(-3.655254047,18.9,-0.9));
#1190=VERTEX_POINT('',#1189);
#1191=CARTESIAN_POINT('',(-3.655254047,17.9,-0.9));
#1192=DIRECTION('',(-0.,1.,-0.));
#1193=VECTOR('',#1192,1.);
#1194=LINE('',#1191,#1193);
#1195=EDGE_CURVE('',#1188,#1190,#1194,.T.);
#1196=ORIENTED_EDGE('',*,*,#1195,.F.);
#1197=CARTESIAN_POINT('',(-3.655254047,17.9,0.3));
#1198=VERTEX_POINT('',#1197);
#1199=CARTESIAN_POINT('',(-3.655254047,17.9,-0.3));
#1200=DIRECTION('',(0.,1.,0.));
#1201=DIRECTION('',(0.,-0.,1.));
#1202=AXIS2_PLACEMENT_3D('',#1199,#1200,#1201);
#1203=CIRCLE('',#1202,0.6);
#1204=EDGE_CURVE('',#1198,#1188,#1203,.T.);
#1205=ORIENTED_EDGE('',*,*,#1204,.F.);
#1206=CARTESIAN_POINT('',(-3.655254047,17.9,-0.3));
#1207=DIRECTION('',(0.,1.,0.));
#1208=DIRECTION('',(0.,-0.,1.));
#1209=AXIS2_PLACEMENT_3D('',#1206,#1207,#1208);
#1210=CIRCLE('',#1209,0.6);
#1211=EDGE_CURVE('',#1188,#1198,#1210,.T.);
#1212=ORIENTED_EDGE('',*,*,#1211,.F.);
#1213=ORIENTED_EDGE('',*,*,#1195,.T.);
#1214=CARTESIAN_POINT('',(-3.655254047,18.9,0.3));
#1215=VERTEX_POINT('',#1214);
#1216=CARTESIAN_POINT('',(-3.655254047,18.9,-0.3));
#1217=DIRECTION('',(0.,1.,0.));
#1218=DIRECTION('',(0.,-0.,1.));
#1219=AXIS2_PLACEMENT_3D('',#1216,#1217,#1218);
#1220=CIRCLE('',#1219,0.6);
#1221=EDGE_CURVE('',#1190,#1215,#1220,.T.);
#1222=ORIENTED_EDGE('',*,*,#1221,.T.);
#1223=CARTESIAN_POINT('',(-3.655254047,18.9,-0.3));
#1224=DIRECTION('',(0.,1.,0.));
#1225=DIRECTION('',(0.,-0.,1.));
#1226=AXIS2_PLACEMENT_3D('',#1223,#1224,#1225);
#1227=CIRCLE('',#1226,0.6);
#1228=EDGE_CURVE('',#1215,#1190,#1227,.T.);
#1229=ORIENTED_EDGE('',*,*,#1228,.T.);
#1230=EDGE_LOOP('',(#1196,#1205,#1212,#1213,#1222,#1229));
#1231=FACE_BOUND('',#1230,.T.);
#1232=ADVANCED_FACE('',(#1231),#1186,.F.);
#1233=CARTESIAN_POINT('',(-5.437659111,18.9,-0.3));
#1234=DIRECTION('',(0.,-1.,0.));
#1235=DIRECTION('',(0.,0.,-1.));
#1236=AXIS2_PLACEMENT_3D('',#1233,#1234,#1235);
#1237=CYLINDRICAL_SURFACE('',#1236,0.6);
#1238=CARTESIAN_POINT('',(-5.437659111,17.9,-0.9));
#1239=VERTEX_POINT('',#1238);
#1240=CARTESIAN_POINT('',(-5.437659111,18.9,-0.9));
#1241=VERTEX_POINT('',#1240);
#1242=CARTESIAN_POINT('',(-5.437659111,17.9,-0.9));
#1243=DIRECTION('',(-0.,1.,-0.));
#1244=VECTOR('',#1243,1.);
#1245=LINE('',#1242,#1244);
#1246=EDGE_CURVE('',#1239,#1241,#1245,.T.);
#1247=ORIENTED_EDGE('',*,*,#1246,.F.);
#1248=CARTESIAN_POINT('',(-5.437659111,17.9,0.3));
#1249=VERTEX_POINT('',#1248);
#1250=CARTESIAN_POINT('',(-5.437659111,17.9,-0.3));
#1251=DIRECTION('',(0.,1.,0.));
#1252=DIRECTION('',(0.,-0.,1.));
#1253=AXIS2_PLACEMENT_3D('',#1250,#1251,#1252);
#1254=CIRCLE('',#1253,0.6);
#1255=EDGE_CURVE('',#1249,#1239,#1254,.T.);
#1256=ORIENTED_EDGE('',*,*,#1255,.F.);
#1257=CARTESIAN_POINT('',(-5.437659111,17.9,-0.3));
#1258=DIRECTION('',(0.,1.,0.));
#1259=DIRECTION('',(0.,-0.,1.));
#1260=AXIS2_PLACEMENT_3D('',#1257,#1258,#1259);
#1261=CIRCLE('',#1260,0.6);
#1262=EDGE_CURVE('',#1239,#1249,#1261,.T.);
#1263=ORIENTED_EDGE('',*,*,#1262,.F.);
#1264=ORIENTED_EDGE('',*,*,#1246,.T.);
#1265=CARTESIAN_POINT('',(-5.437659111,18.9,0.3));
#1266=VERTEX_POINT('',#1265);
#1267=CARTESIAN_POINT('',(-5.437659111,18.9,-0.3));
#1268=DIRECTION('',(0.,1.,0.));
#1269=DIRECTION('',(0.,-0.,1.));
#1270=AXIS2_PLACEMENT_3D('',#1267,#1268,#1269);
#1271=CIRCLE('',#1270,0.6);
#1272=EDGE_CURVE('',#1241,#1266,#1271,.T.);
#1273=ORIENTED_EDGE('',*,*,#1272,.T.);
#1274=CARTESIAN_POINT('',(-5.437659111,18.9,-0.3));
#1275=DIRECTION('',(0.,1.,0.));
#1276=DIRECTION('',(0.,-0.,1.));
#1277=AXIS2_PLACEMENT_3D('',#1274,#1275,#1276);
#1278=CIRCLE('',#1277,0.6);
#1279=EDGE_CURVE('',#1266,#1241,#1278,.T.);
#1280=ORIENTED_EDGE('',*,*,#1279,.T.);
#1281=EDGE_LOOP('',(#1247,#1256,#1263,#1264,#1273,#1280));
#1282=FACE_BOUND('',#1281,.T.);
#1283=ADVANCED_FACE('',(#1282),#1237,.F.);
#1284=CARTESIAN_POINT('',(-7.220064174,18.9,-0.3));
#1285=DIRECTION('',(0.,-1.,0.));
#1286=DIRECTION('',(0.,0.,-1.));
#1287=AXIS2_PLACEMENT_3D('',#1284,#1285,#1286);
#1288=CYLINDRICAL_SURFACE('',#1287,0.6);
#1289=CARTESIAN_POINT('',(-7.220064174,17.9,-0.9));
#1290=VERTEX_POINT('',#1289);
#1291=CARTESIAN_POINT('',(-7.220064174,18.9,-0.9));
#1292=VERTEX_POINT('',#1291);
#1293=CARTESIAN_POINT('',(-7.220064174,17.9,-0.9));
#1294=DIRECTION('',(-0.,1.,-0.));
#1295=VECTOR('',#1294,1.);
#1296=LINE('',#1293,#1295);
#1297=EDGE_CURVE('',#1290,#1292,#1296,.T.);
#1298=ORIENTED_EDGE('',*,*,#1297,.F.);
#1299=CARTESIAN_POINT('',(-7.220064174,17.9,0.3));
#1300=VERTEX_POINT('',#1299);
#1301=CARTESIAN_POINT('',(-7.220064174,17.9,-0.3));
#1302=DIRECTION('',(0.,1.,0.));
#1303=DIRECTION('',(0.,-0.,1.));
#1304=AXIS2_PLACEMENT_3D('',#1301,#1302,#1303);
#1305=CIRCLE('',#1304,0.6);
#1306=EDGE_CURVE('',#1300,#1290,#1305,.T.);
#1307=ORIENTED_EDGE('',*,*,#1306,.F.);
#1308=CARTESIAN_POINT('',(-7.220064174,17.9,-0.3));
#1309=DIRECTION('',(0.,1.,0.));
#1310=DIRECTION('',(0.,-0.,1.));
#1311=AXIS2_PLACEMENT_3D('',#1308,#1309,#1310);
#1312=CIRCLE('',#1311,0.6);
#1313=EDGE_CURVE('',#1290,#1300,#1312,.T.);
#1314=ORIENTED_EDGE('',*,*,#1313,.F.);
#1315=ORIENTED_EDGE('',*,*,#1297,.T.);
#1316=CARTESIAN_POINT('',(-7.220064174,18.9,0.3));
#1317=VERTEX_POINT('',#1316);
#1318=CARTESIAN_POINT('',(-7.220064174,18.9,-0.3));
#1319=DIRECTION('',(0.,1.,0.));
#1320=DIRECTION('',(0.,-0.,1.));
#1321=AXIS2_PLACEMENT_3D('',#1318,#1319,#1320);
#1322=CIRCLE('',#1321,0.6);
#1323=EDGE_CURVE('',#1292,#1317,#1322,.T.);
#1324=ORIENTED_EDGE('',*,*,#1323,.T.);
#1325=CARTESIAN_POINT('',(-7.220064174,18.9,-0.3));
#1326=DIRECTION('',(0.,1.,0.));
#1327=DIRECTION('',(0.,-0.,1.));
#1328=AXIS2_PLACEMENT_3D('',#1325,#1326,#1327);
#1329=CIRCLE('',#1328,0.6);
#1330=EDGE_CURVE('',#1317,#1292,#1329,.T.);
#1331=ORIENTED_EDGE('',*,*,#1330,.T.);
#1332=EDGE_LOOP('',(#1298,#1307,#1314,#1315,#1324,#1331));
#1333=FACE_BOUND('',#1332,.T.);
#1334=ADVANCED_FACE('',(#1333),#1288,.F.);
#1335=CARTESIAN_POINT('',(-9.002469237,18.9,-0.3));
#1336=DIRECTION('',(0.,-1.,0.));
#1337=DIRECTION('',(0.,0.,-1.));
#1338=AXIS2_PLACEMENT_3D('',#1335,#1336,#1337);
#1339=CYLINDRICAL_SURFACE('',#1338,0.6);
#1340=CARTESIAN_POINT('',(-9.002469237,17.9,-0.9));
#1341=VERTEX_POINT('',#1340);
#1342=CARTESIAN_POINT('',(-9.002469237,18.9,-0.9));
#1343=VERTEX_POINT('',#1342);
#1344=CARTESIAN_POINT('',(-9.002469237,17.9,-0.9));
#1345=DIRECTION('',(-0.,1.,-0.));
#1346=VECTOR('',#1345,1.);
#1347=LINE('',#1344,#1346);
#1348=EDGE_CURVE('',#1341,#1343,#1347,.T.);
#1349=ORIENTED_EDGE('',*,*,#1348,.F.);
#1350=CARTESIAN_POINT('',(-9.002469237,17.9,0.3));
#1351=VERTEX_POINT('',#1350);
#1352=CARTESIAN_POINT('',(-9.002469237,17.9,-0.3));
#1353=DIRECTION('',(0.,1.,0.));
#1354=DIRECTION('',(0.,-0.,1.));
#1355=AXIS2_PLACEMENT_3D('',#1352,#1353,#1354);
#1356=CIRCLE('',#1355,0.6);
#1357=EDGE_CURVE('',#1351,#1341,#1356,.T.);
#1358=ORIENTED_EDGE('',*,*,#1357,.F.);
#1359=CARTESIAN_POINT('',(-9.002469237,17.9,-0.3));
#1360=DIRECTION('',(0.,1.,0.));
#1361=DIRECTION('',(0.,-0.,1.));
#1362=AXIS2_PLACEMENT_3D('',#1359,#1360,#1361);
#1363=CIRCLE('',#1362,0.6);
#1364=EDGE_CURVE('',#1341,#1351,#1363,.T.);
#1365=ORIENTED_EDGE('',*,*,#1364,.F.);
#1366=ORIENTED_EDGE('',*,*,#1348,.T.);
#1367=CARTESIAN_POINT('',(-9.002469237,18.9,0.3));
#1368=VERTEX_POINT('',#1367);
#1369=CARTESIAN_POINT('',(-9.002469237,18.9,-0.3));
#1370=DIRECTION('',(0.,1.,0.));
#1371=DIRECTION('',(0.,-0.,1.));
#1372=AXIS2_PLACEMENT_3D('',#1369,#1370,#1371);
#1373=CIRCLE('',#1372,0.6);
#1374=EDGE_CURVE('',#1343,#1368,#1373,.T.);
#1375=ORIENTED_EDGE('',*,*,#1374,.T.);
#1376=CARTESIAN_POINT('',(-9.002469237,18.9,-0.3));
#1377=DIRECTION('',(0.,1.,0.));
#1378=DIRECTION('',(0.,-0.,1.));
#1379=AXIS2_PLACEMENT_3D('',#1376,#1377,#1378);
#1380=CIRCLE('',#1379,0.6);
#1381=EDGE_CURVE('',#1368,#1343,#1380,.T.);
#1382=ORIENTED_EDGE('',*,*,#1381,.T.);
#1383=EDGE_LOOP('',(#1349,#1358,#1365,#1366,#1375,#1382));
#1384=FACE_BOUND('',#1383,.T.);
#1385=ADVANCED_FACE('',(#1384),#1339,.F.);
#1386=CARTESIAN_POINT('',(-10.784874301,18.9,-0.3));
#1387=DIRECTION('',(0.,-1.,0.));
#1388=DIRECTION('',(0.,0.,-1.));
#1389=AXIS2_PLACEMENT_3D('',#1386,#1387,#1388);
#1390=CYLINDRICAL_SURFACE('',#1389,0.6);
#1391=CARTESIAN_POINT('',(-10.784874301,17.9,-0.9));
#1392=VERTEX_POINT('',#1391);
#1393=CARTESIAN_POINT('',(-10.784874301,18.9,-0.9));
#1394=VERTEX_POINT('',#1393);
#1395=CARTESIAN_POINT('',(-10.784874301,17.9,-0.9));
#1396=DIRECTION('',(-0.,1.,-0.));
#1397=VECTOR('',#1396,1.);
#1398=LINE('',#1395,#1397);
#1399=EDGE_CURVE('',#1392,#1394,#1398,.T.);
#1400=ORIENTED_EDGE('',*,*,#1399,.F.);
#1401=CARTESIAN_POINT('',(-10.784874301,17.9,0.3));
#1402=VERTEX_POINT('',#1401);
#1403=CARTESIAN_POINT('',(-10.784874301,17.9,-0.3));
#1404=DIRECTION('',(0.,1.,0.));
#1405=DIRECTION('',(0.,-0.,1.));
#1406=AXIS2_PLACEMENT_3D('',#1403,#1404,#1405);
#1407=CIRCLE('',#1406,0.6);
#1408=EDGE_CURVE('',#1402,#1392,#1407,.T.);
#1409=ORIENTED_EDGE('',*,*,#1408,.F.);
#1410=CARTESIAN_POINT('',(-10.784874301,17.9,-0.3));
#1411=DIRECTION('',(0.,1.,0.));
#1412=DIRECTION('',(0.,-0.,1.));
#1413=AXIS2_PLACEMENT_3D('',#1410,#1411,#1412);
#1414=CIRCLE('',#1413,0.6);
#1415=EDGE_CURVE('',#1392,#1402,#1414,.T.);
#1416=ORIENTED_EDGE('',*,*,#1415,.F.);
#1417=ORIENTED_EDGE('',*,*,#1399,.T.);
#1418=CARTESIAN_POINT('',(-10.784874301,18.9,0.3));
#1419=VERTEX_POINT('',#1418);
#1420=CARTESIAN_POINT('',(-10.784874301,18.9,-0.3));
#1421=DIRECTION('',(0.,1.,0.));
#1422=DIRECTION('',(0.,-0.,1.));
#1423=AXIS2_PLACEMENT_3D('',#1420,#1421,#1422);
#1424=CIRCLE('',#1423,0.6);
#1425=EDGE_CURVE('',#1394,#1419,#1424,.T.);
#1426=ORIENTED_EDGE('',*,*,#1425,.T.);
#1427=CARTESIAN_POINT('',(-10.784874301,18.9,-0.3));
#1428=DIRECTION('',(0.,1.,0.));
#1429=DIRECTION('',(0.,-0.,1.));
#1430=AXIS2_PLACEMENT_3D('',#1427,#1428,#1429);
#1431=CIRCLE('',#1430,0.6);
#1432=EDGE_CURVE('',#1419,#1394,#1431,.T.);
#1433=ORIENTED_EDGE('',*,*,#1432,.T.);
#1434=EDGE_LOOP('',(#1400,#1409,#1416,#1417,#1426,#1433));
#1435=FACE_BOUND('',#1434,.T.);
#1436=ADVANCED_FACE('',(#1435),#1390,.F.);
#1437=CARTESIAN_POINT('',(-12.567279364,18.9,-0.3));
#1438=DIRECTION('',(0.,-1.,0.));
#1439=DIRECTION('',(0.,0.,-1.));
#1440=AXIS2_PLACEMENT_3D('',#1437,#1438,#1439);
#1441=CYLINDRICAL_SURFACE('',#1440,0.6);
#1442=CARTESIAN_POINT('',(-12.567279364,17.9,-0.9));
#1443=VERTEX_POINT('',#1442);
#1444=CARTESIAN_POINT('',(-12.567279364,18.9,-0.9));
#1445=VERTEX_POINT('',#1444);
#1446=CARTESIAN_POINT('',(-12.567279364,17.9,-0.9));
#1447=DIRECTION('',(-0.,1.,-0.));
#1448=VECTOR('',#1447,1.);
#1449=LINE('',#1446,#1448);
#1450=EDGE_CURVE('',#1443,#1445,#1449,.T.);
#1451=ORIENTED_EDGE('',*,*,#1450,.F.);
#1452=CARTESIAN_POINT('',(-12.567279364,17.9,0.3));
#1453=VERTEX_POINT('',#1452);
#1454=CARTESIAN_POINT('',(-12.567279364,17.9,-0.3));
#1455=DIRECTION('',(0.,1.,0.));
#1456=DIRECTION('',(0.,-0.,1.));
#1457=AXIS2_PLACEMENT_3D('',#1454,#1455,#1456);
#1458=CIRCLE('',#1457,0.6);
#1459=EDGE_CURVE('',#1453,#1443,#1458,.T.);
#1460=ORIENTED_EDGE('',*,*,#1459,.F.);
#1461=CARTESIAN_POINT('',(-12.567279364,17.9,-0.3));
#1462=DIRECTION('',(0.,1.,0.));
#1463=DIRECTION('',(0.,-0.,1.));
#1464=AXIS2_PLACEMENT_3D('',#1461,#1462,#1463);
#1465=CIRCLE('',#1464,0.6);
#1466=EDGE_CURVE('',#1443,#1453,#1465,.T.);
#1467=ORIENTED_EDGE('',*,*,#1466,.F.);
#1468=ORIENTED_EDGE('',*,*,#1450,.T.);
#1469=CARTESIAN_POINT('',(-12.567279364,18.9,0.3));
#1470=VERTEX_POINT('',#1469);
#1471=CARTESIAN_POINT('',(-12.567279364,18.9,-0.3));
#1472=DIRECTION('',(0.,1.,0.));
#1473=DIRECTION('',(0.,-0.,1.));
#1474=AXIS2_PLACEMENT_3D('',#1471,#1472,#1473);
#1475=CIRCLE('',#1474,0.6);
#1476=EDGE_CURVE('',#1445,#1470,#1475,.T.);
#1477=ORIENTED_EDGE('',*,*,#1476,.T.);
#1478=CARTESIAN_POINT('',(-12.567279364,18.9,-0.3));
#1479=DIRECTION('',(0.,1.,0.));
#1480=DIRECTION('',(0.,-0.,1.));
#1481=AXIS2_PLACEMENT_3D('',#1478,#1479,#1480);
#1482=CIRCLE('',#1481,0.6);
#1483=EDGE_CURVE('',#1470,#1445,#1482,.T.);
#1484=ORIENTED_EDGE('',*,*,#1483,.T.);
#1485=EDGE_LOOP('',(#1451,#1460,#1467,#1468,#1477,#1484));
#1486=FACE_BOUND('',#1485,.T.);
#1487=ADVANCED_FACE('',(#1486),#1441,.F.);
#1488=CARTESIAN_POINT('',(-14.349684427,18.9,-0.3));
#1489=DIRECTION('',(0.,-1.,0.));
#1490=DIRECTION('',(0.,0.,-1.));
#1491=AXIS2_PLACEMENT_3D('',#1488,#1489,#1490);
#1492=CYLINDRICAL_SURFACE('',#1491,0.6);
#1493=CARTESIAN_POINT('',(-14.349684427,17.9,-0.9));
#1494=VERTEX_POINT('',#1493);
#1495=CARTESIAN_POINT('',(-14.349684427,18.9,-0.9));
#1496=VERTEX_POINT('',#1495);
#1497=CARTESIAN_POINT('',(-14.349684427,17.9,-0.9));
#1498=DIRECTION('',(-0.,1.,-0.));
#1499=VECTOR('',#1498,1.);
#1500=LINE('',#1497,#1499);
#1501=EDGE_CURVE('',#1494,#1496,#1500,.T.);
#1502=ORIENTED_EDGE('',*,*,#1501,.F.);
#1503=CARTESIAN_POINT('',(-14.349684427,17.9,0.3));
#1504=VERTEX_POINT('',#1503);
#1505=CARTESIAN_POINT('',(-14.349684427,17.9,-0.3));
#1506=DIRECTION('',(0.,1.,0.));
#1507=DIRECTION('',(0.,-0.,1.));
#1508=AXIS2_PLACEMENT_3D('',#1505,#1506,#1507);
#1509=CIRCLE('',#1508,0.6);
#1510=EDGE_CURVE('',#1504,#1494,#1509,.T.);
#1511=ORIENTED_EDGE('',*,*,#1510,.F.);
#1512=CARTESIAN_POINT('',(-14.349684427,17.9,-0.3));
#1513=DIRECTION('',(0.,1.,0.));
#1514=DIRECTION('',(0.,-0.,1.));
#1515=AXIS2_PLACEMENT_3D('',#1512,#1513,#1514);
#1516=CIRCLE('',#1515,0.6);
#1517=EDGE_CURVE('',#1494,#1504,#1516,.T.);
#1518=ORIENTED_EDGE('',*,*,#1517,.F.);
#1519=ORIENTED_EDGE('',*,*,#1501,.T.);
#1520=CARTESIAN_POINT('',(-14.349684427,18.9,0.3));
#1521=VERTEX_POINT('',#1520);
#1522=CARTESIAN_POINT('',(-14.349684427,18.9,-0.3));
#1523=DIRECTION('',(0.,1.,0.));
#1524=DIRECTION('',(0.,-0.,1.));
#1525=AXIS2_PLACEMENT_3D('',#1522,#1523,#1524);
#1526=CIRCLE('',#1525,0.6);
#1527=EDGE_CURVE('',#1496,#1521,#1526,.T.);
#1528=ORIENTED_EDGE('',*,*,#1527,.T.);
#1529=CARTESIAN_POINT('',(-14.349684427,18.9,-0.3));
#1530=DIRECTION('',(0.,1.,0.));
#1531=DIRECTION('',(0.,-0.,1.));
#1532=AXIS2_PLACEMENT_3D('',#1529,#1530,#1531);
#1533=CIRCLE('',#1532,0.6);
#1534=EDGE_CURVE('',#1521,#1496,#1533,.T.);
#1535=ORIENTED_EDGE('',*,*,#1534,.T.);
#1536=EDGE_LOOP('',(#1502,#1511,#1518,#1519,#1528,#1535));
#1537=FACE_BOUND('',#1536,.T.);
#1538=ADVANCED_FACE('',(#1537),#1492,.F.);
#1539=CARTESIAN_POINT('',(-16.13208949,18.9,-0.3));
#1540=DIRECTION('',(0.,-1.,0.));
#1541=DIRECTION('',(0.,0.,-1.));
#1542=AXIS2_PLACEMENT_3D('',#1539,#1540,#1541);
#1543=CYLINDRICAL_SURFACE('',#1542,0.6);
#1544=CARTESIAN_POINT('',(-16.13208949,17.9,-0.9));
#1545=VERTEX_POINT('',#1544);
#1546=CARTESIAN_POINT('',(-16.13208949,18.9,-0.9));
#1547=VERTEX_POINT('',#1546);
#1548=CARTESIAN_POINT('',(-16.13208949,17.9,-0.9));
#1549=DIRECTION('',(-0.,1.,-0.));
#1550=VECTOR('',#1549,1.);
#1551=LINE('',#1548,#1550);
#1552=EDGE_CURVE('',#1545,#1547,#1551,.T.);
#1553=ORIENTED_EDGE('',*,*,#1552,.F.);
#1554=CARTESIAN_POINT('',(-16.13208949,17.9,0.3));
#1555=VERTEX_POINT('',#1554);
#1556=CARTESIAN_POINT('',(-16.13208949,17.9,-0.3));
#1557=DIRECTION('',(0.,1.,0.));
#1558=DIRECTION('',(0.,-0.,1.));
#1559=AXIS2_PLACEMENT_3D('',#1556,#1557,#1558);
#1560=CIRCLE('',#1559,0.6);
#1561=EDGE_CURVE('',#1555,#1545,#1560,.T.);
#1562=ORIENTED_EDGE('',*,*,#1561,.F.);
#1563=CARTESIAN_POINT('',(-16.13208949,17.9,-0.3));
#1564=DIRECTION('',(0.,1.,0.));
#1565=DIRECTION('',(0.,-0.,1.));
#1566=AXIS2_PLACEMENT_3D('',#1563,#1564,#1565);
#1567=CIRCLE('',#1566,0.6);
#1568=EDGE_CURVE('',#1545,#1555,#1567,.T.);
#1569=ORIENTED_EDGE('',*,*,#1568,.F.);
#1570=ORIENTED_EDGE('',*,*,#1552,.T.);
#1571=CARTESIAN_POINT('',(-16.13208949,18.9,0.3));
#1572=VERTEX_POINT('',#1571);
#1573=CARTESIAN_POINT('',(-16.13208949,18.9,-0.3));
#1574=DIRECTION('',(0.,1.,0.));
#1575=DIRECTION('',(0.,-0.,1.));
#1576=AXIS2_PLACEMENT_3D('',#1573,#1574,#1575);
#1577=CIRCLE('',#1576,0.6);
#1578=EDGE_CURVE('',#1547,#1572,#1577,.T.);
#1579=ORIENTED_EDGE('',*,*,#1578,.T.);
#1580=CARTESIAN_POINT('',(-16.13208949,18.9,-0.3));
#1581=DIRECTION('',(0.,1.,0.));
#1582=DIRECTION('',(0.,-0.,1.));
#1583=AXIS2_PLACEMENT_3D('',#1580,#1581,#1582);
#1584=CIRCLE('',#1583,0.6);
#1585=EDGE_CURVE('',#1572,#1547,#1584,.T.);
#1586=ORIENTED_EDGE('',*,*,#1585,.T.);
#1587=EDGE_LOOP('',(#1553,#1562,#1569,#1570,#1579,#1586));
#1588=FACE_BOUND('',#1587,.T.);
#1589=ADVANCED_FACE('',(#1588),#1543,.F.);
#1590=CARTESIAN_POINT('',(-17.914494554,18.9,-0.3));
#1591=DIRECTION('',(0.,-1.,0.));
#1592=DIRECTION('',(0.,0.,-1.));
#1593=AXIS2_PLACEMENT_3D('',#1590,#1591,#1592);
#1594=CYLINDRICAL_SURFACE('',#1593,0.6);
#1595=CARTESIAN_POINT('',(-17.914494554,17.9,-0.9));
#1596=VERTEX_POINT('',#1595);
#1597=CARTESIAN_POINT('',(-17.914494554,18.9,-0.9));
#1598=VERTEX_POINT('',#1597);
#1599=CARTESIAN_POINT('',(-17.914494554,17.9,-0.9));
#1600=DIRECTION('',(-0.,1.,-0.));
#1601=VECTOR('',#1600,1.);
#1602=LINE('',#1599,#1601);
#1603=EDGE_CURVE('',#1596,#1598,#1602,.T.);
#1604=ORIENTED_EDGE('',*,*,#1603,.F.);
#1605=CARTESIAN_POINT('',(-17.914494554,17.9,0.3));
#1606=VERTEX_POINT('',#1605);
#1607=CARTESIAN_POINT('',(-17.914494554,17.9,-0.3));
#1608=DIRECTION('',(0.,1.,0.));
#1609=DIRECTION('',(0.,-0.,1.));
#1610=AXIS2_PLACEMENT_3D('',#1607,#1608,#1609);
#1611=CIRCLE('',#1610,0.6);
#1612=EDGE_CURVE('',#1606,#1596,#1611,.T.);
#1613=ORIENTED_EDGE('',*,*,#1612,.F.);
#1614=CARTESIAN_POINT('',(-17.914494554,17.9,-0.3));
#1615=DIRECTION('',(0.,1.,0.));
#1616=DIRECTION('',(0.,-0.,1.));
#1617=AXIS2_PLACEMENT_3D('',#1614,#1615,#1616);
#1618=CIRCLE('',#1617,0.6);
#1619=EDGE_CURVE('',#1596,#1606,#1618,.T.);
#1620=ORIENTED_EDGE('',*,*,#1619,.F.);
#1621=ORIENTED_EDGE('',*,*,#1603,.T.);
#1622=CARTESIAN_POINT('',(-17.914494554,18.9,0.3));
#1623=VERTEX_POINT('',#1622);
#1624=CARTESIAN_POINT('',(-17.914494554,18.9,-0.3));
#1625=DIRECTION('',(0.,1.,0.));
#1626=DIRECTION('',(0.,-0.,1.));
#1627=AXIS2_PLACEMENT_3D('',#1624,#1625,#1626);
#1628=CIRCLE('',#1627,0.6);
#1629=EDGE_CURVE('',#1598,#1623,#1628,.T.);
#1630=ORIENTED_EDGE('',*,*,#1629,.T.);
#1631=CARTESIAN_POINT('',(-17.914494554,18.9,-0.3));
#1632=DIRECTION('',(0.,1.,0.));
#1633=DIRECTION('',(0.,-0.,1.));
#1634=AXIS2_PLACEMENT_3D('',#1631,#1632,#1633);
#1635=CIRCLE('',#1634,0.6);
#1636=EDGE_CURVE('',#1623,#1598,#1635,.T.);
#1637=ORIENTED_EDGE('',*,*,#1636,.T.);
#1638=EDGE_LOOP('',(#1604,#1613,#1620,#1621,#1630,#1637));
#1639=FACE_BOUND('',#1638,.T.);
#1640=ADVANCED_FACE('',(#1639),#1594,.F.);
#1641=CARTESIAN_POINT('',(-19.696899617,18.9,-0.3));
#1642=DIRECTION('',(0.,-1.,0.));
#1643=DIRECTION('',(0.,0.,-1.));
#1644=AXIS2_PLACEMENT_3D('',#1641,#1642,#1643);
#1645=CYLINDRICAL_SURFACE('',#1644,0.6);
#1646=CARTESIAN_POINT('',(-19.696899617,17.9,-0.9));
#1647=VERTEX_POINT('',#1646);
#1648=CARTESIAN_POINT('',(-19.696899617,18.9,-0.9));
#1649=VERTEX_POINT('',#1648);
#1650=CARTESIAN_POINT('',(-19.696899617,17.9,-0.9));
#1651=DIRECTION('',(-0.,1.,-0.));
#1652=VECTOR('',#1651,1.);
#1653=LINE('',#1650,#1652);
#1654=EDGE_CURVE('',#1647,#1649,#1653,.T.);
#1655=ORIENTED_EDGE('',*,*,#1654,.F.);
#1656=CARTESIAN_POINT('',(-19.696899617,17.9,0.3));
#1657=VERTEX_POINT('',#1656);
#1658=CARTESIAN_POINT('',(-19.696899617,17.9,-0.3));
#1659=DIRECTION('',(0.,1.,0.));
#1660=DIRECTION('',(0.,-0.,1.));
#1661=AXIS2_PLACEMENT_3D('',#1658,#1659,#1660);
#1662=CIRCLE('',#1661,0.6);
#1663=EDGE_CURVE('',#1657,#1647,#1662,.T.);
#1664=ORIENTED_EDGE('',*,*,#1663,.F.);
#1665=CARTESIAN_POINT('',(-19.696899617,17.9,-0.3));
#1666=DIRECTION('',(0.,1.,0.));
#1667=DIRECTION('',(0.,-0.,1.));
#1668=AXIS2_PLACEMENT_3D('',#1665,#1666,#1667);
#1669=CIRCLE('',#1668,0.6);
#1670=EDGE_CURVE('',#1647,#1657,#1669,.T.);
#1671=ORIENTED_EDGE('',*,*,#1670,.F.);
#1672=ORIENTED_EDGE('',*,*,#1654,.T.);
#1673=CARTESIAN_POINT('',(-19.696899617,18.9,0.3));
#1674=VERTEX_POINT('',#1673);
#1675=CARTESIAN_POINT('',(-19.696899617,18.9,-0.3));
#1676=DIRECTION('',(0.,1.,0.));
#1677=DIRECTION('',(0.,-0.,1.));
#1678=AXIS2_PLACEMENT_3D('',#1675,#1676,#1677);
#1679=CIRCLE('',#1678,0.6);
#1680=EDGE_CURVE('',#1649,#1674,#1679,.T.);
#1681=ORIENTED_EDGE('',*,*,#1680,.T.);
#1682=CARTESIAN_POINT('',(-19.696899617,18.9,-0.3));
#1683=DIRECTION('',(0.,1.,0.));
#1684=DIRECTION('',(0.,-0.,1.));
#1685=AXIS2_PLACEMENT_3D('',#1682,#1683,#1684);
#1686=CIRCLE('',#1685,0.6);
#1687=EDGE_CURVE('',#1674,#1649,#1686,.T.);
#1688=ORIENTED_EDGE('',*,*,#1687,.T.);
#1689=EDGE_LOOP('',(#1655,#1664,#1671,#1672,#1681,#1688));
#1690=FACE_BOUND('',#1689,.T.);
#1691=ADVANCED_FACE('',(#1690),#1645,.F.);
#1692=CARTESIAN_POINT('',(-21.47930468,18.9,-0.3));
#1693=DIRECTION('',(0.,-1.,0.));
#1694=DIRECTION('',(0.,0.,-1.));
#1695=AXIS2_PLACEMENT_3D('',#1692,#1693,#1694);
#1696=CYLINDRICAL_SURFACE('',#1695,0.6);
#1697=CARTESIAN_POINT('',(-21.47930468,17.9,-0.9));
#1698=VERTEX_POINT('',#1697);
#1699=CARTESIAN_POINT('',(-21.47930468,18.9,-0.9));
#1700=VERTEX_POINT('',#1699);
#1701=CARTESIAN_POINT('',(-21.47930468,17.9,-0.9));
#1702=DIRECTION('',(-0.,1.,-0.));
#1703=VECTOR('',#1702,1.);
#1704=LINE('',#1701,#1703);
#1705=EDGE_CURVE('',#1698,#1700,#1704,.T.);
#1706=ORIENTED_EDGE('',*,*,#1705,.F.);
#1707=CARTESIAN_POINT('',(-21.47930468,17.9,0.3));
#1708=VERTEX_POINT('',#1707);
#1709=CARTESIAN_POINT('',(-21.47930468,17.9,-0.3));
#1710=DIRECTION('',(0.,1.,0.));
#1711=DIRECTION('',(0.,-0.,1.));
#1712=AXIS2_PLACEMENT_3D('',#1709,#1710,#1711);
#1713=CIRCLE('',#1712,0.6);
#1714=EDGE_CURVE('',#1708,#1698,#1713,.T.);
#1715=ORIENTED_EDGE('',*,*,#1714,.F.);
#1716=CARTESIAN_POINT('',(-21.47930468,17.9,-0.3));
#1717=DIRECTION('',(0.,1.,0.));
#1718=DIRECTION('',(0.,-0.,1.));
#1719=AXIS2_PLACEMENT_3D('',#1716,#1717,#1718);
#1720=CIRCLE('',#1719,0.6);
#1721=EDGE_CURVE('',#1698,#1708,#1720,.T.);
#1722=ORIENTED_EDGE('',*,*,#1721,.F.);
#1723=ORIENTED_EDGE('',*,*,#1705,.T.);
#1724=CARTESIAN_POINT('',(-21.47930468,18.9,0.3));
#1725=VERTEX_POINT('',#1724);
#1726=CARTESIAN_POINT('',(-21.47930468,18.9,-0.3));
#1727=DIRECTION('',(0.,1.,0.));
#1728=DIRECTION('',(0.,-0.,1.));
#1729=AXIS2_PLACEMENT_3D('',#1726,#1727,#1728);
#1730=CIRCLE('',#1729,0.6);
#1731=EDGE_CURVE('',#1700,#1725,#1730,.T.);
#1732=ORIENTED_EDGE('',*,*,#1731,.T.);
#1733=CARTESIAN_POINT('',(-21.47930468,18.9,-0.3));
#1734=DIRECTION('',(0.,1.,0.));
#1735=DIRECTION('',(0.,-0.,1.));
#1736=AXIS2_PLACEMENT_3D('',#1733,#1734,#1735);
#1737=CIRCLE('',#1736,0.6);
#1738=EDGE_CURVE('',#1725,#1700,#1737,.T.);
#1739=ORIENTED_EDGE('',*,*,#1738,.T.);
#1740=EDGE_LOOP('',(#1706,#1715,#1722,#1723,#1732,#1739));
#1741=FACE_BOUND('',#1740,.T.);
#1742=ADVANCED_FACE('',(#1741),#1696,.F.);
#1743=CARTESIAN_POINT('',(18.462775638,18.9,-5.821490119));
#1744=DIRECTION('',(0.,-1.,0.));
#1745=DIRECTION('',(0.,0.,-1.));
#1746=AXIS2_PLACEMENT_3D('',#1743,#1744,#1745);
#1747=CYLINDRICAL_SURFACE('',#1746,4.321490119);
#1748=CARTESIAN_POINT('',(20.129009402,14.9,-1.834142392));
#1749=VERTEX_POINT('',#1748);
#1750=CARTESIAN_POINT('',(20.129009402,13.51,-1.834142392));
#1751=VERTEX_POINT('',#1750);
#1752=CARTESIAN_POINT('',(20.129009402,14.9,-1.834142392));
#1753=DIRECTION('',(0.,-1.,0.));
#1754=VECTOR('',#1753,1.39);
#1755=LINE('',#1752,#1754);
#1756=EDGE_CURVE('',#1749,#1751,#1755,.T.);
#1757=ORIENTED_EDGE('',*,*,#1756,.F.);
#1758=CARTESIAN_POINT('',(19.387058075,17.09389021,-1.6));
#1759=VERTEX_POINT('',#1758);
#1760=CARTESIAN_POINT('',(19.387058075,17.09389021,-1.6));
#1761=CARTESIAN_POINT('',(19.511061334,16.939751189,-1.627150137));
#1762=CARTESIAN_POINT('',(19.618970905,16.776999038,-1.656412144));
#1763=CARTESIAN_POINT('',(19.711735867,16.605623002,-1.684416855));
#1764=CARTESIAN_POINT('',(19.804500829,16.434246967,-1.712421565));
#1765=CARTESIAN_POINT('',(19.882459467,16.253181161,-1.739314505));
#1766=CARTESIAN_POINT('',(19.944646381,16.065501778,-1.762015282));
#1767=CARTESIAN_POINT('',(20.006833295,15.877822394,-1.78471606));
#1768=CARTESIAN_POINT('',(20.052461104,15.686721,-1.802875615));
#1769=CARTESIAN_POINT('',(20.083005641,15.492381642,-1.815228572));
#1770=CARTESIAN_POINT('',(20.113550178,15.298042283,-1.827581529));
#1771=CARTESIAN_POINT('',(20.129009404,15.099554159,-1.834142393));
#1772=CARTESIAN_POINT('',(20.129009402,14.9,-1.834142392));
#1773=B_SPLINE_CURVE_WITH_KNOTS('',3,(#1760,#1761,#1762,#1763,#1764,#1765,#1766,#1767,#1768,#1769,#1770,#1771,#1772),.UNSPECIFIED.,.F.,.F.,(4,3,3,3,4),(0.00000145,0.00059203,0.001182609,0.001773189,0.002363768),.UNSPECIFIED.);
#1774=EDGE_CURVE('',#1759,#1749,#1773,.T.);
#1775=ORIENTED_EDGE('',*,*,#1774,.F.);
#1776=CARTESIAN_POINT('',(18.462775638,17.9,-1.5));
#1777=VERTEX_POINT('',#1776);
#1778=CARTESIAN_POINT('',(19.387058075,17.09389021,-1.6));
#1779=CARTESIAN_POINT('',(19.257526706,17.254900805,-1.5716395));
#1780=CARTESIAN_POINT('',(19.115701483,17.402252131,-1.546800228));
#1781=CARTESIAN_POINT('',(18.961796089,17.536614261,-1.528908677));
#1782=CARTESIAN_POINT('',(18.807890696,17.670976392,-1.511017126));
#1783=CARTESIAN_POINT('',(18.64191448,17.792350953,-1.5));
#1784=CARTESIAN_POINT('',(18.462775638,17.9,-1.5));
#1785=B_SPLINE_CURVE_WITH_KNOTS('',3,(#1778,#1779,#1780,#1781,#1782,#1783,#1784),.UNSPECIFIED.,.F.,.F.,(4,3,4),(0.,0.000615246,0.001230492),.UNSPECIFIED.);
#1786=EDGE_CURVE('',#1759,#1777,#1785,.T.);
#1787=ORIENTED_EDGE('',*,*,#1786,.T.);
#1788=CARTESIAN_POINT('',(18.462775638,18.9,-1.5));
#1789=VERTEX_POINT('',#1788);
#1790=CARTESIAN_POINT('',(18.462775638,18.9,-1.5));
#1791=DIRECTION('',(0.,-1.,0.));
#1792=VECTOR('',#1791,1.);
#1793=LINE('',#1790,#1792);
#1794=EDGE_CURVE('',#1789,#1777,#1793,.T.);
#1795=ORIENTED_EDGE('',*,*,#1794,.F.);
#1796=CARTESIAN_POINT('',(22.215209192,18.9,-3.678007143));
#1797=VERTEX_POINT('',#1796);
#1798=CARTESIAN_POINT('',(18.462775638,18.9,-5.821490119));
#1799=DIRECTION('',(0.,1.,0.));
#1800=DIRECTION('',(0.,-0.,1.));
#1801=AXIS2_PLACEMENT_3D('',#1798,#1799,#1800);
#1802=CIRCLE('',#1801,4.321490119);
#1803=EDGE_CURVE('',#1789,#1797,#1802,.T.);
#1804=ORIENTED_EDGE('',*,*,#1803,.T.);
#1805=CARTESIAN_POINT('',(22.215204638,17.9,-3.677999255));
#1806=VERTEX_POINT('',#1805);
#1807=CARTESIAN_POINT('',(22.215209191,18.9,-3.678007144));
#1808=DIRECTION('',(-0.,-1.,-0.));
#1809=VECTOR('',#1808,1.);
#1810=LINE('',#1807,#1809);
#1811=EDGE_CURVE('',#1797,#1806,#1810,.T.);
#1812=ORIENTED_EDGE('',*,*,#1811,.T.);
#1813=CARTESIAN_POINT('',(21.656404563,17.068666106,-2.910131135));
#1814=VERTEX_POINT('',#1813);
#1815=CARTESIAN_POINT('',(21.656404563,17.068666106,-2.910131135));
#1816=CARTESIAN_POINT('',(21.747077159,17.235211446,-3.009594865));
#1817=CARTESIAN_POINT('',(21.841186632,17.387394376,-3.12210702));
#1818=CARTESIAN_POINT('',(21.935393174,17.52595963,-3.24929178));
#1819=CARTESIAN_POINT('',(22.029599717,17.664524885,-3.376476541));
#1820=CARTESIAN_POINT('',(22.123970237,17.789474184,-3.518283352));
#1821=CARTESIAN_POINT('',(22.215200156,17.9,-3.677991324));
#1822=B_SPLINE_CURVE_WITH_KNOTS('',3,(#1815,#1816,#1817,#1818,#1819,#1820,#1821),.UNSPECIFIED.,.F.,.F.,(4,3,4),(0.,0.000631066,0.001262132),.UNSPECIFIED.);
#1823=EDGE_CURVE('',#1814,#1806,#1822,.T.);
#1824=ORIENTED_EDGE('',*,*,#1823,.F.);
#1825=CARTESIAN_POINT('',(21.098195701,14.9,-2.396605021));
#1826=VERTEX_POINT('',#1825);
#1827=CARTESIAN_POINT('',(21.098195701,14.9,-2.39660502));
#1828=CARTESIAN_POINT('',(21.098195465,15.294325436,-2.396604838));
#1829=CARTESIAN_POINT('',(21.149427102,15.677866668,-2.434165567));
#1830=CARTESIAN_POINT('',(21.248479843,16.050178878,-2.517684899));
#1831=CARTESIAN_POINT('',(21.347532583,16.422491088,-2.601204231));
#1832=CARTESIAN_POINT('',(21.489527216,16.762149724,-2.727074226));
#1833=CARTESIAN_POINT('',(21.656404563,17.068666106,-2.910131135));
#1834=B_SPLINE_CURVE_WITH_KNOTS('',3,(#1827,#1828,#1829,#1830,#1831,#1832,#1833),.UNSPECIFIED.,.F.,.F.,(4,3,4),(0.000000197,0.001166452,0.002332708),.UNSPECIFIED.);
#1835=EDGE_CURVE('',#1826,#1814,#1834,.T.);
#1836=ORIENTED_EDGE('',*,*,#1835,.F.);
#1837=CARTESIAN_POINT('',(21.098195701,13.51,-2.396605021));
#1838=VERTEX_POINT('',#1837);
#1839=CARTESIAN_POINT('',(21.098195701,13.51,-2.396605021));
#1840=DIRECTION('',(0.,1.,-0.));
#1841=VECTOR('',#1840,1.39);
#1842=LINE('',#1839,#1841);
#1843=EDGE_CURVE('',#1838,#1826,#1842,.T.);
#1844=ORIENTED_EDGE('',*,*,#1843,.F.);
#1845=CARTESIAN_POINT('',(18.462775638,13.51,-5.821490119));
#1846=DIRECTION('',(0.,1.,0.));
#1847=DIRECTION('',(0.,0.,-1.));
#1848=AXIS2_PLACEMENT_3D('',#1845,#1846,#1847);
#1849=CIRCLE('',#1848,4.321490119);
#1850=EDGE_CURVE('',#1751,#1838,#1849,.T.);
#1851=ORIENTED_EDGE('',*,*,#1850,.F.);
#1852=EDGE_LOOP('',(#1757,#1775,#1787,#1795,#1804,#1812,#1824,#1836,#1844,#1851));
#1853=FACE_BOUND('',#1852,.T.);
#1854=ADVANCED_FACE('',(#1853),#1747,.F.);
#1855=CARTESIAN_POINT('',(21.910092033,18.9,-1.508386503));
#1856=DIRECTION('',(0.,-1.,0.));
#1857=DIRECTION('',(0.,0.,-1.));
#1858=AXIS2_PLACEMENT_3D('',#1855,#1856,#1857);
#1859=CYLINDRICAL_SURFACE('',#1858,0.6);
#1860=CARTESIAN_POINT('',(21.910092007,16.023911879,-2.108405488));
#1861=VERTEX_POINT('',#1860);
#1862=CARTESIAN_POINT('',(21.910092033,18.9,-2.108386503));
#1863=VERTEX_POINT('',#1862);
#1864=CARTESIAN_POINT('',(21.910092033,16.023911879,-2.108386503));
#1865=DIRECTION('',(-0.,1.,-0.));
#1866=VECTOR('',#1865,2.876088121);
#1867=LINE('',#1864,#1866);
#1868=EDGE_CURVE('',#1861,#1863,#1867,.T.);
#1869=ORIENTED_EDGE('',*,*,#1868,.F.);
#1870=CARTESIAN_POINT('',(22.164469334,16.232392331,-2.051794443));
#1871=VERTEX_POINT('',#1870);
#1872=CARTESIAN_POINT('',(22.164469334,16.232392331,-2.051794443));
#1873=CARTESIAN_POINT('',(22.107333295,16.219262965,-2.078540668));
#1874=CARTESIAN_POINT('',(22.053646105,16.183840261,-2.092809388));
#1875=CARTESIAN_POINT('',(22.007821154,16.140681687,-2.10037385));
#1876=CARTESIAN_POINT('',(21.961996203,16.097523113,-2.107938312));
#1877=CARTESIAN_POINT('',(21.923174515,16.046345814,-2.10917037));
#1878=CARTESIAN_POINT('',(21.889874238,15.992718484,-2.108045774));
#1879=CARTESIAN_POINT('',(21.856573961,15.939091155,-2.106921179));
#1880=CARTESIAN_POINT('',(21.828227638,15.881846821,-2.103283924));
#1881=CARTESIAN_POINT('',(21.80402388,15.823869175,-2.09893671));
#1882=CARTESIAN_POINT('',(21.779820123,15.765891528,-2.094589496));
#1883=CARTESIAN_POINT('',(21.75951049,15.706695713,-2.089467767));
#1884=CARTESIAN_POINT('',(21.742065228,15.646556845,-2.084378684));
#1885=CARTESIAN_POINT('',(21.707174705,15.526279107,-2.074200519));
#1886=CARTESIAN_POINT('',(21.683589877,15.401717945,-2.064244052));
#1887=CARTESIAN_POINT('',(21.668253131,15.276922456,-2.057489358));
#1888=CARTESIAN_POINT('',(21.652916385,15.152126967,-2.050734664));
#1889=CARTESIAN_POINT('',(21.645712737,15.026467294,-2.046999154));
#1890=CARTESIAN_POINT('',(21.645712737,14.9,-2.046999154));
#1891=B_SPLINE_CURVE_WITH_KNOTS('',3,(#1872,#1873,#1874,#1875,#1876,#1877,#1878,#1879,#1880,#1881,#1882,#1883,#1884,#1885,#1886,#1887,#1888,#1889,#1890),.UNSPECIFIED.,.F.,.F.,(4,3,3,3,3,3,4),(0.,0.000189884,0.000379768,0.000569651,0.000759535,0.001139303,0.001519071),.UNSPECIFIED.);
#1892=EDGE_CURVE('',#1871,#1861,#1891,.T.);
#1893=ORIENTED_EDGE('',*,*,#1892,.F.);
#1894=CARTESIAN_POINT('',(22.164469334,18.9,-2.051794443));
#1895=VERTEX_POINT('',#1894);
#1896=CARTESIAN_POINT('',(22.164469334,16.232392331,-2.051794443));
#1897=DIRECTION('',(-0.,1.,-0.));
#1898=VECTOR('',#1897,2.667607669);
#1899=LINE('',#1896,#1898);
#1900=EDGE_CURVE('',#1871,#1895,#1899,.T.);
#1901=ORIENTED_EDGE('',*,*,#1900,.T.);
#1902=CARTESIAN_POINT('',(21.910092033,18.9,-1.508386503));
#1903=DIRECTION('',(0.,1.,0.));
#1904=DIRECTION('',(0.,-0.,1.));
#1905=AXIS2_PLACEMENT_3D('',#1902,#1903,#1904);
#1906=CIRCLE('',#1905,0.6);
#1907=EDGE_CURVE('',#1895,#1863,#1906,.T.);
#1908=ORIENTED_EDGE('',*,*,#1907,.T.);
#1909=EDGE_LOOP('',(#1869,#1893,#1901,#1908));
#1910=FACE_BOUND('',#1909,.T.);
#1911=ADVANCED_FACE('',(#1910),#1859,.F.);
#1912=CARTESIAN_POINT('',(23.104537587,18.9,-2.831356487));
#1913=DIRECTION('',(0.,-1.,0.));
#1914=DIRECTION('',(0.,0.,-1.));
#1915=AXIS2_PLACEMENT_3D('',#1912,#1913,#1914);
#1916=CYLINDRICAL_SURFACE('',#1915,0.6);
#1917=CARTESIAN_POINT('',(22.787149235,17.896223502,-3.340536842));
#1918=VERTEX_POINT('',#1917);
#1919=CARTESIAN_POINT('',(22.589861585,17.225499446,-2.522959644));
#1920=VERTEX_POINT('',#1919);
#1921=CARTESIAN_POINT('',(22.787149235,17.896223502,-3.340536842));
#1922=CARTESIAN_POINT('',(22.714507697,17.850617821,-3.295257055));
#1923=CARTESIAN_POINT('',(22.657252989,17.799939774,-3.238876846));
#1924=CARTESIAN_POINT('',(22.612435988,17.743952227,-3.174628996));
#1925=CARTESIAN_POINT('',(22.567618986,17.68796468,-3.110381147));
#1926=CARTESIAN_POINT('',(22.537205063,17.628727659,-3.040528159));
#1927=CARTESIAN_POINT('',(22.520193208,17.567813754,-2.967524199));
#1928=CARTESIAN_POINT('',(22.503181352,17.506899849,-2.894520239));
#1929=CARTESIAN_POINT('',(22.499835411,17.446338307,-2.820863166));
#1930=CARTESIAN_POINT('',(22.510690433,17.387223982,-2.74565026));
#1931=CARTESIAN_POINT('',(22.521545455,17.328109657,-2.670437354));
#1932=CARTESIAN_POINT('',(22.546085234,17.272045301,-2.596016933));
#1933=CARTESIAN_POINT('',(22.589861585,17.225499446,-2.522959644));
#1934=B_SPLINE_CURVE_WITH_KNOTS('',3,(#1921,#1922,#1923,#1924,#1925,#1926,#1927,#1928,#1929,#1930,#1931,#1932,#1933),.UNSPECIFIED.,.F.,.F.,(4,3,3,3,4),(0.,0.000284995,0.000569991,0.000854986,0.001139981),.UNSPECIFIED.);
#1935=EDGE_CURVE('',#1918,#1920,#1934,.T.);
#1936=ORIENTED_EDGE('',*,*,#1935,.F.);
#1937=CARTESIAN_POINT('',(22.787149235,18.9,-3.340536842));
#1938=VERTEX_POINT('',#1937);
#1939=CARTESIAN_POINT('',(22.787149235,18.9,-3.340536842));
#1940=DIRECTION('',(0.,-1.,0.));
#1941=VECTOR('',#1940,1.003776498);
#1942=LINE('',#1939,#1941);
#1943=EDGE_CURVE('',#1938,#1918,#1942,.T.);
#1944=ORIENTED_EDGE('',*,*,#1943,.F.);
#1945=CARTESIAN_POINT('',(22.589861585,18.9,-2.522959644));
#1946=VERTEX_POINT('',#1945);
#1947=CARTESIAN_POINT('',(23.104537587,18.9,-2.831356487));
#1948=DIRECTION('',(0.,1.,0.));
#1949=DIRECTION('',(0.,-0.,1.));
#1950=AXIS2_PLACEMENT_3D('',#1947,#1948,#1949);
#1951=CIRCLE('',#1950,0.6);
#1952=EDGE_CURVE('',#1938,#1946,#1951,.T.);
#1953=ORIENTED_EDGE('',*,*,#1952,.T.);
#1954=CARTESIAN_POINT('',(22.589861585,18.9,-2.522959644));
#1955=DIRECTION('',(0.,-1.,0.));
#1956=VECTOR('',#1955,1.674500554);
#1957=LINE('',#1954,#1956);
#1958=EDGE_CURVE('',#1946,#1920,#1957,.T.);
#1959=ORIENTED_EDGE('',*,*,#1958,.T.);
#1960=EDGE_LOOP('',(#1936,#1944,#1953,#1959));
#1961=FACE_BOUND('',#1960,.T.);
#1962=ADVANCED_FACE('',(#1961),#1916,.F.);
#1963=CARTESIAN_POINT('',(22.786452619,18.9,-3.344558797));
#1964=DIRECTION('',(-0.985329573,0.,0.170662332));
#1965=DIRECTION('',(0.170662332,0.,0.985329573));
#1966=AXIS2_PLACEMENT_3D('',#1963,#1964,#1965);
#1967=PLANE('',#1966);
#1968=ORIENTED_EDGE('',*,*,#1943,.T.);
#1969=CARTESIAN_POINT('',(22.785756004,17.9,-3.348580752));
#1970=VERTEX_POINT('',#1969);
#1971=CARTESIAN_POINT('',(22.385143776,14.9,-5.661540329));
#1972=DIRECTION('',(-0.985329573,0.,0.170662332));
#1973=DIRECTION('',(0.170662332,-0.,0.985329573));
#1974=AXIS2_PLACEMENT_3D('',#1971,#1972,#1973);
#1975=ELLIPSE('',#1974,4.557355306,3.5);
#1976=EDGE_CURVE('',#1918,#1970,#1975,.T.);
#1977=ORIENTED_EDGE('',*,*,#1976,.T.);
#1978=CARTESIAN_POINT('',(22.785756004,18.9,-3.348580752));
#1979=VERTEX_POINT('',#1978);
#1980=CARTESIAN_POINT('',(22.785756004,18.9,-3.348580752));
#1981=DIRECTION('',(-0.,-1.,-0.));
#1982=VECTOR('',#1981,1.);
#1983=LINE('',#1980,#1982);
#1984=EDGE_CURVE('',#1979,#1970,#1983,.T.);
#1985=ORIENTED_EDGE('',*,*,#1984,.F.);
#1986=CARTESIAN_POINT('',(22.787149235,18.9,-3.340536842));
#1987=DIRECTION('',(-0.170662332,0.,-0.985329573));
#1988=VECTOR('',#1987,0.008163674);
#1989=LINE('',#1986,#1988);
#1990=EDGE_CURVE('',#1938,#1979,#1989,.T.);
#1991=ORIENTED_EDGE('',*,*,#1990,.F.);
#1992=EDGE_LOOP('',(#1968,#1977,#1985,#1991));
#1993=FACE_BOUND('',#1992,.T.);
#1994=ADVANCED_FACE('',(#1993),#1967,.F.);
#1995=CARTESIAN_POINT('',(23.116243976,18.9,-2.838647168));
#1996=DIRECTION('',(0.,-1.,0.));
#1997=DIRECTION('',(0.,0.,-1.));
#1998=AXIS2_PLACEMENT_3D('',#1995,#1996,#1997);
#1999=CYLINDRICAL_SURFACE('',#1998,0.6);
#2000=CARTESIAN_POINT('',(23.116243976,17.9,-3.438647168));
#2001=VERTEX_POINT('',#2000);
#2002=CARTESIAN_POINT('',(23.116243976,18.9,-3.438647168));
#2003=VERTEX_POINT('',#2002);
#2004=CARTESIAN_POINT('',(23.116243976,17.9,-3.438647168));
#2005=DIRECTION('',(-0.,1.,-0.));
#2006=VECTOR('',#2005,1.);
#2007=LINE('',#2004,#2006);
#2008=EDGE_CURVE('',#2001,#2003,#2007,.T.);
#2009=ORIENTED_EDGE('',*,*,#2008,.F.);
#2010=CARTESIAN_POINT('',(23.203704493,17.9,-3.432238491));
#2011=VERTEX_POINT('',#2010);
#2012=CARTESIAN_POINT('',(23.116243976,17.9,-2.838647168));
#2013=DIRECTION('',(0.,1.,0.));
#2014=DIRECTION('',(0.,-0.,1.));
#2015=AXIS2_PLACEMENT_3D('',#2012,#2013,#2014);
#2016=CIRCLE('',#2015,0.6);
#2017=EDGE_CURVE('',#2011,#2001,#2016,.T.);
#2018=ORIENTED_EDGE('',*,*,#2017,.F.);
#2019=CARTESIAN_POINT('',(23.203704493,18.9,-3.432238491));
#2020=VERTEX_POINT('',#2019);
#2021=CARTESIAN_POINT('',(23.203704493,18.9,-3.432238491));
#2022=DIRECTION('',(0.,-1.,0.));
#2023=VECTOR('',#2022,1.);
#2024=LINE('',#2021,#2023);
#2025=EDGE_CURVE('',#2020,#2011,#2024,.T.);
#2026=ORIENTED_EDGE('',*,*,#2025,.F.);
#2027=CARTESIAN_POINT('',(23.116243976,18.9,-2.838647168));
#2028=DIRECTION('',(0.,1.,0.));
#2029=DIRECTION('',(0.,-0.,1.));
#2030=AXIS2_PLACEMENT_3D('',#2027,#2028,#2029);
#2031=CIRCLE('',#2030,0.6);
#2032=EDGE_CURVE('',#2020,#2003,#2031,.T.);
#2033=ORIENTED_EDGE('',*,*,#2032,.T.);
#2034=EDGE_LOOP('',(#2009,#2018,#2026,#2033));
#2035=FACE_BOUND('',#2034,.T.);
#2036=ADVANCED_FACE('',(#2035),#1999,.F.);
#2037=CARTESIAN_POINT('',(23.254723128,18.9,-3.778500095));
#2038=DIRECTION('',(0.,-1.,0.));
#2039=DIRECTION('',(0.,0.,-1.));
#2040=AXIS2_PLACEMENT_3D('',#2037,#2038,#2039);
#2041=CYLINDRICAL_SURFACE('',#2040,0.35);
#2042=CARTESIAN_POINT('',(23.557832019,18.9,-3.603500095));
#2043=VERTEX_POINT('',#2042);
#2044=CARTESIAN_POINT('',(23.557832019,17.9,-3.603500095));
#2045=VERTEX_POINT('',#2044);
#2046=CARTESIAN_POINT('',(23.557832019,18.9,-3.603500095));
#2047=DIRECTION('',(0.,-1.,0.));
#2048=VECTOR('',#2047,1.);
#2049=LINE('',#2046,#2048);
#2050=EDGE_CURVE('',#2043,#2045,#2049,.T.);
#2051=ORIENTED_EDGE('',*,*,#2050,.F.);
#2052=CARTESIAN_POINT('',(23.254723128,18.9,-3.778500095));
#2053=DIRECTION('',(0.,1.,0.));
#2054=DIRECTION('',(0.,-0.,1.));
#2055=AXIS2_PLACEMENT_3D('',#2052,#2053,#2054);
#2056=CIRCLE('',#2055,0.35);
#2057=EDGE_CURVE('',#2020,#2043,#2056,.T.);
#2058=ORIENTED_EDGE('',*,*,#2057,.F.);
#2059=ORIENTED_EDGE('',*,*,#2025,.T.);
#2060=CARTESIAN_POINT('',(23.254723128,17.9,-3.778500095));
#2061=DIRECTION('',(0.,1.,0.));
#2062=DIRECTION('',(0.,-0.,1.));
#2063=AXIS2_PLACEMENT_3D('',#2060,#2061,#2062);
#2064=CIRCLE('',#2063,0.35);
#2065=EDGE_CURVE('',#2011,#2045,#2064,.T.);
#2066=ORIENTED_EDGE('',*,*,#2065,.T.);
#2067=EDGE_LOOP('',(#2051,#2058,#2059,#2066));
#2068=FACE_BOUND('',#2067,.T.);
#2069=ADVANCED_FACE('',(#2068),#2041,.T.);
#2070=CARTESIAN_POINT('',(23.561845242,18.9,-3.610451201));
#2071=DIRECTION('',(-0.866025404,0.,-0.5));
#2072=DIRECTION('',(-0.5,0.,0.866025404));
#2073=AXIS2_PLACEMENT_3D('',#2070,#2071,#2072);
#2074=PLANE('',#2073);
#2075=CARTESIAN_POINT('',(23.565858464,18.9,-3.617402306));
#2076=VERTEX_POINT('',#2075);
#2077=CARTESIAN_POINT('',(23.565858464,17.9,-3.617402306));
#2078=VERTEX_POINT('',#2077);
#2079=CARTESIAN_POINT('',(23.565858464,18.9,-3.617402306));
#2080=DIRECTION('',(0.,-1.,0.));
#2081=VECTOR('',#2080,1.);
#2082=LINE('',#2079,#2081);
#2083=EDGE_CURVE('',#2076,#2078,#2082,.T.);
#2084=ORIENTED_EDGE('',*,*,#2083,.F.);
#2085=CARTESIAN_POINT('',(23.557832019,18.9,-3.603500095));
#2086=DIRECTION('',(0.5,0.,-0.866025404));
#2087=VECTOR('',#2086,0.01605289);
#2088=LINE('',#2085,#2087);
#2089=EDGE_CURVE('',#2043,#2076,#2088,.T.);
#2090=ORIENTED_EDGE('',*,*,#2089,.F.);
#2091=ORIENTED_EDGE('',*,*,#2050,.T.);
#2092=CARTESIAN_POINT('',(23.557832019,17.9,-3.603500095));
#2093=DIRECTION('',(0.5,0.,-0.866025404));
#2094=VECTOR('',#2093,0.01605289);
#2095=LINE('',#2092,#2094);
#2096=EDGE_CURVE('',#2045,#2078,#2095,.T.);
#2097=ORIENTED_EDGE('',*,*,#2096,.T.);
#2098=EDGE_LOOP('',(#2084,#2090,#2091,#2097));
#2099=FACE_BOUND('',#2098,.T.);
#2100=ADVANCED_FACE('',(#2099),#2074,.F.);
#2101=CARTESIAN_POINT('',(23.262749573,18.9,-3.792402306));
#2102=DIRECTION('',(0.,-1.,0.));
#2103=DIRECTION('',(0.,0.,-1.));
#2104=AXIS2_PLACEMENT_3D('',#2101,#2102,#2103);
#2105=CYLINDRICAL_SURFACE('',#2104,0.35);
#2106=CARTESIAN_POINT('',(23.537111601,18.9,-4.009716542));
#2107=VERTEX_POINT('',#2106);
#2108=CARTESIAN_POINT('',(23.537111601,17.9,-4.009716542));
#2109=VERTEX_POINT('',#2108);
#2110=CARTESIAN_POINT('',(23.537111601,18.9,-4.009716542));
#2111=DIRECTION('',(0.,-1.,0.));
#2112=VECTOR('',#2111,1.);
#2113=LINE('',#2110,#2112);
#2114=EDGE_CURVE('',#2107,#2109,#2113,.T.);
#2115=ORIENTED_EDGE('',*,*,#2114,.F.);
#2116=CARTESIAN_POINT('',(23.262749573,18.9,-3.792402306));
#2117=DIRECTION('',(0.,1.,0.));
#2118=DIRECTION('',(0.,-0.,1.));
#2119=AXIS2_PLACEMENT_3D('',#2116,#2117,#2118);
#2120=CIRCLE('',#2119,0.35);
#2121=EDGE_CURVE('',#2076,#2107,#2120,.T.);
#2122=ORIENTED_EDGE('',*,*,#2121,.F.);
#2123=ORIENTED_EDGE('',*,*,#2083,.T.);
#2124=CARTESIAN_POINT('',(23.262749573,17.9,-3.792402306));
#2125=DIRECTION('',(0.,1.,0.));
#2126=DIRECTION('',(0.,-0.,1.));
#2127=AXIS2_PLACEMENT_3D('',#2124,#2125,#2126);
#2128=CIRCLE('',#2127,0.35);
#2129=EDGE_CURVE('',#2078,#2109,#2128,.T.);
#2130=ORIENTED_EDGE('',*,*,#2129,.T.);
#2131=EDGE_LOOP('',(#2115,#2122,#2123,#2130));
#2132=FACE_BOUND('',#2131,.T.);
#2133=ADVANCED_FACE('',(#2132),#2105,.T.);
#2134=CARTESIAN_POINT('',(24.007446508,18.9,-4.382255233));
#2135=DIRECTION('',(0.,-1.,0.));
#2136=DIRECTION('',(0.,0.,-1.));
#2137=AXIS2_PLACEMENT_3D('',#2134,#2135,#2136);
#2138=CYLINDRICAL_SURFACE('',#2137,0.6);
#2139=CARTESIAN_POINT('',(24.007446508,17.9,-4.982255233));
#2140=VERTEX_POINT('',#2139);
#2141=CARTESIAN_POINT('',(24.007446508,18.9,-4.982255233));
#2142=VERTEX_POINT('',#2141);
#2143=CARTESIAN_POINT('',(24.007446508,17.9,-4.982255233));
#2144=DIRECTION('',(-0.,1.,-0.));
#2145=VECTOR('',#2144,1.);
#2146=LINE('',#2143,#2145);
#2147=EDGE_CURVE('',#2140,#2142,#2146,.T.);
#2148=ORIENTED_EDGE('',*,*,#2147,.F.);
#2149=CARTESIAN_POINT('',(24.593792924,17.9,-4.25498434));
#2150=VERTEX_POINT('',#2149);
#2151=CARTESIAN_POINT('',(24.007446508,17.9,-4.382255233));
#2152=DIRECTION('',(0.,1.,0.));
#2153=DIRECTION('',(0.,-0.,1.));
#2154=AXIS2_PLACEMENT_3D('',#2151,#2152,#2153);
#2155=CIRCLE('',#2154,0.6);
#2156=EDGE_CURVE('',#2150,#2140,#2155,.T.);
#2157=ORIENTED_EDGE('',*,*,#2156,.F.);
#2158=CARTESIAN_POINT('',(24.593792924,18.9,-4.25498434));
#2159=VERTEX_POINT('',#2158);
#2160=CARTESIAN_POINT('',(24.593792924,18.9,-4.25498434));
#2161=DIRECTION('',(0.,-1.,0.));
#2162=VECTOR('',#2161,1.);
#2163=LINE('',#2160,#2162);
#2164=EDGE_CURVE('',#2159,#2150,#2163,.T.);
#2165=ORIENTED_EDGE('',*,*,#2164,.F.);
#2166=CARTESIAN_POINT('',(24.007446508,18.9,-4.382255233));
#2167=DIRECTION('',(0.,1.,0.));
#2168=DIRECTION('',(0.,-0.,1.));
#2169=AXIS2_PLACEMENT_3D('',#2166,#2167,#2168);
#2170=CIRCLE('',#2169,0.6);
#2171=EDGE_CURVE('',#2159,#2142,#2170,.T.);
#2172=ORIENTED_EDGE('',*,*,#2171,.T.);
#2173=EDGE_LOOP('',(#2148,#2157,#2165,#2172));
#2174=FACE_BOUND('',#2173,.T.);
#2175=ADVANCED_FACE('',(#2174),#2138,.F.);
#2176=CARTESIAN_POINT('',(24.958473605,18.9,-4.175827659));
#2177=DIRECTION('',(0.,-1.,0.));
#2178=DIRECTION('',(0.,0.,-1.));
#2179=AXIS2_PLACEMENT_3D('',#2176,#2177,#2178);
#2180=CYLINDRICAL_SURFACE('',#2179,0.373172587);
#2181=CARTESIAN_POINT('',(25.067931407,17.9,-3.81906896));
#2182=VERTEX_POINT('',#2181);
#2183=CARTESIAN_POINT('',(24.958473605,17.9,-4.175827659));
#2184=DIRECTION('',(0.,1.,0.));
#2185=DIRECTION('',(0.,-0.,1.));
#2186=AXIS2_PLACEMENT_3D('',#2183,#2184,#2185);
#2187=CIRCLE('',#2186,0.373172587);
#2188=EDGE_CURVE('',#2150,#2182,#2187,.T.);
#2189=ORIENTED_EDGE('',*,*,#2188,.T.);
#2190=CARTESIAN_POINT('',(25.067931407,18.9,-3.81906896));
#2191=VERTEX_POINT('',#2190);
#2192=CARTESIAN_POINT('',(25.067931407,18.9,-3.81906896));
#2193=DIRECTION('',(0.,-1.,0.));
#2194=VECTOR('',#2193,1.);
#2195=LINE('',#2192,#2194);
#2196=EDGE_CURVE('',#2191,#2182,#2195,.T.);
#2197=ORIENTED_EDGE('',*,*,#2196,.F.);
#2198=CARTESIAN_POINT('',(24.958473605,18.9,-4.175827659));
#2199=DIRECTION('',(0.,1.,0.));
#2200=DIRECTION('',(0.,-0.,1.));
#2201=AXIS2_PLACEMENT_3D('',#2198,#2199,#2200);
#2202=CIRCLE('',#2201,0.373172587);
#2203=EDGE_CURVE('',#2159,#2191,#2202,.T.);
#2204=ORIENTED_EDGE('',*,*,#2203,.F.);
#2205=ORIENTED_EDGE('',*,*,#2164,.T.);
#2206=EDGE_LOOP('',(#2189,#2197,#2204,#2205));
#2207=FACE_BOUND('',#2206,.T.);
#2208=ADVANCED_FACE('',(#2207),#2180,.T.);
#2209=CARTESIAN_POINT('',(29.420867218,18.9,-11.910610425));
#2210=DIRECTION('',(0.,-1.,0.));
#2211=DIRECTION('',(0.,0.,-1.));
#2212=AXIS2_PLACEMENT_3D('',#2209,#2210,#2211);
#2213=CYLINDRICAL_SURFACE('',#2212,0.376017739);
#2214=CARTESIAN_POINT('',(29.420867218,17.9,-12.286628165));
#2215=VERTEX_POINT('',#2214);
#2216=CARTESIAN_POINT('',(29.420867218,18.9,-12.286628165));
#2217=VERTEX_POINT('',#2216);
#2218=CARTESIAN_POINT('',(29.420867218,17.9,-12.286628165));
#2219=DIRECTION('',(-0.,1.,-0.));
#2220=VECTOR('',#2219,1.);
#2221=LINE('',#2218,#2220);
#2222=EDGE_CURVE('',#2215,#2217,#2221,.T.);
#2223=ORIENTED_EDGE('',*,*,#2222,.T.);
#2224=CARTESIAN_POINT('',(29.787580519,18.9,-11.993741016));
#2225=VERTEX_POINT('',#2224);
#2226=CARTESIAN_POINT('',(29.420867218,18.9,-11.910610425));
#2227=DIRECTION('',(0.,1.,0.));
#2228=DIRECTION('',(0.,-0.,1.));
#2229=AXIS2_PLACEMENT_3D('',#2226,#2227,#2228);
#2230=CIRCLE('',#2229,0.376017739);
#2231=EDGE_CURVE('',#2225,#2217,#2230,.T.);
#2232=ORIENTED_EDGE('',*,*,#2231,.F.);
#2233=CARTESIAN_POINT('',(29.787580519,17.9,-11.993741016));
#2234=VERTEX_POINT('',#2233);
#2235=CARTESIAN_POINT('',(29.787580519,18.9,-11.993741016));
#2236=DIRECTION('',(0.,-1.,0.));
#2237=VECTOR('',#2236,1.);
#2238=LINE('',#2235,#2237);
#2239=EDGE_CURVE('',#2225,#2234,#2238,.T.);
#2240=ORIENTED_EDGE('',*,*,#2239,.T.);
#2241=CARTESIAN_POINT('',(29.420867218,17.9,-11.910610425));
#2242=DIRECTION('',(0.,1.,0.));
#2243=DIRECTION('',(0.,-0.,1.));
#2244=AXIS2_PLACEMENT_3D('',#2241,#2242,#2243);
#2245=CIRCLE('',#2244,0.376017739);
#2246=EDGE_CURVE('',#2234,#2215,#2245,.T.);
#2247=ORIENTED_EDGE('',*,*,#2246,.T.);
#2248=EDGE_LOOP('',(#2223,#2232,#2240,#2247));
#2249=FACE_BOUND('',#2248,.T.);
#2250=ADVANCED_FACE('',(#2249),#2213,.T.);
#2251=CARTESIAN_POINT('',(28.463459166,18.9,-12.100295556));
#2252=DIRECTION('',(0.,-1.,0.));
#2253=DIRECTION('',(0.,0.,-1.));
#2254=AXIS2_PLACEMENT_3D('',#2251,#2252,#2253);
#2255=CYLINDRICAL_SURFACE('',#2254,0.6);
#2256=CARTESIAN_POINT('',(28.463459166,17.9,-12.700295556));
#2257=VERTEX_POINT('',#2256);
#2258=CARTESIAN_POINT('',(28.463459166,18.9,-12.700295556));
#2259=VERTEX_POINT('',#2258);
#2260=CARTESIAN_POINT('',(28.463459166,17.9,-12.700295556));
#2261=DIRECTION('',(-0.,1.,-0.));
#2262=VECTOR('',#2261,1.);
#2263=LINE('',#2260,#2262);
#2264=EDGE_CURVE('',#2257,#2259,#2263,.T.);
#2265=ORIENTED_EDGE('',*,*,#2264,.F.);
#2266=CARTESIAN_POINT('',(28.550919683,17.9,-12.693886878));
#2267=VERTEX_POINT('',#2266);
#2268=CARTESIAN_POINT('',(28.463459166,17.9,-12.100295556));
#2269=DIRECTION('',(0.,1.,0.));
#2270=DIRECTION('',(0.,-0.,1.));
#2271=AXIS2_PLACEMENT_3D('',#2268,#2269,#2270);
#2272=CIRCLE('',#2271,0.6);
#2273=EDGE_CURVE('',#2267,#2257,#2272,.T.);
#2274=ORIENTED_EDGE('',*,*,#2273,.F.);
#2275=CARTESIAN_POINT('',(28.550919683,18.9,-12.693886878));
#2276=VERTEX_POINT('',#2275);
#2277=CARTESIAN_POINT('',(28.550919683,18.9,-12.693886878));
#2278=DIRECTION('',(0.,-1.,0.));
#2279=VECTOR('',#2278,1.);
#2280=LINE('',#2277,#2279);
#2281=EDGE_CURVE('',#2276,#2267,#2280,.T.);
#2282=ORIENTED_EDGE('',*,*,#2281,.F.);
#2283=CARTESIAN_POINT('',(28.463459166,18.9,-12.100295556));
#2284=DIRECTION('',(0.,1.,0.));
#2285=DIRECTION('',(0.,-0.,1.));
#2286=AXIS2_PLACEMENT_3D('',#2283,#2284,#2285);
#2287=CIRCLE('',#2286,0.6);
#2288=EDGE_CURVE('',#2276,#2259,#2287,.T.);
#2289=ORIENTED_EDGE('',*,*,#2288,.T.);
#2290=EDGE_LOOP('',(#2265,#2274,#2282,#2289));
#2291=FACE_BOUND('',#2290,.T.);
#2292=ADVANCED_FACE('',(#2291),#2255,.F.);
#2293=CARTESIAN_POINT('',(28.601938318,18.9,-13.040148483));
#2294=DIRECTION('',(0.,-1.,0.));
#2295=DIRECTION('',(0.,0.,-1.));
#2296=AXIS2_PLACEMENT_3D('',#2293,#2294,#2295);
#2297=CYLINDRICAL_SURFACE('',#2296,0.35);
#2298=CARTESIAN_POINT('',(28.905047209,18.9,-12.865148483));
#2299=VERTEX_POINT('',#2298);
#2300=CARTESIAN_POINT('',(28.905047209,17.9,-12.865148483));
#2301=VERTEX_POINT('',#2300);
#2302=CARTESIAN_POINT('',(28.905047209,18.9,-12.865148483));
#2303=DIRECTION('',(0.,-1.,0.));
#2304=VECTOR('',#2303,1.);
#2305=LINE('',#2302,#2304);
#2306=EDGE_CURVE('',#2299,#2301,#2305,.T.);
#2307=ORIENTED_EDGE('',*,*,#2306,.F.);
#2308=CARTESIAN_POINT('',(28.601938318,18.9,-13.040148483));
#2309=DIRECTION('',(0.,1.,0.));
#2310=DIRECTION('',(0.,-0.,1.));
#2311=AXIS2_PLACEMENT_3D('',#2308,#2309,#2310);
#2312=CIRCLE('',#2311,0.35);
#2313=EDGE_CURVE('',#2276,#2299,#2312,.T.);
#2314=ORIENTED_EDGE('',*,*,#2313,.F.);
#2315=ORIENTED_EDGE('',*,*,#2281,.T.);
#2316=CARTESIAN_POINT('',(28.601938318,17.9,-13.040148483));
#2317=DIRECTION('',(0.,1.,0.));
#2318=DIRECTION('',(0.,-0.,1.));
#2319=AXIS2_PLACEMENT_3D('',#2316,#2317,#2318);
#2320=CIRCLE('',#2319,0.35);
#2321=EDGE_CURVE('',#2267,#2301,#2320,.T.);
#2322=ORIENTED_EDGE('',*,*,#2321,.T.);
#2323=EDGE_LOOP('',(#2307,#2314,#2315,#2322));
#2324=FACE_BOUND('',#2323,.T.);
#2325=ADVANCED_FACE('',(#2324),#2297,.T.);
#2326=CARTESIAN_POINT('',(28.909060432,18.9,-12.872099588));
#2327=DIRECTION('',(-0.866025404,0.,-0.5));
#2328=DIRECTION('',(-0.5,0.,0.866025404));
#2329=AXIS2_PLACEMENT_3D('',#2326,#2327,#2328);
#2330=PLANE('',#2329);
#2331=CARTESIAN_POINT('',(28.913073654,18.9,-12.879050694));
#2332=VERTEX_POINT('',#2331);
#2333=CARTESIAN_POINT('',(28.913073654,17.9,-12.879050694));
#2334=VERTEX_POINT('',#2333);
#2335=CARTESIAN_POINT('',(28.913073654,18.9,-12.879050694));
#2336=DIRECTION('',(0.,-1.,0.));
#2337=VECTOR('',#2336,1.);
#2338=LINE('',#2335,#2337);
#2339=EDGE_CURVE('',#2332,#2334,#2338,.T.);
#2340=ORIENTED_EDGE('',*,*,#2339,.F.);
#2341=CARTESIAN_POINT('',(28.905047209,18.9,-12.865148483));
#2342=DIRECTION('',(0.5,0.,-0.866025404));
#2343=VECTOR('',#2342,0.01605289);
#2344=LINE('',#2341,#2343);
#2345=EDGE_CURVE('',#2299,#2332,#2344,.T.);
#2346=ORIENTED_EDGE('',*,*,#2345,.F.);
#2347=ORIENTED_EDGE('',*,*,#2306,.T.);
#2348=CARTESIAN_POINT('',(28.905047209,17.9,-12.865148483));
#2349=DIRECTION('',(0.5,0.,-0.866025404));
#2350=VECTOR('',#2349,0.01605289);
#2351=LINE('',#2348,#2350);
#2352=EDGE_CURVE('',#2301,#2334,#2351,.T.);
#2353=ORIENTED_EDGE('',*,*,#2352,.T.);
#2354=EDGE_LOOP('',(#2340,#2346,#2347,#2353));
#2355=FACE_BOUND('',#2354,.T.);
#2356=ADVANCED_FACE('',(#2355),#2330,.F.);
#2357=CARTESIAN_POINT('',(28.609964763,18.9,-13.054050694));
#2358=DIRECTION('',(0.,-1.,0.));
#2359=DIRECTION('',(0.,0.,-1.));
#2360=AXIS2_PLACEMENT_3D('',#2357,#2358,#2359);
#2361=CYLINDRICAL_SURFACE('',#2360,0.35);
#2362=CARTESIAN_POINT('',(28.884326791,18.9,-13.27136493));
#2363=VERTEX_POINT('',#2362);
#2364=CARTESIAN_POINT('',(28.884326791,17.9,-13.27136493));
#2365=VERTEX_POINT('',#2364);
#2366=CARTESIAN_POINT('',(28.884326791,18.9,-13.27136493));
#2367=DIRECTION('',(0.,-1.,0.));
#2368=VECTOR('',#2367,1.);
#2369=LINE('',#2366,#2368);
#2370=EDGE_CURVE('',#2363,#2365,#2369,.T.);
#2371=ORIENTED_EDGE('',*,*,#2370,.F.);
#2372=CARTESIAN_POINT('',(28.609964763,18.9,-13.054050694));
#2373=DIRECTION('',(0.,1.,0.));
#2374=DIRECTION('',(0.,-0.,1.));
#2375=AXIS2_PLACEMENT_3D('',#2372,#2373,#2374);
#2376=CIRCLE('',#2375,0.35);
#2377=EDGE_CURVE('',#2332,#2363,#2376,.T.);
#2378=ORIENTED_EDGE('',*,*,#2377,.F.);
#2379=ORIENTED_EDGE('',*,*,#2339,.T.);
#2380=CARTESIAN_POINT('',(28.609964763,17.9,-13.054050694));
#2381=DIRECTION('',(0.,1.,0.));
#2382=DIRECTION('',(0.,-0.,1.));
#2383=AXIS2_PLACEMENT_3D('',#2380,#2381,#2382);
#2384=CIRCLE('',#2383,0.35);
#2385=EDGE_CURVE('',#2334,#2365,#2384,.T.);
#2386=ORIENTED_EDGE('',*,*,#2385,.T.);
#2387=EDGE_LOOP('',(#2371,#2378,#2379,#2386));
#2388=FACE_BOUND('',#2387,.T.);
#2389=ADVANCED_FACE('',(#2388),#2361,.T.);
#2390=CARTESIAN_POINT('',(29.354661697,18.9,-13.643903621));
#2391=DIRECTION('',(0.,-1.,0.));
#2392=DIRECTION('',(0.,0.,-1.));
#2393=AXIS2_PLACEMENT_3D('',#2390,#2391,#2392);
#2394=CYLINDRICAL_SURFACE('',#2393,0.6);
#2395=CARTESIAN_POINT('',(29.354661825,17.780806291,-14.243996952));
#2396=VERTEX_POINT('',#2395);
#2397=CARTESIAN_POINT('',(29.354661697,18.9,-14.243903621));
#2398=VERTEX_POINT('',#2397);
#2399=CARTESIAN_POINT('',(29.354661697,17.780806291,-14.243903621));
#2400=DIRECTION('',(-0.,1.,-0.));
#2401=VECTOR('',#2400,1.119193709);
#2402=LINE('',#2399,#2401);
#2403=EDGE_CURVE('',#2396,#2398,#2402,.T.);
#2404=ORIENTED_EDGE('',*,*,#2403,.F.);
#2405=CARTESIAN_POINT('',(29.442122214,17.754165652,-14.237494943));
#2406=VERTEX_POINT('',#2405);
#2407=CARTESIAN_POINT('',(29.442122214,17.754165652,-14.237494943));
#2408=CARTESIAN_POINT('',(29.31631596,17.787417902,-14.2560314));
#2409=CARTESIAN_POINT('',(29.195572396,17.84186614,-14.234056873));
#2410=CARTESIAN_POINT('',(29.090866353,17.9,-14.182802513));
#2411=B_SPLINE_CURVE_WITH_KNOTS('',3,(#2407,#2408,#2409,#2410),.UNSPECIFIED.,.F.,.F.,(4,4),(0.,0.00038783),.UNSPECIFIED.);
#2412=EDGE_CURVE('',#2406,#2396,#2411,.T.);
#2413=ORIENTED_EDGE('',*,*,#2412,.F.);
#2414=CARTESIAN_POINT('',(29.442122214,18.9,-14.237494943));
#2415=VERTEX_POINT('',#2414);
#2416=CARTESIAN_POINT('',(29.442122214,17.754165652,-14.237494943));
#2417=DIRECTION('',(-0.,1.,-0.));
#2418=VECTOR('',#2417,1.145834348);
#2419=LINE('',#2416,#2418);
#2420=EDGE_CURVE('',#2406,#2415,#2419,.T.);
#2421=ORIENTED_EDGE('',*,*,#2420,.T.);
#2422=CARTESIAN_POINT('',(29.354661697,18.9,-13.643903621));
#2423=DIRECTION('',(0.,1.,0.));
#2424=DIRECTION('',(0.,-0.,1.));
#2425=AXIS2_PLACEMENT_3D('',#2422,#2423,#2424);
#2426=CIRCLE('',#2425,0.6);
#2427=EDGE_CURVE('',#2415,#2398,#2426,.T.);
#2428=ORIENTED_EDGE('',*,*,#2427,.T.);
#2429=EDGE_LOOP('',(#2404,#2413,#2421,#2428));
#2430=FACE_BOUND('',#2429,.T.);
#2431=ADVANCED_FACE('',(#2430),#2394,.F.);
#2432=CARTESIAN_POINT('',(27.572256634,18.9,-10.556687491));
#2433=DIRECTION('',(0.,-1.,0.));
#2434=DIRECTION('',(0.,0.,-1.));
#2435=AXIS2_PLACEMENT_3D('',#2432,#2433,#2434);
#2436=CYLINDRICAL_SURFACE('',#2435,0.6);
#2437=CARTESIAN_POINT('',(27.572256634,17.9,-11.156687491));
#2438=VERTEX_POINT('',#2437);
#2439=CARTESIAN_POINT('',(27.572256634,18.9,-11.156687491));
#2440=VERTEX_POINT('',#2439);
#2441=CARTESIAN_POINT('',(27.572256634,17.9,-11.156687491));
#2442=DIRECTION('',(-0.,1.,-0.));
#2443=VECTOR('',#2442,1.);
#2444=LINE('',#2441,#2443);
#2445=EDGE_CURVE('',#2438,#2440,#2444,.T.);
#2446=ORIENTED_EDGE('',*,*,#2445,.F.);
#2447=CARTESIAN_POINT('',(27.572256634,17.9,-9.956687491));
#2448=VERTEX_POINT('',#2447);
#2449=CARTESIAN_POINT('',(27.572256634,17.9,-10.556687491));
#2450=DIRECTION('',(0.,1.,0.));
#2451=DIRECTION('',(0.,-0.,1.));
#2452=AXIS2_PLACEMENT_3D('',#2449,#2450,#2451);
#2453=CIRCLE('',#2452,0.6);
#2454=EDGE_CURVE('',#2448,#2438,#2453,.T.);
#2455=ORIENTED_EDGE('',*,*,#2454,.F.);
#2456=CARTESIAN_POINT('',(27.572256634,17.9,-10.556687491));
#2457=DIRECTION('',(0.,1.,0.));
#2458=DIRECTION('',(0.,-0.,1.));
#2459=AXIS2_PLACEMENT_3D('',#2456,#2457,#2458);
#2460=CIRCLE('',#2459,0.6);
#2461=EDGE_CURVE('',#2438,#2448,#2460,.T.);
#2462=ORIENTED_EDGE('',*,*,#2461,.F.);
#2463=ORIENTED_EDGE('',*,*,#2445,.T.);
#2464=CARTESIAN_POINT('',(27.572256634,18.9,-9.956687491));
#2465=VERTEX_POINT('',#2464);
#2466=CARTESIAN_POINT('',(27.572256634,18.9,-10.556687491));
#2467=DIRECTION('',(0.,1.,0.));
#2468=DIRECTION('',(0.,-0.,1.));
#2469=AXIS2_PLACEMENT_3D('',#2466,#2467,#2468);
#2470=CIRCLE('',#2469,0.6);
#2471=EDGE_CURVE('',#2440,#2465,#2470,.T.);
#2472=ORIENTED_EDGE('',*,*,#2471,.T.);
#2473=CARTESIAN_POINT('',(27.572256634,18.9,-10.556687491));
#2474=DIRECTION('',(0.,1.,0.));
#2475=DIRECTION('',(0.,-0.,1.));
#2476=AXIS2_PLACEMENT_3D('',#2473,#2474,#2475);
#2477=CIRCLE('',#2476,0.6);
#2478=EDGE_CURVE('',#2465,#2440,#2477,.T.);
#2479=ORIENTED_EDGE('',*,*,#2478,.T.);
#2480=EDGE_LOOP('',(#2446,#2455,#2462,#2463,#2472,#2479));
#2481=FACE_BOUND('',#2480,.T.);
#2482=ADVANCED_FACE('',(#2481),#2436,.F.);
#2483=CARTESIAN_POINT('',(26.681054102,18.9,-9.013079427));
#2484=DIRECTION('',(0.,-1.,0.));
#2485=DIRECTION('',(0.,0.,-1.));
#2486=AXIS2_PLACEMENT_3D('',#2483,#2484,#2485);
#2487=CYLINDRICAL_SURFACE('',#2486,0.6);
#2488=CARTESIAN_POINT('',(26.681054102,17.9,-9.613079427));
#2489=VERTEX_POINT('',#2488);
#2490=CARTESIAN_POINT('',(26.681054102,18.9,-9.613079427));
#2491=VERTEX_POINT('',#2490);
#2492=CARTESIAN_POINT('',(26.681054102,17.9,-9.613079427));
#2493=DIRECTION('',(-0.,1.,-0.));
#2494=VECTOR('',#2493,1.);
#2495=LINE('',#2492,#2494);
#2496=EDGE_CURVE('',#2489,#2491,#2495,.T.);
#2497=ORIENTED_EDGE('',*,*,#2496,.F.);
#2498=CARTESIAN_POINT('',(26.681054102,17.9,-8.413079427));
#2499=VERTEX_POINT('',#2498);
#2500=CARTESIAN_POINT('',(26.681054102,17.9,-9.013079427));
#2501=DIRECTION('',(0.,1.,0.));
#2502=DIRECTION('',(0.,-0.,1.));
#2503=AXIS2_PLACEMENT_3D('',#2500,#2501,#2502);
#2504=CIRCLE('',#2503,0.6);
#2505=EDGE_CURVE('',#2499,#2489,#2504,.T.);
#2506=ORIENTED_EDGE('',*,*,#2505,.F.);
#2507=CARTESIAN_POINT('',(26.681054102,17.9,-9.013079427));
#2508=DIRECTION('',(0.,1.,0.));
#2509=DIRECTION('',(0.,-0.,1.));
#2510=AXIS2_PLACEMENT_3D('',#2507,#2508,#2509);
#2511=CIRCLE('',#2510,0.6);
#2512=EDGE_CURVE('',#2489,#2499,#2511,.T.);
#2513=ORIENTED_EDGE('',*,*,#2512,.F.);
#2514=ORIENTED_EDGE('',*,*,#2496,.T.);
#2515=CARTESIAN_POINT('',(26.681054102,18.9,-8.413079427));
#2516=VERTEX_POINT('',#2515);
#2517=CARTESIAN_POINT('',(26.681054102,18.9,-9.013079427));
#2518=DIRECTION('',(0.,1.,0.));
#2519=DIRECTION('',(0.,-0.,1.));
#2520=AXIS2_PLACEMENT_3D('',#2517,#2518,#2519);
#2521=CIRCLE('',#2520,0.6);
#2522=EDGE_CURVE('',#2491,#2516,#2521,.T.);
#2523=ORIENTED_EDGE('',*,*,#2522,.T.);
#2524=CARTESIAN_POINT('',(26.681054102,18.9,-9.013079427));
#2525=DIRECTION('',(0.,1.,0.));
#2526=DIRECTION('',(0.,-0.,1.));
#2527=AXIS2_PLACEMENT_3D('',#2524,#2525,#2526);
#2528=CIRCLE('',#2527,0.6);
#2529=EDGE_CURVE('',#2516,#2491,#2528,.T.);
#2530=ORIENTED_EDGE('',*,*,#2529,.T.);
#2531=EDGE_LOOP('',(#2497,#2506,#2513,#2514,#2523,#2530));
#2532=FACE_BOUND('',#2531,.T.);
#2533=ADVANCED_FACE('',(#2532),#2487,.F.);
#2534=CARTESIAN_POINT('',(25.789851571,18.9,-7.469471362));
#2535=DIRECTION('',(0.,-1.,0.));
#2536=DIRECTION('',(0.,0.,-1.));
#2537=AXIS2_PLACEMENT_3D('',#2534,#2535,#2536);
#2538=CYLINDRICAL_SURFACE('',#2537,0.6);
#2539=CARTESIAN_POINT('',(25.789851571,17.9,-8.069471362));
#2540=VERTEX_POINT('',#2539);
#2541=CARTESIAN_POINT('',(25.789851571,18.9,-8.069471362));
#2542=VERTEX_POINT('',#2541);
#2543=CARTESIAN_POINT('',(25.789851571,17.9,-8.069471362));
#2544=DIRECTION('',(-0.,1.,-0.));
#2545=VECTOR('',#2544,1.);
#2546=LINE('',#2543,#2545);
#2547=EDGE_CURVE('',#2540,#2542,#2546,.T.);
#2548=ORIENTED_EDGE('',*,*,#2547,.F.);
#2549=CARTESIAN_POINT('',(25.789851571,17.9,-6.869471362));
#2550=VERTEX_POINT('',#2549);
#2551=CARTESIAN_POINT('',(25.789851571,17.9,-7.469471362));
#2552=DIRECTION('',(0.,1.,0.));
#2553=DIRECTION('',(0.,-0.,1.));
#2554=AXIS2_PLACEMENT_3D('',#2551,#2552,#2553);
#2555=CIRCLE('',#2554,0.6);
#2556=EDGE_CURVE('',#2550,#2540,#2555,.T.);
#2557=ORIENTED_EDGE('',*,*,#2556,.F.);
#2558=CARTESIAN_POINT('',(25.789851571,17.9,-7.469471362));
#2559=DIRECTION('',(0.,1.,0.));
#2560=DIRECTION('',(0.,-0.,1.));
#2561=AXIS2_PLACEMENT_3D('',#2558,#2559,#2560);
#2562=CIRCLE('',#2561,0.6);
#2563=EDGE_CURVE('',#2540,#2550,#2562,.T.);
#2564=ORIENTED_EDGE('',*,*,#2563,.F.);
#2565=ORIENTED_EDGE('',*,*,#2547,.T.);
#2566=CARTESIAN_POINT('',(25.789851571,18.9,-6.869471362));
#2567=VERTEX_POINT('',#2566);
#2568=CARTESIAN_POINT('',(25.789851571,18.9,-7.469471362));
#2569=DIRECTION('',(0.,1.,0.));
#2570=DIRECTION('',(0.,-0.,1.));
#2571=AXIS2_PLACEMENT_3D('',#2568,#2569,#2570);
#2572=CIRCLE('',#2571,0.6);
#2573=EDGE_CURVE('',#2542,#2567,#2572,.T.);
#2574=ORIENTED_EDGE('',*,*,#2573,.T.);
#2575=CARTESIAN_POINT('',(25.789851571,18.9,-7.469471362));
#2576=DIRECTION('',(0.,1.,0.));
#2577=DIRECTION('',(0.,-0.,1.));
#2578=AXIS2_PLACEMENT_3D('',#2575,#2576,#2577);
#2579=CIRCLE('',#2578,0.6);
#2580=EDGE_CURVE('',#2567,#2542,#2579,.T.);
#2581=ORIENTED_EDGE('',*,*,#2580,.T.);
#2582=EDGE_LOOP('',(#2548,#2557,#2564,#2565,#2574,#2581));
#2583=FACE_BOUND('',#2582,.T.);
#2584=ADVANCED_FACE('',(#2583),#2538,.F.);
#2585=CARTESIAN_POINT('',(24.898649039,18.9,-5.925863298));
#2586=DIRECTION('',(0.,-1.,0.));
#2587=DIRECTION('',(0.,0.,-1.));
#2588=AXIS2_PLACEMENT_3D('',#2585,#2586,#2587);
#2589=CYLINDRICAL_SURFACE('',#2588,0.6);
#2590=CARTESIAN_POINT('',(24.898649039,17.9,-6.525863298));
#2591=VERTEX_POINT('',#2590);
#2592=CARTESIAN_POINT('',(24.898649039,18.9,-6.525863298));
#2593=VERTEX_POINT('',#2592);
#2594=CARTESIAN_POINT('',(24.898649039,17.9,-6.525863298));
#2595=DIRECTION('',(-0.,1.,-0.));
#2596=VECTOR('',#2595,1.);
#2597=LINE('',#2594,#2596);
#2598=EDGE_CURVE('',#2591,#2593,#2597,.T.);
#2599=ORIENTED_EDGE('',*,*,#2598,.F.);
#2600=CARTESIAN_POINT('',(24.898649039,17.9,-5.325863298));
#2601=VERTEX_POINT('',#2600);
#2602=CARTESIAN_POINT('',(24.898649039,17.9,-5.925863298));
#2603=DIRECTION('',(0.,1.,0.));
#2604=DIRECTION('',(0.,-0.,1.));
#2605=AXIS2_PLACEMENT_3D('',#2602,#2603,#2604);
#2606=CIRCLE('',#2605,0.6);
#2607=EDGE_CURVE('',#2601,#2591,#2606,.T.);
#2608=ORIENTED_EDGE('',*,*,#2607,.F.);
#2609=CARTESIAN_POINT('',(24.898649039,17.9,-5.925863298));
#2610=DIRECTION('',(0.,1.,0.));
#2611=DIRECTION('',(0.,-0.,1.));
#2612=AXIS2_PLACEMENT_3D('',#2609,#2610,#2611);
#2613=CIRCLE('',#2612,0.6);
#2614=EDGE_CURVE('',#2591,#2601,#2613,.T.);
#2615=ORIENTED_EDGE('',*,*,#2614,.F.);
#2616=ORIENTED_EDGE('',*,*,#2598,.T.);
#2617=CARTESIAN_POINT('',(24.898649039,18.9,-5.325863298));
#2618=VERTEX_POINT('',#2617);
#2619=CARTESIAN_POINT('',(24.898649039,18.9,-5.925863298));
#2620=DIRECTION('',(0.,1.,0.));
#2621=DIRECTION('',(0.,-0.,1.));
#2622=AXIS2_PLACEMENT_3D('',#2619,#2620,#2621);
#2623=CIRCLE('',#2622,0.6);
#2624=EDGE_CURVE('',#2593,#2618,#2623,.T.);
#2625=ORIENTED_EDGE('',*,*,#2624,.T.);
#2626=CARTESIAN_POINT('',(24.898649039,18.9,-5.925863298));
#2627=DIRECTION('',(0.,1.,0.));
#2628=DIRECTION('',(0.,-0.,1.));
#2629=AXIS2_PLACEMENT_3D('',#2626,#2627,#2628);
#2630=CIRCLE('',#2629,0.6);
#2631=EDGE_CURVE('',#2618,#2593,#2630,.T.);
#2632=ORIENTED_EDGE('',*,*,#2631,.T.);
#2633=EDGE_LOOP('',(#2599,#2608,#2615,#2616,#2625,#2632));
#2634=FACE_BOUND('',#2633,.T.);
#2635=ADVANCED_FACE('',(#2634),#2589,.F.);
#2636=CARTESIAN_POINT('',(0.,13.51,0.));
#2637=DIRECTION('',(0.,-1.,0.));
#2638=DIRECTION('',(1.,0.,0.));
#2639=AXIS2_PLACEMENT_3D('',#2636,#2637,#2638);
#2640=PLANE('',#2639);
#2641=CARTESIAN_POINT('',(20.16,13.51,-1.6));
#2642=VERTEX_POINT('',#2641);
#2643=CARTESIAN_POINT('',(19.26,13.51,-1.6));
#2644=DIRECTION('',(0.,-1.,0.));
#2645=DIRECTION('',(0.,0.,-1.));
#2646=AXIS2_PLACEMENT_3D('',#2643,#2644,#2645);
#2647=CIRCLE('',#2646,0.9);
#2648=EDGE_CURVE('',#1751,#2642,#2647,.T.);
#2649=ORIENTED_EDGE('',*,*,#2648,.F.);
#2650=ORIENTED_EDGE('',*,*,#1850,.T.);
#2651=CARTESIAN_POINT('',(21.279985671,13.51,-2.258151773));
#2652=VERTEX_POINT('',#2651);
#2653=CARTESIAN_POINT('',(21.729984496,13.51,-3.037575316));
#2654=DIRECTION('',(0.,-1.,0.));
#2655=DIRECTION('',(0.,0.,-1.));
#2656=AXIS2_PLACEMENT_3D('',#2653,#2654,#2655);
#2657=CIRCLE('',#2656,0.9);
#2658=EDGE_CURVE('',#2652,#1838,#2657,.T.);
#2659=ORIENTED_EDGE('',*,*,#2658,.F.);
#2660=CARTESIAN_POINT('',(21.645712737,13.51,-2.046999154));
#2661=VERTEX_POINT('',#2660);
#2662=CARTESIAN_POINT('',(21.279985671,13.51,-2.258151773));
#2663=DIRECTION('',(0.866025404,0.,0.5));
#2664=VECTOR('',#2663,0.422305239);
#2665=LINE('',#2662,#2664);
#2666=EDGE_CURVE('',#2652,#2661,#2665,.T.);
#2667=ORIENTED_EDGE('',*,*,#2666,.T.);
#2668=CARTESIAN_POINT('',(21.323983824,13.51,-1.380023084));
#2669=VERTEX_POINT('',#2668);
#2670=CARTESIAN_POINT('',(21.910092033,13.51,-1.508386503));
#2671=DIRECTION('',(0.,1.,0.));
#2672=DIRECTION('',(0.,0.,-1.));
#2673=AXIS2_PLACEMENT_3D('',#2670,#2671,#2672);
#2674=CIRCLE('',#2673,0.6);
#2675=EDGE_CURVE('',#2661,#2669,#2674,.T.);
#2676=ORIENTED_EDGE('',*,*,#2675,.T.);
#2677=CARTESIAN_POINT('',(21.168507241,13.51,-1.008922156));
#2678=VERTEX_POINT('',#2677);
#2679=CARTESIAN_POINT('',(20.982087369,13.51,-1.305144423));
#2680=DIRECTION('',(0.,-1.,0.));
#2681=DIRECTION('',(0.,0.,-1.));
#2682=AXIS2_PLACEMENT_3D('',#2679,#2680,#2681);
#2683=CIRCLE('',#2682,0.35);
#2684=EDGE_CURVE('',#2669,#2678,#2683,.T.);
#2685=ORIENTED_EDGE('',*,*,#2684,.T.);
#2686=CARTESIAN_POINT('',(21.012293725,13.51,-0.9721271));
#2687=VERTEX_POINT('',#2686);
#2688=CARTESIAN_POINT('',(21.012293725,13.51,-1.3221271));
#2689=DIRECTION('',(0.,-1.,0.));
#2690=DIRECTION('',(0.,0.,-1.));
#2691=AXIS2_PLACEMENT_3D('',#2688,#2689,#2690);
#2692=CIRCLE('',#2691,0.35);
#2693=EDGE_CURVE('',#2678,#2687,#2692,.T.);
#2694=ORIENTED_EDGE('',*,*,#2693,.T.);
#2695=CARTESIAN_POINT('',(20.770652821,13.51,-1.068928218));
#2696=VERTEX_POINT('',#2695);
#2697=CARTESIAN_POINT('',(21.012293725,13.51,-1.3221271));
#2698=DIRECTION('',(0.,-1.,0.));
#2699=DIRECTION('',(0.,0.,-1.));
#2700=AXIS2_PLACEMENT_3D('',#2697,#2698,#2699);
#2701=CIRCLE('',#2700,0.35);
#2702=EDGE_CURVE('',#2687,#2696,#2701,.T.);
#2703=ORIENTED_EDGE('',*,*,#2702,.T.);
#2704=CARTESIAN_POINT('',(20.356411272,13.51,-1.234872992));
#2705=VERTEX_POINT('',#2704);
#2706=CARTESIAN_POINT('',(20.356411272,13.51,-0.634872992));
#2707=DIRECTION('',(0.,1.,0.));
#2708=DIRECTION('',(0.,0.,-1.));
#2709=AXIS2_PLACEMENT_3D('',#2706,#2707,#2708);
#2710=CIRCLE('',#2709,0.6);
#2711=EDGE_CURVE('',#2696,#2705,#2710,.T.);
#2712=ORIENTED_EDGE('',*,*,#2711,.T.);
#2713=CARTESIAN_POINT('',(20.16,13.51,-1.201814446));
#2714=VERTEX_POINT('',#2713);
#2715=CARTESIAN_POINT('',(20.356411272,13.51,-0.634872992));
#2716=DIRECTION('',(0.,1.,0.));
#2717=DIRECTION('',(0.,0.,-1.));
#2718=AXIS2_PLACEMENT_3D('',#2715,#2716,#2717);
#2719=CIRCLE('',#2718,0.6);
#2720=EDGE_CURVE('',#2705,#2714,#2719,.T.);
#2721=ORIENTED_EDGE('',*,*,#2720,.T.);
#2722=CARTESIAN_POINT('',(20.16,13.51,-1.6));
#2723=DIRECTION('',(0.,0.,1.));
#2724=VECTOR('',#2723,0.398185554);
#2725=LINE('',#2722,#2724);
#2726=EDGE_CURVE('',#2642,#2714,#2725,.T.);
#2727=ORIENTED_EDGE('',*,*,#2726,.F.);
#2728=EDGE_LOOP('',(#2649,#2650,#2659,#2667,#2676,#2685,#2694,#2703,#2712,#2721,#2727));
#2729=FACE_BOUND('',#2728,.T.);
#2730=ADVANCED_FACE('',(#2729),#2640,.T.);
#2731=CARTESIAN_POINT('',(-34.868713213,18.9,-13.66824156));
#2732=DIRECTION('',(0.,-1.,0.));
#2733=DIRECTION('',(0.,0.,-1.));
#2734=AXIS2_PLACEMENT_3D('',#2731,#2732,#2733);
#2735=CYLINDRICAL_SURFACE('',#2734,0.6);
#2736=CARTESIAN_POINT('',(-34.868713316,17.775229416,-14.268325674));
#2737=VERTEX_POINT('',#2736);
#2738=CARTESIAN_POINT('',(-34.868713213,18.9,-14.26824156));
#2739=VERTEX_POINT('',#2738);
#2740=CARTESIAN_POINT('',(-34.868713213,17.775229416,-14.26824156));
#2741=DIRECTION('',(-0.,1.,-0.));
#2742=VECTOR('',#2741,1.124770584);
#2743=LINE('',#2740,#2742);
#2744=EDGE_CURVE('',#2737,#2739,#2743,.T.);
#2745=ORIENTED_EDGE('',*,*,#2744,.F.);
#2746=CARTESIAN_POINT('',(-34.596279446,17.9,-14.202825363));
#2747=VERTEX_POINT('',#2746);
#2748=CARTESIAN_POINT('',(-34.596279446,17.9,-14.202825363));
#2749=CARTESIAN_POINT('',(-34.702396607,17.83997222,-14.256904275));
#2750=CARTESIAN_POINT('',(-34.826549592,17.782897448,-14.280931871));
#2751=CARTESIAN_POINT('',(-34.95617373,17.748430572,-14.261832882));
#2752=B_SPLINE_CURVE_WITH_KNOTS('',3,(#2748,#2749,#2750,#2751),.UNSPECIFIED.,.F.,.F.,(4,4),(0.001129438,0.001529466),.UNSPECIFIED.);
#2753=EDGE_CURVE('',#2747,#2737,#2752,.T.);
#2754=ORIENTED_EDGE('',*,*,#2753,.F.);
#2755=CARTESIAN_POINT('',(-34.398378307,17.9,-13.295702869));
#2756=VERTEX_POINT('',#2755);
#2757=CARTESIAN_POINT('',(-34.868713213,17.9,-13.66824156));
#2758=DIRECTION('',(0.,1.,0.));
#2759=DIRECTION('',(0.,-0.,1.));
#2760=AXIS2_PLACEMENT_3D('',#2757,#2758,#2759);
#2761=CIRCLE('',#2760,0.6);
#2762=EDGE_CURVE('',#2756,#2747,#2761,.T.);
#2763=ORIENTED_EDGE('',*,*,#2762,.F.);
#2764=CARTESIAN_POINT('',(-34.398378307,18.9,-13.295702869));
#2765=VERTEX_POINT('',#2764);
#2766=CARTESIAN_POINT('',(-34.398378307,18.9,-13.295702869));
#2767=DIRECTION('',(0.,-1.,0.));
#2768=VECTOR('',#2767,1.);
#2769=LINE('',#2766,#2768);
#2770=EDGE_CURVE('',#2765,#2756,#2769,.T.);
#2771=ORIENTED_EDGE('',*,*,#2770,.F.);
#2772=CARTESIAN_POINT('',(-34.868713213,18.9,-13.66824156));
#2773=DIRECTION('',(0.,1.,0.));
#2774=DIRECTION('',(0.,-0.,1.));
#2775=AXIS2_PLACEMENT_3D('',#2772,#2773,#2774);
#2776=CIRCLE('',#2775,0.6);
#2777=EDGE_CURVE('',#2765,#2739,#2776,.T.);
#2778=ORIENTED_EDGE('',*,*,#2777,.T.);
#2779=EDGE_LOOP('',(#2745,#2754,#2763,#2771,#2778));
#2780=FACE_BOUND('',#2779,.T.);
#2781=ADVANCED_FACE('',(#2780),#2735,.F.);
#2782=CARTESIAN_POINT('',(-34.124016279,18.9,-13.078388633));
#2783=DIRECTION('',(0.,-1.,0.));
#2784=DIRECTION('',(0.,0.,-1.));
#2785=AXIS2_PLACEMENT_3D('',#2782,#2783,#2784);
#2786=CYLINDRICAL_SURFACE('',#2785,0.35);
#2787=CARTESIAN_POINT('',(-34.42712517,18.9,-12.903388633));
#2788=VERTEX_POINT('',#2787);
#2789=CARTESIAN_POINT('',(-34.42712517,17.9,-12.903388633));
#2790=VERTEX_POINT('',#2789);
#2791=CARTESIAN_POINT('',(-34.42712517,18.9,-12.903388633));
#2792=DIRECTION('',(0.,-1.,0.));
#2793=VECTOR('',#2792,1.);
#2794=LINE('',#2791,#2793);
#2795=EDGE_CURVE('',#2788,#2790,#2794,.T.);
#2796=ORIENTED_EDGE('',*,*,#2795,.F.);
#2797=CARTESIAN_POINT('',(-34.124016279,18.9,-13.078388633));
#2798=DIRECTION('',(0.,1.,0.));
#2799=DIRECTION('',(0.,-0.,1.));
#2800=AXIS2_PLACEMENT_3D('',#2797,#2798,#2799);
#2801=CIRCLE('',#2800,0.35);
#2802=EDGE_CURVE('',#2765,#2788,#2801,.T.);
#2803=ORIENTED_EDGE('',*,*,#2802,.F.);
#2804=ORIENTED_EDGE('',*,*,#2770,.T.);
#2805=CARTESIAN_POINT('',(-34.124016279,17.9,-13.078388633));
#2806=DIRECTION('',(0.,1.,0.));
#2807=DIRECTION('',(0.,-0.,1.));
#2808=AXIS2_PLACEMENT_3D('',#2805,#2806,#2807);
#2809=CIRCLE('',#2808,0.35);
#2810=EDGE_CURVE('',#2756,#2790,#2809,.T.);
#2811=ORIENTED_EDGE('',*,*,#2810,.T.);
#2812=EDGE_LOOP('',(#2796,#2803,#2804,#2811));
#2813=FACE_BOUND('',#2812,.T.);
#2814=ADVANCED_FACE('',(#2813),#2786,.T.);
#2815=CARTESIAN_POINT('',(-34.423111947,18.9,-12.896437528));
#2816=DIRECTION('',(-0.866025404,0.,0.5));
#2817=DIRECTION('',(0.5,0.,0.866025404));
#2818=AXIS2_PLACEMENT_3D('',#2815,#2816,#2817);
#2819=PLANE('',#2818);
#2820=CARTESIAN_POINT('',(-34.419098725,18.9,-12.889486422));
#2821=VERTEX_POINT('',#2820);
#2822=CARTESIAN_POINT('',(-34.419098725,17.9,-12.889486422));
#2823=VERTEX_POINT('',#2822);
#2824=CARTESIAN_POINT('',(-34.419098725,18.9,-12.889486422));
#2825=DIRECTION('',(0.,-1.,0.));
#2826=VECTOR('',#2825,1.);
#2827=LINE('',#2824,#2826);
#2828=EDGE_CURVE('',#2821,#2823,#2827,.T.);
#2829=ORIENTED_EDGE('',*,*,#2828,.F.);
#2830=CARTESIAN_POINT('',(-34.419098725,18.9,-12.889486422));
#2831=DIRECTION('',(-0.5,0.,-0.866025404));
#2832=VECTOR('',#2831,0.01605289);
#2833=LINE('',#2830,#2832);
#2834=EDGE_CURVE('',#2821,#2788,#2833,.T.);
#2835=ORIENTED_EDGE('',*,*,#2834,.T.);
#2836=ORIENTED_EDGE('',*,*,#2795,.T.);
#2837=CARTESIAN_POINT('',(-34.419098725,17.9,-12.889486422));
#2838=DIRECTION('',(-0.5,0.,-0.866025404));
#2839=VECTOR('',#2838,0.01605289);
#2840=LINE('',#2837,#2839);
#2841=EDGE_CURVE('',#2823,#2790,#2840,.T.);
#2842=ORIENTED_EDGE('',*,*,#2841,.F.);
#2843=EDGE_LOOP('',(#2829,#2835,#2836,#2842));
#2844=FACE_BOUND('',#2843,.T.);
#2845=ADVANCED_FACE('',(#2844),#2819,.T.);
#2846=CARTESIAN_POINT('',(-34.115989834,18.9,-13.064486422));
#2847=DIRECTION('',(0.,-1.,0.));
#2848=DIRECTION('',(0.,0.,-1.));
#2849=AXIS2_PLACEMENT_3D('',#2846,#2847,#2848);
#2850=CYLINDRICAL_SURFACE('',#2849,0.35);
#2851=CARTESIAN_POINT('',(-34.064971199,17.9,-12.718224818));
#2852=VERTEX_POINT('',#2851);
#2853=CARTESIAN_POINT('',(-34.115989834,17.9,-13.064486422));
#2854=DIRECTION('',(0.,1.,0.));
#2855=DIRECTION('',(0.,-0.,1.));
#2856=AXIS2_PLACEMENT_3D('',#2853,#2854,#2855);
#2857=CIRCLE('',#2856,0.35);
#2858=EDGE_CURVE('',#2823,#2852,#2857,.T.);
#2859=ORIENTED_EDGE('',*,*,#2858,.T.);
#2860=CARTESIAN_POINT('',(-34.064971199,18.9,-12.718224818));
#2861=VERTEX_POINT('',#2860);
#2862=CARTESIAN_POINT('',(-34.064971199,18.9,-12.718224818));
#2863=DIRECTION('',(0.,-1.,0.));
#2864=VECTOR('',#2863,1.);
#2865=LINE('',#2862,#2864);
#2866=EDGE_CURVE('',#2861,#2852,#2865,.T.);
#2867=ORIENTED_EDGE('',*,*,#2866,.F.);
#2868=CARTESIAN_POINT('',(-34.115989834,18.9,-13.064486422));
#2869=DIRECTION('',(0.,1.,0.));
#2870=DIRECTION('',(0.,-0.,1.));
#2871=AXIS2_PLACEMENT_3D('',#2868,#2869,#2870);
#2872=CIRCLE('',#2871,0.35);
#2873=EDGE_CURVE('',#2821,#2861,#2872,.T.);
#2874=ORIENTED_EDGE('',*,*,#2873,.F.);
#2875=ORIENTED_EDGE('',*,*,#2828,.T.);
#2876=EDGE_LOOP('',(#2859,#2867,#2874,#2875));
#2877=FACE_BOUND('',#2876,.T.);
#2878=ADVANCED_FACE('',(#2877),#2850,.T.);
#2879=CARTESIAN_POINT('',(-33.977510682,18.9,-12.124633495));
#2880=DIRECTION('',(0.,-1.,0.));
#2881=DIRECTION('',(0.,0.,-1.));
#2882=AXIS2_PLACEMENT_3D('',#2879,#2880,#2881);
#2883=CYLINDRICAL_SURFACE('',#2882,0.6);
#2884=CARTESIAN_POINT('',(-33.977510682,17.9,-12.724633495));
#2885=VERTEX_POINT('',#2884);
#2886=CARTESIAN_POINT('',(-33.977510682,18.9,-12.724633495));
#2887=VERTEX_POINT('',#2886);
#2888=CARTESIAN_POINT('',(-33.977510682,17.9,-12.724633495));
#2889=DIRECTION('',(-0.,1.,-0.));
#2890=VECTOR('',#2889,1.);
#2891=LINE('',#2888,#2890);
#2892=EDGE_CURVE('',#2885,#2887,#2891,.T.);
#2893=ORIENTED_EDGE('',*,*,#2892,.F.);
#2894=CARTESIAN_POINT('',(-34.571133967,17.9,-12.037390189));
#2895=VERTEX_POINT('',#2894);
#2896=CARTESIAN_POINT('',(-33.977510682,17.9,-12.124633495));
#2897=DIRECTION('',(0.,1.,0.));
#2898=DIRECTION('',(0.,-0.,1.));
#2899=AXIS2_PLACEMENT_3D('',#2896,#2897,#2898);
#2900=CIRCLE('',#2899,0.6);
#2901=EDGE_CURVE('',#2895,#2885,#2900,.T.);
#2902=ORIENTED_EDGE('',*,*,#2901,.F.);
#2903=CARTESIAN_POINT('',(-34.571133967,18.9,-12.037390189));
#2904=VERTEX_POINT('',#2903);
#2905=CARTESIAN_POINT('',(-34.571133967,18.9,-12.037390189));
#2906=DIRECTION('',(0.,-1.,0.));
#2907=VECTOR('',#2906,1.);
#2908=LINE('',#2905,#2907);
#2909=EDGE_CURVE('',#2904,#2895,#2908,.T.);
#2910=ORIENTED_EDGE('',*,*,#2909,.F.);
#2911=CARTESIAN_POINT('',(-33.977510682,18.9,-12.124633495));
#2912=DIRECTION('',(0.,1.,0.));
#2913=DIRECTION('',(0.,-0.,1.));
#2914=AXIS2_PLACEMENT_3D('',#2911,#2912,#2913);
#2915=CIRCLE('',#2914,0.6);
#2916=EDGE_CURVE('',#2904,#2887,#2915,.T.);
#2917=ORIENTED_EDGE('',*,*,#2916,.T.);
#2918=EDGE_LOOP('',(#2893,#2902,#2910,#2917));
#2919=FACE_BOUND('',#2918,.T.);
#2920=ADVANCED_FACE('',(#2919),#2883,.F.);
#2921=CARTESIAN_POINT('',(-34.930867218,18.9,-11.927930933));
#2922=DIRECTION('',(0.,-1.,0.));
#2923=DIRECTION('',(0.,0.,-1.));
#2924=AXIS2_PLACEMENT_3D('',#2921,#2922,#2923);
#2925=CYLINDRICAL_SURFACE('',#2924,0.376017739);
#2926=CARTESIAN_POINT('',(-34.930867218,17.9,-12.303948673));
#2927=VERTEX_POINT('',#2926);
#2928=CARTESIAN_POINT('',(-34.930867218,18.9,-12.303948673));
#2929=VERTEX_POINT('',#2928);
#2930=CARTESIAN_POINT('',(-34.930867218,17.9,-12.303948673));
#2931=DIRECTION('',(-0.,1.,-0.));
#2932=VECTOR('',#2931,1.);
#2933=LINE('',#2930,#2932);
#2934=EDGE_CURVE('',#2927,#2929,#2933,.T.);
#2935=ORIENTED_EDGE('',*,*,#2934,.T.);
#2936=CARTESIAN_POINT('',(-34.930867218,18.9,-11.927930933));
#2937=DIRECTION('',(0.,1.,0.));
#2938=DIRECTION('',(0.,-0.,1.));
#2939=AXIS2_PLACEMENT_3D('',#2936,#2937,#2938);
#2940=CIRCLE('',#2939,0.376017739);
#2941=EDGE_CURVE('',#2904,#2929,#2940,.T.);
#2942=ORIENTED_EDGE('',*,*,#2941,.F.);
#2943=ORIENTED_EDGE('',*,*,#2909,.T.);
#2944=CARTESIAN_POINT('',(-34.930867218,17.9,-11.927930933));
#2945=DIRECTION('',(0.,1.,0.));
#2946=DIRECTION('',(0.,-0.,1.));
#2947=AXIS2_PLACEMENT_3D('',#2944,#2945,#2946);
#2948=CIRCLE('',#2947,0.376017739);
#2949=EDGE_CURVE('',#2895,#2927,#2948,.T.);
#2950=ORIENTED_EDGE('',*,*,#2949,.T.);
#2951=EDGE_LOOP('',(#2935,#2942,#2943,#2950));
#2952=FACE_BOUND('',#2951,.T.);
#2953=ADVANCED_FACE('',(#2952),#2925,.T.);
#2954=CARTESIAN_POINT('',(-30.468473605,18.9,-4.193148167));
#2955=DIRECTION('',(0.,-1.,0.));
#2956=DIRECTION('',(0.,0.,-1.));
#2957=AXIS2_PLACEMENT_3D('',#2954,#2955,#2956);
#2958=CYLINDRICAL_SURFACE('',#2957,0.373172587);
#2959=CARTESIAN_POINT('',(-30.098539844,18.9,-4.242207232));
#2960=VERTEX_POINT('',#2959);
#2961=CARTESIAN_POINT('',(-30.098539844,17.9,-4.242207232));
#2962=VERTEX_POINT('',#2961);
#2963=CARTESIAN_POINT('',(-30.098539844,18.9,-4.242207232));
#2964=DIRECTION('',(0.,-1.,0.));
#2965=VECTOR('',#2964,1.);
#2966=LINE('',#2963,#2965);
#2967=EDGE_CURVE('',#2960,#2962,#2966,.T.);
#2968=ORIENTED_EDGE('',*,*,#2967,.F.);
#2969=CARTESIAN_POINT('',(-30.577931337,18.9,-3.836389447));
#2970=VERTEX_POINT('',#2969);
#2971=CARTESIAN_POINT('',(-30.468473605,18.9,-4.193148167));
#2972=DIRECTION('',(0.,1.,0.));
#2973=DIRECTION('',(0.,-0.,1.));
#2974=AXIS2_PLACEMENT_3D('',#2971,#2972,#2973);
#2975=CIRCLE('',#2974,0.373172587);
#2976=EDGE_CURVE('',#2970,#2960,#2975,.T.);
#2977=ORIENTED_EDGE('',*,*,#2976,.F.);
#2978=CARTESIAN_POINT('',(-30.577931337,17.9,-3.836389447));
#2979=VERTEX_POINT('',#2978);
#2980=CARTESIAN_POINT('',(-30.577931337,18.9,-3.836389447));
#2981=DIRECTION('',(0.,-1.,0.));
#2982=VECTOR('',#2981,1.);
#2983=LINE('',#2980,#2982);
#2984=EDGE_CURVE('',#2970,#2979,#2983,.T.);
#2985=ORIENTED_EDGE('',*,*,#2984,.T.);
#2986=CARTESIAN_POINT('',(-30.468473605,17.9,-4.193148167));
#2987=DIRECTION('',(0.,1.,0.));
#2988=DIRECTION('',(0.,-0.,1.));
#2989=AXIS2_PLACEMENT_3D('',#2986,#2987,#2988);
#2990=CIRCLE('',#2989,0.373172587);
#2991=EDGE_CURVE('',#2979,#2962,#2990,.T.);
#2992=ORIENTED_EDGE('',*,*,#2991,.T.);
#2993=EDGE_LOOP('',(#2968,#2977,#2985,#2992));
#2994=FACE_BOUND('',#2993,.T.);
#2995=ADVANCED_FACE('',(#2994),#2958,.T.);
#2996=CARTESIAN_POINT('',(-29.521498023,18.9,-4.406593172));
#2997=DIRECTION('',(0.,-1.,0.));
#2998=DIRECTION('',(0.,0.,-1.));
#2999=AXIS2_PLACEMENT_3D('',#2996,#2997,#2998);
#3000=CYLINDRICAL_SURFACE('',#2999,0.6);
#3001=CARTESIAN_POINT('',(-29.521498023,17.9,-5.006593172));
#3002=VERTEX_POINT('',#3001);
#3003=CARTESIAN_POINT('',(-29.521498023,18.9,-5.006593172));
#3004=VERTEX_POINT('',#3003);
#3005=CARTESIAN_POINT('',(-29.521498023,17.9,-5.006593172));
#3006=DIRECTION('',(-0.,1.,-0.));
#3007=VECTOR('',#3006,1.);
#3008=LINE('',#3005,#3007);
#3009=EDGE_CURVE('',#3002,#3004,#3008,.T.);
#3010=ORIENTED_EDGE('',*,*,#3009,.F.);
#3011=CARTESIAN_POINT('',(-29.051163117,17.9,-4.034054481));
#3012=VERTEX_POINT('',#3011);
#3013=CARTESIAN_POINT('',(-29.521498023,17.9,-4.406593172));
#3014=DIRECTION('',(0.,1.,0.));
#3015=DIRECTION('',(0.,-0.,1.));
#3016=AXIS2_PLACEMENT_3D('',#3013,#3014,#3015);
#3017=CIRCLE('',#3016,0.6);
#3018=EDGE_CURVE('',#3012,#3002,#3017,.T.);
#3019=ORIENTED_EDGE('',*,*,#3018,.F.);
#3020=CARTESIAN_POINT('',(-29.051163117,18.9,-4.034054481));
#3021=VERTEX_POINT('',#3020);
#3022=CARTESIAN_POINT('',(-29.051163117,18.9,-4.034054481));
#3023=DIRECTION('',(0.,-1.,0.));
#3024=VECTOR('',#3023,1.);
#3025=LINE('',#3022,#3024);
#3026=EDGE_CURVE('',#3021,#3012,#3025,.T.);
#3027=ORIENTED_EDGE('',*,*,#3026,.F.);
#3028=CARTESIAN_POINT('',(-29.521498023,18.9,-4.406593172));
#3029=DIRECTION('',(0.,1.,0.));
#3030=DIRECTION('',(0.,-0.,1.));
#3031=AXIS2_PLACEMENT_3D('',#3028,#3029,#3030);
#3032=CIRCLE('',#3031,0.6);
#3033=EDGE_CURVE('',#3021,#3004,#3032,.T.);
#3034=ORIENTED_EDGE('',*,*,#3033,.T.);
#3035=EDGE_LOOP('',(#3010,#3019,#3027,#3034));
#3036=FACE_BOUND('',#3035,.T.);
#3037=ADVANCED_FACE('',(#3036),#3000,.F.);
#3038=CARTESIAN_POINT('',(-28.776801089,18.9,-3.816740245));
#3039=DIRECTION('',(0.,-1.,0.));
#3040=DIRECTION('',(0.,0.,-1.));
#3041=AXIS2_PLACEMENT_3D('',#3038,#3039,#3040);
#3042=CYLINDRICAL_SURFACE('',#3041,0.35);
#3043=CARTESIAN_POINT('',(-29.07990998,18.9,-3.641740245));
#3044=VERTEX_POINT('',#3043);
#3045=CARTESIAN_POINT('',(-29.07990998,17.9,-3.641740245));
#3046=VERTEX_POINT('',#3045);
#3047=CARTESIAN_POINT('',(-29.07990998,18.9,-3.641740245));
#3048=DIRECTION('',(0.,-1.,0.));
#3049=VECTOR('',#3048,1.);
#3050=LINE('',#3047,#3049);
#3051=EDGE_CURVE('',#3044,#3046,#3050,.T.);
#3052=ORIENTED_EDGE('',*,*,#3051,.F.);
#3053=CARTESIAN_POINT('',(-28.776801089,18.9,-3.816740245));
#3054=DIRECTION('',(0.,1.,0.));
#3055=DIRECTION('',(0.,-0.,1.));
#3056=AXIS2_PLACEMENT_3D('',#3053,#3054,#3055);
#3057=CIRCLE('',#3056,0.35);
#3058=EDGE_CURVE('',#3021,#3044,#3057,.T.);
#3059=ORIENTED_EDGE('',*,*,#3058,.F.);
#3060=ORIENTED_EDGE('',*,*,#3026,.T.);
#3061=CARTESIAN_POINT('',(-28.776801089,17.9,-3.816740245));
#3062=DIRECTION('',(0.,1.,0.));
#3063=DIRECTION('',(0.,-0.,1.));
#3064=AXIS2_PLACEMENT_3D('',#3061,#3062,#3063);
#3065=CIRCLE('',#3064,0.35);
#3066=EDGE_CURVE('',#3012,#3046,#3065,.T.);
#3067=ORIENTED_EDGE('',*,*,#3066,.T.);
#3068=EDGE_LOOP('',(#3052,#3059,#3060,#3067));
#3069=FACE_BOUND('',#3068,.T.);
#3070=ADVANCED_FACE('',(#3069),#3042,.T.);
#3071=CARTESIAN_POINT('',(-29.075896757,18.9,-3.63478914));
#3072=DIRECTION('',(-0.866025404,0.,0.5));
#3073=DIRECTION('',(0.5,0.,0.866025404));
#3074=AXIS2_PLACEMENT_3D('',#3071,#3072,#3073);
#3075=PLANE('',#3074);
#3076=CARTESIAN_POINT('',(-29.071883535,18.9,-3.627838034));
#3077=VERTEX_POINT('',#3076);
#3078=CARTESIAN_POINT('',(-29.071883535,17.9,-3.627838034));
#3079=VERTEX_POINT('',#3078);
#3080=CARTESIAN_POINT('',(-29.071883535,18.9,-3.627838034));
#3081=DIRECTION('',(0.,-1.,0.));
#3082=VECTOR('',#3081,1.);
#3083=LINE('',#3080,#3082);
#3084=EDGE_CURVE('',#3077,#3079,#3083,.T.);
#3085=ORIENTED_EDGE('',*,*,#3084,.F.);
#3086=CARTESIAN_POINT('',(-29.071883535,18.9,-3.627838034));
#3087=DIRECTION('',(-0.5,0.,-0.866025404));
#3088=VECTOR('',#3087,0.01605289);
#3089=LINE('',#3086,#3088);
#3090=EDGE_CURVE('',#3077,#3044,#3089,.T.);
#3091=ORIENTED_EDGE('',*,*,#3090,.T.);
#3092=ORIENTED_EDGE('',*,*,#3051,.T.);
#3093=CARTESIAN_POINT('',(-29.071883535,17.9,-3.627838034));
#3094=DIRECTION('',(-0.5,0.,-0.866025404));
#3095=VECTOR('',#3094,0.01605289);
#3096=LINE('',#3093,#3095);
#3097=EDGE_CURVE('',#3079,#3046,#3096,.T.);
#3098=ORIENTED_EDGE('',*,*,#3097,.F.);
#3099=EDGE_LOOP('',(#3085,#3091,#3092,#3098));
#3100=FACE_BOUND('',#3099,.T.);
#3101=ADVANCED_FACE('',(#3100),#3075,.T.);
#3102=CARTESIAN_POINT('',(-28.768774644,18.9,-3.802838034));
#3103=DIRECTION('',(0.,-1.,0.));
#3104=DIRECTION('',(0.,0.,-1.));
#3105=AXIS2_PLACEMENT_3D('',#3102,#3103,#3104);
#3106=CYLINDRICAL_SURFACE('',#3105,0.35);
#3107=CARTESIAN_POINT('',(-28.717756009,18.9,-3.45657643));
#3108=VERTEX_POINT('',#3107);
#3109=CARTESIAN_POINT('',(-28.717756009,17.9,-3.45657643));
#3110=VERTEX_POINT('',#3109);
#3111=CARTESIAN_POINT('',(-28.717756009,18.9,-3.45657643));
#3112=DIRECTION('',(0.,-1.,0.));
#3113=VECTOR('',#3112,1.);
#3114=LINE('',#3111,#3113);
#3115=EDGE_CURVE('',#3108,#3110,#3114,.T.);
#3116=ORIENTED_EDGE('',*,*,#3115,.F.);
#3117=CARTESIAN_POINT('',(-28.768774644,18.9,-3.802838034));
#3118=DIRECTION('',(0.,1.,0.));
#3119=DIRECTION('',(0.,-0.,1.));
#3120=AXIS2_PLACEMENT_3D('',#3117,#3118,#3119);
#3121=CIRCLE('',#3120,0.35);
#3122=EDGE_CURVE('',#3077,#3108,#3121,.T.);
#3123=ORIENTED_EDGE('',*,*,#3122,.F.);
#3124=ORIENTED_EDGE('',*,*,#3084,.T.);
#3125=CARTESIAN_POINT('',(-28.768774644,17.9,-3.802838034));
#3126=DIRECTION('',(0.,1.,0.));
#3127=DIRECTION('',(0.,-0.,1.));
#3128=AXIS2_PLACEMENT_3D('',#3125,#3126,#3127);
#3129=CIRCLE('',#3128,0.35);
#3130=EDGE_CURVE('',#3079,#3110,#3129,.T.);
#3131=ORIENTED_EDGE('',*,*,#3130,.T.);
#3132=EDGE_LOOP('',(#3116,#3123,#3124,#3131));
#3133=FACE_BOUND('',#3132,.T.);
#3134=ADVANCED_FACE('',(#3133),#3106,.T.);
#3135=CARTESIAN_POINT('',(-28.630295492,18.9,-2.862985107));
#3136=DIRECTION('',(0.,-1.,0.));
#3137=DIRECTION('',(0.,0.,-1.));
#3138=AXIS2_PLACEMENT_3D('',#3135,#3136,#3137);
#3139=CYLINDRICAL_SURFACE('',#3138,0.6);
#3140=CARTESIAN_POINT('',(-28.630295492,17.9,-3.462985107));
#3141=VERTEX_POINT('',#3140);
#3142=CARTESIAN_POINT('',(-28.630295492,18.9,-3.462985107));
#3143=VERTEX_POINT('',#3142);
#3144=CARTESIAN_POINT('',(-28.630295492,17.9,-3.462985107));
#3145=DIRECTION('',(-0.,1.,-0.));
#3146=VECTOR('',#3145,1.);
#3147=LINE('',#3144,#3146);
#3148=EDGE_CURVE('',#3141,#3143,#3147,.T.);
#3149=ORIENTED_EDGE('',*,*,#3148,.F.);
#3150=CARTESIAN_POINT('',(-28.303265016,17.9,-3.366026923));
#3151=VERTEX_POINT('',#3150);
#3152=CARTESIAN_POINT('',(-28.630295492,17.9,-2.862985107));
#3153=DIRECTION('',(0.,1.,0.));
#3154=DIRECTION('',(0.,-0.,1.));
#3155=AXIS2_PLACEMENT_3D('',#3152,#3153,#3154);
#3156=CIRCLE('',#3155,0.6);
#3157=EDGE_CURVE('',#3151,#3141,#3156,.T.);
#3158=ORIENTED_EDGE('',*,*,#3157,.F.);
#3159=CARTESIAN_POINT('',(-28.303265016,18.9,-3.366026923));
#3160=VERTEX_POINT('',#3159);
#3161=CARTESIAN_POINT('',(-28.303265016,18.9,-3.366026923));
#3162=DIRECTION('',(0.,-1.,0.));
#3163=VECTOR('',#3162,1.);
#3164=LINE('',#3161,#3163);
#3165=EDGE_CURVE('',#3160,#3151,#3164,.T.);
#3166=ORIENTED_EDGE('',*,*,#3165,.F.);
#3167=CARTESIAN_POINT('',(-28.630295492,18.9,-2.862985107));
#3168=DIRECTION('',(0.,1.,0.));
#3169=DIRECTION('',(0.,-0.,1.));
#3170=AXIS2_PLACEMENT_3D('',#3167,#3168,#3169);
#3171=CIRCLE('',#3170,0.6);
#3172=EDGE_CURVE('',#3160,#3143,#3171,.T.);
#3173=ORIENTED_EDGE('',*,*,#3172,.T.);
#3174=EDGE_LOOP('',(#3149,#3158,#3166,#3173));
#3175=FACE_BOUND('',#3174,.T.);
#3176=ADVANCED_FACE('',(#3175),#3139,.F.);
#3177=CARTESIAN_POINT('',(-28.623240725,18.9,-2.858468507));
#3178=DIRECTION('',(0.,-1.,0.));
#3179=DIRECTION('',(0.,0.,-1.));
#3180=AXIS2_PLACEMENT_3D('',#3177,#3178,#3179);
#3181=CYLINDRICAL_SURFACE('',#3180,0.6);
#3182=CARTESIAN_POINT('',(-28.111269068,17.236995999,-2.545602686));
#3183=VERTEX_POINT('',#3182);
#3184=CARTESIAN_POINT('',(-28.299631345,17.9,-3.36371792));
#3185=VERTEX_POINT('',#3184);
#3186=CARTESIAN_POINT('',(-28.111269068,17.236995999,-2.545602686));
#3187=CARTESIAN_POINT('',(-28.066758126,17.282509319,-2.61844011));
#3188=CARTESIAN_POINT('',(-28.041888889,17.336928663,-2.691713206));
#3189=CARTESIAN_POINT('',(-28.030279967,17.395207941,-2.766830418));
#3190=CARTESIAN_POINT('',(-28.018671046,17.453487219,-2.841947629));
#3191=CARTESIAN_POINT('',(-28.021427671,17.513808875,-2.916126587));
#3192=CARTESIAN_POINT('',(-28.037510964,17.573589696,-2.988547894));
#3193=CARTESIAN_POINT('',(-28.053594257,17.633370517,-3.060969201));
#3194=CARTESIAN_POINT('',(-28.083361287,17.692473239,-3.131384346));
#3195=CARTESIAN_POINT('',(-28.126667299,17.747473819,-3.195239694));
#3196=CARTESIAN_POINT('',(-28.16997331,17.802474398,-3.259095042));
#3197=CARTESIAN_POINT('',(-28.228039491,17.854626055,-3.317863743));
#3198=CARTESIAN_POINT('',(-28.299631345,17.9,-3.36371792));
#3199=B_SPLINE_CURVE_WITH_KNOTS('',3,(#3186,#3187,#3188,#3189,#3190,#3191,#3192,#3193,#3194,#3195,#3196,#3197,#3198),.UNSPECIFIED.,.F.,.F.,(4,3,3,3,4),(0.,0.000283754,0.000567507,0.000851261,0.001135015),.UNSPECIFIED.);
#3200=EDGE_CURVE('',#3183,#3185,#3199,.T.);
#3201=ORIENTED_EDGE('',*,*,#3200,.F.);
#3202=CARTESIAN_POINT('',(-28.111269068,18.9,-2.545602686));
#3203=VERTEX_POINT('',#3202);
#3204=CARTESIAN_POINT('',(-28.111269068,17.236995999,-2.545602686));
#3205=DIRECTION('',(-0.,1.,-0.));
#3206=VECTOR('',#3205,1.663004001);
#3207=LINE('',#3204,#3206);
#3208=EDGE_CURVE('',#3183,#3203,#3207,.T.);
#3209=ORIENTED_EDGE('',*,*,#3208,.T.);
#3210=CARTESIAN_POINT('',(-28.623240725,18.9,-2.858468507));
#3211=DIRECTION('',(0.,1.,0.));
#3212=DIRECTION('',(0.,-0.,1.));
#3213=AXIS2_PLACEMENT_3D('',#3210,#3211,#3212);
#3214=CIRCLE('',#3213,0.6);
#3215=EDGE_CURVE('',#3203,#3160,#3214,.T.);
#3216=ORIENTED_EDGE('',*,*,#3215,.T.);
#3217=ORIENTED_EDGE('',*,*,#3165,.T.);
#3218=CARTESIAN_POINT('',(-28.623240725,17.9,-2.858468507));
#3219=DIRECTION('',(0.,1.,0.));
#3220=DIRECTION('',(0.,-0.,1.));
#3221=AXIS2_PLACEMENT_3D('',#3218,#3219,#3220);
#3222=CIRCLE('',#3221,0.6);
#3223=EDGE_CURVE('',#3185,#3151,#3222,.T.);
#3224=ORIENTED_EDGE('',*,*,#3223,.F.);
#3225=EDGE_LOOP('',(#3201,#3209,#3216,#3217,#3224));
#3226=FACE_BOUND('',#3225,.T.);
#3227=ADVANCED_FACE('',(#3226),#3181,.F.);
#3228=CARTESIAN_POINT('',(-27.439694051,18.9,-1.525739341));
#3229=DIRECTION('',(0.,-1.,0.));
#3230=DIRECTION('',(0.,0.,-1.));
#3231=AXIS2_PLACEMENT_3D('',#3228,#3229,#3230);
#3232=CYLINDRICAL_SURFACE('',#3231,0.6);
#3233=CARTESIAN_POINT('',(-27.439693959,16.052430821,-2.125785757));
#3234=VERTEX_POINT('',#3233);
#3235=CARTESIAN_POINT('',(-27.439694051,18.9,-2.125739341));
#3236=VERTEX_POINT('',#3235);
#3237=CARTESIAN_POINT('',(-27.439694051,16.052430821,-2.125739341));
#3238=DIRECTION('',(-0.,1.,-0.));
#3239=VECTOR('',#3238,2.847569179);
#3240=LINE('',#3237,#3239);
#3241=EDGE_CURVE('',#3234,#3236,#3240,.T.);
#3242=ORIENTED_EDGE('',*,*,#3241,.F.);
#3243=CARTESIAN_POINT('',(-27.164859511,14.9,-2.059092859));
#3244=VERTEX_POINT('',#3243);
#3245=CARTESIAN_POINT('',(-27.164859511,14.9,-2.059092859));
#3246=CARTESIAN_POINT('',(-27.164859511,15.028608781,-2.059092859));
#3247=CARTESIAN_POINT('',(-27.172146604,15.155796923,-2.063049701));
#3248=CARTESIAN_POINT('',(-27.187439297,15.281495546,-2.070135832));
#3249=CARTESIAN_POINT('',(-27.20273199,15.407194168,-2.077221962));
#3250=CARTESIAN_POINT('',(-27.225879457,15.531421508,-2.087546494));
#3251=CARTESIAN_POINT('',(-27.260873694,15.65368022,-2.098472507));
#3252=CARTESIAN_POINT('',(-27.29586793,15.775938933,-2.10939852));
#3253=CARTESIAN_POINT('',(-27.342842576,15.897920535,-2.121763185));
#3254=CARTESIAN_POINT('',(-27.410769579,16.008176198,-2.125041748));
#3255=CARTESIAN_POINT('',(-27.444733081,16.063304029,-2.126681029));
#3256=CARTESIAN_POINT('',(-27.483335995,16.114720404,-2.126025796));
#3257=CARTESIAN_POINT('',(-27.530211367,16.159428254,-2.118872223));
#3258=CARTESIAN_POINT('',(-27.577086739,16.204136105,-2.11171865));
#3259=CARTESIAN_POINT('',(-27.63170138,16.240693454,-2.097779069));
#3260=CARTESIAN_POINT('',(-27.689874247,16.25492452,-2.071092318));
#3261=B_SPLINE_CURVE_WITH_KNOTS('',3,(#3245,#3246,#3247,#3248,#3249,#3250,#3251,#3252,#3253,#3254,#3255,#3256,#3257,#3258,#3259,#3260),.UNSPECIFIED.,.F.,.F.,(4,3,3,3,3,4),(0.,0.000380156,0.000760312,0.001140468,0.001330546,0.001520624),.UNSPECIFIED.);
#3262=EDGE_CURVE('',#3244,#3234,#3261,.T.);
#3263=ORIENTED_EDGE('',*,*,#3262,.F.);
#3264=CARTESIAN_POINT('',(-27.164859511,13.51,-2.059092859));
#3265=VERTEX_POINT('',#3264);
#3266=CARTESIAN_POINT('',(-27.164859511,14.9,-2.059092859));
#3267=DIRECTION('',(0.,-1.,0.));
#3268=VECTOR('',#3267,1.39);
#3269=LINE('',#3266,#3268);
#3270=EDGE_CURVE('',#3244,#3265,#3269,.T.);
#3271=ORIENTED_EDGE('',*,*,#3270,.T.);
#3272=CARTESIAN_POINT('',(-26.854457086,13.51,-1.393460488));
#3273=VERTEX_POINT('',#3272);
#3274=CARTESIAN_POINT('',(-27.439694051,13.51,-1.525739341));
#3275=DIRECTION('',(0.,1.,0.));
#3276=DIRECTION('',(0.,0.,-1.));
#3277=AXIS2_PLACEMENT_3D('',#3274,#3275,#3276);
#3278=CIRCLE('',#3277,0.6);
#3279=EDGE_CURVE('',#3273,#3265,#3278,.T.);
#3280=ORIENTED_EDGE('',*,*,#3279,.F.);
#3281=CARTESIAN_POINT('',(-26.854457086,18.9,-1.393460488));
#3282=VERTEX_POINT('',#3281);
#3283=CARTESIAN_POINT('',(-26.854457086,13.51,-1.393460488));
#3284=DIRECTION('',(-0.,1.,-0.));
#3285=VECTOR('',#3284,5.39);
#3286=LINE('',#3283,#3285);
#3287=EDGE_CURVE('',#3273,#3282,#3286,.T.);
#3288=ORIENTED_EDGE('',*,*,#3287,.T.);
#3289=CARTESIAN_POINT('',(-27.439694051,18.9,-1.525739341));
#3290=DIRECTION('',(0.,1.,0.));
#3291=DIRECTION('',(0.,-0.,1.));
#3292=AXIS2_PLACEMENT_3D('',#3289,#3290,#3291);
#3293=CIRCLE('',#3292,0.6);
#3294=EDGE_CURVE('',#3282,#3236,#3293,.T.);
#3295=ORIENTED_EDGE('',*,*,#3294,.T.);
#3296=EDGE_LOOP('',(#3242,#3263,#3271,#3280,#3288,#3295));
#3297=FACE_BOUND('',#3296,.T.);
#3298=ADVANCED_FACE('',(#3297),#3232,.F.);
#3299=CARTESIAN_POINT('',(-30.412700555,18.9,-5.950201237));
#3300=DIRECTION('',(0.,-1.,0.));
#3301=DIRECTION('',(0.,0.,-1.));
#3302=AXIS2_PLACEMENT_3D('',#3299,#3300,#3301);
#3303=CYLINDRICAL_SURFACE('',#3302,0.6);
#3304=CARTESIAN_POINT('',(-30.412700555,17.9,-6.550201237));
#3305=VERTEX_POINT('',#3304);
#3306=CARTESIAN_POINT('',(-30.412700555,18.9,-6.550201237));
#3307=VERTEX_POINT('',#3306);
#3308=CARTESIAN_POINT('',(-30.412700555,17.9,-6.550201237));
#3309=DIRECTION('',(-0.,1.,-0.));
#3310=VECTOR('',#3309,1.);
#3311=LINE('',#3308,#3310);
#3312=EDGE_CURVE('',#3305,#3307,#3311,.T.);
#3313=ORIENTED_EDGE('',*,*,#3312,.F.);
#3314=CARTESIAN_POINT('',(-30.412700555,17.9,-5.350201237));
#3315=VERTEX_POINT('',#3314);
#3316=CARTESIAN_POINT('',(-30.412700555,17.9,-5.950201237));
#3317=DIRECTION('',(0.,1.,0.));
#3318=DIRECTION('',(0.,-0.,1.));
#3319=AXIS2_PLACEMENT_3D('',#3316,#3317,#3318);
#3320=CIRCLE('',#3319,0.6);
#3321=EDGE_CURVE('',#3315,#3305,#3320,.T.);
#3322=ORIENTED_EDGE('',*,*,#3321,.F.);
#3323=CARTESIAN_POINT('',(-30.412700555,17.9,-5.950201237));
#3324=DIRECTION('',(0.,1.,0.));
#3325=DIRECTION('',(0.,-0.,1.));
#3326=AXIS2_PLACEMENT_3D('',#3323,#3324,#3325);
#3327=CIRCLE('',#3326,0.6);
#3328=EDGE_CURVE('',#3305,#3315,#3327,.T.);
#3329=ORIENTED_EDGE('',*,*,#3328,.F.);
#3330=ORIENTED_EDGE('',*,*,#3312,.T.);
#3331=CARTESIAN_POINT('',(-30.412700555,18.9,-5.350201237));
#3332=VERTEX_POINT('',#3331);
#3333=CARTESIAN_POINT('',(-30.412700555,18.9,-5.950201237));
#3334=DIRECTION('',(0.,1.,0.));
#3335=DIRECTION('',(0.,-0.,1.));
#3336=AXIS2_PLACEMENT_3D('',#3333,#3334,#3335);
#3337=CIRCLE('',#3336,0.6);
#3338=EDGE_CURVE('',#3307,#3332,#3337,.T.);
#3339=ORIENTED_EDGE('',*,*,#3338,.T.);
#3340=CARTESIAN_POINT('',(-30.412700555,18.9,-5.950201237));
#3341=DIRECTION('',(0.,1.,0.));
#3342=DIRECTION('',(0.,-0.,1.));
#3343=AXIS2_PLACEMENT_3D('',#3340,#3341,#3342);
#3344=CIRCLE('',#3343,0.6);
#3345=EDGE_CURVE('',#3332,#3307,#3344,.T.);
#3346=ORIENTED_EDGE('',*,*,#3345,.T.);
#3347=EDGE_LOOP('',(#3313,#3322,#3329,#3330,#3339,#3346));
#3348=FACE_BOUND('',#3347,.T.);
#3349=ADVANCED_FACE('',(#3348),#3303,.F.);
#3350=CARTESIAN_POINT('',(-31.303903087,18.9,-7.493809301));
#3351=DIRECTION('',(0.,-1.,0.));
#3352=DIRECTION('',(0.,0.,-1.));
#3353=AXIS2_PLACEMENT_3D('',#3350,#3351,#3352);
#3354=CYLINDRICAL_SURFACE('',#3353,0.6);
#3355=CARTESIAN_POINT('',(-31.303903087,17.9,-8.093809301));
#3356=VERTEX_POINT('',#3355);
#3357=CARTESIAN_POINT('',(-31.303903087,18.9,-8.093809301));
#3358=VERTEX_POINT('',#3357);
#3359=CARTESIAN_POINT('',(-31.303903087,17.9,-8.093809301));
#3360=DIRECTION('',(-0.,1.,-0.));
#3361=VECTOR('',#3360,1.);
#3362=LINE('',#3359,#3361);
#3363=EDGE_CURVE('',#3356,#3358,#3362,.T.);
#3364=ORIENTED_EDGE('',*,*,#3363,.F.);
#3365=CARTESIAN_POINT('',(-31.303903087,17.9,-6.893809301));
#3366=VERTEX_POINT('',#3365);
#3367=CARTESIAN_POINT('',(-31.303903087,17.9,-7.493809301));
#3368=DIRECTION('',(0.,1.,0.));
#3369=DIRECTION('',(0.,-0.,1.));
#3370=AXIS2_PLACEMENT_3D('',#3367,#3368,#3369);
#3371=CIRCLE('',#3370,0.6);
#3372=EDGE_CURVE('',#3366,#3356,#3371,.T.);
#3373=ORIENTED_EDGE('',*,*,#3372,.F.);
#3374=CARTESIAN_POINT('',(-31.303903087,17.9,-7.493809301));
#3375=DIRECTION('',(0.,1.,0.));
#3376=DIRECTION('',(0.,-0.,1.));
#3377=AXIS2_PLACEMENT_3D('',#3374,#3375,#3376);
#3378=CIRCLE('',#3377,0.6);
#3379=EDGE_CURVE('',#3356,#3366,#3378,.T.);
#3380=ORIENTED_EDGE('',*,*,#3379,.F.);
#3381=ORIENTED_EDGE('',*,*,#3363,.T.);
#3382=CARTESIAN_POINT('',(-31.303903087,18.9,-6.893809301));
#3383=VERTEX_POINT('',#3382);
#3384=CARTESIAN_POINT('',(-31.303903087,18.9,-7.493809301));
#3385=DIRECTION('',(0.,1.,0.));
#3386=DIRECTION('',(0.,-0.,1.));
#3387=AXIS2_PLACEMENT_3D('',#3384,#3385,#3386);
#3388=CIRCLE('',#3387,0.6);
#3389=EDGE_CURVE('',#3358,#3383,#3388,.T.);
#3390=ORIENTED_EDGE('',*,*,#3389,.T.);
#3391=CARTESIAN_POINT('',(-31.303903087,18.9,-7.493809301));
#3392=DIRECTION('',(0.,1.,0.));
#3393=DIRECTION('',(0.,-0.,1.));
#3394=AXIS2_PLACEMENT_3D('',#3391,#3392,#3393);
#3395=CIRCLE('',#3394,0.6);
#3396=EDGE_CURVE('',#3383,#3358,#3395,.T.);
#3397=ORIENTED_EDGE('',*,*,#3396,.T.);
#3398=EDGE_LOOP('',(#3364,#3373,#3380,#3381,#3390,#3397));
#3399=FACE_BOUND('',#3398,.T.);
#3400=ADVANCED_FACE('',(#3399),#3354,.F.);
#3401=CARTESIAN_POINT('',(-32.195105618,18.9,-9.037417366));
#3402=DIRECTION('',(0.,-1.,0.));
#3403=DIRECTION('',(0.,0.,-1.));
#3404=AXIS2_PLACEMENT_3D('',#3401,#3402,#3403);
#3405=CYLINDRICAL_SURFACE('',#3404,0.6);
#3406=CARTESIAN_POINT('',(-32.195105618,17.9,-9.637417366));
#3407=VERTEX_POINT('',#3406);
#3408=CARTESIAN_POINT('',(-32.195105618,18.9,-9.637417366));
#3409=VERTEX_POINT('',#3408);
#3410=CARTESIAN_POINT('',(-32.195105618,17.9,-9.637417366));
#3411=DIRECTION('',(-0.,1.,-0.));
#3412=VECTOR('',#3411,1.);
#3413=LINE('',#3410,#3412);
#3414=EDGE_CURVE('',#3407,#3409,#3413,.T.);
#3415=ORIENTED_EDGE('',*,*,#3414,.F.);
#3416=CARTESIAN_POINT('',(-32.195105618,17.9,-8.437417366));
#3417=VERTEX_POINT('',#3416);
#3418=CARTESIAN_POINT('',(-32.195105618,17.9,-9.037417366));
#3419=DIRECTION('',(0.,1.,0.));
#3420=DIRECTION('',(0.,-0.,1.));
#3421=AXIS2_PLACEMENT_3D('',#3418,#3419,#3420);
#3422=CIRCLE('',#3421,0.6);
#3423=EDGE_CURVE('',#3417,#3407,#3422,.T.);
#3424=ORIENTED_EDGE('',*,*,#3423,.F.);
#3425=CARTESIAN_POINT('',(-32.195105618,17.9,-9.037417366));
#3426=DIRECTION('',(0.,1.,0.));
#3427=DIRECTION('',(0.,-0.,1.));
#3428=AXIS2_PLACEMENT_3D('',#3425,#3426,#3427);
#3429=CIRCLE('',#3428,0.6);
#3430=EDGE_CURVE('',#3407,#3417,#3429,.T.);
#3431=ORIENTED_EDGE('',*,*,#3430,.F.);
#3432=ORIENTED_EDGE('',*,*,#3414,.T.);
#3433=CARTESIAN_POINT('',(-32.195105618,18.9,-8.437417366));
#3434=VERTEX_POINT('',#3433);
#3435=CARTESIAN_POINT('',(-32.195105618,18.9,-9.037417366));
#3436=DIRECTION('',(0.,1.,0.));
#3437=DIRECTION('',(0.,-0.,1.));
#3438=AXIS2_PLACEMENT_3D('',#3435,#3436,#3437);
#3439=CIRCLE('',#3438,0.6);
#3440=EDGE_CURVE('',#3409,#3434,#3439,.T.);
#3441=ORIENTED_EDGE('',*,*,#3440,.T.);
#3442=CARTESIAN_POINT('',(-32.195105618,18.9,-9.037417366));
#3443=DIRECTION('',(0.,1.,0.));
#3444=DIRECTION('',(0.,-0.,1.));
#3445=AXIS2_PLACEMENT_3D('',#3442,#3443,#3444);
#3446=CIRCLE('',#3445,0.6);
#3447=EDGE_CURVE('',#3434,#3409,#3446,.T.);
#3448=ORIENTED_EDGE('',*,*,#3447,.T.);
#3449=EDGE_LOOP('',(#3415,#3424,#3431,#3432,#3441,#3448));
#3450=FACE_BOUND('',#3449,.T.);
#3451=ADVANCED_FACE('',(#3450),#3405,.F.);
#3452=CARTESIAN_POINT('',(-33.08630815,18.9,-10.581025431));
#3453=DIRECTION('',(0.,-1.,0.));
#3454=DIRECTION('',(0.,0.,-1.));
#3455=AXIS2_PLACEMENT_3D('',#3452,#3453,#3454);
#3456=CYLINDRICAL_SURFACE('',#3455,0.6);
#3457=CARTESIAN_POINT('',(-33.08630815,17.9,-11.181025431));
#3458=VERTEX_POINT('',#3457);
#3459=CARTESIAN_POINT('',(-33.08630815,18.9,-11.181025431));
#3460=VERTEX_POINT('',#3459);
#3461=CARTESIAN_POINT('',(-33.08630815,17.9,-11.181025431));
#3462=DIRECTION('',(-0.,1.,-0.));
#3463=VECTOR('',#3462,1.);
#3464=LINE('',#3461,#3463);
#3465=EDGE_CURVE('',#3458,#3460,#3464,.T.);
#3466=ORIENTED_EDGE('',*,*,#3465,.F.);
#3467=CARTESIAN_POINT('',(-33.08630815,17.9,-9.981025431));
#3468=VERTEX_POINT('',#3467);
#3469=CARTESIAN_POINT('',(-33.08630815,17.9,-10.581025431));
#3470=DIRECTION('',(0.,1.,0.));
#3471=DIRECTION('',(0.,-0.,1.));
#3472=AXIS2_PLACEMENT_3D('',#3469,#3470,#3471);
#3473=CIRCLE('',#3472,0.6);
#3474=EDGE_CURVE('',#3468,#3458,#3473,.T.);
#3475=ORIENTED_EDGE('',*,*,#3474,.F.);
#3476=CARTESIAN_POINT('',(-33.08630815,17.9,-10.581025431));
#3477=DIRECTION('',(0.,1.,0.));
#3478=DIRECTION('',(0.,-0.,1.));
#3479=AXIS2_PLACEMENT_3D('',#3476,#3477,#3478);
#3480=CIRCLE('',#3479,0.6);
#3481=EDGE_CURVE('',#3458,#3468,#3480,.T.);
#3482=ORIENTED_EDGE('',*,*,#3481,.F.);
#3483=ORIENTED_EDGE('',*,*,#3465,.T.);
#3484=CARTESIAN_POINT('',(-33.08630815,18.9,-9.981025431));
#3485=VERTEX_POINT('',#3484);
#3486=CARTESIAN_POINT('',(-33.08630815,18.9,-10.581025431));
#3487=DIRECTION('',(0.,1.,0.));
#3488=DIRECTION('',(0.,-0.,1.));
#3489=AXIS2_PLACEMENT_3D('',#3486,#3487,#3488);
#3490=CIRCLE('',#3489,0.6);
#3491=EDGE_CURVE('',#3460,#3485,#3490,.T.);
#3492=ORIENTED_EDGE('',*,*,#3491,.T.);
#3493=CARTESIAN_POINT('',(-33.08630815,18.9,-10.581025431));
#3494=DIRECTION('',(0.,1.,0.));
#3495=DIRECTION('',(0.,-0.,1.));
#3496=AXIS2_PLACEMENT_3D('',#3493,#3494,#3495);
#3497=CIRCLE('',#3496,0.6);
#3498=EDGE_CURVE('',#3485,#3460,#3497,.T.);
#3499=ORIENTED_EDGE('',*,*,#3498,.T.);
#3500=EDGE_LOOP('',(#3466,#3475,#3482,#3483,#3492,#3499));
#3501=FACE_BOUND('',#3500,.T.);
#3502=ADVANCED_FACE('',(#3501),#3456,.F.);
#3503=CARTESIAN_POINT('',(0.,13.51,0.));
#3504=DIRECTION('',(0.,-1.,0.));
#3505=DIRECTION('',(1.,0.,0.));
#3506=AXIS2_PLACEMENT_3D('',#3503,#3504,#3505);
#3507=PLANE('',#3506);
#3508=CARTESIAN_POINT('',(-25.68,13.51,-1.6));
#3509=VERTEX_POINT('',#3508);
#3510=CARTESIAN_POINT('',(-24.78,13.51,-1.6));
#3511=DIRECTION('',(0.,-1.,0.));
#3512=DIRECTION('',(0.,0.,-1.));
#3513=AXIS2_PLACEMENT_3D('',#3510,#3511,#3512);
#3514=CIRCLE('',#3513,0.9);
#3515=EDGE_CURVE('',#3509,#33,#3514,.T.);
#3516=ORIENTED_EDGE('',*,*,#3515,.F.);
#3517=CARTESIAN_POINT('',(-25.68,13.51,-1.6));
#3518=DIRECTION('',(0.,0.,1.));
#3519=VECTOR('',#3518,0.395863691);
#3520=LINE('',#3517,#3519);
#3521=EDGE_CURVE('',#3509,#158,#3520,.T.);
#3522=ORIENTED_EDGE('',*,*,#3521,.T.);
#3523=ORIENTED_EDGE('',*,*,#164,.T.);
#3524=CARTESIAN_POINT('',(-26.30321309,13.51,-1.079034438));
#3525=VERTEX_POINT('',#3524);
#3526=CARTESIAN_POINT('',(-25.891447688,13.51,-0.642629519));
#3527=DIRECTION('',(0.,1.,0.));
#3528=DIRECTION('',(0.,0.,-1.));
#3529=AXIS2_PLACEMENT_3D('',#3526,#3527,#3528);
#3530=CIRCLE('',#3529,0.6);
#3531=EDGE_CURVE('',#148,#3525,#3530,.T.);
#3532=ORIENTED_EDGE('',*,*,#3531,.T.);
#3533=CARTESIAN_POINT('',(-26.543409574,13.51,-0.983603975));
#3534=VERTEX_POINT('',#3533);
#3535=CARTESIAN_POINT('',(-26.543409574,13.51,-1.333603975));
#3536=DIRECTION('',(0.,-1.,0.));
#3537=DIRECTION('',(0.,0.,-1.));
#3538=AXIS2_PLACEMENT_3D('',#3535,#3536,#3537);
#3539=CIRCLE('',#3538,0.35);
#3540=EDGE_CURVE('',#3525,#3534,#3539,.T.);
#3541=ORIENTED_EDGE('',*,*,#3540,.T.);
#3542=CARTESIAN_POINT('',(-26.701434567,13.51,-1.021309079));
#3543=VERTEX_POINT('',#3542);
#3544=CARTESIAN_POINT('',(-26.543409574,13.51,-1.333603975));
#3545=DIRECTION('',(0.,-1.,0.));
#3546=DIRECTION('',(0.,0.,-1.));
#3547=AXIS2_PLACEMENT_3D('',#3544,#3545,#3546);
#3548=CIRCLE('',#3547,0.35);
#3549=EDGE_CURVE('',#3534,#3543,#3548,.T.);
#3550=ORIENTED_EDGE('',*,*,#3549,.T.);
#3551=CARTESIAN_POINT('',(-26.513068857,13.51,-1.316297823));
#3552=DIRECTION('',(0.,-1.,0.));
#3553=DIRECTION('',(0.,0.,-1.));
#3554=AXIS2_PLACEMENT_3D('',#3551,#3552,#3553);
#3555=CIRCLE('',#3554,0.35);
#3556=EDGE_CURVE('',#3543,#3273,#3555,.T.);
#3557=ORIENTED_EDGE('',*,*,#3556,.T.);
#3558=ORIENTED_EDGE('',*,*,#3279,.T.);
#3559=CARTESIAN_POINT('',(-26.790007917,13.51,-2.275513528));
#3560=VERTEX_POINT('',#3559);
#3561=CARTESIAN_POINT('',(-27.164859511,13.51,-2.059092859));
#3562=DIRECTION('',(0.866025404,0.,-0.5));
#3563=VECTOR('',#3562,0.432841337);
#3564=LINE('',#3561,#3563);
#3565=EDGE_CURVE('',#3265,#3560,#3564,.T.);
#3566=ORIENTED_EDGE('',*,*,#3565,.T.);
#3567=CARTESIAN_POINT('',(-27.240007917,13.51,-3.054936391));
#3568=DIRECTION('',(0.,-1.,0.));
#3569=DIRECTION('',(0.,0.,-1.));
#3570=AXIS2_PLACEMENT_3D('',#3567,#3568,#3569);
#3571=CIRCLE('',#3570,0.9);
#3572=EDGE_CURVE('',#43,#3560,#3571,.T.);
#3573=ORIENTED_EDGE('',*,*,#3572,.F.);
#3574=ORIENTED_EDGE('',*,*,#49,.T.);
#3575=EDGE_LOOP('',(#3516,#3522,#3523,#3532,#3541,#3550,#3557,#3558,#3566,#3573,#3574));
#3576=FACE_BOUND('',#3575,.T.);
#3577=ADVANCED_FACE('',(#3576),#3507,.T.);
#3578=CARTESIAN_POINT('',(-46.454346125,13.51,-33.7351464));
#3579=DIRECTION('',(0.,1.,0.));
#3580=DIRECTION('',(0.,-0.,1.));
#3581=AXIS2_PLACEMENT_3D('',#3578,#3579,#3580);
#3582=CYLINDRICAL_SURFACE('',#3581,0.6);
#3583=CARTESIAN_POINT('',(-45.935570007,17.9,-33.433697665));
#3584=VERTEX_POINT('',#3583);
#3585=CARTESIAN_POINT('',(-46.541806642,17.9,-34.328737723));
#3586=VERTEX_POINT('',#3585);
#3587=CARTESIAN_POINT('',(-46.454346125,17.9,-33.7351464));
#3588=DIRECTION('',(0.,1.,0.));
#3589=DIRECTION('',(0.,-0.,1.));
#3590=AXIS2_PLACEMENT_3D('',#3587,#3588,#3589);
#3591=CIRCLE('',#3590,0.6);
#3592=EDGE_CURVE('',#3584,#3586,#3591,.T.);
#3593=ORIENTED_EDGE('',*,*,#3592,.F.);
#3594=CARTESIAN_POINT('',(-45.984011218,17.877239605,-33.36260771));
#3595=VERTEX_POINT('',#3594);
#3596=CARTESIAN_POINT('',(-45.935570007,17.9,-33.433697665));
#3597=CARTESIAN_POINT('',(-45.949767181,17.891550629,-33.409265136));
#3598=CARTESIAN_POINT('',(-45.965839462,17.883903892,-33.385549786));
#3599=CARTESIAN_POINT('',(-45.984011218,17.877239605,-33.36260771));
#3600=B_SPLINE_CURVE_WITH_KNOTS('',3,(#3596,#3597,#3598,#3599),.UNSPECIFIED.,.F.,.F.,(4,4),(0.001412929,0.001501589),.UNSPECIFIED.);
#3601=EDGE_CURVE('',#3584,#3595,#3600,.T.);
#3602=ORIENTED_EDGE('',*,*,#3601,.T.);
#3603=CARTESIAN_POINT('',(-45.984011218,18.9,-33.36260771));
#3604=VERTEX_POINT('',#3603);
#3605=CARTESIAN_POINT('',(-45.984011218,17.877239605,-33.36260771));
#3606=DIRECTION('',(0.,1.,0.));
#3607=VECTOR('',#3606,1.022760395);
#3608=LINE('',#3605,#3607);
#3609=EDGE_CURVE('',#3595,#3604,#3608,.T.);
#3610=ORIENTED_EDGE('',*,*,#3609,.T.);
#3611=CARTESIAN_POINT('',(-46.541806642,18.9,-34.328737723));
#3612=VERTEX_POINT('',#3611);
#3613=CARTESIAN_POINT('',(-46.454346125,18.9,-33.7351464));
#3614=DIRECTION('',(0.,1.,0.));
#3615=DIRECTION('',(0.,-0.,1.));
#3616=AXIS2_PLACEMENT_3D('',#3613,#3614,#3615);
#3617=CIRCLE('',#3616,0.6);
#3618=EDGE_CURVE('',#3604,#3612,#3617,.T.);
#3619=ORIENTED_EDGE('',*,*,#3618,.T.);
#3620=CARTESIAN_POINT('',(-46.541806642,18.9,-34.328737723));
#3621=DIRECTION('',(0.,-1.,0.));
#3622=VECTOR('',#3621,1.);
#3623=LINE('',#3620,#3622);
#3624=EDGE_CURVE('',#3612,#3586,#3623,.T.);
#3625=ORIENTED_EDGE('',*,*,#3624,.T.);
#3626=EDGE_LOOP('',(#3593,#3602,#3610,#3619,#3625));
#3627=FACE_BOUND('',#3626,.T.);
#3628=ADVANCED_FACE('',(#3627),#3582,.F.);
#3629=CARTESIAN_POINT('',(-47.863071408,18.9,-34.402520212));
#3630=DIRECTION('',(0.,-1.,0.));
#3631=DIRECTION('',(0.,0.,-1.));
#3632=AXIS2_PLACEMENT_3D('',#3629,#3630,#3631);
#3633=CYLINDRICAL_SURFACE('',#3632,0.413695023);
#3634=CARTESIAN_POINT('',(-47.650213819,18.9,-34.757252814));
#3635=VERTEX_POINT('',#3634);
#3636=CARTESIAN_POINT('',(-47.650213819,17.9,-34.757252814));
#3637=VERTEX_POINT('',#3636);
#3638=CARTESIAN_POINT('',(-47.650213819,18.9,-34.757252814));
#3639=DIRECTION('',(0.,-1.,0.));
#3640=VECTOR('',#3639,1.);
#3641=LINE('',#3638,#3640);
#3642=EDGE_CURVE('',#3635,#3637,#3641,.T.);
#3643=ORIENTED_EDGE('',*,*,#3642,.F.);
#3644=CARTESIAN_POINT('',(-47.999888347,18.9,-34.012104155));
#3645=VERTEX_POINT('',#3644);
#3646=CARTESIAN_POINT('',(-47.863071408,18.9,-34.402520212));
#3647=DIRECTION('',(0.,1.,0.));
#3648=DIRECTION('',(0.,-0.,1.));
#3649=AXIS2_PLACEMENT_3D('',#3646,#3647,#3648);
#3650=CIRCLE('',#3649,0.413695023);
#3651=EDGE_CURVE('',#3645,#3635,#3650,.T.);
#3652=ORIENTED_EDGE('',*,*,#3651,.F.);
#3653=CARTESIAN_POINT('',(-47.999888347,17.9,-34.012104155));
#3654=VERTEX_POINT('',#3653);
#3655=CARTESIAN_POINT('',(-47.999888347,18.9,-34.012104155));
#3656=DIRECTION('',(0.,-1.,0.));
#3657=VECTOR('',#3656,1.);
#3658=LINE('',#3655,#3657);
#3659=EDGE_CURVE('',#3645,#3654,#3658,.T.);
#3660=ORIENTED_EDGE('',*,*,#3659,.T.);
#3661=CARTESIAN_POINT('',(-47.863071408,17.9,-34.402520212));
#3662=DIRECTION('',(0.,1.,0.));
#3663=DIRECTION('',(0.,-0.,1.));
#3664=AXIS2_PLACEMENT_3D('',#3661,#3662,#3663);
#3665=CIRCLE('',#3664,0.413695023);
#3666=EDGE_CURVE('',#3654,#3637,#3665,.T.);
#3667=ORIENTED_EDGE('',*,*,#3666,.T.);
#3668=EDGE_LOOP('',(#3643,#3652,#3660,#3667));
#3669=FACE_BOUND('',#3668,.T.);
#3670=ADVANCED_FACE('',(#3669),#3633,.T.);
#3671=CARTESIAN_POINT('',(-47.34149714,18.9,-35.271737034));
#3672=DIRECTION('',(0.,-1.,0.));
#3673=DIRECTION('',(0.,0.,-1.));
#3674=AXIS2_PLACEMENT_3D('',#3671,#3672,#3673);
#3675=CYLINDRICAL_SURFACE('',#3674,0.6);
#3676=CARTESIAN_POINT('',(-47.863126294,17.9,-34.975252589));
#3677=VERTEX_POINT('',#3676);
#3678=CARTESIAN_POINT('',(-47.34149714,17.9,-35.271737034));
#3679=DIRECTION('',(0.,1.,0.));
#3680=DIRECTION('',(0.,-0.,1.));
#3681=AXIS2_PLACEMENT_3D('',#3678,#3679,#3680);
#3682=CIRCLE('',#3681,0.6);
#3683=EDGE_CURVE('',#3677,#3637,#3682,.T.);
#3684=ORIENTED_EDGE('',*,*,#3683,.F.);
#3685=CARTESIAN_POINT('',(-47.863126294,18.9,-34.975252589));
#3686=VERTEX_POINT('',#3685);
#3687=CARTESIAN_POINT('',(-47.863126294,18.9,-34.975252589));
#3688=DIRECTION('',(0.,-1.,0.));
#3689=VECTOR('',#3688,1.);
#3690=LINE('',#3687,#3689);
#3691=EDGE_CURVE('',#3686,#3677,#3690,.T.);
#3692=ORIENTED_EDGE('',*,*,#3691,.F.);
#3693=CARTESIAN_POINT('',(-47.34149714,18.9,-35.271737034));
#3694=DIRECTION('',(0.,1.,0.));
#3695=DIRECTION('',(0.,-0.,1.));
#3696=AXIS2_PLACEMENT_3D('',#3693,#3694,#3695);
#3697=CIRCLE('',#3696,0.6);
#3698=EDGE_CURVE('',#3686,#3635,#3697,.T.);
#3699=ORIENTED_EDGE('',*,*,#3698,.T.);
#3700=ORIENTED_EDGE('',*,*,#3642,.T.);
#3701=EDGE_LOOP('',(#3684,#3692,#3699,#3700));
#3702=FACE_BOUND('',#3701,.T.);
#3703=ADVANCED_FACE('',(#3702),#3675,.F.);
#3704=CARTESIAN_POINT('',(-47.345548656,18.9,-35.278754465));
#3705=DIRECTION('',(0.,-1.,0.));
#3706=DIRECTION('',(0.,0.,-1.));
#3707=AXIS2_PLACEMENT_3D('',#3704,#3705,#3706);
#3708=CYLINDRICAL_SURFACE('',#3707,0.6);
#3709=CARTESIAN_POINT('',(-47.345548656,17.9,-35.878754465));
#3710=VERTEX_POINT('',#3709);
#3711=CARTESIAN_POINT('',(-47.345548656,18.9,-35.878754465));
#3712=VERTEX_POINT('',#3711);
#3713=CARTESIAN_POINT('',(-47.345548656,17.9,-35.878754465));
#3714=DIRECTION('',(-0.,1.,-0.));
#3715=VECTOR('',#3714,1.);
#3716=LINE('',#3713,#3715);
#3717=EDGE_CURVE('',#3710,#3712,#3716,.T.);
#3718=ORIENTED_EDGE('',*,*,#3717,.F.);
#3719=CARTESIAN_POINT('',(-46.87521375,17.9,-34.906215774));
#3720=VERTEX_POINT('',#3719);
#3721=CARTESIAN_POINT('',(-47.345548656,17.9,-35.278754465));
#3722=DIRECTION('',(0.,1.,0.));
#3723=DIRECTION('',(0.,-0.,1.));
#3724=AXIS2_PLACEMENT_3D('',#3721,#3722,#3723);
#3725=CIRCLE('',#3724,0.6);
#3726=EDGE_CURVE('',#3720,#3710,#3725,.T.);
#3727=ORIENTED_EDGE('',*,*,#3726,.F.);
#3728=CARTESIAN_POINT('',(-46.87521375,18.9,-34.906215774));
#3729=VERTEX_POINT('',#3728);
#3730=CARTESIAN_POINT('',(-46.87521375,18.9,-34.906215774));
#3731=DIRECTION('',(0.,-1.,0.));
#3732=VECTOR('',#3731,1.);
#3733=LINE('',#3730,#3732);
#3734=EDGE_CURVE('',#3729,#3720,#3733,.T.);
#3735=ORIENTED_EDGE('',*,*,#3734,.F.);
#3736=CARTESIAN_POINT('',(-47.345548656,18.9,-35.278754465));
#3737=DIRECTION('',(0.,1.,0.));
#3738=DIRECTION('',(0.,-0.,1.));
#3739=AXIS2_PLACEMENT_3D('',#3736,#3737,#3738);
#3740=CIRCLE('',#3739,0.6);
#3741=EDGE_CURVE('',#3729,#3712,#3740,.T.);
#3742=ORIENTED_EDGE('',*,*,#3741,.T.);
#3743=EDGE_LOOP('',(#3718,#3727,#3735,#3742));
#3744=FACE_BOUND('',#3743,.T.);
#3745=ADVANCED_FACE('',(#3744),#3708,.F.);
#3746=CARTESIAN_POINT('',(-46.600851722,18.9,-34.688901538));
#3747=DIRECTION('',(0.,-1.,0.));
#3748=DIRECTION('',(0.,0.,-1.));
#3749=AXIS2_PLACEMENT_3D('',#3746,#3747,#3748);
#3750=CYLINDRICAL_SURFACE('',#3749,0.35);
#3751=CARTESIAN_POINT('',(-46.903960613,18.9,-34.513901538));
#3752=VERTEX_POINT('',#3751);
#3753=CARTESIAN_POINT('',(-46.903960613,17.9,-34.513901538));
#3754=VERTEX_POINT('',#3753);
#3755=CARTESIAN_POINT('',(-46.903960613,18.9,-34.513901538));
#3756=DIRECTION('',(0.,-1.,0.));
#3757=VECTOR('',#3756,1.);
#3758=LINE('',#3755,#3757);
#3759=EDGE_CURVE('',#3752,#3754,#3758,.T.);
#3760=ORIENTED_EDGE('',*,*,#3759,.F.);
#3761=CARTESIAN_POINT('',(-46.600851722,18.9,-34.688901538));
#3762=DIRECTION('',(0.,1.,0.));
#3763=DIRECTION('',(0.,-0.,1.));
#3764=AXIS2_PLACEMENT_3D('',#3761,#3762,#3763);
#3765=CIRCLE('',#3764,0.35);
#3766=EDGE_CURVE('',#3729,#3752,#3765,.T.);
#3767=ORIENTED_EDGE('',*,*,#3766,.F.);
#3768=ORIENTED_EDGE('',*,*,#3734,.T.);
#3769=CARTESIAN_POINT('',(-46.600851722,17.9,-34.688901538));
#3770=DIRECTION('',(0.,1.,0.));
#3771=DIRECTION('',(0.,-0.,1.));
#3772=AXIS2_PLACEMENT_3D('',#3769,#3770,#3771);
#3773=CIRCLE('',#3772,0.35);
#3774=EDGE_CURVE('',#3720,#3754,#3773,.T.);
#3775=ORIENTED_EDGE('',*,*,#3774,.T.);
#3776=EDGE_LOOP('',(#3760,#3767,#3768,#3775));
#3777=FACE_BOUND('',#3776,.T.);
#3778=ADVANCED_FACE('',(#3777),#3750,.T.);
#3779=CARTESIAN_POINT('',(-46.89994739,18.9,-34.506950433));
#3780=DIRECTION('',(-0.866025404,0.,0.5));
#3781=DIRECTION('',(0.5,0.,0.866025404));
#3782=AXIS2_PLACEMENT_3D('',#3779,#3780,#3781);
#3783=PLANE('',#3782);
#3784=CARTESIAN_POINT('',(-46.895934168,18.9,-34.499999327));
#3785=VERTEX_POINT('',#3784);
#3786=CARTESIAN_POINT('',(-46.895934168,17.9,-34.499999327));
#3787=VERTEX_POINT('',#3786);
#3788=CARTESIAN_POINT('',(-46.895934168,18.9,-34.499999327));
#3789=DIRECTION('',(0.,-1.,0.));
#3790=VECTOR('',#3789,1.);
#3791=LINE('',#3788,#3790);
#3792=EDGE_CURVE('',#3785,#3787,#3791,.T.);
#3793=ORIENTED_EDGE('',*,*,#3792,.F.);
#3794=CARTESIAN_POINT('',(-46.895934168,18.9,-34.499999327));
#3795=DIRECTION('',(-0.5,0.,-0.866025404));
#3796=VECTOR('',#3795,0.01605289);
#3797=LINE('',#3794,#3796);
#3798=EDGE_CURVE('',#3785,#3752,#3797,.T.);
#3799=ORIENTED_EDGE('',*,*,#3798,.T.);
#3800=ORIENTED_EDGE('',*,*,#3759,.T.);
#3801=CARTESIAN_POINT('',(-46.895934168,17.9,-34.499999327));
#3802=DIRECTION('',(-0.5,0.,-0.866025404));
#3803=VECTOR('',#3802,0.01605289);
#3804=LINE('',#3801,#3803);
#3805=EDGE_CURVE('',#3787,#3754,#3804,.T.);
#3806=ORIENTED_EDGE('',*,*,#3805,.F.);
#3807=EDGE_LOOP('',(#3793,#3799,#3800,#3806));
#3808=FACE_BOUND('',#3807,.T.);
#3809=ADVANCED_FACE('',(#3808),#3783,.T.);
#3810=CARTESIAN_POINT('',(-46.592825277,18.9,-34.674999327));
#3811=DIRECTION('',(0.,-1.,0.));
#3812=DIRECTION('',(0.,0.,-1.));
#3813=AXIS2_PLACEMENT_3D('',#3810,#3811,#3812);
#3814=CYLINDRICAL_SURFACE('',#3813,0.35);
#3815=ORIENTED_EDGE('',*,*,#3624,.F.);
#3816=CARTESIAN_POINT('',(-46.592825277,18.9,-34.674999327));
#3817=DIRECTION('',(0.,1.,0.));
#3818=DIRECTION('',(0.,-0.,1.));
#3819=AXIS2_PLACEMENT_3D('',#3816,#3817,#3818);
#3820=CIRCLE('',#3819,0.35);
#3821=EDGE_CURVE('',#3785,#3612,#3820,.T.);
#3822=ORIENTED_EDGE('',*,*,#3821,.F.);
#3823=ORIENTED_EDGE('',*,*,#3792,.T.);
#3824=CARTESIAN_POINT('',(-46.592825277,17.9,-34.674999327));
#3825=DIRECTION('',(0.,1.,0.));
#3826=DIRECTION('',(0.,-0.,1.));
#3827=AXIS2_PLACEMENT_3D('',#3824,#3825,#3826);
#3828=CIRCLE('',#3827,0.35);
#3829=EDGE_CURVE('',#3787,#3586,#3828,.T.);
#3830=ORIENTED_EDGE('',*,*,#3829,.T.);
#3831=EDGE_LOOP('',(#3815,#3822,#3823,#3830));
#3832=FACE_BOUND('',#3831,.T.);
#3833=ADVANCED_FACE('',(#3832),#3814,.T.);
#3834=CARTESIAN_POINT('',(-48.236751188,18.9,-36.82236253));
#3835=DIRECTION('',(0.,-1.,0.));
#3836=DIRECTION('',(0.,0.,-1.));
#3837=AXIS2_PLACEMENT_3D('',#3834,#3835,#3836);
#3838=CYLINDRICAL_SURFACE('',#3837,0.6);
#3839=CARTESIAN_POINT('',(-48.236751188,17.9,-37.42236253));
#3840=VERTEX_POINT('',#3839);
#3841=CARTESIAN_POINT('',(-48.236751188,18.9,-37.42236253));
#3842=VERTEX_POINT('',#3841);
#3843=CARTESIAN_POINT('',(-48.236751188,17.9,-37.42236253));
#3844=DIRECTION('',(-0.,1.,-0.));
#3845=VECTOR('',#3844,1.);
#3846=LINE('',#3843,#3845);
#3847=EDGE_CURVE('',#3840,#3842,#3846,.T.);
#3848=ORIENTED_EDGE('',*,*,#3847,.F.);
#3849=CARTESIAN_POINT('',(-48.236751188,17.9,-36.22236253));
#3850=VERTEX_POINT('',#3849);
#3851=CARTESIAN_POINT('',(-48.236751188,17.9,-36.82236253));
#3852=DIRECTION('',(0.,1.,0.));
#3853=DIRECTION('',(0.,-0.,1.));
#3854=AXIS2_PLACEMENT_3D('',#3851,#3852,#3853);
#3855=CIRCLE('',#3854,0.6);
#3856=EDGE_CURVE('',#3850,#3840,#3855,.T.);
#3857=ORIENTED_EDGE('',*,*,#3856,.F.);
#3858=CARTESIAN_POINT('',(-48.236751188,17.9,-36.82236253));
#3859=DIRECTION('',(0.,1.,0.));
#3860=DIRECTION('',(0.,-0.,1.));
#3861=AXIS2_PLACEMENT_3D('',#3858,#3859,#3860);
#3862=CIRCLE('',#3861,0.6);
#3863=EDGE_CURVE('',#3840,#3850,#3862,.T.);
#3864=ORIENTED_EDGE('',*,*,#3863,.F.);
#3865=ORIENTED_EDGE('',*,*,#3847,.T.);
#3866=CARTESIAN_POINT('',(-48.236751188,18.9,-36.22236253));
#3867=VERTEX_POINT('',#3866);
#3868=CARTESIAN_POINT('',(-48.236751188,18.9,-36.82236253));
#3869=DIRECTION('',(0.,1.,0.));
#3870=DIRECTION('',(0.,-0.,1.));
#3871=AXIS2_PLACEMENT_3D('',#3868,#3869,#3870);
#3872=CIRCLE('',#3871,0.6);
#3873=EDGE_CURVE('',#3842,#3867,#3872,.T.);
#3874=ORIENTED_EDGE('',*,*,#3873,.T.);
#3875=CARTESIAN_POINT('',(-48.236751188,18.9,-36.82236253));
#3876=DIRECTION('',(0.,1.,0.));
#3877=DIRECTION('',(0.,-0.,1.));
#3878=AXIS2_PLACEMENT_3D('',#3875,#3876,#3877);
#3879=CIRCLE('',#3878,0.6);
#3880=EDGE_CURVE('',#3867,#3842,#3879,.T.);
#3881=ORIENTED_EDGE('',*,*,#3880,.T.);
#3882=EDGE_LOOP('',(#3848,#3857,#3864,#3865,#3874,#3881));
#3883=FACE_BOUND('',#3882,.T.);
#3884=ADVANCED_FACE('',(#3883),#3838,.F.);
#3885=CARTESIAN_POINT('',(-49.127953719,18.9,-38.365970594));
#3886=DIRECTION('',(0.,-1.,0.));
#3887=DIRECTION('',(0.,0.,-1.));
#3888=AXIS2_PLACEMENT_3D('',#3885,#3886,#3887);
#3889=CYLINDRICAL_SURFACE('',#3888,0.6);
#3890=CARTESIAN_POINT('',(-49.127953719,17.9,-38.965970594));
#3891=VERTEX_POINT('',#3890);
#3892=CARTESIAN_POINT('',(-49.127953719,18.9,-38.965970594));
#3893=VERTEX_POINT('',#3892);
#3894=CARTESIAN_POINT('',(-49.127953719,17.9,-38.965970594));
#3895=DIRECTION('',(-0.,1.,-0.));
#3896=VECTOR('',#3895,1.);
#3897=LINE('',#3894,#3896);
#3898=EDGE_CURVE('',#3891,#3893,#3897,.T.);
#3899=ORIENTED_EDGE('',*,*,#3898,.F.);
#3900=CARTESIAN_POINT('',(-49.127953719,17.9,-37.765970594));
#3901=VERTEX_POINT('',#3900);
#3902=CARTESIAN_POINT('',(-49.127953719,17.9,-38.365970594));
#3903=DIRECTION('',(0.,1.,0.));
#3904=DIRECTION('',(0.,-0.,1.));
#3905=AXIS2_PLACEMENT_3D('',#3902,#3903,#3904);
#3906=CIRCLE('',#3905,0.6);
#3907=EDGE_CURVE('',#3901,#3891,#3906,.T.);
#3908=ORIENTED_EDGE('',*,*,#3907,.F.);
#3909=CARTESIAN_POINT('',(-49.127953719,17.9,-38.365970594));
#3910=DIRECTION('',(0.,1.,0.));
#3911=DIRECTION('',(0.,-0.,1.));
#3912=AXIS2_PLACEMENT_3D('',#3909,#3910,#3911);
#3913=CIRCLE('',#3912,0.6);
#3914=EDGE_CURVE('',#3891,#3901,#3913,.T.);
#3915=ORIENTED_EDGE('',*,*,#3914,.F.);
#3916=ORIENTED_EDGE('',*,*,#3898,.T.);
#3917=CARTESIAN_POINT('',(-49.127953719,18.9,-37.765970594));
#3918=VERTEX_POINT('',#3917);
#3919=CARTESIAN_POINT('',(-49.127953719,18.9,-38.365970594));
#3920=DIRECTION('',(0.,1.,0.));
#3921=DIRECTION('',(0.,-0.,1.));
#3922=AXIS2_PLACEMENT_3D('',#3919,#3920,#3921);
#3923=CIRCLE('',#3922,0.6);
#3924=EDGE_CURVE('',#3893,#3918,#3923,.T.);
#3925=ORIENTED_EDGE('',*,*,#3924,.T.);
#3926=CARTESIAN_POINT('',(-49.127953719,18.9,-38.365970594));
#3927=DIRECTION('',(0.,1.,0.));
#3928=DIRECTION('',(0.,-0.,1.));
#3929=AXIS2_PLACEMENT_3D('',#3926,#3927,#3928);
#3930=CIRCLE('',#3929,0.6);
#3931=EDGE_CURVE('',#3918,#3893,#3930,.T.);
#3932=ORIENTED_EDGE('',*,*,#3931,.T.);
#3933=EDGE_LOOP('',(#3899,#3908,#3915,#3916,#3925,#3932));
#3934=FACE_BOUND('',#3933,.T.);
#3935=ADVANCED_FACE('',(#3934),#3889,.F.);
#3936=CARTESIAN_POINT('',(-50.019156251,18.9,-39.909578659));
#3937=DIRECTION('',(0.,-1.,0.));
#3938=DIRECTION('',(0.,0.,-1.));
#3939=AXIS2_PLACEMENT_3D('',#3936,#3937,#3938);
#3940=CYLINDRICAL_SURFACE('',#3939,0.6);
#3941=CARTESIAN_POINT('',(-50.019156251,17.9,-40.509578659));
#3942=VERTEX_POINT('',#3941);
#3943=CARTESIAN_POINT('',(-50.019156251,18.9,-40.509578659));
#3944=VERTEX_POINT('',#3943);
#3945=CARTESIAN_POINT('',(-50.019156251,17.9,-40.509578659));
#3946=DIRECTION('',(-0.,1.,-0.));
#3947=VECTOR('',#3946,1.);
#3948=LINE('',#3945,#3947);
#3949=EDGE_CURVE('',#3942,#3944,#3948,.T.);
#3950=ORIENTED_EDGE('',*,*,#3949,.F.);
#3951=CARTESIAN_POINT('',(-50.019156251,17.9,-39.309578659));
#3952=VERTEX_POINT('',#3951);
#3953=CARTESIAN_POINT('',(-50.019156251,17.9,-39.909578659));
#3954=DIRECTION('',(0.,1.,0.));
#3955=DIRECTION('',(0.,-0.,1.));
#3956=AXIS2_PLACEMENT_3D('',#3953,#3954,#3955);
#3957=CIRCLE('',#3956,0.6);
#3958=EDGE_CURVE('',#3952,#3942,#3957,.T.);
#3959=ORIENTED_EDGE('',*,*,#3958,.F.);
#3960=CARTESIAN_POINT('',(-50.019156251,17.9,-39.909578659));
#3961=DIRECTION('',(0.,1.,0.));
#3962=DIRECTION('',(0.,-0.,1.));
#3963=AXIS2_PLACEMENT_3D('',#3960,#3961,#3962);
#3964=CIRCLE('',#3963,0.6);
#3965=EDGE_CURVE('',#3942,#3952,#3964,.T.);
#3966=ORIENTED_EDGE('',*,*,#3965,.F.);
#3967=ORIENTED_EDGE('',*,*,#3949,.T.);
#3968=CARTESIAN_POINT('',(-50.019156251,18.9,-39.309578659));
#3969=VERTEX_POINT('',#3968);
#3970=CARTESIAN_POINT('',(-50.019156251,18.9,-39.909578659));
#3971=DIRECTION('',(0.,1.,0.));
#3972=DIRECTION('',(0.,-0.,1.));
#3973=AXIS2_PLACEMENT_3D('',#3970,#3971,#3972);
#3974=CIRCLE('',#3973,0.6);
#3975=EDGE_CURVE('',#3944,#3969,#3974,.T.);
#3976=ORIENTED_EDGE('',*,*,#3975,.T.);
#3977=CARTESIAN_POINT('',(-50.019156251,18.9,-39.909578659));
#3978=DIRECTION('',(0.,1.,0.));
#3979=DIRECTION('',(0.,-0.,1.));
#3980=AXIS2_PLACEMENT_3D('',#3977,#3978,#3979);
#3981=CIRCLE('',#3980,0.6);
#3982=EDGE_CURVE('',#3969,#3944,#3981,.T.);
#3983=ORIENTED_EDGE('',*,*,#3982,.T.);
#3984=EDGE_LOOP('',(#3950,#3959,#3966,#3967,#3976,#3983));
#3985=FACE_BOUND('',#3984,.T.);
#3986=ADVANCED_FACE('',(#3985),#3940,.F.);
#3987=CARTESIAN_POINT('',(-50.910358783,18.9,-41.453186724));
#3988=DIRECTION('',(0.,-1.,0.));
#3989=DIRECTION('',(0.,0.,-1.));
#3990=AXIS2_PLACEMENT_3D('',#3987,#3988,#3989);
#3991=CYLINDRICAL_SURFACE('',#3990,0.6);
#3992=CARTESIAN_POINT('',(-50.910358783,17.9,-42.053186724));
#3993=VERTEX_POINT('',#3992);
#3994=CARTESIAN_POINT('',(-50.910358783,18.9,-42.053186724));
#3995=VERTEX_POINT('',#3994);
#3996=CARTESIAN_POINT('',(-50.910358783,17.9,-42.053186724));
#3997=DIRECTION('',(-0.,1.,-0.));
#3998=VECTOR('',#3997,1.);
#3999=LINE('',#3996,#3998);
#4000=EDGE_CURVE('',#3993,#3995,#3999,.T.);
#4001=ORIENTED_EDGE('',*,*,#4000,.F.);
#4002=CARTESIAN_POINT('',(-50.910358783,17.9,-40.853186724));
#4003=VERTEX_POINT('',#4002);
#4004=CARTESIAN_POINT('',(-50.910358783,17.9,-41.453186724));
#4005=DIRECTION('',(0.,1.,0.));
#4006=DIRECTION('',(0.,-0.,1.));
#4007=AXIS2_PLACEMENT_3D('',#4004,#4005,#4006);
#4008=CIRCLE('',#4007,0.6);
#4009=EDGE_CURVE('',#4003,#3993,#4008,.T.);
#4010=ORIENTED_EDGE('',*,*,#4009,.F.);
#4011=CARTESIAN_POINT('',(-50.910358783,17.9,-41.453186724));
#4012=DIRECTION('',(0.,1.,0.));
#4013=DIRECTION('',(0.,-0.,1.));
#4014=AXIS2_PLACEMENT_3D('',#4011,#4012,#4013);
#4015=CIRCLE('',#4014,0.6);
#4016=EDGE_CURVE('',#3993,#4003,#4015,.T.);
#4017=ORIENTED_EDGE('',*,*,#4016,.F.);
#4018=ORIENTED_EDGE('',*,*,#4000,.T.);
#4019=CARTESIAN_POINT('',(-50.910358783,18.9,-40.853186724));
#4020=VERTEX_POINT('',#4019);
#4021=CARTESIAN_POINT('',(-50.910358783,18.9,-41.453186724));
#4022=DIRECTION('',(0.,1.,0.));
#4023=DIRECTION('',(0.,-0.,1.));
#4024=AXIS2_PLACEMENT_3D('',#4021,#4022,#4023);
#4025=CIRCLE('',#4024,0.6);
#4026=EDGE_CURVE('',#3995,#4020,#4025,.T.);
#4027=ORIENTED_EDGE('',*,*,#4026,.T.);
#4028=CARTESIAN_POINT('',(-50.910358783,18.9,-41.453186724));
#4029=DIRECTION('',(0.,1.,0.));
#4030=DIRECTION('',(0.,-0.,1.));
#4031=AXIS2_PLACEMENT_3D('',#4028,#4029,#4030);
#4032=CIRCLE('',#4031,0.6);
#4033=EDGE_CURVE('',#4020,#3995,#4032,.T.);
#4034=ORIENTED_EDGE('',*,*,#4033,.T.);
#4035=EDGE_LOOP('',(#4001,#4010,#4017,#4018,#4027,#4034));
#4036=FACE_BOUND('',#4035,.T.);
#4037=ADVANCED_FACE('',(#4036),#3991,.F.);
#4038=CARTESIAN_POINT('',(-43.78073853,13.51,-29.104322206));
#4039=DIRECTION('',(0.,1.,0.));
#4040=DIRECTION('',(0.,-0.,1.));
#4041=AXIS2_PLACEMENT_3D('',#4038,#4039,#4040);
#4042=CYLINDRICAL_SURFACE('',#4041,0.6);
#4043=CARTESIAN_POINT('',(-43.310403624,18.9,-28.731783516));
#4044=VERTEX_POINT('',#4043);
#4045=CARTESIAN_POINT('',(-43.310403624,17.9,-28.731783516));
#4046=VERTEX_POINT('',#4045);
#4047=CARTESIAN_POINT('',(-43.310403624,18.9,-28.731783516));
#4048=DIRECTION('',(0.,-1.,0.));
#4049=VECTOR('',#4048,1.);
#4050=LINE('',#4047,#4049);
#4051=EDGE_CURVE('',#4044,#4046,#4050,.T.);
#4052=ORIENTED_EDGE('',*,*,#4051,.F.);
#4053=CARTESIAN_POINT('',(-43.868199047,18.9,-29.697913529));
#4054=VERTEX_POINT('',#4053);
#4055=CARTESIAN_POINT('',(-43.78073853,18.9,-29.104322206));
#4056=DIRECTION('',(0.,1.,0.));
#4057=DIRECTION('',(0.,-0.,1.));
#4058=AXIS2_PLACEMENT_3D('',#4055,#4056,#4057);
#4059=CIRCLE('',#4058,0.6);
#4060=EDGE_CURVE('',#4044,#4054,#4059,.T.);
#4061=ORIENTED_EDGE('',*,*,#4060,.T.);
#4062=CARTESIAN_POINT('',(-43.868199047,17.420630488,-29.697913529));
#4063=VERTEX_POINT('',#4062);
#4064=CARTESIAN_POINT('',(-43.868199047,17.420630488,-29.697913529));
#4065=DIRECTION('',(0.,1.,0.));
#4066=VECTOR('',#4065,1.479369512);
#4067=LINE('',#4064,#4066);
#4068=EDGE_CURVE('',#4063,#4054,#4067,.T.);
#4069=ORIENTED_EDGE('',*,*,#4068,.F.);
#4070=CARTESIAN_POINT('',(-43.230598072,17.9,-29.343791363));
#4071=VERTEX_POINT('',#4070);
#4072=CARTESIAN_POINT('',(-43.868199047,17.420630488,-29.697913529));
#4073=CARTESIAN_POINT('',(-43.795657808,17.446654737,-29.708601849));
#4074=CARTESIAN_POINT('',(-43.727266069,17.481212405,-29.705655456));
#4075=CARTESIAN_POINT('',(-43.661800896,17.520349873,-29.6924156));
#4076=CARTESIAN_POINT('',(-43.596335722,17.559487341,-29.679175743));
#4077=CARTESIAN_POINT('',(-43.536809616,17.601486444,-29.656163901));
#4078=CARTESIAN_POINT('',(-43.481765326,17.644932126,-29.624528919));
#4079=CARTESIAN_POINT('',(-43.426721035,17.688377807,-29.592893936));
#4080=CARTESIAN_POINT('',(-43.37728792,17.732574703,-29.552923078));
#4081=CARTESIAN_POINT('',(-43.334884298,17.775580022,-29.505836844));
#4082=CARTESIAN_POINT('',(-43.292480675,17.818585342,-29.45875061));
#4083=CARTESIAN_POINT('',(-43.256678673,17.860982609,-29.403707132));
#4084=CARTESIAN_POINT('',(-43.230598072,17.9,-29.343791363));
#4085=B_SPLINE_CURVE_WITH_KNOTS('',3,(#4072,#4073,#4074,#4075,#4076,#4077,#4078,#4079,#4080,#4081,#4082,#4083,#4084),.UNSPECIFIED.,.F.,.F.,(4,3,3,3,4),(0.,0.000229298,0.000458596,0.000687894,0.000917192),.UNSPECIFIED.);
#4086=EDGE_CURVE('',#4063,#4071,#4085,.T.);
#4087=ORIENTED_EDGE('',*,*,#4086,.T.);
#4088=CARTESIAN_POINT('',(-43.78073853,17.9,-29.104322206));
#4089=DIRECTION('',(0.,1.,0.));
#4090=DIRECTION('',(0.,-0.,1.));
#4091=AXIS2_PLACEMENT_3D('',#4088,#4089,#4090);
#4092=CIRCLE('',#4091,0.6);
#4093=EDGE_CURVE('',#4046,#4071,#4092,.T.);
#4094=ORIENTED_EDGE('',*,*,#4093,.F.);
#4095=EDGE_LOOP('',(#4052,#4061,#4069,#4087,#4094));
#4096=FACE_BOUND('',#4095,.T.);
#4097=ADVANCED_FACE('',(#4096),#4042,.F.);
#4098=CARTESIAN_POINT('',(-43.919217682,13.51,-30.044175133));
#4099=DIRECTION('',(0.,1.,0.));
#4100=DIRECTION('',(0.,-0.,1.));
#4101=AXIS2_PLACEMENT_3D('',#4098,#4099,#4100);
#4102=CYLINDRICAL_SURFACE('',#4101,0.35);
#4103=CARTESIAN_POINT('',(-43.919217682,18.9,-29.694175133));
#4104=VERTEX_POINT('',#4103);
#4105=CARTESIAN_POINT('',(-43.919217676,17.399000291,-29.694152354));
#4106=VERTEX_POINT('',#4105);
#4107=CARTESIAN_POINT('',(-43.919217682,18.9,-29.694175133));
#4108=DIRECTION('',(-0.,-1.,-0.));
#4109=VECTOR('',#4108,1.500999709);
#4110=LINE('',#4107,#4109);
#4111=EDGE_CURVE('',#4104,#4106,#4110,.T.);
#4112=ORIENTED_EDGE('',*,*,#4111,.T.);
#4113=CARTESIAN_POINT('',(-44.222326573,17.060437708,-29.869175133));
#4114=CARTESIAN_POINT('',(-44.193467811,17.134002906,-29.819190291));
#4115=CARTESIAN_POINT('',(-44.152200951,17.203773513,-29.774208185));
#4116=CARTESIAN_POINT('',(-44.092915059,17.267981885,-29.740317895));
#4117=CARTESIAN_POINT('',(-44.063272112,17.300086071,-29.72337275));
#4118=CARTESIAN_POINT('',(-44.029855796,17.329789736,-29.709853386));
#4119=CARTESIAN_POINT('',(-43.991819306,17.35618706,-29.70178792));
#4120=CARTESIAN_POINT('',(-43.953782816,17.382584384,-29.693722453));
#4121=CARTESIAN_POINT('',(-43.912216813,17.404839066,-29.691427894));
#4122=CARTESIAN_POINT('',(-43.868199047,17.420630488,-29.697913529));
#4123=B_SPLINE_CURVE_WITH_KNOTS('',3,(#4113,#4114,#4115,#4116,#4117,#4118,#4119,#4120,#4121,#4122),.UNSPECIFIED.,.F.,.F.,(4,3,3,4),(0.,0.000276475,0.000414713,0.00055295),.UNSPECIFIED.);
#4124=EDGE_CURVE('',#4106,#4063,#4123,.T.);
#4125=ORIENTED_EDGE('',*,*,#4124,.T.);
#4126=ORIENTED_EDGE('',*,*,#4068,.T.);
#4127=CARTESIAN_POINT('',(-43.919217682,18.9,-30.044175133));
#4128=DIRECTION('',(0.,1.,0.));
#4129=DIRECTION('',(0.,-0.,1.));
#4130=AXIS2_PLACEMENT_3D('',#4127,#4128,#4129);
#4131=CIRCLE('',#4130,0.35);
#4132=EDGE_CURVE('',#4104,#4054,#4131,.T.);
#4133=ORIENTED_EDGE('',*,*,#4132,.F.);
#4134=EDGE_LOOP('',(#4112,#4125,#4126,#4133));
#4135=FACE_BOUND('',#4134,.T.);
#4136=ADVANCED_FACE('',(#4135),#4102,.T.);
#4137=CARTESIAN_POINT('',(-44.226342327,13.51,-29.876130624));
#4138=DIRECTION('',(0.866025404,0.,-0.5));
#4139=DIRECTION('',(-0.5,0.,-0.866025404));
#4140=AXIS2_PLACEMENT_3D('',#4137,#4138,#4139);
#4141=PLANE('',#4140);
#4142=CARTESIAN_POINT('',(-44.230358081,17.039805992,-29.883086114));
#4143=VERTEX_POINT('',#4142);
#4144=CARTESIAN_POINT('',(-44.230358081,18.9,-29.883086114));
#4145=VERTEX_POINT('',#4144);
#4146=CARTESIAN_POINT('',(-44.230358081,17.039805992,-29.883086114));
#4147=DIRECTION('',(0.,1.,0.));
#4148=VECTOR('',#4147,1.860194008);
#4149=LINE('',#4146,#4148);
#4150=EDGE_CURVE('',#4143,#4145,#4149,.T.);
#4151=ORIENTED_EDGE('',*,*,#4150,.F.);
#4152=CARTESIAN_POINT('',(-44.222326573,17.060437708,-29.869175133));
#4153=VERTEX_POINT('',#4152);
#4154=CARTESIAN_POINT('',(-42.845508783,14.9,-27.484456768));
#4155=DIRECTION('',(0.866025404,0.,-0.5));
#4156=DIRECTION('',(-0.5,0.,-0.866025404));
#4157=AXIS2_PLACEMENT_3D('',#4154,#4155,#4156);
#4158=CIRCLE('',#4157,3.5);
#4159=EDGE_CURVE('',#4143,#4153,#4158,.T.);
#4160=ORIENTED_EDGE('',*,*,#4159,.T.);
#4161=CARTESIAN_POINT('',(-44.222326573,18.9,-29.869175133));
#4162=VERTEX_POINT('',#4161);
#4163=CARTESIAN_POINT('',(-44.222326573,17.060437708,-29.869175133));
#4164=DIRECTION('',(0.,1.,0.));
#4165=VECTOR('',#4164,1.839562292);
#4166=LINE('',#4163,#4165);
#4167=EDGE_CURVE('',#4153,#4162,#4166,.T.);
#4168=ORIENTED_EDGE('',*,*,#4167,.T.);
#4169=CARTESIAN_POINT('',(-44.222326573,18.9,-29.869175133));
#4170=DIRECTION('',(-0.5,0.,-0.866025404));
#4171=VECTOR('',#4170,0.016063017);
#4172=LINE('',#4169,#4171);
#4173=EDGE_CURVE('',#4162,#4145,#4172,.T.);
#4174=ORIENTED_EDGE('',*,*,#4173,.T.);
#4175=EDGE_LOOP('',(#4151,#4160,#4168,#4174));
#4176=FACE_BOUND('',#4175,.T.);
#4177=ADVANCED_FACE('',(#4176),#4141,.F.);
#4178=CARTESIAN_POINT('',(-43.92724919,13.51,-30.058086114));
#4179=DIRECTION('',(0.,1.,0.));
#4180=DIRECTION('',(0.,-0.,1.));
#4181=AXIS2_PLACEMENT_3D('',#4178,#4179,#4180);
#4182=CYLINDRICAL_SURFACE('',#4181,0.35);
#4183=CARTESIAN_POINT('',(-44.201611218,16.534161672,-30.27540035));
#4184=VERTEX_POINT('',#4183);
#4185=CARTESIAN_POINT('',(-44.201611218,18.9,-30.27540035));
#4186=VERTEX_POINT('',#4185);
#4187=CARTESIAN_POINT('',(-44.201611218,16.534161672,-30.27540035));
#4188=DIRECTION('',(0.,1.,0.));
#4189=VECTOR('',#4188,2.365838328);
#4190=LINE('',#4187,#4189);
#4191=EDGE_CURVE('',#4184,#4186,#4190,.T.);
#4192=ORIENTED_EDGE('',*,*,#4191,.F.);
#4193=CARTESIAN_POINT('',(-44.201611218,16.534161672,-30.27540035));
#4194=CARTESIAN_POINT('',(-44.230039216,16.566109941,-30.239509637));
#4195=CARTESIAN_POINT('',(-44.246888833,16.605126014,-30.205211302));
#4196=CARTESIAN_POINT('',(-44.258576385,16.646609471,-30.170879243));
#4197=CARTESIAN_POINT('',(-44.270263937,16.688092928,-30.136547183));
#4198=CARTESIAN_POINT('',(-44.275869912,16.73143638,-30.103152467));
#4199=CARTESIAN_POINT('',(-44.277028865,16.775088019,-30.070502985));
#4200=CARTESIAN_POINT('',(-44.279346772,16.862391297,-30.005204021));
#4201=CARTESIAN_POINT('',(-44.264074323,16.952523475,-29.941484357));
#4202=CARTESIAN_POINT('',(-44.230358081,17.039805992,-29.883086114));
#4203=B_SPLINE_CURVE_WITH_KNOTS('',3,(#4193,#4194,#4195,#4196,#4197,#4198,#4199,#4200,#4201,#4202),.UNSPECIFIED.,.F.,.F.,(4,3,3,4),(0.,0.000163734,0.000327469,0.000654937),.UNSPECIFIED.);
#4204=EDGE_CURVE('',#4184,#4143,#4203,.T.);
#4205=ORIENTED_EDGE('',*,*,#4204,.T.);
#4206=ORIENTED_EDGE('',*,*,#4150,.T.);
#4207=CARTESIAN_POINT('',(-43.92724919,18.9,-30.058086114));
#4208=DIRECTION('',(0.,1.,0.));
#4209=DIRECTION('',(0.,-0.,1.));
#4210=AXIS2_PLACEMENT_3D('',#4207,#4208,#4209);
#4211=CIRCLE('',#4210,0.35);
#4212=EDGE_CURVE('',#4186,#4145,#4211,.T.);
#4213=ORIENTED_EDGE('',*,*,#4212,.F.);
#4214=EDGE_LOOP('',(#4192,#4205,#4206,#4213));
#4215=FACE_BOUND('',#4214,.T.);
#4216=ADVANCED_FACE('',(#4215),#4182,.T.);
#4217=CARTESIAN_POINT('',(0.,13.51,0.));
#4218=DIRECTION('',(0.,-1.,0.));
#4219=DIRECTION('',(1.,0.,0.));
#4220=AXIS2_PLACEMENT_3D('',#4217,#4218,#4219);
#4221=PLANE('',#4220);
#4222=CARTESIAN_POINT('',(-44.306278298,13.51,-32.414583787));
#4223=VERTEX_POINT('',#4222);
#4224=CARTESIAN_POINT('',(-44.987874944,13.51,-32.02106378));
#4225=VERTEX_POINT('',#4224);
#4226=CARTESIAN_POINT('',(-44.306278298,13.51,-32.414583787));
#4227=DIRECTION('',(-0.866025404,0.,0.5));
#4228=VECTOR('',#4227,0.787040014);
#4229=LINE('',#4226,#4228);
#4230=EDGE_CURVE('',#4223,#4225,#4229,.T.);
#4231=ORIENTED_EDGE('',*,*,#4230,.F.);
#4232=CARTESIAN_POINT('',(-43.556278298,13.51,-31.115545681));
#4233=VERTEX_POINT('',#4232);
#4234=CARTESIAN_POINT('',(-44.306278298,13.51,-32.414583787));
#4235=DIRECTION('',(0.5,0.,0.866025404));
#4236=VECTOR('',#4235,1.5);
#4237=LINE('',#4234,#4236);
#4238=EDGE_CURVE('',#4223,#4233,#4237,.T.);
#4239=ORIENTED_EDGE('',*,*,#4238,.T.);
#4240=CARTESIAN_POINT('',(-44.093042865,13.51,-30.805644514));
#4241=VERTEX_POINT('',#4240);
#4242=CARTESIAN_POINT('',(-44.093042865,13.51,-30.805644514));
#4243=DIRECTION('',(0.866025404,0.,-0.5));
#4244=VECTOR('',#4243,0.619802334);
#4245=LINE('',#4242,#4244);
#4246=EDGE_CURVE('',#4241,#4233,#4245,.T.);
#4247=ORIENTED_EDGE('',*,*,#4246,.F.);
#4248=CARTESIAN_POINT('',(-44.759406642,13.51,-31.241530363));
#4249=VERTEX_POINT('',#4248);
#4250=CARTESIAN_POINT('',(-44.671946125,13.51,-30.647939041));
#4251=DIRECTION('',(0.,1.,0.));
#4252=DIRECTION('',(0.,0.,-1.));
#4253=AXIS2_PLACEMENT_3D('',#4250,#4251,#4252);
#4254=CIRCLE('',#4253,0.6);
#4255=EDGE_CURVE('',#4241,#4249,#4254,.T.);
#4256=ORIENTED_EDGE('',*,*,#4255,.T.);
#4257=CARTESIAN_POINT('',(-44.810425277,13.51,-31.237791968));
#4258=VERTEX_POINT('',#4257);
#4259=CARTESIAN_POINT('',(-44.810425277,13.51,-31.587791968));
#4260=DIRECTION('',(0.,-1.,0.));
#4261=DIRECTION('',(0.,0.,-1.));
#4262=AXIS2_PLACEMENT_3D('',#4259,#4260,#4261);
#4263=CIRCLE('',#4262,0.35);
#4264=EDGE_CURVE('',#4249,#4258,#4263,.T.);
#4265=ORIENTED_EDGE('',*,*,#4264,.T.);
#4266=CARTESIAN_POINT('',(-45.113534168,13.51,-31.412791968));
#4267=VERTEX_POINT('',#4266);
#4268=CARTESIAN_POINT('',(-44.810425277,13.51,-31.587791968));
#4269=DIRECTION('',(0.,-1.,0.));
#4270=DIRECTION('',(0.,0.,-1.));
#4271=AXIS2_PLACEMENT_3D('',#4268,#4269,#4270);
#4272=CIRCLE('',#4271,0.35);
#4273=EDGE_CURVE('',#4258,#4267,#4272,.T.);
#4274=ORIENTED_EDGE('',*,*,#4273,.T.);
#4275=CARTESIAN_POINT('',(-45.121558081,13.51,-31.426689794));
#4276=VERTEX_POINT('',#4275);
#4277=CARTESIAN_POINT('',(-45.113534168,13.51,-31.412791968));
#4278=DIRECTION('',(-0.5,0.,-0.866025404));
#4279=VECTOR('',#4278,0.016047827);
#4280=LINE('',#4277,#4279);
#4281=EDGE_CURVE('',#4267,#4276,#4280,.T.);
#4282=ORIENTED_EDGE('',*,*,#4281,.T.);
#4283=CARTESIAN_POINT('',(-45.092811218,13.51,-31.81900403));
#4284=VERTEX_POINT('',#4283);
#4285=CARTESIAN_POINT('',(-44.81844919,13.51,-31.601689794));
#4286=DIRECTION('',(0.,-1.,0.));
#4287=DIRECTION('',(0.,0.,-1.));
#4288=AXIS2_PLACEMENT_3D('',#4285,#4286,#4287);
#4289=CIRCLE('',#4288,0.35);
#4290=EDGE_CURVE('',#4276,#4284,#4289,.T.);
#4291=ORIENTED_EDGE('',*,*,#4290,.T.);
#4292=CARTESIAN_POINT('',(-45.563146125,13.51,-32.191542721));
#4293=DIRECTION('',(0.,1.,0.));
#4294=DIRECTION('',(0.,0.,-1.));
#4295=AXIS2_PLACEMENT_3D('',#4292,#4293,#4294);
#4296=CIRCLE('',#4295,0.6);
#4297=EDGE_CURVE('',#4284,#4225,#4296,.T.);
#4298=ORIENTED_EDGE('',*,*,#4297,.T.);
#4299=EDGE_LOOP('',(#4231,#4239,#4247,#4256,#4265,#4274,#4282,#4291,#4298));
#4300=FACE_BOUND('',#4299,.T.);
#4301=ADVANCED_FACE('',(#4300),#4221,.T.);
#4302=CARTESIAN_POINT('',(-43.036041595,18.9,-28.514469279));
#4303=DIRECTION('',(0.,-1.,0.));
#4304=DIRECTION('',(0.,0.,-1.));
#4305=AXIS2_PLACEMENT_3D('',#4302,#4303,#4304);
#4306=CYLINDRICAL_SURFACE('',#4305,0.35);
#4307=CARTESIAN_POINT('',(-43.339150486,18.9,-28.339469279));
#4308=VERTEX_POINT('',#4307);
#4309=CARTESIAN_POINT('',(-43.339150486,17.9,-28.339469279));
#4310=VERTEX_POINT('',#4309);
#4311=CARTESIAN_POINT('',(-43.339150486,18.9,-28.339469279));
#4312=DIRECTION('',(0.,-1.,0.));
#4313=VECTOR('',#4312,1.);
#4314=LINE('',#4311,#4313);
#4315=EDGE_CURVE('',#4308,#4310,#4314,.T.);
#4316=ORIENTED_EDGE('',*,*,#4315,.F.);
#4317=CARTESIAN_POINT('',(-43.036041595,18.9,-28.514469279));
#4318=DIRECTION('',(0.,1.,0.));
#4319=DIRECTION('',(0.,-0.,1.));
#4320=AXIS2_PLACEMENT_3D('',#4317,#4318,#4319);
#4321=CIRCLE('',#4320,0.35);
#4322=EDGE_CURVE('',#4044,#4308,#4321,.T.);
#4323=ORIENTED_EDGE('',*,*,#4322,.F.);
#4324=ORIENTED_EDGE('',*,*,#4051,.T.);
#4325=CARTESIAN_POINT('',(-43.036041595,17.9,-28.514469279));
#4326=DIRECTION('',(0.,1.,0.));
#4327=DIRECTION('',(0.,-0.,1.));
#4328=AXIS2_PLACEMENT_3D('',#4325,#4326,#4327);
#4329=CIRCLE('',#4328,0.35);
#4330=EDGE_CURVE('',#4046,#4310,#4329,.T.);
#4331=ORIENTED_EDGE('',*,*,#4330,.T.);
#4332=EDGE_LOOP('',(#4316,#4323,#4324,#4331));
#4333=FACE_BOUND('',#4332,.T.);
#4334=ADVANCED_FACE('',(#4333),#4306,.T.);
#4335=CARTESIAN_POINT('',(-43.335137264,18.9,-28.332518174));
#4336=DIRECTION('',(-0.866025404,0.,0.5));
#4337=DIRECTION('',(0.5,0.,0.866025404));
#4338=AXIS2_PLACEMENT_3D('',#4335,#4336,#4337);
#4339=PLANE('',#4338);
#4340=CARTESIAN_POINT('',(-43.331124041,18.9,-28.325567069));
#4341=VERTEX_POINT('',#4340);
#4342=CARTESIAN_POINT('',(-43.331124041,17.9,-28.325567069));
#4343=VERTEX_POINT('',#4342);
#4344=CARTESIAN_POINT('',(-43.331124041,18.9,-28.325567069));
#4345=DIRECTION('',(0.,-1.,0.));
#4346=VECTOR('',#4345,1.);
#4347=LINE('',#4344,#4346);
#4348=EDGE_CURVE('',#4341,#4343,#4347,.T.);
#4349=ORIENTED_EDGE('',*,*,#4348,.F.);
#4350=CARTESIAN_POINT('',(-43.331124041,18.9,-28.325567069));
#4351=DIRECTION('',(-0.5,0.,-0.866025404));
#4352=VECTOR('',#4351,0.01605289);
#4353=LINE('',#4350,#4352);
#4354=EDGE_CURVE('',#4341,#4308,#4353,.T.);
#4355=ORIENTED_EDGE('',*,*,#4354,.T.);
#4356=ORIENTED_EDGE('',*,*,#4315,.T.);
#4357=CARTESIAN_POINT('',(-43.331124041,17.9,-28.325567069));
#4358=DIRECTION('',(-0.5,0.,-0.866025404));
#4359=VECTOR('',#4358,0.01605289);
#4360=LINE('',#4357,#4359);
#4361=EDGE_CURVE('',#4343,#4310,#4360,.T.);
#4362=ORIENTED_EDGE('',*,*,#4361,.F.);
#4363=EDGE_LOOP('',(#4349,#4355,#4356,#4362));
#4364=FACE_BOUND('',#4363,.T.);
#4365=ADVANCED_FACE('',(#4364),#4339,.T.);
#4366=CARTESIAN_POINT('',(-43.02801515,18.9,-28.500567069));
#4367=DIRECTION('',(0.,-1.,0.));
#4368=DIRECTION('',(0.,0.,-1.));
#4369=AXIS2_PLACEMENT_3D('',#4366,#4367,#4368);
#4370=CYLINDRICAL_SURFACE('',#4369,0.35);
#4371=CARTESIAN_POINT('',(-42.976996515,18.9,-28.154305464));
#4372=VERTEX_POINT('',#4371);
#4373=CARTESIAN_POINT('',(-42.976996515,17.9,-28.154305464));
#4374=VERTEX_POINT('',#4373);
#4375=CARTESIAN_POINT('',(-42.976996515,18.9,-28.154305464));
#4376=DIRECTION('',(0.,-1.,0.));
#4377=VECTOR('',#4376,1.);
#4378=LINE('',#4375,#4377);
#4379=EDGE_CURVE('',#4372,#4374,#4378,.T.);
#4380=ORIENTED_EDGE('',*,*,#4379,.F.);
#4381=CARTESIAN_POINT('',(-43.02801515,18.9,-28.500567069));
#4382=DIRECTION('',(0.,1.,0.));
#4383=DIRECTION('',(0.,-0.,1.));
#4384=AXIS2_PLACEMENT_3D('',#4381,#4382,#4383);
#4385=CIRCLE('',#4384,0.35);
#4386=EDGE_CURVE('',#4341,#4372,#4385,.T.);
#4387=ORIENTED_EDGE('',*,*,#4386,.F.);
#4388=ORIENTED_EDGE('',*,*,#4348,.T.);
#4389=CARTESIAN_POINT('',(-43.02801515,17.9,-28.500567069));
#4390=DIRECTION('',(0.,1.,0.));
#4391=DIRECTION('',(0.,-0.,1.));
#4392=AXIS2_PLACEMENT_3D('',#4389,#4390,#4391);
#4393=CIRCLE('',#4392,0.35);
#4394=EDGE_CURVE('',#4343,#4374,#4393,.T.);
#4395=ORIENTED_EDGE('',*,*,#4394,.T.);
#4396=EDGE_LOOP('',(#4380,#4387,#4388,#4395));
#4397=FACE_BOUND('',#4396,.T.);
#4398=ADVANCED_FACE('',(#4397),#4370,.T.);
#4399=CARTESIAN_POINT('',(-42.889535998,18.9,-27.560714142));
#4400=DIRECTION('',(0.,-1.,0.));
#4401=DIRECTION('',(0.,0.,-1.));
#4402=AXIS2_PLACEMENT_3D('',#4399,#4400,#4401);
#4403=CYLINDRICAL_SURFACE('',#4402,0.6);
#4404=CARTESIAN_POINT('',(-42.889535998,17.9,-28.160714142));
#4405=VERTEX_POINT('',#4404);
#4406=CARTESIAN_POINT('',(-42.889535998,18.9,-28.160714142));
#4407=VERTEX_POINT('',#4406);
#4408=CARTESIAN_POINT('',(-42.889535998,17.9,-28.160714142));
#4409=DIRECTION('',(-0.,1.,-0.));
#4410=VECTOR('',#4409,1.);
#4411=LINE('',#4408,#4410);
#4412=EDGE_CURVE('',#4405,#4407,#4411,.T.);
#4413=ORIENTED_EDGE('',*,*,#4412,.F.);
#4414=CARTESIAN_POINT('',(-43.407113636,17.9,-27.257212266));
#4415=VERTEX_POINT('',#4414);
#4416=CARTESIAN_POINT('',(-42.889535998,17.9,-27.560714142));
#4417=DIRECTION('',(0.,1.,0.));
#4418=DIRECTION('',(0.,-0.,1.));
#4419=AXIS2_PLACEMENT_3D('',#4416,#4417,#4418);
#4420=CIRCLE('',#4419,0.6);
#4421=EDGE_CURVE('',#4415,#4405,#4420,.T.);
#4422=ORIENTED_EDGE('',*,*,#4421,.F.);
#4423=CARTESIAN_POINT('',(-43.407113636,18.9,-27.257212266));
#4424=VERTEX_POINT('',#4423);
#4425=CARTESIAN_POINT('',(-43.407113636,18.9,-27.257212266));
#4426=DIRECTION('',(0.,-1.,0.));
#4427=VECTOR('',#4426,1.);
#4428=LINE('',#4425,#4427);
#4429=EDGE_CURVE('',#4424,#4415,#4428,.T.);
#4430=ORIENTED_EDGE('',*,*,#4429,.F.);
#4431=CARTESIAN_POINT('',(-42.889535998,18.9,-27.560714142));
#4432=DIRECTION('',(0.,1.,0.));
#4433=DIRECTION('',(0.,-0.,1.));
#4434=AXIS2_PLACEMENT_3D('',#4431,#4432,#4433);
#4435=CIRCLE('',#4434,0.6);
#4436=EDGE_CURVE('',#4424,#4407,#4435,.T.);
#4437=ORIENTED_EDGE('',*,*,#4436,.T.);
#4438=EDGE_LOOP('',(#4413,#4422,#4430,#4437));
#4439=FACE_BOUND('',#4438,.T.);
#4440=ADVANCED_FACE('',(#4439),#4403,.F.);
#4441=CARTESIAN_POINT('',(-42.885484482,18.9,-27.553696711));
#4442=DIRECTION('',(0.,-1.,0.));
#4443=DIRECTION('',(0.,0.,-1.));
#4444=AXIS2_PLACEMENT_3D('',#4441,#4442,#4443);
#4445=CYLINDRICAL_SURFACE('',#4444,0.6);
#4446=CARTESIAN_POINT('',(-43.378059629,18.9,-27.211104059));
#4447=VERTEX_POINT('',#4446);
#4448=CARTESIAN_POINT('',(-43.378059629,17.9,-27.211104059));
#4449=VERTEX_POINT('',#4448);
#4450=CARTESIAN_POINT('',(-43.378059629,18.9,-27.211104059));
#4451=DIRECTION('',(0.,-1.,0.));
#4452=VECTOR('',#4451,1.);
#4453=LINE('',#4450,#4452);
#4454=EDGE_CURVE('',#4447,#4449,#4453,.T.);
#4455=ORIENTED_EDGE('',*,*,#4454,.F.);
#4456=CARTESIAN_POINT('',(-42.885484482,18.9,-27.553696711));
#4457=DIRECTION('',(0.,1.,0.));
#4458=DIRECTION('',(0.,-0.,1.));
#4459=AXIS2_PLACEMENT_3D('',#4456,#4457,#4458);
#4460=CIRCLE('',#4459,0.6);
#4461=EDGE_CURVE('',#4424,#4447,#4460,.T.);
#4462=ORIENTED_EDGE('',*,*,#4461,.F.);
#4463=ORIENTED_EDGE('',*,*,#4429,.T.);
#4464=CARTESIAN_POINT('',(-42.885484482,17.9,-27.553696711));
#4465=DIRECTION('',(0.,1.,0.));
#4466=DIRECTION('',(0.,-0.,1.));
#4467=AXIS2_PLACEMENT_3D('',#4464,#4465,#4466);
#4468=CIRCLE('',#4467,0.6);
#4469=EDGE_CURVE('',#4415,#4449,#4468,.T.);
#4470=ORIENTED_EDGE('',*,*,#4469,.T.);
#4471=EDGE_LOOP('',(#4455,#4462,#4463,#4470));
#4472=FACE_BOUND('',#4471,.T.);
#4473=ADVANCED_FACE('',(#4472),#4445,.T.);
#4474=CARTESIAN_POINT('',(-43.666776119,18.9,-27.010297851));
#4475=DIRECTION('',(0.,-1.,0.));
#4476=DIRECTION('',(0.,0.,-1.));
#4477=AXIS2_PLACEMENT_3D('',#4474,#4475,#4476);
#4478=CYLINDRICAL_SURFACE('',#4477,0.351682165);
#4479=CARTESIAN_POINT('',(-43.666776119,17.9,-27.361980015));
#4480=VERTEX_POINT('',#4479);
#4481=CARTESIAN_POINT('',(-43.666776119,18.9,-27.361980015));
#4482=VERTEX_POINT('',#4481);
#4483=CARTESIAN_POINT('',(-43.666776119,17.9,-27.361980015));
#4484=DIRECTION('',(-0.,1.,-0.));
#4485=VECTOR('',#4484,1.);
#4486=LINE('',#4483,#4485);
#4487=EDGE_CURVE('',#4480,#4482,#4486,.T.);
#4488=ORIENTED_EDGE('',*,*,#4487,.T.);
#4489=CARTESIAN_POINT('',(-43.666776119,18.9,-27.010297851));
#4490=DIRECTION('',(0.,1.,0.));
#4491=DIRECTION('',(0.,-0.,1.));
#4492=AXIS2_PLACEMENT_3D('',#4489,#4490,#4491);
#4493=CIRCLE('',#4492,0.351682165);
#4494=EDGE_CURVE('',#4447,#4482,#4493,.T.);
#4495=ORIENTED_EDGE('',*,*,#4494,.F.);
#4496=ORIENTED_EDGE('',*,*,#4454,.T.);
#4497=CARTESIAN_POINT('',(-43.666776119,17.9,-27.010297851));
#4498=DIRECTION('',(0.,1.,0.));
#4499=DIRECTION('',(0.,-0.,1.));
#4500=AXIS2_PLACEMENT_3D('',#4497,#4498,#4499);
#4501=CIRCLE('',#4500,0.351682165);
#4502=EDGE_CURVE('',#4449,#4480,#4501,.T.);
#4503=ORIENTED_EDGE('',*,*,#4502,.T.);
#4504=EDGE_LOOP('',(#4488,#4495,#4496,#4503));
#4505=FACE_BOUND('',#4504,.T.);
#4506=ADVANCED_FACE('',(#4505),#4478,.T.);
#4507=CARTESIAN_POINT('',(-39.201210822,18.9,-19.277363779));
#4508=DIRECTION('',(0.,-1.,0.));
#4509=DIRECTION('',(0.,0.,-1.));
#4510=AXIS2_PLACEMENT_3D('',#4507,#4508,#4509);
#4511=CYLINDRICAL_SURFACE('',#4510,0.352508119);
#4512=CARTESIAN_POINT('',(-38.915602482,18.9,-19.483979002));
#4513=VERTEX_POINT('',#4512);
#4514=CARTESIAN_POINT('',(-38.915602482,17.9,-19.483979002));
#4515=VERTEX_POINT('',#4514);
#4516=CARTESIAN_POINT('',(-38.915602482,18.9,-19.483979002));
#4517=DIRECTION('',(0.,-1.,0.));
#4518=VECTOR('',#4517,1.);
#4519=LINE('',#4516,#4518);
#4520=EDGE_CURVE('',#4513,#4515,#4519,.T.);
#4521=ORIENTED_EDGE('',*,*,#4520,.F.);
#4522=CARTESIAN_POINT('',(-39.296903809,18.9,-18.938092758));
#4523=VERTEX_POINT('',#4522);
#4524=CARTESIAN_POINT('',(-39.201210822,18.9,-19.277363779));
#4525=DIRECTION('',(0.,1.,0.));
#4526=DIRECTION('',(0.,-0.,1.));
#4527=AXIS2_PLACEMENT_3D('',#4524,#4525,#4526);
#4528=CIRCLE('',#4527,0.352508119);
#4529=EDGE_CURVE('',#4523,#4513,#4528,.T.);
#4530=ORIENTED_EDGE('',*,*,#4529,.F.);
#4531=CARTESIAN_POINT('',(-39.296903809,17.9,-18.938092758));
#4532=VERTEX_POINT('',#4531);
#4533=CARTESIAN_POINT('',(-39.296903809,18.9,-18.938092758));
#4534=DIRECTION('',(0.,-1.,0.));
#4535=VECTOR('',#4534,1.);
#4536=LINE('',#4533,#4535);
#4537=EDGE_CURVE('',#4523,#4532,#4536,.T.);
#4538=ORIENTED_EDGE('',*,*,#4537,.T.);
#4539=CARTESIAN_POINT('',(-39.201210822,17.9,-19.277363779));
#4540=DIRECTION('',(0.,1.,0.));
#4541=DIRECTION('',(0.,-0.,1.));
#4542=AXIS2_PLACEMENT_3D('',#4539,#4540,#4541);
#4543=CIRCLE('',#4542,0.352508119);
#4544=EDGE_CURVE('',#4532,#4515,#4543,.T.);
#4545=ORIENTED_EDGE('',*,*,#4544,.T.);
#4546=EDGE_LOOP('',(#4521,#4530,#4538,#4545));
#4547=FACE_BOUND('',#4546,.T.);
#4548=ADVANCED_FACE('',(#4547),#4511,.T.);
#4549=CARTESIAN_POINT('',(-38.429471824,18.9,-19.835656387));
#4550=DIRECTION('',(0.,-1.,0.));
#4551=DIRECTION('',(0.,0.,-1.));
#4552=AXIS2_PLACEMENT_3D('',#4549,#4550,#4551);
#4553=CYLINDRICAL_SURFACE('',#4552,0.6);
#4554=CARTESIAN_POINT('',(-38.951100978,17.9,-19.539171943));
#4555=VERTEX_POINT('',#4554);
#4556=CARTESIAN_POINT('',(-38.429471824,17.9,-19.835656387));
#4557=DIRECTION('',(0.,1.,0.));
#4558=DIRECTION('',(0.,-0.,1.));
#4559=AXIS2_PLACEMENT_3D('',#4556,#4557,#4558);
#4560=CIRCLE('',#4559,0.6);
#4561=EDGE_CURVE('',#4555,#4515,#4560,.T.);
#4562=ORIENTED_EDGE('',*,*,#4561,.F.);
#4563=CARTESIAN_POINT('',(-38.951100978,18.9,-19.539171943));
#4564=VERTEX_POINT('',#4563);
#4565=CARTESIAN_POINT('',(-38.951100978,18.9,-19.539171943));
#4566=DIRECTION('',(0.,-1.,0.));
#4567=VECTOR('',#4566,1.);
#4568=LINE('',#4565,#4567);
#4569=EDGE_CURVE('',#4564,#4555,#4568,.T.);
#4570=ORIENTED_EDGE('',*,*,#4569,.F.);
#4571=CARTESIAN_POINT('',(-38.429471824,18.9,-19.835656387));
#4572=DIRECTION('',(0.,1.,0.));
#4573=DIRECTION('',(0.,-0.,1.));
#4574=AXIS2_PLACEMENT_3D('',#4571,#4572,#4573);
#4575=CIRCLE('',#4574,0.6);
#4576=EDGE_CURVE('',#4564,#4513,#4575,.T.);
#4577=ORIENTED_EDGE('',*,*,#4576,.T.);
#4578=ORIENTED_EDGE('',*,*,#4520,.T.);
#4579=EDGE_LOOP('',(#4562,#4570,#4577,#4578));
#4580=FACE_BOUND('',#4579,.T.);
#4581=ADVANCED_FACE('',(#4580),#4553,.F.);
#4582=CARTESIAN_POINT('',(-38.43352334,18.9,-19.842673819));
#4583=DIRECTION('',(0.,-1.,0.));
#4584=DIRECTION('',(0.,0.,-1.));
#4585=AXIS2_PLACEMENT_3D('',#4582,#4583,#4584);
#4586=CYLINDRICAL_SURFACE('',#4585,0.6);
#4587=CARTESIAN_POINT('',(-38.43352334,17.9,-20.442673819));
#4588=VERTEX_POINT('',#4587);
#4589=CARTESIAN_POINT('',(-38.43352334,18.9,-20.442673819));
#4590=VERTEX_POINT('',#4589);
#4591=CARTESIAN_POINT('',(-38.43352334,17.9,-20.442673819));
#4592=DIRECTION('',(-0.,1.,-0.));
#4593=VECTOR('',#4592,1.);
#4594=LINE('',#4591,#4593);
#4595=EDGE_CURVE('',#4588,#4590,#4594,.T.);
#4596=ORIENTED_EDGE('',*,*,#4595,.F.);
#4597=CARTESIAN_POINT('',(-37.963188434,17.9,-19.470135128));
#4598=VERTEX_POINT('',#4597);
#4599=CARTESIAN_POINT('',(-38.43352334,17.9,-19.842673819));
#4600=DIRECTION('',(0.,1.,0.));
#4601=DIRECTION('',(0.,-0.,1.));
#4602=AXIS2_PLACEMENT_3D('',#4599,#4600,#4601);
#4603=CIRCLE('',#4602,0.6);
#4604=EDGE_CURVE('',#4598,#4588,#4603,.T.);
#4605=ORIENTED_EDGE('',*,*,#4604,.F.);
#4606=CARTESIAN_POINT('',(-37.963188434,18.9,-19.470135128));
#4607=VERTEX_POINT('',#4606);
#4608=CARTESIAN_POINT('',(-37.963188434,18.9,-19.470135128));
#4609=DIRECTION('',(0.,-1.,0.));
#4610=VECTOR('',#4609,1.);
#4611=LINE('',#4608,#4610);
#4612=EDGE_CURVE('',#4607,#4598,#4611,.T.);
#4613=ORIENTED_EDGE('',*,*,#4612,.F.);
#4614=CARTESIAN_POINT('',(-38.43352334,18.9,-19.842673819));
#4615=DIRECTION('',(0.,1.,0.));
#4616=DIRECTION('',(0.,-0.,1.));
#4617=AXIS2_PLACEMENT_3D('',#4614,#4615,#4616);
#4618=CIRCLE('',#4617,0.6);
#4619=EDGE_CURVE('',#4607,#4590,#4618,.T.);
#4620=ORIENTED_EDGE('',*,*,#4619,.T.);
#4621=EDGE_LOOP('',(#4596,#4605,#4613,#4620));
#4622=FACE_BOUND('',#4621,.T.);
#4623=ADVANCED_FACE('',(#4622),#4586,.F.);
#4624=CARTESIAN_POINT('',(-37.688826405,18.9,-19.252820891));
#4625=DIRECTION('',(0.,-1.,0.));
#4626=DIRECTION('',(0.,0.,-1.));
#4627=AXIS2_PLACEMENT_3D('',#4624,#4625,#4626);
#4628=CYLINDRICAL_SURFACE('',#4627,0.35);
#4629=CARTESIAN_POINT('',(-37.991935296,18.9,-19.077820891));
#4630=VERTEX_POINT('',#4629);
#4631=CARTESIAN_POINT('',(-37.991935296,17.9,-19.077820891));
#4632=VERTEX_POINT('',#4631);
#4633=CARTESIAN_POINT('',(-37.991935296,18.9,-19.077820891));
#4634=DIRECTION('',(0.,-1.,0.));
#4635=VECTOR('',#4634,1.);
#4636=LINE('',#4633,#4635);
#4637=EDGE_CURVE('',#4630,#4632,#4636,.T.);
#4638=ORIENTED_EDGE('',*,*,#4637,.F.);
#4639=CARTESIAN_POINT('',(-37.688826405,18.9,-19.252820891));
#4640=DIRECTION('',(0.,1.,0.));
#4641=DIRECTION('',(0.,-0.,1.));
#4642=AXIS2_PLACEMENT_3D('',#4639,#4640,#4641);
#4643=CIRCLE('',#4642,0.35);
#4644=EDGE_CURVE('',#4607,#4630,#4643,.T.);
#4645=ORIENTED_EDGE('',*,*,#4644,.F.);
#4646=ORIENTED_EDGE('',*,*,#4612,.T.);
#4647=CARTESIAN_POINT('',(-37.688826405,17.9,-19.252820891));
#4648=DIRECTION('',(0.,1.,0.));
#4649=DIRECTION('',(0.,-0.,1.));
#4650=AXIS2_PLACEMENT_3D('',#4647,#4648,#4649);
#4651=CIRCLE('',#4650,0.35);
#4652=EDGE_CURVE('',#4598,#4632,#4651,.T.);
#4653=ORIENTED_EDGE('',*,*,#4652,.T.);
#4654=EDGE_LOOP('',(#4638,#4645,#4646,#4653));
#4655=FACE_BOUND('',#4654,.T.);
#4656=ADVANCED_FACE('',(#4655),#4628,.T.);
#4657=CARTESIAN_POINT('',(-37.987922074,18.9,-19.070869786));
#4658=DIRECTION('',(-0.866025404,0.,0.5));
#4659=DIRECTION('',(0.5,0.,0.866025404));
#4660=AXIS2_PLACEMENT_3D('',#4657,#4658,#4659);
#4661=PLANE('',#4660);
#4662=CARTESIAN_POINT('',(-37.983908851,18.9,-19.063918681));
#4663=VERTEX_POINT('',#4662);
#4664=CARTESIAN_POINT('',(-37.983908851,17.9,-19.063918681));
#4665=VERTEX_POINT('',#4664);
#4666=CARTESIAN_POINT('',(-37.983908851,18.9,-19.063918681));
#4667=DIRECTION('',(0.,-1.,0.));
#4668=VECTOR('',#4667,1.);
#4669=LINE('',#4666,#4668);
#4670=EDGE_CURVE('',#4663,#4665,#4669,.T.);
#4671=ORIENTED_EDGE('',*,*,#4670,.F.);
#4672=CARTESIAN_POINT('',(-37.983908851,18.9,-19.063918681));
#4673=DIRECTION('',(-0.5,0.,-0.866025404));
#4674=VECTOR('',#4673,0.01605289);
#4675=LINE('',#4672,#4674);
#4676=EDGE_CURVE('',#4663,#4630,#4675,.T.);
#4677=ORIENTED_EDGE('',*,*,#4676,.T.);
#4678=ORIENTED_EDGE('',*,*,#4637,.T.);
#4679=CARTESIAN_POINT('',(-37.983908851,17.9,-19.063918681));
#4680=DIRECTION('',(-0.5,0.,-0.866025404));
#4681=VECTOR('',#4680,0.01605289);
#4682=LINE('',#4679,#4681);
#4683=EDGE_CURVE('',#4665,#4632,#4682,.T.);
#4684=ORIENTED_EDGE('',*,*,#4683,.F.);
#4685=EDGE_LOOP('',(#4671,#4677,#4678,#4684));
#4686=FACE_BOUND('',#4685,.T.);
#4687=ADVANCED_FACE('',(#4686),#4661,.T.);
#4688=CARTESIAN_POINT('',(-37.68079996,18.9,-19.238918681));
#4689=DIRECTION('',(0.,-1.,0.));
#4690=DIRECTION('',(0.,0.,-1.));
#4691=AXIS2_PLACEMENT_3D('',#4688,#4689,#4690);
#4692=CYLINDRICAL_SURFACE('',#4691,0.35);
#4693=CARTESIAN_POINT('',(-37.629781325,17.9,-18.892657076));
#4694=VERTEX_POINT('',#4693);
#4695=CARTESIAN_POINT('',(-37.68079996,17.9,-19.238918681));
#4696=DIRECTION('',(0.,1.,0.));
#4697=DIRECTION('',(0.,-0.,1.));
#4698=AXIS2_PLACEMENT_3D('',#4695,#4696,#4697);
#4699=CIRCLE('',#4698,0.35);
#4700=EDGE_CURVE('',#4665,#4694,#4699,.T.);
#4701=ORIENTED_EDGE('',*,*,#4700,.T.);
#4702=CARTESIAN_POINT('',(-37.629781325,18.9,-18.892657076));
#4703=VERTEX_POINT('',#4702);
#4704=CARTESIAN_POINT('',(-37.629781325,18.9,-18.892657076));
#4705=DIRECTION('',(0.,-1.,0.));
#4706=VECTOR('',#4705,1.);
#4707=LINE('',#4704,#4706);
#4708=EDGE_CURVE('',#4703,#4694,#4707,.T.);
#4709=ORIENTED_EDGE('',*,*,#4708,.F.);
#4710=CARTESIAN_POINT('',(-37.68079996,18.9,-19.238918681));
#4711=DIRECTION('',(0.,1.,0.));
#4712=DIRECTION('',(0.,-0.,1.));
#4713=AXIS2_PLACEMENT_3D('',#4710,#4711,#4712);
#4714=CIRCLE('',#4713,0.35);
#4715=EDGE_CURVE('',#4663,#4703,#4714,.T.);
#4716=ORIENTED_EDGE('',*,*,#4715,.F.);
#4717=ORIENTED_EDGE('',*,*,#4670,.T.);
#4718=EDGE_LOOP('',(#4701,#4709,#4716,#4717));
#4719=FACE_BOUND('',#4718,.T.);
#4720=ADVANCED_FACE('',(#4719),#4692,.T.);
#4721=CARTESIAN_POINT('',(-37.542320808,18.9,-18.299065754));
#4722=DIRECTION('',(0.,-1.,0.));
#4723=DIRECTION('',(0.,0.,-1.));
#4724=AXIS2_PLACEMENT_3D('',#4721,#4722,#4723);
#4725=CYLINDRICAL_SURFACE('',#4724,0.6);
#4726=CARTESIAN_POINT('',(-37.542320808,17.9,-18.899065754));
#4727=VERTEX_POINT('',#4726);
#4728=CARTESIAN_POINT('',(-37.542320808,18.9,-18.899065754));
#4729=VERTEX_POINT('',#4728);
#4730=CARTESIAN_POINT('',(-37.542320808,17.9,-18.899065754));
#4731=DIRECTION('',(-0.,1.,-0.));
#4732=VECTOR('',#4731,1.);
#4733=LINE('',#4730,#4732);
#4734=EDGE_CURVE('',#4727,#4729,#4733,.T.);
#4735=ORIENTED_EDGE('',*,*,#4734,.F.);
#4736=CARTESIAN_POINT('',(-37.022701768,17.9,-18.599059175));
#4737=VERTEX_POINT('',#4736);
#4738=CARTESIAN_POINT('',(-37.542320808,17.9,-18.299065754));
#4739=DIRECTION('',(0.,1.,0.));
#4740=DIRECTION('',(0.,-0.,1.));
#4741=AXIS2_PLACEMENT_3D('',#4738,#4739,#4740);
#4742=CIRCLE('',#4741,0.6);
#4743=EDGE_CURVE('',#4737,#4727,#4742,.T.);
#4744=ORIENTED_EDGE('',*,*,#4743,.F.);
#4745=CARTESIAN_POINT('',(-37.022701768,18.9,-18.599059175));
#4746=VERTEX_POINT('',#4745);
#4747=CARTESIAN_POINT('',(-37.022701768,18.9,-18.599059175));
#4748=DIRECTION('',(0.,-1.,0.));
#4749=VECTOR('',#4748,1.);
#4750=LINE('',#4747,#4749);
#4751=EDGE_CURVE('',#4746,#4737,#4750,.T.);
#4752=ORIENTED_EDGE('',*,*,#4751,.F.);
#4753=CARTESIAN_POINT('',(-37.542320808,18.9,-18.299065754));
#4754=DIRECTION('',(0.,1.,0.));
#4755=DIRECTION('',(0.,-0.,1.));
#4756=AXIS2_PLACEMENT_3D('',#4753,#4754,#4755);
#4757=CIRCLE('',#4756,0.6);
#4758=EDGE_CURVE('',#4746,#4729,#4757,.T.);
#4759=ORIENTED_EDGE('',*,*,#4758,.T.);
#4760=EDGE_LOOP('',(#4735,#4744,#4752,#4759));
#4761=FACE_BOUND('',#4760,.T.);
#4762=ADVANCED_FACE('',(#4761),#4725,.F.);
#4763=CARTESIAN_POINT('',(-37.542313213,18.9,-18.299052599));
#4764=DIRECTION('',(0.,-1.,0.));
#4765=DIRECTION('',(0.,0.,-1.));
#4766=AXIS2_PLACEMENT_3D('',#4763,#4764,#4765);
#4767=CYLINDRICAL_SURFACE('',#4766,0.6);
#4768=CARTESIAN_POINT('',(-36.971260972,17.9,-18.483159926));
#4769=VERTEX_POINT('',#4768);
#4770=CARTESIAN_POINT('',(-37.542313213,17.9,-18.299052599));
#4771=DIRECTION('',(0.,1.,0.));
#4772=DIRECTION('',(0.,-0.,1.));
#4773=AXIS2_PLACEMENT_3D('',#4770,#4771,#4772);
#4774=CIRCLE('',#4773,0.6);
#4775=EDGE_CURVE('',#4769,#4737,#4774,.T.);
#4776=ORIENTED_EDGE('',*,*,#4775,.F.);
#4777=CARTESIAN_POINT('',(-37.071978307,17.593894913,-17.926513908));
#4778=VERTEX_POINT('',#4777);
#4779=CARTESIAN_POINT('',(-37.071978307,17.593894913,-17.926513908));
#4780=CARTESIAN_POINT('',(-37.038664275,17.610291317,-17.968573304));
#4781=CARTESIAN_POINT('',(-37.012673434,17.630840083,-18.012690268));
#4782=CARTESIAN_POINT('',(-36.992556831,17.65419996,-18.058703019));
#4783=CARTESIAN_POINT('',(-36.972440228,17.677559836,-18.104715771));
#4784=CARTESIAN_POINT('',(-36.95846724,17.703775335,-18.152579919));
#4785=CARTESIAN_POINT('',(-36.950513227,17.730864856,-18.200195246));
#4786=CARTESIAN_POINT('',(-36.942559214,17.757954377,-18.247810572));
#4787=CARTESIAN_POINT('',(-36.940441795,17.786527524,-18.296254251));
#4788=CARTESIAN_POINT('',(-36.943971575,17.814968503,-18.34363157));
#4789=CARTESIAN_POINT('',(-36.947501356,17.843409481,-18.391008888));
#4790=CARTESIAN_POINT('',(-36.956535025,17.871810223,-18.437494267));
#4791=CARTESIAN_POINT('',(-36.971257883,17.899999498,-18.483160745));
#4792=B_SPLINE_CURVE_WITH_KNOTS('',3,(#4779,#4780,#4781,#4782,#4783,#4784,#4785,#4786,#4787,#4788,#4789,#4790,#4791),.UNSPECIFIED.,.F.,.F.,(4,3,3,3,4),(0.,0.000165444,0.000330887,0.000496331,0.000661774),.UNSPECIFIED.);
#4793=EDGE_CURVE('',#4778,#4769,#4792,.T.);
#4794=ORIENTED_EDGE('',*,*,#4793,.F.);
#4795=CARTESIAN_POINT('',(-37.071978307,18.9,-17.926513908));
#4796=VERTEX_POINT('',#4795);
#4797=CARTESIAN_POINT('',(-37.071978307,17.593894913,-17.926513908));
#4798=DIRECTION('',(-0.,1.,-0.));
#4799=VECTOR('',#4798,1.306105087);
#4800=LINE('',#4797,#4799);
#4801=EDGE_CURVE('',#4778,#4796,#4800,.T.);
#4802=ORIENTED_EDGE('',*,*,#4801,.T.);
#4803=CARTESIAN_POINT('',(-37.542313213,18.9,-18.299052599));
#4804=DIRECTION('',(0.,1.,0.));
#4805=DIRECTION('',(0.,-0.,1.));
#4806=AXIS2_PLACEMENT_3D('',#4803,#4804,#4805);
#4807=CIRCLE('',#4806,0.6);
#4808=EDGE_CURVE('',#4796,#4746,#4807,.T.);
#4809=ORIENTED_EDGE('',*,*,#4808,.T.);
#4810=ORIENTED_EDGE('',*,*,#4751,.T.);
#4811=EDGE_LOOP('',(#4776,#4794,#4802,#4809,#4810));
#4812=FACE_BOUND('',#4811,.T.);
#4813=ADVANCED_FACE('',(#4812),#4767,.F.);
#4814=CARTESIAN_POINT('',(-39.324725871,18.9,-21.386281883));
#4815=DIRECTION('',(0.,-1.,0.));
#4816=DIRECTION('',(0.,0.,-1.));
#4817=AXIS2_PLACEMENT_3D('',#4814,#4815,#4816);
#4818=CYLINDRICAL_SURFACE('',#4817,0.6);
#4819=CARTESIAN_POINT('',(-39.324725871,17.9,-21.986281883));
#4820=VERTEX_POINT('',#4819);
#4821=CARTESIAN_POINT('',(-39.324725871,18.9,-21.986281883));
#4822=VERTEX_POINT('',#4821);
#4823=CARTESIAN_POINT('',(-39.324725871,17.9,-21.986281883));
#4824=DIRECTION('',(-0.,1.,-0.));
#4825=VECTOR('',#4824,1.);
#4826=LINE('',#4823,#4825);
#4827=EDGE_CURVE('',#4820,#4822,#4826,.T.);
#4828=ORIENTED_EDGE('',*,*,#4827,.F.);
#4829=CARTESIAN_POINT('',(-39.324725871,17.9,-20.786281883));
#4830=VERTEX_POINT('',#4829);
#4831=CARTESIAN_POINT('',(-39.324725871,17.9,-21.386281883));
#4832=DIRECTION('',(0.,1.,0.));
#4833=DIRECTION('',(0.,-0.,1.));
#4834=AXIS2_PLACEMENT_3D('',#4831,#4832,#4833);
#4835=CIRCLE('',#4834,0.6);
#4836=EDGE_CURVE('',#4830,#4820,#4835,.T.);
#4837=ORIENTED_EDGE('',*,*,#4836,.F.);
#4838=CARTESIAN_POINT('',(-39.324725871,17.9,-21.386281883));
#4839=DIRECTION('',(0.,1.,0.));
#4840=DIRECTION('',(0.,-0.,1.));
#4841=AXIS2_PLACEMENT_3D('',#4838,#4839,#4840);
#4842=CIRCLE('',#4841,0.6);
#4843=EDGE_CURVE('',#4820,#4830,#4842,.T.);
#4844=ORIENTED_EDGE('',*,*,#4843,.F.);
#4845=ORIENTED_EDGE('',*,*,#4827,.T.);
#4846=CARTESIAN_POINT('',(-39.324725871,18.9,-20.786281883));
#4847=VERTEX_POINT('',#4846);
#4848=CARTESIAN_POINT('',(-39.324725871,18.9,-21.386281883));
#4849=DIRECTION('',(0.,1.,0.));
#4850=DIRECTION('',(0.,-0.,1.));
#4851=AXIS2_PLACEMENT_3D('',#4848,#4849,#4850);
#4852=CIRCLE('',#4851,0.6);
#4853=EDGE_CURVE('',#4822,#4847,#4852,.T.);
#4854=ORIENTED_EDGE('',*,*,#4853,.T.);
#4855=CARTESIAN_POINT('',(-39.324725871,18.9,-21.386281883));
#4856=DIRECTION('',(0.,1.,0.));
#4857=DIRECTION('',(0.,-0.,1.));
#4858=AXIS2_PLACEMENT_3D('',#4855,#4856,#4857);
#4859=CIRCLE('',#4858,0.6);
#4860=EDGE_CURVE('',#4847,#4822,#4859,.T.);
#4861=ORIENTED_EDGE('',*,*,#4860,.T.);
#4862=EDGE_LOOP('',(#4828,#4837,#4844,#4845,#4854,#4861));
#4863=FACE_BOUND('',#4862,.T.);
#4864=ADVANCED_FACE('',(#4863),#4818,.F.);
#4865=CARTESIAN_POINT('',(-40.215928403,18.9,-22.929889948));
#4866=DIRECTION('',(0.,-1.,0.));
#4867=DIRECTION('',(0.,0.,-1.));
#4868=AXIS2_PLACEMENT_3D('',#4865,#4866,#4867);
#4869=CYLINDRICAL_SURFACE('',#4868,0.6);
#4870=CARTESIAN_POINT('',(-40.215928403,17.9,-23.529889948));
#4871=VERTEX_POINT('',#4870);
#4872=CARTESIAN_POINT('',(-40.215928403,18.9,-23.529889948));
#4873=VERTEX_POINT('',#4872);
#4874=CARTESIAN_POINT('',(-40.215928403,17.9,-23.529889948));
#4875=DIRECTION('',(-0.,1.,-0.));
#4876=VECTOR('',#4875,1.);
#4877=LINE('',#4874,#4876);
#4878=EDGE_CURVE('',#4871,#4873,#4877,.T.);
#4879=ORIENTED_EDGE('',*,*,#4878,.F.);
#4880=CARTESIAN_POINT('',(-40.215928403,17.9,-22.329889948));
#4881=VERTEX_POINT('',#4880);
#4882=CARTESIAN_POINT('',(-40.215928403,17.9,-22.929889948));
#4883=DIRECTION('',(0.,1.,0.));
#4884=DIRECTION('',(0.,-0.,1.));
#4885=AXIS2_PLACEMENT_3D('',#4882,#4883,#4884);
#4886=CIRCLE('',#4885,0.6);
#4887=EDGE_CURVE('',#4881,#4871,#4886,.T.);
#4888=ORIENTED_EDGE('',*,*,#4887,.F.);
#4889=CARTESIAN_POINT('',(-40.215928403,17.9,-22.929889948));
#4890=DIRECTION('',(0.,1.,0.));
#4891=DIRECTION('',(0.,-0.,1.));
#4892=AXIS2_PLACEMENT_3D('',#4889,#4890,#4891);
#4893=CIRCLE('',#4892,0.6);
#4894=EDGE_CURVE('',#4871,#4881,#4893,.T.);
#4895=ORIENTED_EDGE('',*,*,#4894,.F.);
#4896=ORIENTED_EDGE('',*,*,#4878,.T.);
#4897=CARTESIAN_POINT('',(-40.215928403,18.9,-22.329889948));
#4898=VERTEX_POINT('',#4897);
#4899=CARTESIAN_POINT('',(-40.215928403,18.9,-22.929889948));
#4900=DIRECTION('',(0.,1.,0.));
#4901=DIRECTION('',(0.,-0.,1.));
#4902=AXIS2_PLACEMENT_3D('',#4899,#4900,#4901);
#4903=CIRCLE('',#4902,0.6);
#4904=EDGE_CURVE('',#4873,#4898,#4903,.T.);
#4905=ORIENTED_EDGE('',*,*,#4904,.T.);
#4906=CARTESIAN_POINT('',(-40.215928403,18.9,-22.929889948));
#4907=DIRECTION('',(0.,1.,0.));
#4908=DIRECTION('',(0.,-0.,1.));
#4909=AXIS2_PLACEMENT_3D('',#4906,#4907,#4908);
#4910=CIRCLE('',#4909,0.6);
#4911=EDGE_CURVE('',#4898,#4873,#4910,.T.);
#4912=ORIENTED_EDGE('',*,*,#4911,.T.);
#4913=EDGE_LOOP('',(#4879,#4888,#4895,#4896,#4905,#4912));
#4914=FACE_BOUND('',#4913,.T.);
#4915=ADVANCED_FACE('',(#4914),#4869,.F.);
#4916=CARTESIAN_POINT('',(-41.107130935,18.9,-24.473498012));
#4917=DIRECTION('',(0.,-1.,0.));
#4918=DIRECTION('',(0.,0.,-1.));
#4919=AXIS2_PLACEMENT_3D('',#4916,#4917,#4918);
#4920=CYLINDRICAL_SURFACE('',#4919,0.6);
#4921=CARTESIAN_POINT('',(-41.107130935,17.9,-25.073498012));
#4922=VERTEX_POINT('',#4921);
#4923=CARTESIAN_POINT('',(-41.107130935,18.9,-25.073498012));
#4924=VERTEX_POINT('',#4923);
#4925=CARTESIAN_POINT('',(-41.107130935,17.9,-25.073498012));
#4926=DIRECTION('',(-0.,1.,-0.));
#4927=VECTOR('',#4926,1.);
#4928=LINE('',#4925,#4927);
#4929=EDGE_CURVE('',#4922,#4924,#4928,.T.);
#4930=ORIENTED_EDGE('',*,*,#4929,.F.);
#4931=CARTESIAN_POINT('',(-41.107130935,17.9,-23.873498012));
#4932=VERTEX_POINT('',#4931);
#4933=CARTESIAN_POINT('',(-41.107130935,17.9,-24.473498012));
#4934=DIRECTION('',(0.,1.,0.));
#4935=DIRECTION('',(0.,-0.,1.));
#4936=AXIS2_PLACEMENT_3D('',#4933,#4934,#4935);
#4937=CIRCLE('',#4936,0.6);
#4938=EDGE_CURVE('',#4932,#4922,#4937,.T.);
#4939=ORIENTED_EDGE('',*,*,#4938,.F.);
#4940=CARTESIAN_POINT('',(-41.107130935,17.9,-24.473498012));
#4941=DIRECTION('',(0.,1.,0.));
#4942=DIRECTION('',(0.,-0.,1.));
#4943=AXIS2_PLACEMENT_3D('',#4940,#4941,#4942);
#4944=CIRCLE('',#4943,0.6);
#4945=EDGE_CURVE('',#4922,#4932,#4944,.T.);
#4946=ORIENTED_EDGE('',*,*,#4945,.F.);
#4947=ORIENTED_EDGE('',*,*,#4929,.T.);
#4948=CARTESIAN_POINT('',(-41.107130935,18.9,-23.873498012));
#4949=VERTEX_POINT('',#4948);
#4950=CARTESIAN_POINT('',(-41.107130935,18.9,-24.473498012));
#4951=DIRECTION('',(0.,1.,0.));
#4952=DIRECTION('',(0.,-0.,1.));
#4953=AXIS2_PLACEMENT_3D('',#4950,#4951,#4952);
#4954=CIRCLE('',#4953,0.6);
#4955=EDGE_CURVE('',#4924,#4949,#4954,.T.);
#4956=ORIENTED_EDGE('',*,*,#4955,.T.);
#4957=CARTESIAN_POINT('',(-41.107130935,18.9,-24.473498012));
#4958=DIRECTION('',(0.,1.,0.));
#4959=DIRECTION('',(0.,-0.,1.));
#4960=AXIS2_PLACEMENT_3D('',#4957,#4958,#4959);
#4961=CIRCLE('',#4960,0.6);
#4962=EDGE_CURVE('',#4949,#4924,#4961,.T.);
#4963=ORIENTED_EDGE('',*,*,#4962,.T.);
#4964=EDGE_LOOP('',(#4930,#4939,#4946,#4947,#4956,#4963));
#4965=FACE_BOUND('',#4964,.T.);
#4966=ADVANCED_FACE('',(#4965),#4920,.F.);
#4967=CARTESIAN_POINT('',(-41.998333466,18.9,-26.017106077));
#4968=DIRECTION('',(0.,-1.,0.));
#4969=DIRECTION('',(0.,0.,-1.));
#4970=AXIS2_PLACEMENT_3D('',#4967,#4968,#4969);
#4971=CYLINDRICAL_SURFACE('',#4970,0.6);
#4972=CARTESIAN_POINT('',(-41.998333466,17.9,-26.617106077));
#4973=VERTEX_POINT('',#4972);
#4974=CARTESIAN_POINT('',(-41.998333466,18.9,-26.617106077));
#4975=VERTEX_POINT('',#4974);
#4976=CARTESIAN_POINT('',(-41.998333466,17.9,-26.617106077));
#4977=DIRECTION('',(-0.,1.,-0.));
#4978=VECTOR('',#4977,1.);
#4979=LINE('',#4976,#4978);
#4980=EDGE_CURVE('',#4973,#4975,#4979,.T.);
#4981=ORIENTED_EDGE('',*,*,#4980,.F.);
#4982=CARTESIAN_POINT('',(-41.998333466,17.9,-25.417106077));
#4983=VERTEX_POINT('',#4982);
#4984=CARTESIAN_POINT('',(-41.998333466,17.9,-26.017106077));
#4985=DIRECTION('',(0.,1.,0.));
#4986=DIRECTION('',(0.,-0.,1.));
#4987=AXIS2_PLACEMENT_3D('',#4984,#4985,#4986);
#4988=CIRCLE('',#4987,0.6);
#4989=EDGE_CURVE('',#4983,#4973,#4988,.T.);
#4990=ORIENTED_EDGE('',*,*,#4989,.F.);
#4991=CARTESIAN_POINT('',(-41.998333466,17.9,-26.017106077));
#4992=DIRECTION('',(0.,1.,0.));
#4993=DIRECTION('',(0.,-0.,1.));
#4994=AXIS2_PLACEMENT_3D('',#4991,#4992,#4993);
#4995=CIRCLE('',#4994,0.6);
#4996=EDGE_CURVE('',#4973,#4983,#4995,.T.);
#4997=ORIENTED_EDGE('',*,*,#4996,.F.);
#4998=ORIENTED_EDGE('',*,*,#4980,.T.);
#4999=CARTESIAN_POINT('',(-41.998333466,18.9,-25.417106077));
#5000=VERTEX_POINT('',#4999);
#5001=CARTESIAN_POINT('',(-41.998333466,18.9,-26.017106077));
#5002=DIRECTION('',(0.,1.,0.));
#5003=DIRECTION('',(0.,-0.,1.));
#5004=AXIS2_PLACEMENT_3D('',#5001,#5002,#5003);
#5005=CIRCLE('',#5004,0.6);
#5006=EDGE_CURVE('',#4975,#5000,#5005,.T.);
#5007=ORIENTED_EDGE('',*,*,#5006,.T.);
#5008=CARTESIAN_POINT('',(-41.998333466,18.9,-26.017106077));
#5009=DIRECTION('',(0.,1.,0.));
#5010=DIRECTION('',(0.,-0.,1.));
#5011=AXIS2_PLACEMENT_3D('',#5008,#5009,#5010);
#5012=CIRCLE('',#5011,0.6);
#5013=EDGE_CURVE('',#5000,#4975,#5012,.T.);
#5014=ORIENTED_EDGE('',*,*,#5013,.T.);
#5015=EDGE_LOOP('',(#4981,#4990,#4997,#4998,#5007,#5014));
#5016=FACE_BOUND('',#5015,.T.);
#5017=ADVANCED_FACE('',(#5016),#4971,.F.);
#5018=CARTESIAN_POINT('',(40.940294609,18.9,-33.710808461));
#5019=DIRECTION('',(0.,-1.,0.));
#5020=DIRECTION('',(0.,0.,-1.));
#5021=AXIS2_PLACEMENT_3D('',#5018,#5019,#5020);
#5022=CYLINDRICAL_SURFACE('',#5021,0.6);
#5023=CARTESIAN_POINT('',(40.940294609,17.9,-34.310808461));
#5024=VERTEX_POINT('',#5023);
#5025=CARTESIAN_POINT('',(40.940294609,18.9,-34.310808461));
#5026=VERTEX_POINT('',#5025);
#5027=CARTESIAN_POINT('',(40.940294609,17.9,-34.310808461));
#5028=DIRECTION('',(-0.,1.,-0.));
#5029=VECTOR('',#5028,1.);
#5030=LINE('',#5027,#5029);
#5031=EDGE_CURVE('',#5024,#5026,#5030,.T.);
#5032=ORIENTED_EDGE('',*,*,#5031,.F.);
#5033=CARTESIAN_POINT('',(41.027755126,17.9,-34.304399783));
#5034=VERTEX_POINT('',#5033);
#5035=CARTESIAN_POINT('',(40.940294609,17.9,-33.710808461));
#5036=DIRECTION('',(0.,1.,0.));
#5037=DIRECTION('',(0.,-0.,1.));
#5038=AXIS2_PLACEMENT_3D('',#5035,#5036,#5037);
#5039=CIRCLE('',#5038,0.6);
#5040=EDGE_CURVE('',#5034,#5024,#5039,.T.);
#5041=ORIENTED_EDGE('',*,*,#5040,.F.);
#5042=CARTESIAN_POINT('',(41.027755126,18.9,-34.304399783));
#5043=VERTEX_POINT('',#5042);
#5044=CARTESIAN_POINT('',(41.027755126,18.9,-34.304399783));
#5045=DIRECTION('',(0.,-1.,0.));
#5046=VECTOR('',#5045,1.);
#5047=LINE('',#5044,#5046);
#5048=EDGE_CURVE('',#5043,#5034,#5047,.T.);
#5049=ORIENTED_EDGE('',*,*,#5048,.F.);
#5050=CARTESIAN_POINT('',(40.940294609,18.9,-33.710808461));
#5051=DIRECTION('',(0.,1.,0.));
#5052=DIRECTION('',(0.,-0.,1.));
#5053=AXIS2_PLACEMENT_3D('',#5050,#5051,#5052);
#5054=CIRCLE('',#5053,0.6);
#5055=EDGE_CURVE('',#5043,#5026,#5054,.T.);
#5056=ORIENTED_EDGE('',*,*,#5055,.T.);
#5057=EDGE_LOOP('',(#5032,#5041,#5049,#5056));
#5058=FACE_BOUND('',#5057,.T.);
#5059=ADVANCED_FACE('',(#5058),#5022,.F.);
#5060=CARTESIAN_POINT('',(41.078773761,18.9,-34.650661388));
#5061=DIRECTION('',(0.,-1.,0.));
#5062=DIRECTION('',(0.,0.,-1.));
#5063=AXIS2_PLACEMENT_3D('',#5060,#5061,#5062);
#5064=CYLINDRICAL_SURFACE('',#5063,0.35);
#5065=CARTESIAN_POINT('',(41.381882652,18.9,-34.475661388));
#5066=VERTEX_POINT('',#5065);
#5067=CARTESIAN_POINT('',(41.381882652,17.9,-34.475661388));
#5068=VERTEX_POINT('',#5067);
#5069=CARTESIAN_POINT('',(41.381882652,18.9,-34.475661388));
#5070=DIRECTION('',(0.,-1.,0.));
#5071=VECTOR('',#5070,1.);
#5072=LINE('',#5069,#5071);
#5073=EDGE_CURVE('',#5066,#5068,#5072,.T.);
#5074=ORIENTED_EDGE('',*,*,#5073,.F.);
#5075=CARTESIAN_POINT('',(41.078773761,18.9,-34.650661388));
#5076=DIRECTION('',(0.,1.,0.));
#5077=DIRECTION('',(0.,-0.,1.));
#5078=AXIS2_PLACEMENT_3D('',#5075,#5076,#5077);
#5079=CIRCLE('',#5078,0.35);
#5080=EDGE_CURVE('',#5043,#5066,#5079,.T.);
#5081=ORIENTED_EDGE('',*,*,#5080,.F.);
#5082=ORIENTED_EDGE('',*,*,#5048,.T.);
#5083=CARTESIAN_POINT('',(41.078773761,17.9,-34.650661388));
#5084=DIRECTION('',(0.,1.,0.));
#5085=DIRECTION('',(0.,-0.,1.));
#5086=AXIS2_PLACEMENT_3D('',#5083,#5084,#5085);
#5087=CIRCLE('',#5086,0.35);
#5088=EDGE_CURVE('',#5034,#5068,#5087,.T.);
#5089=ORIENTED_EDGE('',*,*,#5088,.T.);
#5090=EDGE_LOOP('',(#5074,#5081,#5082,#5089));
#5091=FACE_BOUND('',#5090,.T.);
#5092=ADVANCED_FACE('',(#5091),#5064,.T.);
#5093=CARTESIAN_POINT('',(41.385895875,18.9,-34.482612493));
#5094=DIRECTION('',(-0.866025404,0.,-0.5));
#5095=DIRECTION('',(-0.5,0.,0.866025404));
#5096=AXIS2_PLACEMENT_3D('',#5093,#5094,#5095);
#5097=PLANE('',#5096);
#5098=CARTESIAN_POINT('',(41.389909097,18.9,-34.489563599));
#5099=VERTEX_POINT('',#5098);
#5100=CARTESIAN_POINT('',(41.389909097,17.9,-34.489563599));
#5101=VERTEX_POINT('',#5100);
#5102=CARTESIAN_POINT('',(41.389909097,18.9,-34.489563599));
#5103=DIRECTION('',(0.,-1.,0.));
#5104=VECTOR('',#5103,1.);
#5105=LINE('',#5102,#5104);
#5106=EDGE_CURVE('',#5099,#5101,#5105,.T.);
#5107=ORIENTED_EDGE('',*,*,#5106,.F.);
#5108=CARTESIAN_POINT('',(41.381882652,18.9,-34.475661388));
#5109=DIRECTION('',(0.5,0.,-0.866025404));
#5110=VECTOR('',#5109,0.01605289);
#5111=LINE('',#5108,#5110);
#5112=EDGE_CURVE('',#5066,#5099,#5111,.T.);
#5113=ORIENTED_EDGE('',*,*,#5112,.F.);
#5114=ORIENTED_EDGE('',*,*,#5073,.T.);
#5115=CARTESIAN_POINT('',(41.381882652,17.9,-34.475661388));
#5116=DIRECTION('',(0.5,0.,-0.866025404));
#5117=VECTOR('',#5116,0.01605289);
#5118=LINE('',#5115,#5117);
#5119=EDGE_CURVE('',#5068,#5101,#5118,.T.);
#5120=ORIENTED_EDGE('',*,*,#5119,.T.);
#5121=EDGE_LOOP('',(#5107,#5113,#5114,#5120));
#5122=FACE_BOUND('',#5121,.T.);
#5123=ADVANCED_FACE('',(#5122),#5097,.F.);
#5124=CARTESIAN_POINT('',(41.086800206,18.9,-34.664563599));
#5125=DIRECTION('',(0.,-1.,0.));
#5126=DIRECTION('',(0.,0.,-1.));
#5127=AXIS2_PLACEMENT_3D('',#5124,#5125,#5126);
#5128=CYLINDRICAL_SURFACE('',#5127,0.35);
#5129=CARTESIAN_POINT('',(41.361162234,17.9,-34.881877835));
#5130=VERTEX_POINT('',#5129);
#5131=CARTESIAN_POINT('',(41.086800206,17.9,-34.664563599));
#5132=DIRECTION('',(0.,1.,0.));
#5133=DIRECTION('',(0.,-0.,1.));
#5134=AXIS2_PLACEMENT_3D('',#5131,#5132,#5133);
#5135=CIRCLE('',#5134,0.35);
#5136=EDGE_CURVE('',#5101,#5130,#5135,.T.);
#5137=ORIENTED_EDGE('',*,*,#5136,.T.);
#5138=CARTESIAN_POINT('',(41.361162234,18.9,-34.881877835));
#5139=VERTEX_POINT('',#5138);
#5140=CARTESIAN_POINT('',(41.361162234,18.9,-34.881877835));
#5141=DIRECTION('',(0.,-1.,0.));
#5142=VECTOR('',#5141,1.);
#5143=LINE('',#5140,#5142);
#5144=EDGE_CURVE('',#5139,#5130,#5143,.T.);
#5145=ORIENTED_EDGE('',*,*,#5144,.F.);
#5146=CARTESIAN_POINT('',(41.086800206,18.9,-34.664563599));
#5147=DIRECTION('',(0.,1.,0.));
#5148=DIRECTION('',(0.,-0.,1.));
#5149=AXIS2_PLACEMENT_3D('',#5146,#5147,#5148);
#5150=CIRCLE('',#5149,0.35);
#5151=EDGE_CURVE('',#5099,#5139,#5150,.T.);
#5152=ORIENTED_EDGE('',*,*,#5151,.F.);
#5153=ORIENTED_EDGE('',*,*,#5106,.T.);
#5154=EDGE_LOOP('',(#5137,#5145,#5152,#5153));
#5155=FACE_BOUND('',#5154,.T.);
#5156=ADVANCED_FACE('',(#5155),#5128,.T.);
#5157=CARTESIAN_POINT('',(41.83149714,18.9,-35.254416526));
#5158=DIRECTION('',(0.,-1.,0.));
#5159=DIRECTION('',(0.,0.,-1.));
#5160=AXIS2_PLACEMENT_3D('',#5157,#5158,#5159);
#5161=CYLINDRICAL_SURFACE('',#5160,0.6);
#5162=CARTESIAN_POINT('',(41.83149714,17.9,-35.854416526));
#5163=VERTEX_POINT('',#5162);
#5164=CARTESIAN_POINT('',(41.83149714,18.9,-35.854416526));
#5165=VERTEX_POINT('',#5164);
#5166=CARTESIAN_POINT('',(41.83149714,17.9,-35.854416526));
#5167=DIRECTION('',(-0.,1.,-0.));
#5168=VECTOR('',#5167,1.);
#5169=LINE('',#5166,#5168);
#5170=EDGE_CURVE('',#5163,#5165,#5169,.T.);
#5171=ORIENTED_EDGE('',*,*,#5170,.F.);
#5172=CARTESIAN_POINT('',(42.140213819,17.9,-34.739932306));
#5173=VERTEX_POINT('',#5172);
#5174=CARTESIAN_POINT('',(41.83149714,17.9,-35.254416526));
#5175=DIRECTION('',(0.,1.,0.));
#5176=DIRECTION('',(0.,-0.,1.));
#5177=AXIS2_PLACEMENT_3D('',#5174,#5175,#5176);
#5178=CIRCLE('',#5177,0.6);
#5179=EDGE_CURVE('',#5173,#5163,#5178,.T.);
#5180=ORIENTED_EDGE('',*,*,#5179,.F.);
#5181=CARTESIAN_POINT('',(42.140213819,18.9,-34.739932306));
#5182=VERTEX_POINT('',#5181);
#5183=CARTESIAN_POINT('',(42.140213819,18.9,-34.739932306));
#5184=DIRECTION('',(0.,-1.,0.));
#5185=VECTOR('',#5184,1.);
#5186=LINE('',#5183,#5185);
#5187=EDGE_CURVE('',#5182,#5173,#5186,.T.);
#5188=ORIENTED_EDGE('',*,*,#5187,.F.);
#5189=CARTESIAN_POINT('',(41.83149714,18.9,-35.254416526));
#5190=DIRECTION('',(0.,1.,0.));
#5191=DIRECTION('',(0.,-0.,1.));
#5192=AXIS2_PLACEMENT_3D('',#5189,#5190,#5191);
#5193=CIRCLE('',#5192,0.6);
#5194=EDGE_CURVE('',#5182,#5165,#5193,.T.);
#5195=ORIENTED_EDGE('',*,*,#5194,.T.);
#5196=EDGE_LOOP('',(#5171,#5180,#5188,#5195));
#5197=FACE_BOUND('',#5196,.T.);
#5198=ADVANCED_FACE('',(#5197),#5161,.F.);
#5199=CARTESIAN_POINT('',(42.353071408,18.9,-34.385199704));
#5200=DIRECTION('',(0.,-1.,0.));
#5201=DIRECTION('',(0.,0.,-1.));
#5202=AXIS2_PLACEMENT_3D('',#5199,#5200,#5201);
#5203=CYLINDRICAL_SURFACE('',#5202,0.413695023);
#5204=CARTESIAN_POINT('',(42.489888419,18.9,-33.994783672));
#5205=VERTEX_POINT('',#5204);
#5206=CARTESIAN_POINT('',(42.353071408,18.9,-34.385199704));
#5207=DIRECTION('',(0.,1.,0.));
#5208=DIRECTION('',(0.,-0.,1.));
#5209=AXIS2_PLACEMENT_3D('',#5206,#5207,#5208);
#5210=CIRCLE('',#5209,0.413695023);
#5211=EDGE_CURVE('',#5182,#5205,#5210,.T.);
#5212=ORIENTED_EDGE('',*,*,#5211,.F.);
#5213=ORIENTED_EDGE('',*,*,#5187,.T.);
#5214=CARTESIAN_POINT('',(42.489888419,17.9,-33.994783672));
#5215=VERTEX_POINT('',#5214);
#5216=CARTESIAN_POINT('',(42.353071408,17.9,-34.385199704));
#5217=DIRECTION('',(0.,1.,0.));
#5218=DIRECTION('',(0.,-0.,1.));
#5219=AXIS2_PLACEMENT_3D('',#5216,#5217,#5218);
#5220=CIRCLE('',#5219,0.413695023);
#5221=EDGE_CURVE('',#5173,#5215,#5220,.T.);
#5222=ORIENTED_EDGE('',*,*,#5221,.T.);
#5223=CARTESIAN_POINT('',(42.489888419,18.9,-33.994783672));
#5224=DIRECTION('',(0.,-1.,0.));
#5225=VECTOR('',#5224,1.);
#5226=LINE('',#5223,#5225);
#5227=EDGE_CURVE('',#5205,#5215,#5226,.T.);
#5228=ORIENTED_EDGE('',*,*,#5227,.F.);
#5229=EDGE_LOOP('',(#5212,#5213,#5222,#5228));
#5230=FACE_BOUND('',#5229,.T.);
#5231=ADVANCED_FACE('',(#5230),#5203,.T.);
#5232=CARTESIAN_POINT('',(44.505104735,18.9,-39.88524072));
#5233=DIRECTION('',(0.,-1.,0.));
#5234=DIRECTION('',(0.,0.,-1.));
#5235=AXIS2_PLACEMENT_3D('',#5232,#5233,#5234);
#5236=CYLINDRICAL_SURFACE('',#5235,0.6);
#5237=CARTESIAN_POINT('',(44.505104735,17.9,-40.48524072));
#5238=VERTEX_POINT('',#5237);
#5239=CARTESIAN_POINT('',(44.505104735,18.9,-40.48524072));
#5240=VERTEX_POINT('',#5239);
#5241=CARTESIAN_POINT('',(44.505104735,17.9,-40.48524072));
#5242=DIRECTION('',(-0.,1.,-0.));
#5243=VECTOR('',#5242,1.);
#5244=LINE('',#5241,#5243);
#5245=EDGE_CURVE('',#5238,#5240,#5244,.T.);
#5246=ORIENTED_EDGE('',*,*,#5245,.F.);
#5247=CARTESIAN_POINT('',(44.505104735,17.9,-39.28524072));
#5248=VERTEX_POINT('',#5247);
#5249=CARTESIAN_POINT('',(44.505104735,17.9,-39.88524072));
#5250=DIRECTION('',(0.,1.,0.));
#5251=DIRECTION('',(0.,-0.,1.));
#5252=AXIS2_PLACEMENT_3D('',#5249,#5250,#5251);
#5253=CIRCLE('',#5252,0.6);
#5254=EDGE_CURVE('',#5248,#5238,#5253,.T.);
#5255=ORIENTED_EDGE('',*,*,#5254,.F.);
#5256=CARTESIAN_POINT('',(44.505104735,17.9,-39.88524072));
#5257=DIRECTION('',(0.,1.,0.));
#5258=DIRECTION('',(0.,-0.,1.));
#5259=AXIS2_PLACEMENT_3D('',#5256,#5257,#5258);
#5260=CIRCLE('',#5259,0.6);
#5261=EDGE_CURVE('',#5238,#5248,#5260,.T.);
#5262=ORIENTED_EDGE('',*,*,#5261,.F.);
#5263=ORIENTED_EDGE('',*,*,#5245,.T.);
#5264=CARTESIAN_POINT('',(44.505104735,18.9,-39.28524072));
#5265=VERTEX_POINT('',#5264);
#5266=CARTESIAN_POINT('',(44.505104735,18.9,-39.88524072));
#5267=DIRECTION('',(0.,1.,0.));
#5268=DIRECTION('',(0.,-0.,1.));
#5269=AXIS2_PLACEMENT_3D('',#5266,#5267,#5268);
#5270=CIRCLE('',#5269,0.6);
#5271=EDGE_CURVE('',#5240,#5265,#5270,.T.);
#5272=ORIENTED_EDGE('',*,*,#5271,.T.);
#5273=CARTESIAN_POINT('',(44.505104735,18.9,-39.88524072));
#5274=DIRECTION('',(0.,1.,0.));
#5275=DIRECTION('',(0.,-0.,1.));
#5276=AXIS2_PLACEMENT_3D('',#5273,#5274,#5275);
#5277=CIRCLE('',#5276,0.6);
#5278=EDGE_CURVE('',#5265,#5240,#5277,.T.);
#5279=ORIENTED_EDGE('',*,*,#5278,.T.);
#5280=EDGE_LOOP('',(#5246,#5255,#5262,#5263,#5272,#5279));
#5281=FACE_BOUND('',#5280,.T.);
#5282=ADVANCED_FACE('',(#5281),#5236,.F.);
#5283=CARTESIAN_POINT('',(43.613902204,18.9,-38.341632655));
#5284=DIRECTION('',(0.,-1.,0.));
#5285=DIRECTION('',(0.,0.,-1.));
#5286=AXIS2_PLACEMENT_3D('',#5283,#5284,#5285);
#5287=CYLINDRICAL_SURFACE('',#5286,0.6);
#5288=CARTESIAN_POINT('',(43.613902204,17.9,-38.941632655));
#5289=VERTEX_POINT('',#5288);
#5290=CARTESIAN_POINT('',(43.613902204,18.9,-38.941632655));
#5291=VERTEX_POINT('',#5290);
#5292=CARTESIAN_POINT('',(43.613902204,17.9,-38.941632655));
#5293=DIRECTION('',(-0.,1.,-0.));
#5294=VECTOR('',#5293,1.);
#5295=LINE('',#5292,#5294);
#5296=EDGE_CURVE('',#5289,#5291,#5295,.T.);
#5297=ORIENTED_EDGE('',*,*,#5296,.F.);
#5298=CARTESIAN_POINT('',(43.613902204,17.9,-37.741632655));
#5299=VERTEX_POINT('',#5298);
#5300=CARTESIAN_POINT('',(43.613902204,17.9,-38.341632655));
#5301=DIRECTION('',(0.,1.,0.));
#5302=DIRECTION('',(0.,-0.,1.));
#5303=AXIS2_PLACEMENT_3D('',#5300,#5301,#5302);
#5304=CIRCLE('',#5303,0.6);
#5305=EDGE_CURVE('',#5299,#5289,#5304,.T.);
#5306=ORIENTED_EDGE('',*,*,#5305,.F.);
#5307=CARTESIAN_POINT('',(43.613902204,17.9,-38.341632655));
#5308=DIRECTION('',(0.,1.,0.));
#5309=DIRECTION('',(0.,-0.,1.));
#5310=AXIS2_PLACEMENT_3D('',#5307,#5308,#5309);
#5311=CIRCLE('',#5310,0.6);
#5312=EDGE_CURVE('',#5289,#5299,#5311,.T.);
#5313=ORIENTED_EDGE('',*,*,#5312,.F.);
#5314=ORIENTED_EDGE('',*,*,#5296,.T.);
#5315=CARTESIAN_POINT('',(43.613902204,18.9,-37.741632655));
#5316=VERTEX_POINT('',#5315);
#5317=CARTESIAN_POINT('',(43.613902204,18.9,-38.341632655));
#5318=DIRECTION('',(0.,1.,0.));
#5319=DIRECTION('',(0.,-0.,1.));
#5320=AXIS2_PLACEMENT_3D('',#5317,#5318,#5319);
#5321=CIRCLE('',#5320,0.6);
#5322=EDGE_CURVE('',#5291,#5316,#5321,.T.);
#5323=ORIENTED_EDGE('',*,*,#5322,.T.);
#5324=CARTESIAN_POINT('',(43.613902204,18.9,-38.341632655));
#5325=DIRECTION('',(0.,1.,0.));
#5326=DIRECTION('',(0.,-0.,1.));
#5327=AXIS2_PLACEMENT_3D('',#5324,#5325,#5326);
#5328=CIRCLE('',#5327,0.6);
#5329=EDGE_CURVE('',#5316,#5291,#5328,.T.);
#5330=ORIENTED_EDGE('',*,*,#5329,.T.);
#5331=EDGE_LOOP('',(#5297,#5306,#5313,#5314,#5323,#5330));
#5332=FACE_BOUND('',#5331,.T.);
#5333=ADVANCED_FACE('',(#5332),#5287,.F.);
#5334=CARTESIAN_POINT('',(42.722699672,18.9,-36.79802459));
#5335=DIRECTION('',(0.,-1.,0.));
#5336=DIRECTION('',(0.,0.,-1.));
#5337=AXIS2_PLACEMENT_3D('',#5334,#5335,#5336);
#5338=CYLINDRICAL_SURFACE('',#5337,0.6);
#5339=CARTESIAN_POINT('',(42.722699672,17.9,-37.39802459));
#5340=VERTEX_POINT('',#5339);
#5341=CARTESIAN_POINT('',(42.722699672,18.9,-37.39802459));
#5342=VERTEX_POINT('',#5341);
#5343=CARTESIAN_POINT('',(42.722699672,17.9,-37.39802459));
#5344=DIRECTION('',(-0.,1.,-0.));
#5345=VECTOR('',#5344,1.);
#5346=LINE('',#5343,#5345);
#5347=EDGE_CURVE('',#5340,#5342,#5346,.T.);
#5348=ORIENTED_EDGE('',*,*,#5347,.F.);
#5349=CARTESIAN_POINT('',(42.722699672,17.9,-36.19802459));
#5350=VERTEX_POINT('',#5349);
#5351=CARTESIAN_POINT('',(42.722699672,17.9,-36.79802459));
#5352=DIRECTION('',(0.,1.,0.));
#5353=DIRECTION('',(0.,-0.,1.));
#5354=AXIS2_PLACEMENT_3D('',#5351,#5352,#5353);
#5355=CIRCLE('',#5354,0.6);
#5356=EDGE_CURVE('',#5350,#5340,#5355,.T.);
#5357=ORIENTED_EDGE('',*,*,#5356,.F.);
#5358=CARTESIAN_POINT('',(42.722699672,17.9,-36.79802459));
#5359=DIRECTION('',(0.,1.,0.));
#5360=DIRECTION('',(0.,-0.,1.));
#5361=AXIS2_PLACEMENT_3D('',#5358,#5359,#5360);
#5362=CIRCLE('',#5361,0.6);
#5363=EDGE_CURVE('',#5340,#5350,#5362,.T.);
#5364=ORIENTED_EDGE('',*,*,#5363,.F.);
#5365=ORIENTED_EDGE('',*,*,#5347,.T.);
#5366=CARTESIAN_POINT('',(42.722699672,18.9,-36.19802459));
#5367=VERTEX_POINT('',#5366);
#5368=CARTESIAN_POINT('',(42.722699672,18.9,-36.79802459));
#5369=DIRECTION('',(0.,1.,0.));
#5370=DIRECTION('',(0.,-0.,1.));
#5371=AXIS2_PLACEMENT_3D('',#5368,#5369,#5370);
#5372=CIRCLE('',#5371,0.6);
#5373=EDGE_CURVE('',#5342,#5367,#5372,.T.);
#5374=ORIENTED_EDGE('',*,*,#5373,.T.);
#5375=CARTESIAN_POINT('',(42.722699672,18.9,-36.79802459));
#5376=DIRECTION('',(0.,1.,0.));
#5377=DIRECTION('',(0.,-0.,1.));
#5378=AXIS2_PLACEMENT_3D('',#5375,#5376,#5377);
#5379=CIRCLE('',#5378,0.6);
#5380=EDGE_CURVE('',#5367,#5342,#5379,.T.);
#5381=ORIENTED_EDGE('',*,*,#5380,.T.);
#5382=EDGE_LOOP('',(#5348,#5357,#5364,#5365,#5374,#5381));
#5383=FACE_BOUND('',#5382,.T.);
#5384=ADVANCED_FACE('',(#5383),#5338,.F.);
#5385=CARTESIAN_POINT('',(45.396307267,18.9,-41.428848784));
#5386=DIRECTION('',(0.,-1.,0.));
#5387=DIRECTION('',(0.,0.,-1.));
#5388=AXIS2_PLACEMENT_3D('',#5385,#5386,#5387);
#5389=CYLINDRICAL_SURFACE('',#5388,0.6);
#5390=CARTESIAN_POINT('',(45.396307267,17.9,-42.028848784));
#5391=VERTEX_POINT('',#5390);
#5392=CARTESIAN_POINT('',(45.396307267,18.9,-42.028848784));
#5393=VERTEX_POINT('',#5392);
#5394=CARTESIAN_POINT('',(45.396307267,17.9,-42.028848784));
#5395=DIRECTION('',(-0.,1.,-0.));
#5396=VECTOR('',#5395,1.);
#5397=LINE('',#5394,#5396);
#5398=EDGE_CURVE('',#5391,#5393,#5397,.T.);
#5399=ORIENTED_EDGE('',*,*,#5398,.F.);
#5400=CARTESIAN_POINT('',(45.396307267,17.9,-40.828848784));
#5401=VERTEX_POINT('',#5400);
#5402=CARTESIAN_POINT('',(45.396307267,17.9,-41.428848784));
#5403=DIRECTION('',(0.,1.,0.));
#5404=DIRECTION('',(0.,-0.,1.));
#5405=AXIS2_PLACEMENT_3D('',#5402,#5403,#5404);
#5406=CIRCLE('',#5405,0.6);
#5407=EDGE_CURVE('',#5401,#5391,#5406,.T.);
#5408=ORIENTED_EDGE('',*,*,#5407,.F.);
#5409=CARTESIAN_POINT('',(45.396307267,17.9,-41.428848784));
#5410=DIRECTION('',(0.,1.,0.));
#5411=DIRECTION('',(0.,-0.,1.));
#5412=AXIS2_PLACEMENT_3D('',#5409,#5410,#5411);
#5413=CIRCLE('',#5412,0.6);
#5414=EDGE_CURVE('',#5391,#5401,#5413,.T.);
#5415=ORIENTED_EDGE('',*,*,#5414,.F.);
#5416=ORIENTED_EDGE('',*,*,#5398,.T.);
#5417=CARTESIAN_POINT('',(45.396307267,18.9,-40.828848784));
#5418=VERTEX_POINT('',#5417);
#5419=CARTESIAN_POINT('',(45.396307267,18.9,-41.428848784));
#5420=DIRECTION('',(0.,1.,0.));
#5421=DIRECTION('',(0.,-0.,1.));
#5422=AXIS2_PLACEMENT_3D('',#5419,#5420,#5421);
#5423=CIRCLE('',#5422,0.6);
#5424=EDGE_CURVE('',#5393,#5418,#5423,.T.);
#5425=ORIENTED_EDGE('',*,*,#5424,.T.);
#5426=CARTESIAN_POINT('',(45.396307267,18.9,-41.428848784));
#5427=DIRECTION('',(0.,1.,0.));
#5428=DIRECTION('',(0.,-0.,1.));
#5429=AXIS2_PLACEMENT_3D('',#5426,#5427,#5428);
#5430=CIRCLE('',#5429,0.6);
#5431=EDGE_CURVE('',#5418,#5393,#5430,.T.);
#5432=ORIENTED_EDGE('',*,*,#5431,.T.);
#5433=EDGE_LOOP('',(#5399,#5408,#5415,#5416,#5425,#5432));
#5434=FACE_BOUND('',#5433,.T.);
#5435=ADVANCED_FACE('',(#5434),#5389,.F.);
#5436=CARTESIAN_POINT('',(32.028261697,18.9,-18.27471466));
#5437=DIRECTION('',(0.,-1.,0.));
#5438=DIRECTION('',(0.,0.,-1.));
#5439=AXIS2_PLACEMENT_3D('',#5436,#5437,#5438);
#5440=CYLINDRICAL_SURFACE('',#5439,0.6);
#5441=CARTESIAN_POINT('',(31.508650254,17.9,-18.57472124));
#5442=VERTEX_POINT('',#5441);
#5443=CARTESIAN_POINT('',(31.459803014,17.9,-18.46668117));
#5444=VERTEX_POINT('',#5443);
#5445=CARTESIAN_POINT('',(32.028261697,17.9,-18.27471466));
#5446=DIRECTION('',(0.,1.,0.));
#5447=DIRECTION('',(0.,-0.,1.));
#5448=AXIS2_PLACEMENT_3D('',#5445,#5446,#5447);
#5449=CIRCLE('',#5448,0.6);
#5450=EDGE_CURVE('',#5442,#5444,#5449,.T.);
#5451=ORIENTED_EDGE('',*,*,#5450,.F.);
#5452=CARTESIAN_POINT('',(31.508650254,18.9,-18.57472124));
#5453=VERTEX_POINT('',#5452);
#5454=CARTESIAN_POINT('',(31.508650254,18.9,-18.57472124));
#5455=DIRECTION('',(0.,-1.,0.));
#5456=VECTOR('',#5455,1.);
#5457=LINE('',#5454,#5456);
#5458=EDGE_CURVE('',#5453,#5442,#5457,.T.);
#5459=ORIENTED_EDGE('',*,*,#5458,.F.);
#5460=CARTESIAN_POINT('',(31.557926791,18.9,-17.902175969));
#5461=VERTEX_POINT('',#5460);
#5462=CARTESIAN_POINT('',(32.028261697,18.9,-18.27471466));
#5463=DIRECTION('',(0.,1.,0.));
#5464=DIRECTION('',(0.,-0.,1.));
#5465=AXIS2_PLACEMENT_3D('',#5462,#5463,#5464);
#5466=CIRCLE('',#5465,0.6);
#5467=EDGE_CURVE('',#5453,#5461,#5466,.T.);
#5468=ORIENTED_EDGE('',*,*,#5467,.T.);
#5469=CARTESIAN_POINT('',(31.557926791,17.587153124,-17.902175969));
#5470=VERTEX_POINT('',#5469);
#5471=CARTESIAN_POINT('',(31.557926791,18.9,-17.902175969));
#5472=DIRECTION('',(0.,-1.,0.));
#5473=VECTOR('',#5472,1.312846876);
#5474=LINE('',#5471,#5473);
#5475=EDGE_CURVE('',#5461,#5470,#5474,.T.);
#5476=ORIENTED_EDGE('',*,*,#5475,.T.);
#5477=CARTESIAN_POINT('',(31.459800217,17.899999708,-18.466682224));
#5478=CARTESIAN_POINT('',(31.428987724,17.843257135,-18.375438872));
#5479=CARTESIAN_POINT('',(31.420367949,17.782905224,-18.276868905));
#5480=CARTESIAN_POINT('',(31.435718422,17.72756735,-18.180414783));
#5481=CARTESIAN_POINT('',(31.443393659,17.699898413,-18.132187721));
#5482=CARTESIAN_POINT('',(31.457321457,17.672912585,-18.083351751));
#5483=CARTESIAN_POINT('',(31.477525772,17.648978983,-18.036618165));
#5484=CARTESIAN_POINT('',(31.497730088,17.625045381,-17.98988458));
#5485=CARTESIAN_POINT('',(31.523994783,17.603956296,-17.945015568));
#5486=CARTESIAN_POINT('',(31.557926791,17.587153124,-17.902175969));
#5487=B_SPLINE_CURVE_WITH_KNOTS('',3,(#5477,#5478,#5479,#5480,#5481,#5482,#5483,#5484,#5485,#5486),.UNSPECIFIED.,.F.,.F.,(4,3,3,4),(0.000135819,0.000471088,0.000638722,0.000806356),.UNSPECIFIED.);
#5488=EDGE_CURVE('',#5444,#5470,#5487,.T.);
#5489=ORIENTED_EDGE('',*,*,#5488,.F.);
#5490=EDGE_LOOP('',(#5451,#5459,#5468,#5476,#5489));
#5491=FACE_BOUND('',#5490,.T.);
#5492=ADVANCED_FACE('',(#5491),#5440,.F.);
#5493=CARTESIAN_POINT('',(32.028269292,18.9,-18.274727815));
#5494=DIRECTION('',(0.,-1.,0.));
#5495=DIRECTION('',(0.,0.,-1.));
#5496=AXIS2_PLACEMENT_3D('',#5493,#5494,#5495);
#5497=CYLINDRICAL_SURFACE('',#5496,0.6);
#5498=CARTESIAN_POINT('',(32.028269292,17.9,-18.874727815));
#5499=VERTEX_POINT('',#5498);
#5500=CARTESIAN_POINT('',(32.028269292,18.9,-18.874727815));
#5501=VERTEX_POINT('',#5500);
#5502=CARTESIAN_POINT('',(32.028269292,17.9,-18.874727815));
#5503=DIRECTION('',(-0.,1.,-0.));
#5504=VECTOR('',#5503,1.);
#5505=LINE('',#5502,#5504);
#5506=EDGE_CURVE('',#5499,#5501,#5505,.T.);
#5507=ORIENTED_EDGE('',*,*,#5506,.F.);
#5508=CARTESIAN_POINT('',(32.115729809,17.9,-18.868319137));
#5509=VERTEX_POINT('',#5508);
#5510=CARTESIAN_POINT('',(32.028269292,17.9,-18.274727815));
#5511=DIRECTION('',(0.,1.,0.));
#5512=DIRECTION('',(0.,-0.,1.));
#5513=AXIS2_PLACEMENT_3D('',#5510,#5511,#5512);
#5514=CIRCLE('',#5513,0.6);
#5515=EDGE_CURVE('',#5509,#5499,#5514,.T.);
#5516=ORIENTED_EDGE('',*,*,#5515,.F.);
#5517=CARTESIAN_POINT('',(32.115729809,18.9,-18.868319137));
#5518=VERTEX_POINT('',#5517);
#5519=CARTESIAN_POINT('',(32.115729809,18.9,-18.868319137));
#5520=DIRECTION('',(0.,-1.,0.));
#5521=VECTOR('',#5520,1.);
#5522=LINE('',#5519,#5521);
#5523=EDGE_CURVE('',#5518,#5509,#5522,.T.);
#5524=ORIENTED_EDGE('',*,*,#5523,.F.);
#5525=CARTESIAN_POINT('',(32.028269292,18.9,-18.274727815));
#5526=DIRECTION('',(0.,1.,0.));
#5527=DIRECTION('',(0.,-0.,1.));
#5528=AXIS2_PLACEMENT_3D('',#5525,#5526,#5527);
#5529=CIRCLE('',#5528,0.6);
#5530=EDGE_CURVE('',#5518,#5501,#5529,.T.);
#5531=ORIENTED_EDGE('',*,*,#5530,.T.);
#5532=EDGE_LOOP('',(#5507,#5516,#5524,#5531));
#5533=FACE_BOUND('',#5532,.T.);
#5534=ADVANCED_FACE('',(#5533),#5497,.F.);
#5535=CARTESIAN_POINT('',(32.166748444,18.9,-19.214580742));
#5536=DIRECTION('',(0.,-1.,0.));
#5537=DIRECTION('',(0.,0.,-1.));
#5538=AXIS2_PLACEMENT_3D('',#5535,#5536,#5537);
#5539=CYLINDRICAL_SURFACE('',#5538,0.35);
#5540=CARTESIAN_POINT('',(32.469857336,18.9,-19.039580742));
#5541=VERTEX_POINT('',#5540);
#5542=CARTESIAN_POINT('',(32.469857336,17.9,-19.039580742));
#5543=VERTEX_POINT('',#5542);
#5544=CARTESIAN_POINT('',(32.469857336,18.9,-19.039580742));
#5545=DIRECTION('',(0.,-1.,0.));
#5546=VECTOR('',#5545,1.);
#5547=LINE('',#5544,#5546);
#5548=EDGE_CURVE('',#5541,#5543,#5547,.T.);
#5549=ORIENTED_EDGE('',*,*,#5548,.F.);
#5550=CARTESIAN_POINT('',(32.166748444,18.9,-19.214580742));
#5551=DIRECTION('',(0.,1.,0.));
#5552=DIRECTION('',(0.,-0.,1.));
#5553=AXIS2_PLACEMENT_3D('',#5550,#5551,#5552);
#5554=CIRCLE('',#5553,0.35);
#5555=EDGE_CURVE('',#5518,#5541,#5554,.T.);
#5556=ORIENTED_EDGE('',*,*,#5555,.F.);
#5557=ORIENTED_EDGE('',*,*,#5523,.T.);
#5558=CARTESIAN_POINT('',(32.166748444,17.9,-19.214580742));
#5559=DIRECTION('',(0.,1.,0.));
#5560=DIRECTION('',(0.,-0.,1.));
#5561=AXIS2_PLACEMENT_3D('',#5558,#5559,#5560);
#5562=CIRCLE('',#5561,0.35);
#5563=EDGE_CURVE('',#5509,#5543,#5562,.T.);
#5564=ORIENTED_EDGE('',*,*,#5563,.T.);
#5565=EDGE_LOOP('',(#5549,#5556,#5557,#5564));
#5566=FACE_BOUND('',#5565,.T.);
#5567=ADVANCED_FACE('',(#5566),#5539,.T.);
#5568=CARTESIAN_POINT('',(32.473870558,18.9,-19.046531847));
#5569=DIRECTION('',(-0.866025404,0.,-0.5));
#5570=DIRECTION('',(-0.5,0.,0.866025404));
#5571=AXIS2_PLACEMENT_3D('',#5568,#5569,#5570);
#5572=PLANE('',#5571);
#5573=CARTESIAN_POINT('',(32.477883781,18.9,-19.053482952));
#5574=VERTEX_POINT('',#5573);
#5575=CARTESIAN_POINT('',(32.477883781,17.9,-19.053482952));
#5576=VERTEX_POINT('',#5575);
#5577=CARTESIAN_POINT('',(32.477883781,18.9,-19.053482952));
#5578=DIRECTION('',(0.,-1.,0.));
#5579=VECTOR('',#5578,1.);
#5580=LINE('',#5577,#5579);
#5581=EDGE_CURVE('',#5574,#5576,#5580,.T.);
#5582=ORIENTED_EDGE('',*,*,#5581,.F.);
#5583=CARTESIAN_POINT('',(32.469857336,18.9,-19.039580742));
#5584=DIRECTION('',(0.5,0.,-0.866025404));
#5585=VECTOR('',#5584,0.01605289);
#5586=LINE('',#5583,#5585);
#5587=EDGE_CURVE('',#5541,#5574,#5586,.T.);
#5588=ORIENTED_EDGE('',*,*,#5587,.F.);
#5589=ORIENTED_EDGE('',*,*,#5548,.T.);
#5590=CARTESIAN_POINT('',(32.469857336,17.9,-19.039580742));
#5591=DIRECTION('',(0.5,0.,-0.866025404));
#5592=VECTOR('',#5591,0.01605289);
#5593=LINE('',#5590,#5592);
#5594=EDGE_CURVE('',#5543,#5576,#5593,.T.);
#5595=ORIENTED_EDGE('',*,*,#5594,.T.);
#5596=EDGE_LOOP('',(#5582,#5588,#5589,#5595));
#5597=FACE_BOUND('',#5596,.T.);
#5598=ADVANCED_FACE('',(#5597),#5572,.F.);
#5599=CARTESIAN_POINT('',(32.174774889,18.9,-19.228482952));
#5600=DIRECTION('',(0.,-1.,0.));
#5601=DIRECTION('',(0.,0.,-1.));
#5602=AXIS2_PLACEMENT_3D('',#5599,#5600,#5601);
#5603=CYLINDRICAL_SURFACE('',#5602,0.35);
#5604=CARTESIAN_POINT('',(32.449136918,17.9,-19.445797189));
#5605=VERTEX_POINT('',#5604);
#5606=CARTESIAN_POINT('',(32.174774889,17.9,-19.228482952));
#5607=DIRECTION('',(0.,1.,0.));
#5608=DIRECTION('',(0.,-0.,1.));
#5609=AXIS2_PLACEMENT_3D('',#5606,#5607,#5608);
#5610=CIRCLE('',#5609,0.35);
#5611=EDGE_CURVE('',#5576,#5605,#5610,.T.);
#5612=ORIENTED_EDGE('',*,*,#5611,.T.);
#5613=CARTESIAN_POINT('',(32.449136918,18.9,-19.445797189));
#5614=VERTEX_POINT('',#5613);
#5615=CARTESIAN_POINT('',(32.449136918,18.9,-19.445797189));
#5616=DIRECTION('',(0.,-1.,0.));
#5617=VECTOR('',#5616,1.);
#5618=LINE('',#5615,#5617);
#5619=EDGE_CURVE('',#5614,#5605,#5618,.T.);
#5620=ORIENTED_EDGE('',*,*,#5619,.F.);
#5621=CARTESIAN_POINT('',(32.174774889,18.9,-19.228482952));
#5622=DIRECTION('',(0.,1.,0.));
#5623=DIRECTION('',(0.,-0.,1.));
#5624=AXIS2_PLACEMENT_3D('',#5621,#5622,#5623);
#5625=CIRCLE('',#5624,0.35);
#5626=EDGE_CURVE('',#5574,#5614,#5625,.T.);
#5627=ORIENTED_EDGE('',*,*,#5626,.F.);
#5628=ORIENTED_EDGE('',*,*,#5581,.T.);
#5629=EDGE_LOOP('',(#5612,#5620,#5627,#5628));
#5630=FACE_BOUND('',#5629,.T.);
#5631=ADVANCED_FACE('',(#5630),#5603,.T.);
#5632=CARTESIAN_POINT('',(32.919471824,18.9,-19.818335879));
#5633=DIRECTION('',(0.,-1.,0.));
#5634=DIRECTION('',(0.,0.,-1.));
#5635=AXIS2_PLACEMENT_3D('',#5632,#5633,#5634);
#5636=CYLINDRICAL_SURFACE('',#5635,0.6);
#5637=CARTESIAN_POINT('',(32.919471824,17.9,-20.418335879));
#5638=VERTEX_POINT('',#5637);
#5639=CARTESIAN_POINT('',(32.919471824,18.9,-20.418335879));
#5640=VERTEX_POINT('',#5639);
#5641=CARTESIAN_POINT('',(32.919471824,17.9,-20.418335879));
#5642=DIRECTION('',(-0.,1.,-0.));
#5643=VECTOR('',#5642,1.);
#5644=LINE('',#5641,#5643);
#5645=EDGE_CURVE('',#5638,#5640,#5644,.T.);
#5646=ORIENTED_EDGE('',*,*,#5645,.F.);
#5647=CARTESIAN_POINT('',(33.405602482,17.9,-19.466658494));
#5648=VERTEX_POINT('',#5647);
#5649=CARTESIAN_POINT('',(32.919471824,17.9,-19.818335879));
#5650=DIRECTION('',(0.,1.,0.));
#5651=DIRECTION('',(0.,-0.,1.));
#5652=AXIS2_PLACEMENT_3D('',#5649,#5650,#5651);
#5653=CIRCLE('',#5652,0.6);
#5654=EDGE_CURVE('',#5648,#5638,#5653,.T.);
#5655=ORIENTED_EDGE('',*,*,#5654,.F.);
#5656=CARTESIAN_POINT('',(33.405602482,18.9,-19.466658494));
#5657=VERTEX_POINT('',#5656);
#5658=CARTESIAN_POINT('',(33.405602482,18.9,-19.466658494));
#5659=DIRECTION('',(0.,-1.,0.));
#5660=VECTOR('',#5659,1.);
#5661=LINE('',#5658,#5660);
#5662=EDGE_CURVE('',#5657,#5648,#5661,.T.);
#5663=ORIENTED_EDGE('',*,*,#5662,.F.);
#5664=CARTESIAN_POINT('',(32.919471824,18.9,-19.818335879));
#5665=DIRECTION('',(0.,1.,0.));
#5666=DIRECTION('',(0.,-0.,1.));
#5667=AXIS2_PLACEMENT_3D('',#5664,#5665,#5666);
#5668=CIRCLE('',#5667,0.6);
#5669=EDGE_CURVE('',#5657,#5640,#5668,.T.);
#5670=ORIENTED_EDGE('',*,*,#5669,.T.);
#5671=EDGE_LOOP('',(#5646,#5655,#5663,#5670));
#5672=FACE_BOUND('',#5671,.T.);
#5673=ADVANCED_FACE('',(#5672),#5636,.F.);
#5674=CARTESIAN_POINT('',(33.691210822,18.9,-19.260043271));
#5675=DIRECTION('',(0.,-1.,0.));
#5676=DIRECTION('',(0.,0.,-1.));
#5677=AXIS2_PLACEMENT_3D('',#5674,#5675,#5676);
#5678=CYLINDRICAL_SURFACE('',#5677,0.352508119);
#5679=CARTESIAN_POINT('',(33.786903878,18.9,-18.920772269));
#5680=VERTEX_POINT('',#5679);
#5681=CARTESIAN_POINT('',(33.691210822,18.9,-19.260043271));
#5682=DIRECTION('',(0.,1.,0.));
#5683=DIRECTION('',(0.,-0.,1.));
#5684=AXIS2_PLACEMENT_3D('',#5681,#5682,#5683);
#5685=CIRCLE('',#5684,0.352508119);
#5686=EDGE_CURVE('',#5657,#5680,#5685,.T.);
#5687=ORIENTED_EDGE('',*,*,#5686,.F.);
#5688=ORIENTED_EDGE('',*,*,#5662,.T.);
#5689=CARTESIAN_POINT('',(33.786903878,17.9,-18.920772269));
#5690=VERTEX_POINT('',#5689);
#5691=CARTESIAN_POINT('',(33.691210822,17.9,-19.260043271));
#5692=DIRECTION('',(0.,1.,0.));
#5693=DIRECTION('',(0.,-0.,1.));
#5694=AXIS2_PLACEMENT_3D('',#5691,#5692,#5693);
#5695=CIRCLE('',#5694,0.352508119);
#5696=EDGE_CURVE('',#5648,#5690,#5695,.T.);
#5697=ORIENTED_EDGE('',*,*,#5696,.T.);
#5698=CARTESIAN_POINT('',(33.786903878,18.9,-18.920772269));
#5699=DIRECTION('',(0.,-1.,0.));
#5700=VECTOR('',#5699,1.);
#5701=LINE('',#5698,#5700);
#5702=EDGE_CURVE('',#5680,#5690,#5701,.T.);
#5703=ORIENTED_EDGE('',*,*,#5702,.F.);
#5704=EDGE_LOOP('',(#5687,#5688,#5697,#5703));
#5705=FACE_BOUND('',#5704,.T.);
#5706=ADVANCED_FACE('',(#5705),#5678,.T.);
#5707=CARTESIAN_POINT('',(38.156776119,18.9,-26.992977342));
#5708=DIRECTION('',(0.,-1.,0.));
#5709=DIRECTION('',(0.,0.,-1.));
#5710=AXIS2_PLACEMENT_3D('',#5707,#5708,#5709);
#5711=CYLINDRICAL_SURFACE('',#5710,0.351682165);
#5712=CARTESIAN_POINT('',(38.156776119,17.9,-27.344659507));
#5713=VERTEX_POINT('',#5712);
#5714=CARTESIAN_POINT('',(38.156776119,18.9,-27.344659507));
#5715=VERTEX_POINT('',#5714);
#5716=CARTESIAN_POINT('',(38.156776119,17.9,-27.344659507));
#5717=DIRECTION('',(-0.,1.,-0.));
#5718=VECTOR('',#5717,1.);
#5719=LINE('',#5716,#5718);
#5720=EDGE_CURVE('',#5713,#5715,#5719,.T.);
#5721=ORIENTED_EDGE('',*,*,#5720,.T.);
#5722=CARTESIAN_POINT('',(38.497556645,18.9,-27.079862198));
#5723=VERTEX_POINT('',#5722);
#5724=CARTESIAN_POINT('',(38.156776119,18.9,-26.992977342));
#5725=DIRECTION('',(0.,1.,0.));
#5726=DIRECTION('',(0.,-0.,1.));
#5727=AXIS2_PLACEMENT_3D('',#5724,#5725,#5726);
#5728=CIRCLE('',#5727,0.351682165);
#5729=EDGE_CURVE('',#5723,#5715,#5728,.T.);
#5730=ORIENTED_EDGE('',*,*,#5729,.F.);
#5731=CARTESIAN_POINT('',(38.497556645,17.9,-27.079862198));
#5732=VERTEX_POINT('',#5731);
#5733=CARTESIAN_POINT('',(38.497556645,18.9,-27.079862198));
#5734=DIRECTION('',(0.,-1.,0.));
#5735=VECTOR('',#5734,1.);
#5736=LINE('',#5733,#5735);
#5737=EDGE_CURVE('',#5723,#5732,#5736,.T.);
#5738=ORIENTED_EDGE('',*,*,#5737,.T.);
#5739=CARTESIAN_POINT('',(38.156776119,17.9,-26.992977342));
#5740=DIRECTION('',(0.,1.,0.));
#5741=DIRECTION('',(0.,-0.,1.));
#5742=AXIS2_PLACEMENT_3D('',#5739,#5740,#5741);
#5743=CIRCLE('',#5742,0.351682165);
#5744=EDGE_CURVE('',#5732,#5713,#5743,.T.);
#5745=ORIENTED_EDGE('',*,*,#5744,.T.);
#5746=EDGE_LOOP('',(#5721,#5730,#5738,#5745));
#5747=FACE_BOUND('',#5746,.T.);
#5748=ADVANCED_FACE('',(#5747),#5711,.T.);
#5749=CARTESIAN_POINT('',(37.375484482,18.9,-27.536376203));
#5750=DIRECTION('',(0.,-1.,0.));
#5751=DIRECTION('',(0.,0.,-1.));
#5752=AXIS2_PLACEMENT_3D('',#5749,#5750,#5751);
#5753=CYLINDRICAL_SURFACE('',#5752,0.6);
#5754=CARTESIAN_POINT('',(37.375484482,17.9,-28.136376203));
#5755=VERTEX_POINT('',#5754);
#5756=CARTESIAN_POINT('',(37.375484482,18.9,-28.136376203));
#5757=VERTEX_POINT('',#5756);
#5758=CARTESIAN_POINT('',(37.375484482,17.9,-28.136376203));
#5759=DIRECTION('',(-0.,1.,-0.));
#5760=VECTOR('',#5759,1.);
#5761=LINE('',#5758,#5760);
#5762=EDGE_CURVE('',#5755,#5757,#5761,.T.);
#5763=ORIENTED_EDGE('',*,*,#5762,.F.);
#5764=CARTESIAN_POINT('',(37.462944999,17.9,-28.129967525));
#5765=VERTEX_POINT('',#5764);
#5766=CARTESIAN_POINT('',(37.375484482,17.9,-27.536376203));
#5767=DIRECTION('',(0.,1.,0.));
#5768=DIRECTION('',(0.,-0.,1.));
#5769=AXIS2_PLACEMENT_3D('',#5766,#5767,#5768);
#5770=CIRCLE('',#5769,0.6);
#5771=EDGE_CURVE('',#5765,#5755,#5770,.T.);
#5772=ORIENTED_EDGE('',*,*,#5771,.F.);
#5773=CARTESIAN_POINT('',(37.462944999,18.9,-28.129967525));
#5774=VERTEX_POINT('',#5773);
#5775=CARTESIAN_POINT('',(37.462944999,18.9,-28.129967525));
#5776=DIRECTION('',(0.,-1.,0.));
#5777=VECTOR('',#5776,1.);
#5778=LINE('',#5775,#5777);
#5779=EDGE_CURVE('',#5774,#5765,#5778,.T.);
#5780=ORIENTED_EDGE('',*,*,#5779,.F.);
#5781=CARTESIAN_POINT('',(37.375484482,18.9,-27.536376203));
#5782=DIRECTION('',(0.,1.,0.));
#5783=DIRECTION('',(0.,-0.,1.));
#5784=AXIS2_PLACEMENT_3D('',#5781,#5782,#5783);
#5785=CIRCLE('',#5784,0.6);
#5786=EDGE_CURVE('',#5774,#5757,#5785,.T.);
#5787=ORIENTED_EDGE('',*,*,#5786,.T.);
#5788=EDGE_LOOP('',(#5763,#5772,#5780,#5787));
#5789=FACE_BOUND('',#5788,.T.);
#5790=ADVANCED_FACE('',(#5789),#5753,.F.);
#5791=CARTESIAN_POINT('',(37.513963634,18.9,-28.47622913));
#5792=DIRECTION('',(0.,-1.,0.));
#5793=DIRECTION('',(0.,0.,-1.));
#5794=AXIS2_PLACEMENT_3D('',#5791,#5792,#5793);
#5795=CYLINDRICAL_SURFACE('',#5794,0.35);
#5796=CARTESIAN_POINT('',(37.817072526,18.9,-28.30122913));
#5797=VERTEX_POINT('',#5796);
#5798=CARTESIAN_POINT('',(37.817072526,17.9,-28.30122913));
#5799=VERTEX_POINT('',#5798);
#5800=CARTESIAN_POINT('',(37.817072526,18.9,-28.30122913));
#5801=DIRECTION('',(0.,-1.,0.));
#5802=VECTOR('',#5801,1.);
#5803=LINE('',#5800,#5802);
#5804=EDGE_CURVE('',#5797,#5799,#5803,.T.);
#5805=ORIENTED_EDGE('',*,*,#5804,.F.);
#5806=CARTESIAN_POINT('',(37.513963634,18.9,-28.47622913));
#5807=DIRECTION('',(0.,1.,0.));
#5808=DIRECTION('',(0.,-0.,1.));
#5809=AXIS2_PLACEMENT_3D('',#5806,#5807,#5808);
#5810=CIRCLE('',#5809,0.35);
#5811=EDGE_CURVE('',#5774,#5797,#5810,.T.);
#5812=ORIENTED_EDGE('',*,*,#5811,.F.);
#5813=ORIENTED_EDGE('',*,*,#5779,.T.);
#5814=CARTESIAN_POINT('',(37.513963634,17.9,-28.47622913));
#5815=DIRECTION('',(0.,1.,0.));
#5816=DIRECTION('',(0.,-0.,1.));
#5817=AXIS2_PLACEMENT_3D('',#5814,#5815,#5816);
#5818=CIRCLE('',#5817,0.35);
#5819=EDGE_CURVE('',#5765,#5799,#5818,.T.);
#5820=ORIENTED_EDGE('',*,*,#5819,.T.);
#5821=EDGE_LOOP('',(#5805,#5812,#5813,#5820));
#5822=FACE_BOUND('',#5821,.T.);
#5823=ADVANCED_FACE('',(#5822),#5795,.T.);
#5824=CARTESIAN_POINT('',(37.821085748,18.9,-28.308180235));
#5825=DIRECTION('',(-0.866025404,0.,-0.5));
#5826=DIRECTION('',(-0.5,0.,0.866025404));
#5827=AXIS2_PLACEMENT_3D('',#5824,#5825,#5826);
#5828=PLANE('',#5827);
#5829=CARTESIAN_POINT('',(37.825098971,18.9,-28.31513134));
#5830=VERTEX_POINT('',#5829);
#5831=CARTESIAN_POINT('',(37.825098971,17.9,-28.31513134));
#5832=VERTEX_POINT('',#5831);
#5833=CARTESIAN_POINT('',(37.825098971,18.9,-28.31513134));
#5834=DIRECTION('',(0.,-1.,0.));
#5835=VECTOR('',#5834,1.);
#5836=LINE('',#5833,#5835);
#5837=EDGE_CURVE('',#5830,#5832,#5836,.T.);
#5838=ORIENTED_EDGE('',*,*,#5837,.F.);
#5839=CARTESIAN_POINT('',(37.817072526,18.9,-28.30122913));
#5840=DIRECTION('',(0.5,0.,-0.866025404));
#5841=VECTOR('',#5840,0.01605289);
#5842=LINE('',#5839,#5841);
#5843=EDGE_CURVE('',#5797,#5830,#5842,.T.);
#5844=ORIENTED_EDGE('',*,*,#5843,.F.);
#5845=ORIENTED_EDGE('',*,*,#5804,.T.);
#5846=CARTESIAN_POINT('',(37.817072526,17.9,-28.30122913));
#5847=DIRECTION('',(0.5,0.,-0.866025404));
#5848=VECTOR('',#5847,0.01605289);
#5849=LINE('',#5846,#5848);
#5850=EDGE_CURVE('',#5799,#5832,#5849,.T.);
#5851=ORIENTED_EDGE('',*,*,#5850,.T.);
#5852=EDGE_LOOP('',(#5838,#5844,#5845,#5851));
#5853=FACE_BOUND('',#5852,.T.);
#5854=ADVANCED_FACE('',(#5853),#5828,.F.);
#5855=CARTESIAN_POINT('',(37.521990079,18.9,-28.49013134));
#5856=DIRECTION('',(0.,-1.,0.));
#5857=DIRECTION('',(0.,0.,-1.));
#5858=AXIS2_PLACEMENT_3D('',#5855,#5856,#5857);
#5859=CYLINDRICAL_SURFACE('',#5858,0.35);
#5860=CARTESIAN_POINT('',(37.796352108,18.9,-28.707445576));
#5861=VERTEX_POINT('',#5860);
#5862=CARTESIAN_POINT('',(37.796352108,17.9,-28.707445576));
#5863=VERTEX_POINT('',#5862);
#5864=CARTESIAN_POINT('',(37.796352108,18.9,-28.707445576));
#5865=DIRECTION('',(0.,-1.,0.));
#5866=VECTOR('',#5865,1.);
#5867=LINE('',#5864,#5866);
#5868=EDGE_CURVE('',#5861,#5863,#5867,.T.);
#5869=ORIENTED_EDGE('',*,*,#5868,.F.);
#5870=CARTESIAN_POINT('',(37.521990079,18.9,-28.49013134));
#5871=DIRECTION('',(0.,1.,0.));
#5872=DIRECTION('',(0.,-0.,1.));
#5873=AXIS2_PLACEMENT_3D('',#5870,#5871,#5872);
#5874=CIRCLE('',#5873,0.35);
#5875=EDGE_CURVE('',#5830,#5861,#5874,.T.);
#5876=ORIENTED_EDGE('',*,*,#5875,.F.);
#5877=ORIENTED_EDGE('',*,*,#5837,.T.);
#5878=CARTESIAN_POINT('',(37.521990079,17.9,-28.49013134));
#5879=DIRECTION('',(0.,1.,0.));
#5880=DIRECTION('',(0.,-0.,1.));
#5881=AXIS2_PLACEMENT_3D('',#5878,#5879,#5880);
#5882=CIRCLE('',#5881,0.35);
#5883=EDGE_CURVE('',#5832,#5863,#5882,.T.);
#5884=ORIENTED_EDGE('',*,*,#5883,.T.);
#5885=EDGE_LOOP('',(#5869,#5876,#5877,#5884));
#5886=FACE_BOUND('',#5885,.T.);
#5887=ADVANCED_FACE('',(#5886),#5859,.T.);
#5888=CARTESIAN_POINT('',(38.266687014,18.9,-29.079984267));
#5889=DIRECTION('',(0.,-1.,0.));
#5890=DIRECTION('',(0.,0.,-1.));
#5891=AXIS2_PLACEMENT_3D('',#5888,#5889,#5890);
#5892=CYLINDRICAL_SURFACE('',#5891,0.6);
#5893=CARTESIAN_POINT('',(37.719849608,17.9,-29.326902981));
#5894=VERTEX_POINT('',#5893);
#5895=CARTESIAN_POINT('',(38.266687014,17.9,-29.079984267));
#5896=DIRECTION('',(0.,1.,0.));
#5897=DIRECTION('',(0.,-0.,1.));
#5898=AXIS2_PLACEMENT_3D('',#5895,#5896,#5897);
#5899=CIRCLE('',#5898,0.6);
#5900=EDGE_CURVE('',#5894,#5863,#5899,.T.);
#5901=ORIENTED_EDGE('',*,*,#5900,.F.);
#5902=CARTESIAN_POINT('',(37.719849608,18.9,-29.326902981));
#5903=VERTEX_POINT('',#5902);
#5904=CARTESIAN_POINT('',(37.719849608,18.9,-29.326902981));
#5905=DIRECTION('',(0.,-1.,0.));
#5906=VECTOR('',#5905,1.);
#5907=LINE('',#5904,#5906);
#5908=EDGE_CURVE('',#5903,#5894,#5907,.T.);
#5909=ORIENTED_EDGE('',*,*,#5908,.F.);
#5910=CARTESIAN_POINT('',(38.266687014,18.9,-29.079984267));
#5911=DIRECTION('',(0.,1.,0.));
#5912=DIRECTION('',(0.,-0.,1.));
#5913=AXIS2_PLACEMENT_3D('',#5910,#5911,#5912);
#5914=CIRCLE('',#5913,0.6);
#5915=EDGE_CURVE('',#5903,#5861,#5914,.T.);
#5916=ORIENTED_EDGE('',*,*,#5915,.T.);
#5917=ORIENTED_EDGE('',*,*,#5868,.T.);
#5918=EDGE_LOOP('',(#5901,#5909,#5916,#5917));
#5919=FACE_BOUND('',#5918,.T.);
#5920=ADVANCED_FACE('',(#5919),#5892,.F.);
#5921=CARTESIAN_POINT('',(38.712294609,18.9,-29.851799262));
#5922=DIRECTION('',(0.866025404,0.,0.5));
#5923=DIRECTION('',(0.5,0.,-0.866025404));
#5924=AXIS2_PLACEMENT_3D('',#5921,#5922,#5923);
#5925=PLANE('',#5924);
#5926=CARTESIAN_POINT('',(38.716306566,17.050253458,-29.858748175));
#5927=VERTEX_POINT('',#5926);
#5928=CARTESIAN_POINT('',(38.708282652,17.070706709,-29.844850349));
#5929=VERTEX_POINT('',#5928);
#5930=CARTESIAN_POINT('',(37.335508783,14.9,-27.46713626));
#5931=DIRECTION('',(0.866025404,0.,0.5));
#5932=DIRECTION('',(0.5,0.,-0.866025404));
#5933=AXIS2_PLACEMENT_3D('',#5930,#5931,#5932);
#5934=CIRCLE('',#5933,3.5);
#5935=EDGE_CURVE('',#5927,#5929,#5934,.T.);
#5936=ORIENTED_EDGE('',*,*,#5935,.F.);
#5937=CARTESIAN_POINT('',(38.716306566,18.9,-29.858748175));
#5938=VERTEX_POINT('',#5937);
#5939=CARTESIAN_POINT('',(38.716306566,17.050253458,-29.858748175));
#5940=DIRECTION('',(-0.,1.,-0.));
#5941=VECTOR('',#5940,1.849746542);
#5942=LINE('',#5939,#5941);
#5943=EDGE_CURVE('',#5927,#5938,#5942,.T.);
#5944=ORIENTED_EDGE('',*,*,#5943,.T.);
#5945=CARTESIAN_POINT('',(38.708282652,18.9,-29.844850349));
#5946=VERTEX_POINT('',#5945);
#5947=CARTESIAN_POINT('',(38.716306566,18.9,-29.858748175));
#5948=DIRECTION('',(-0.5,0.,0.866025404));
#5949=VECTOR('',#5948,0.016047827);
#5950=LINE('',#5947,#5949);
#5951=EDGE_CURVE('',#5938,#5946,#5950,.T.);
#5952=ORIENTED_EDGE('',*,*,#5951,.T.);
#5953=CARTESIAN_POINT('',(38.708282652,18.9,-29.844850349));
#5954=DIRECTION('',(0.,-1.,0.));
#5955=VECTOR('',#5954,1.829293291);
#5956=LINE('',#5953,#5955);
#5957=EDGE_CURVE('',#5946,#5929,#5956,.T.);
#5958=ORIENTED_EDGE('',*,*,#5957,.T.);
#5959=EDGE_LOOP('',(#5936,#5944,#5952,#5958));
#5960=FACE_BOUND('',#5959,.T.);
#5961=ADVANCED_FACE('',(#5960),#5925,.T.);
#5962=CARTESIAN_POINT('',(36.484281951,18.9,-25.992768138));
#5963=DIRECTION('',(0.,-1.,0.));
#5964=DIRECTION('',(0.,0.,-1.));
#5965=AXIS2_PLACEMENT_3D('',#5962,#5963,#5964);
#5966=CYLINDRICAL_SURFACE('',#5965,0.6);
#5967=CARTESIAN_POINT('',(36.484281951,17.9,-26.592768138));
#5968=VERTEX_POINT('',#5967);
#5969=CARTESIAN_POINT('',(36.484281951,18.9,-26.592768138));
#5970=VERTEX_POINT('',#5969);
#5971=CARTESIAN_POINT('',(36.484281951,17.9,-26.592768138));
#5972=DIRECTION('',(-0.,1.,-0.));
#5973=VECTOR('',#5972,1.);
#5974=LINE('',#5971,#5973);
#5975=EDGE_CURVE('',#5968,#5970,#5974,.T.);
#5976=ORIENTED_EDGE('',*,*,#5975,.F.);
#5977=CARTESIAN_POINT('',(36.484281951,17.9,-25.392768138));
#5978=VERTEX_POINT('',#5977);
#5979=CARTESIAN_POINT('',(36.484281951,17.9,-25.992768138));
#5980=DIRECTION('',(0.,1.,0.));
#5981=DIRECTION('',(0.,-0.,1.));
#5982=AXIS2_PLACEMENT_3D('',#5979,#5980,#5981);
#5983=CIRCLE('',#5982,0.6);
#5984=EDGE_CURVE('',#5978,#5968,#5983,.T.);
#5985=ORIENTED_EDGE('',*,*,#5984,.F.);
#5986=CARTESIAN_POINT('',(36.484281951,17.9,-25.992768138));
#5987=DIRECTION('',(0.,1.,0.));
#5988=DIRECTION('',(0.,-0.,1.));
#5989=AXIS2_PLACEMENT_3D('',#5986,#5987,#5988);
#5990=CIRCLE('',#5989,0.6);
#5991=EDGE_CURVE('',#5968,#5978,#5990,.T.);
#5992=ORIENTED_EDGE('',*,*,#5991,.F.);
#5993=ORIENTED_EDGE('',*,*,#5975,.T.);
#5994=CARTESIAN_POINT('',(36.484281951,18.9,-25.392768138));
#5995=VERTEX_POINT('',#5994);
#5996=CARTESIAN_POINT('',(36.484281951,18.9,-25.992768138));
#5997=DIRECTION('',(0.,1.,0.));
#5998=DIRECTION('',(0.,-0.,1.));
#5999=AXIS2_PLACEMENT_3D('',#5996,#5997,#5998);
#6000=CIRCLE('',#5999,0.6);
#6001=EDGE_CURVE('',#5970,#5995,#6000,.T.);
#6002=ORIENTED_EDGE('',*,*,#6001,.T.);
#6003=CARTESIAN_POINT('',(36.484281951,18.9,-25.992768138));
#6004=DIRECTION('',(0.,1.,0.));
#6005=DIRECTION('',(0.,-0.,1.));
#6006=AXIS2_PLACEMENT_3D('',#6003,#6004,#6005);
#6007=CIRCLE('',#6006,0.6);
#6008=EDGE_CURVE('',#5995,#5970,#6007,.T.);
#6009=ORIENTED_EDGE('',*,*,#6008,.T.);
#6010=EDGE_LOOP('',(#5976,#5985,#5992,#5993,#6002,#6009));
#6011=FACE_BOUND('',#6010,.T.);
#6012=ADVANCED_FACE('',(#6011),#5966,.F.);
#6013=CARTESIAN_POINT('',(35.593079419,18.9,-24.449160073));
#6014=DIRECTION('',(0.,-1.,0.));
#6015=DIRECTION('',(0.,0.,-1.));
#6016=AXIS2_PLACEMENT_3D('',#6013,#6014,#6015);
#6017=CYLINDRICAL_SURFACE('',#6016,0.6);
#6018=CARTESIAN_POINT('',(35.593079419,17.9,-25.049160073));
#6019=VERTEX_POINT('',#6018);
#6020=CARTESIAN_POINT('',(35.593079419,18.9,-25.049160073));
#6021=VERTEX_POINT('',#6020);
#6022=CARTESIAN_POINT('',(35.593079419,17.9,-25.049160073));
#6023=DIRECTION('',(-0.,1.,-0.));
#6024=VECTOR('',#6023,1.);
#6025=LINE('',#6022,#6024);
#6026=EDGE_CURVE('',#6019,#6021,#6025,.T.);
#6027=ORIENTED_EDGE('',*,*,#6026,.F.);
#6028=CARTESIAN_POINT('',(35.593079419,17.9,-23.849160073));
#6029=VERTEX_POINT('',#6028);
#6030=CARTESIAN_POINT('',(35.593079419,17.9,-24.449160073));
#6031=DIRECTION('',(0.,1.,0.));
#6032=DIRECTION('',(0.,-0.,1.));
#6033=AXIS2_PLACEMENT_3D('',#6030,#6031,#6032);
#6034=CIRCLE('',#6033,0.6);
#6035=EDGE_CURVE('',#6029,#6019,#6034,.T.);
#6036=ORIENTED_EDGE('',*,*,#6035,.F.);
#6037=CARTESIAN_POINT('',(35.593079419,17.9,-24.449160073));
#6038=DIRECTION('',(0.,1.,0.));
#6039=DIRECTION('',(0.,-0.,1.));
#6040=AXIS2_PLACEMENT_3D('',#6037,#6038,#6039);
#6041=CIRCLE('',#6040,0.6);
#6042=EDGE_CURVE('',#6019,#6029,#6041,.T.);
#6043=ORIENTED_EDGE('',*,*,#6042,.F.);
#6044=ORIENTED_EDGE('',*,*,#6026,.T.);
#6045=CARTESIAN_POINT('',(35.593079419,18.9,-23.849160073));
#6046=VERTEX_POINT('',#6045);
#6047=CARTESIAN_POINT('',(35.593079419,18.9,-24.449160073));
#6048=DIRECTION('',(0.,1.,0.));
#6049=DIRECTION('',(0.,-0.,1.));
#6050=AXIS2_PLACEMENT_3D('',#6047,#6048,#6049);
#6051=CIRCLE('',#6050,0.6);
#6052=EDGE_CURVE('',#6021,#6046,#6051,.T.);
#6053=ORIENTED_EDGE('',*,*,#6052,.T.);
#6054=CARTESIAN_POINT('',(35.593079419,18.9,-24.449160073));
#6055=DIRECTION('',(0.,1.,0.));
#6056=DIRECTION('',(0.,-0.,1.));
#6057=AXIS2_PLACEMENT_3D('',#6054,#6055,#6056);
#6058=CIRCLE('',#6057,0.6);
#6059=EDGE_CURVE('',#6046,#6021,#6058,.T.);
#6060=ORIENTED_EDGE('',*,*,#6059,.T.);
#6061=EDGE_LOOP('',(#6027,#6036,#6043,#6044,#6053,#6060));
#6062=FACE_BOUND('',#6061,.T.);
#6063=ADVANCED_FACE('',(#6062),#6017,.F.);
#6064=CARTESIAN_POINT('',(34.701876887,18.9,-22.905552009));
#6065=DIRECTION('',(0.,-1.,0.));
#6066=DIRECTION('',(0.,0.,-1.));
#6067=AXIS2_PLACEMENT_3D('',#6064,#6065,#6066);
#6068=CYLINDRICAL_SURFACE('',#6067,0.6);
#6069=CARTESIAN_POINT('',(34.701876887,17.9,-23.505552009));
#6070=VERTEX_POINT('',#6069);
#6071=CARTESIAN_POINT('',(34.701876887,18.9,-23.505552009));
#6072=VERTEX_POINT('',#6071);
#6073=CARTESIAN_POINT('',(34.701876887,17.9,-23.505552009));
#6074=DIRECTION('',(-0.,1.,-0.));
#6075=VECTOR('',#6074,1.);
#6076=LINE('',#6073,#6075);
#6077=EDGE_CURVE('',#6070,#6072,#6076,.T.);
#6078=ORIENTED_EDGE('',*,*,#6077,.F.);
#6079=CARTESIAN_POINT('',(34.701876887,17.9,-22.305552009));
#6080=VERTEX_POINT('',#6079);
#6081=CARTESIAN_POINT('',(34.701876887,17.9,-22.905552009));
#6082=DIRECTION('',(0.,1.,0.));
#6083=DIRECTION('',(0.,-0.,1.));
#6084=AXIS2_PLACEMENT_3D('',#6081,#6082,#6083);
#6085=CIRCLE('',#6084,0.6);
#6086=EDGE_CURVE('',#6080,#6070,#6085,.T.);
#6087=ORIENTED_EDGE('',*,*,#6086,.F.);
#6088=CARTESIAN_POINT('',(34.701876887,17.9,-22.905552009));
#6089=DIRECTION('',(0.,1.,0.));
#6090=DIRECTION('',(0.,-0.,1.));
#6091=AXIS2_PLACEMENT_3D('',#6088,#6089,#6090);
#6092=CIRCLE('',#6091,0.6);
#6093=EDGE_CURVE('',#6070,#6080,#6092,.T.);
#6094=ORIENTED_EDGE('',*,*,#6093,.F.);
#6095=ORIENTED_EDGE('',*,*,#6077,.T.);
#6096=CARTESIAN_POINT('',(34.701876887,18.9,-22.305552009));
#6097=VERTEX_POINT('',#6096);
#6098=CARTESIAN_POINT('',(34.701876887,18.9,-22.905552009));
#6099=DIRECTION('',(0.,1.,0.));
#6100=DIRECTION('',(0.,-0.,1.));
#6101=AXIS2_PLACEMENT_3D('',#6098,#6099,#6100);
#6102=CIRCLE('',#6101,0.6);
#6103=EDGE_CURVE('',#6072,#6097,#6102,.T.);
#6104=ORIENTED_EDGE('',*,*,#6103,.T.);
#6105=CARTESIAN_POINT('',(34.701876887,18.9,-22.905552009));
#6106=DIRECTION('',(0.,1.,0.));
#6107=DIRECTION('',(0.,-0.,1.));
#6108=AXIS2_PLACEMENT_3D('',#6105,#6106,#6107);
#6109=CIRCLE('',#6108,0.6);
#6110=EDGE_CURVE('',#6097,#6072,#6109,.T.);
#6111=ORIENTED_EDGE('',*,*,#6110,.T.);
#6112=EDGE_LOOP('',(#6078,#6087,#6094,#6095,#6104,#6111));
#6113=FACE_BOUND('',#6112,.T.);
#6114=ADVANCED_FACE('',(#6113),#6068,.F.);
#6115=CARTESIAN_POINT('',(33.810674356,18.9,-21.361943944));
#6116=DIRECTION('',(0.,-1.,0.));
#6117=DIRECTION('',(0.,0.,-1.));
#6118=AXIS2_PLACEMENT_3D('',#6115,#6116,#6117);
#6119=CYLINDRICAL_SURFACE('',#6118,0.6);
#6120=CARTESIAN_POINT('',(33.810674356,17.9,-21.961943944));
#6121=VERTEX_POINT('',#6120);
#6122=CARTESIAN_POINT('',(33.810674356,18.9,-21.961943944));
#6123=VERTEX_POINT('',#6122);
#6124=CARTESIAN_POINT('',(33.810674356,17.9,-21.961943944));
#6125=DIRECTION('',(-0.,1.,-0.));
#6126=VECTOR('',#6125,1.);
#6127=LINE('',#6124,#6126);
#6128=EDGE_CURVE('',#6121,#6123,#6127,.T.);
#6129=ORIENTED_EDGE('',*,*,#6128,.F.);
#6130=CARTESIAN_POINT('',(33.810674356,17.9,-20.761943944));
#6131=VERTEX_POINT('',#6130);
#6132=CARTESIAN_POINT('',(33.810674356,17.9,-21.361943944));
#6133=DIRECTION('',(0.,1.,0.));
#6134=DIRECTION('',(0.,-0.,1.));
#6135=AXIS2_PLACEMENT_3D('',#6132,#6133,#6134);
#6136=CIRCLE('',#6135,0.6);
#6137=EDGE_CURVE('',#6131,#6121,#6136,.T.);
#6138=ORIENTED_EDGE('',*,*,#6137,.F.);
#6139=CARTESIAN_POINT('',(33.810674356,17.9,-21.361943944));
#6140=DIRECTION('',(0.,1.,0.));
#6141=DIRECTION('',(0.,-0.,1.));
#6142=AXIS2_PLACEMENT_3D('',#6139,#6140,#6141);
#6143=CIRCLE('',#6142,0.6);
#6144=EDGE_CURVE('',#6121,#6131,#6143,.T.);
#6145=ORIENTED_EDGE('',*,*,#6144,.F.);
#6146=ORIENTED_EDGE('',*,*,#6128,.T.);
#6147=CARTESIAN_POINT('',(33.810674356,18.9,-20.761943944));
#6148=VERTEX_POINT('',#6147);
#6149=CARTESIAN_POINT('',(33.810674356,18.9,-21.361943944));
#6150=DIRECTION('',(0.,1.,0.));
#6151=DIRECTION('',(0.,-0.,1.));
#6152=AXIS2_PLACEMENT_3D('',#6149,#6150,#6151);
#6153=CIRCLE('',#6152,0.6);
#6154=EDGE_CURVE('',#6123,#6148,#6153,.T.);
#6155=ORIENTED_EDGE('',*,*,#6154,.T.);
#6156=CARTESIAN_POINT('',(33.810674356,18.9,-21.361943944));
#6157=DIRECTION('',(0.,1.,0.));
#6158=DIRECTION('',(0.,-0.,1.));
#6159=AXIS2_PLACEMENT_3D('',#6156,#6157,#6158);
#6160=CIRCLE('',#6159,0.6);
#6161=EDGE_CURVE('',#6148,#6123,#6160,.T.);
#6162=ORIENTED_EDGE('',*,*,#6161,.T.);
#6163=EDGE_LOOP('',(#6129,#6138,#6145,#6146,#6155,#6162));
#6164=FACE_BOUND('',#6163,.T.);
#6165=ADVANCED_FACE('',(#6164),#6119,.F.);
#6166=CARTESIAN_POINT('',(38.405173761,18.9,-30.019850349));
#6167=DIRECTION('',(0.,-1.,0.));
#6168=DIRECTION('',(0.,0.,-1.));
#6169=AXIS2_PLACEMENT_3D('',#6166,#6167,#6168);
#6170=CYLINDRICAL_SURFACE('',#6169,0.35);
#6171=CARTESIAN_POINT('',(38.354155126,17.428396988,-29.673588744));
#6172=VERTEX_POINT('',#6171);
#6173=CARTESIAN_POINT('',(38.708282652,17.070706709,-29.844850349));
#6174=CARTESIAN_POINT('',(38.679373376,17.143836623,-29.794778014));
#6175=CARTESIAN_POINT('',(38.637987132,17.21322414,-29.749736145));
#6176=CARTESIAN_POINT('',(38.578677103,17.276963332,-29.715882275));
#6177=CARTESIAN_POINT('',(38.549022089,17.308832928,-29.69895534));
#6178=CARTESIAN_POINT('',(38.515582325,17.338326888,-29.685457502));
#6179=CARTESIAN_POINT('',(38.477581487,17.364504182,-29.677422078));
#6180=CARTESIAN_POINT('',(38.43958065,17.390681475,-29.669386653));
#6181=CARTESIAN_POINT('',(38.398067974,17.412743907,-29.667118568));
#6182=CARTESIAN_POINT('',(38.354155126,17.428396988,-29.673588744));
#6183=B_SPLINE_CURVE_WITH_KNOTS('',3,(#6173,#6174,#6175,#6176,#6177,#6178,#6179,#6180,#6181,#6182),.UNSPECIFIED.,.F.,.F.,(4,3,3,4),(0.,0.00027566,0.000413489,0.000551319),.UNSPECIFIED.);
#6184=EDGE_CURVE('',#5929,#6172,#6183,.T.);
#6185=ORIENTED_EDGE('',*,*,#6184,.F.);
#6186=ORIENTED_EDGE('',*,*,#5957,.F.);
#6187=CARTESIAN_POINT('',(38.354155126,18.9,-29.673588744));
#6188=VERTEX_POINT('',#6187);
#6189=CARTESIAN_POINT('',(38.405173761,18.9,-30.019850349));
#6190=DIRECTION('',(0.,1.,0.));
#6191=DIRECTION('',(0.,-0.,1.));
#6192=AXIS2_PLACEMENT_3D('',#6189,#6190,#6191);
#6193=CIRCLE('',#6192,0.35);
#6194=EDGE_CURVE('',#6188,#5946,#6193,.T.);
#6195=ORIENTED_EDGE('',*,*,#6194,.F.);
#6196=CARTESIAN_POINT('',(38.354155126,17.428396988,-29.673588744));
#6197=DIRECTION('',(-0.,1.,-0.));
#6198=VECTOR('',#6197,1.471603012);
#6199=LINE('',#6196,#6198);
#6200=EDGE_CURVE('',#6172,#6188,#6199,.T.);
#6201=ORIENTED_EDGE('',*,*,#6200,.F.);
#6202=EDGE_LOOP('',(#6185,#6186,#6195,#6201));
#6203=FACE_BOUND('',#6202,.T.);
#6204=ADVANCED_FACE('',(#6203),#6170,.T.);
#6205=CARTESIAN_POINT('',(38.413197674,18.9,-30.033748175));
#6206=DIRECTION('',(0.,-1.,0.));
#6207=DIRECTION('',(0.,0.,-1.));
#6208=AXIS2_PLACEMENT_3D('',#6205,#6206,#6207);
#6209=CYLINDRICAL_SURFACE('',#6208,0.35);
#6210=CARTESIAN_POINT('',(38.687559703,16.549417401,-30.251062411));
#6211=VERTEX_POINT('',#6210);
#6212=CARTESIAN_POINT('',(38.687559703,16.549417401,-30.251062411));
#6213=CARTESIAN_POINT('',(38.715941647,16.580936164,-30.215229839));
#6214=CARTESIAN_POINT('',(38.732812004,16.61949674,-30.180930598));
#6215=CARTESIAN_POINT('',(38.744507708,16.660545523,-30.146591702));
#6216=CARTESIAN_POINT('',(38.756203411,16.701594306,-30.112252807));
#6217=CARTESIAN_POINT('',(38.761819161,16.744552317,-30.078819972));
#6218=CARTESIAN_POINT('',(38.762977714,16.787812295,-30.046154768));
#6219=CARTESIAN_POINT('',(38.76529482,16.874332253,-29.980824361));
#6220=CARTESIAN_POINT('',(38.749999574,16.96370881,-29.917106178));
#6221=CARTESIAN_POINT('',(38.716306566,17.050253458,-29.858748175));
#6222=B_SPLINE_CURVE_WITH_KNOTS('',3,(#6212,#6213,#6214,#6215,#6216,#6217,#6218,#6219,#6220,#6221),.UNSPECIFIED.,.F.,.F.,(4,3,3,4),(0.,0.00016279,0.00032558,0.000651161),.UNSPECIFIED.);
#6223=EDGE_CURVE('',#6211,#5927,#6222,.T.);
#6224=ORIENTED_EDGE('',*,*,#6223,.F.);
#6225=CARTESIAN_POINT('',(38.687559703,18.9,-30.251062411));
#6226=VERTEX_POINT('',#6225);
#6227=CARTESIAN_POINT('',(38.687559703,18.9,-30.251062411));
#6228=DIRECTION('',(0.,-1.,0.));
#6229=VECTOR('',#6228,2.350582599);
#6230=LINE('',#6227,#6229);
#6231=EDGE_CURVE('',#6226,#6211,#6230,.T.);
#6232=ORIENTED_EDGE('',*,*,#6231,.F.);
#6233=CARTESIAN_POINT('',(38.413197674,18.9,-30.033748175));
#6234=DIRECTION('',(0.,1.,0.));
#6235=DIRECTION('',(0.,-0.,1.));
#6236=AXIS2_PLACEMENT_3D('',#6233,#6234,#6235);
#6237=CIRCLE('',#6236,0.35);
#6238=EDGE_CURVE('',#5938,#6226,#6237,.T.);
#6239=ORIENTED_EDGE('',*,*,#6238,.F.);
#6240=ORIENTED_EDGE('',*,*,#5943,.F.);
#6241=EDGE_LOOP('',(#6224,#6232,#6239,#6240));
#6242=FACE_BOUND('',#6241,.T.);
#6243=ADVANCED_FACE('',(#6242),#6209,.T.);
#6244=CARTESIAN_POINT('',(0.,13.51,0.));
#6245=DIRECTION('',(0.,-1.,0.));
#6246=DIRECTION('',(1.,0.,0.));
#6247=AXIS2_PLACEMENT_3D('',#6244,#6245,#6246);
#6248=PLANE('',#6247);
#6249=CARTESIAN_POINT('',(39.470620739,13.51,-32.007931489));
#6250=VERTEX_POINT('',#6249);
#6251=CARTESIAN_POINT('',(38.796278298,13.51,-32.397263279));
#6252=VERTEX_POINT('',#6251);
#6253=CARTESIAN_POINT('',(39.470620739,13.51,-32.007931489));
#6254=DIRECTION('',(-0.866025404,0.,-0.5));
#6255=VECTOR('',#6254,0.778663579);
#6256=LINE('',#6253,#6255);
#6257=EDGE_CURVE('',#6250,#6252,#6256,.T.);
#6258=ORIENTED_EDGE('',*,*,#6257,.F.);
#6259=CARTESIAN_POINT('',(39.578759703,13.51,-31.794666091));
#6260=VERTEX_POINT('',#6259);
#6261=CARTESIAN_POINT('',(40.049094609,13.51,-32.167204781));
#6262=DIRECTION('',(0.,1.,0.));
#6263=DIRECTION('',(0.,0.,-1.));
#6264=AXIS2_PLACEMENT_3D('',#6261,#6262,#6263);
#6265=CIRCLE('',#6264,0.6);
#6266=EDGE_CURVE('',#6250,#6260,#6265,.T.);
#6267=ORIENTED_EDGE('',*,*,#6266,.T.);
#6268=CARTESIAN_POINT('',(39.607506566,13.51,-31.402351854));
#6269=VERTEX_POINT('',#6268);
#6270=CARTESIAN_POINT('',(39.304397674,13.51,-31.577351854));
#6271=DIRECTION('',(0.,-1.,0.));
#6272=DIRECTION('',(0.,0.,-1.));
#6273=AXIS2_PLACEMENT_3D('',#6270,#6271,#6272);
#6274=CIRCLE('',#6273,0.35);
#6275=EDGE_CURVE('',#6260,#6269,#6274,.T.);
#6276=ORIENTED_EDGE('',*,*,#6275,.T.);
#6277=CARTESIAN_POINT('',(39.599482652,13.51,-31.388454029));
#6278=VERTEX_POINT('',#6277);
#6279=CARTESIAN_POINT('',(39.607506566,13.51,-31.402351854));
#6280=DIRECTION('',(-0.5,0.,0.866025404));
#6281=VECTOR('',#6280,0.016047827);
#6282=LINE('',#6279,#6281);
#6283=EDGE_CURVE('',#6269,#6278,#6282,.T.);
#6284=ORIENTED_EDGE('',*,*,#6283,.T.);
#6285=CARTESIAN_POINT('',(39.245355126,13.51,-31.217192424));
#6286=VERTEX_POINT('',#6285);
#6287=CARTESIAN_POINT('',(39.296373761,13.51,-31.563454029));
#6288=DIRECTION('',(0.,-1.,0.));
#6289=DIRECTION('',(0.,0.,-1.));
#6290=AXIS2_PLACEMENT_3D('',#6287,#6288,#6289);
#6291=CIRCLE('',#6290,0.35);
#6292=EDGE_CURVE('',#6278,#6286,#6291,.T.);
#6293=ORIENTED_EDGE('',*,*,#6292,.T.);
#6294=CARTESIAN_POINT('',(39.157894609,13.51,-31.223601102));
#6295=VERTEX_POINT('',#6294);
#6296=CARTESIAN_POINT('',(39.157894609,13.51,-30.623601102));
#6297=DIRECTION('',(0.,1.,0.));
#6298=DIRECTION('',(0.,0.,-1.));
#6299=AXIS2_PLACEMENT_3D('',#6296,#6297,#6298);
#6300=CIRCLE('',#6299,0.6);
#6301=EDGE_CURVE('',#6286,#6295,#6300,.T.);
#6302=ORIENTED_EDGE('',*,*,#6301,.T.);
#6303=CARTESIAN_POINT('',(38.581246077,13.51,-30.789361382));
#6304=VERTEX_POINT('',#6303);
#6305=CARTESIAN_POINT('',(39.157894609,13.51,-30.623601102));
#6306=DIRECTION('',(0.,1.,0.));
#6307=DIRECTION('',(0.,0.,-1.));
#6308=AXIS2_PLACEMENT_3D('',#6305,#6306,#6307);
#6309=CIRCLE('',#6308,0.6);
#6310=EDGE_CURVE('',#6295,#6304,#6309,.T.);
#6311=ORIENTED_EDGE('',*,*,#6310,.T.);
#6312=CARTESIAN_POINT('',(38.046278298,13.51,-31.098225173));
#6313=VERTEX_POINT('',#6312);
#6314=CARTESIAN_POINT('',(38.046278298,13.51,-31.098225173));
#6315=DIRECTION('',(0.866025404,0.,0.5));
#6316=VECTOR('',#6315,0.617727582);
#6317=LINE('',#6314,#6316);
#6318=EDGE_CURVE('',#6313,#6304,#6317,.T.);
#6319=ORIENTED_EDGE('',*,*,#6318,.F.);
#6320=CARTESIAN_POINT('',(38.046278298,13.51,-31.098225173));
#6321=DIRECTION('',(0.5,0.,-0.866025404));
#6322=VECTOR('',#6321,1.5);
#6323=LINE('',#6320,#6322);
#6324=EDGE_CURVE('',#6313,#6252,#6323,.T.);
#6325=ORIENTED_EDGE('',*,*,#6324,.T.);
#6326=EDGE_LOOP('',(#6258,#6267,#6276,#6284,#6293,#6302,#6311,#6319,#6325));
#6327=FACE_BOUND('',#6326,.T.);
#6328=ADVANCED_FACE('',(#6327),#6248,.T.);
#6329=CARTESIAN_POINT('',(-44.671946125,13.51,-30.647939041));
#6330=DIRECTION('',(0.,1.,0.));
#6331=DIRECTION('',(0.,-0.,1.));
#6332=AXIS2_PLACEMENT_3D('',#6329,#6330,#6331);
#6333=CYLINDRICAL_SURFACE('',#6332,0.6);
#6334=ORIENTED_EDGE('',*,*,#4255,.F.);
#6335=CARTESIAN_POINT('',(-44.093042865,14.9,-30.805644514));
#6336=VERTEX_POINT('',#6335);
#6337=CARTESIAN_POINT('',(-44.093042865,13.51,-30.805644514));
#6338=DIRECTION('',(0.,1.,0.));
#6339=VECTOR('',#6338,1.39);
#6340=LINE('',#6337,#6339);
#6341=EDGE_CURVE('',#4241,#6336,#6340,.T.);
#6342=ORIENTED_EDGE('',*,*,#6341,.T.);
#6343=CARTESIAN_POINT('',(-44.093042865,14.9,-30.805644514));
#6344=CARTESIAN_POINT('',(-44.093042865,15.048972937,-30.805644514));
#6345=CARTESIAN_POINT('',(-44.090256343,15.196273418,-30.796312499));
#6346=CARTESIAN_POINT('',(-44.086065134,15.341872792,-30.77733558));
#6347=CARTESIAN_POINT('',(-44.081873924,15.487472165,-30.758358662));
#6348=CARTESIAN_POINT('',(-44.076163759,15.631376851,-30.729786033));
#6349=CARTESIAN_POINT('',(-44.073366093,15.77324826,-30.68919369));
#6350=CARTESIAN_POINT('',(-44.070568428,15.91511967,-30.648601348));
#6351=CARTESIAN_POINT('',(-44.070196029,16.0565151,-30.595336228));
#6352=CARTESIAN_POINT('',(-44.084270312,16.188325262,-30.526954991));
#6353=CARTESIAN_POINT('',(-44.091307454,16.254230343,-30.492764373));
#6354=CARTESIAN_POINT('',(-44.102205122,16.318436114,-30.454351258));
#6355=CARTESIAN_POINT('',(-44.120123429,16.377276882,-30.412372249));
#6356=CARTESIAN_POINT('',(-44.138041737,16.43611765,-30.37039324));
#6357=CARTESIAN_POINT('',(-44.163175192,16.490966069,-30.32392633));
#6358=CARTESIAN_POINT('',(-44.201611218,16.534161672,-30.27540035));
#6359=B_SPLINE_CURVE_WITH_KNOTS('',3,(#6343,#6344,#6345,#6346,#6347,#6348,#6349,#6350,#6351,#6352,#6353,#6354,#6355,#6356,#6357,#6358),.UNSPECIFIED.,.F.,.F.,(4,3,3,3,3,4),(0.,0.000440254,0.000880508,0.001320762,0.00154089,0.001761017),.UNSPECIFIED.);
#6360=EDGE_CURVE('',#6336,#4184,#6359,.T.);
#6361=ORIENTED_EDGE('',*,*,#6360,.T.);
#6362=ORIENTED_EDGE('',*,*,#4191,.T.);
#6363=CARTESIAN_POINT('',(-44.759406642,18.9,-31.241530363));
#6364=VERTEX_POINT('',#6363);
#6365=CARTESIAN_POINT('',(-44.671946125,18.9,-30.647939041));
#6366=DIRECTION('',(0.,1.,0.));
#6367=DIRECTION('',(0.,-0.,1.));
#6368=AXIS2_PLACEMENT_3D('',#6365,#6366,#6367);
#6369=CIRCLE('',#6368,0.6);
#6370=EDGE_CURVE('',#4186,#6364,#6369,.T.);
#6371=ORIENTED_EDGE('',*,*,#6370,.T.);
#6372=CARTESIAN_POINT('',(-44.759406642,13.51,-31.241530363));
#6373=DIRECTION('',(0.,1.,0.));
#6374=VECTOR('',#6373,5.39);
#6375=LINE('',#6372,#6374);
#6376=EDGE_CURVE('',#4249,#6364,#6375,.T.);
#6377=ORIENTED_EDGE('',*,*,#6376,.F.);
#6378=EDGE_LOOP('',(#6334,#6342,#6361,#6362,#6371,#6377));
#6379=FACE_BOUND('',#6378,.T.);
#6380=ADVANCED_FACE('',(#6379),#6333,.F.);
#6381=CARTESIAN_POINT('',(-44.810425277,13.51,-31.587791968));
#6382=DIRECTION('',(0.,1.,0.));
#6383=DIRECTION('',(0.,-0.,1.));
#6384=AXIS2_PLACEMENT_3D('',#6381,#6382,#6383);
#6385=CYLINDRICAL_SURFACE('',#6384,0.35);
#6386=CARTESIAN_POINT('',(-44.810425277,18.9,-31.237791968));
#6387=VERTEX_POINT('',#6386);
#6388=CARTESIAN_POINT('',(-44.810425277,18.9,-31.237791968));
#6389=DIRECTION('',(-0.,-1.,-0.));
#6390=VECTOR('',#6389,5.39);
#6391=LINE('',#6388,#6390);
#6392=EDGE_CURVE('',#6387,#4258,#6391,.T.);
#6393=ORIENTED_EDGE('',*,*,#6392,.T.);
#6394=ORIENTED_EDGE('',*,*,#4264,.F.);
#6395=ORIENTED_EDGE('',*,*,#6376,.T.);
#6396=CARTESIAN_POINT('',(-44.810425277,18.9,-31.587791968));
#6397=DIRECTION('',(0.,1.,0.));
#6398=DIRECTION('',(0.,-0.,1.));
#6399=AXIS2_PLACEMENT_3D('',#6396,#6397,#6398);
#6400=CIRCLE('',#6399,0.35);
#6401=EDGE_CURVE('',#6387,#6364,#6400,.T.);
#6402=ORIENTED_EDGE('',*,*,#6401,.F.);
#6403=EDGE_LOOP('',(#6393,#6394,#6395,#6402));
#6404=FACE_BOUND('',#6403,.T.);
#6405=ADVANCED_FACE('',(#6404),#6385,.T.);
#6406=CARTESIAN_POINT('',(-45.117546125,13.51,-31.419740881));
#6407=DIRECTION('',(0.866025404,0.,-0.5));
#6408=DIRECTION('',(-0.5,0.,-0.866025404));
#6409=AXIS2_PLACEMENT_3D('',#6406,#6407,#6408);
#6410=PLANE('',#6409);
#6411=CARTESIAN_POINT('',(-45.113534168,18.9,-31.412791968));
#6412=VERTEX_POINT('',#6411);
#6413=CARTESIAN_POINT('',(-45.113534168,13.51,-31.412791968));
#6414=DIRECTION('',(0.,1.,0.));
#6415=VECTOR('',#6414,5.39);
#6416=LINE('',#6413,#6415);
#6417=EDGE_CURVE('',#4267,#6412,#6416,.T.);
#6418=ORIENTED_EDGE('',*,*,#6417,.T.);
#6419=CARTESIAN_POINT('',(-45.121558081,18.9,-31.426689794));
#6420=VERTEX_POINT('',#6419);
#6421=CARTESIAN_POINT('',(-45.113534168,18.9,-31.412791968));
#6422=DIRECTION('',(-0.5,0.,-0.866025404));
#6423=VECTOR('',#6422,0.016047827);
#6424=LINE('',#6421,#6423);
#6425=EDGE_CURVE('',#6412,#6420,#6424,.T.);
#6426=ORIENTED_EDGE('',*,*,#6425,.T.);
#6427=CARTESIAN_POINT('',(-45.121558081,13.51,-31.426689794));
#6428=DIRECTION('',(0.,1.,0.));
#6429=VECTOR('',#6428,5.39);
#6430=LINE('',#6427,#6429);
#6431=EDGE_CURVE('',#4276,#6420,#6430,.T.);
#6432=ORIENTED_EDGE('',*,*,#6431,.F.);
#6433=ORIENTED_EDGE('',*,*,#4281,.F.);
#6434=EDGE_LOOP('',(#6418,#6426,#6432,#6433));
#6435=FACE_BOUND('',#6434,.T.);
#6436=ADVANCED_FACE('',(#6435),#6410,.F.);
#6437=CARTESIAN_POINT('',(-44.81844919,13.51,-31.601689794));
#6438=DIRECTION('',(0.,1.,0.));
#6439=DIRECTION('',(0.,-0.,1.));
#6440=AXIS2_PLACEMENT_3D('',#6437,#6438,#6439);
#6441=CYLINDRICAL_SURFACE('',#6440,0.35);
#6442=ORIENTED_EDGE('',*,*,#6431,.T.);
#6443=CARTESIAN_POINT('',(-45.092811218,18.9,-31.81900403));
#6444=VERTEX_POINT('',#6443);
#6445=CARTESIAN_POINT('',(-44.81844919,18.9,-31.601689794));
#6446=DIRECTION('',(0.,1.,0.));
#6447=DIRECTION('',(0.,-0.,1.));
#6448=AXIS2_PLACEMENT_3D('',#6445,#6446,#6447);
#6449=CIRCLE('',#6448,0.35);
#6450=EDGE_CURVE('',#6444,#6420,#6449,.T.);
#6451=ORIENTED_EDGE('',*,*,#6450,.F.);
#6452=CARTESIAN_POINT('',(-45.092811218,13.51,-31.81900403));
#6453=DIRECTION('',(0.,1.,0.));
#6454=VECTOR('',#6453,5.39);
#6455=LINE('',#6452,#6454);
#6456=EDGE_CURVE('',#4284,#6444,#6455,.T.);
#6457=ORIENTED_EDGE('',*,*,#6456,.F.);
#6458=ORIENTED_EDGE('',*,*,#4290,.F.);
#6459=EDGE_LOOP('',(#6442,#6451,#6457,#6458));
#6460=FACE_BOUND('',#6459,.T.);
#6461=ADVANCED_FACE('',(#6460),#6441,.T.);
#6462=CARTESIAN_POINT('',(-45.563146125,13.51,-32.191542721));
#6463=DIRECTION('',(0.,1.,0.));
#6464=DIRECTION('',(0.,-0.,1.));
#6465=AXIS2_PLACEMENT_3D('',#6462,#6463,#6464);
#6466=CYLINDRICAL_SURFACE('',#6465,0.6);
#6467=CARTESIAN_POINT('',(-45.650606642,17.342396878,-32.785134043));
#6468=VERTEX_POINT('',#6467);
#6469=CARTESIAN_POINT('',(-44.987874944,14.9,-32.02106378));
#6470=VERTEX_POINT('',#6469);
#6471=CARTESIAN_POINT('',(-45.650606642,17.342396878,-32.785134043));
#6472=CARTESIAN_POINT('',(-45.538955848,17.299719679,-32.801584816));
#6473=CARTESIAN_POINT('',(-45.438510929,17.230743276,-32.78493811));
#6474=CARTESIAN_POINT('',(-45.356400637,17.150770085,-32.754797817));
#6475=CARTESIAN_POINT('',(-45.315345491,17.11078349,-32.73972767));
#6476=CARTESIAN_POINT('',(-45.278063928,17.067303811,-32.720915684));
#6477=CARTESIAN_POINT('',(-45.245144382,17.022353476,-32.700340217));
#6478=CARTESIAN_POINT('',(-45.212224837,16.977403142,-32.67976475));
#6479=CARTESIAN_POINT('',(-45.183458529,16.93089187,-32.657410387));
#6480=CARTESIAN_POINT('',(-45.157965912,16.882952418,-32.634068421));
#6481=CARTESIAN_POINT('',(-45.106980677,16.787073515,-32.587384488));
#6482=CARTESIAN_POINT('',(-45.069027579,16.684921006,-32.536588888));
#6483=CARTESIAN_POINT('',(-45.041102222,16.581502418,-32.487296273));
#6484=CARTESIAN_POINT('',(-45.013176865,16.47808383,-32.438003658));
#6485=CARTESIAN_POINT('',(-44.994788745,16.372384249,-32.389579522));
#6486=CARTESIAN_POINT('',(-44.98275749,16.264283081,-32.343690784));
#6487=CARTESIAN_POINT('',(-44.970726234,16.156181913,-32.297802045));
#6488=CARTESIAN_POINT('',(-44.965174079,16.045317936,-32.25431174));
#6489=CARTESIAN_POINT('',(-44.9636237,15.934059209,-32.215477275));
#6490=CARTESIAN_POINT('',(-44.962073322,15.822800483,-32.176642809));
#6491=CARTESIAN_POINT('',(-44.964473518,15.710656521,-32.142205261));
#6492=CARTESIAN_POINT('',(-44.968254449,15.597320573,-32.1134153));
#6493=CARTESIAN_POINT('',(-44.97581631,15.370648675,-32.055835377));
#6494=CARTESIAN_POINT('',(-44.987874944,15.13914676,-32.02106378));
#6495=CARTESIAN_POINT('',(-44.987874944,14.9,-32.02106378));
#6496=B_SPLINE_CURVE_WITH_KNOTS('',3,(#6471,#6472,#6473,#6474,#6475,#6476,#6477,#6478,#6479,#6480,#6481,#6482,#6483,#6484,#6485,#6486,#6487,#6488,#6489,#6490,#6491,#6492,#6493,#6494,#6495),.UNSPECIFIED.,.F.,.F.,(4,3,3,3,3,3,3,3,4),(0.,0.000355382,0.000533072,0.000710763,0.001066145,0.001421527,0.001776908,0.00213229,0.002843053),.UNSPECIFIED.);
#6497=EDGE_CURVE('',#6468,#6470,#6496,.T.);
#6498=ORIENTED_EDGE('',*,*,#6497,.T.);
#6499=CARTESIAN_POINT('',(-44.987874944,14.9,-32.02106378));
#6500=DIRECTION('',(-0.,-1.,-0.));
#6501=VECTOR('',#6500,1.39);
#6502=LINE('',#6499,#6501);
#6503=EDGE_CURVE('',#6470,#4225,#6502,.T.);
#6504=ORIENTED_EDGE('',*,*,#6503,.T.);
#6505=ORIENTED_EDGE('',*,*,#4297,.F.);
#6506=ORIENTED_EDGE('',*,*,#6456,.T.);
#6507=CARTESIAN_POINT('',(-45.650606642,18.9,-32.785134043));
#6508=VERTEX_POINT('',#6507);
#6509=CARTESIAN_POINT('',(-45.563146125,18.9,-32.191542721));
#6510=DIRECTION('',(0.,1.,0.));
#6511=DIRECTION('',(0.,-0.,1.));
#6512=AXIS2_PLACEMENT_3D('',#6509,#6510,#6511);
#6513=CIRCLE('',#6512,0.6);
#6514=EDGE_CURVE('',#6444,#6508,#6513,.T.);
#6515=ORIENTED_EDGE('',*,*,#6514,.T.);
#6516=CARTESIAN_POINT('',(-45.650606642,17.342396878,-32.785134043));
#6517=DIRECTION('',(0.,1.,0.));
#6518=VECTOR('',#6517,1.557603122);
#6519=LINE('',#6516,#6518);
#6520=EDGE_CURVE('',#6468,#6508,#6519,.T.);
#6521=ORIENTED_EDGE('',*,*,#6520,.F.);
#6522=EDGE_LOOP('',(#6498,#6504,#6505,#6506,#6515,#6521));
#6523=FACE_BOUND('',#6522,.T.);
#6524=ADVANCED_FACE('',(#6523),#6466,.F.);
#6525=CARTESIAN_POINT('',(-45.701625277,13.51,-33.131395648));
#6526=DIRECTION('',(0.,1.,0.));
#6527=DIRECTION('',(0.,-0.,1.));
#6528=AXIS2_PLACEMENT_3D('',#6525,#6526,#6527);
#6529=CYLINDRICAL_SURFACE('',#6528,0.35);
#6530=CARTESIAN_POINT('',(-45.701625277,18.9,-32.781395648));
#6531=VERTEX_POINT('',#6530);
#6532=CARTESIAN_POINT('',(-45.701624868,17.364912434,-32.781271848));
#6533=VERTEX_POINT('',#6532);
#6534=CARTESIAN_POINT('',(-45.701625277,18.9,-32.781395648));
#6535=DIRECTION('',(-0.,-1.,-0.));
#6536=VECTOR('',#6535,1.535087566);
#6537=LINE('',#6534,#6536);
#6538=EDGE_CURVE('',#6531,#6533,#6537,.T.);
#6539=ORIENTED_EDGE('',*,*,#6538,.T.);
#6540=CARTESIAN_POINT('',(-46.004734168,17.636940437,-32.956395648));
#6541=CARTESIAN_POINT('',(-45.987865776,17.610049661,-32.927178736));
#6542=CARTESIAN_POINT('',(-45.967402654,17.583002794,-32.901286914));
#6543=CARTESIAN_POINT('',(-45.94357207,17.555828814,-32.878489046));
#6544=CARTESIAN_POINT('',(-45.919741487,17.528654835,-32.855691178));
#6545=CARTESIAN_POINT('',(-45.892342889,17.501249309,-32.836008732));
#6546=CARTESIAN_POINT('',(-45.862535872,17.475231917,-32.820577726));
#6547=CARTESIAN_POINT('',(-45.802921837,17.423197132,-32.789715715));
#6548=CARTESIAN_POINT('',(-45.731064708,17.373151025,-32.773279247));
#6549=CARTESIAN_POINT('',(-45.650606642,17.342396878,-32.785134043));
#6550=B_SPLINE_CURVE_WITH_KNOTS('',3,(#6540,#6541,#6542,#6543,#6544,#6545,#6546,#6547,#6548,#6549),.UNSPECIFIED.,.F.,.F.,(4,3,3,4),(0.,0.000127906,0.000255813,0.000511625),.UNSPECIFIED.);
#6551=EDGE_CURVE('',#6533,#6468,#6550,.T.);
#6552=ORIENTED_EDGE('',*,*,#6551,.T.);
#6553=ORIENTED_EDGE('',*,*,#6520,.T.);
#6554=CARTESIAN_POINT('',(-45.701625277,18.9,-33.131395648));
#6555=DIRECTION('',(0.,1.,0.));
#6556=DIRECTION('',(0.,-0.,1.));
#6557=AXIS2_PLACEMENT_3D('',#6554,#6555,#6556);
#6558=CIRCLE('',#6557,0.35);
#6559=EDGE_CURVE('',#6531,#6508,#6558,.T.);
#6560=ORIENTED_EDGE('',*,*,#6559,.F.);
#6561=EDGE_LOOP('',(#6539,#6552,#6553,#6560));
#6562=FACE_BOUND('',#6561,.T.);
#6563=ADVANCED_FACE('',(#6562),#6529,.T.);
#6564=CARTESIAN_POINT('',(-46.008746125,13.51,-32.96334456));
#6565=DIRECTION('',(0.866025404,0.,-0.5));
#6566=DIRECTION('',(-0.5,0.,-0.866025404));
#6567=AXIS2_PLACEMENT_3D('',#6564,#6565,#6566);
#6568=PLANE('',#6567);
#6569=CARTESIAN_POINT('',(-46.012758081,17.649655192,-32.970293473));
#6570=VERTEX_POINT('',#6569);
#6571=CARTESIAN_POINT('',(-46.012758081,18.9,-32.970293473));
#6572=VERTEX_POINT('',#6571);
#6573=CARTESIAN_POINT('',(-46.012758081,17.649655192,-32.970293473));
#6574=DIRECTION('',(0.,1.,0.));
#6575=VECTOR('',#6574,1.250344808);
#6576=LINE('',#6573,#6575);
#6577=EDGE_CURVE('',#6570,#6572,#6576,.T.);
#6578=ORIENTED_EDGE('',*,*,#6577,.F.);
#6579=CARTESIAN_POINT('',(-46.004734168,17.636940437,-32.956395648));
#6580=VERTEX_POINT('',#6579);
#6581=CARTESIAN_POINT('',(-47.095508783,14.9,-34.8456727));
#6582=DIRECTION('',(0.866025404,0.,-0.5));
#6583=DIRECTION('',(-0.5,0.,-0.866025404));
#6584=AXIS2_PLACEMENT_3D('',#6581,#6582,#6583);
#6585=CIRCLE('',#6584,3.5);
#6586=EDGE_CURVE('',#6570,#6580,#6585,.T.);
#6587=ORIENTED_EDGE('',*,*,#6586,.T.);
#6588=CARTESIAN_POINT('',(-46.004734168,18.9,-32.956395648));
#6589=VERTEX_POINT('',#6588);
#6590=CARTESIAN_POINT('',(-46.004734168,17.636940437,-32.956395648));
#6591=DIRECTION('',(0.,1.,0.));
#6592=VECTOR('',#6591,1.263059563);
#6593=LINE('',#6590,#6592);
#6594=EDGE_CURVE('',#6580,#6589,#6593,.T.);
#6595=ORIENTED_EDGE('',*,*,#6594,.T.);
#6596=CARTESIAN_POINT('',(-46.004734168,18.9,-32.956395648));
#6597=DIRECTION('',(-0.5,0.,-0.866025404));
#6598=VECTOR('',#6597,0.016047827);
#6599=LINE('',#6596,#6598);
#6600=EDGE_CURVE('',#6589,#6572,#6599,.T.);
#6601=ORIENTED_EDGE('',*,*,#6600,.T.);
#6602=EDGE_LOOP('',(#6578,#6587,#6595,#6601));
#6603=FACE_BOUND('',#6602,.T.);
#6604=ADVANCED_FACE('',(#6603),#6568,.F.);
#6605=CARTESIAN_POINT('',(-45.70964919,13.51,-33.145293473));
#6606=DIRECTION('',(0.,1.,0.));
#6607=DIRECTION('',(0.,-0.,1.));
#6608=AXIS2_PLACEMENT_3D('',#6605,#6606,#6607);
#6609=CYLINDRICAL_SURFACE('',#6608,0.35);
#6610=ORIENTED_EDGE('',*,*,#3609,.F.);
#6611=CARTESIAN_POINT('',(-45.984011218,17.877239605,-33.36260771));
#6612=CARTESIAN_POINT('',(-46.032879661,17.859317652,-33.30091067));
#6613=CARTESIAN_POINT('',(-46.056714866,17.827166253,-33.228277561));
#6614=CARTESIAN_POINT('',(-46.059390329,17.786807377,-33.158752146));
#6615=CARTESIAN_POINT('',(-46.062065792,17.746448502,-33.08922673));
#6616=CARTESIAN_POINT('',(-46.044335067,17.699392341,-33.024986416));
#6617=CARTESIAN_POINT('',(-46.012758081,17.649655192,-32.970293473));
#6618=B_SPLINE_CURVE_WITH_KNOTS('',3,(#6611,#6612,#6613,#6614,#6615,#6616,#6617),.UNSPECIFIED.,.F.,.F.,(4,3,4),(0.,0.000238276,0.000476552),.UNSPECIFIED.);
#6619=EDGE_CURVE('',#3595,#6570,#6618,.T.);
#6620=ORIENTED_EDGE('',*,*,#6619,.T.);
#6621=ORIENTED_EDGE('',*,*,#6577,.T.);
#6622=CARTESIAN_POINT('',(-45.70964919,18.9,-33.145293473));
#6623=DIRECTION('',(0.,1.,0.));
#6624=DIRECTION('',(0.,-0.,1.));
#6625=AXIS2_PLACEMENT_3D('',#6622,#6623,#6624);
#6626=CIRCLE('',#6625,0.35);
#6627=EDGE_CURVE('',#3604,#6572,#6626,.T.);
#6628=ORIENTED_EDGE('',*,*,#6627,.F.);
#6629=EDGE_LOOP('',(#6610,#6620,#6621,#6628));
#6630=FACE_BOUND('',#6629,.T.);
#6631=ADVANCED_FACE('',(#6630),#6609,.T.);
#6632=CARTESIAN_POINT('',(-43.931278298,13.51,-31.765064734));
#6633=DIRECTION('',(-0.866025404,0.,0.5));
#6634=DIRECTION('',(0.5,0.,0.866025404));
#6635=AXIS2_PLACEMENT_3D('',#6632,#6633,#6634);
#6636=PLANE('',#6635);
#6637=CARTESIAN_POINT('',(-33.992855864,17.9,-14.551212131));
#6638=VERTEX_POINT('',#6637);
#6639=CARTESIAN_POINT('',(-34.841468045,14.9,-16.021051544));
#6640=VERTEX_POINT('',#6639);
#6641=CARTESIAN_POINT('',(-33.091468045,14.9,-12.989962631));
#6642=DIRECTION('',(-0.866025404,0.,0.5));
#6643=DIRECTION('',(0.5,0.,0.866025404));
#6644=AXIS2_PLACEMENT_3D('',#6641,#6642,#6643);
#6645=CIRCLE('',#6644,3.5);
#6646=EDGE_CURVE('',#6638,#6640,#6645,.T.);
#6647=ORIENTED_EDGE('',*,*,#6646,.T.);
#6648=CARTESIAN_POINT('',(-34.841468045,13.51,-16.021051544));
#6649=VERTEX_POINT('',#6648);
#6650=CARTESIAN_POINT('',(-34.841468045,14.9,-16.021051544));
#6651=DIRECTION('',(0.,-1.,0.));
#6652=VECTOR('',#6651,1.39);
#6653=LINE('',#6650,#6652);
#6654=EDGE_CURVE('',#6640,#6649,#6653,.T.);
#6655=ORIENTED_EDGE('',*,*,#6654,.T.);
#6656=CARTESIAN_POINT('',(-35.591428298,13.51,-17.320020807));
#6657=VERTEX_POINT('',#6656);
#6658=CARTESIAN_POINT('',(-35.591428298,13.51,-17.320020807));
#6659=DIRECTION('',(0.5,0.,0.866025404));
#6660=VECTOR('',#6659,1.499920506);
#6661=LINE('',#6658,#6660);
#6662=EDGE_CURVE('',#6657,#6649,#6661,.T.);
#6663=ORIENTED_EDGE('',*,*,#6662,.F.);
#6664=CARTESIAN_POINT('',(-35.591428298,14.9,-17.320020807));
#6665=VERTEX_POINT('',#6664);
#6666=CARTESIAN_POINT('',(-35.591428298,13.51,-17.320020807));
#6667=DIRECTION('',(0.,1.,0.));
#6668=VECTOR('',#6667,1.39);
#6669=LINE('',#6666,#6668);
#6670=EDGE_CURVE('',#6657,#6665,#6669,.T.);
#6671=ORIENTED_EDGE('',*,*,#6670,.T.);
#6672=CARTESIAN_POINT('',(-36.440040479,17.9,-18.78986022));
#6673=VERTEX_POINT('',#6672);
#6674=CARTESIAN_POINT('',(-37.341428298,14.9,-20.35110972));
#6675=DIRECTION('',(-0.866025404,0.,0.5));
#6676=DIRECTION('',(0.5,0.,0.866025404));
#6677=AXIS2_PLACEMENT_3D('',#6674,#6675,#6676);
#6678=CIRCLE('',#6677,3.5);
#6679=EDGE_CURVE('',#6665,#6673,#6678,.T.);
#6680=ORIENTED_EDGE('',*,*,#6679,.T.);
#6681=CARTESIAN_POINT('',(-42.707666117,17.9,-29.645706268));
#6682=VERTEX_POINT('',#6681);
#6683=CARTESIAN_POINT('',(-42.707666117,17.9,-29.645706268));
#6684=DIRECTION('',(0.5,0.,0.866025404));
#6685=VECTOR('',#6684,12.535251275);
#6686=LINE('',#6683,#6685);
#6687=EDGE_CURVE('',#6682,#6673,#6686,.T.);
#6688=ORIENTED_EDGE('',*,*,#6687,.F.);
#6689=CARTESIAN_POINT('',(-43.556278298,14.9,-31.115545681));
#6690=VERTEX_POINT('',#6689);
#6691=CARTESIAN_POINT('',(-41.806278298,14.9,-28.084456768));
#6692=DIRECTION('',(-0.866025404,0.,0.5));
#6693=DIRECTION('',(0.5,0.,0.866025404));
#6694=AXIS2_PLACEMENT_3D('',#6691,#6692,#6693);
#6695=CIRCLE('',#6694,3.5);
#6696=EDGE_CURVE('',#6682,#6690,#6695,.T.);
#6697=ORIENTED_EDGE('',*,*,#6696,.T.);
#6698=CARTESIAN_POINT('',(-43.556278298,14.9,-31.115545681));
#6699=DIRECTION('',(-0.,-1.,-0.));
#6700=VECTOR('',#6699,1.39);
#6701=LINE('',#6698,#6700);
#6702=EDGE_CURVE('',#6690,#4233,#6701,.T.);
#6703=ORIENTED_EDGE('',*,*,#6702,.T.);
#6704=ORIENTED_EDGE('',*,*,#4238,.F.);
#6705=CARTESIAN_POINT('',(-44.306278298,14.9,-32.414583787));
#6706=VERTEX_POINT('',#6705);
#6707=CARTESIAN_POINT('',(-44.306278298,13.51,-32.414583787));
#6708=DIRECTION('',(0.,1.,0.));
#6709=VECTOR('',#6708,1.39);
#6710=LINE('',#6707,#6709);
#6711=EDGE_CURVE('',#4223,#6706,#6710,.T.);
#6712=ORIENTED_EDGE('',*,*,#6711,.T.);
#6713=CARTESIAN_POINT('',(-45.154890479,17.9,-33.884423201));
#6714=VERTEX_POINT('',#6713);
#6715=CARTESIAN_POINT('',(-46.056278298,14.9,-35.4456727));
#6716=DIRECTION('',(-0.866025404,0.,0.5));
#6717=DIRECTION('',(0.5,0.,0.866025404));
#6718=AXIS2_PLACEMENT_3D('',#6715,#6716,#6717);
#6719=CIRCLE('',#6718,3.5);
#6720=EDGE_CURVE('',#6706,#6714,#6719,.T.);
#6721=ORIENTED_EDGE('',*,*,#6720,.T.);
#6722=CARTESIAN_POINT('',(-49.871128298,17.9,-42.053186724));
#6723=VERTEX_POINT('',#6722);
#6724=CARTESIAN_POINT('',(-49.871128298,17.9,-42.053186724));
#6725=DIRECTION('',(0.5,0.,0.866025404));
#6726=VECTOR('',#6725,9.432475638);
#6727=LINE('',#6724,#6726);
#6728=EDGE_CURVE('',#6723,#6714,#6727,.T.);
#6729=ORIENTED_EDGE('',*,*,#6728,.F.);
#6730=CARTESIAN_POINT('',(-49.871128298,18.9,-42.053186724));
#6731=VERTEX_POINT('',#6730);
#6732=CARTESIAN_POINT('',(-49.871128298,18.9,-42.053186724));
#6733=DIRECTION('',(0.,-1.,0.));
#6734=VECTOR('',#6733,1.);
#6735=LINE('',#6732,#6734);
#6736=EDGE_CURVE('',#6731,#6723,#6735,.T.);
#6737=ORIENTED_EDGE('',*,*,#6736,.F.);
#6738=CARTESIAN_POINT('',(-27.725574523,18.9,-3.695962423));
#6739=VERTEX_POINT('',#6738);
#6740=CARTESIAN_POINT('',(-49.871128298,18.9,-42.053186724));
#6741=DIRECTION('',(0.5,0.,0.866025404));
#6742=VECTOR('',#6741,44.29110755);
#6743=LINE('',#6740,#6742);
#6744=EDGE_CURVE('',#6731,#6739,#6743,.T.);
#6745=ORIENTED_EDGE('',*,*,#6744,.T.);
#6746=CARTESIAN_POINT('',(-27.725574523,17.9,-3.695962423));
#6747=VERTEX_POINT('',#6746);
#6748=CARTESIAN_POINT('',(-27.725574523,18.9,-3.695962423));
#6749=DIRECTION('',(0.,-1.,0.));
#6750=VECTOR('',#6749,1.);
#6751=LINE('',#6748,#6750);
#6752=EDGE_CURVE('',#6739,#6747,#6751,.T.);
#6753=ORIENTED_EDGE('',*,*,#6752,.T.);
#6754=CARTESIAN_POINT('',(-33.992855864,17.9,-14.551212131));
#6755=DIRECTION('',(0.5,0.,0.866025404));
#6756=VECTOR('',#6755,12.534562682);
#6757=LINE('',#6754,#6756);
#6758=EDGE_CURVE('',#6638,#6747,#6757,.T.);
#6759=ORIENTED_EDGE('',*,*,#6758,.F.);
#6760=EDGE_LOOP('',(#6647,#6655,#6663,#6671,#6680,#6688,#6697,#6703,#6704,#6712,#6721,#6729,#6737,#6745,#6753,#6759));
#6761=FACE_BOUND('',#6760,.T.);
#6762=ADVANCED_FACE('',(#6761),#6636,.F.);
#6763=CARTESIAN_POINT('',(0.,17.9,0.));
#6764=DIRECTION('',(0.,1.,0.));
#6765=DIRECTION('',(-1.,0.,0.));
#6766=AXIS2_PLACEMENT_3D('',#6763,#6764,#6765);
#6767=PLANE('',#6766);
#6768=ORIENTED_EDGE('',*,*,#4836,.T.);
#6769=ORIENTED_EDGE('',*,*,#4843,.T.);
#6770=EDGE_LOOP('',(#6768,#6769));
#6771=FACE_BOUND('',#6770,.T.);
#6772=ORIENTED_EDGE('',*,*,#4887,.T.);
#6773=ORIENTED_EDGE('',*,*,#4894,.T.);
#6774=EDGE_LOOP('',(#6772,#6773));
#6775=FACE_BOUND('',#6774,.T.);
#6776=ORIENTED_EDGE('',*,*,#4938,.T.);
#6777=ORIENTED_EDGE('',*,*,#4945,.T.);
#6778=EDGE_LOOP('',(#6776,#6777));
#6779=FACE_BOUND('',#6778,.T.);
#6780=ORIENTED_EDGE('',*,*,#4989,.T.);
#6781=ORIENTED_EDGE('',*,*,#4996,.T.);
#6782=EDGE_LOOP('',(#6780,#6781));
#6783=FACE_BOUND('',#6782,.T.);
#6784=ORIENTED_EDGE('',*,*,#4093,.T.);
#6785=CARTESIAN_POINT('',(-43.230598072,17.9,-29.343791363));
#6786=DIRECTION('',(0.866025404,0.,-0.5));
#6787=VECTOR('',#6786,0.60382981);
#6788=LINE('',#6785,#6787);
#6789=EDGE_CURVE('',#4071,#6682,#6788,.T.);
#6790=ORIENTED_EDGE('',*,*,#6789,.T.);
#6791=ORIENTED_EDGE('',*,*,#6687,.T.);
#6792=CARTESIAN_POINT('',(-36.440040479,17.9,-18.78986022));
#6793=DIRECTION('',(-0.866025404,0.,0.5));
#6794=VECTOR('',#6793,0.613397468);
#6795=LINE('',#6792,#6794);
#6796=EDGE_CURVE('',#6673,#4769,#6795,.T.);
#6797=ORIENTED_EDGE('',*,*,#6796,.T.);
#6798=ORIENTED_EDGE('',*,*,#4775,.T.);
#6799=ORIENTED_EDGE('',*,*,#4743,.T.);
#6800=CARTESIAN_POINT('',(-37.542320808,17.9,-18.299065754));
#6801=DIRECTION('',(0.,1.,0.));
#6802=DIRECTION('',(0.,-0.,1.));
#6803=AXIS2_PLACEMENT_3D('',#6800,#6801,#6802);
#6804=CIRCLE('',#6803,0.6);
#6805=EDGE_CURVE('',#4727,#4694,#6804,.T.);
#6806=ORIENTED_EDGE('',*,*,#6805,.T.);
#6807=ORIENTED_EDGE('',*,*,#4700,.F.);
#6808=ORIENTED_EDGE('',*,*,#4683,.T.);
#6809=ORIENTED_EDGE('',*,*,#4652,.F.);
#6810=ORIENTED_EDGE('',*,*,#4604,.T.);
#6811=CARTESIAN_POINT('',(-38.43352334,17.9,-19.842673819));
#6812=DIRECTION('',(0.,1.,0.));
#6813=DIRECTION('',(0.,-0.,1.));
#6814=AXIS2_PLACEMENT_3D('',#6811,#6812,#6813);
#6815=CIRCLE('',#6814,0.6);
#6816=EDGE_CURVE('',#4588,#4555,#6815,.T.);
#6817=ORIENTED_EDGE('',*,*,#6816,.T.);
#6818=ORIENTED_EDGE('',*,*,#4561,.T.);
#6819=ORIENTED_EDGE('',*,*,#4544,.F.);
#6820=CARTESIAN_POINT('',(-44.007556627,17.9,-27.097182776));
#6821=VERTEX_POINT('',#6820);
#6822=CARTESIAN_POINT('',(-39.296903809,17.9,-18.938092758));
#6823=DIRECTION('',(-0.5,0.,-0.866025404));
#6824=VECTOR('',#6823,9.421305636);
#6825=LINE('',#6822,#6824);
#6826=EDGE_CURVE('',#4532,#6821,#6825,.T.);
#6827=ORIENTED_EDGE('',*,*,#6826,.T.);
#6828=CARTESIAN_POINT('',(-43.666776119,17.9,-27.010297851));
#6829=DIRECTION('',(0.,1.,0.));
#6830=DIRECTION('',(0.,-0.,1.));
#6831=AXIS2_PLACEMENT_3D('',#6828,#6829,#6830);
#6832=CIRCLE('',#6831,0.351682165);
#6833=EDGE_CURVE('',#4480,#6821,#6832,.T.);
#6834=ORIENTED_EDGE('',*,*,#6833,.F.);
#6835=ORIENTED_EDGE('',*,*,#4502,.F.);
#6836=ORIENTED_EDGE('',*,*,#4469,.F.);
#6837=ORIENTED_EDGE('',*,*,#4421,.T.);
#6838=CARTESIAN_POINT('',(-42.889535998,17.9,-27.560714142));
#6839=DIRECTION('',(0.,1.,0.));
#6840=DIRECTION('',(0.,-0.,1.));
#6841=AXIS2_PLACEMENT_3D('',#6838,#6839,#6840);
#6842=CIRCLE('',#6841,0.6);
#6843=EDGE_CURVE('',#4405,#4374,#6842,.T.);
#6844=ORIENTED_EDGE('',*,*,#6843,.T.);
#6845=ORIENTED_EDGE('',*,*,#4394,.F.);
#6846=ORIENTED_EDGE('',*,*,#4361,.T.);
#6847=ORIENTED_EDGE('',*,*,#4330,.F.);
#6848=EDGE_LOOP('',(#6784,#6790,#6791,#6797,#6798,#6799,#6806,#6807,#6808,#6809,#6810,#6817,#6818,#6819,#6827,#6834,#6835,#6836,#6837,#6844,#6845,#6846,#6847));
#6849=FACE_BOUND('',#6848,.T.);
#6850=ADVANCED_FACE('',(#6771,#6775,#6779,#6783,#6849),#6767,.F.);
#6851=CARTESIAN_POINT('',(0.,17.9,0.));
#6852=DIRECTION('',(0.,1.,0.));
#6853=DIRECTION('',(-1.,0.,0.));
#6854=AXIS2_PLACEMENT_3D('',#6851,#6852,#6853);
#6855=PLANE('',#6854);
#6856=ORIENTED_EDGE('',*,*,#4009,.T.);
#6857=ORIENTED_EDGE('',*,*,#4016,.T.);
#6858=EDGE_LOOP('',(#6856,#6857));
#6859=FACE_BOUND('',#6858,.T.);
#6860=ORIENTED_EDGE('',*,*,#3958,.T.);
#6861=ORIENTED_EDGE('',*,*,#3965,.T.);
#6862=EDGE_LOOP('',(#6860,#6861));
#6863=FACE_BOUND('',#6862,.T.);
#6864=ORIENTED_EDGE('',*,*,#3907,.T.);
#6865=ORIENTED_EDGE('',*,*,#3914,.T.);
#6866=EDGE_LOOP('',(#6864,#6865));
#6867=FACE_BOUND('',#6866,.T.);
#6868=ORIENTED_EDGE('',*,*,#3856,.T.);
#6869=ORIENTED_EDGE('',*,*,#3863,.T.);
#6870=EDGE_LOOP('',(#6868,#6869));
#6871=FACE_BOUND('',#6870,.T.);
#6872=ORIENTED_EDGE('',*,*,#6728,.T.);
#6873=CARTESIAN_POINT('',(-45.154890479,17.9,-33.884423201));
#6874=DIRECTION('',(-0.866025404,0.,0.5));
#6875=VECTOR('',#6874,0.901451071);
#6876=LINE('',#6873,#6875);
#6877=EDGE_CURVE('',#6714,#3584,#6876,.T.);
#6878=ORIENTED_EDGE('',*,*,#6877,.T.);
#6879=ORIENTED_EDGE('',*,*,#3592,.T.);
#6880=ORIENTED_EDGE('',*,*,#3829,.F.);
#6881=ORIENTED_EDGE('',*,*,#3805,.T.);
#6882=ORIENTED_EDGE('',*,*,#3774,.F.);
#6883=ORIENTED_EDGE('',*,*,#3726,.T.);
#6884=CARTESIAN_POINT('',(-47.345548656,17.9,-35.278754465));
#6885=DIRECTION('',(0.,1.,0.));
#6886=DIRECTION('',(0.,-0.,1.));
#6887=AXIS2_PLACEMENT_3D('',#6884,#6885,#6886);
#6888=CIRCLE('',#6887,0.6);
#6889=EDGE_CURVE('',#3710,#3677,#6888,.T.);
#6890=ORIENTED_EDGE('',*,*,#6889,.T.);
#6891=ORIENTED_EDGE('',*,*,#3683,.T.);
#6892=ORIENTED_EDGE('',*,*,#3666,.F.);
#6893=CARTESIAN_POINT('',(-51.949589267,17.9,-40.853186823));
#6894=VERTEX_POINT('',#6893);
#6895=CARTESIAN_POINT('',(-47.999888347,17.9,-34.012104155));
#6896=DIRECTION('',(-0.5,0.,-0.866025404));
#6897=VECTOR('',#6896,7.89940184);
#6898=LINE('',#6895,#6897);
#6899=EDGE_CURVE('',#3654,#6894,#6898,.T.);
#6900=ORIENTED_EDGE('',*,*,#6899,.T.);
#6901=CARTESIAN_POINT('',(-50.910358783,17.9,-42.653186749));
#6902=VERTEX_POINT('',#6901);
#6903=CARTESIAN_POINT('',(-50.910358783,17.9,-41.453186773));
#6904=DIRECTION('',(0.,1.,0.));
#6905=DIRECTION('',(0.,-0.,1.));
#6906=AXIS2_PLACEMENT_3D('',#6903,#6904,#6905);
#6907=CIRCLE('',#6906,1.199999975);
#6908=EDGE_CURVE('',#6902,#6894,#6907,.T.);
#6909=ORIENTED_EDGE('',*,*,#6908,.F.);
#6910=CARTESIAN_POINT('',(-50.910358783,17.9,-41.453186773));
#6911=DIRECTION('',(0.,1.,0.));
#6912=DIRECTION('',(0.,-0.,1.));
#6913=AXIS2_PLACEMENT_3D('',#6910,#6911,#6912);
#6914=CIRCLE('',#6913,1.199999975);
#6915=EDGE_CURVE('',#6723,#6902,#6914,.T.);
#6916=ORIENTED_EDGE('',*,*,#6915,.F.);
#6917=EDGE_LOOP('',(#6872,#6878,#6879,#6880,#6881,#6882,#6883,#6890,#6891,#6892,#6900,#6909,#6916));
#6918=FACE_BOUND('',#6917,.T.);
#6919=ADVANCED_FACE('',(#6859,#6863,#6867,#6871,#6918),#6855,.F.);
#6920=CARTESIAN_POINT('',(0.,17.9,0.));
#6921=DIRECTION('',(0.,1.,0.));
#6922=DIRECTION('',(-1.,0.,0.));
#6923=AXIS2_PLACEMENT_3D('',#6920,#6921,#6922);
#6924=PLANE('',#6923);
#6925=ORIENTED_EDGE('',*,*,#3474,.T.);
#6926=ORIENTED_EDGE('',*,*,#3481,.T.);
#6927=EDGE_LOOP('',(#6925,#6926));
#6928=FACE_BOUND('',#6927,.T.);
#6929=ORIENTED_EDGE('',*,*,#3423,.T.);
#6930=ORIENTED_EDGE('',*,*,#3430,.T.);
#6931=EDGE_LOOP('',(#6929,#6930));
#6932=FACE_BOUND('',#6931,.T.);
#6933=ORIENTED_EDGE('',*,*,#3372,.T.);
#6934=ORIENTED_EDGE('',*,*,#3379,.T.);
#6935=EDGE_LOOP('',(#6933,#6934));
#6936=FACE_BOUND('',#6935,.T.);
#6937=ORIENTED_EDGE('',*,*,#3321,.T.);
#6938=ORIENTED_EDGE('',*,*,#3328,.T.);
#6939=EDGE_LOOP('',(#6937,#6938));
#6940=FACE_BOUND('',#6939,.T.);
#6941=ORIENTED_EDGE('',*,*,#2762,.T.);
#6942=CARTESIAN_POINT('',(-34.596279446,17.9,-14.202825363));
#6943=DIRECTION('',(0.866025404,0.,-0.5));
#6944=VECTOR('',#6943,0.696773535);
#6945=LINE('',#6942,#6944);
#6946=EDGE_CURVE('',#2747,#6638,#6945,.T.);
#6947=ORIENTED_EDGE('',*,*,#6946,.T.);
#6948=ORIENTED_EDGE('',*,*,#6758,.T.);
#6949=CARTESIAN_POINT('',(-27.72557451,17.9,-3.69596243));
#6950=DIRECTION('',(0.487833509,0.,0.872936692));
#6951=VECTOR('',#6950,0.000703838);
#6952=LINE('',#6949,#6951);
#6953=EDGE_CURVE('',#6747,#78,#6952,.T.);
#6954=ORIENTED_EDGE('',*,*,#6953,.T.);
#6955=CARTESIAN_POINT('',(-27.725231155,17.9,-3.695348024));
#6956=DIRECTION('',(-0.866025404,0.,0.5));
#6957=VECTOR('',#6956,0.663260209);
#6958=LINE('',#6955,#6957);
#6959=EDGE_CURVE('',#78,#3185,#6958,.T.);
#6960=ORIENTED_EDGE('',*,*,#6959,.T.);
#6961=ORIENTED_EDGE('',*,*,#3223,.T.);
#6962=ORIENTED_EDGE('',*,*,#3157,.T.);
#6963=CARTESIAN_POINT('',(-28.630295492,17.9,-2.862985107));
#6964=DIRECTION('',(0.,1.,0.));
#6965=DIRECTION('',(0.,-0.,1.));
#6966=AXIS2_PLACEMENT_3D('',#6963,#6964,#6965);
#6967=CIRCLE('',#6966,0.6);
#6968=EDGE_CURVE('',#3141,#3110,#6967,.T.);
#6969=ORIENTED_EDGE('',*,*,#6968,.T.);
#6970=ORIENTED_EDGE('',*,*,#3130,.F.);
#6971=ORIENTED_EDGE('',*,*,#3097,.T.);
#6972=ORIENTED_EDGE('',*,*,#3066,.F.);
#6973=ORIENTED_EDGE('',*,*,#3018,.T.);
#6974=CARTESIAN_POINT('',(-29.521498023,17.9,-4.406593172));
#6975=DIRECTION('',(0.,1.,0.));
#6976=DIRECTION('',(0.,-0.,1.));
#6977=AXIS2_PLACEMENT_3D('',#6974,#6975,#6976);
#6978=CIRCLE('',#6977,0.6);
#6979=EDGE_CURVE('',#3002,#2962,#6978,.T.);
#6980=ORIENTED_EDGE('',*,*,#6979,.T.);
#6981=ORIENTED_EDGE('',*,*,#2991,.F.);
#6982=CARTESIAN_POINT('',(-35.297580503,17.9,-12.011061596));
#6983=VERTEX_POINT('',#6982);
#6984=CARTESIAN_POINT('',(-30.577931337,17.9,-3.836389447));
#6985=DIRECTION('',(-0.5,0.,-0.866025404));
#6986=VECTOR('',#6985,9.439298332);
#6987=LINE('',#6984,#6986);
#6988=EDGE_CURVE('',#2979,#6983,#6987,.T.);
#6989=ORIENTED_EDGE('',*,*,#6988,.T.);
#6990=CARTESIAN_POINT('',(-34.930867218,17.9,-11.927930933));
#6991=DIRECTION('',(0.,1.,0.));
#6992=DIRECTION('',(0.,-0.,1.));
#6993=AXIS2_PLACEMENT_3D('',#6990,#6991,#6992);
#6994=CIRCLE('',#6993,0.376017739);
#6995=EDGE_CURVE('',#2927,#6983,#6994,.T.);
#6996=ORIENTED_EDGE('',*,*,#6995,.F.);
#6997=ORIENTED_EDGE('',*,*,#2949,.F.);
#6998=ORIENTED_EDGE('',*,*,#2901,.T.);
#6999=CARTESIAN_POINT('',(-33.977510682,17.9,-12.124633495));
#7000=DIRECTION('',(0.,1.,0.));
#7001=DIRECTION('',(0.,-0.,1.));
#7002=AXIS2_PLACEMENT_3D('',#6999,#7000,#7001);
#7003=CIRCLE('',#7002,0.6);
#7004=EDGE_CURVE('',#2885,#2852,#7003,.T.);
#7005=ORIENTED_EDGE('',*,*,#7004,.T.);
#7006=ORIENTED_EDGE('',*,*,#2858,.F.);
#7007=ORIENTED_EDGE('',*,*,#2841,.T.);
#7008=ORIENTED_EDGE('',*,*,#2810,.F.);
#7009=EDGE_LOOP('',(#6941,#6947,#6948,#6954,#6960,#6961,#6962,#6969,#6970,#6971,#6972,#6973,#6980,#6981,#6989,#6996,#6997,#6998,#7005,#7006,#7007,#7008));
#7010=FACE_BOUND('',#7009,.T.);
#7011=ADVANCED_FACE('',(#6928,#6932,#6936,#6940,#7010),#6924,.F.);
#7012=CARTESIAN_POINT('',(0.,17.9,0.));
#7013=DIRECTION('',(0.,1.,0.));
#7014=DIRECTION('',(-1.,0.,0.));
#7015=AXIS2_PLACEMENT_3D('',#7012,#7013,#7014);
#7016=PLANE('',#7015);
#7017=ORIENTED_EDGE('',*,*,#1714,.T.);
#7018=ORIENTED_EDGE('',*,*,#1721,.T.);
#7019=EDGE_LOOP('',(#7017,#7018));
#7020=FACE_BOUND('',#7019,.T.);
#7021=ORIENTED_EDGE('',*,*,#1663,.T.);
#7022=ORIENTED_EDGE('',*,*,#1670,.T.);
#7023=EDGE_LOOP('',(#7021,#7022));
#7024=FACE_BOUND('',#7023,.T.);
#7025=ORIENTED_EDGE('',*,*,#1612,.T.);
#7026=ORIENTED_EDGE('',*,*,#1619,.T.);
#7027=EDGE_LOOP('',(#7025,#7026));
#7028=FACE_BOUND('',#7027,.T.);
#7029=ORIENTED_EDGE('',*,*,#1561,.T.);
#7030=ORIENTED_EDGE('',*,*,#1568,.T.);
#7031=EDGE_LOOP('',(#7029,#7030));
#7032=FACE_BOUND('',#7031,.T.);
#7033=ORIENTED_EDGE('',*,*,#1510,.T.);
#7034=ORIENTED_EDGE('',*,*,#1517,.T.);
#7035=EDGE_LOOP('',(#7033,#7034));
#7036=FACE_BOUND('',#7035,.T.);
#7037=ORIENTED_EDGE('',*,*,#1459,.T.);
#7038=ORIENTED_EDGE('',*,*,#1466,.T.);
#7039=EDGE_LOOP('',(#7037,#7038));
#7040=FACE_BOUND('',#7039,.T.);
#7041=ORIENTED_EDGE('',*,*,#1408,.T.);
#7042=ORIENTED_EDGE('',*,*,#1415,.T.);
#7043=EDGE_LOOP('',(#7041,#7042));
#7044=FACE_BOUND('',#7043,.T.);
#7045=ORIENTED_EDGE('',*,*,#1357,.T.);
#7046=ORIENTED_EDGE('',*,*,#1364,.T.);
#7047=EDGE_LOOP('',(#7045,#7046));
#7048=FACE_BOUND('',#7047,.T.);
#7049=ORIENTED_EDGE('',*,*,#1306,.T.);
#7050=ORIENTED_EDGE('',*,*,#1313,.T.);
#7051=EDGE_LOOP('',(#7049,#7050));
#7052=FACE_BOUND('',#7051,.T.);
#7053=ORIENTED_EDGE('',*,*,#1255,.T.);
#7054=ORIENTED_EDGE('',*,*,#1262,.T.);
#7055=EDGE_LOOP('',(#7053,#7054));
#7056=FACE_BOUND('',#7055,.T.);
#7057=ORIENTED_EDGE('',*,*,#1204,.T.);
#7058=ORIENTED_EDGE('',*,*,#1211,.T.);
#7059=EDGE_LOOP('',(#7057,#7058));
#7060=FACE_BOUND('',#7059,.T.);
#7061=ORIENTED_EDGE('',*,*,#1153,.T.);
#7062=ORIENTED_EDGE('',*,*,#1160,.T.);
#7063=EDGE_LOOP('',(#7061,#7062));
#7064=FACE_BOUND('',#7063,.T.);
#7065=ORIENTED_EDGE('',*,*,#1102,.T.);
#7066=ORIENTED_EDGE('',*,*,#1109,.T.);
#7067=EDGE_LOOP('',(#7065,#7066));
#7068=FACE_BOUND('',#7067,.T.);
#7069=ORIENTED_EDGE('',*,*,#1051,.T.);
#7070=ORIENTED_EDGE('',*,*,#1058,.T.);
#7071=EDGE_LOOP('',(#7069,#7070));
#7072=FACE_BOUND('',#7071,.T.);
#7073=ORIENTED_EDGE('',*,*,#1000,.T.);
#7074=ORIENTED_EDGE('',*,*,#1007,.T.);
#7075=EDGE_LOOP('',(#7073,#7074));
#7076=FACE_BOUND('',#7075,.T.);
#7077=ORIENTED_EDGE('',*,*,#949,.T.);
#7078=ORIENTED_EDGE('',*,*,#956,.T.);
#7079=EDGE_LOOP('',(#7077,#7078));
#7080=FACE_BOUND('',#7079,.T.);
#7081=ORIENTED_EDGE('',*,*,#898,.T.);
#7082=ORIENTED_EDGE('',*,*,#905,.T.);
#7083=EDGE_LOOP('',(#7081,#7082));
#7084=FACE_BOUND('',#7083,.T.);
#7085=ORIENTED_EDGE('',*,*,#847,.T.);
#7086=ORIENTED_EDGE('',*,*,#854,.T.);
#7087=EDGE_LOOP('',(#7085,#7086));
#7088=FACE_BOUND('',#7087,.T.);
#7089=ORIENTED_EDGE('',*,*,#796,.T.);
#7090=ORIENTED_EDGE('',*,*,#803,.T.);
#7091=EDGE_LOOP('',(#7089,#7090));
#7092=FACE_BOUND('',#7091,.T.);
#7093=ORIENTED_EDGE('',*,*,#745,.T.);
#7094=ORIENTED_EDGE('',*,*,#752,.T.);
#7095=EDGE_LOOP('',(#7093,#7094));
#7096=FACE_BOUND('',#7095,.T.);
#7097=ORIENTED_EDGE('',*,*,#694,.T.);
#7098=ORIENTED_EDGE('',*,*,#701,.T.);
#7099=EDGE_LOOP('',(#7097,#7098));
#7100=FACE_BOUND('',#7099,.T.);
#7101=ORIENTED_EDGE('',*,*,#643,.T.);
#7102=ORIENTED_EDGE('',*,*,#650,.T.);
#7103=EDGE_LOOP('',(#7101,#7102));
#7104=FACE_BOUND('',#7103,.T.);
#7105=ORIENTED_EDGE('',*,*,#295,.F.);
#7106=CARTESIAN_POINT('',(-23.982775638,17.9,-0.339806052));
#7107=DIRECTION('',(0.,0.,-1.));
#7108=VECTOR('',#7107,1.160193948);
#7109=LINE('',#7106,#7108);
#7110=EDGE_CURVE('',#255,#107,#7109,.T.);
#7111=ORIENTED_EDGE('',*,*,#7110,.T.);
#7112=CARTESIAN_POINT('',(-23.982775638,17.9,-1.5));
#7113=DIRECTION('',(1.,0.,-0.));
#7114=VECTOR('',#7113,42.445551275);
#7115=LINE('',#7112,#7114);
#7116=EDGE_CURVE('',#107,#1777,#7115,.T.);
#7117=ORIENTED_EDGE('',*,*,#7116,.T.);
#7118=CARTESIAN_POINT('',(18.462775638,17.9,-0.335704288));
#7119=DIRECTION('',(0.,0.,-1.));
#7120=VECTOR('',#7119,1.164295712);
#7121=LINE('',#7118,#7120);
#7122=EDGE_CURVE('',#523,#1777,#7121,.T.);
#7123=ORIENTED_EDGE('',*,*,#7122,.F.);
#7124=ORIENTED_EDGE('',*,*,#529,.F.);
#7125=ORIENTED_EDGE('',*,*,#496,.T.);
#7126=CARTESIAN_POINT('',(17.733606712,17.9,-0.3));
#7127=DIRECTION('',(0.,1.,0.));
#7128=DIRECTION('',(0.,-0.,1.));
#7129=AXIS2_PLACEMENT_3D('',#7126,#7127,#7128);
#7130=CIRCLE('',#7129,0.6);
#7131=EDGE_CURVE('',#480,#448,#7130,.T.);
#7132=ORIENTED_EDGE('',*,*,#7131,.T.);
#7133=ORIENTED_EDGE('',*,*,#454,.F.);
#7134=CARTESIAN_POINT('',(17.007368405,17.9,0.9));
#7135=DIRECTION('',(-1.,0.,0.));
#7136=VECTOR('',#7135,39.534736811);
#7137=LINE('',#7134,#7136);
#7138=EDGE_CURVE('',#440,#406,#7137,.T.);
#7139=ORIENTED_EDGE('',*,*,#7138,.T.);
#7140=ORIENTED_EDGE('',*,*,#412,.F.);
#7141=ORIENTED_EDGE('',*,*,#379,.T.);
#7142=CARTESIAN_POINT('',(-23.253606712,17.9,-0.3));
#7143=DIRECTION('',(0.,1.,0.));
#7144=DIRECTION('',(0.,-0.,1.));
#7145=AXIS2_PLACEMENT_3D('',#7142,#7143,#7144);
#7146=CIRCLE('',#7145,0.6);
#7147=EDGE_CURVE('',#363,#331,#7146,.T.);
#7148=ORIENTED_EDGE('',*,*,#7147,.T.);
#7149=ORIENTED_EDGE('',*,*,#337,.T.);
#7150=CARTESIAN_POINT('',(-23.261709744,17.9,-0.3));
#7151=DIRECTION('',(0.,1.,0.));
#7152=DIRECTION('',(0.,-0.,1.));
#7153=AXIS2_PLACEMENT_3D('',#7150,#7151,#7152);
#7154=CIRCLE('',#7153,0.6);
#7155=EDGE_CURVE('',#321,#289,#7154,.T.);
#7156=ORIENTED_EDGE('',*,*,#7155,.T.);
#7157=EDGE_LOOP('',(#7105,#7111,#7117,#7123,#7124,#7125,#7132,#7133,#7139,#7140,#7141,#7148,#7149,#7156));
#7158=FACE_BOUND('',#7157,.T.);
#7159=ADVANCED_FACE('',(#7020,#7024,#7028,#7032,#7036,#7040,#7044,#7048,#7052,#7056,#7060,#7064,#7068,#7072,#7076,#7080,#7084,#7088,#7092,#7096,#7100,#7104,#7158),#7016,.F.);
#7160=CARTESIAN_POINT('',(0.,17.9,0.));
#7161=DIRECTION('',(0.,1.,0.));
#7162=DIRECTION('',(-1.,0.,0.));
#7163=AXIS2_PLACEMENT_3D('',#7160,#7161,#7162);
#7164=PLANE('',#7163);
#7165=ORIENTED_EDGE('',*,*,#5984,.T.);
#7166=ORIENTED_EDGE('',*,*,#5991,.T.);
#7167=EDGE_LOOP('',(#7165,#7166));
#7168=FACE_BOUND('',#7167,.T.);
#7169=ORIENTED_EDGE('',*,*,#6035,.T.);
#7170=ORIENTED_EDGE('',*,*,#6042,.T.);
#7171=EDGE_LOOP('',(#7169,#7170));
#7172=FACE_BOUND('',#7171,.T.);
#7173=ORIENTED_EDGE('',*,*,#6086,.T.);
#7174=ORIENTED_EDGE('',*,*,#6093,.T.);
#7175=EDGE_LOOP('',(#7173,#7174));
#7176=FACE_BOUND('',#7175,.T.);
#7177=ORIENTED_EDGE('',*,*,#6137,.T.);
#7178=ORIENTED_EDGE('',*,*,#6144,.T.);
#7179=EDGE_LOOP('',(#7177,#7178));
#7180=FACE_BOUND('',#7179,.T.);
#7181=CARTESIAN_POINT('',(37.197666117,17.9,-29.62838576));
#7182=VERTEX_POINT('',#7181);
#7183=CARTESIAN_POINT('',(37.719849608,17.9,-29.326902981));
#7184=DIRECTION('',(-0.866025404,0.,-0.5));
#7185=VECTOR('',#7184,0.602965558);
#7186=LINE('',#7183,#7185);
#7187=EDGE_CURVE('',#5894,#7182,#7186,.T.);
#7188=ORIENTED_EDGE('',*,*,#7187,.F.);
#7189=ORIENTED_EDGE('',*,*,#5900,.T.);
#7190=ORIENTED_EDGE('',*,*,#5883,.F.);
#7191=ORIENTED_EDGE('',*,*,#5850,.F.);
#7192=ORIENTED_EDGE('',*,*,#5819,.F.);
#7193=ORIENTED_EDGE('',*,*,#5771,.T.);
#7194=CARTESIAN_POINT('',(37.868059629,17.9,-27.193783551));
#7195=VERTEX_POINT('',#7194);
#7196=CARTESIAN_POINT('',(37.375484482,17.9,-27.536376203));
#7197=DIRECTION('',(0.,1.,0.));
#7198=DIRECTION('',(0.,-0.,1.));
#7199=AXIS2_PLACEMENT_3D('',#7196,#7197,#7198);
#7200=CIRCLE('',#7199,0.6);
#7201=EDGE_CURVE('',#5755,#7195,#7200,.T.);
#7202=ORIENTED_EDGE('',*,*,#7201,.T.);
#7203=CARTESIAN_POINT('',(38.156776119,17.9,-26.992977342));
#7204=DIRECTION('',(0.,1.,0.));
#7205=DIRECTION('',(0.,-0.,1.));
#7206=AXIS2_PLACEMENT_3D('',#7203,#7204,#7205);
#7207=CIRCLE('',#7206,0.351682165);
#7208=EDGE_CURVE('',#5713,#7195,#7207,.T.);
#7209=ORIENTED_EDGE('',*,*,#7208,.F.);
#7210=ORIENTED_EDGE('',*,*,#5744,.F.);
#7211=CARTESIAN_POINT('',(38.497556645,17.9,-27.079862198));
#7212=DIRECTION('',(-0.5,0.,0.866025404));
#7213=VECTOR('',#7212,9.421305534);
#7214=LINE('',#7211,#7213);
#7215=EDGE_CURVE('',#5732,#5690,#7214,.T.);
#7216=ORIENTED_EDGE('',*,*,#7215,.T.);
#7217=ORIENTED_EDGE('',*,*,#5696,.F.);
#7218=ORIENTED_EDGE('',*,*,#5654,.T.);
#7219=CARTESIAN_POINT('',(32.919471824,17.9,-19.818335879));
#7220=DIRECTION('',(0.,1.,0.));
#7221=DIRECTION('',(0.,-0.,1.));
#7222=AXIS2_PLACEMENT_3D('',#7219,#7220,#7221);
#7223=CIRCLE('',#7222,0.6);
#7224=EDGE_CURVE('',#5638,#5605,#7223,.T.);
#7225=ORIENTED_EDGE('',*,*,#7224,.T.);
#7226=ORIENTED_EDGE('',*,*,#5611,.F.);
#7227=ORIENTED_EDGE('',*,*,#5594,.F.);
#7228=ORIENTED_EDGE('',*,*,#5563,.F.);
#7229=ORIENTED_EDGE('',*,*,#5515,.T.);
#7230=CARTESIAN_POINT('',(32.028269292,17.9,-18.274727815));
#7231=DIRECTION('',(0.,1.,0.));
#7232=DIRECTION('',(0.,-0.,1.));
#7233=AXIS2_PLACEMENT_3D('',#7230,#7231,#7232);
#7234=CIRCLE('',#7233,0.6);
#7235=EDGE_CURVE('',#5499,#5442,#7234,.T.);
#7236=ORIENTED_EDGE('',*,*,#7235,.T.);
#7237=ORIENTED_EDGE('',*,*,#5450,.T.);
#7238=CARTESIAN_POINT('',(30.930040479,17.9,-18.772539712));
#7239=VERTEX_POINT('',#7238);
#7240=CARTESIAN_POINT('',(31.459800478,17.9,-18.466682635));
#7241=DIRECTION('',(-0.866025404,0.,-0.5));
#7242=VECTOR('',#7241,0.611714155);
#7243=LINE('',#7240,#7242);
#7244=EDGE_CURVE('',#5444,#7239,#7243,.T.);
#7245=ORIENTED_EDGE('',*,*,#7244,.T.);
#7246=CARTESIAN_POINT('',(30.930040479,17.9,-18.772539712));
#7247=DIRECTION('',(0.5,0.,-0.866025404));
#7248=VECTOR('',#7247,12.535251275);
#7249=LINE('',#7246,#7248);
#7250=EDGE_CURVE('',#7239,#7182,#7249,.T.);
#7251=ORIENTED_EDGE('',*,*,#7250,.T.);
#7252=EDGE_LOOP('',(#7188,#7189,#7190,#7191,#7192,#7193,#7202,#7209,#7210,#7216,#7217,#7218,#7225,#7226,#7227,#7228,#7229,#7236,#7237,#7245,#7251));
#7253=FACE_BOUND('',#7252,.T.);
#7254=ADVANCED_FACE('',(#7168,#7172,#7176,#7180,#7253),#7164,.F.);
#7255=CARTESIAN_POINT('',(0.,17.9,0.));
#7256=DIRECTION('',(0.,1.,0.));
#7257=DIRECTION('',(-1.,0.,0.));
#7258=AXIS2_PLACEMENT_3D('',#7255,#7256,#7257);
#7259=PLANE('',#7258);
#7260=ORIENTED_EDGE('',*,*,#2454,.T.);
#7261=ORIENTED_EDGE('',*,*,#2461,.T.);
#7262=EDGE_LOOP('',(#7260,#7261));
#7263=FACE_BOUND('',#7262,.T.);
#7264=ORIENTED_EDGE('',*,*,#2505,.T.);
#7265=ORIENTED_EDGE('',*,*,#2512,.T.);
#7266=EDGE_LOOP('',(#7264,#7265));
#7267=FACE_BOUND('',#7266,.T.);
#7268=ORIENTED_EDGE('',*,*,#2556,.T.);
#7269=ORIENTED_EDGE('',*,*,#2563,.T.);
#7270=EDGE_LOOP('',(#7268,#7269));
#7271=FACE_BOUND('',#7270,.T.);
#7272=ORIENTED_EDGE('',*,*,#2607,.T.);
#7273=ORIENTED_EDGE('',*,*,#2614,.T.);
#7274=EDGE_LOOP('',(#7272,#7273));
#7275=FACE_BOUND('',#7274,.T.);
#7276=CARTESIAN_POINT('',(29.090866353,17.9,-14.182802513));
#7277=VERTEX_POINT('',#7276);
#7278=CARTESIAN_POINT('',(28.482832442,17.9,-14.533851055));
#7279=VERTEX_POINT('',#7278);
#7280=CARTESIAN_POINT('',(29.090866353,17.9,-14.182802513));
#7281=DIRECTION('',(-0.866025404,0.,-0.5));
#7282=VECTOR('',#7281,0.702097084);
#7283=LINE('',#7280,#7282);
#7284=EDGE_CURVE('',#7277,#7279,#7283,.T.);
#7285=ORIENTED_EDGE('',*,*,#7284,.F.);
#7286=CARTESIAN_POINT('',(29.354661697,17.9,-13.643903621));
#7287=DIRECTION('',(0.,1.,0.));
#7288=DIRECTION('',(0.,-0.,1.));
#7289=AXIS2_PLACEMENT_3D('',#7286,#7287,#7288);
#7290=CIRCLE('',#7289,0.6);
#7291=EDGE_CURVE('',#7277,#2365,#7290,.T.);
#7292=ORIENTED_EDGE('',*,*,#7291,.T.);
#7293=ORIENTED_EDGE('',*,*,#2385,.F.);
#7294=ORIENTED_EDGE('',*,*,#2352,.F.);
#7295=ORIENTED_EDGE('',*,*,#2321,.F.);
#7296=ORIENTED_EDGE('',*,*,#2273,.T.);
#7297=CARTESIAN_POINT('',(29.052018992,17.9,-11.983687964));
#7298=VERTEX_POINT('',#7297);
#7299=CARTESIAN_POINT('',(28.463459166,17.9,-12.100295556));
#7300=DIRECTION('',(0.,1.,0.));
#7301=DIRECTION('',(0.,-0.,1.));
#7302=AXIS2_PLACEMENT_3D('',#7299,#7300,#7301);
#7303=CIRCLE('',#7302,0.6);
#7304=EDGE_CURVE('',#2257,#7298,#7303,.T.);
#7305=ORIENTED_EDGE('',*,*,#7304,.T.);
#7306=CARTESIAN_POINT('',(29.420867218,17.9,-11.910610425));
#7307=DIRECTION('',(0.,1.,0.));
#7308=DIRECTION('',(0.,-0.,1.));
#7309=AXIS2_PLACEMENT_3D('',#7306,#7307,#7308);
#7310=CIRCLE('',#7309,0.376017739);
#7311=EDGE_CURVE('',#2215,#7298,#7310,.T.);
#7312=ORIENTED_EDGE('',*,*,#7311,.F.);
#7313=ORIENTED_EDGE('',*,*,#2246,.F.);
#7314=CARTESIAN_POINT('',(29.787580519,17.9,-11.993741016));
#7315=DIRECTION('',(-0.5,0.,0.866025404));
#7316=VECTOR('',#7315,9.439298224);
#7317=LINE('',#7314,#7316);
#7318=EDGE_CURVE('',#2234,#2182,#7317,.T.);
#7319=ORIENTED_EDGE('',*,*,#7318,.T.);
#7320=ORIENTED_EDGE('',*,*,#2188,.F.);
#7321=ORIENTED_EDGE('',*,*,#2156,.T.);
#7322=CARTESIAN_POINT('',(24.007446508,17.9,-4.382255233));
#7323=DIRECTION('',(0.,1.,0.));
#7324=DIRECTION('',(0.,-0.,1.));
#7325=AXIS2_PLACEMENT_3D('',#7322,#7323,#7324);
#7326=CIRCLE('',#7325,0.6);
#7327=EDGE_CURVE('',#2140,#2109,#7326,.T.);
#7328=ORIENTED_EDGE('',*,*,#7327,.T.);
#7329=ORIENTED_EDGE('',*,*,#2129,.F.);
#7330=ORIENTED_EDGE('',*,*,#2096,.F.);
#7331=ORIENTED_EDGE('',*,*,#2065,.F.);
#7332=ORIENTED_EDGE('',*,*,#2017,.T.);
#7333=CARTESIAN_POINT('',(22.793220296,17.9,-3.34427124));
#7334=VERTEX_POINT('',#7333);
#7335=CARTESIAN_POINT('',(23.116243976,17.9,-2.838647168));
#7336=DIRECTION('',(0.,1.,0.));
#7337=DIRECTION('',(0.,-0.,1.));
#7338=AXIS2_PLACEMENT_3D('',#7335,#7336,#7337);
#7339=CIRCLE('',#7338,0.6);
#7340=EDGE_CURVE('',#2001,#7334,#7339,.T.);
#7341=ORIENTED_EDGE('',*,*,#7340,.T.);
#7342=CARTESIAN_POINT('',(22.785756004,17.9,-3.348580752));
#7343=DIRECTION('',(0.866025404,0.,0.5));
#7344=VECTOR('',#7343,0.008619023);
#7345=LINE('',#7342,#7344);
#7346=EDGE_CURVE('',#1970,#7334,#7345,.T.);
#7347=ORIENTED_EDGE('',*,*,#7346,.F.);
#7348=CARTESIAN_POINT('',(22.785756004,17.9,-3.348580752));
#7349=DIRECTION('',(-0.866025404,0.,-0.5));
#7350=VECTOR('',#7349,0.658821145);
#7351=LINE('',#7348,#7350);
#7352=EDGE_CURVE('',#1970,#1806,#7351,.T.);
#7353=ORIENTED_EDGE('',*,*,#7352,.T.);
#7354=CARTESIAN_POINT('',(22.215316306,17.9,-3.67819467));
#7355=VERTEX_POINT('',#7354);
#7356=CARTESIAN_POINT('',(22.215209191,17.9,-3.678007144));
#7357=DIRECTION('',(0.496005525,0.,-0.868319365));
#7358=VECTOR('',#7357,0.000215962);
#7359=LINE('',#7356,#7358);
#7360=EDGE_CURVE('',#1806,#7355,#7359,.T.);
#7361=ORIENTED_EDGE('',*,*,#7360,.T.);
#7362=CARTESIAN_POINT('',(22.215316306,17.9,-3.67819467));
#7363=DIRECTION('',(0.5,0.,-0.866025404));
#7364=VECTOR('',#7363,12.535032273);
#7365=LINE('',#7362,#7364);
#7366=EDGE_CURVE('',#7355,#7279,#7365,.T.);
#7367=ORIENTED_EDGE('',*,*,#7366,.T.);
#7368=EDGE_LOOP('',(#7285,#7292,#7293,#7294,#7295,#7296,#7305,#7312,#7313,#7319,#7320,#7321,#7328,#7329,#7330,#7331,#7332,#7341,#7347,#7353,#7361,#7367));
#7369=FACE_BOUND('',#7368,.T.);
#7370=ADVANCED_FACE('',(#7263,#7267,#7271,#7275,#7369),#7259,.F.);
#7371=CARTESIAN_POINT('',(-2.76,18.9,-1.5));
#7372=DIRECTION('',(0.,0.,-1.));
#7373=DIRECTION('',(-1.,0.,0.));
#7374=AXIS2_PLACEMENT_3D('',#7371,#7372,#7373);
#7375=PLANE('',#7374);
#7376=ORIENTED_EDGE('',*,*,#7116,.F.);
#7377=ORIENTED_EDGE('',*,*,#112,.F.);
#7378=CARTESIAN_POINT('',(-23.982775638,18.9,-1.5));
#7379=DIRECTION('',(1.,0.,-0.));
#7380=VECTOR('',#7379,42.445551275);
#7381=LINE('',#7378,#7380);
#7382=EDGE_CURVE('',#98,#1789,#7381,.T.);
#7383=ORIENTED_EDGE('',*,*,#7382,.T.);
#7384=ORIENTED_EDGE('',*,*,#1794,.T.);
#7385=EDGE_LOOP('',(#7376,#7377,#7383,#7384));
#7386=FACE_BOUND('',#7385,.T.);
#7387=ADVANCED_FACE('',(#7386),#7375,.T.);
#7388=CARTESIAN_POINT('',(-27.725402833,18.9,-3.695655228));
#7389=DIRECTION('',(0.872936692,0.,-0.487833509));
#7390=DIRECTION('',(-0.487833509,0.,-0.872936692));
#7391=AXIS2_PLACEMENT_3D('',#7388,#7389,#7390);
#7392=PLANE('',#7391);
#7393=ORIENTED_EDGE('',*,*,#6953,.F.);
#7394=ORIENTED_EDGE('',*,*,#6752,.F.);
#7395=CARTESIAN_POINT('',(-27.72557451,18.9,-3.69596243));
#7396=DIRECTION('',(0.487833509,0.,0.872936692));
#7397=VECTOR('',#7396,0.000703837);
#7398=LINE('',#7395,#7397);
#7399=EDGE_CURVE('',#6739,#90,#7398,.T.);
#7400=ORIENTED_EDGE('',*,*,#7399,.T.);
#7401=ORIENTED_EDGE('',*,*,#95,.T.);
#7402=EDGE_LOOP('',(#7393,#7394,#7400,#7401));
#7403=FACE_BOUND('',#7402,.T.);
#7404=ADVANCED_FACE('',(#7403),#7392,.T.);
#7405=CARTESIAN_POINT('',(-50.910358783,18.9,-41.453186773));
#7406=DIRECTION('',(0.,-1.,0.));
#7407=DIRECTION('',(0.,0.,-1.));
#7408=AXIS2_PLACEMENT_3D('',#7405,#7406,#7407);
#7409=CYLINDRICAL_SURFACE('',#7408,1.199999975);
#7410=CARTESIAN_POINT('',(-50.910358783,18.9,-42.653186749));
#7411=VERTEX_POINT('',#7410);
#7412=CARTESIAN_POINT('',(-50.910358783,17.9,-42.653186749));
#7413=DIRECTION('',(-0.,1.,-0.));
#7414=VECTOR('',#7413,1.);
#7415=LINE('',#7412,#7414);
#7416=EDGE_CURVE('',#6902,#7411,#7415,.T.);
#7417=ORIENTED_EDGE('',*,*,#7416,.T.);
#7418=CARTESIAN_POINT('',(-50.910358783,18.9,-41.453186773));
#7419=DIRECTION('',(0.,1.,0.));
#7420=DIRECTION('',(0.,-0.,1.));
#7421=AXIS2_PLACEMENT_3D('',#7418,#7419,#7420);
#7422=CIRCLE('',#7421,1.199999975);
#7423=EDGE_CURVE('',#6731,#7411,#7422,.T.);
#7424=ORIENTED_EDGE('',*,*,#7423,.F.);
#7425=ORIENTED_EDGE('',*,*,#6736,.T.);
#7426=ORIENTED_EDGE('',*,*,#6915,.T.);
#7427=EDGE_LOOP('',(#7417,#7424,#7425,#7426));
#7428=FACE_BOUND('',#7427,.T.);
#7429=ADVANCED_FACE('',(#7428),#7409,.T.);
#7430=CARTESIAN_POINT('',(-50.042164267,18.9,-37.549429812));
#7431=DIRECTION('',(-0.866025404,0.,0.5));
#7432=DIRECTION('',(0.5,0.,0.866025404));
#7433=AXIS2_PLACEMENT_3D('',#7430,#7431,#7432);
#7434=PLANE('',#7433);
#7435=ORIENTED_EDGE('',*,*,#6899,.F.);
#7436=ORIENTED_EDGE('',*,*,#3659,.F.);
#7437=CARTESIAN_POINT('',(-51.949589267,18.9,-40.853186823));
#7438=VERTEX_POINT('',#7437);
#7439=CARTESIAN_POINT('',(-47.999888347,18.9,-34.012104155));
#7440=DIRECTION('',(-0.5,0.,-0.866025404));
#7441=VECTOR('',#7440,7.89940184);
#7442=LINE('',#7439,#7441);
#7443=EDGE_CURVE('',#3645,#7438,#7442,.T.);
#7444=ORIENTED_EDGE('',*,*,#7443,.T.);
#7445=CARTESIAN_POINT('',(-51.949589267,18.9,-40.853186823));
#7446=DIRECTION('',(0.,-1.,0.));
#7447=VECTOR('',#7446,1.);
#7448=LINE('',#7445,#7447);
#7449=EDGE_CURVE('',#7438,#6894,#7448,.T.);
#7450=ORIENTED_EDGE('',*,*,#7449,.T.);
#7451=EDGE_LOOP('',(#7435,#7436,#7444,#7450));
#7452=FACE_BOUND('',#7451,.T.);
#7453=ADVANCED_FACE('',(#7452),#7434,.T.);
#7454=CARTESIAN_POINT('',(-41.652230218,18.9,-23.017637767));
#7455=DIRECTION('',(-0.866025404,0.,0.5));
#7456=DIRECTION('',(0.5,0.,0.866025404));
#7457=AXIS2_PLACEMENT_3D('',#7454,#7455,#7456);
#7458=PLANE('',#7457);
#7459=ORIENTED_EDGE('',*,*,#6826,.F.);
#7460=ORIENTED_EDGE('',*,*,#4537,.F.);
#7461=CARTESIAN_POINT('',(-44.007556627,18.9,-27.097182776));
#7462=VERTEX_POINT('',#7461);
#7463=CARTESIAN_POINT('',(-39.296903809,18.9,-18.938092758));
#7464=DIRECTION('',(-0.5,0.,-0.866025404));
#7465=VECTOR('',#7464,9.421305636);
#7466=LINE('',#7463,#7465);
#7467=EDGE_CURVE('',#4523,#7462,#7466,.T.);
#7468=ORIENTED_EDGE('',*,*,#7467,.T.);
#7469=CARTESIAN_POINT('',(-44.007556627,18.9,-27.097182776));
#7470=DIRECTION('',(0.,-1.,0.));
#7471=VECTOR('',#7470,1.);
#7472=LINE('',#7469,#7471);
#7473=EDGE_CURVE('',#7462,#6821,#7472,.T.);
#7474=ORIENTED_EDGE('',*,*,#7473,.T.);
#7475=EDGE_LOOP('',(#7459,#7460,#7468,#7474));
#7476=FACE_BOUND('',#7475,.T.);
#7477=ADVANCED_FACE('',(#7476),#7458,.T.);
#7478=CARTESIAN_POINT('',(-37.096713213,18.9,-17.527250759));
#7479=DIRECTION('',(-0.866025404,0.,0.5));
#7480=DIRECTION('',(0.5,0.,0.866025404));
#7481=AXIS2_PLACEMENT_3D('',#7478,#7479,#7480);
#7482=PLANE('',#7481);
#7483=CARTESIAN_POINT('',(-37.092701256,17.269527725,-17.520301846));
#7484=VERTEX_POINT('',#7483);
#7485=CARTESIAN_POINT('',(-37.10072517,17.286855627,-17.534199672));
#7486=VERTEX_POINT('',#7485);
#7487=CARTESIAN_POINT('',(-38.380658783,14.9,-19.75110972));
#7488=DIRECTION('',(-0.866025404,0.,0.5));
#7489=DIRECTION('',(0.5,0.,0.866025404));
#7490=AXIS2_PLACEMENT_3D('',#7487,#7488,#7489);
#7491=CIRCLE('',#7490,3.5);
#7492=EDGE_CURVE('',#7484,#7486,#7491,.T.);
#7493=ORIENTED_EDGE('',*,*,#7492,.F.);
#7494=CARTESIAN_POINT('',(-37.092701256,18.9,-17.520301846));
#7495=VERTEX_POINT('',#7494);
#7496=CARTESIAN_POINT('',(-37.092701256,17.269527725,-17.520301846));
#7497=DIRECTION('',(-0.,1.,-0.));
#7498=VECTOR('',#7497,1.630472275);
#7499=LINE('',#7496,#7498);
#7500=EDGE_CURVE('',#7484,#7495,#7499,.T.);
#7501=ORIENTED_EDGE('',*,*,#7500,.T.);
#7502=CARTESIAN_POINT('',(-37.10072517,18.9,-17.534199672));
#7503=VERTEX_POINT('',#7502);
#7504=CARTESIAN_POINT('',(-37.092701256,18.9,-17.520301846));
#7505=DIRECTION('',(-0.5,0.,-0.866025404));
#7506=VECTOR('',#7505,0.016047827);
#7507=LINE('',#7504,#7506);
#7508=EDGE_CURVE('',#7495,#7503,#7507,.T.);
#7509=ORIENTED_EDGE('',*,*,#7508,.T.);
#7510=CARTESIAN_POINT('',(-37.10072517,18.9,-17.534199672));
#7511=DIRECTION('',(0.,-1.,0.));
#7512=VECTOR('',#7511,1.613144373);
#7513=LINE('',#7510,#7512);
#7514=EDGE_CURVE('',#7503,#7486,#7513,.T.);
#7515=ORIENTED_EDGE('',*,*,#7514,.T.);
#7516=EDGE_LOOP('',(#7493,#7501,#7509,#7515));
#7517=FACE_BOUND('',#7516,.T.);
#7518=ADVANCED_FACE('',(#7517),#7482,.T.);
#7519=CARTESIAN_POINT('',(-36.651113213,18.9,-16.755448919));
#7520=DIRECTION('',(0.,-1.,0.));
#7521=DIRECTION('',(0.,0.,-1.));
#7522=AXIS2_PLACEMENT_3D('',#7519,#7520,#7521);
#7523=CYLINDRICAL_SURFACE('',#7522,0.6);
#7524=CARTESIAN_POINT('',(-36.651113207,16.799875894,-17.355459077));
#7525=VERTEX_POINT('',#7524);
#7526=CARTESIAN_POINT('',(-36.651113213,18.9,-17.355448919));
#7527=VERTEX_POINT('',#7526);
#7528=CARTESIAN_POINT('',(-36.651113213,16.799875894,-17.355448919));
#7529=DIRECTION('',(-0.,1.,-0.));
#7530=VECTOR('',#7529,2.100124106);
#7531=LINE('',#7528,#7530);
#7532=EDGE_CURVE('',#7525,#7527,#7531,.T.);
#7533=ORIENTED_EDGE('',*,*,#7532,.F.);
#7534=CARTESIAN_POINT('',(-36.112252717,14.9,-17.019322688));
#7535=VERTEX_POINT('',#7534);
#7536=CARTESIAN_POINT('',(-36.112252717,14.9,-17.019322688));
#7537=CARTESIAN_POINT('',(-36.112252717,15.08221905,-17.019322688));
#7538=CARTESIAN_POINT('',(-36.118079005,15.262055967,-17.032291091));
#7539=CARTESIAN_POINT('',(-36.131964083,15.43956303,-17.056254804));
#7540=CARTESIAN_POINT('',(-36.145849161,15.617070092,-17.080218518));
#7541=CARTESIAN_POINT('',(-36.16767073,15.792248386,-17.115257224));
#7542=CARTESIAN_POINT('',(-36.205415754,15.964892158,-17.157137574));
#7543=CARTESIAN_POINT('',(-36.243160778,16.137535931,-17.199017923));
#7544=CARTESIAN_POINT('',(-36.296748588,16.307510154,-17.248507483));
#7545=CARTESIAN_POINT('',(-36.379864559,16.46377565,-17.290635025));
#7546=CARTESIAN_POINT('',(-36.421422544,16.541908398,-17.311698796));
#7547=CARTESIAN_POINT('',(-36.469877312,16.615798277,-17.330611319));
#7548=CARTESIAN_POINT('',(-36.529125727,16.683798633,-17.342917262));
#7549=CARTESIAN_POINT('',(-36.558749934,16.717798811,-17.349070234));
#7550=CARTESIAN_POINT('',(-36.591478576,16.750528581,-17.353495084));
#7551=CARTESIAN_POINT('',(-36.626324683,16.779851904,-17.354936641));
#7552=CARTESIAN_POINT('',(-36.66117079,16.809175227,-17.356378199));
#7553=CARTESIAN_POINT('',(-36.69832658,16.835460513,-17.354970309));
#7554=CARTESIAN_POINT('',(-36.73857373,16.857672896,-17.349040242));
#7555=B_SPLINE_CURVE_WITH_KNOTS('',3,(#7536,#7537,#7538,#7539,#7540,#7541,#7542,#7543,#7544,#7545,#7546,#7547,#7548,#7549,#7550,#7551,#7552,#7553,#7554),.UNSPECIFIED.,.F.,.F.,(4,3,3,3,3,3,4),(0.,0.000538843,0.001077686,0.00161653,0.001885951,0.002020662,0.002155373),.UNSPECIFIED.);
#7556=EDGE_CURVE('',#7535,#7525,#7555,.T.);
#7557=ORIENTED_EDGE('',*,*,#7556,.F.);
#7558=CARTESIAN_POINT('',(-36.112252717,13.51,-17.019322688));
#7559=VERTEX_POINT('',#7558);
#7560=CARTESIAN_POINT('',(-36.112252717,13.51,-17.019322688));
#7561=DIRECTION('',(-0.,1.,-0.));
#7562=VECTOR('',#7561,1.39);
#7563=LINE('',#7560,#7562);
#7564=EDGE_CURVE('',#7559,#7535,#7563,.T.);
#7565=ORIENTED_EDGE('',*,*,#7564,.F.);
#7566=CARTESIAN_POINT('',(-36.180778307,13.51,-16.382910229));
#7567=VERTEX_POINT('',#7566);
#7568=CARTESIAN_POINT('',(-36.651113213,13.51,-16.755448919));
#7569=DIRECTION('',(0.,1.,0.));
#7570=DIRECTION('',(0.,0.,-1.));
#7571=AXIS2_PLACEMENT_3D('',#7568,#7569,#7570);
#7572=CIRCLE('',#7571,0.6);
#7573=EDGE_CURVE('',#7567,#7559,#7572,.T.);
#7574=ORIENTED_EDGE('',*,*,#7573,.F.);
#7575=CARTESIAN_POINT('',(-36.180778307,18.9,-16.382910229));
#7576=VERTEX_POINT('',#7575);
#7577=CARTESIAN_POINT('',(-36.180778307,13.51,-16.382910229));
#7578=DIRECTION('',(-0.,1.,-0.));
#7579=VECTOR('',#7578,5.39);
#7580=LINE('',#7577,#7579);
#7581=EDGE_CURVE('',#7567,#7576,#7580,.T.);
#7582=ORIENTED_EDGE('',*,*,#7581,.T.);
#7583=CARTESIAN_POINT('',(-36.651113213,18.9,-16.755448919));
#7584=DIRECTION('',(0.,1.,0.));
#7585=DIRECTION('',(0.,-0.,1.));
#7586=AXIS2_PLACEMENT_3D('',#7583,#7584,#7585);
#7587=CIRCLE('',#7586,0.6);
#7588=EDGE_CURVE('',#7576,#7527,#7587,.T.);
#7589=ORIENTED_EDGE('',*,*,#7588,.T.);
#7590=EDGE_LOOP('',(#7533,#7557,#7565,#7574,#7582,#7589));
#7591=FACE_BOUND('',#7590,.T.);
#7592=ADVANCED_FACE('',(#7591),#7523,.F.);
#7593=CARTESIAN_POINT('',(-36.205513213,18.9,-15.983647079));
#7594=DIRECTION('',(-0.866025404,0.,0.5));
#7595=DIRECTION('',(0.5,0.,0.866025404));
#7596=AXIS2_PLACEMENT_3D('',#7593,#7594,#7595);
#7597=PLANE('',#7596);
#7598=CARTESIAN_POINT('',(-36.20952517,18.9,-15.990595992));
#7599=VERTEX_POINT('',#7598);
#7600=CARTESIAN_POINT('',(-36.20952517,13.51,-15.990595992));
#7601=VERTEX_POINT('',#7600);
#7602=CARTESIAN_POINT('',(-36.20952517,18.9,-15.990595992));
#7603=DIRECTION('',(0.,-1.,0.));
#7604=VECTOR('',#7603,5.39);
#7605=LINE('',#7602,#7604);
#7606=EDGE_CURVE('',#7599,#7601,#7605,.T.);
#7607=ORIENTED_EDGE('',*,*,#7606,.T.);
#7608=CARTESIAN_POINT('',(-36.201501256,13.51,-15.976698167));
#7609=VERTEX_POINT('',#7608);
#7610=CARTESIAN_POINT('',(-36.201501256,13.51,-15.976698167));
#7611=DIRECTION('',(-0.5,0.,-0.866025404));
#7612=VECTOR('',#7611,0.016047827);
#7613=LINE('',#7610,#7612);
#7614=EDGE_CURVE('',#7609,#7601,#7613,.T.);
#7615=ORIENTED_EDGE('',*,*,#7614,.F.);
#7616=CARTESIAN_POINT('',(-36.201501256,18.9,-15.976698167));
#7617=VERTEX_POINT('',#7616);
#7618=CARTESIAN_POINT('',(-36.201501256,13.51,-15.976698167));
#7619=DIRECTION('',(-0.,1.,-0.));
#7620=VECTOR('',#7619,5.39);
#7621=LINE('',#7618,#7620);
#7622=EDGE_CURVE('',#7609,#7617,#7621,.T.);
#7623=ORIENTED_EDGE('',*,*,#7622,.T.);
#7624=CARTESIAN_POINT('',(-36.201501256,18.9,-15.976698167));
#7625=DIRECTION('',(-0.5,0.,-0.866025404));
#7626=VECTOR('',#7625,0.016047827);
#7627=LINE('',#7624,#7626);
#7628=EDGE_CURVE('',#7617,#7599,#7627,.T.);
#7629=ORIENTED_EDGE('',*,*,#7628,.T.);
#7630=EDGE_LOOP('',(#7607,#7615,#7623,#7629));
#7631=FACE_BOUND('',#7630,.T.);
#7632=ADVANCED_FACE('',(#7631),#7597,.T.);
#7633=CARTESIAN_POINT('',(-35.759913213,18.9,-15.21184524));
#7634=DIRECTION('',(0.,-1.,0.));
#7635=DIRECTION('',(0.,0.,-1.));
#7636=AXIS2_PLACEMENT_3D('',#7633,#7634,#7635);
#7637=CYLINDRICAL_SURFACE('',#7636,0.6);
#7638=CARTESIAN_POINT('',(-35.759913213,13.51,-15.81184524));
#7639=VERTEX_POINT('',#7638);
#7640=CARTESIAN_POINT('',(-35.759913213,18.9,-15.81184524));
#7641=VERTEX_POINT('',#7640);
#7642=CARTESIAN_POINT('',(-35.759913213,13.51,-15.81184524));
#7643=DIRECTION('',(-0.,1.,-0.));
#7644=VECTOR('',#7643,5.39);
#7645=LINE('',#7642,#7644);
#7646=EDGE_CURVE('',#7639,#7641,#7645,.T.);
#7647=ORIENTED_EDGE('',*,*,#7646,.F.);
#7648=CARTESIAN_POINT('',(-35.405059252,13.51,-15.695662009));
#7649=VERTEX_POINT('',#7648);
#7650=CARTESIAN_POINT('',(-35.759913213,13.51,-15.21184524));
#7651=DIRECTION('',(0.,1.,0.));
#7652=DIRECTION('',(0.,0.,-1.));
#7653=AXIS2_PLACEMENT_3D('',#7650,#7651,#7652);
#7654=CIRCLE('',#7653,0.6);
#7655=EDGE_CURVE('',#7649,#7639,#7654,.T.);
#7656=ORIENTED_EDGE('',*,*,#7655,.F.);
#7657=CARTESIAN_POINT('',(-35.405059252,14.9,-15.695662009));
#7658=VERTEX_POINT('',#7657);
#7659=CARTESIAN_POINT('',(-35.405059252,14.9,-15.695662009));
#7660=DIRECTION('',(0.,-1.,0.));
#7661=VECTOR('',#7660,1.39);
#7662=LINE('',#7659,#7661);
#7663=EDGE_CURVE('',#7658,#7649,#7662,.T.);
#7664=ORIENTED_EDGE('',*,*,#7663,.F.);
#7665=CARTESIAN_POINT('',(-35.289578307,17.126336969,-14.839306549));
#7666=VERTEX_POINT('',#7665);
#7667=CARTESIAN_POINT('',(-35.289578307,17.126336969,-14.839306549));
#7668=CARTESIAN_POINT('',(-35.259168523,17.104448647,-14.877699294));
#7669=CARTESIAN_POINT('',(-35.235959834,17.077327989,-14.916394439));
#7670=CARTESIAN_POINT('',(-35.217703122,17.046100041,-14.954924596));
#7671=CARTESIAN_POINT('',(-35.19944641,17.014872092,-14.993454754));
#7672=CARTESIAN_POINT('',(-35.186374606,16.979426593,-15.031742912));
#7673=CARTESIAN_POINT('',(-35.177452243,16.942130911,-15.067834065));
#7674=CARTESIAN_POINT('',(-35.159607517,16.867539547,-15.140016371));
#7675=CARTESIAN_POINT('',(-35.15715443,16.782850334,-15.206212218));
#7676=CARTESIAN_POINT('',(-35.162170781,16.695113032,-15.263845103));
#7677=CARTESIAN_POINT('',(-35.172203483,16.519638427,-15.379110872));
#7678=CARTESIAN_POINT('',(-35.210763624,16.327060902,-15.46454228));
#7679=CARTESIAN_POINT('',(-35.249459546,16.131223589,-15.527181653));
#7680=CARTESIAN_POINT('',(-35.288155468,15.935386276,-15.589821027));
#7681=CARTESIAN_POINT('',(-35.32861292,15.734215412,-15.630832425));
#7682=CARTESIAN_POINT('',(-35.358038864,15.527264838,-15.65737527));
#7683=CARTESIAN_POINT('',(-35.387464808,15.320314265,-15.683918114));
#7684=CARTESIAN_POINT('',(-35.405059252,15.110970296,-15.695662009));
#7685=CARTESIAN_POINT('',(-35.405059252,14.9,-15.695662009));
#7686=B_SPLINE_CURVE_WITH_KNOTS('',3,(#7667,#7668,#7669,#7670,#7671,#7672,#7673,#7674,#7675,#7676,#7677,#7678,#7679,#7680,#7681,#7682,#7683,#7684,#7685),.UNSPECIFIED.,.F.,.F.,(4,3,3,3,3,3,4),(0.,0.000157866,0.000315732,0.000631464,0.001262927,0.001894391,0.002525855),.UNSPECIFIED.);
#7687=EDGE_CURVE('',#7666,#7658,#7686,.T.);
#7688=ORIENTED_EDGE('',*,*,#7687,.F.);
#7689=CARTESIAN_POINT('',(-35.289578307,18.9,-14.839306549));
#7690=VERTEX_POINT('',#7689);
#7691=CARTESIAN_POINT('',(-35.289578307,17.126336969,-14.839306549));
#7692=DIRECTION('',(-0.,1.,-0.));
#7693=VECTOR('',#7692,1.773663031);
#7694=LINE('',#7691,#7693);
#7695=EDGE_CURVE('',#7666,#7690,#7694,.T.);
#7696=ORIENTED_EDGE('',*,*,#7695,.T.);
#7697=CARTESIAN_POINT('',(-35.759913213,18.9,-15.21184524));
#7698=DIRECTION('',(0.,1.,0.));
#7699=DIRECTION('',(0.,-0.,1.));
#7700=AXIS2_PLACEMENT_3D('',#7697,#7698,#7699);
#7701=CIRCLE('',#7700,0.6);
#7702=EDGE_CURVE('',#7690,#7641,#7701,.T.);
#7703=ORIENTED_EDGE('',*,*,#7702,.T.);
#7704=EDGE_LOOP('',(#7647,#7656,#7664,#7688,#7696,#7703));
#7705=FACE_BOUND('',#7704,.T.);
#7706=ADVANCED_FACE('',(#7705),#7637,.F.);
#7707=CARTESIAN_POINT('',(-35.314313213,18.9,-14.4400434));
#7708=DIRECTION('',(-0.866025404,0.,0.5));
#7709=DIRECTION('',(0.5,0.,0.866025404));
#7710=AXIS2_PLACEMENT_3D('',#7707,#7708,#7709);
#7711=PLANE('',#7710);
#7712=CARTESIAN_POINT('',(-35.310301256,17.485372241,-14.433094487));
#7713=VERTEX_POINT('',#7712);
#7714=CARTESIAN_POINT('',(-35.31832517,17.470636468,-14.446992313));
#7715=VERTEX_POINT('',#7714);
#7716=CARTESIAN_POINT('',(-34.130698529,14.9,-12.389962631));
#7717=DIRECTION('',(-0.866025404,0.,0.5));
#7718=DIRECTION('',(0.5,0.,0.866025404));
#7719=AXIS2_PLACEMENT_3D('',#7716,#7717,#7718);
#7720=CIRCLE('',#7719,3.5);
#7721=EDGE_CURVE('',#7713,#7715,#7720,.T.);
#7722=ORIENTED_EDGE('',*,*,#7721,.F.);
#7723=CARTESIAN_POINT('',(-35.310301256,18.9,-14.433094487));
#7724=VERTEX_POINT('',#7723);
#7725=CARTESIAN_POINT('',(-35.310301256,17.485372241,-14.433094487));
#7726=DIRECTION('',(-0.,1.,-0.));
#7727=VECTOR('',#7726,1.414627759);
#7728=LINE('',#7725,#7727);
#7729=EDGE_CURVE('',#7713,#7724,#7728,.T.);
#7730=ORIENTED_EDGE('',*,*,#7729,.T.);
#7731=CARTESIAN_POINT('',(-35.31832517,18.9,-14.446992313));
#7732=VERTEX_POINT('',#7731);
#7733=CARTESIAN_POINT('',(-35.310301256,18.9,-14.433094487));
#7734=DIRECTION('',(-0.5,0.,-0.866025404));
#7735=VECTOR('',#7734,0.016047827);
#7736=LINE('',#7733,#7735);
#7737=EDGE_CURVE('',#7724,#7732,#7736,.T.);
#7738=ORIENTED_EDGE('',*,*,#7737,.T.);
#7739=CARTESIAN_POINT('',(-35.31832517,18.9,-14.446992313));
#7740=DIRECTION('',(0.,-1.,0.));
#7741=VECTOR('',#7740,1.429363532);
#7742=LINE('',#7739,#7741);
#7743=EDGE_CURVE('',#7732,#7715,#7742,.T.);
#7744=ORIENTED_EDGE('',*,*,#7743,.T.);
#7745=EDGE_LOOP('',(#7722,#7730,#7738,#7744));
#7746=FACE_BOUND('',#7745,.T.);
#7747=ADVANCED_FACE('',(#7746),#7711,.T.);
#7748=CARTESIAN_POINT('',(-32.93775592,18.9,-7.923725521));
#7749=DIRECTION('',(-0.866025404,0.,0.5));
#7750=DIRECTION('',(0.5,0.,0.866025404));
#7751=AXIS2_PLACEMENT_3D('',#7748,#7749,#7750);
#7752=PLANE('',#7751);
#7753=ORIENTED_EDGE('',*,*,#6988,.F.);
#7754=ORIENTED_EDGE('',*,*,#2984,.F.);
#7755=CARTESIAN_POINT('',(-35.297580503,18.9,-12.011061596));
#7756=VERTEX_POINT('',#7755);
#7757=CARTESIAN_POINT('',(-30.577931337,18.9,-3.836389447));
#7758=DIRECTION('',(-0.5,0.,-0.866025404));
#7759=VECTOR('',#7758,9.439298332);
#7760=LINE('',#7757,#7759);
#7761=EDGE_CURVE('',#2970,#7756,#7760,.T.);
#7762=ORIENTED_EDGE('',*,*,#7761,.T.);
#7763=CARTESIAN_POINT('',(-35.297580503,18.9,-12.011061596));
#7764=DIRECTION('',(0.,-1.,0.));
#7765=VECTOR('',#7764,1.);
#7766=LINE('',#7763,#7765);
#7767=EDGE_CURVE('',#7756,#6983,#7766,.T.);
#7768=ORIENTED_EDGE('',*,*,#7767,.T.);
#7769=EDGE_LOOP('',(#7753,#7754,#7762,#7768));
#7770=FACE_BOUND('',#7769,.T.);
#7771=ADVANCED_FACE('',(#7770),#7752,.T.);
#7772=CARTESIAN_POINT('',(-2.76,18.9,0.9));
#7773=DIRECTION('',(0.,0.,1.));
#7774=DIRECTION('',(1.,0.,0.));
#7775=AXIS2_PLACEMENT_3D('',#7772,#7773,#7774);
#7776=PLANE('',#7775);
#7777=ORIENTED_EDGE('',*,*,#7138,.F.);
#7778=ORIENTED_EDGE('',*,*,#445,.F.);
#7779=CARTESIAN_POINT('',(17.007368405,18.9,0.9));
#7780=DIRECTION('',(-1.,0.,0.));
#7781=VECTOR('',#7780,39.534736811);
#7782=LINE('',#7779,#7781);
#7783=EDGE_CURVE('',#438,#415,#7782,.T.);
#7784=ORIENTED_EDGE('',*,*,#7783,.T.);
#7785=ORIENTED_EDGE('',*,*,#420,.T.);
#7786=EDGE_LOOP('',(#7777,#7778,#7784,#7785));
#7787=FACE_BOUND('',#7786,.T.);
#7788=ADVANCED_FACE('',(#7787),#7776,.T.);
#7789=CARTESIAN_POINT('',(20.356411272,18.9,-0.634872992));
#7790=DIRECTION('',(0.,-1.,0.));
#7791=DIRECTION('',(0.,0.,-1.));
#7792=AXIS2_PLACEMENT_3D('',#7789,#7790,#7791);
#7793=CYLINDRICAL_SURFACE('',#7792,0.6);
#7794=CARTESIAN_POINT('',(20.356411272,18.9,-1.234872992));
#7795=VERTEX_POINT('',#7794);
#7796=CARTESIAN_POINT('',(20.356411272,13.51,-1.234872992));
#7797=DIRECTION('',(-0.,1.,-0.));
#7798=VECTOR('',#7797,5.39);
#7799=LINE('',#7796,#7798);
#7800=EDGE_CURVE('',#2705,#7795,#7799,.T.);
#7801=ORIENTED_EDGE('',*,*,#7800,.F.);
#7802=ORIENTED_EDGE('',*,*,#2711,.F.);
#7803=CARTESIAN_POINT('',(20.770652821,18.9,-1.068928218));
#7804=VERTEX_POINT('',#7803);
#7805=CARTESIAN_POINT('',(20.770652821,13.51,-1.068928218));
#7806=DIRECTION('',(-0.,1.,-0.));
#7807=VECTOR('',#7806,5.39);
#7808=LINE('',#7805,#7807);
#7809=EDGE_CURVE('',#2696,#7804,#7808,.T.);
#7810=ORIENTED_EDGE('',*,*,#7809,.T.);
#7811=CARTESIAN_POINT('',(20.356411272,18.9,-0.634872992));
#7812=DIRECTION('',(0.,1.,0.));
#7813=DIRECTION('',(0.,-0.,1.));
#7814=AXIS2_PLACEMENT_3D('',#7811,#7812,#7813);
#7815=CIRCLE('',#7814,0.6);
#7816=EDGE_CURVE('',#7804,#7795,#7815,.T.);
#7817=ORIENTED_EDGE('',*,*,#7816,.T.);
#7818=EDGE_LOOP('',(#7801,#7802,#7810,#7817));
#7819=FACE_BOUND('',#7818,.T.);
#7820=ADVANCED_FACE('',(#7819),#7793,.F.);
#7821=CARTESIAN_POINT('',(22.504210226,18.9,-3.511131282));
#7822=DIRECTION('',(0.5,0.,-0.866025404));
#7823=DIRECTION('',(-0.866025404,0.,-0.5));
#7824=AXIS2_PLACEMENT_3D('',#7821,#7822,#7823);
#7825=PLANE('',#7824);
#7826=ORIENTED_EDGE('',*,*,#7346,.T.);
#7827=CARTESIAN_POINT('',(22.793220296,18.9,-3.34427124));
#7828=VERTEX_POINT('',#7827);
#7829=CARTESIAN_POINT('',(22.793220296,18.9,-3.34427124));
#7830=DIRECTION('',(0.,-1.,0.));
#7831=VECTOR('',#7830,1.);
#7832=LINE('',#7829,#7831);
#7833=EDGE_CURVE('',#7828,#7334,#7832,.T.);
#7834=ORIENTED_EDGE('',*,*,#7833,.F.);
#7835=CARTESIAN_POINT('',(22.785756004,18.9,-3.348580752));
#7836=DIRECTION('',(0.866025404,0.,0.5));
#7837=VECTOR('',#7836,0.008619023);
#7838=LINE('',#7835,#7837);
#7839=EDGE_CURVE('',#1979,#7828,#7838,.T.);
#7840=ORIENTED_EDGE('',*,*,#7839,.F.);
#7841=ORIENTED_EDGE('',*,*,#1984,.T.);
#7842=EDGE_LOOP('',(#7826,#7834,#7840,#7841));
#7843=FACE_BOUND('',#7842,.T.);
#7844=ADVANCED_FACE('',(#7843),#7825,.F.);
#7845=CARTESIAN_POINT('',(27.427755963,18.9,-7.906404988));
#7846=DIRECTION('',(0.866025404,0.,0.5));
#7847=DIRECTION('',(0.5,0.,-0.866025404));
#7848=AXIS2_PLACEMENT_3D('',#7845,#7846,#7847);
#7849=PLANE('',#7848);
#7850=ORIENTED_EDGE('',*,*,#7318,.F.);
#7851=ORIENTED_EDGE('',*,*,#2239,.F.);
#7852=CARTESIAN_POINT('',(29.787580519,18.9,-11.993741016));
#7853=DIRECTION('',(-0.5,0.,0.866025404));
#7854=VECTOR('',#7853,9.439298224);
#7855=LINE('',#7852,#7854);
#7856=EDGE_CURVE('',#2225,#2191,#7855,.T.);
#7857=ORIENTED_EDGE('',*,*,#7856,.T.);
#7858=ORIENTED_EDGE('',*,*,#2196,.T.);
#7859=EDGE_LOOP('',(#7850,#7851,#7857,#7858));
#7860=FACE_BOUND('',#7859,.T.);
#7861=ADVANCED_FACE('',(#7860),#7849,.T.);
#7862=CARTESIAN_POINT('',(29.800261697,18.9,-14.415705461));
#7863=DIRECTION('',(-0.866025404,0.,-0.5));
#7864=DIRECTION('',(-0.5,0.,0.866025404));
#7865=AXIS2_PLACEMENT_3D('',#7862,#7863,#7864);
#7866=PLANE('',#7865);
#7867=CARTESIAN_POINT('',(29.796249741,18.9,-14.408756548));
#7868=VERTEX_POINT('',#7867);
#7869=CARTESIAN_POINT('',(29.796249741,17.492700741,-14.408756548));
#7870=VERTEX_POINT('',#7869);
#7871=CARTESIAN_POINT('',(29.796249741,18.9,-14.408756548));
#7872=DIRECTION('',(-0.,-1.,-0.));
#7873=VECTOR('',#7872,1.407299259);
#7874=LINE('',#7871,#7873);
#7875=EDGE_CURVE('',#7868,#7870,#7874,.T.);
#7876=ORIENTED_EDGE('',*,*,#7875,.T.);
#7877=CARTESIAN_POINT('',(29.804273654,17.478057006,-14.422654373));
#7878=VERTEX_POINT('',#7877);
#7879=CARTESIAN_POINT('',(28.620675108,14.9,-12.372601556));
#7880=DIRECTION('',(-0.866025404,0.,-0.5));
#7881=DIRECTION('',(-0.5,0.,0.866025404));
#7882=AXIS2_PLACEMENT_3D('',#7879,#7880,#7881);
#7883=CIRCLE('',#7882,3.5);
#7884=EDGE_CURVE('',#7870,#7878,#7883,.T.);
#7885=ORIENTED_EDGE('',*,*,#7884,.T.);
#7886=CARTESIAN_POINT('',(29.804273654,18.9,-14.422654373));
#7887=VERTEX_POINT('',#7886);
#7888=CARTESIAN_POINT('',(29.804273654,17.478057006,-14.422654373));
#7889=DIRECTION('',(0.,1.,0.));
#7890=VECTOR('',#7889,1.421942994);
#7891=LINE('',#7888,#7890);
#7892=EDGE_CURVE('',#7878,#7887,#7891,.T.);
#7893=ORIENTED_EDGE('',*,*,#7892,.T.);
#7894=CARTESIAN_POINT('',(29.796249741,18.9,-14.408756548));
#7895=DIRECTION('',(0.5,0.,-0.866025404));
#7896=VECTOR('',#7895,0.016047827);
#7897=LINE('',#7894,#7896);
#7898=EDGE_CURVE('',#7868,#7887,#7897,.T.);
#7899=ORIENTED_EDGE('',*,*,#7898,.F.);
#7900=EDGE_LOOP('',(#7876,#7885,#7893,#7899));
#7901=FACE_BOUND('',#7900,.T.);
#7902=ADVANCED_FACE('',(#7901),#7866,.F.);
#7903=CARTESIAN_POINT('',(30.245861697,18.9,-15.1875073));
#7904=DIRECTION('',(0.,-1.,0.));
#7905=DIRECTION('',(0.,0.,-1.));
#7906=AXIS2_PLACEMENT_3D('',#7903,#7904,#7905);
#7907=CYLINDRICAL_SURFACE('',#7906,0.6);
#7908=CARTESIAN_POINT('',(30.245861697,13.51,-15.7875073));
#7909=VERTEX_POINT('',#7908);
#7910=CARTESIAN_POINT('',(30.245861697,18.9,-15.7875073));
#7911=VERTEX_POINT('',#7910);
#7912=CARTESIAN_POINT('',(30.245861697,13.51,-15.7875073));
#7913=DIRECTION('',(-0.,1.,-0.));
#7914=VECTOR('',#7913,5.39);
#7915=LINE('',#7912,#7914);
#7916=EDGE_CURVE('',#7909,#7911,#7915,.T.);
#7917=ORIENTED_EDGE('',*,*,#7916,.F.);
#7918=CARTESIAN_POINT('',(30.333322214,13.51,-15.781098623));
#7919=VERTEX_POINT('',#7918);
#7920=CARTESIAN_POINT('',(30.245861697,13.51,-15.1875073));
#7921=DIRECTION('',(0.,1.,0.));
#7922=DIRECTION('',(0.,0.,-1.));
#7923=AXIS2_PLACEMENT_3D('',#7920,#7921,#7922);
#7924=CIRCLE('',#7923,0.6);
#7925=EDGE_CURVE('',#7919,#7909,#7924,.T.);
#7926=ORIENTED_EDGE('',*,*,#7925,.F.);
#7927=CARTESIAN_POINT('',(30.333322214,18.9,-15.781098623));
#7928=VERTEX_POINT('',#7927);
#7929=CARTESIAN_POINT('',(30.333322214,13.51,-15.781098623));
#7930=DIRECTION('',(-0.,1.,-0.));
#7931=VECTOR('',#7930,5.39);
#7932=LINE('',#7929,#7931);
#7933=EDGE_CURVE('',#7919,#7928,#7932,.T.);
#7934=ORIENTED_EDGE('',*,*,#7933,.T.);
#7935=CARTESIAN_POINT('',(30.245861697,18.9,-15.1875073));
#7936=DIRECTION('',(0.,1.,0.));
#7937=DIRECTION('',(0.,-0.,1.));
#7938=AXIS2_PLACEMENT_3D('',#7935,#7936,#7937);
#7939=CIRCLE('',#7938,0.6);
#7940=EDGE_CURVE('',#7928,#7911,#7939,.T.);
#7941=ORIENTED_EDGE('',*,*,#7940,.T.);
#7942=EDGE_LOOP('',(#7917,#7926,#7934,#7941));
#7943=FACE_BOUND('',#7942,.T.);
#7944=ADVANCED_FACE('',(#7943),#7907,.F.);
#7945=CARTESIAN_POINT('',(30.691461697,18.9,-15.95930914));
#7946=DIRECTION('',(-0.866025404,0.,-0.5));
#7947=DIRECTION('',(-0.5,0.,0.866025404));
#7948=AXIS2_PLACEMENT_3D('',#7945,#7946,#7947);
#7949=PLANE('',#7948);
#7950=CARTESIAN_POINT('',(30.687449741,18.9,-15.952360227));
#7951=VERTEX_POINT('',#7950);
#7952=CARTESIAN_POINT('',(30.695473654,18.9,-15.966258053));
#7953=VERTEX_POINT('',#7952);
#7954=CARTESIAN_POINT('',(30.687449741,18.9,-15.952360227));
#7955=DIRECTION('',(0.5,0.,-0.866025404));
#7956=VECTOR('',#7955,0.016047827);
#7957=LINE('',#7954,#7956);
#7958=EDGE_CURVE('',#7951,#7953,#7957,.T.);
#7959=ORIENTED_EDGE('',*,*,#7958,.F.);
#7960=CARTESIAN_POINT('',(30.687449741,13.51,-15.952360227));
#7961=VERTEX_POINT('',#7960);
#7962=CARTESIAN_POINT('',(30.687449741,18.9,-15.952360227));
#7963=DIRECTION('',(-0.,-1.,-0.));
#7964=VECTOR('',#7963,5.39);
#7965=LINE('',#7962,#7964);
#7966=EDGE_CURVE('',#7951,#7961,#7965,.T.);
#7967=ORIENTED_EDGE('',*,*,#7966,.T.);
#7968=CARTESIAN_POINT('',(30.695473654,13.51,-15.966258053));
#7969=VERTEX_POINT('',#7968);
#7970=CARTESIAN_POINT('',(30.687449741,13.51,-15.952360227));
#7971=DIRECTION('',(0.5,0.,-0.866025404));
#7972=VECTOR('',#7971,0.016047827);
#7973=LINE('',#7970,#7972);
#7974=EDGE_CURVE('',#7961,#7969,#7973,.T.);
#7975=ORIENTED_EDGE('',*,*,#7974,.T.);
#7976=CARTESIAN_POINT('',(30.695473654,13.51,-15.966258053));
#7977=DIRECTION('',(0.,1.,0.));
#7978=VECTOR('',#7977,5.39);
#7979=LINE('',#7976,#7978);
#7980=EDGE_CURVE('',#7969,#7953,#7979,.T.);
#7981=ORIENTED_EDGE('',*,*,#7980,.T.);
#7982=EDGE_LOOP('',(#7959,#7967,#7975,#7981));
#7983=FACE_BOUND('',#7982,.T.);
#7984=ADVANCED_FACE('',(#7983),#7949,.F.);
#7985=CARTESIAN_POINT('',(31.137061697,18.9,-16.73111098));
#7986=DIRECTION('',(0.,-1.,0.));
#7987=DIRECTION('',(0.,0.,-1.));
#7988=AXIS2_PLACEMENT_3D('',#7985,#7986,#7987);
#7989=CYLINDRICAL_SURFACE('',#7988,0.6);
#7990=CARTESIAN_POINT('',(31.137061825,16.787391568,-17.331241033));
#7991=VERTEX_POINT('',#7990);
#7992=CARTESIAN_POINT('',(31.137061697,18.9,-17.33111098));
#7993=VERTEX_POINT('',#7992);
#7994=CARTESIAN_POINT('',(31.137061697,16.787391568,-17.33111098));
#7995=DIRECTION('',(-0.,1.,-0.));
#7996=VECTOR('',#7995,2.112608432);
#7997=LINE('',#7994,#7996);
#7998=EDGE_CURVE('',#7991,#7993,#7997,.T.);
#7999=ORIENTED_EDGE('',*,*,#7998,.F.);
#8000=CARTESIAN_POINT('',(31.224522214,16.845610168,-17.324702303));
#8001=VERTEX_POINT('',#8000);
#8002=CARTESIAN_POINT('',(31.224522214,16.845610168,-17.324702303));
#8003=CARTESIAN_POINT('',(31.144905073,16.801273593,-17.336433196));
#8004=CARTESIAN_POINT('',(31.076335057,16.74057129,-17.331046669));
#8005=CARTESIAN_POINT('',(31.017466153,16.672811581,-17.319070933));
#8006=CARTESIAN_POINT('',(30.958597249,16.605051873,-17.307095197));
#8007=CARTESIAN_POINT('',(30.910278184,16.531249646,-17.288533715));
#8008=CARTESIAN_POINT('',(30.8687851,16.453074578,-17.267793072));
#8009=CARTESIAN_POINT('',(30.785798931,16.296724443,-17.226311785));
#8010=CARTESIAN_POINT('',(30.733773721,16.13162772,-17.178860422));
#8011=CARTESIAN_POINT('',(30.695914834,15.960171057,-17.137791992));
#8012=CARTESIAN_POINT('',(30.658055948,15.788714393,-17.096723562));
#8013=CARTESIAN_POINT('',(30.63579022,15.612939706,-17.061985458));
#8014=CARTESIAN_POINT('',(30.621752744,15.436181499,-17.03844904));
#8015=CARTESIAN_POINT('',(30.607715268,15.259423292,-17.014912622));
#8016=CARTESIAN_POINT('',(30.601820819,15.080707611,-17.002251537));
#8017=CARTESIAN_POINT('',(30.601820819,14.9,-17.002251537));
#8018=B_SPLINE_CURVE_WITH_KNOTS('',3,(#8002,#8003,#8004,#8005,#8006,#8007,#8008,#8009,#8010,#8011,#8012,#8013,#8014,#8015,#8016,#8017),.UNSPECIFIED.,.F.,.F.,(4,3,3,3,3,4),(0.,0.000270106,0.000540212,0.001080424,0.001620636,0.002160849),.UNSPECIFIED.);
#8019=EDGE_CURVE('',#8001,#7991,#8018,.T.);
#8020=ORIENTED_EDGE('',*,*,#8019,.F.);
#8021=CARTESIAN_POINT('',(31.224522214,18.9,-17.324702303));
#8022=VERTEX_POINT('',#8021);
#8023=CARTESIAN_POINT('',(31.224522214,16.845610168,-17.324702303));
#8024=DIRECTION('',(-0.,1.,-0.));
#8025=VECTOR('',#8024,2.054389832);
#8026=LINE('',#8023,#8025);
#8027=EDGE_CURVE('',#8001,#8022,#8026,.T.);
#8028=ORIENTED_EDGE('',*,*,#8027,.T.);
#8029=CARTESIAN_POINT('',(31.137061697,18.9,-16.73111098));
#8030=DIRECTION('',(0.,1.,0.));
#8031=DIRECTION('',(0.,-0.,1.));
#8032=AXIS2_PLACEMENT_3D('',#8029,#8030,#8031);
#8033=CIRCLE('',#8032,0.6);
#8034=EDGE_CURVE('',#8022,#7993,#8033,.T.);
#8035=ORIENTED_EDGE('',*,*,#8034,.T.);
#8036=EDGE_LOOP('',(#7999,#8020,#8028,#8035));
#8037=FACE_BOUND('',#8036,.T.);
#8038=ADVANCED_FACE('',(#8037),#7989,.F.);
#8039=CARTESIAN_POINT('',(31.582661697,18.9,-17.50291282));
#8040=DIRECTION('',(-0.866025404,0.,-0.5));
#8041=DIRECTION('',(-0.5,0.,0.866025404));
#8042=AXIS2_PLACEMENT_3D('',#8039,#8040,#8041);
#8043=PLANE('',#8042);
#8044=CARTESIAN_POINT('',(31.578649741,18.9,-17.495963907));
#8045=VERTEX_POINT('',#8044);
#8046=CARTESIAN_POINT('',(31.578649741,17.260688574,-17.495963907));
#8047=VERTEX_POINT('',#8046);
#8048=CARTESIAN_POINT('',(31.578649741,18.9,-17.495963907));
#8049=DIRECTION('',(-0.,-1.,-0.));
#8050=VECTOR('',#8049,1.639311426);
#8051=LINE('',#8048,#8050);
#8052=EDGE_CURVE('',#8045,#8047,#8051,.T.);
#8053=ORIENTED_EDGE('',*,*,#8052,.T.);
#8054=CARTESIAN_POINT('',(31.586673654,17.278135563,-17.509861733));
#8055=VERTEX_POINT('',#8054);
#8056=CARTESIAN_POINT('',(32.870658783,14.9,-19.733789212));
#8057=DIRECTION('',(-0.866025404,0.,-0.5));
#8058=DIRECTION('',(-0.5,0.,0.866025404));
#8059=AXIS2_PLACEMENT_3D('',#8056,#8057,#8058);
#8060=CIRCLE('',#8059,3.5);
#8061=EDGE_CURVE('',#8047,#8055,#8060,.T.);
#8062=ORIENTED_EDGE('',*,*,#8061,.T.);
#8063=CARTESIAN_POINT('',(31.586673654,18.9,-17.509861733));
#8064=VERTEX_POINT('',#8063);
#8065=CARTESIAN_POINT('',(31.586673654,17.278135563,-17.509861733));
#8066=DIRECTION('',(0.,1.,0.));
#8067=VECTOR('',#8066,1.621864437);
#8068=LINE('',#8065,#8067);
#8069=EDGE_CURVE('',#8055,#8064,#8068,.T.);
#8070=ORIENTED_EDGE('',*,*,#8069,.T.);
#8071=CARTESIAN_POINT('',(31.578649741,18.9,-17.495963907));
#8072=DIRECTION('',(0.5,0.,-0.866025404));
#8073=VECTOR('',#8072,0.016047827);
#8074=LINE('',#8071,#8073);
#8075=EDGE_CURVE('',#8045,#8064,#8074,.T.);
#8076=ORIENTED_EDGE('',*,*,#8075,.F.);
#8077=EDGE_LOOP('',(#8053,#8062,#8070,#8076));
#8078=FACE_BOUND('',#8077,.T.);
#8079=ADVANCED_FACE('',(#8078),#8043,.F.);
#8080=CARTESIAN_POINT('',(36.142230262,18.9,-23.000317234));
#8081=DIRECTION('',(0.866025404,0.,0.5));
#8082=DIRECTION('',(0.5,0.,-0.866025404));
#8083=AXIS2_PLACEMENT_3D('',#8080,#8081,#8082);
#8084=PLANE('',#8083);
#8085=ORIENTED_EDGE('',*,*,#7215,.F.);
#8086=ORIENTED_EDGE('',*,*,#5737,.F.);
#8087=CARTESIAN_POINT('',(38.497556645,18.9,-27.079862198));
#8088=DIRECTION('',(-0.5,0.,0.866025404));
#8089=VECTOR('',#8088,9.421305534);
#8090=LINE('',#8087,#8089);
#8091=EDGE_CURVE('',#5723,#5680,#8090,.T.);
#8092=ORIENTED_EDGE('',*,*,#8091,.T.);
#8093=ORIENTED_EDGE('',*,*,#5702,.T.);
#8094=EDGE_LOOP('',(#8085,#8086,#8092,#8093));
#8095=FACE_BOUND('',#8094,.T.);
#8096=ADVANCED_FACE('',(#8095),#8084,.T.);
#8097=CARTESIAN_POINT('',(38.266694609,18.9,-29.079997422));
#8098=DIRECTION('',(0.,-1.,0.));
#8099=DIRECTION('',(0.,0.,-1.));
#8100=AXIS2_PLACEMENT_3D('',#8097,#8098,#8099);
#8101=CYLINDRICAL_SURFACE('',#8100,0.6);
#8102=CARTESIAN_POINT('',(38.266694661,17.464321986,-29.680090461));
#8103=VERTEX_POINT('',#8102);
#8104=CARTESIAN_POINT('',(38.266694609,18.9,-29.679997422));
#8105=VERTEX_POINT('',#8104);
#8106=CARTESIAN_POINT('',(38.266694609,17.464321986,-29.679997422));
#8107=DIRECTION('',(-0.,1.,-0.));
#8108=VECTOR('',#8107,1.435678014);
#8109=LINE('',#8106,#8108);
#8110=EDGE_CURVE('',#8103,#8105,#8109,.T.);
#8111=ORIENTED_EDGE('',*,*,#8110,.F.);
#8112=CARTESIAN_POINT('',(38.354155126,17.428396988,-29.673588744));
#8113=CARTESIAN_POINT('',(38.282529013,17.453928681,-29.684142229));
#8114=CARTESIAN_POINT('',(38.21498722,17.487709623,-29.681409299));
#8115=CARTESIAN_POINT('',(38.150141239,17.526075759,-29.668567989));
#8116=CARTESIAN_POINT('',(38.085295259,17.564441895,-29.655726678));
#8117=CARTESIAN_POINT('',(38.026273191,17.605630702,-29.633292339));
#8118=CARTESIAN_POINT('',(37.971633362,17.648250797,-29.60243293));
#8119=CARTESIAN_POINT('',(37.862353703,17.733490988,-29.540714113));
#8120=CARTESIAN_POINT('',(37.773828075,17.821566972,-29.446450513));
#8121=CARTESIAN_POINT('',(37.719850983,17.89999991,-29.32690236));
#8122=B_SPLINE_CURVE_WITH_KNOTS('',3,(#8112,#8113,#8114,#8115,#8116,#8117,#8118,#8119,#8120,#8121),.UNSPECIFIED.,.F.,.F.,(4,3,3,4),(0.,0.00022625,0.0004525,0.000905),.UNSPECIFIED.);
#8123=EDGE_CURVE('',#6172,#8103,#8122,.T.);
#8124=ORIENTED_EDGE('',*,*,#8123,.F.);
#8125=ORIENTED_EDGE('',*,*,#6200,.T.);
#8126=CARTESIAN_POINT('',(38.266694609,18.9,-29.079997422));
#8127=DIRECTION('',(0.,1.,0.));
#8128=DIRECTION('',(0.,-0.,1.));
#8129=AXIS2_PLACEMENT_3D('',#8126,#8127,#8128);
#8130=CIRCLE('',#8129,0.6);
#8131=EDGE_CURVE('',#6188,#8105,#8130,.T.);
#8132=ORIENTED_EDGE('',*,*,#8131,.T.);
#8133=EDGE_LOOP('',(#8111,#8124,#8125,#8132));
#8134=FACE_BOUND('',#8133,.T.);
#8135=ADVANCED_FACE('',(#8134),#8101,.F.);
#8136=CARTESIAN_POINT('',(39.157894609,18.9,-30.623601102));
#8137=DIRECTION('',(0.,-1.,0.));
#8138=DIRECTION('',(0.,0.,-1.));
#8139=AXIS2_PLACEMENT_3D('',#8136,#8137,#8138);
#8140=CYLINDRICAL_SURFACE('',#8139,0.6);
#8141=CARTESIAN_POINT('',(39.157894609,18.9,-31.223601102));
#8142=VERTEX_POINT('',#8141);
#8143=CARTESIAN_POINT('',(39.157894609,13.51,-31.223601102));
#8144=DIRECTION('',(-0.,1.,-0.));
#8145=VECTOR('',#8144,5.39);
#8146=LINE('',#8143,#8145);
#8147=EDGE_CURVE('',#6295,#8142,#8146,.T.);
#8148=ORIENTED_EDGE('',*,*,#8147,.F.);
#8149=ORIENTED_EDGE('',*,*,#6301,.F.);
#8150=CARTESIAN_POINT('',(39.245355126,18.9,-31.217192424));
#8151=VERTEX_POINT('',#8150);
#8152=CARTESIAN_POINT('',(39.245355126,13.51,-31.217192424));
#8153=DIRECTION('',(-0.,1.,-0.));
#8154=VECTOR('',#8153,5.39);
#8155=LINE('',#8152,#8154);
#8156=EDGE_CURVE('',#6286,#8151,#8155,.T.);
#8157=ORIENTED_EDGE('',*,*,#8156,.T.);
#8158=CARTESIAN_POINT('',(39.157894609,18.9,-30.623601102));
#8159=DIRECTION('',(0.,1.,0.));
#8160=DIRECTION('',(0.,-0.,1.));
#8161=AXIS2_PLACEMENT_3D('',#8158,#8159,#8160);
#8162=CIRCLE('',#8161,0.6);
#8163=EDGE_CURVE('',#8151,#8142,#8162,.T.);
#8164=ORIENTED_EDGE('',*,*,#8163,.T.);
#8165=EDGE_LOOP('',(#8148,#8149,#8157,#8164));
#8166=FACE_BOUND('',#8165,.T.);
#8167=ADVANCED_FACE('',(#8166),#8140,.F.);
#8168=CARTESIAN_POINT('',(39.603494609,18.9,-31.395402942));
#8169=DIRECTION('',(0.866025404,0.,0.5));
#8170=DIRECTION('',(0.5,0.,-0.866025404));
#8171=AXIS2_PLACEMENT_3D('',#8168,#8169,#8170);
#8172=PLANE('',#8171);
#8173=CARTESIAN_POINT('',(39.607506566,18.9,-31.402351854));
#8174=VERTEX_POINT('',#8173);
#8175=CARTESIAN_POINT('',(39.599482652,18.9,-31.388454029));
#8176=VERTEX_POINT('',#8175);
#8177=CARTESIAN_POINT('',(39.607506566,18.9,-31.402351854));
#8178=DIRECTION('',(-0.5,0.,0.866025404));
#8179=VECTOR('',#8178,0.016047827);
#8180=LINE('',#8177,#8179);
#8181=EDGE_CURVE('',#8174,#8176,#8180,.T.);
#8182=ORIENTED_EDGE('',*,*,#8181,.T.);
#8183=CARTESIAN_POINT('',(39.599482652,18.9,-31.388454029));
#8184=DIRECTION('',(0.,-1.,0.));
#8185=VECTOR('',#8184,5.39);
#8186=LINE('',#8183,#8185);
#8187=EDGE_CURVE('',#8176,#6278,#8186,.T.);
#8188=ORIENTED_EDGE('',*,*,#8187,.T.);
#8189=ORIENTED_EDGE('',*,*,#6283,.F.);
#8190=CARTESIAN_POINT('',(39.607506566,13.51,-31.402351854));
#8191=DIRECTION('',(-0.,1.,-0.));
#8192=VECTOR('',#8191,5.39);
#8193=LINE('',#8190,#8192);
#8194=EDGE_CURVE('',#6269,#8174,#8193,.T.);
#8195=ORIENTED_EDGE('',*,*,#8194,.T.);
#8196=EDGE_LOOP('',(#8182,#8188,#8189,#8195));
#8197=FACE_BOUND('',#8196,.T.);
#8198=ADVANCED_FACE('',(#8197),#8172,.T.);
#8199=CARTESIAN_POINT('',(40.049094609,18.9,-32.167204781));
#8200=DIRECTION('',(0.,-1.,0.));
#8201=DIRECTION('',(0.,0.,-1.));
#8202=AXIS2_PLACEMENT_3D('',#8199,#8200,#8201);
#8203=CYLINDRICAL_SURFACE('',#8202,0.6);
#8204=CARTESIAN_POINT('',(40.049094656,17.293970907,-32.767269653));
#8205=VERTEX_POINT('',#8204);
#8206=CARTESIAN_POINT('',(40.049094609,18.9,-32.767204781));
#8207=VERTEX_POINT('',#8206);
#8208=CARTESIAN_POINT('',(40.049094609,17.293970907,-32.767204781));
#8209=DIRECTION('',(-0.,1.,-0.));
#8210=VECTOR('',#8209,1.606029093);
#8211=LINE('',#8208,#8210);
#8212=EDGE_CURVE('',#8205,#8207,#8211,.T.);
#8213=ORIENTED_EDGE('',*,*,#8212,.F.);
#8214=CARTESIAN_POINT('',(40.136555126,17.334052051,-32.760796104));
#8215=VERTEX_POINT('',#8214);
#8216=CARTESIAN_POINT('',(40.136555126,17.334052051,-32.760796104));
#8217=CARTESIAN_POINT('',(40.025515844,17.291325424,-32.777156776));
#8218=CARTESIAN_POINT('',(39.925686161,17.222464377,-32.760774407));
#8219=CARTESIAN_POINT('',(39.844012849,17.142713689,-32.731067772));
#8220=CARTESIAN_POINT('',(39.803176192,17.102838346,-32.716214454));
#8221=CARTESIAN_POINT('',(39.766081174,17.059507001,-32.697668807));
#8222=CARTESIAN_POINT('',(39.733280912,17.014686158,-32.677363295));
#8223=CARTESIAN_POINT('',(39.70048065,16.969865315,-32.657057783));
#8224=CARTESIAN_POINT('',(39.671800987,16.923505172,-32.634995122));
#8225=CARTESIAN_POINT('',(39.646364176,16.875738975,-32.611961118));
#8226=CARTESIAN_POINT('',(39.595490556,16.78020658,-32.565893109));
#8227=CARTESIAN_POINT('',(39.557485167,16.678415293,-32.51574277));
#8228=CARTESIAN_POINT('',(39.529400038,16.57533598,-32.467067339));
#8229=CARTESIAN_POINT('',(39.501314909,16.472256666,-32.418391907));
#8230=CARTESIAN_POINT('',(39.482675522,16.366941895,-32.370596781));
#8231=CARTESIAN_POINT('',(39.470308937,16.25927449,-32.325341262));
#8232=CARTESIAN_POINT('',(39.457942351,16.151607085,-32.280085743));
#8233=CARTESIAN_POINT('',(39.451958761,16.041139091,-32.237195897));
#8234=CARTESIAN_POINT('',(39.449932834,15.930190845,-32.198909158));
#8235=CARTESIAN_POINT('',(39.447906907,15.8192426,-32.16062242));
#8236=CARTESIAN_POINT('',(39.449784865,15.70742539,-32.126721057));
#8237=CARTESIAN_POINT('',(39.453049532,15.594451947,-32.098427848));
#8238=CARTESIAN_POINT('',(39.459578866,15.368505059,-32.041841428));
#8239=CARTESIAN_POINT('',(39.470620739,15.137869301,-32.007931489));
#8240=CARTESIAN_POINT('',(39.470620739,14.9,-32.007931489));
#8241=B_SPLINE_CURVE_WITH_KNOTS('',3,(#8216,#8217,#8218,#8219,#8220,#8221,#8222,#8223,#8224,#8225,#8226,#8227,#8228,#8229,#8230,#8231,#8232,#8233,#8234,#8235,#8236,#8237,#8238,#8239,#8240),.UNSPECIFIED.,.F.,.F.,(4,3,3,3,3,3,3,3,4),(0.,0.000353719,0.000530578,0.000707437,0.001061156,0.001414874,0.001768593,0.002122311,0.002829748),.UNSPECIFIED.);
#8242=EDGE_CURVE('',#8215,#8205,#8241,.T.);
#8243=ORIENTED_EDGE('',*,*,#8242,.F.);
#8244=CARTESIAN_POINT('',(40.136555126,18.9,-32.760796104));
#8245=VERTEX_POINT('',#8244);
#8246=CARTESIAN_POINT('',(40.136555126,17.334052051,-32.760796104));
#8247=DIRECTION('',(-0.,1.,-0.));
#8248=VECTOR('',#8247,1.565947949);
#8249=LINE('',#8246,#8248);
#8250=EDGE_CURVE('',#8215,#8245,#8249,.T.);
#8251=ORIENTED_EDGE('',*,*,#8250,.T.);
#8252=CARTESIAN_POINT('',(40.049094609,18.9,-32.167204781));
#8253=DIRECTION('',(0.,1.,0.));
#8254=DIRECTION('',(0.,-0.,1.));
#8255=AXIS2_PLACEMENT_3D('',#8252,#8253,#8254);
#8256=CIRCLE('',#8255,0.6);
#8257=EDGE_CURVE('',#8245,#8207,#8256,.T.);
#8258=ORIENTED_EDGE('',*,*,#8257,.T.);
#8259=EDGE_LOOP('',(#8213,#8243,#8251,#8258));
#8260=FACE_BOUND('',#8259,.T.);
#8261=ADVANCED_FACE('',(#8260),#8203,.F.);
#8262=CARTESIAN_POINT('',(40.494694609,18.9,-32.939006621));
#8263=DIRECTION('',(0.866025404,0.,0.5));
#8264=DIRECTION('',(0.5,0.,-0.866025404));
#8265=AXIS2_PLACEMENT_3D('',#8262,#8263,#8264);
#8266=PLANE('',#8265);
#8267=CARTESIAN_POINT('',(40.498706566,17.643254228,-32.945955534));
#8268=VERTEX_POINT('',#8267);
#8269=CARTESIAN_POINT('',(40.490682652,17.630462044,-32.932057708));
#8270=VERTEX_POINT('',#8269);
#8271=CARTESIAN_POINT('',(41.585508783,14.9,-34.828352192));
#8272=DIRECTION('',(0.866025404,0.,0.5));
#8273=DIRECTION('',(0.5,0.,-0.866025404));
#8274=AXIS2_PLACEMENT_3D('',#8271,#8272,#8273);
#8275=CIRCLE('',#8274,3.5);
#8276=EDGE_CURVE('',#8268,#8270,#8275,.T.);
#8277=ORIENTED_EDGE('',*,*,#8276,.F.);
#8278=CARTESIAN_POINT('',(40.498706566,18.9,-32.945955534));
#8279=VERTEX_POINT('',#8278);
#8280=CARTESIAN_POINT('',(40.498706566,17.643254228,-32.945955534));
#8281=DIRECTION('',(-0.,1.,-0.));
#8282=VECTOR('',#8281,1.256745772);
#8283=LINE('',#8280,#8282);
#8284=EDGE_CURVE('',#8268,#8279,#8283,.T.);
#8285=ORIENTED_EDGE('',*,*,#8284,.T.);
#8286=CARTESIAN_POINT('',(40.490682652,18.9,-32.932057708));
#8287=VERTEX_POINT('',#8286);
#8288=CARTESIAN_POINT('',(40.498706566,18.9,-32.945955534));
#8289=DIRECTION('',(-0.5,0.,0.866025404));
#8290=VECTOR('',#8289,0.016047827);
#8291=LINE('',#8288,#8290);
#8292=EDGE_CURVE('',#8279,#8287,#8291,.T.);
#8293=ORIENTED_EDGE('',*,*,#8292,.T.);
#8294=CARTESIAN_POINT('',(40.490682652,18.9,-32.932057708));
#8295=DIRECTION('',(0.,-1.,0.));
#8296=VECTOR('',#8295,1.269537956);
#8297=LINE('',#8294,#8296);
#8298=EDGE_CURVE('',#8287,#8270,#8297,.T.);
#8299=ORIENTED_EDGE('',*,*,#8298,.T.);
#8300=EDGE_LOOP('',(#8277,#8285,#8293,#8299));
#8301=FACE_BOUND('',#8300,.T.);
#8302=ADVANCED_FACE('',(#8301),#8266,.T.);
#8303=CARTESIAN_POINT('',(42.557313843,18.9,-34.111567932));
#8304=DIRECTION('',(0.866025404,0.,0.5));
#8305=DIRECTION('',(0.5,0.,-0.866025404));
#8306=AXIS2_PLACEMENT_3D('',#8303,#8304,#8305);
#8307=PLANE('',#8306);
#8308=CARTESIAN_POINT('',(46.439589267,17.9,-40.835866215));
#8309=VERTEX_POINT('',#8308);
#8310=CARTESIAN_POINT('',(46.439589267,17.9,-40.835866215));
#8311=DIRECTION('',(-0.5,0.,0.866025404));
#8312=VECTOR('',#8311,7.899401696);
#8313=LINE('',#8310,#8312);
#8314=EDGE_CURVE('',#8309,#5215,#8313,.T.);
#8315=ORIENTED_EDGE('',*,*,#8314,.F.);
#8316=CARTESIAN_POINT('',(46.439589267,18.9,-40.835866215));
#8317=VERTEX_POINT('',#8316);
#8318=CARTESIAN_POINT('',(46.439589267,18.9,-40.835866215));
#8319=DIRECTION('',(0.,-1.,0.));
#8320=VECTOR('',#8319,1.);
#8321=LINE('',#8318,#8320);
#8322=EDGE_CURVE('',#8317,#8309,#8321,.T.);
#8323=ORIENTED_EDGE('',*,*,#8322,.F.);
#8324=CARTESIAN_POINT('',(46.439589267,18.9,-40.835866215));
#8325=DIRECTION('',(-0.5,0.,0.866025404));
#8326=VECTOR('',#8325,7.899401696);
#8327=LINE('',#8324,#8326);
#8328=EDGE_CURVE('',#8317,#5205,#8327,.T.);
#8329=ORIENTED_EDGE('',*,*,#8328,.T.);
#8330=ORIENTED_EDGE('',*,*,#5227,.T.);
#8331=EDGE_LOOP('',(#8315,#8323,#8329,#8330));
#8332=FACE_BOUND('',#8331,.T.);
#8333=ADVANCED_FACE('',(#8332),#8307,.T.);
#8334=CARTESIAN_POINT('',(45.400358783,18.9,-41.435866215));
#8335=DIRECTION('',(0.,-1.,0.));
#8336=DIRECTION('',(0.,0.,-1.));
#8337=AXIS2_PLACEMENT_3D('',#8334,#8335,#8336);
#8338=CYLINDRICAL_SURFACE('',#8337,1.2);
#8339=CARTESIAN_POINT('',(45.400358783,17.9,-42.635866215));
#8340=VERTEX_POINT('',#8339);
#8341=CARTESIAN_POINT('',(45.400358783,18.9,-42.635866215));
#8342=VERTEX_POINT('',#8341);
#8343=CARTESIAN_POINT('',(45.400358783,17.9,-42.635866215));
#8344=DIRECTION('',(-0.,1.,-0.));
#8345=VECTOR('',#8344,1.);
#8346=LINE('',#8343,#8345);
#8347=EDGE_CURVE('',#8340,#8342,#8346,.T.);
#8348=ORIENTED_EDGE('',*,*,#8347,.T.);
#8349=CARTESIAN_POINT('',(45.400358783,18.9,-41.435866215));
#8350=DIRECTION('',(0.,1.,0.));
#8351=DIRECTION('',(0.,-0.,1.));
#8352=AXIS2_PLACEMENT_3D('',#8349,#8350,#8351);
#8353=CIRCLE('',#8352,1.2);
#8354=EDGE_CURVE('',#8317,#8342,#8353,.T.);
#8355=ORIENTED_EDGE('',*,*,#8354,.F.);
#8356=ORIENTED_EDGE('',*,*,#8322,.T.);
#8357=CARTESIAN_POINT('',(45.400358783,17.9,-41.435866215));
#8358=DIRECTION('',(0.,1.,0.));
#8359=DIRECTION('',(0.,-0.,1.));
#8360=AXIS2_PLACEMENT_3D('',#8357,#8358,#8359);
#8361=CIRCLE('',#8360,1.2);
#8362=EDGE_CURVE('',#8309,#8340,#8361,.T.);
#8363=ORIENTED_EDGE('',*,*,#8362,.T.);
#8364=EDGE_LOOP('',(#8348,#8355,#8356,#8363));
#8365=FACE_BOUND('',#8364,.T.);
#8366=ADVANCED_FACE('',(#8365),#8338,.T.);
#8367=CARTESIAN_POINT('',(42.003009389,18.9,-37.951484454));
#8368=DIRECTION('',(-0.866025404,0.,-0.5));
#8369=DIRECTION('',(-0.5,0.,0.866025404));
#8370=AXIS2_PLACEMENT_3D('',#8367,#8368,#8369);
#8371=PLANE('',#8370);
#8372=CARTESIAN_POINT('',(29.331444623,14.9,-16.003690469));
#8373=VERTEX_POINT('',#8372);
#8374=CARTESIAN_POINT('',(29.331444623,13.51,-16.003690469));
#8375=VERTEX_POINT('',#8374);
#8376=CARTESIAN_POINT('',(29.331444623,14.9,-16.003690469));
#8377=DIRECTION('',(0.,-1.,-0.));
#8378=VECTOR('',#8377,1.39);
#8379=LINE('',#8376,#8378);
#8380=EDGE_CURVE('',#8373,#8375,#8379,.T.);
#8381=ORIENTED_EDGE('',*,*,#8380,.F.);
#8382=CARTESIAN_POINT('',(27.581444623,14.9,-12.972601556));
#8383=DIRECTION('',(-0.866025404,0.,-0.5));
#8384=DIRECTION('',(-0.5,0.,0.866025404));
#8385=AXIS2_PLACEMENT_3D('',#8382,#8383,#8384);
#8386=CIRCLE('',#8385,3.5);
#8387=EDGE_CURVE('',#7279,#8373,#8386,.T.);
#8388=ORIENTED_EDGE('',*,*,#8387,.F.);
#8389=ORIENTED_EDGE('',*,*,#7366,.F.);
#8390=CARTESIAN_POINT('',(22.215316306,18.9,-3.67819467));
#8391=VERTEX_POINT('',#8390);
#8392=CARTESIAN_POINT('',(22.215316306,18.9,-3.67819467));
#8393=DIRECTION('',(0.,-1.,0.));
#8394=VECTOR('',#8393,1.);
#8395=LINE('',#8392,#8394);
#8396=EDGE_CURVE('',#8391,#7355,#8395,.T.);
#8397=ORIENTED_EDGE('',*,*,#8396,.F.);
#8398=CARTESIAN_POINT('',(44.361128298,18.9,-42.035866215));
#8399=VERTEX_POINT('',#8398);
#8400=CARTESIAN_POINT('',(22.215316306,18.9,-3.67819467));
#8401=DIRECTION('',(0.5,0.,-0.866025404));
#8402=VECTOR('',#8401,44.291623985);
#8403=LINE('',#8400,#8402);
#8404=EDGE_CURVE('',#8391,#8399,#8403,.T.);
#8405=ORIENTED_EDGE('',*,*,#8404,.T.);
#8406=CARTESIAN_POINT('',(44.361128298,17.9,-42.035866215));
#8407=VERTEX_POINT('',#8406);
#8408=CARTESIAN_POINT('',(44.361128298,18.9,-42.035866215));
#8409=DIRECTION('',(0.,-1.,0.));
#8410=VECTOR('',#8409,1.);
#8411=LINE('',#8408,#8410);
#8412=EDGE_CURVE('',#8399,#8407,#8411,.T.);
#8413=ORIENTED_EDGE('',*,*,#8412,.T.);
#8414=CARTESIAN_POINT('',(39.644890479,17.9,-33.867102693));
#8415=VERTEX_POINT('',#8414);
#8416=CARTESIAN_POINT('',(39.644890479,17.9,-33.867102693));
#8417=DIRECTION('',(0.5,0.,-0.866025404));
#8418=VECTOR('',#8417,9.432475638);
#8419=LINE('',#8416,#8418);
#8420=EDGE_CURVE('',#8415,#8407,#8419,.T.);
#8421=ORIENTED_EDGE('',*,*,#8420,.F.);
#8422=CARTESIAN_POINT('',(38.796278298,14.9,-32.397263279));
#8423=VERTEX_POINT('',#8422);
#8424=CARTESIAN_POINT('',(40.546278298,14.9,-35.428352192));
#8425=DIRECTION('',(-0.866025404,0.,-0.5));
#8426=DIRECTION('',(-0.5,0.,0.866025404));
#8427=AXIS2_PLACEMENT_3D('',#8424,#8425,#8426);
#8428=CIRCLE('',#8427,3.5);
#8429=EDGE_CURVE('',#8423,#8415,#8428,.T.);
#8430=ORIENTED_EDGE('',*,*,#8429,.F.);
#8431=CARTESIAN_POINT('',(38.796278298,13.51,-32.397263279));
#8432=DIRECTION('',(-0.,1.,0.));
#8433=VECTOR('',#8432,1.39);
#8434=LINE('',#8431,#8433);
#8435=EDGE_CURVE('',#6252,#8423,#8434,.T.);
#8436=ORIENTED_EDGE('',*,*,#8435,.F.);
#8437=ORIENTED_EDGE('',*,*,#6324,.F.);
#8438=CARTESIAN_POINT('',(38.046278298,14.9,-31.098225173));
#8439=VERTEX_POINT('',#8438);
#8440=CARTESIAN_POINT('',(38.046278298,14.9,-31.098225173));
#8441=DIRECTION('',(0.,-1.,-0.));
#8442=VECTOR('',#8441,1.39);
#8443=LINE('',#8440,#8442);
#8444=EDGE_CURVE('',#8439,#6313,#8443,.T.);
#8445=ORIENTED_EDGE('',*,*,#8444,.F.);
#8446=CARTESIAN_POINT('',(36.296278298,14.9,-28.06713626));
#8447=DIRECTION('',(-0.866025404,0.,-0.5));
#8448=DIRECTION('',(-0.5,0.,0.866025404));
#8449=AXIS2_PLACEMENT_3D('',#8446,#8447,#8448);
#8450=CIRCLE('',#8449,3.5);
#8451=EDGE_CURVE('',#7182,#8439,#8450,.T.);
#8452=ORIENTED_EDGE('',*,*,#8451,.F.);
#8453=ORIENTED_EDGE('',*,*,#7250,.F.);
#8454=CARTESIAN_POINT('',(30.081428298,14.9,-17.302700299));
#8455=VERTEX_POINT('',#8454);
#8456=CARTESIAN_POINT('',(31.831428298,14.9,-20.333789212));
#8457=DIRECTION('',(-0.866025404,0.,-0.5));
#8458=DIRECTION('',(-0.5,0.,0.866025404));
#8459=AXIS2_PLACEMENT_3D('',#8456,#8457,#8458);
#8460=CIRCLE('',#8459,3.5);
#8461=EDGE_CURVE('',#8455,#7239,#8460,.T.);
#8462=ORIENTED_EDGE('',*,*,#8461,.F.);
#8463=CARTESIAN_POINT('',(30.081428298,13.51,-17.302700299));
#8464=VERTEX_POINT('',#8463);
#8465=CARTESIAN_POINT('',(30.081428298,13.51,-17.302700299));
#8466=DIRECTION('',(-0.,1.,0.));
#8467=VECTOR('',#8466,1.39);
#8468=LINE('',#8465,#8467);
#8469=EDGE_CURVE('',#8464,#8455,#8468,.T.);
#8470=ORIENTED_EDGE('',*,*,#8469,.F.);
#8471=CARTESIAN_POINT('',(29.331444623,13.51,-16.003690469));
#8472=DIRECTION('',(0.5,0.,-0.866025404));
#8473=VECTOR('',#8472,1.49996735);
#8474=LINE('',#8471,#8473);
#8475=EDGE_CURVE('',#8375,#8464,#8474,.T.);
#8476=ORIENTED_EDGE('',*,*,#8475,.F.);
#8477=EDGE_LOOP('',(#8381,#8388,#8389,#8397,#8405,#8413,#8421,#8430,#8436,#8437,#8445,#8452,#8453,#8462,#8470,#8476));
#8478=FACE_BOUND('',#8477,.T.);
#8479=ADVANCED_FACE('',(#8478),#8371,.T.);
#8480=CARTESIAN_POINT('',(22.21526275,18.9,-3.678100906));
#8481=DIRECTION('',(-0.868319365,0.,-0.496005525));
#8482=DIRECTION('',(-0.496005525,0.,0.868319365));
#8483=AXIS2_PLACEMENT_3D('',#8480,#8481,#8482);
#8484=PLANE('',#8483);
#8485=ORIENTED_EDGE('',*,*,#7360,.F.);
#8486=ORIENTED_EDGE('',*,*,#1811,.F.);
#8487=CARTESIAN_POINT('',(22.215209191,18.9,-3.678007144));
#8488=DIRECTION('',(0.496005525,0.,-0.868319365));
#8489=VECTOR('',#8488,0.000215962);
#8490=LINE('',#8487,#8489);
#8491=EDGE_CURVE('',#1797,#8391,#8490,.T.);
#8492=ORIENTED_EDGE('',*,*,#8491,.T.);
#8493=ORIENTED_EDGE('',*,*,#8396,.T.);
#8494=EDGE_LOOP('',(#8485,#8486,#8492,#8493));
#8495=FACE_BOUND('',#8494,.T.);
#8496=ADVANCED_FACE('',(#8495),#8484,.T.);
#8497=CARTESIAN_POINT('',(0.,18.9,0.));
#8498=DIRECTION('',(0.,1.,0.));
#8499=DIRECTION('',(-1.,0.,0.));
#8500=AXIS2_PLACEMENT_3D('',#8497,#8498,#8499);
#8501=PLANE('',#8500);
#8502=ORIENTED_EDGE('',*,*,#6370,.F.);
#8503=ORIENTED_EDGE('',*,*,#4212,.T.);
#8504=ORIENTED_EDGE('',*,*,#4173,.F.);
#8505=CARTESIAN_POINT('',(-43.919217682,18.9,-30.044175133));
#8506=DIRECTION('',(0.,1.,0.));
#8507=DIRECTION('',(0.,-0.,1.));
#8508=AXIS2_PLACEMENT_3D('',#8505,#8506,#8507);
#8509=CIRCLE('',#8508,0.35);
#8510=EDGE_CURVE('',#4162,#4104,#8509,.T.);
#8511=ORIENTED_EDGE('',*,*,#8510,.T.);
#8512=ORIENTED_EDGE('',*,*,#4132,.T.);
#8513=ORIENTED_EDGE('',*,*,#4060,.F.);
#8514=ORIENTED_EDGE('',*,*,#4322,.T.);
#8515=ORIENTED_EDGE('',*,*,#4354,.F.);
#8516=ORIENTED_EDGE('',*,*,#4386,.T.);
#8517=CARTESIAN_POINT('',(-42.889535998,18.9,-27.560714142));
#8518=DIRECTION('',(0.,1.,0.));
#8519=DIRECTION('',(0.,-0.,1.));
#8520=AXIS2_PLACEMENT_3D('',#8517,#8518,#8519);
#8521=CIRCLE('',#8520,0.6);
#8522=EDGE_CURVE('',#4407,#4372,#8521,.T.);
#8523=ORIENTED_EDGE('',*,*,#8522,.F.);
#8524=ORIENTED_EDGE('',*,*,#4436,.F.);
#8525=ORIENTED_EDGE('',*,*,#4461,.T.);
#8526=ORIENTED_EDGE('',*,*,#4494,.T.);
#8527=CARTESIAN_POINT('',(-43.666776119,18.9,-27.010297851));
#8528=DIRECTION('',(0.,1.,0.));
#8529=DIRECTION('',(0.,-0.,1.));
#8530=AXIS2_PLACEMENT_3D('',#8527,#8528,#8529);
#8531=CIRCLE('',#8530,0.351682165);
#8532=EDGE_CURVE('',#4482,#7462,#8531,.T.);
#8533=ORIENTED_EDGE('',*,*,#8532,.T.);
#8534=ORIENTED_EDGE('',*,*,#7467,.F.);
#8535=ORIENTED_EDGE('',*,*,#4529,.T.);
#8536=ORIENTED_EDGE('',*,*,#4576,.F.);
#8537=CARTESIAN_POINT('',(-38.43352334,18.9,-19.842673819));
#8538=DIRECTION('',(0.,1.,0.));
#8539=DIRECTION('',(0.,-0.,1.));
#8540=AXIS2_PLACEMENT_3D('',#8537,#8538,#8539);
#8541=CIRCLE('',#8540,0.6);
#8542=EDGE_CURVE('',#4590,#4564,#8541,.T.);
#8543=ORIENTED_EDGE('',*,*,#8542,.F.);
#8544=ORIENTED_EDGE('',*,*,#4619,.F.);
#8545=ORIENTED_EDGE('',*,*,#4644,.T.);
#8546=ORIENTED_EDGE('',*,*,#4676,.F.);
#8547=ORIENTED_EDGE('',*,*,#4715,.T.);
#8548=CARTESIAN_POINT('',(-37.542320808,18.9,-18.299065754));
#8549=DIRECTION('',(0.,1.,0.));
#8550=DIRECTION('',(0.,-0.,1.));
#8551=AXIS2_PLACEMENT_3D('',#8548,#8549,#8550);
#8552=CIRCLE('',#8551,0.6);
#8553=EDGE_CURVE('',#4729,#4703,#8552,.T.);
#8554=ORIENTED_EDGE('',*,*,#8553,.F.);
#8555=ORIENTED_EDGE('',*,*,#4758,.F.);
#8556=ORIENTED_EDGE('',*,*,#4808,.F.);
#8557=CARTESIAN_POINT('',(-36.797616279,18.9,-17.709199672));
#8558=DIRECTION('',(0.,1.,0.));
#8559=DIRECTION('',(0.,-0.,1.));
#8560=AXIS2_PLACEMENT_3D('',#8557,#8558,#8559);
#8561=CIRCLE('',#8560,0.35);
#8562=EDGE_CURVE('',#4796,#7503,#8561,.T.);
#8563=ORIENTED_EDGE('',*,*,#8562,.T.);
#8564=ORIENTED_EDGE('',*,*,#7508,.F.);
#8565=CARTESIAN_POINT('',(-36.73857373,18.9,-17.349040242));
#8566=VERTEX_POINT('',#8565);
#8567=CARTESIAN_POINT('',(-36.789592365,18.9,-17.695301846));
#8568=DIRECTION('',(0.,1.,0.));
#8569=DIRECTION('',(0.,-0.,1.));
#8570=AXIS2_PLACEMENT_3D('',#8567,#8568,#8569);
#8571=CIRCLE('',#8570,0.35);
#8572=EDGE_CURVE('',#7495,#8566,#8571,.T.);
#8573=ORIENTED_EDGE('',*,*,#8572,.T.);
#8574=CARTESIAN_POINT('',(-36.651113213,18.9,-16.755448919));
#8575=DIRECTION('',(0.,1.,0.));
#8576=DIRECTION('',(0.,-0.,1.));
#8577=AXIS2_PLACEMENT_3D('',#8574,#8575,#8576);
#8578=CIRCLE('',#8577,0.6);
#8579=EDGE_CURVE('',#7527,#8566,#8578,.T.);
#8580=ORIENTED_EDGE('',*,*,#8579,.F.);
#8581=ORIENTED_EDGE('',*,*,#7588,.F.);
#8582=CARTESIAN_POINT('',(-35.906416279,18.9,-16.165595992));
#8583=DIRECTION('',(0.,1.,0.));
#8584=DIRECTION('',(0.,-0.,1.));
#8585=AXIS2_PLACEMENT_3D('',#8582,#8583,#8584);
#8586=CIRCLE('',#8585,0.35);
#8587=EDGE_CURVE('',#7576,#7599,#8586,.T.);
#8588=ORIENTED_EDGE('',*,*,#8587,.T.);
#8589=ORIENTED_EDGE('',*,*,#7628,.F.);
#8590=CARTESIAN_POINT('',(-35.84737373,18.9,-15.805436562));
#8591=VERTEX_POINT('',#8590);
#8592=CARTESIAN_POINT('',(-35.898392365,18.9,-16.151698167));
#8593=DIRECTION('',(0.,1.,0.));
#8594=DIRECTION('',(0.,-0.,1.));
#8595=AXIS2_PLACEMENT_3D('',#8592,#8593,#8594);
#8596=CIRCLE('',#8595,0.35);
#8597=EDGE_CURVE('',#7617,#8591,#8596,.T.);
#8598=ORIENTED_EDGE('',*,*,#8597,.T.);
#8599=CARTESIAN_POINT('',(-35.759913213,18.9,-15.21184524));
#8600=DIRECTION('',(0.,1.,0.));
#8601=DIRECTION('',(0.,-0.,1.));
#8602=AXIS2_PLACEMENT_3D('',#8599,#8600,#8601);
#8603=CIRCLE('',#8602,0.6);
#8604=EDGE_CURVE('',#7641,#8591,#8603,.T.);
#8605=ORIENTED_EDGE('',*,*,#8604,.F.);
#8606=ORIENTED_EDGE('',*,*,#7702,.F.);
#8607=CARTESIAN_POINT('',(-35.015216279,18.9,-14.621992313));
#8608=DIRECTION('',(0.,1.,0.));
#8609=DIRECTION('',(0.,-0.,1.));
#8610=AXIS2_PLACEMENT_3D('',#8607,#8608,#8609);
#8611=CIRCLE('',#8610,0.35);
#8612=EDGE_CURVE('',#7690,#7732,#8611,.T.);
#8613=ORIENTED_EDGE('',*,*,#8612,.T.);
#8614=ORIENTED_EDGE('',*,*,#7737,.F.);
#8615=CARTESIAN_POINT('',(-34.95617373,18.9,-14.261832882));
#8616=VERTEX_POINT('',#8615);
#8617=CARTESIAN_POINT('',(-35.007192365,18.9,-14.608094487));
#8618=DIRECTION('',(0.,1.,0.));
#8619=DIRECTION('',(0.,-0.,1.));
#8620=AXIS2_PLACEMENT_3D('',#8617,#8618,#8619);
#8621=CIRCLE('',#8620,0.35);
#8622=EDGE_CURVE('',#7724,#8616,#8621,.T.);
#8623=ORIENTED_EDGE('',*,*,#8622,.T.);
#8624=CARTESIAN_POINT('',(-34.868713213,18.9,-13.66824156));
#8625=DIRECTION('',(0.,1.,0.));
#8626=DIRECTION('',(0.,-0.,1.));
#8627=AXIS2_PLACEMENT_3D('',#8624,#8625,#8626);
#8628=CIRCLE('',#8627,0.6);
#8629=EDGE_CURVE('',#2739,#8616,#8628,.T.);
#8630=ORIENTED_EDGE('',*,*,#8629,.F.);
#8631=ORIENTED_EDGE('',*,*,#2777,.F.);
#8632=ORIENTED_EDGE('',*,*,#2802,.T.);
#8633=ORIENTED_EDGE('',*,*,#2834,.F.);
#8634=ORIENTED_EDGE('',*,*,#2873,.T.);
#8635=CARTESIAN_POINT('',(-33.977510682,18.9,-12.124633495));
#8636=DIRECTION('',(0.,1.,0.));
#8637=DIRECTION('',(0.,-0.,1.));
#8638=AXIS2_PLACEMENT_3D('',#8635,#8636,#8637);
#8639=CIRCLE('',#8638,0.6);
#8640=EDGE_CURVE('',#2887,#2861,#8639,.T.);
#8641=ORIENTED_EDGE('',*,*,#8640,.F.);
#8642=ORIENTED_EDGE('',*,*,#2916,.F.);
#8643=ORIENTED_EDGE('',*,*,#2941,.T.);
#8644=CARTESIAN_POINT('',(-34.930867218,18.9,-11.927930933));
#8645=DIRECTION('',(0.,1.,0.));
#8646=DIRECTION('',(0.,-0.,1.));
#8647=AXIS2_PLACEMENT_3D('',#8644,#8645,#8646);
#8648=CIRCLE('',#8647,0.376017739);
#8649=EDGE_CURVE('',#2929,#7756,#8648,.T.);
#8650=ORIENTED_EDGE('',*,*,#8649,.T.);
#8651=ORIENTED_EDGE('',*,*,#7761,.F.);
#8652=ORIENTED_EDGE('',*,*,#2976,.T.);
#8653=CARTESIAN_POINT('',(-29.521498023,18.9,-4.406593172));
#8654=DIRECTION('',(0.,1.,0.));
#8655=DIRECTION('',(0.,-0.,1.));
#8656=AXIS2_PLACEMENT_3D('',#8653,#8654,#8655);
#8657=CIRCLE('',#8656,0.6);
#8658=EDGE_CURVE('',#3004,#2960,#8657,.T.);
#8659=ORIENTED_EDGE('',*,*,#8658,.F.);
#8660=ORIENTED_EDGE('',*,*,#3033,.F.);
#8661=ORIENTED_EDGE('',*,*,#3058,.T.);
#8662=ORIENTED_EDGE('',*,*,#3090,.F.);
#8663=ORIENTED_EDGE('',*,*,#3122,.T.);
#8664=CARTESIAN_POINT('',(-28.630295492,18.9,-2.862985107));
#8665=DIRECTION('',(0.,1.,0.));
#8666=DIRECTION('',(0.,-0.,1.));
#8667=AXIS2_PLACEMENT_3D('',#8664,#8665,#8666);
#8668=CIRCLE('',#8667,0.6);
#8669=EDGE_CURVE('',#3143,#3108,#8668,.T.);
#8670=ORIENTED_EDGE('',*,*,#8669,.F.);
#8671=ORIENTED_EDGE('',*,*,#3172,.F.);
#8672=ORIENTED_EDGE('',*,*,#3215,.F.);
#8673=CARTESIAN_POINT('',(-28.085590437,18.9,-2.144039279));
#8674=VERTEX_POINT('',#8673);
#8675=CARTESIAN_POINT('',(-27.812618934,18.9,-2.363097624));
#8676=DIRECTION('',(0.,1.,0.));
#8677=DIRECTION('',(0.,-0.,1.));
#8678=AXIS2_PLACEMENT_3D('',#8675,#8676,#8677);
#8679=CIRCLE('',#8678,0.35);
#8680=EDGE_CURVE('',#3203,#8674,#8679,.T.);
#8681=ORIENTED_EDGE('',*,*,#8680,.T.);
#8682=CARTESIAN_POINT('',(-27.835812695,18.9,-2.039214888));
#8683=VERTEX_POINT('',#8682);
#8684=CARTESIAN_POINT('',(-27.835812695,18.9,-2.389214888));
#8685=DIRECTION('',(0.,1.,0.));
#8686=DIRECTION('',(0.,-0.,1.));
#8687=AXIS2_PLACEMENT_3D('',#8684,#8685,#8686);
#8688=CIRCLE('',#8687,0.35);
#8689=EDGE_CURVE('',#8674,#8683,#8688,.T.);
#8690=ORIENTED_EDGE('',*,*,#8689,.T.);
#8691=CARTESIAN_POINT('',(-27.689874247,18.9,-2.071092318));
#8692=VERTEX_POINT('',#8691);
#8693=CARTESIAN_POINT('',(-27.835812695,18.9,-2.389214888));
#8694=DIRECTION('',(0.,1.,0.));
#8695=DIRECTION('',(0.,-0.,1.));
#8696=AXIS2_PLACEMENT_3D('',#8693,#8694,#8695);
#8697=CIRCLE('',#8696,0.35);
#8698=EDGE_CURVE('',#8683,#8692,#8697,.T.);
#8699=ORIENTED_EDGE('',*,*,#8698,.T.);
#8700=CARTESIAN_POINT('',(-27.439694051,18.9,-1.525739341));
#8701=DIRECTION('',(0.,1.,0.));
#8702=DIRECTION('',(0.,-0.,1.));
#8703=AXIS2_PLACEMENT_3D('',#8700,#8701,#8702);
#8704=CIRCLE('',#8703,0.6);
#8705=EDGE_CURVE('',#3236,#8692,#8704,.T.);
#8706=ORIENTED_EDGE('',*,*,#8705,.F.);
#8707=ORIENTED_EDGE('',*,*,#3294,.F.);
#8708=CARTESIAN_POINT('',(-26.701434567,18.9,-1.021309079));
#8709=VERTEX_POINT('',#8708);
#8710=CARTESIAN_POINT('',(-26.513068857,18.9,-1.316297823));
#8711=DIRECTION('',(0.,1.,0.));
#8712=DIRECTION('',(0.,-0.,1.));
#8713=AXIS2_PLACEMENT_3D('',#8710,#8711,#8712);
#8714=CIRCLE('',#8713,0.35);
#8715=EDGE_CURVE('',#3282,#8709,#8714,.T.);
#8716=ORIENTED_EDGE('',*,*,#8715,.T.);
#8717=CARTESIAN_POINT('',(-26.543409574,18.9,-0.983603975));
#8718=VERTEX_POINT('',#8717);
#8719=CARTESIAN_POINT('',(-26.543409574,18.9,-1.333603975));
#8720=DIRECTION('',(0.,1.,0.));
#8721=DIRECTION('',(0.,-0.,1.));
#8722=AXIS2_PLACEMENT_3D('',#8719,#8720,#8721);
#8723=CIRCLE('',#8722,0.35);
#8724=EDGE_CURVE('',#8709,#8718,#8723,.T.);
#8725=ORIENTED_EDGE('',*,*,#8724,.T.);
#8726=CARTESIAN_POINT('',(-26.30321309,18.9,-1.079034438));
#8727=VERTEX_POINT('',#8726);
#8728=CARTESIAN_POINT('',(-26.543409574,18.9,-1.333603975));
#8729=DIRECTION('',(0.,1.,0.));
#8730=DIRECTION('',(0.,-0.,1.));
#8731=AXIS2_PLACEMENT_3D('',#8728,#8729,#8730);
#8732=CIRCLE('',#8731,0.35);
#8733=EDGE_CURVE('',#8718,#8727,#8732,.T.);
#8734=ORIENTED_EDGE('',*,*,#8733,.T.);
#8735=CARTESIAN_POINT('',(-25.891447688,18.9,-0.642629519));
#8736=DIRECTION('',(0.,1.,0.));
#8737=DIRECTION('',(0.,-0.,1.));
#8738=AXIS2_PLACEMENT_3D('',#8735,#8736,#8737);
#8739=CIRCLE('',#8738,0.6);
#8740=EDGE_CURVE('',#150,#8727,#8739,.T.);
#8741=ORIENTED_EDGE('',*,*,#8740,.F.);
#8742=ORIENTED_EDGE('',*,*,#202,.F.);
#8743=ORIENTED_EDGE('',*,*,#243,.T.);
#8744=ORIENTED_EDGE('',*,*,#276,.T.);
#8745=ORIENTED_EDGE('',*,*,#310,.T.);
#8746=CARTESIAN_POINT('',(-23.261709744,18.9,-0.3));
#8747=DIRECTION('',(0.,1.,0.));
#8748=DIRECTION('',(0.,-0.,1.));
#8749=AXIS2_PLACEMENT_3D('',#8746,#8747,#8748);
#8750=CIRCLE('',#8749,0.6);
#8751=EDGE_CURVE('',#323,#298,#8750,.T.);
#8752=ORIENTED_EDGE('',*,*,#8751,.F.);
#8753=ORIENTED_EDGE('',*,*,#352,.F.);
#8754=CARTESIAN_POINT('',(-23.253606712,18.9,-0.3));
#8755=DIRECTION('',(0.,1.,0.));
#8756=DIRECTION('',(0.,-0.,1.));
#8757=AXIS2_PLACEMENT_3D('',#8754,#8755,#8756);
#8758=CIRCLE('',#8757,0.6);
#8759=EDGE_CURVE('',#365,#340,#8758,.T.);
#8760=ORIENTED_EDGE('',*,*,#8759,.F.);
#8761=ORIENTED_EDGE('',*,*,#394,.F.);
#8762=ORIENTED_EDGE('',*,*,#427,.T.);
#8763=ORIENTED_EDGE('',*,*,#7783,.F.);
#8764=ORIENTED_EDGE('',*,*,#469,.T.);
#8765=CARTESIAN_POINT('',(17.733606712,18.9,-0.3));
#8766=DIRECTION('',(0.,1.,0.));
#8767=DIRECTION('',(0.,-0.,1.));
#8768=AXIS2_PLACEMENT_3D('',#8765,#8766,#8767);
#8769=CIRCLE('',#8768,0.6);
#8770=EDGE_CURVE('',#482,#457,#8769,.T.);
#8771=ORIENTED_EDGE('',*,*,#8770,.F.);
#8772=ORIENTED_EDGE('',*,*,#511,.F.);
#8773=ORIENTED_EDGE('',*,*,#544,.T.);
#8774=ORIENTED_EDGE('',*,*,#576,.T.);
#8775=ORIENTED_EDGE('',*,*,#615,.T.);
#8776=CARTESIAN_POINT('',(20.356411272,18.9,-0.634872992));
#8777=DIRECTION('',(0.,1.,0.));
#8778=DIRECTION('',(0.,-0.,1.));
#8779=AXIS2_PLACEMENT_3D('',#8776,#8777,#8778);
#8780=CIRCLE('',#8779,0.6);
#8781=EDGE_CURVE('',#7795,#603,#8780,.T.);
#8782=ORIENTED_EDGE('',*,*,#8781,.F.);
#8783=ORIENTED_EDGE('',*,*,#7816,.F.);
#8784=CARTESIAN_POINT('',(21.012293725,18.9,-0.9721271));
#8785=VERTEX_POINT('',#8784);
#8786=CARTESIAN_POINT('',(21.012293725,18.9,-1.3221271));
#8787=DIRECTION('',(0.,1.,0.));
#8788=DIRECTION('',(0.,-0.,1.));
#8789=AXIS2_PLACEMENT_3D('',#8786,#8787,#8788);
#8790=CIRCLE('',#8789,0.35);
#8791=EDGE_CURVE('',#7804,#8785,#8790,.T.);
#8792=ORIENTED_EDGE('',*,*,#8791,.T.);
#8793=CARTESIAN_POINT('',(21.168507241,18.9,-1.008922156));
#8794=VERTEX_POINT('',#8793);
#8795=CARTESIAN_POINT('',(21.012293725,18.9,-1.3221271));
#8796=DIRECTION('',(0.,1.,0.));
#8797=DIRECTION('',(0.,-0.,1.));
#8798=AXIS2_PLACEMENT_3D('',#8795,#8796,#8797);
#8799=CIRCLE('',#8798,0.35);
#8800=EDGE_CURVE('',#8785,#8794,#8799,.T.);
#8801=ORIENTED_EDGE('',*,*,#8800,.T.);
#8802=CARTESIAN_POINT('',(21.323983824,18.9,-1.380023084));
#8803=VERTEX_POINT('',#8802);
#8804=CARTESIAN_POINT('',(20.982087369,18.9,-1.305144423));
#8805=DIRECTION('',(0.,1.,0.));
#8806=DIRECTION('',(0.,-0.,1.));
#8807=AXIS2_PLACEMENT_3D('',#8804,#8805,#8806);
#8808=CIRCLE('',#8807,0.35);
#8809=EDGE_CURVE('',#8794,#8803,#8808,.T.);
#8810=ORIENTED_EDGE('',*,*,#8809,.T.);
#8811=CARTESIAN_POINT('',(21.910092033,18.9,-1.508386503));
#8812=DIRECTION('',(0.,1.,0.));
#8813=DIRECTION('',(0.,-0.,1.));
#8814=AXIS2_PLACEMENT_3D('',#8811,#8812,#8813);
#8815=CIRCLE('',#8814,0.6);
#8816=EDGE_CURVE('',#1863,#8803,#8815,.T.);
#8817=ORIENTED_EDGE('',*,*,#8816,.F.);
#8818=ORIENTED_EDGE('',*,*,#1907,.F.);
#8819=CARTESIAN_POINT('',(22.312856093,18.9,-2.018782408));
#8820=VERTEX_POINT('',#8819);
#8821=CARTESIAN_POINT('',(22.312856093,18.9,-2.368782408));
#8822=DIRECTION('',(0.,1.,0.));
#8823=DIRECTION('',(0.,-0.,1.));
#8824=AXIS2_PLACEMENT_3D('',#8821,#8822,#8823);
#8825=CIRCLE('',#8824,0.35);
#8826=EDGE_CURVE('',#1895,#8820,#8825,.T.);
#8827=ORIENTED_EDGE('',*,*,#8826,.T.);
#8828=CARTESIAN_POINT('',(22.560710762,18.9,-2.121662876));
#8829=VERTEX_POINT('',#8828);
#8830=CARTESIAN_POINT('',(22.312856093,18.9,-2.368782408));
#8831=DIRECTION('',(0.,1.,0.));
#8832=DIRECTION('',(0.,-0.,1.));
#8833=AXIS2_PLACEMENT_3D('',#8830,#8831,#8832);
#8834=CIRCLE('',#8833,0.35);
#8835=EDGE_CURVE('',#8820,#8829,#8834,.T.);
#8836=ORIENTED_EDGE('',*,*,#8835,.T.);
#8837=CARTESIAN_POINT('',(22.289633917,18.9,-2.343061485));
#8838=DIRECTION('',(0.,1.,0.));
#8839=DIRECTION('',(0.,-0.,1.));
#8840=AXIS2_PLACEMENT_3D('',#8837,#8838,#8839);
#8841=CIRCLE('',#8840,0.35);
#8842=EDGE_CURVE('',#8829,#1946,#8841,.T.);
#8843=ORIENTED_EDGE('',*,*,#8842,.T.);
#8844=ORIENTED_EDGE('',*,*,#1952,.F.);
#8845=ORIENTED_EDGE('',*,*,#1990,.T.);
#8846=ORIENTED_EDGE('',*,*,#7839,.T.);
#8847=CARTESIAN_POINT('',(23.116243976,18.9,-2.838647168));
#8848=DIRECTION('',(0.,1.,0.));
#8849=DIRECTION('',(0.,-0.,1.));
#8850=AXIS2_PLACEMENT_3D('',#8847,#8848,#8849);
#8851=CIRCLE('',#8850,0.6);
#8852=EDGE_CURVE('',#2003,#7828,#8851,.T.);
#8853=ORIENTED_EDGE('',*,*,#8852,.F.);
#8854=ORIENTED_EDGE('',*,*,#2032,.F.);
#8855=ORIENTED_EDGE('',*,*,#2057,.T.);
#8856=ORIENTED_EDGE('',*,*,#2089,.T.);
#8857=ORIENTED_EDGE('',*,*,#2121,.T.);
#8858=CARTESIAN_POINT('',(24.007446508,18.9,-4.382255233));
#8859=DIRECTION('',(0.,1.,0.));
#8860=DIRECTION('',(0.,-0.,1.));
#8861=AXIS2_PLACEMENT_3D('',#8858,#8859,#8860);
#8862=CIRCLE('',#8861,0.6);
#8863=EDGE_CURVE('',#2142,#2107,#8862,.T.);
#8864=ORIENTED_EDGE('',*,*,#8863,.F.);
#8865=ORIENTED_EDGE('',*,*,#2171,.F.);
#8866=ORIENTED_EDGE('',*,*,#2203,.T.);
#8867=ORIENTED_EDGE('',*,*,#7856,.F.);
#8868=ORIENTED_EDGE('',*,*,#2231,.T.);
#8869=CARTESIAN_POINT('',(29.052018992,18.9,-11.983687964));
#8870=VERTEX_POINT('',#8869);
#8871=CARTESIAN_POINT('',(29.420867218,18.9,-11.910610425));
#8872=DIRECTION('',(0.,1.,0.));
#8873=DIRECTION('',(0.,-0.,1.));
#8874=AXIS2_PLACEMENT_3D('',#8871,#8872,#8873);
#8875=CIRCLE('',#8874,0.376017739);
#8876=EDGE_CURVE('',#2217,#8870,#8875,.T.);
#8877=ORIENTED_EDGE('',*,*,#8876,.T.);
#8878=CARTESIAN_POINT('',(28.463459166,18.9,-12.100295556));
#8879=DIRECTION('',(0.,1.,0.));
#8880=DIRECTION('',(0.,-0.,1.));
#8881=AXIS2_PLACEMENT_3D('',#8878,#8879,#8880);
#8882=CIRCLE('',#8881,0.6);
#8883=EDGE_CURVE('',#2259,#8870,#8882,.T.);
#8884=ORIENTED_EDGE('',*,*,#8883,.F.);
#8885=ORIENTED_EDGE('',*,*,#2288,.F.);
#8886=ORIENTED_EDGE('',*,*,#2313,.T.);
#8887=ORIENTED_EDGE('',*,*,#2345,.T.);
#8888=ORIENTED_EDGE('',*,*,#2377,.T.);
#8889=CARTESIAN_POINT('',(29.354661697,18.9,-13.643903621));
#8890=DIRECTION('',(0.,1.,0.));
#8891=DIRECTION('',(0.,-0.,1.));
#8892=AXIS2_PLACEMENT_3D('',#8889,#8890,#8891);
#8893=CIRCLE('',#8892,0.6);
#8894=EDGE_CURVE('',#2398,#2363,#8893,.T.);
#8895=ORIENTED_EDGE('',*,*,#8894,.F.);
#8896=ORIENTED_EDGE('',*,*,#2427,.F.);
#8897=CARTESIAN_POINT('',(29.493140849,18.9,-14.583756548));
#8898=DIRECTION('',(0.,1.,0.));
#8899=DIRECTION('',(0.,-0.,1.));
#8900=AXIS2_PLACEMENT_3D('',#8897,#8898,#8899);
#8901=CIRCLE('',#8900,0.35);
#8902=EDGE_CURVE('',#2415,#7868,#8901,.T.);
#8903=ORIENTED_EDGE('',*,*,#8902,.T.);
#8904=ORIENTED_EDGE('',*,*,#7898,.T.);
#8905=CARTESIAN_POINT('',(29.775526791,18.9,-14.81496861));
#8906=VERTEX_POINT('',#8905);
#8907=CARTESIAN_POINT('',(29.501164763,18.9,-14.597654373));
#8908=DIRECTION('',(0.,1.,0.));
#8909=DIRECTION('',(0.,-0.,1.));
#8910=AXIS2_PLACEMENT_3D('',#8907,#8908,#8909);
#8911=CIRCLE('',#8910,0.35);
#8912=EDGE_CURVE('',#7887,#8906,#8911,.T.);
#8913=ORIENTED_EDGE('',*,*,#8912,.T.);
#8914=CARTESIAN_POINT('',(30.245861697,18.9,-15.1875073));
#8915=DIRECTION('',(0.,1.,0.));
#8916=DIRECTION('',(0.,-0.,1.));
#8917=AXIS2_PLACEMENT_3D('',#8914,#8915,#8916);
#8918=CIRCLE('',#8917,0.6);
#8919=EDGE_CURVE('',#7911,#8906,#8918,.T.);
#8920=ORIENTED_EDGE('',*,*,#8919,.F.);
#8921=ORIENTED_EDGE('',*,*,#7940,.F.);
#8922=CARTESIAN_POINT('',(30.384340849,18.9,-16.127360227));
#8923=DIRECTION('',(0.,1.,0.));
#8924=DIRECTION('',(0.,-0.,1.));
#8925=AXIS2_PLACEMENT_3D('',#8922,#8923,#8924);
#8926=CIRCLE('',#8925,0.35);
#8927=EDGE_CURVE('',#7928,#7951,#8926,.T.);
#8928=ORIENTED_EDGE('',*,*,#8927,.T.);
#8929=ORIENTED_EDGE('',*,*,#7958,.T.);
#8930=CARTESIAN_POINT('',(30.666726791,18.9,-16.358572289));
#8931=VERTEX_POINT('',#8930);
#8932=CARTESIAN_POINT('',(30.392364763,18.9,-16.141258053));
#8933=DIRECTION('',(0.,1.,0.));
#8934=DIRECTION('',(0.,-0.,1.));
#8935=AXIS2_PLACEMENT_3D('',#8932,#8933,#8934);
#8936=CIRCLE('',#8935,0.35);
#8937=EDGE_CURVE('',#7953,#8931,#8936,.T.);
#8938=ORIENTED_EDGE('',*,*,#8937,.T.);
#8939=CARTESIAN_POINT('',(31.137061697,18.9,-16.73111098));
#8940=DIRECTION('',(0.,1.,0.));
#8941=DIRECTION('',(0.,-0.,1.));
#8942=AXIS2_PLACEMENT_3D('',#8939,#8940,#8941);
#8943=CIRCLE('',#8942,0.6);
#8944=EDGE_CURVE('',#7993,#8931,#8943,.T.);
#8945=ORIENTED_EDGE('',*,*,#8944,.F.);
#8946=ORIENTED_EDGE('',*,*,#8034,.F.);
#8947=CARTESIAN_POINT('',(31.275540849,18.9,-17.670963907));
#8948=DIRECTION('',(0.,1.,0.));
#8949=DIRECTION('',(0.,-0.,1.));
#8950=AXIS2_PLACEMENT_3D('',#8947,#8948,#8949);
#8951=CIRCLE('',#8950,0.35);
#8952=EDGE_CURVE('',#8022,#8045,#8951,.T.);
#8953=ORIENTED_EDGE('',*,*,#8952,.T.);
#8954=ORIENTED_EDGE('',*,*,#8075,.T.);
#8955=CARTESIAN_POINT('',(31.283564763,18.9,-17.684861733));
#8956=DIRECTION('',(0.,1.,0.));
#8957=DIRECTION('',(0.,-0.,1.));
#8958=AXIS2_PLACEMENT_3D('',#8955,#8956,#8957);
#8959=CIRCLE('',#8958,0.35);
#8960=EDGE_CURVE('',#8064,#5461,#8959,.T.);
#8961=ORIENTED_EDGE('',*,*,#8960,.T.);
#8962=ORIENTED_EDGE('',*,*,#5467,.F.);
#8963=CARTESIAN_POINT('',(32.028269292,18.9,-18.274727815));
#8964=DIRECTION('',(0.,1.,0.));
#8965=DIRECTION('',(0.,-0.,1.));
#8966=AXIS2_PLACEMENT_3D('',#8963,#8964,#8965);
#8967=CIRCLE('',#8966,0.6);
#8968=EDGE_CURVE('',#5501,#5453,#8967,.T.);
#8969=ORIENTED_EDGE('',*,*,#8968,.F.);
#8970=ORIENTED_EDGE('',*,*,#5530,.F.);
#8971=ORIENTED_EDGE('',*,*,#5555,.T.);
#8972=ORIENTED_EDGE('',*,*,#5587,.T.);
#8973=ORIENTED_EDGE('',*,*,#5626,.T.);
#8974=CARTESIAN_POINT('',(32.919471824,18.9,-19.818335879));
#8975=DIRECTION('',(0.,1.,0.));
#8976=DIRECTION('',(0.,-0.,1.));
#8977=AXIS2_PLACEMENT_3D('',#8974,#8975,#8976);
#8978=CIRCLE('',#8977,0.6);
#8979=EDGE_CURVE('',#5640,#5614,#8978,.T.);
#8980=ORIENTED_EDGE('',*,*,#8979,.F.);
#8981=ORIENTED_EDGE('',*,*,#5669,.F.);
#8982=ORIENTED_EDGE('',*,*,#5686,.T.);
#8983=ORIENTED_EDGE('',*,*,#8091,.F.);
#8984=ORIENTED_EDGE('',*,*,#5729,.T.);
#8985=CARTESIAN_POINT('',(37.868059629,18.9,-27.193783551));
#8986=VERTEX_POINT('',#8985);
#8987=CARTESIAN_POINT('',(38.156776119,18.9,-26.992977342));
#8988=DIRECTION('',(0.,1.,0.));
#8989=DIRECTION('',(0.,-0.,1.));
#8990=AXIS2_PLACEMENT_3D('',#8987,#8988,#8989);
#8991=CIRCLE('',#8990,0.351682165);
#8992=EDGE_CURVE('',#5715,#8986,#8991,.T.);
#8993=ORIENTED_EDGE('',*,*,#8992,.T.);
#8994=CARTESIAN_POINT('',(37.375484482,18.9,-27.536376203));
#8995=DIRECTION('',(0.,1.,0.));
#8996=DIRECTION('',(0.,-0.,1.));
#8997=AXIS2_PLACEMENT_3D('',#8994,#8995,#8996);
#8998=CIRCLE('',#8997,0.6);
#8999=EDGE_CURVE('',#5757,#8986,#8998,.T.);
#9000=ORIENTED_EDGE('',*,*,#8999,.F.);
#9001=ORIENTED_EDGE('',*,*,#5786,.F.);
#9002=ORIENTED_EDGE('',*,*,#5811,.T.);
#9003=ORIENTED_EDGE('',*,*,#5843,.T.);
#9004=ORIENTED_EDGE('',*,*,#5875,.T.);
#9005=ORIENTED_EDGE('',*,*,#5915,.F.);
#9006=CARTESIAN_POINT('',(38.266694609,18.9,-29.079997422));
#9007=DIRECTION('',(0.,1.,0.));
#9008=DIRECTION('',(0.,-0.,1.));
#9009=AXIS2_PLACEMENT_3D('',#9006,#9007,#9008);
#9010=CIRCLE('',#9009,0.6);
#9011=EDGE_CURVE('',#8105,#5903,#9010,.T.);
#9012=ORIENTED_EDGE('',*,*,#9011,.F.);
#9013=ORIENTED_EDGE('',*,*,#8131,.F.);
#9014=ORIENTED_EDGE('',*,*,#6194,.T.);
#9015=ORIENTED_EDGE('',*,*,#5951,.F.);
#9016=ORIENTED_EDGE('',*,*,#6238,.T.);
#9017=CARTESIAN_POINT('',(39.157894609,18.9,-30.623601102));
#9018=DIRECTION('',(0.,1.,0.));
#9019=DIRECTION('',(0.,-0.,1.));
#9020=AXIS2_PLACEMENT_3D('',#9017,#9018,#9019);
#9021=CIRCLE('',#9020,0.6);
#9022=EDGE_CURVE('',#8142,#6226,#9021,.T.);
#9023=ORIENTED_EDGE('',*,*,#9022,.F.);
#9024=ORIENTED_EDGE('',*,*,#8163,.F.);
#9025=CARTESIAN_POINT('',(39.296373761,18.9,-31.563454029));
#9026=DIRECTION('',(0.,1.,0.));
#9027=DIRECTION('',(0.,-0.,1.));
#9028=AXIS2_PLACEMENT_3D('',#9025,#9026,#9027);
#9029=CIRCLE('',#9028,0.35);
#9030=EDGE_CURVE('',#8151,#8176,#9029,.T.);
#9031=ORIENTED_EDGE('',*,*,#9030,.T.);
#9032=ORIENTED_EDGE('',*,*,#8181,.F.);
#9033=CARTESIAN_POINT('',(39.578759703,18.9,-31.794666091));
#9034=VERTEX_POINT('',#9033);
#9035=CARTESIAN_POINT('',(39.304397674,18.9,-31.577351854));
#9036=DIRECTION('',(0.,1.,0.));
#9037=DIRECTION('',(0.,-0.,1.));
#9038=AXIS2_PLACEMENT_3D('',#9035,#9036,#9037);
#9039=CIRCLE('',#9038,0.35);
#9040=EDGE_CURVE('',#8174,#9034,#9039,.T.);
#9041=ORIENTED_EDGE('',*,*,#9040,.T.);
#9042=CARTESIAN_POINT('',(40.049094609,18.9,-32.167204781));
#9043=DIRECTION('',(0.,1.,0.));
#9044=DIRECTION('',(0.,-0.,1.));
#9045=AXIS2_PLACEMENT_3D('',#9042,#9043,#9044);
#9046=CIRCLE('',#9045,0.6);
#9047=EDGE_CURVE('',#8207,#9034,#9046,.T.);
#9048=ORIENTED_EDGE('',*,*,#9047,.F.);
#9049=ORIENTED_EDGE('',*,*,#8257,.F.);
#9050=CARTESIAN_POINT('',(40.187573761,18.9,-33.107057708));
#9051=DIRECTION('',(0.,1.,0.));
#9052=DIRECTION('',(0.,-0.,1.));
#9053=AXIS2_PLACEMENT_3D('',#9050,#9051,#9052);
#9054=CIRCLE('',#9053,0.35);
#9055=EDGE_CURVE('',#8245,#8287,#9054,.T.);
#9056=ORIENTED_EDGE('',*,*,#9055,.T.);
#9057=ORIENTED_EDGE('',*,*,#8292,.F.);
#9058=CARTESIAN_POINT('',(40.469959703,18.9,-33.33826977));
#9059=VERTEX_POINT('',#9058);
#9060=CARTESIAN_POINT('',(40.195597674,18.9,-33.120955534));
#9061=DIRECTION('',(0.,1.,0.));
#9062=DIRECTION('',(0.,-0.,1.));
#9063=AXIS2_PLACEMENT_3D('',#9060,#9061,#9062);
#9064=CIRCLE('',#9063,0.35);
#9065=EDGE_CURVE('',#8279,#9059,#9064,.T.);
#9066=ORIENTED_EDGE('',*,*,#9065,.T.);
#9067=CARTESIAN_POINT('',(40.940294609,18.9,-33.710808461));
#9068=DIRECTION('',(0.,1.,0.));
#9069=DIRECTION('',(0.,-0.,1.));
#9070=AXIS2_PLACEMENT_3D('',#9067,#9068,#9069);
#9071=CIRCLE('',#9070,0.6);
#9072=EDGE_CURVE('',#5026,#9059,#9071,.T.);
#9073=ORIENTED_EDGE('',*,*,#9072,.F.);
#9074=ORIENTED_EDGE('',*,*,#5055,.F.);
#9075=ORIENTED_EDGE('',*,*,#5080,.T.);
#9076=ORIENTED_EDGE('',*,*,#5112,.T.);
#9077=ORIENTED_EDGE('',*,*,#5151,.T.);
#9078=CARTESIAN_POINT('',(41.83149714,18.9,-35.254416526));
#9079=DIRECTION('',(0.,1.,0.));
#9080=DIRECTION('',(0.,-0.,1.));
#9081=AXIS2_PLACEMENT_3D('',#9078,#9079,#9080);
#9082=CIRCLE('',#9081,0.6);
#9083=EDGE_CURVE('',#5165,#5139,#9082,.T.);
#9084=ORIENTED_EDGE('',*,*,#9083,.F.);
#9085=ORIENTED_EDGE('',*,*,#5194,.F.);
#9086=ORIENTED_EDGE('',*,*,#5211,.T.);
#9087=ORIENTED_EDGE('',*,*,#8328,.F.);
#9088=ORIENTED_EDGE('',*,*,#8354,.T.);
#9089=CARTESIAN_POINT('',(45.400358783,18.9,-41.435866215));
#9090=DIRECTION('',(0.,1.,0.));
#9091=DIRECTION('',(0.,-0.,1.));
#9092=AXIS2_PLACEMENT_3D('',#9089,#9090,#9091);
#9093=CIRCLE('',#9092,1.2);
#9094=EDGE_CURVE('',#8342,#8399,#9093,.T.);
#9095=ORIENTED_EDGE('',*,*,#9094,.T.);
#9096=ORIENTED_EDGE('',*,*,#8404,.F.);
#9097=ORIENTED_EDGE('',*,*,#8491,.F.);
#9098=ORIENTED_EDGE('',*,*,#1803,.F.);
#9099=ORIENTED_EDGE('',*,*,#7382,.F.);
#9100=ORIENTED_EDGE('',*,*,#104,.F.);
#9101=ORIENTED_EDGE('',*,*,#7399,.F.);
#9102=ORIENTED_EDGE('',*,*,#6744,.F.);
#9103=ORIENTED_EDGE('',*,*,#7423,.T.);
#9104=CARTESIAN_POINT('',(-50.910358783,18.9,-41.453186773));
#9105=DIRECTION('',(0.,1.,0.));
#9106=DIRECTION('',(0.,-0.,1.));
#9107=AXIS2_PLACEMENT_3D('',#9104,#9105,#9106);
#9108=CIRCLE('',#9107,1.199999975);
#9109=EDGE_CURVE('',#7411,#7438,#9108,.T.);
#9110=ORIENTED_EDGE('',*,*,#9109,.T.);
#9111=ORIENTED_EDGE('',*,*,#7443,.F.);
#9112=ORIENTED_EDGE('',*,*,#3651,.T.);
#9113=ORIENTED_EDGE('',*,*,#3698,.F.);
#9114=CARTESIAN_POINT('',(-47.345548656,18.9,-35.278754465));
#9115=DIRECTION('',(0.,1.,0.));
#9116=DIRECTION('',(0.,-0.,1.));
#9117=AXIS2_PLACEMENT_3D('',#9114,#9115,#9116);
#9118=CIRCLE('',#9117,0.6);
#9119=EDGE_CURVE('',#3712,#3686,#9118,.T.);
#9120=ORIENTED_EDGE('',*,*,#9119,.F.);
#9121=ORIENTED_EDGE('',*,*,#3741,.F.);
#9122=ORIENTED_EDGE('',*,*,#3766,.T.);
#9123=ORIENTED_EDGE('',*,*,#3798,.F.);
#9124=ORIENTED_EDGE('',*,*,#3821,.T.);
#9125=ORIENTED_EDGE('',*,*,#3618,.F.);
#9126=ORIENTED_EDGE('',*,*,#6627,.T.);
#9127=ORIENTED_EDGE('',*,*,#6600,.F.);
#9128=CARTESIAN_POINT('',(-45.701625277,18.9,-33.131395648));
#9129=DIRECTION('',(0.,1.,0.));
#9130=DIRECTION('',(0.,-0.,1.));
#9131=AXIS2_PLACEMENT_3D('',#9128,#9129,#9130);
#9132=CIRCLE('',#9131,0.35);
#9133=EDGE_CURVE('',#6589,#6531,#9132,.T.);
#9134=ORIENTED_EDGE('',*,*,#9133,.T.);
#9135=ORIENTED_EDGE('',*,*,#6559,.T.);
#9136=ORIENTED_EDGE('',*,*,#6514,.F.);
#9137=ORIENTED_EDGE('',*,*,#6450,.T.);
#9138=ORIENTED_EDGE('',*,*,#6425,.F.);
#9139=CARTESIAN_POINT('',(-44.810425277,18.9,-31.587791968));
#9140=DIRECTION('',(0.,1.,0.));
#9141=DIRECTION('',(0.,-0.,1.));
#9142=AXIS2_PLACEMENT_3D('',#9139,#9140,#9141);
#9143=CIRCLE('',#9142,0.35);
#9144=EDGE_CURVE('',#6412,#6387,#9143,.T.);
#9145=ORIENTED_EDGE('',*,*,#9144,.T.);
#9146=ORIENTED_EDGE('',*,*,#6401,.T.);
#9147=EDGE_LOOP('',(#8502,#8503,#8504,#8511,#8512,#8513,#8514,#8515,#8516,#8523,#8524,#8525,#8526,#8533,#8534,#8535,#8536,#8543,#8544,#8545,#8546,#8547,#8554,#8555,#8556,#8563,
#8564,#8573,#8580,#8581,#8588,#8589,#8598,#8605,#8606,#8613,#8614,#8623,#8630,#8631,#8632,#8633,#8634,#8641,#8642,#8643,#8650,#8651,#8652,#8659,#8660,
#8661,#8662,#8663,#8670,#8671,#8672,#8681,#8690,#8699,#8706,#8707,#8716,#8725,#8734,#8741,#8742,#8743,#8744,#8745,#8752,#8753,#8760,#8761,#8762,#8763,
#8764,#8771,#8772,#8773,#8774,#8775,#8782,#8783,#8792,#8801,#8810,#8817,#8818,#8827,#8836,#8843,#8844,#8845,#8846,#8853,#8854,#8855,#8856,#8857,#8864,
#8865,#8866,#8867,#8868,#8877,#8884,#8885,#8886,#8887,#8888,#8895,#8896,#8903,#8904,#8913,#8920,#8921,#8928,#8929,#8938,#8945,#8946,#8953,#8954,#8961,
#8962,#8969,#8970,#8971,#8972,#8973,#8980,#8981,#8982,#8983,#8984,#8993,#9000,#9001,#9002,#9003,#9004,#9005,#9012,#9013,#9014,#9015,#9016,#9023,#9024,
#9031,#9032,#9041,#9048,#9049,#9056,#9057,#9066,#9073,#9074,#9075,#9076,#9077,#9084,#9085,#9086,#9087,#9088,#9095,#9096,#9097,#9098,#9099,#9100,#9101,
#9102,#9103,#9110,#9111,#9112,#9113,#9120,#9121,#9122,#9123,#9124,#9125,#9126,#9127,#9134,#9135,#9136,#9137,#9138,#9145,#9146));
#9148=FACE_BOUND('',#9147,.T.);
#9149=ORIENTED_EDGE('',*,*,#2624,.F.);
#9150=ORIENTED_EDGE('',*,*,#2631,.F.);
#9151=EDGE_LOOP('',(#9149,#9150));
#9152=FACE_BOUND('',#9151,.T.);
#9153=ORIENTED_EDGE('',*,*,#2573,.F.);
#9154=ORIENTED_EDGE('',*,*,#2580,.F.);
#9155=EDGE_LOOP('',(#9153,#9154));
#9156=FACE_BOUND('',#9155,.T.);
#9157=ORIENTED_EDGE('',*,*,#2522,.F.);
#9158=ORIENTED_EDGE('',*,*,#2529,.F.);
#9159=EDGE_LOOP('',(#9157,#9158));
#9160=FACE_BOUND('',#9159,.T.);
#9161=ORIENTED_EDGE('',*,*,#2471,.F.);
#9162=ORIENTED_EDGE('',*,*,#2478,.F.);
#9163=EDGE_LOOP('',(#9161,#9162));
#9164=FACE_BOUND('',#9163,.T.);
#9165=ORIENTED_EDGE('',*,*,#1731,.F.);
#9166=ORIENTED_EDGE('',*,*,#1738,.F.);
#9167=EDGE_LOOP('',(#9165,#9166));
#9168=FACE_BOUND('',#9167,.T.);
#9169=ORIENTED_EDGE('',*,*,#1680,.F.);
#9170=ORIENTED_EDGE('',*,*,#1687,.F.);
#9171=EDGE_LOOP('',(#9169,#9170));
#9172=FACE_BOUND('',#9171,.T.);
#9173=ORIENTED_EDGE('',*,*,#1629,.F.);
#9174=ORIENTED_EDGE('',*,*,#1636,.F.);
#9175=EDGE_LOOP('',(#9173,#9174));
#9176=FACE_BOUND('',#9175,.T.);
#9177=ORIENTED_EDGE('',*,*,#1578,.F.);
#9178=ORIENTED_EDGE('',*,*,#1585,.F.);
#9179=EDGE_LOOP('',(#9177,#9178));
#9180=FACE_BOUND('',#9179,.T.);
#9181=ORIENTED_EDGE('',*,*,#1527,.F.);
#9182=ORIENTED_EDGE('',*,*,#1534,.F.);
#9183=EDGE_LOOP('',(#9181,#9182));
#9184=FACE_BOUND('',#9183,.T.);
#9185=ORIENTED_EDGE('',*,*,#1476,.F.);
#9186=ORIENTED_EDGE('',*,*,#1483,.F.);
#9187=EDGE_LOOP('',(#9185,#9186));
#9188=FACE_BOUND('',#9187,.T.);
#9189=ORIENTED_EDGE('',*,*,#1425,.F.);
#9190=ORIENTED_EDGE('',*,*,#1432,.F.);
#9191=EDGE_LOOP('',(#9189,#9190));
#9192=FACE_BOUND('',#9191,.T.);
#9193=ORIENTED_EDGE('',*,*,#1374,.F.);
#9194=ORIENTED_EDGE('',*,*,#1381,.F.);
#9195=EDGE_LOOP('',(#9193,#9194));
#9196=FACE_BOUND('',#9195,.T.);
#9197=ORIENTED_EDGE('',*,*,#1323,.F.);
#9198=ORIENTED_EDGE('',*,*,#1330,.F.);
#9199=EDGE_LOOP('',(#9197,#9198));
#9200=FACE_BOUND('',#9199,.T.);
#9201=ORIENTED_EDGE('',*,*,#1272,.F.);
#9202=ORIENTED_EDGE('',*,*,#1279,.F.);
#9203=EDGE_LOOP('',(#9201,#9202));
#9204=FACE_BOUND('',#9203,.T.);
#9205=ORIENTED_EDGE('',*,*,#1221,.F.);
#9206=ORIENTED_EDGE('',*,*,#1228,.F.);
#9207=EDGE_LOOP('',(#9205,#9206));
#9208=FACE_BOUND('',#9207,.T.);
#9209=ORIENTED_EDGE('',*,*,#1170,.F.);
#9210=ORIENTED_EDGE('',*,*,#1177,.F.);
#9211=EDGE_LOOP('',(#9209,#9210));
#9212=FACE_BOUND('',#9211,.T.);
#9213=ORIENTED_EDGE('',*,*,#1119,.F.);
#9214=ORIENTED_EDGE('',*,*,#1126,.F.);
#9215=EDGE_LOOP('',(#9213,#9214));
#9216=FACE_BOUND('',#9215,.T.);
#9217=ORIENTED_EDGE('',*,*,#1068,.F.);
#9218=ORIENTED_EDGE('',*,*,#1075,.F.);
#9219=EDGE_LOOP('',(#9217,#9218));
#9220=FACE_BOUND('',#9219,.T.);
#9221=ORIENTED_EDGE('',*,*,#1017,.F.);
#9222=ORIENTED_EDGE('',*,*,#1024,.F.);
#9223=EDGE_LOOP('',(#9221,#9222));
#9224=FACE_BOUND('',#9223,.T.);
#9225=ORIENTED_EDGE('',*,*,#966,.F.);
#9226=ORIENTED_EDGE('',*,*,#973,.F.);
#9227=EDGE_LOOP('',(#9225,#9226));
#9228=FACE_BOUND('',#9227,.T.);
#9229=ORIENTED_EDGE('',*,*,#915,.F.);
#9230=ORIENTED_EDGE('',*,*,#922,.F.);
#9231=EDGE_LOOP('',(#9229,#9230));
#9232=FACE_BOUND('',#9231,.T.);
#9233=ORIENTED_EDGE('',*,*,#864,.F.);
#9234=ORIENTED_EDGE('',*,*,#871,.F.);
#9235=EDGE_LOOP('',(#9233,#9234));
#9236=FACE_BOUND('',#9235,.T.);
#9237=ORIENTED_EDGE('',*,*,#813,.F.);
#9238=ORIENTED_EDGE('',*,*,#820,.F.);
#9239=EDGE_LOOP('',(#9237,#9238));
#9240=FACE_BOUND('',#9239,.T.);
#9241=ORIENTED_EDGE('',*,*,#762,.F.);
#9242=ORIENTED_EDGE('',*,*,#769,.F.);
#9243=EDGE_LOOP('',(#9241,#9242));
#9244=FACE_BOUND('',#9243,.T.);
#9245=ORIENTED_EDGE('',*,*,#711,.F.);
#9246=ORIENTED_EDGE('',*,*,#718,.F.);
#9247=EDGE_LOOP('',(#9245,#9246));
#9248=FACE_BOUND('',#9247,.T.);
#9249=ORIENTED_EDGE('',*,*,#660,.F.);
#9250=ORIENTED_EDGE('',*,*,#667,.F.);
#9251=EDGE_LOOP('',(#9249,#9250));
#9252=FACE_BOUND('',#9251,.T.);
#9253=ORIENTED_EDGE('',*,*,#3491,.F.);
#9254=ORIENTED_EDGE('',*,*,#3498,.F.);
#9255=EDGE_LOOP('',(#9253,#9254));
#9256=FACE_BOUND('',#9255,.T.);
#9257=ORIENTED_EDGE('',*,*,#3440,.F.);
#9258=ORIENTED_EDGE('',*,*,#3447,.F.);
#9259=EDGE_LOOP('',(#9257,#9258));
#9260=FACE_BOUND('',#9259,.T.);
#9261=ORIENTED_EDGE('',*,*,#3389,.F.);
#9262=ORIENTED_EDGE('',*,*,#3396,.F.);
#9263=EDGE_LOOP('',(#9261,#9262));
#9264=FACE_BOUND('',#9263,.T.);
#9265=ORIENTED_EDGE('',*,*,#3338,.F.);
#9266=ORIENTED_EDGE('',*,*,#3345,.F.);
#9267=EDGE_LOOP('',(#9265,#9266));
#9268=FACE_BOUND('',#9267,.T.);
#9269=ORIENTED_EDGE('',*,*,#5006,.F.);
#9270=ORIENTED_EDGE('',*,*,#5013,.F.);
#9271=EDGE_LOOP('',(#9269,#9270));
#9272=FACE_BOUND('',#9271,.T.);
#9273=ORIENTED_EDGE('',*,*,#4955,.F.);
#9274=ORIENTED_EDGE('',*,*,#4962,.F.);
#9275=EDGE_LOOP('',(#9273,#9274));
#9276=FACE_BOUND('',#9275,.T.);
#9277=ORIENTED_EDGE('',*,*,#4904,.F.);
#9278=ORIENTED_EDGE('',*,*,#4911,.F.);
#9279=EDGE_LOOP('',(#9277,#9278));
#9280=FACE_BOUND('',#9279,.T.);
#9281=ORIENTED_EDGE('',*,*,#4853,.F.);
#9282=ORIENTED_EDGE('',*,*,#4860,.F.);
#9283=EDGE_LOOP('',(#9281,#9282));
#9284=FACE_BOUND('',#9283,.T.);
#9285=ORIENTED_EDGE('',*,*,#4026,.F.);
#9286=ORIENTED_EDGE('',*,*,#4033,.F.);
#9287=EDGE_LOOP('',(#9285,#9286));
#9288=FACE_BOUND('',#9287,.T.);
#9289=ORIENTED_EDGE('',*,*,#3975,.F.);
#9290=ORIENTED_EDGE('',*,*,#3982,.F.);
#9291=EDGE_LOOP('',(#9289,#9290));
#9292=FACE_BOUND('',#9291,.T.);
#9293=ORIENTED_EDGE('',*,*,#3924,.F.);
#9294=ORIENTED_EDGE('',*,*,#3931,.F.);
#9295=EDGE_LOOP('',(#9293,#9294));
#9296=FACE_BOUND('',#9295,.T.);
#9297=ORIENTED_EDGE('',*,*,#3873,.F.);
#9298=ORIENTED_EDGE('',*,*,#3880,.F.);
#9299=EDGE_LOOP('',(#9297,#9298));
#9300=FACE_BOUND('',#9299,.T.);
#9301=ORIENTED_EDGE('',*,*,#6154,.F.);
#9302=ORIENTED_EDGE('',*,*,#6161,.F.);
#9303=EDGE_LOOP('',(#9301,#9302));
#9304=FACE_BOUND('',#9303,.T.);
#9305=ORIENTED_EDGE('',*,*,#6103,.F.);
#9306=ORIENTED_EDGE('',*,*,#6110,.F.);
#9307=EDGE_LOOP('',(#9305,#9306));
#9308=FACE_BOUND('',#9307,.T.);
#9309=ORIENTED_EDGE('',*,*,#6052,.F.);
#9310=ORIENTED_EDGE('',*,*,#6059,.F.);
#9311=EDGE_LOOP('',(#9309,#9310));
#9312=FACE_BOUND('',#9311,.T.);
#9313=ORIENTED_EDGE('',*,*,#6001,.F.);
#9314=ORIENTED_EDGE('',*,*,#6008,.F.);
#9315=EDGE_LOOP('',(#9313,#9314));
#9316=FACE_BOUND('',#9315,.T.);
#9317=ORIENTED_EDGE('',*,*,#5373,.F.);
#9318=ORIENTED_EDGE('',*,*,#5380,.F.);
#9319=EDGE_LOOP('',(#9317,#9318));
#9320=FACE_BOUND('',#9319,.T.);
#9321=ORIENTED_EDGE('',*,*,#5322,.F.);
#9322=ORIENTED_EDGE('',*,*,#5329,.F.);
#9323=EDGE_LOOP('',(#9321,#9322));
#9324=FACE_BOUND('',#9323,.T.);
#9325=ORIENTED_EDGE('',*,*,#5271,.F.);
#9326=ORIENTED_EDGE('',*,*,#5278,.F.);
#9327=EDGE_LOOP('',(#9325,#9326));
#9328=FACE_BOUND('',#9327,.T.);
#9329=ORIENTED_EDGE('',*,*,#5424,.F.);
#9330=ORIENTED_EDGE('',*,*,#5431,.F.);
#9331=EDGE_LOOP('',(#9329,#9330));
#9332=FACE_BOUND('',#9331,.T.);
#9333=ADVANCED_FACE('',(#9148,#9152,#9156,#9160,#9164,#9168,#9172,#9176,#9180,#9184,#9188,#9192,#9196,#9200,#9204,#9208,#9212,#9216,#9220,#9224,#9228,#9232,#9236,#9240,#9244,#9248,
#9252,#9256,#9260,#9264,#9268,#9272,#9276,#9280,#9284,#9288,#9292,#9296,#9300,#9304,#9308,#9312,#9316,#9320,#9324,#9328,#9332),#8501,.T.);
#9334=CARTESIAN_POINT('',(0.,17.9,0.));
#9335=DIRECTION('',(0.,1.,0.));
#9336=DIRECTION('',(-1.,0.,0.));
#9337=AXIS2_PLACEMENT_3D('',#9334,#9335,#9336);
#9338=PLANE('',#9337);
#9339=ORIENTED_EDGE('',*,*,#5040,.T.);
#9340=CARTESIAN_POINT('',(40.413704265,17.9,-33.423227846));
#9341=VERTEX_POINT('',#9340);
#9342=CARTESIAN_POINT('',(40.940294609,17.9,-33.710808461));
#9343=DIRECTION('',(0.,1.,0.));
#9344=DIRECTION('',(0.,-0.,1.));
#9345=AXIS2_PLACEMENT_3D('',#9342,#9343,#9344);
#9346=CIRCLE('',#9345,0.6);
#9347=EDGE_CURVE('',#5024,#9341,#9346,.T.);
#9348=ORIENTED_EDGE('',*,*,#9347,.T.);
#9349=CARTESIAN_POINT('',(40.413704265,17.9,-33.423227846));
#9350=DIRECTION('',(-0.866025404,0.,-0.5));
#9351=VECTOR('',#9350,0.887749692);
#9352=LINE('',#9349,#9351);
#9353=EDGE_CURVE('',#9341,#8415,#9352,.T.);
#9354=ORIENTED_EDGE('',*,*,#9353,.T.);
#9355=ORIENTED_EDGE('',*,*,#8420,.T.);
#9356=CARTESIAN_POINT('',(45.400358783,17.9,-41.435866215));
#9357=DIRECTION('',(0.,1.,0.));
#9358=DIRECTION('',(0.,-0.,1.));
#9359=AXIS2_PLACEMENT_3D('',#9356,#9357,#9358);
#9360=CIRCLE('',#9359,1.2);
#9361=EDGE_CURVE('',#8340,#8407,#9360,.T.);
#9362=ORIENTED_EDGE('',*,*,#9361,.F.);
#9363=ORIENTED_EDGE('',*,*,#8362,.F.);
#9364=ORIENTED_EDGE('',*,*,#8314,.T.);
#9365=ORIENTED_EDGE('',*,*,#5221,.F.);
#9366=ORIENTED_EDGE('',*,*,#5179,.T.);
#9367=CARTESIAN_POINT('',(41.83149714,17.9,-35.254416526));
#9368=DIRECTION('',(0.,1.,0.));
#9369=DIRECTION('',(0.,-0.,1.));
#9370=AXIS2_PLACEMENT_3D('',#9367,#9368,#9369);
#9371=CIRCLE('',#9370,0.6);
#9372=EDGE_CURVE('',#5163,#5130,#9371,.T.);
#9373=ORIENTED_EDGE('',*,*,#9372,.T.);
#9374=ORIENTED_EDGE('',*,*,#5136,.F.);
#9375=ORIENTED_EDGE('',*,*,#5119,.F.);
#9376=ORIENTED_EDGE('',*,*,#5088,.F.);
#9377=EDGE_LOOP('',(#9339,#9348,#9354,#9355,#9362,#9363,#9364,#9365,#9366,#9373,#9374,#9375,#9376));
#9378=FACE_BOUND('',#9377,.T.);
#9379=ORIENTED_EDGE('',*,*,#5356,.T.);
#9380=ORIENTED_EDGE('',*,*,#5363,.T.);
#9381=EDGE_LOOP('',(#9379,#9380));
#9382=FACE_BOUND('',#9381,.T.);
#9383=ORIENTED_EDGE('',*,*,#5305,.T.);
#9384=ORIENTED_EDGE('',*,*,#5312,.T.);
#9385=EDGE_LOOP('',(#9383,#9384));
#9386=FACE_BOUND('',#9385,.T.);
#9387=ORIENTED_EDGE('',*,*,#5254,.T.);
#9388=ORIENTED_EDGE('',*,*,#5261,.T.);
#9389=EDGE_LOOP('',(#9387,#9388));
#9390=FACE_BOUND('',#9389,.T.);
#9391=ORIENTED_EDGE('',*,*,#5407,.T.);
#9392=ORIENTED_EDGE('',*,*,#5414,.T.);
#9393=EDGE_LOOP('',(#9391,#9392));
#9394=FACE_BOUND('',#9393,.T.);
#9395=ADVANCED_FACE('',(#9378,#9382,#9386,#9390,#9394),#9338,.F.);
#9396=CARTESIAN_POINT('',(22.312856093,18.9,-2.368782408));
#9397=DIRECTION('',(0.,1.,0.));
#9398=DIRECTION('',(0.,-0.,1.));
#9399=AXIS2_PLACEMENT_3D('',#9396,#9397,#9398);
#9400=CYLINDRICAL_SURFACE('',#9399,0.35);
#9401=CARTESIAN_POINT('',(22.312856079,16.338162839,-2.018771973));
#9402=VERTEX_POINT('',#9401);
#9403=CARTESIAN_POINT('',(22.312856093,18.9,-2.018782408));
#9404=DIRECTION('',(-0.,-1.,-0.));
#9405=VECTOR('',#9404,2.561837161);
#9406=LINE('',#9403,#9405);
#9407=EDGE_CURVE('',#8820,#9402,#9406,.T.);
#9408=ORIENTED_EDGE('',*,*,#9407,.T.);
#9409=CARTESIAN_POINT('',(22.560710762,16.739148472,-2.121662876));
#9410=VERTEX_POINT('',#9409);
#9411=CARTESIAN_POINT('',(22.560710762,16.739148472,-2.121662876));
#9412=CARTESIAN_POINT('',(22.51768373,16.643802342,-2.078507846));
#9413=CARTESIAN_POINT('',(22.466634163,16.54906874,-2.047746547));
#9414=CARTESIAN_POINT('',(22.403973839,16.456499289,-2.030851118));
#9415=CARTESIAN_POINT('',(22.372643677,16.410214563,-2.022403404));
#9416=CARTESIAN_POINT('',(22.338387166,16.364544671,-2.017549142));
#9417=CARTESIAN_POINT('',(22.29946864,16.323740959,-2.019038535));
#9418=CARTESIAN_POINT('',(22.280009376,16.303339104,-2.019783232));
#9419=CARTESIAN_POINT('',(22.259517037,16.284288651,-2.022097332));
#9420=CARTESIAN_POINT('',(22.236922206,16.267923578,-2.027118765));
#9421=CARTESIAN_POINT('',(22.214327375,16.251558504,-2.032140197));
#9422=CARTESIAN_POINT('',(22.190031153,16.238266215,-2.039828577));
#9423=CARTESIAN_POINT('',(22.164469334,16.232392331,-2.051794443));
#9424=B_SPLINE_CURVE_WITH_KNOTS('',3,(#9411,#9412,#9413,#9414,#9415,#9416,#9417,#9418,#9419,#9420,#9421,#9422,#9423),.UNSPECIFIED.,.F.,.F.,(4,3,3,3,4),(0.,0.000335702,0.000503553,0.000587479,0.000671404),.UNSPECIFIED.);
#9425=EDGE_CURVE('',#9410,#9402,#9424,.T.);
#9426=ORIENTED_EDGE('',*,*,#9425,.F.);
#9427=CARTESIAN_POINT('',(22.560710762,18.9,-2.121662876));
#9428=DIRECTION('',(-0.,-1.,-0.));
#9429=VECTOR('',#9428,2.160851528);
#9430=LINE('',#9427,#9429);
#9431=EDGE_CURVE('',#8829,#9410,#9430,.T.);
#9432=ORIENTED_EDGE('',*,*,#9431,.F.);
#9433=ORIENTED_EDGE('',*,*,#8835,.F.);
#9434=EDGE_LOOP('',(#9408,#9426,#9432,#9433));
#9435=FACE_BOUND('',#9434,.T.);
#9436=ADVANCED_FACE('',(#9435),#9400,.T.);
#9437=CARTESIAN_POINT('',(22.289633917,18.9,-2.343061485));
#9438=DIRECTION('',(0.,1.,0.));
#9439=DIRECTION('',(0.,-0.,1.));
#9440=AXIS2_PLACEMENT_3D('',#9437,#9438,#9439);
#9441=CYLINDRICAL_SURFACE('',#9440,0.35);
#9442=CARTESIAN_POINT('',(22.589861585,17.225499446,-2.522959644));
#9443=CARTESIAN_POINT('',(22.614866791,17.19891229,-2.481229063));
#9444=CARTESIAN_POINT('',(22.62839176,17.16523479,-2.43974301));
#9445=CARTESIAN_POINT('',(22.634933465,17.127732526,-2.400229855));
#9446=CARTESIAN_POINT('',(22.641475169,17.090230263,-2.360716701));
#9447=CARTESIAN_POINT('',(22.640822398,17.049903287,-2.324198329));
#9448=CARTESIAN_POINT('',(22.635605397,17.007296845,-2.290111178));
#9449=CARTESIAN_POINT('',(22.625171395,16.922083963,-2.221936876));
#9450=CARTESIAN_POINT('',(22.597484603,16.832054717,-2.166688167));
#9451=CARTESIAN_POINT('',(22.560710762,16.739148472,-2.121662876));
#9452=B_SPLINE_CURVE_WITH_KNOTS('',3,(#9442,#9443,#9444,#9445,#9446,#9447,#9448,#9449,#9450,#9451),.UNSPECIFIED.,.F.,.F.,(4,3,3,4),(0.,0.000163348,0.000326695,0.000653391),.UNSPECIFIED.);
#9453=EDGE_CURVE('',#1920,#9410,#9452,.T.);
#9454=ORIENTED_EDGE('',*,*,#9453,.F.);
#9455=ORIENTED_EDGE('',*,*,#1958,.F.);
#9456=ORIENTED_EDGE('',*,*,#8842,.F.);
#9457=ORIENTED_EDGE('',*,*,#9431,.T.);
#9458=EDGE_LOOP('',(#9454,#9455,#9456,#9457));
#9459=FACE_BOUND('',#9458,.T.);
#9460=ADVANCED_FACE('',(#9459),#9441,.T.);
#9461=CARTESIAN_POINT('',(39.296373761,18.9,-31.563454029));
#9462=DIRECTION('',(0.,-1.,0.));
#9463=DIRECTION('',(0.,0.,-1.));
#9464=AXIS2_PLACEMENT_3D('',#9461,#9462,#9463);
#9465=CYLINDRICAL_SURFACE('',#9464,0.35);
#9466=ORIENTED_EDGE('',*,*,#9030,.F.);
#9467=ORIENTED_EDGE('',*,*,#8156,.F.);
#9468=ORIENTED_EDGE('',*,*,#6292,.F.);
#9469=ORIENTED_EDGE('',*,*,#8187,.F.);
#9470=EDGE_LOOP('',(#9466,#9467,#9468,#9469));
#9471=FACE_BOUND('',#9470,.T.);
#9472=ADVANCED_FACE('',(#9471),#9465,.T.);
#9473=CARTESIAN_POINT('',(21.012293725,18.9,-1.3221271));
#9474=DIRECTION('',(0.,1.,0.));
#9475=DIRECTION('',(0.,-0.,1.));
#9476=AXIS2_PLACEMENT_3D('',#9473,#9474,#9475);
#9477=CYLINDRICAL_SURFACE('',#9476,0.35);
#9478=CARTESIAN_POINT('',(21.012293725,18.9,-0.9721271));
#9479=DIRECTION('',(-0.,-1.,-0.));
#9480=VECTOR('',#9479,5.39);
#9481=LINE('',#9478,#9480);
#9482=EDGE_CURVE('',#8785,#2687,#9481,.T.);
#9483=ORIENTED_EDGE('',*,*,#9482,.T.);
#9484=ORIENTED_EDGE('',*,*,#2693,.F.);
#9485=CARTESIAN_POINT('',(21.168507241,18.9,-1.008922156));
#9486=DIRECTION('',(-0.,-1.,-0.));
#9487=VECTOR('',#9486,5.39);
#9488=LINE('',#9485,#9487);
#9489=EDGE_CURVE('',#8794,#2678,#9488,.T.);
#9490=ORIENTED_EDGE('',*,*,#9489,.F.);
#9491=ORIENTED_EDGE('',*,*,#8800,.F.);
#9492=EDGE_LOOP('',(#9483,#9484,#9490,#9491));
#9493=FACE_BOUND('',#9492,.T.);
#9494=ADVANCED_FACE('',(#9493),#9477,.T.);
#9495=CARTESIAN_POINT('',(20.982087369,18.9,-1.305144423));
#9496=DIRECTION('',(0.,1.,0.));
#9497=DIRECTION('',(0.,-0.,1.));
#9498=AXIS2_PLACEMENT_3D('',#9495,#9496,#9497);
#9499=CYLINDRICAL_SURFACE('',#9498,0.35);
#9500=ORIENTED_EDGE('',*,*,#8809,.F.);
#9501=ORIENTED_EDGE('',*,*,#9489,.T.);
#9502=ORIENTED_EDGE('',*,*,#2684,.F.);
#9503=CARTESIAN_POINT('',(21.323983824,18.9,-1.380023084));
#9504=DIRECTION('',(0.,-1.,0.));
#9505=VECTOR('',#9504,5.39);
#9506=LINE('',#9503,#9505);
#9507=EDGE_CURVE('',#8803,#2669,#9506,.T.);
#9508=ORIENTED_EDGE('',*,*,#9507,.F.);
#9509=EDGE_LOOP('',(#9500,#9501,#9502,#9508));
#9510=FACE_BOUND('',#9509,.T.);
#9511=ADVANCED_FACE('',(#9510),#9499,.T.);
#9512=CARTESIAN_POINT('',(29.493140849,18.9,-14.583756548));
#9513=DIRECTION('',(0.,-1.,0.));
#9514=DIRECTION('',(0.,0.,-1.));
#9515=AXIS2_PLACEMENT_3D('',#9512,#9513,#9514);
#9516=CYLINDRICAL_SURFACE('',#9515,0.35);
#9517=CARTESIAN_POINT('',(29.796249741,17.492700741,-14.408756548));
#9518=CARTESIAN_POINT('',(29.78081083,17.520701799,-14.382015571));
#9519=CARTESIAN_POINT('',(29.761873214,17.547736506,-14.357244434));
#9520=CARTESIAN_POINT('',(29.739097305,17.573811969,-14.334747669));
#9521=CARTESIAN_POINT('',(29.716321396,17.599887432,-14.312250903));
#9522=CARTESIAN_POINT('',(29.689406285,17.625155041,-14.291946922));
#9523=CARTESIAN_POINT('',(29.659260025,17.648146098,-14.275690939));
#9524=CARTESIAN_POINT('',(29.598967503,17.694128211,-14.243178972));
#9525=CARTESIAN_POINT('',(29.522369874,17.732955139,-14.225671149));
#9526=CARTESIAN_POINT('',(29.442122214,17.754165652,-14.237494943));
#9527=B_SPLINE_CURVE_WITH_KNOTS('',3,(#9517,#9518,#9519,#9520,#9521,#9522,#9523,#9524,#9525,#9526),.UNSPECIFIED.,.F.,.F.,(4,3,3,4),(0.,0.000123646,0.000247292,0.000494584),.UNSPECIFIED.);
#9528=EDGE_CURVE('',#7870,#2406,#9527,.T.);
#9529=ORIENTED_EDGE('',*,*,#9528,.F.);
#9530=ORIENTED_EDGE('',*,*,#7875,.F.);
#9531=ORIENTED_EDGE('',*,*,#8902,.F.);
#9532=ORIENTED_EDGE('',*,*,#2420,.F.);
#9533=EDGE_LOOP('',(#9529,#9530,#9531,#9532));
#9534=FACE_BOUND('',#9533,.T.);
#9535=ADVANCED_FACE('',(#9534),#9516,.T.);
#9536=CARTESIAN_POINT('',(-35.898392365,18.9,-16.151698167));
#9537=DIRECTION('',(0.,-1.,0.));
#9538=DIRECTION('',(0.,0.,-1.));
#9539=AXIS2_PLACEMENT_3D('',#9536,#9537,#9538);
#9540=CYLINDRICAL_SURFACE('',#9539,0.35);
#9541=ORIENTED_EDGE('',*,*,#8597,.F.);
#9542=ORIENTED_EDGE('',*,*,#7622,.F.);
#9543=CARTESIAN_POINT('',(-35.84737373,13.51,-15.805436562));
#9544=VERTEX_POINT('',#9543);
#9545=CARTESIAN_POINT('',(-35.898392365,13.51,-16.151698167));
#9546=DIRECTION('',(0.,-1.,0.));
#9547=DIRECTION('',(0.,0.,-1.));
#9548=AXIS2_PLACEMENT_3D('',#9545,#9546,#9547);
#9549=CIRCLE('',#9548,0.35);
#9550=EDGE_CURVE('',#9544,#7609,#9549,.T.);
#9551=ORIENTED_EDGE('',*,*,#9550,.F.);
#9552=CARTESIAN_POINT('',(-35.84737373,18.9,-15.805436562));
#9553=DIRECTION('',(0.,-1.,0.));
#9554=VECTOR('',#9553,5.39);
#9555=LINE('',#9552,#9554);
#9556=EDGE_CURVE('',#8591,#9544,#9555,.T.);
#9557=ORIENTED_EDGE('',*,*,#9556,.F.);
#9558=EDGE_LOOP('',(#9541,#9542,#9551,#9557));
#9559=FACE_BOUND('',#9558,.T.);
#9560=ADVANCED_FACE('',(#9559),#9540,.T.);
#9561=CARTESIAN_POINT('',(-35.906416279,18.9,-16.165595992));
#9562=DIRECTION('',(0.,-1.,0.));
#9563=DIRECTION('',(0.,0.,-1.));
#9564=AXIS2_PLACEMENT_3D('',#9561,#9562,#9563);
#9565=CYLINDRICAL_SURFACE('',#9564,0.35);
#9566=ORIENTED_EDGE('',*,*,#8587,.F.);
#9567=ORIENTED_EDGE('',*,*,#7581,.F.);
#9568=CARTESIAN_POINT('',(-35.906416279,13.51,-16.165595992));
#9569=DIRECTION('',(0.,-1.,0.));
#9570=DIRECTION('',(0.,0.,-1.));
#9571=AXIS2_PLACEMENT_3D('',#9568,#9569,#9570);
#9572=CIRCLE('',#9571,0.35);
#9573=EDGE_CURVE('',#7601,#7567,#9572,.T.);
#9574=ORIENTED_EDGE('',*,*,#9573,.F.);
#9575=ORIENTED_EDGE('',*,*,#7606,.F.);
#9576=EDGE_LOOP('',(#9566,#9567,#9574,#9575));
#9577=FACE_BOUND('',#9576,.T.);
#9578=ADVANCED_FACE('',(#9577),#9565,.T.);
#9579=CARTESIAN_POINT('',(31.283564763,18.9,-17.684861733));
#9580=DIRECTION('',(0.,-1.,0.));
#9581=DIRECTION('',(0.,0.,-1.));
#9582=AXIS2_PLACEMENT_3D('',#9579,#9580,#9581);
#9583=CYLINDRICAL_SURFACE('',#9582,0.35);
#9584=CARTESIAN_POINT('',(31.557926791,17.587153124,-17.902175969));
#9585=CARTESIAN_POINT('',(31.61052222,17.561107804,-17.835773561));
#9586=CARTESIAN_POINT('',(31.632263797,17.514007032,-17.759686334));
#9587=CARTESIAN_POINT('',(31.633507067,17.459270312,-17.691216578));
#9588=CARTESIAN_POINT('',(31.634750336,17.404533593,-17.622746823));
#9589=CARTESIAN_POINT('',(31.616569971,17.342701145,-17.561643673));
#9590=CARTESIAN_POINT('',(31.586673654,17.278135563,-17.509861733));
#9591=B_SPLINE_CURVE_WITH_KNOTS('',3,(#9584,#9585,#9586,#9587,#9588,#9589,#9590),.UNSPECIFIED.,.F.,.F.,(4,3,4),(0.,0.000261289,0.000522579),.UNSPECIFIED.);
#9592=EDGE_CURVE('',#5470,#8055,#9591,.T.);
#9593=ORIENTED_EDGE('',*,*,#9592,.F.);
#9594=ORIENTED_EDGE('',*,*,#5475,.F.);
#9595=ORIENTED_EDGE('',*,*,#8960,.F.);
#9596=ORIENTED_EDGE('',*,*,#8069,.F.);
#9597=EDGE_LOOP('',(#9593,#9594,#9595,#9596));
#9598=FACE_BOUND('',#9597,.T.);
#9599=ADVANCED_FACE('',(#9598),#9583,.T.);
#9600=CARTESIAN_POINT('',(31.275540849,18.9,-17.670963907));
#9601=DIRECTION('',(0.,-1.,0.));
#9602=DIRECTION('',(0.,0.,-1.));
#9603=AXIS2_PLACEMENT_3D('',#9600,#9601,#9602);
#9604=CYLINDRICAL_SURFACE('',#9603,0.35);
#9605=CARTESIAN_POINT('',(31.578649741,17.260688574,-17.495963907));
#9606=CARTESIAN_POINT('',(31.545166441,17.187386696,-17.437969131));
#9607=CARTESIAN_POINT('',(31.498405328,17.112801142,-17.393004841));
#9608=CARTESIAN_POINT('',(31.439614766,17.039776578,-17.361804159));
#9609=CARTESIAN_POINT('',(31.410219486,17.003264296,-17.346203818));
#9610=CARTESIAN_POINT('',(31.378264526,16.967843283,-17.334397085));
#9611=CARTESIAN_POINT('',(31.342476265,16.93433719,-17.327424026));
#9612=CARTESIAN_POINT('',(31.306688005,16.900831098,-17.320450967));
#9613=CARTESIAN_POINT('',(31.267869777,16.869749223,-17.318315416));
#9614=CARTESIAN_POINT('',(31.224522214,16.845610168,-17.324702303));
#9615=B_SPLINE_CURVE_WITH_KNOTS('',3,(#9605,#9606,#9607,#9608,#9609,#9610,#9611,#9612,#9613,#9614),.UNSPECIFIED.,.F.,.F.,(4,3,3,4),(0.,0.000293596,0.000440394,0.000587192),.UNSPECIFIED.);
#9616=EDGE_CURVE('',#8047,#8001,#9615,.T.);
#9617=ORIENTED_EDGE('',*,*,#9616,.F.);
#9618=ORIENTED_EDGE('',*,*,#8052,.F.);
#9619=ORIENTED_EDGE('',*,*,#8952,.F.);
#9620=ORIENTED_EDGE('',*,*,#8027,.F.);
#9621=EDGE_LOOP('',(#9617,#9618,#9619,#9620));
#9622=FACE_BOUND('',#9621,.T.);
#9623=ADVANCED_FACE('',(#9622),#9604,.T.);
#9624=CARTESIAN_POINT('',(-35.007192365,18.9,-14.608094487));
#9625=DIRECTION('',(0.,-1.,0.));
#9626=DIRECTION('',(0.,0.,-1.));
#9627=AXIS2_PLACEMENT_3D('',#9624,#9625,#9626);
#9628=CYLINDRICAL_SURFACE('',#9627,0.35);
#9629=CARTESIAN_POINT('',(-34.95617373,17.748430572,-14.261832882));
#9630=VERTEX_POINT('',#9629);
#9631=CARTESIAN_POINT('',(-34.95617373,17.748430572,-14.261832882));
#9632=CARTESIAN_POINT('',(-35.036548567,17.727059015,-14.249990349));
#9633=CARTESIAN_POINT('',(-35.112379619,17.688507138,-14.267192791));
#9634=CARTESIAN_POINT('',(-35.173231365,17.641834625,-14.299985658));
#9635=CARTESIAN_POINT('',(-35.234083111,17.595162112,-14.332778525));
#9636=CARTESIAN_POINT('',(-35.279450438,17.541676256,-14.379659302));
#9637=CARTESIAN_POINT('',(-35.310301256,17.485372241,-14.433094487));
#9638=B_SPLINE_CURVE_WITH_KNOTS('',3,(#9631,#9632,#9633,#9634,#9635,#9636,#9637),.UNSPECIFIED.,.F.,.F.,(4,3,4),(0.,0.000247846,0.000495692),.UNSPECIFIED.);
#9639=EDGE_CURVE('',#9630,#7713,#9638,.T.);
#9640=ORIENTED_EDGE('',*,*,#9639,.F.);
#9641=CARTESIAN_POINT('',(-34.95617373,18.9,-14.261832882));
#9642=DIRECTION('',(0.,-1.,0.));
#9643=VECTOR('',#9642,1.151569428);
#9644=LINE('',#9641,#9643);
#9645=EDGE_CURVE('',#8616,#9630,#9644,.T.);
#9646=ORIENTED_EDGE('',*,*,#9645,.F.);
#9647=ORIENTED_EDGE('',*,*,#8622,.F.);
#9648=ORIENTED_EDGE('',*,*,#7729,.F.);
#9649=EDGE_LOOP('',(#9640,#9646,#9647,#9648));
#9650=FACE_BOUND('',#9649,.T.);
#9651=ADVANCED_FACE('',(#9650),#9628,.T.);
#9652=CARTESIAN_POINT('',(-36.797616279,18.9,-17.709199672));
#9653=DIRECTION('',(0.,-1.,0.));
#9654=DIRECTION('',(0.,0.,-1.));
#9655=AXIS2_PLACEMENT_3D('',#9652,#9653,#9654);
#9656=CYLINDRICAL_SURFACE('',#9655,0.35);
#9657=CARTESIAN_POINT('',(-37.10072517,17.286855627,-17.534199672));
#9658=CARTESIAN_POINT('',(-37.115696618,17.318968939,-17.560130981));
#9659=CARTESIAN_POINT('',(-37.127476091,17.350044654,-17.588093224));
#9660=CARTESIAN_POINT('',(-37.135588855,17.38007801,-17.618235188));
#9661=CARTESIAN_POINT('',(-37.14370162,17.410111365,-17.648377152));
#9662=CARTESIAN_POINT('',(-37.148165226,17.439481388,-17.681171979));
#9663=CARTESIAN_POINT('',(-37.147561809,17.466662361,-17.715374291));
#9664=CARTESIAN_POINT('',(-37.146354975,17.521024309,-17.783778915));
#9665=CARTESIAN_POINT('',(-37.124523976,17.568033138,-17.860174323));
#9666=CARTESIAN_POINT('',(-37.071978307,17.593894913,-17.926513908));
#9667=B_SPLINE_CURVE_WITH_KNOTS('',3,(#9657,#9658,#9659,#9660,#9661,#9662,#9663,#9664,#9665,#9666),.UNSPECIFIED.,.F.,.F.,(4,3,3,4),(0.,0.000129912,0.000259824,0.000519648),.UNSPECIFIED.);
#9668=EDGE_CURVE('',#7486,#4778,#9667,.T.);
#9669=ORIENTED_EDGE('',*,*,#9668,.F.);
#9670=ORIENTED_EDGE('',*,*,#7514,.F.);
#9671=ORIENTED_EDGE('',*,*,#8562,.F.);
#9672=ORIENTED_EDGE('',*,*,#4801,.F.);
#9673=EDGE_LOOP('',(#9669,#9670,#9671,#9672));
#9674=FACE_BOUND('',#9673,.T.);
#9675=ADVANCED_FACE('',(#9674),#9656,.T.);
#9676=CARTESIAN_POINT('',(40.195597674,18.9,-33.120955534));
#9677=DIRECTION('',(0.,-1.,0.));
#9678=DIRECTION('',(0.,0.,-1.));
#9679=AXIS2_PLACEMENT_3D('',#9676,#9677,#9678);
#9680=CYLINDRICAL_SURFACE('',#9679,0.35);
#9681=CARTESIAN_POINT('',(40.469959703,17.872216158,-33.33826977));
#9682=VERTEX_POINT('',#9681);
#9683=CARTESIAN_POINT('',(40.469959703,17.872216158,-33.33826977));
#9684=CARTESIAN_POINT('',(40.518884655,17.854164011,-33.276501387));
#9685=CARTESIAN_POINT('',(40.542691137,17.821772446,-33.20380844));
#9686=CARTESIAN_POINT('',(40.545343194,17.781169026,-33.134299869));
#9687=CARTESIAN_POINT('',(40.547995252,17.740565605,-33.064791298));
#9688=CARTESIAN_POINT('',(40.530254893,17.693248562,-33.00059884));
#9689=CARTESIAN_POINT('',(40.498706566,17.643254228,-32.945955534));
#9690=B_SPLINE_CURVE_WITH_KNOTS('',3,(#9683,#9684,#9685,#9686,#9687,#9688,#9689),.UNSPECIFIED.,.F.,.F.,(4,3,4),(0.,0.000238619,0.000477238),.UNSPECIFIED.);
#9691=EDGE_CURVE('',#9682,#8268,#9690,.T.);
#9692=ORIENTED_EDGE('',*,*,#9691,.F.);
#9693=CARTESIAN_POINT('',(40.469959703,18.9,-33.33826977));
#9694=DIRECTION('',(0.,-1.,0.));
#9695=VECTOR('',#9694,1.027783842);
#9696=LINE('',#9693,#9695);
#9697=EDGE_CURVE('',#9059,#9682,#9696,.T.);
#9698=ORIENTED_EDGE('',*,*,#9697,.F.);
#9699=ORIENTED_EDGE('',*,*,#9065,.F.);
#9700=ORIENTED_EDGE('',*,*,#8284,.F.);
#9701=EDGE_LOOP('',(#9692,#9698,#9699,#9700));
#9702=FACE_BOUND('',#9701,.T.);
#9703=ADVANCED_FACE('',(#9702),#9680,.T.);
#9704=CARTESIAN_POINT('',(30.384340849,18.9,-16.127360227));
#9705=DIRECTION('',(0.,-1.,0.));
#9706=DIRECTION('',(0.,0.,-1.));
#9707=AXIS2_PLACEMENT_3D('',#9704,#9705,#9706);
#9708=CYLINDRICAL_SURFACE('',#9707,0.35);
#9709=ORIENTED_EDGE('',*,*,#8927,.F.);
#9710=ORIENTED_EDGE('',*,*,#7933,.F.);
#9711=CARTESIAN_POINT('',(30.384340849,13.51,-16.127360227));
#9712=DIRECTION('',(0.,-1.,0.));
#9713=DIRECTION('',(0.,0.,-1.));
#9714=AXIS2_PLACEMENT_3D('',#9711,#9712,#9713);
#9715=CIRCLE('',#9714,0.35);
#9716=EDGE_CURVE('',#7961,#7919,#9715,.T.);
#9717=ORIENTED_EDGE('',*,*,#9716,.F.);
#9718=ORIENTED_EDGE('',*,*,#7966,.F.);
#9719=EDGE_LOOP('',(#9709,#9710,#9717,#9718));
#9720=FACE_BOUND('',#9719,.T.);
#9721=ADVANCED_FACE('',(#9720),#9708,.T.);
#9722=CARTESIAN_POINT('',(30.392364763,18.9,-16.141258053));
#9723=DIRECTION('',(0.,-1.,0.));
#9724=DIRECTION('',(0.,0.,-1.));
#9725=AXIS2_PLACEMENT_3D('',#9722,#9723,#9724);
#9726=CYLINDRICAL_SURFACE('',#9725,0.35);
#9727=ORIENTED_EDGE('',*,*,#8937,.F.);
#9728=ORIENTED_EDGE('',*,*,#7980,.F.);
#9729=CARTESIAN_POINT('',(30.666726791,13.51,-16.358572289));
#9730=VERTEX_POINT('',#9729);
#9731=CARTESIAN_POINT('',(30.392364763,13.51,-16.141258053));
#9732=DIRECTION('',(0.,-1.,0.));
#9733=DIRECTION('',(0.,0.,-1.));
#9734=AXIS2_PLACEMENT_3D('',#9731,#9732,#9733);
#9735=CIRCLE('',#9734,0.35);
#9736=EDGE_CURVE('',#9730,#7969,#9735,.T.);
#9737=ORIENTED_EDGE('',*,*,#9736,.F.);
#9738=CARTESIAN_POINT('',(30.666726791,18.9,-16.358572289));
#9739=DIRECTION('',(0.,-1.,0.));
#9740=VECTOR('',#9739,5.39);
#9741=LINE('',#9738,#9740);
#9742=EDGE_CURVE('',#8931,#9730,#9741,.T.);
#9743=ORIENTED_EDGE('',*,*,#9742,.F.);
#9744=EDGE_LOOP('',(#9727,#9728,#9737,#9743));
#9745=FACE_BOUND('',#9744,.T.);
#9746=ADVANCED_FACE('',(#9745),#9726,.T.);
#9747=CARTESIAN_POINT('',(-26.543409574,18.9,-1.333603975));
#9748=DIRECTION('',(0.,1.,0.));
#9749=DIRECTION('',(0.,-0.,1.));
#9750=AXIS2_PLACEMENT_3D('',#9747,#9748,#9749);
#9751=CYLINDRICAL_SURFACE('',#9750,0.35);
#9752=CARTESIAN_POINT('',(-26.543409574,18.9,-0.983603975));
#9753=DIRECTION('',(-0.,-1.,-0.));
#9754=VECTOR('',#9753,5.39);
#9755=LINE('',#9752,#9754);
#9756=EDGE_CURVE('',#8718,#3534,#9755,.T.);
#9757=ORIENTED_EDGE('',*,*,#9756,.T.);
#9758=ORIENTED_EDGE('',*,*,#3540,.F.);
#9759=CARTESIAN_POINT('',(-26.30321309,18.9,-1.079034438));
#9760=DIRECTION('',(0.,-1.,0.));
#9761=VECTOR('',#9760,5.39);
#9762=LINE('',#9759,#9761);
#9763=EDGE_CURVE('',#8727,#3525,#9762,.T.);
#9764=ORIENTED_EDGE('',*,*,#9763,.F.);
#9765=ORIENTED_EDGE('',*,*,#8733,.F.);
#9766=EDGE_LOOP('',(#9757,#9758,#9764,#9765));
#9767=FACE_BOUND('',#9766,.T.);
#9768=ADVANCED_FACE('',(#9767),#9751,.T.);
#9769=CARTESIAN_POINT('',(-26.513068857,18.9,-1.316297823));
#9770=DIRECTION('',(0.,1.,0.));
#9771=DIRECTION('',(0.,-0.,1.));
#9772=AXIS2_PLACEMENT_3D('',#9769,#9770,#9771);
#9773=CYLINDRICAL_SURFACE('',#9772,0.35);
#9774=ORIENTED_EDGE('',*,*,#8715,.F.);
#9775=ORIENTED_EDGE('',*,*,#3287,.F.);
#9776=ORIENTED_EDGE('',*,*,#3556,.F.);
#9777=CARTESIAN_POINT('',(-26.701434567,13.51,-1.021309079));
#9778=DIRECTION('',(0.,1.,0.));
#9779=VECTOR('',#9778,5.39);
#9780=LINE('',#9777,#9779);
#9781=EDGE_CURVE('',#3543,#8709,#9780,.T.);
#9782=ORIENTED_EDGE('',*,*,#9781,.T.);
#9783=EDGE_LOOP('',(#9774,#9775,#9776,#9782));
#9784=FACE_BOUND('',#9783,.T.);
#9785=ADVANCED_FACE('',(#9784),#9773,.T.);
#9786=CARTESIAN_POINT('',(29.501164763,18.9,-14.597654373));
#9787=DIRECTION('',(0.,-1.,0.));
#9788=DIRECTION('',(0.,0.,-1.));
#9789=AXIS2_PLACEMENT_3D('',#9786,#9787,#9788);
#9790=CYLINDRICAL_SURFACE('',#9789,0.35);
#9791=CARTESIAN_POINT('',(29.775526791,17.136073574,-14.81496861));
#9792=VERTEX_POINT('',#9791);
#9793=CARTESIAN_POINT('',(29.775526791,17.136073574,-14.81496861));
#9794=CARTESIAN_POINT('',(29.801537921,17.154658708,-14.782129223));
#9795=CARTESIAN_POINT('',(29.819122112,17.178781458,-14.748459459));
#9796=CARTESIAN_POINT('',(29.831283779,17.20597576,-14.71393608));
#9797=CARTESIAN_POINT('',(29.843445446,17.233170062,-14.679412702));
#9798=CARTESIAN_POINT('',(29.849469134,17.262248341,-14.645659946));
#9799=CARTESIAN_POINT('',(29.85086175,17.292432804,-14.612215173));
#9800=CARTESIAN_POINT('',(29.853646984,17.352801731,-14.545325627));
#9801=CARTESIAN_POINT('',(29.8377685,17.416546418,-14.480669148));
#9802=CARTESIAN_POINT('',(29.804273654,17.478057006,-14.422654373));
#9803=B_SPLINE_CURVE_WITH_KNOTS('',3,(#9793,#9794,#9795,#9796,#9797,#9798,#9799,#9800,#9801,#9802),.UNSPECIFIED.,.F.,.F.,(4,3,3,4),(0.,0.000134918,0.000269835,0.00053967),.UNSPECIFIED.);
#9804=EDGE_CURVE('',#9792,#7878,#9803,.T.);
#9805=ORIENTED_EDGE('',*,*,#9804,.F.);
#9806=CARTESIAN_POINT('',(29.775526791,18.9,-14.81496861));
#9807=DIRECTION('',(0.,-1.,0.));
#9808=VECTOR('',#9807,1.763926426);
#9809=LINE('',#9806,#9808);
#9810=EDGE_CURVE('',#8906,#9792,#9809,.T.);
#9811=ORIENTED_EDGE('',*,*,#9810,.F.);
#9812=ORIENTED_EDGE('',*,*,#8912,.F.);
#9813=ORIENTED_EDGE('',*,*,#7892,.F.);
#9814=EDGE_LOOP('',(#9805,#9811,#9812,#9813));
#9815=FACE_BOUND('',#9814,.T.);
#9816=ADVANCED_FACE('',(#9815),#9790,.T.);
#9817=CARTESIAN_POINT('',(-27.835812695,18.9,-2.389214888));
#9818=DIRECTION('',(0.,1.,0.));
#9819=DIRECTION('',(0.,-0.,1.));
#9820=AXIS2_PLACEMENT_3D('',#9817,#9818,#9819);
#9821=CYLINDRICAL_SURFACE('',#9820,0.35);
#9822=CARTESIAN_POINT('',(-27.835812674,16.358243877,-2.039203574));
#9823=VERTEX_POINT('',#9822);
#9824=CARTESIAN_POINT('',(-27.835812695,18.9,-2.039214888));
#9825=DIRECTION('',(-0.,-1.,-0.));
#9826=VECTOR('',#9825,2.541756123);
#9827=LINE('',#9824,#9826);
#9828=EDGE_CURVE('',#8683,#9823,#9827,.T.);
#9829=ORIENTED_EDGE('',*,*,#9828,.T.);
#9830=CARTESIAN_POINT('',(-27.689874247,16.25492452,-2.071092318));
#9831=VERTEX_POINT('',#9830);
#9832=CARTESIAN_POINT('',(-27.689874247,16.25492452,-2.071092318));
#9833=CARTESIAN_POINT('',(-27.715251607,16.261132687,-2.059450477));
#9834=CARTESIAN_POINT('',(-27.739471327,16.274454309,-2.051949866));
#9835=CARTESIAN_POINT('',(-27.761958616,16.290712639,-2.047095647));
#9836=CARTESIAN_POINT('',(-27.784445904,16.306970969,-2.042241428));
#9837=CARTESIAN_POINT('',(-27.80508389,16.325999932,-2.04001686));
#9838=CARTESIAN_POINT('',(-27.824657509,16.346374579,-2.039392702));
#9839=CARTESIAN_POINT('',(-27.863804747,16.387123872,-2.038144386));
#9840=CARTESIAN_POINT('',(-27.897364498,16.43150347,-2.043145649));
#9841=CARTESIAN_POINT('',(-27.928643876,16.477246938,-2.051750265));
#9842=CARTESIAN_POINT('',(-27.991202634,16.568733872,-2.068959498));
#9843=CARTESIAN_POINT('',(-28.042781512,16.663612926,-2.100426798));
#9844=CARTESIAN_POINT('',(-28.085590437,16.758073195,-2.144039279));
#9845=B_SPLINE_CURVE_WITH_KNOTS('',3,(#9832,#9833,#9834,#9835,#9836,#9837,#9838,#9839,#9840,#9841,#9842,#9843,#9844),.UNSPECIFIED.,.F.,.F.,(4,3,3,3,4),(0.,0.000084136,0.000168272,0.000336545,0.000673089),.UNSPECIFIED.);
#9846=EDGE_CURVE('',#9831,#9823,#9845,.T.);
#9847=ORIENTED_EDGE('',*,*,#9846,.F.);
#9848=CARTESIAN_POINT('',(-27.689874247,18.9,-2.071092318));
#9849=DIRECTION('',(0.,-1.,0.));
#9850=VECTOR('',#9849,2.64507548);
#9851=LINE('',#9848,#9850);
#9852=EDGE_CURVE('',#8692,#9831,#9851,.T.);
#9853=ORIENTED_EDGE('',*,*,#9852,.F.);
#9854=ORIENTED_EDGE('',*,*,#8698,.F.);
#9855=EDGE_LOOP('',(#9829,#9847,#9853,#9854));
#9856=FACE_BOUND('',#9855,.T.);
#9857=ADVANCED_FACE('',(#9856),#9821,.T.);
#9858=CARTESIAN_POINT('',(-27.812618934,18.9,-2.363097624));
#9859=DIRECTION('',(0.,1.,0.));
#9860=DIRECTION('',(0.,-0.,1.));
#9861=AXIS2_PLACEMENT_3D('',#9858,#9859,#9860);
#9862=CYLINDRICAL_SURFACE('',#9861,0.35);
#9863=CARTESIAN_POINT('',(-28.085590437,16.758073195,-2.144039279));
#9864=VERTEX_POINT('',#9863);
#9865=CARTESIAN_POINT('',(-28.085590437,16.758073195,-2.144039279));
#9866=CARTESIAN_POINT('',(-28.122013152,16.849889207,-2.189426106));
#9867=CARTESIAN_POINT('',(-28.148978433,16.937894308,-2.244384567));
#9868=CARTESIAN_POINT('',(-28.158933774,17.02174779,-2.312441609));
#9869=CARTESIAN_POINT('',(-28.163911444,17.063674531,-2.34647013));
#9870=CARTESIAN_POINT('',(-28.164299388,17.104143306,-2.383654964));
#9871=CARTESIAN_POINT('',(-28.157439643,17.14099621,-2.423086612));
#9872=CARTESIAN_POINT('',(-28.150579898,17.177849115,-2.46251826));
#9873=CARTESIAN_POINT('',(-28.136587672,17.211107224,-2.504171481));
#9874=CARTESIAN_POINT('',(-28.111269068,17.236995999,-2.545602686));
#9875=B_SPLINE_CURVE_WITH_KNOTS('',3,(#9865,#9866,#9867,#9868,#9869,#9870,#9871,#9872,#9873,#9874),.UNSPECIFIED.,.F.,.F.,(4,3,3,4),(0.,0.000321285,0.000481927,0.00064257),.UNSPECIFIED.);
#9876=EDGE_CURVE('',#9864,#3183,#9875,.T.);
#9877=ORIENTED_EDGE('',*,*,#9876,.F.);
#9878=CARTESIAN_POINT('',(-28.085590437,16.758073195,-2.144039279));
#9879=DIRECTION('',(0.,1.,0.));
#9880=VECTOR('',#9879,2.141926805);
#9881=LINE('',#9878,#9880);
#9882=EDGE_CURVE('',#9864,#8674,#9881,.T.);
#9883=ORIENTED_EDGE('',*,*,#9882,.T.);
#9884=ORIENTED_EDGE('',*,*,#8680,.F.);
#9885=ORIENTED_EDGE('',*,*,#3208,.F.);
#9886=EDGE_LOOP('',(#9877,#9883,#9884,#9885));
#9887=FACE_BOUND('',#9886,.T.);
#9888=ADVANCED_FACE('',(#9887),#9862,.T.);
#9889=CARTESIAN_POINT('',(39.304397674,18.9,-31.577351854));
#9890=DIRECTION('',(0.,-1.,0.));
#9891=DIRECTION('',(0.,0.,-1.));
#9892=AXIS2_PLACEMENT_3D('',#9889,#9890,#9891);
#9893=CYLINDRICAL_SURFACE('',#9892,0.35);
#9894=ORIENTED_EDGE('',*,*,#9040,.F.);
#9895=ORIENTED_EDGE('',*,*,#8194,.F.);
#9896=ORIENTED_EDGE('',*,*,#6275,.F.);
#9897=CARTESIAN_POINT('',(39.578759703,18.9,-31.794666091));
#9898=DIRECTION('',(0.,-1.,0.));
#9899=VECTOR('',#9898,5.39);
#9900=LINE('',#9897,#9899);
#9901=EDGE_CURVE('',#9034,#6260,#9900,.T.);
#9902=ORIENTED_EDGE('',*,*,#9901,.F.);
#9903=EDGE_LOOP('',(#9894,#9895,#9896,#9902));
#9904=FACE_BOUND('',#9903,.T.);
#9905=ADVANCED_FACE('',(#9904),#9893,.T.);
#9906=CARTESIAN_POINT('',(-36.789592365,18.9,-17.695301846));
#9907=DIRECTION('',(0.,-1.,0.));
#9908=DIRECTION('',(0.,0.,-1.));
#9909=AXIS2_PLACEMENT_3D('',#9906,#9907,#9908);
#9910=CYLINDRICAL_SURFACE('',#9909,0.35);
#9911=CARTESIAN_POINT('',(-36.73857373,16.857672896,-17.349040242));
#9912=VERTEX_POINT('',#9911);
#9913=CARTESIAN_POINT('',(-36.73857373,16.857672896,-17.349040242));
#9914=CARTESIAN_POINT('',(-36.781887711,16.881577861,-17.342658303));
#9915=CARTESIAN_POINT('',(-36.820275556,16.912009846,-17.344731741));
#9916=CARTESIAN_POINT('',(-36.856223577,16.945351614,-17.351702834));
#9917=CARTESIAN_POINT('',(-36.892171598,16.978693382,-17.358673927));
#9918=CARTESIAN_POINT('',(-36.924077683,17.013790061,-17.370478072));
#9919=CARTESIAN_POINT('',(-36.953347084,17.04983105,-17.385972908));
#9920=CARTESIAN_POINT('',(-36.982616485,17.08587204,-17.401467744));
#9921=CARTESIAN_POINT('',(-37.009252421,17.123107656,-17.42090337));
#9922=CARTESIAN_POINT('',(-37.032524591,17.159851034,-17.443341663));
#9923=CARTESIAN_POINT('',(-37.055796761,17.196594411,-17.465779957));
#9924=CARTESIAN_POINT('',(-37.075971787,17.233154493,-17.491325556));
#9925=CARTESIAN_POINT('',(-37.092701256,17.269527725,-17.520301846));
#9926=B_SPLINE_CURVE_WITH_KNOTS('',3,(#9913,#9914,#9915,#9916,#9917,#9918,#9919,#9920,#9921,#9922,#9923,#9924,#9925),.UNSPECIFIED.,.F.,.F.,(4,3,3,3,4),(0.,0.000146753,0.000293506,0.00044026,0.000587013),.UNSPECIFIED.);
#9927=EDGE_CURVE('',#9912,#7484,#9926,.T.);
#9928=ORIENTED_EDGE('',*,*,#9927,.F.);
#9929=CARTESIAN_POINT('',(-36.73857373,18.9,-17.349040242));
#9930=DIRECTION('',(0.,-1.,0.));
#9931=VECTOR('',#9930,2.042327104);
#9932=LINE('',#9929,#9931);
#9933=EDGE_CURVE('',#8566,#9912,#9932,.T.);
#9934=ORIENTED_EDGE('',*,*,#9933,.F.);
#9935=ORIENTED_EDGE('',*,*,#8572,.F.);
#9936=ORIENTED_EDGE('',*,*,#7500,.F.);
#9937=EDGE_LOOP('',(#9928,#9934,#9935,#9936));
#9938=FACE_BOUND('',#9937,.T.);
#9939=ADVANCED_FACE('',(#9938),#9910,.T.);
#9940=CARTESIAN_POINT('',(-35.015216279,18.9,-14.621992313));
#9941=DIRECTION('',(0.,-1.,0.));
#9942=DIRECTION('',(0.,0.,-1.));
#9943=AXIS2_PLACEMENT_3D('',#9940,#9941,#9942);
#9944=CYLINDRICAL_SURFACE('',#9943,0.35);
#9945=CARTESIAN_POINT('',(-35.31832517,17.470636468,-14.446992313));
#9946=CARTESIAN_POINT('',(-35.335098373,17.439639782,-14.476044353));
#9947=CARTESIAN_POINT('',(-35.347177217,17.408545664,-14.506409778));
#9948=CARTESIAN_POINT('',(-35.354982831,17.377368393,-14.537976303));
#9949=CARTESIAN_POINT('',(-35.362788445,17.346191122,-14.569542828));
#9950=CARTESIAN_POINT('',(-35.366287584,17.314568402,-14.602704502));
#9951=CARTESIAN_POINT('',(-35.364928237,17.284132114,-14.636189012));
#9952=CARTESIAN_POINT('',(-35.363568889,17.253695825,-14.669673521));
#9953=CARTESIAN_POINT('',(-35.35755824,17.224337149,-14.703505924));
#9954=CARTESIAN_POINT('',(-35.345406356,17.196904898,-14.738072082));
#9955=CARTESIAN_POINT('',(-35.333254472,17.169472648,-14.772638239));
#9956=CARTESIAN_POINT('',(-35.315670081,17.145117278,-14.806365348));
#9957=CARTESIAN_POINT('',(-35.289578307,17.126336969,-14.839306549));
#9958=B_SPLINE_CURVE_WITH_KNOTS('',3,(#9945,#9946,#9947,#9948,#9949,#9950,#9951,#9952,#9953,#9954,#9955,#9956,#9957),.UNSPECIFIED.,.F.,.F.,(4,3,3,3,4),(0.,0.00013506,0.00027012,0.00040518,0.00054024),.UNSPECIFIED.);
#9959=EDGE_CURVE('',#7715,#7666,#9958,.T.);
#9960=ORIENTED_EDGE('',*,*,#9959,.F.);
#9961=ORIENTED_EDGE('',*,*,#7743,.F.);
#9962=ORIENTED_EDGE('',*,*,#8612,.F.);
#9963=ORIENTED_EDGE('',*,*,#7695,.F.);
#9964=EDGE_LOOP('',(#9960,#9961,#9962,#9963));
#9965=FACE_BOUND('',#9964,.T.);
#9966=ADVANCED_FACE('',(#9965),#9944,.T.);
#9967=CARTESIAN_POINT('',(40.187573761,18.9,-33.107057708));
#9968=DIRECTION('',(0.,-1.,0.));
#9969=DIRECTION('',(0.,0.,-1.));
#9970=AXIS2_PLACEMENT_3D('',#9967,#9968,#9969);
#9971=CYLINDRICAL_SURFACE('',#9970,0.35);
#9972=CARTESIAN_POINT('',(40.490682652,17.630462044,-32.932057708));
#9973=CARTESIAN_POINT('',(40.473819095,17.6034151,-32.90284917));
#9974=CARTESIAN_POINT('',(40.453362782,17.576210112,-32.876963827));
#9975=CARTESIAN_POINT('',(40.429541124,17.54887575,-32.854170787));
#9976=CARTESIAN_POINT('',(40.405719466,17.521541387,-32.831377747));
#9977=CARTESIAN_POINT('',(40.378338329,17.493978547,-32.811702434));
#9978=CARTESIAN_POINT('',(40.348544606,17.467803114,-32.796270986));
#9979=CARTESIAN_POINT('',(40.288957159,17.415452249,-32.76540809));
#9980=CARTESIAN_POINT('',(40.217119304,17.365052211,-32.748925673));
#9981=CARTESIAN_POINT('',(40.136555126,17.334052051,-32.760796104));
#9982=B_SPLINE_CURVE_WITH_KNOTS('',3,(#9972,#9973,#9974,#9975,#9976,#9977,#9978,#9979,#9980,#9981),.UNSPECIFIED.,.F.,.F.,(4,3,3,4),(0.,0.000128188,0.000256376,0.000512752),.UNSPECIFIED.);
#9983=EDGE_CURVE('',#8270,#8215,#9982,.T.);
#9984=ORIENTED_EDGE('',*,*,#9983,.F.);
#9985=ORIENTED_EDGE('',*,*,#8298,.F.);
#9986=ORIENTED_EDGE('',*,*,#9055,.F.);
#9987=ORIENTED_EDGE('',*,*,#8250,.F.);
#9988=EDGE_LOOP('',(#9984,#9985,#9986,#9987));
#9989=FACE_BOUND('',#9988,.T.);
#9990=ADVANCED_FACE('',(#9989),#9971,.T.);
#9991=CARTESIAN_POINT('',(0.,13.51,0.));
#9992=DIRECTION('',(0.,-1.,0.));
#9993=DIRECTION('',(1.,0.,0.));
#9994=AXIS2_PLACEMENT_3D('',#9991,#9992,#9993);
#9995=PLANE('',#9994);
#9996=CARTESIAN_POINT('',(29.898166021,13.51,-15.676493718));
#9997=VERTEX_POINT('',#9996);
#9998=CARTESIAN_POINT('',(29.331444623,13.51,-16.003690469));
#9999=DIRECTION('',(0.866025404,0.,0.5));
#10000=VECTOR('',#9999,0.654393502);
#10001=LINE('',#9998,#10000);
#10002=EDGE_CURVE('',#8375,#9997,#10001,.T.);
#10003=ORIENTED_EDGE('',*,*,#10002,.F.);
#10004=ORIENTED_EDGE('',*,*,#8475,.T.);
#10005=CARTESIAN_POINT('',(30.601820819,13.51,-17.002251537));
#10006=VERTEX_POINT('',#10005);
#10007=CARTESIAN_POINT('',(30.601820819,13.51,-17.002251537));
#10008=DIRECTION('',(-0.866025404,0.,-0.5));
#10009=VECTOR('',#10008,0.600897523);
#10010=LINE('',#10007,#10009);
#10011=EDGE_CURVE('',#10006,#8464,#10010,.T.);
#10012=ORIENTED_EDGE('',*,*,#10011,.F.);
#10013=CARTESIAN_POINT('',(31.137061697,13.51,-16.73111098));
#10014=DIRECTION('',(0.,1.,0.));
#10015=DIRECTION('',(0.,0.,-1.));
#10016=AXIS2_PLACEMENT_3D('',#10013,#10014,#10015);
#10017=CIRCLE('',#10016,0.6);
#10018=EDGE_CURVE('',#10006,#9730,#10017,.T.);
#10019=ORIENTED_EDGE('',*,*,#10018,.T.);
#10020=ORIENTED_EDGE('',*,*,#9736,.T.);
#10021=ORIENTED_EDGE('',*,*,#7974,.F.);
#10022=ORIENTED_EDGE('',*,*,#9716,.T.);
#10023=ORIENTED_EDGE('',*,*,#7925,.T.);
#10024=CARTESIAN_POINT('',(30.245861697,13.51,-15.1875073));
#10025=DIRECTION('',(0.,1.,0.));
#10026=DIRECTION('',(0.,0.,-1.));
#10027=AXIS2_PLACEMENT_3D('',#10024,#10025,#10026);
#10028=CIRCLE('',#10027,0.6);
#10029=EDGE_CURVE('',#7909,#9997,#10028,.T.);
#10030=ORIENTED_EDGE('',*,*,#10029,.T.);
#10031=EDGE_LOOP('',(#10003,#10004,#10012,#10019,#10020,#10021,#10022,#10023,#10030));
#10032=FACE_BOUND('',#10031,.T.);
#10033=ADVANCED_FACE('',(#10032),#9995,.T.);
#10034=CARTESIAN_POINT('',(0.,13.51,0.));
#10035=DIRECTION('',(0.,-1.,0.));
#10036=DIRECTION('',(1.,0.,0.));
#10037=AXIS2_PLACEMENT_3D('',#10034,#10035,#10036);
#10038=PLANE('',#10037);
#10039=CARTESIAN_POINT('',(-35.405059252,13.51,-15.695662009));
#10040=DIRECTION('',(0.866025404,0.,-0.5));
#10041=VECTOR('',#10040,0.65077907);
#10042=LINE('',#10039,#10041);
#10043=EDGE_CURVE('',#7649,#6649,#10042,.T.);
#10044=ORIENTED_EDGE('',*,*,#10043,.F.);
#10045=ORIENTED_EDGE('',*,*,#7655,.T.);
#10046=CARTESIAN_POINT('',(-35.759913213,13.51,-15.21184524));
#10047=DIRECTION('',(0.,1.,0.));
#10048=DIRECTION('',(0.,0.,-1.));
#10049=AXIS2_PLACEMENT_3D('',#10046,#10047,#10048);
#10050=CIRCLE('',#10049,0.6);
#10051=EDGE_CURVE('',#7639,#9544,#10050,.T.);
#10052=ORIENTED_EDGE('',*,*,#10051,.T.);
#10053=ORIENTED_EDGE('',*,*,#9550,.T.);
#10054=ORIENTED_EDGE('',*,*,#7614,.T.);
#10055=ORIENTED_EDGE('',*,*,#9573,.T.);
#10056=ORIENTED_EDGE('',*,*,#7573,.T.);
#10057=CARTESIAN_POINT('',(-35.591428298,13.51,-17.320020807));
#10058=DIRECTION('',(-0.866025404,0.,0.5));
#10059=VECTOR('',#10058,0.601396237);
#10060=LINE('',#10057,#10059);
#10061=EDGE_CURVE('',#6657,#7559,#10060,.T.);
#10062=ORIENTED_EDGE('',*,*,#10061,.F.);
#10063=ORIENTED_EDGE('',*,*,#6662,.T.);
#10064=EDGE_LOOP('',(#10044,#10045,#10052,#10053,#10054,#10055,#10056,#10062,#10063));
#10065=FACE_BOUND('',#10064,.T.);
#10066=ADVANCED_FACE('',(#10065),#10038,.T.);
#10067=CARTESIAN_POINT('',(41.079099262,0.,-29.347225173));
#10068=DIRECTION('',(0.5,0.,-0.866025404));
#10069=DIRECTION('',(-0.,1.,0.));
#10070=AXIS2_PLACEMENT_3D('',#10067,#10068,#10069);
#10071=PLANE('',#10070);
#10072=CARTESIAN_POINT('',(38.581246077,14.9,-30.789361382));
#10073=VERTEX_POINT('',#10072);
#10074=CARTESIAN_POINT('',(38.581246077,13.51,-30.789361382));
#10075=DIRECTION('',(-0.,1.,-0.));
#10076=VECTOR('',#10075,1.39);
#10077=LINE('',#10074,#10076);
#10078=EDGE_CURVE('',#6304,#10073,#10077,.T.);
#10079=ORIENTED_EDGE('',*,*,#10078,.T.);
#10080=CARTESIAN_POINT('',(38.581246077,14.9,-30.789361382));
#10081=DIRECTION('',(-0.866025404,0.,-0.5));
#10082=VECTOR('',#10081,0.617727582);
#10083=LINE('',#10080,#10082);
#10084=EDGE_CURVE('',#10073,#8439,#10083,.T.);
#10085=ORIENTED_EDGE('',*,*,#10084,.T.);
#10086=ORIENTED_EDGE('',*,*,#8444,.T.);
#10087=ORIENTED_EDGE('',*,*,#6318,.T.);
#10088=EDGE_LOOP('',(#10079,#10085,#10086,#10087));
#10089=FACE_BOUND('',#10088,.T.);
#10090=ADVANCED_FACE('',(#10089),#10071,.F.);
#10091=CARTESIAN_POINT('',(39.329099262,14.9,-26.31613626));
#10092=DIRECTION('',(-0.866025404,0.,-0.5));
#10093=DIRECTION('',(-0.5,0.,0.866025404));
#10094=AXIS2_PLACEMENT_3D('',#10091,#10092,#10093);
#10095=CYLINDRICAL_SURFACE('',#10094,3.5);
#10096=ORIENTED_EDGE('',*,*,#8451,.T.);
#10097=ORIENTED_EDGE('',*,*,#10084,.F.);
#10098=CARTESIAN_POINT('',(38.581246077,14.9,-30.789361382));
#10099=CARTESIAN_POINT('',(38.581246077,15.05049611,-30.789361382));
#10100=CARTESIAN_POINT('',(38.578276361,15.199292469,-30.779911229));
#10101=CARTESIAN_POINT('',(38.573763507,15.346361652,-30.760680846));
#10102=CARTESIAN_POINT('',(38.569250654,15.493430836,-30.741450463));
#10103=CARTESIAN_POINT('',(38.563078391,15.638779125,-30.712490092));
#10104=CARTESIAN_POINT('',(38.559793429,15.782067844,-30.671297844));
#10105=CARTESIAN_POINT('',(38.556508468,15.925356562,-30.630105595));
#10106=CARTESIAN_POINT('',(38.555605497,16.068095908,-30.57603769));
#10107=CARTESIAN_POINT('',(38.569420935,16.201103184,-30.506559505));
#10108=CARTESIAN_POINT('',(38.576328654,16.267606822,-30.471820412));
#10109=CARTESIAN_POINT('',(38.587162344,16.332341557,-30.432798658));
#10110=CARTESIAN_POINT('',(38.605173184,16.391624203,-30.390150836));
#10111=CARTESIAN_POINT('',(38.623184024,16.450906849,-30.347503013));
#10112=CARTESIAN_POINT('',(38.648585597,16.506135814,-30.300267722));
#10113=CARTESIAN_POINT('',(38.687559703,16.549417401,-30.251062411));
#10114=B_SPLINE_CURVE_WITH_KNOTS('',3,(#10098,#10099,#10100,#10101,#10102,#10103,#10104,#10105,#10106,#10107,#10108,#10109,#10110,#10111,#10112,#10113),.UNSPECIFIED.,.F.,.F.,(4,3,3,3,3,4),(0.,0.000444763,0.000889526,0.001334289,0.001556671,0.001779053),.UNSPECIFIED.);
#10115=EDGE_CURVE('',#10073,#6211,#10114,.T.);
#10116=ORIENTED_EDGE('',*,*,#10115,.T.);
#10117=ORIENTED_EDGE('',*,*,#6223,.T.);
#10118=ORIENTED_EDGE('',*,*,#5935,.T.);
#10119=ORIENTED_EDGE('',*,*,#6184,.T.);
#10120=ORIENTED_EDGE('',*,*,#8123,.T.);
#10121=CARTESIAN_POINT('',(38.354155126,17.428396988,-29.673588744));
#10122=CARTESIAN_POINT('',(38.282529013,17.453928681,-29.684142229));
#10123=CARTESIAN_POINT('',(38.21498722,17.487709623,-29.681409299));
#10124=CARTESIAN_POINT('',(38.150141239,17.526075759,-29.668567989));
#10125=CARTESIAN_POINT('',(38.085295259,17.564441895,-29.655726678));
#10126=CARTESIAN_POINT('',(38.026273191,17.605630702,-29.633292339));
#10127=CARTESIAN_POINT('',(37.971633362,17.648250797,-29.60243293));
#10128=CARTESIAN_POINT('',(37.862353703,17.733490988,-29.540714113));
#10129=CARTESIAN_POINT('',(37.773828075,17.821566972,-29.446450513));
#10130=CARTESIAN_POINT('',(37.719850983,17.89999991,-29.32690236));
#10131=B_SPLINE_CURVE_WITH_KNOTS('',3,(#10121,#10122,#10123,#10124,#10125,#10126,#10127,#10128,#10129,#10130),.UNSPECIFIED.,.F.,.F.,(4,3,3,4),(0.,0.00022625,0.0004525,0.000905),.UNSPECIFIED.);
#10132=EDGE_CURVE('',#8103,#5894,#10131,.T.);
#10133=ORIENTED_EDGE('',*,*,#10132,.T.);
#10134=ORIENTED_EDGE('',*,*,#7187,.T.);
#10135=EDGE_LOOP('',(#10096,#10097,#10116,#10117,#10118,#10119,#10120,#10133,#10134));
#10136=FACE_BOUND('',#10135,.T.);
#10137=ADVANCED_FACE('',(#10136),#10095,.F.);
#10138=CARTESIAN_POINT('',(33.114249262,-0.,-15.551700299));
#10139=DIRECTION('',(-0.5,-0.,0.866025404));
#10140=DIRECTION('',(0.,-1.,-0.));
#10141=AXIS2_PLACEMENT_3D('',#10138,#10139,#10140);
#10142=PLANE('',#10141);
#10143=CARTESIAN_POINT('',(30.601820819,14.9,-17.002251537));
#10144=VERTEX_POINT('',#10143);
#10145=CARTESIAN_POINT('',(30.601820819,14.9,-17.002251537));
#10146=DIRECTION('',(0.,-1.,0.));
#10147=VECTOR('',#10146,1.39);
#10148=LINE('',#10145,#10147);
#10149=EDGE_CURVE('',#10144,#10006,#10148,.T.);
#10150=ORIENTED_EDGE('',*,*,#10149,.T.);
#10151=ORIENTED_EDGE('',*,*,#10011,.T.);
#10152=ORIENTED_EDGE('',*,*,#8469,.T.);
#10153=CARTESIAN_POINT('',(30.601820819,14.9,-17.002251537));
#10154=DIRECTION('',(-0.866025404,0.,-0.5));
#10155=VECTOR('',#10154,0.600897523);
#10156=LINE('',#10153,#10155);
#10157=EDGE_CURVE('',#10144,#8455,#10156,.T.);
#10158=ORIENTED_EDGE('',*,*,#10157,.F.);
#10159=EDGE_LOOP('',(#10150,#10151,#10152,#10158));
#10160=FACE_BOUND('',#10159,.T.);
#10161=ADVANCED_FACE('',(#10160),#10142,.F.);
#10162=CARTESIAN_POINT('',(34.864249262,14.9,-18.582789212));
#10163=DIRECTION('',(-0.866025404,0.,-0.5));
#10164=DIRECTION('',(-0.5,0.,0.866025404));
#10165=AXIS2_PLACEMENT_3D('',#10162,#10163,#10164);
#10166=CYLINDRICAL_SURFACE('',#10165,3.5);
#10167=ORIENTED_EDGE('',*,*,#8461,.T.);
#10168=ORIENTED_EDGE('',*,*,#7244,.F.);
#10169=ORIENTED_EDGE('',*,*,#5488,.T.);
#10170=ORIENTED_EDGE('',*,*,#9592,.T.);
#10171=ORIENTED_EDGE('',*,*,#8061,.F.);
#10172=ORIENTED_EDGE('',*,*,#9616,.T.);
#10173=ORIENTED_EDGE('',*,*,#8019,.T.);
#10174=CARTESIAN_POINT('',(31.224522214,16.845610168,-17.324702303));
#10175=CARTESIAN_POINT('',(31.144905073,16.801273593,-17.336433196));
#10176=CARTESIAN_POINT('',(31.076335057,16.74057129,-17.331046669));
#10177=CARTESIAN_POINT('',(31.017466153,16.672811581,-17.319070933));
#10178=CARTESIAN_POINT('',(30.958597249,16.605051873,-17.307095197));
#10179=CARTESIAN_POINT('',(30.910278184,16.531249646,-17.288533715));
#10180=CARTESIAN_POINT('',(30.8687851,16.453074578,-17.267793072));
#10181=CARTESIAN_POINT('',(30.785798931,16.296724443,-17.226311785));
#10182=CARTESIAN_POINT('',(30.733773721,16.13162772,-17.178860422));
#10183=CARTESIAN_POINT('',(30.695914834,15.960171057,-17.137791992));
#10184=CARTESIAN_POINT('',(30.658055948,15.788714393,-17.096723562));
#10185=CARTESIAN_POINT('',(30.63579022,15.612939706,-17.061985458));
#10186=CARTESIAN_POINT('',(30.621752744,15.436181499,-17.03844904));
#10187=CARTESIAN_POINT('',(30.607715268,15.259423292,-17.014912622));
#10188=CARTESIAN_POINT('',(30.601820819,15.080707611,-17.002251537));
#10189=CARTESIAN_POINT('',(30.601820819,14.9,-17.002251537));
#10190=B_SPLINE_CURVE_WITH_KNOTS('',3,(#10174,#10175,#10176,#10177,#10178,#10179,#10180,#10181,#10182,#10183,#10184,#10185,#10186,#10187,#10188,#10189),.UNSPECIFIED.,.F.,.F.,(4,3,3,3,3,4),(0.,0.000270106,0.000540212,0.001080424,0.001620636,0.002160849),.UNSPECIFIED.);
#10191=EDGE_CURVE('',#7991,#10144,#10190,.T.);
#10192=ORIENTED_EDGE('',*,*,#10191,.T.);
#10193=ORIENTED_EDGE('',*,*,#10157,.T.);
#10194=EDGE_LOOP('',(#10167,#10168,#10169,#10170,#10171,#10172,#10173,#10192,#10193));
#10195=FACE_BOUND('',#10194,.T.);
#10196=ADVANCED_FACE('',(#10195),#10166,.F.);
#10197=CARTESIAN_POINT('',(41.829099262,-0.,-30.646263279));
#10198=DIRECTION('',(-0.5,-0.,0.866025404));
#10199=DIRECTION('',(0.,-1.,-0.));
#10200=AXIS2_PLACEMENT_3D('',#10197,#10198,#10199);
#10201=PLANE('',#10200);
#10202=CARTESIAN_POINT('',(39.470620739,14.9,-32.007931489));
#10203=VERTEX_POINT('',#10202);
#10204=CARTESIAN_POINT('',(39.470620739,14.9,-32.007931489));
#10205=DIRECTION('',(0.,-1.,0.));
#10206=VECTOR('',#10205,1.39);
#10207=LINE('',#10204,#10206);
#10208=EDGE_CURVE('',#10203,#6250,#10207,.T.);
#10209=ORIENTED_EDGE('',*,*,#10208,.T.);
#10210=ORIENTED_EDGE('',*,*,#6257,.T.);
#10211=ORIENTED_EDGE('',*,*,#8435,.T.);
#10212=CARTESIAN_POINT('',(39.470620739,14.9,-32.007931489));
#10213=DIRECTION('',(-0.866025404,0.,-0.5));
#10214=VECTOR('',#10213,0.778663579);
#10215=LINE('',#10212,#10214);
#10216=EDGE_CURVE('',#10203,#8423,#10215,.T.);
#10217=ORIENTED_EDGE('',*,*,#10216,.F.);
#10218=EDGE_LOOP('',(#10209,#10210,#10211,#10217));
#10219=FACE_BOUND('',#10218,.T.);
#10220=ADVANCED_FACE('',(#10219),#10201,.F.);
#10221=CARTESIAN_POINT('',(43.579099262,14.9,-33.677352192));
#10222=DIRECTION('',(-0.866025404,0.,-0.5));
#10223=DIRECTION('',(-0.5,0.,0.866025404));
#10224=AXIS2_PLACEMENT_3D('',#10221,#10222,#10223);
#10225=CYLINDRICAL_SURFACE('',#10224,3.5);
#10226=ORIENTED_EDGE('',*,*,#8429,.T.);
#10227=ORIENTED_EDGE('',*,*,#9353,.F.);
#10228=CARTESIAN_POINT('',(40.413704265,17.9,-33.423227846));
#10229=CARTESIAN_POINT('',(40.429732031,17.889542288,-33.393879322));
#10230=CARTESIAN_POINT('',(40.448366212,17.880183645,-33.365531831));
#10231=CARTESIAN_POINT('',(40.469959703,17.872216158,-33.33826977));
#10232=B_SPLINE_CURVE_WITH_KNOTS('',3,(#10228,#10229,#10230,#10231),.UNSPECIFIED.,.F.,.F.,(4,4),(0.001397246,0.00150263),.UNSPECIFIED.);
#10233=EDGE_CURVE('',#9341,#9682,#10232,.T.);
#10234=ORIENTED_EDGE('',*,*,#10233,.T.);
#10235=ORIENTED_EDGE('',*,*,#9691,.T.);
#10236=ORIENTED_EDGE('',*,*,#8276,.T.);
#10237=ORIENTED_EDGE('',*,*,#9983,.T.);
#10238=ORIENTED_EDGE('',*,*,#8242,.T.);
#10239=CARTESIAN_POINT('',(40.136555126,17.334052051,-32.760796104));
#10240=CARTESIAN_POINT('',(40.025515844,17.291325424,-32.777156776));
#10241=CARTESIAN_POINT('',(39.925686161,17.222464377,-32.760774407));
#10242=CARTESIAN_POINT('',(39.844012849,17.142713689,-32.731067772));
#10243=CARTESIAN_POINT('',(39.803176192,17.102838346,-32.716214454));
#10244=CARTESIAN_POINT('',(39.766081174,17.059507001,-32.697668807));
#10245=CARTESIAN_POINT('',(39.733280912,17.014686158,-32.677363295));
#10246=CARTESIAN_POINT('',(39.70048065,16.969865315,-32.657057783));
#10247=CARTESIAN_POINT('',(39.671800987,16.923505172,-32.634995122));
#10248=CARTESIAN_POINT('',(39.646364176,16.875738975,-32.611961118));
#10249=CARTESIAN_POINT('',(39.595490556,16.78020658,-32.565893109));
#10250=CARTESIAN_POINT('',(39.557485167,16.678415293,-32.51574277));
#10251=CARTESIAN_POINT('',(39.529400038,16.57533598,-32.467067339));
#10252=CARTESIAN_POINT('',(39.501314909,16.472256666,-32.418391907));
#10253=CARTESIAN_POINT('',(39.482675522,16.366941895,-32.370596781));
#10254=CARTESIAN_POINT('',(39.470308937,16.25927449,-32.325341262));
#10255=CARTESIAN_POINT('',(39.457942351,16.151607085,-32.280085743));
#10256=CARTESIAN_POINT('',(39.451958761,16.041139091,-32.237195897));
#10257=CARTESIAN_POINT('',(39.449932834,15.930190845,-32.198909158));
#10258=CARTESIAN_POINT('',(39.447906907,15.8192426,-32.16062242));
#10259=CARTESIAN_POINT('',(39.449784865,15.70742539,-32.126721057));
#10260=CARTESIAN_POINT('',(39.453049532,15.594451947,-32.098427848));
#10261=CARTESIAN_POINT('',(39.459578866,15.368505059,-32.041841428));
#10262=CARTESIAN_POINT('',(39.470620739,15.137869301,-32.007931489));
#10263=CARTESIAN_POINT('',(39.470620739,14.9,-32.007931489));
#10264=B_SPLINE_CURVE_WITH_KNOTS('',3,(#10239,#10240,#10241,#10242,#10243,#10244,#10245,#10246,#10247,#10248,#10249,#10250,#10251,#10252,#10253,#10254,#10255,#10256,#10257,#10258,#10259,#10260,#10261,#10262,#10263),.UNSPECIFIED.,.F.,.F.,(4,3,3,3,3,3,3,3,4),(0.,0.000353719,0.000530578,0.000707437,0.001061156,0.001414874,0.001768593,0.002122311,0.002829748),.UNSPECIFIED.);
#10265=EDGE_CURVE('',#8205,#10203,#10264,.T.);
#10266=ORIENTED_EDGE('',*,*,#10265,.T.);
#10267=ORIENTED_EDGE('',*,*,#10216,.T.);
#10268=EDGE_LOOP('',(#10226,#10227,#10234,#10235,#10236,#10237,#10238,#10266,#10267));
#10269=FACE_BOUND('',#10268,.T.);
#10270=ADVANCED_FACE('',(#10269),#10225,.F.);
#10271=CARTESIAN_POINT('',(-38.624249262,-0.,-15.569020807));
#10272=DIRECTION('',(0.5,-0.,0.866025404));
#10273=DIRECTION('',(-0.,-1.,-0.));
#10274=AXIS2_PLACEMENT_3D('',#10271,#10272,#10273);
#10275=PLANE('',#10274);
#10276=ORIENTED_EDGE('',*,*,#10061,.T.);
#10277=ORIENTED_EDGE('',*,*,#7564,.T.);
#10278=CARTESIAN_POINT('',(-36.112252717,14.9,-17.019322688));
#10279=DIRECTION('',(0.866025404,0.,-0.5));
#10280=VECTOR('',#10279,0.601396237);
#10281=LINE('',#10278,#10280);
#10282=EDGE_CURVE('',#7535,#6665,#10281,.T.);
#10283=ORIENTED_EDGE('',*,*,#10282,.T.);
#10284=ORIENTED_EDGE('',*,*,#6670,.F.);
#10285=EDGE_LOOP('',(#10276,#10277,#10283,#10284));
#10286=FACE_BOUND('',#10285,.T.);
#10287=ADVANCED_FACE('',(#10286),#10275,.F.);
#10288=CARTESIAN_POINT('',(-40.374249262,14.9,-18.60010972));
#10289=DIRECTION('',(0.866025404,0.,-0.5));
#10290=DIRECTION('',(0.5,0.,0.866025404));
#10291=AXIS2_PLACEMENT_3D('',#10288,#10289,#10290);
#10292=CYLINDRICAL_SURFACE('',#10291,3.5);
#10293=ORIENTED_EDGE('',*,*,#10282,.F.);
#10294=ORIENTED_EDGE('',*,*,#7556,.T.);
#10295=CARTESIAN_POINT('',(-36.112252717,14.9,-17.019322688));
#10296=CARTESIAN_POINT('',(-36.112252717,15.08221905,-17.019322688));
#10297=CARTESIAN_POINT('',(-36.118079005,15.262055967,-17.032291091));
#10298=CARTESIAN_POINT('',(-36.131964083,15.43956303,-17.056254804));
#10299=CARTESIAN_POINT('',(-36.145849161,15.617070092,-17.080218518));
#10300=CARTESIAN_POINT('',(-36.16767073,15.792248386,-17.115257224));
#10301=CARTESIAN_POINT('',(-36.205415754,15.964892158,-17.157137574));
#10302=CARTESIAN_POINT('',(-36.243160778,16.137535931,-17.199017923));
#10303=CARTESIAN_POINT('',(-36.296748588,16.307510154,-17.248507483));
#10304=CARTESIAN_POINT('',(-36.379864559,16.46377565,-17.290635025));
#10305=CARTESIAN_POINT('',(-36.421422544,16.541908398,-17.311698796));
#10306=CARTESIAN_POINT('',(-36.469877312,16.615798277,-17.330611319));
#10307=CARTESIAN_POINT('',(-36.529125727,16.683798633,-17.342917262));
#10308=CARTESIAN_POINT('',(-36.558749934,16.717798811,-17.349070234));
#10309=CARTESIAN_POINT('',(-36.591478576,16.750528581,-17.353495084));
#10310=CARTESIAN_POINT('',(-36.626324683,16.779851904,-17.354936641));
#10311=CARTESIAN_POINT('',(-36.66117079,16.809175227,-17.356378199));
#10312=CARTESIAN_POINT('',(-36.69832658,16.835460513,-17.354970309));
#10313=CARTESIAN_POINT('',(-36.73857373,16.857672896,-17.349040242));
#10314=B_SPLINE_CURVE_WITH_KNOTS('',3,(#10295,#10296,#10297,#10298,#10299,#10300,#10301,#10302,#10303,#10304,#10305,#10306,#10307,#10308,#10309,#10310,#10311,#10312,#10313),.UNSPECIFIED.,.F.,.F.,(4,3,3,3,3,3,4),(0.,0.000538843,0.001077686,0.00161653,0.001885951,0.002020662,0.002155373),.UNSPECIFIED.);
#10315=EDGE_CURVE('',#7525,#9912,#10314,.T.);
#10316=ORIENTED_EDGE('',*,*,#10315,.T.);
#10317=ORIENTED_EDGE('',*,*,#9927,.T.);
#10318=ORIENTED_EDGE('',*,*,#7492,.T.);
#10319=ORIENTED_EDGE('',*,*,#9668,.T.);
#10320=ORIENTED_EDGE('',*,*,#4793,.T.);
#10321=ORIENTED_EDGE('',*,*,#6796,.F.);
#10322=ORIENTED_EDGE('',*,*,#6679,.F.);
#10323=EDGE_LOOP('',(#10293,#10294,#10316,#10317,#10318,#10319,#10320,#10321,#10322));
#10324=FACE_BOUND('',#10323,.T.);
#10325=ADVANCED_FACE('',(#10324),#10292,.F.);
#10326=CARTESIAN_POINT('',(-46.589099262,0.,-29.364545681));
#10327=DIRECTION('',(-0.5,0.,-0.866025404));
#10328=DIRECTION('',(0.,1.,0.));
#10329=AXIS2_PLACEMENT_3D('',#10326,#10327,#10328);
#10330=PLANE('',#10329);
#10331=ORIENTED_EDGE('',*,*,#4246,.T.);
#10332=ORIENTED_EDGE('',*,*,#6702,.F.);
#10333=CARTESIAN_POINT('',(-44.093042865,14.9,-30.805644514));
#10334=DIRECTION('',(0.866025404,0.,-0.5));
#10335=VECTOR('',#10334,0.619802334);
#10336=LINE('',#10333,#10335);
#10337=EDGE_CURVE('',#6336,#6690,#10336,.T.);
#10338=ORIENTED_EDGE('',*,*,#10337,.F.);
#10339=ORIENTED_EDGE('',*,*,#6341,.F.);
#10340=EDGE_LOOP('',(#10331,#10332,#10338,#10339));
#10341=FACE_BOUND('',#10340,.T.);
#10342=ADVANCED_FACE('',(#10341),#10330,.F.);
#10343=CARTESIAN_POINT('',(-44.839099262,14.9,-26.333456768));
#10344=DIRECTION('',(0.866025404,0.,-0.5));
#10345=DIRECTION('',(0.5,0.,0.866025404));
#10346=AXIS2_PLACEMENT_3D('',#10343,#10344,#10345);
#10347=CYLINDRICAL_SURFACE('',#10346,3.5);
#10348=ORIENTED_EDGE('',*,*,#4124,.F.);
#10349=CARTESIAN_POINT('',(-44.222326573,17.060437708,-29.869175133));
#10350=CARTESIAN_POINT('',(-44.193467811,17.134002906,-29.819190291));
#10351=CARTESIAN_POINT('',(-44.152200951,17.203773513,-29.774208185));
#10352=CARTESIAN_POINT('',(-44.092915059,17.267981885,-29.740317895));
#10353=CARTESIAN_POINT('',(-44.063272112,17.300086071,-29.72337275));
#10354=CARTESIAN_POINT('',(-44.029855796,17.329789736,-29.709853386));
#10355=CARTESIAN_POINT('',(-43.991819306,17.35618706,-29.70178792));
#10356=CARTESIAN_POINT('',(-43.953782816,17.382584384,-29.693722453));
#10357=CARTESIAN_POINT('',(-43.912216813,17.404839066,-29.691427894));
#10358=CARTESIAN_POINT('',(-43.868199047,17.420630488,-29.697913529));
#10359=B_SPLINE_CURVE_WITH_KNOTS('',3,(#10349,#10350,#10351,#10352,#10353,#10354,#10355,#10356,#10357,#10358),.UNSPECIFIED.,.F.,.F.,(4,3,3,4),(0.,0.000276475,0.000414713,0.00055295),.UNSPECIFIED.);
#10360=EDGE_CURVE('',#4153,#4106,#10359,.T.);
#10361=ORIENTED_EDGE('',*,*,#10360,.F.);
#10362=ORIENTED_EDGE('',*,*,#4159,.F.);
#10363=ORIENTED_EDGE('',*,*,#4204,.F.);
#10364=ORIENTED_EDGE('',*,*,#6360,.F.);
#10365=ORIENTED_EDGE('',*,*,#10337,.T.);
#10366=ORIENTED_EDGE('',*,*,#6696,.F.);
#10367=ORIENTED_EDGE('',*,*,#6789,.F.);
#10368=ORIENTED_EDGE('',*,*,#4086,.F.);
#10369=EDGE_LOOP('',(#10348,#10361,#10362,#10363,#10364,#10365,#10366,#10367,#10368));
#10370=FACE_BOUND('',#10369,.T.);
#10371=ADVANCED_FACE('',(#10370),#10347,.F.);
#10372=CARTESIAN_POINT('',(-47.339099262,-0.,-30.663583787));
#10373=DIRECTION('',(0.5,-0.,0.866025404));
#10374=DIRECTION('',(-0.,-1.,-0.));
#10375=AXIS2_PLACEMENT_3D('',#10372,#10373,#10374);
#10376=PLANE('',#10375);
#10377=CARTESIAN_POINT('',(-44.987874944,14.9,-32.02106378));
#10378=DIRECTION('',(0.866025404,0.,-0.5));
#10379=VECTOR('',#10378,0.787040014);
#10380=LINE('',#10377,#10379);
#10381=EDGE_CURVE('',#6470,#6706,#10380,.T.);
#10382=ORIENTED_EDGE('',*,*,#10381,.T.);
#10383=ORIENTED_EDGE('',*,*,#6711,.F.);
#10384=ORIENTED_EDGE('',*,*,#4230,.T.);
#10385=ORIENTED_EDGE('',*,*,#6503,.F.);
#10386=EDGE_LOOP('',(#10382,#10383,#10384,#10385));
#10387=FACE_BOUND('',#10386,.T.);
#10388=ADVANCED_FACE('',(#10387),#10376,.F.);
#10389=CARTESIAN_POINT('',(-49.089099262,14.9,-33.6946727));
#10390=DIRECTION('',(0.866025404,0.,-0.5));
#10391=DIRECTION('',(0.5,0.,0.866025404));
#10392=AXIS2_PLACEMENT_3D('',#10389,#10390,#10391);
#10393=CYLINDRICAL_SURFACE('',#10392,3.5);
#10394=ORIENTED_EDGE('',*,*,#6551,.F.);
#10395=CARTESIAN_POINT('',(-46.004734168,17.636940437,-32.956395648));
#10396=CARTESIAN_POINT('',(-45.987865776,17.610049661,-32.927178736));
#10397=CARTESIAN_POINT('',(-45.967402654,17.583002794,-32.901286914));
#10398=CARTESIAN_POINT('',(-45.94357207,17.555828814,-32.878489046));
#10399=CARTESIAN_POINT('',(-45.919741487,17.528654835,-32.855691178));
#10400=CARTESIAN_POINT('',(-45.892342889,17.501249309,-32.836008732));
#10401=CARTESIAN_POINT('',(-45.862535872,17.475231917,-32.820577726));
#10402=CARTESIAN_POINT('',(-45.802921837,17.423197132,-32.789715715));
#10403=CARTESIAN_POINT('',(-45.731064708,17.373151025,-32.773279247));
#10404=CARTESIAN_POINT('',(-45.650606642,17.342396878,-32.785134043));
#10405=B_SPLINE_CURVE_WITH_KNOTS('',3,(#10395,#10396,#10397,#10398,#10399,#10400,#10401,#10402,#10403,#10404),.UNSPECIFIED.,.F.,.F.,(4,3,3,4),(0.,0.000127906,0.000255813,0.000511625),.UNSPECIFIED.);
#10406=EDGE_CURVE('',#6580,#6533,#10405,.T.);
#10407=ORIENTED_EDGE('',*,*,#10406,.F.);
#10408=ORIENTED_EDGE('',*,*,#6586,.F.);
#10409=ORIENTED_EDGE('',*,*,#6619,.F.);
#10410=ORIENTED_EDGE('',*,*,#3601,.F.);
#10411=ORIENTED_EDGE('',*,*,#6877,.F.);
#10412=ORIENTED_EDGE('',*,*,#6720,.F.);
#10413=ORIENTED_EDGE('',*,*,#10381,.F.);
#10414=ORIENTED_EDGE('',*,*,#6497,.F.);
#10415=EDGE_LOOP('',(#10394,#10407,#10408,#10409,#10410,#10411,#10412,#10413,#10414));
#10416=FACE_BOUND('',#10415,.T.);
#10417=ADVANCED_FACE('',(#10416),#10393,.F.);
#10418=CARTESIAN_POINT('',(-33.97371059,14.796,-16.522051545));
#10419=DIRECTION('',(-0.5,0.,-0.866025404));
#10420=DIRECTION('',(-0.866025404,0.,0.5));
#10421=AXIS2_PLACEMENT_3D('',#10418,#10419,#10420);
#10422=PLANE('',#10421);
#10423=CARTESIAN_POINT('',(-35.405059252,14.9,-15.695662009));
#10424=DIRECTION('',(0.866025404,-0.,-0.5));
#10425=VECTOR('',#10424,0.65077907);
#10426=LINE('',#10423,#10425);
#10427=EDGE_CURVE('',#7658,#6640,#10426,.T.);
#10428=ORIENTED_EDGE('',*,*,#10427,.F.);
#10429=ORIENTED_EDGE('',*,*,#7663,.T.);
#10430=ORIENTED_EDGE('',*,*,#10043,.T.);
#10431=ORIENTED_EDGE('',*,*,#6654,.F.);
#10432=EDGE_LOOP('',(#10428,#10429,#10430,#10431));
#10433=FACE_BOUND('',#10432,.T.);
#10434=ADVANCED_FACE('',(#10433),#10422,.F.);
#10435=CARTESIAN_POINT('',(-32.22371059,14.9,-13.490962631));
#10436=DIRECTION('',(-0.866025404,0.,0.5));
#10437=DIRECTION('',(0.5,0.,0.866025404));
#10438=AXIS2_PLACEMENT_3D('',#10435,#10436,#10437);
#10439=CYLINDRICAL_SURFACE('',#10438,3.5);
#10440=ORIENTED_EDGE('',*,*,#6946,.F.);
#10441=ORIENTED_EDGE('',*,*,#2753,.T.);
#10442=CARTESIAN_POINT('',(-34.596279446,17.9,-14.202825363));
#10443=CARTESIAN_POINT('',(-34.702396607,17.83997222,-14.256904275));
#10444=CARTESIAN_POINT('',(-34.826549592,17.782897448,-14.280931871));
#10445=CARTESIAN_POINT('',(-34.95617373,17.748430572,-14.261832882));
#10446=B_SPLINE_CURVE_WITH_KNOTS('',3,(#10442,#10443,#10444,#10445),.UNSPECIFIED.,.F.,.F.,(4,4),(0.001129438,0.001529466),.UNSPECIFIED.);
#10447=EDGE_CURVE('',#2737,#9630,#10446,.T.);
#10448=ORIENTED_EDGE('',*,*,#10447,.T.);
#10449=ORIENTED_EDGE('',*,*,#9639,.T.);
#10450=ORIENTED_EDGE('',*,*,#7721,.T.);
#10451=ORIENTED_EDGE('',*,*,#9959,.T.);
#10452=ORIENTED_EDGE('',*,*,#7687,.T.);
#10453=ORIENTED_EDGE('',*,*,#10427,.T.);
#10454=ORIENTED_EDGE('',*,*,#6646,.F.);
#10455=EDGE_LOOP('',(#10440,#10441,#10448,#10449,#10450,#10451,#10452,#10453,#10454));
#10456=FACE_BOUND('',#10455,.T.);
#10457=ADVANCED_FACE('',(#10456),#10439,.F.);
#10458=CARTESIAN_POINT('',(-27.240007917,0.,-3.054936391));
#10459=DIRECTION('',(0.,1.,0.));
#10460=DIRECTION('',(-0.5,0.,-0.866025404));
#10461=AXIS2_PLACEMENT_3D('',#10458,#10459,#10460);
#10462=CYLINDRICAL_SURFACE('',#10461,0.9);
#10463=ORIENTED_EDGE('',*,*,#57,.T.);
#10464=ORIENTED_EDGE('',*,*,#3572,.T.);
#10465=CARTESIAN_POINT('',(-26.790007917,14.9,-2.275513528));
#10466=VERTEX_POINT('',#10465);
#10467=CARTESIAN_POINT('',(-26.790007917,13.51,-2.275513528));
#10468=DIRECTION('',(0.,1.,0.));
#10469=VECTOR('',#10468,1.39);
#10470=LINE('',#10467,#10469);
#10471=EDGE_CURVE('',#3560,#10466,#10470,.T.);
#10472=ORIENTED_EDGE('',*,*,#10471,.T.);
#10473=CARTESIAN_POINT('',(-27.240007917,14.9,-3.054936391));
#10474=DIRECTION('',(0.,-1.,0.));
#10475=DIRECTION('',(0.866025404,0.,-0.5));
#10476=AXIS2_PLACEMENT_3D('',#10473,#10474,#10475);
#10477=CIRCLE('',#10476,0.9);
#10478=EDGE_CURVE('',#52,#10466,#10477,.T.);
#10479=ORIENTED_EDGE('',*,*,#10478,.F.);
#10480=EDGE_LOOP('',(#10463,#10464,#10472,#10479));
#10481=FACE_BOUND('',#10480,.T.);
#10482=ADVANCED_FACE('',(#10481),#10462,.F.);
#10483=CARTESIAN_POINT('',(-26.008853001,-3.604,-2.726513529));
#10484=DIRECTION('',(-0.5,0.,-0.866025404));
#10485=DIRECTION('',(-0.866025404,-0.,0.5));
#10486=AXIS2_PLACEMENT_3D('',#10483,#10484,#10485);
#10487=PLANE('',#10486);
#10488=CARTESIAN_POINT('',(-26.790007917,14.9,-2.275513528));
#10489=DIRECTION('',(-0.866025404,0.,0.5));
#10490=VECTOR('',#10489,0.432841337);
#10491=LINE('',#10488,#10490);
#10492=EDGE_CURVE('',#10466,#3244,#10491,.T.);
#10493=ORIENTED_EDGE('',*,*,#10492,.F.);
#10494=ORIENTED_EDGE('',*,*,#10471,.F.);
#10495=ORIENTED_EDGE('',*,*,#3565,.F.);
#10496=ORIENTED_EDGE('',*,*,#3270,.F.);
#10497=EDGE_LOOP('',(#10493,#10494,#10495,#10496));
#10498=FACE_BOUND('',#10497,.T.);
#10499=ADVANCED_FACE('',(#10498),#10487,.T.);
#10500=CARTESIAN_POINT('',(-27.758853002,14.9,-5.757602442));
#10501=DIRECTION('',(0.866025404,0.,-0.5));
#10502=DIRECTION('',(-0.5,0.,-0.866025404));
#10503=AXIS2_PLACEMENT_3D('',#10500,#10501,#10502);
#10504=CYLINDRICAL_SURFACE('',#10503,3.5);
#10505=ORIENTED_EDGE('',*,*,#87,.T.);
#10506=CARTESIAN_POINT('',(-28.540007917,14.9,-5.306602441));
#10507=DIRECTION('',(-0.866025404,-0.,0.5));
#10508=DIRECTION('',(-0.5,0.,-0.866025404));
#10509=AXIS2_PLACEMENT_3D('',#10506,#10507,#10508);
#10510=CIRCLE('',#10509,3.5);
#10511=EDGE_CURVE('',#10466,#60,#10510,.T.);
#10512=ORIENTED_EDGE('',*,*,#10511,.F.);
#10513=ORIENTED_EDGE('',*,*,#10492,.T.);
#10514=ORIENTED_EDGE('',*,*,#3262,.T.);
#10515=CARTESIAN_POINT('',(-27.164859511,14.9,-2.059092859));
#10516=CARTESIAN_POINT('',(-27.164859511,15.028608781,-2.059092859));
#10517=CARTESIAN_POINT('',(-27.172146604,15.155796923,-2.063049701));
#10518=CARTESIAN_POINT('',(-27.187439297,15.281495546,-2.070135832));
#10519=CARTESIAN_POINT('',(-27.20273199,15.407194168,-2.077221962));
#10520=CARTESIAN_POINT('',(-27.225879457,15.531421508,-2.087546494));
#10521=CARTESIAN_POINT('',(-27.260873694,15.65368022,-2.098472507));
#10522=CARTESIAN_POINT('',(-27.29586793,15.775938933,-2.10939852));
#10523=CARTESIAN_POINT('',(-27.342842576,15.897920535,-2.121763185));
#10524=CARTESIAN_POINT('',(-27.410769579,16.008176198,-2.125041748));
#10525=CARTESIAN_POINT('',(-27.444733081,16.063304029,-2.126681029));
#10526=CARTESIAN_POINT('',(-27.483335995,16.114720404,-2.126025796));
#10527=CARTESIAN_POINT('',(-27.530211367,16.159428254,-2.118872223));
#10528=CARTESIAN_POINT('',(-27.577086739,16.204136105,-2.11171865));
#10529=CARTESIAN_POINT('',(-27.63170138,16.240693454,-2.097779069));
#10530=CARTESIAN_POINT('',(-27.689874247,16.25492452,-2.071092318));
#10531=B_SPLINE_CURVE_WITH_KNOTS('',3,(#10515,#10516,#10517,#10518,#10519,#10520,#10521,#10522,#10523,#10524,#10525,#10526,#10527,#10528,#10529,#10530),.UNSPECIFIED.,.F.,.F.,(4,3,3,3,3,4),(0.,0.000380156,0.000760312,0.001140468,0.001330546,0.001520624),.UNSPECIFIED.);
#10532=EDGE_CURVE('',#3234,#9831,#10531,.T.);
#10533=ORIENTED_EDGE('',*,*,#10532,.T.);
#10534=ORIENTED_EDGE('',*,*,#9846,.T.);
#10535=CARTESIAN_POINT('',(-27.689874247,16.25492452,-2.071092318));
#10536=CARTESIAN_POINT('',(-27.715251607,16.261132687,-2.059450477));
#10537=CARTESIAN_POINT('',(-27.739471327,16.274454309,-2.051949866));
#10538=CARTESIAN_POINT('',(-27.761958616,16.290712639,-2.047095647));
#10539=CARTESIAN_POINT('',(-27.784445904,16.306970969,-2.042241428));
#10540=CARTESIAN_POINT('',(-27.80508389,16.325999932,-2.04001686));
#10541=CARTESIAN_POINT('',(-27.824657509,16.346374579,-2.039392702));
#10542=CARTESIAN_POINT('',(-27.863804747,16.387123872,-2.038144386));
#10543=CARTESIAN_POINT('',(-27.897364498,16.43150347,-2.043145649));
#10544=CARTESIAN_POINT('',(-27.928643876,16.477246938,-2.051750265));
#10545=CARTESIAN_POINT('',(-27.991202634,16.568733872,-2.068959498));
#10546=CARTESIAN_POINT('',(-28.042781512,16.663612926,-2.100426798));
#10547=CARTESIAN_POINT('',(-28.085590437,16.758073195,-2.144039279));
#10548=B_SPLINE_CURVE_WITH_KNOTS('',3,(#10535,#10536,#10537,#10538,#10539,#10540,#10541,#10542,#10543,#10544,#10545,#10546,#10547),.UNSPECIFIED.,.F.,.F.,(4,3,3,3,4),(0.,0.000084136,0.000168272,0.000336545,0.000673089),.UNSPECIFIED.);
#10549=EDGE_CURVE('',#9823,#9864,#10548,.T.);
#10550=ORIENTED_EDGE('',*,*,#10549,.T.);
#10551=ORIENTED_EDGE('',*,*,#9876,.T.);
#10552=ORIENTED_EDGE('',*,*,#3200,.T.);
#10553=ORIENTED_EDGE('',*,*,#6959,.F.);
#10554=EDGE_LOOP('',(#10505,#10512,#10513,#10514,#10533,#10534,#10550,#10551,#10552,#10553));
#10555=FACE_BOUND('',#10554,.T.);
#10556=ADVANCED_FACE('',(#10555),#10504,.F.);
#10557=CARTESIAN_POINT('',(-28.540007917,14.9,-5.306602441));
#10558=DIRECTION('',(0.866025404,0.,-0.5));
#10559=DIRECTION('',(-0.5,0.,-0.866025404));
#10560=AXIS2_PLACEMENT_3D('',#10557,#10558,#10559);
#10561=TOROIDAL_SURFACE('',#10560,2.6,0.9);
#10562=ORIENTED_EDGE('',*,*,#75,.T.);
#10563=ORIENTED_EDGE('',*,*,#10478,.T.);
#10564=ORIENTED_EDGE('',*,*,#10511,.T.);
#10565=EDGE_LOOP('',(#10562,#10563,#10564));
#10566=FACE_BOUND('',#10565,.T.);
#10567=ADVANCED_FACE('',(#10566),#10561,.F.);
#10568=CARTESIAN_POINT('',(28.463687169,-14.796,-16.504690469));
#10569=DIRECTION('',(0.5,0.,-0.866025404));
#10570=DIRECTION('',(0.866025404,-0.,0.5));
#10571=AXIS2_PLACEMENT_3D('',#10568,#10569,#10570);
#10572=PLANE('',#10571);
#10573=CARTESIAN_POINT('',(29.898166021,14.9,-15.676493718));
#10574=VERTEX_POINT('',#10573);
#10575=CARTESIAN_POINT('',(29.898166021,13.51,-15.676493718));
#10576=DIRECTION('',(-0.,1.,-0.));
#10577=VECTOR('',#10576,1.39);
#10578=LINE('',#10575,#10577);
#10579=EDGE_CURVE('',#9997,#10574,#10578,.T.);
#10580=ORIENTED_EDGE('',*,*,#10579,.T.);
#10581=CARTESIAN_POINT('',(29.331444623,14.9,-16.003690469));
#10582=DIRECTION('',(0.866025404,-0.,0.5));
#10583=VECTOR('',#10582,0.654393502);
#10584=LINE('',#10581,#10583);
#10585=EDGE_CURVE('',#8373,#10574,#10584,.T.);
#10586=ORIENTED_EDGE('',*,*,#10585,.F.);
#10587=ORIENTED_EDGE('',*,*,#8380,.T.);
#10588=ORIENTED_EDGE('',*,*,#10002,.T.);
#10589=EDGE_LOOP('',(#10580,#10586,#10587,#10588));
#10590=FACE_BOUND('',#10589,.T.);
#10591=ADVANCED_FACE('',(#10590),#10572,.F.);
#10592=CARTESIAN_POINT('',(26.713687169,14.9,-13.473601556));
#10593=DIRECTION('',(-0.866025404,0.,-0.5));
#10594=DIRECTION('',(0.5,0.,-0.866025404));
#10595=AXIS2_PLACEMENT_3D('',#10592,#10593,#10594);
#10596=CYLINDRICAL_SURFACE('',#10595,3.5);
#10597=ORIENTED_EDGE('',*,*,#8387,.T.);
#10598=ORIENTED_EDGE('',*,*,#10585,.T.);
#10599=CARTESIAN_POINT('',(29.898166021,14.9,-15.676493718));
#10600=CARTESIAN_POINT('',(29.898166021,15.112691473,-15.676493718));
#10601=CARTESIAN_POINT('',(29.880071152,15.321856427,-15.66476249));
#10602=CARTESIAN_POINT('',(29.850232465,15.527939913,-15.638592115));
#10603=CARTESIAN_POINT('',(29.835313121,15.630981656,-15.625506928));
#10604=CARTESIAN_POINT('',(29.817583387,15.733255217,-15.60870148));
#10605=CARTESIAN_POINT('',(29.79842535,15.834819311,-15.587258117));
#10606=CARTESIAN_POINT('',(29.779267314,15.936383405,-15.565814754));
#10607=CARTESIAN_POINT('',(29.758592188,16.037591212,-15.53959902));
#10608=CARTESIAN_POINT('',(29.738608343,16.136584576,-15.5079664));
#10609=CARTESIAN_POINT('',(29.718624498,16.235577939,-15.47633378));
#10610=CARTESIAN_POINT('',(29.699240078,16.332631286,-15.439287396));
#10611=CARTESIAN_POINT('',(29.683028394,16.427687078,-15.395398313));
#10612=CARTESIAN_POINT('',(29.666816711,16.522742871,-15.35150923));
#10613=CARTESIAN_POINT('',(29.65374658,16.61585664,-15.300622738));
#10614=CARTESIAN_POINT('',(29.64839433,16.703887063,-15.242577672));
#10615=CARTESIAN_POINT('',(29.643042081,16.791917486,-15.184532606));
#10616=CARTESIAN_POINT('',(29.645207169,16.876801559,-15.117914632));
#10617=CARTESIAN_POINT('',(29.663024706,16.951728239,-15.045025576));
#10618=CARTESIAN_POINT('',(29.680842244,17.026654919,-14.97213652));
#10619=CARTESIAN_POINT('',(29.714435184,17.092423195,-14.892097553));
#10620=CARTESIAN_POINT('',(29.775526791,17.136073574,-14.81496861));
#10621=B_SPLINE_CURVE_WITH_KNOTS('',3,(#10599,#10600,#10601,#10602,#10603,#10604,#10605,#10606,#10607,#10608,#10609,#10610,#10611,#10612,#10613,#10614,#10615,#10616,#10617,#10618,#10619,#10620),.UNSPECIFIED.,.F.,.F.,(4,3,3,3,3,3,3,4),(0.,0.000629389,0.000944083,0.001258777,0.001573471,0.001888166,0.00220286,0.002517554),.UNSPECIFIED.);
#10622=EDGE_CURVE('',#10574,#9792,#10621,.T.);
#10623=ORIENTED_EDGE('',*,*,#10622,.T.);
#10624=ORIENTED_EDGE('',*,*,#9804,.T.);
#10625=ORIENTED_EDGE('',*,*,#7884,.F.);
#10626=ORIENTED_EDGE('',*,*,#9528,.T.);
#10627=ORIENTED_EDGE('',*,*,#2412,.T.);
#10628=CARTESIAN_POINT('',(29.442122214,17.754165652,-14.237494943));
#10629=CARTESIAN_POINT('',(29.31631596,17.787417902,-14.2560314));
#10630=CARTESIAN_POINT('',(29.195572396,17.84186614,-14.234056873));
#10631=CARTESIAN_POINT('',(29.090866353,17.9,-14.182802513));
#10632=B_SPLINE_CURVE_WITH_KNOTS('',3,(#10628,#10629,#10630,#10631),.UNSPECIFIED.,.F.,.F.,(4,4),(0.,0.00038783),.UNSPECIFIED.);
#10633=EDGE_CURVE('',#2396,#7277,#10632,.T.);
#10634=ORIENTED_EDGE('',*,*,#10633,.T.);
#10635=ORIENTED_EDGE('',*,*,#7284,.T.);
#10636=EDGE_LOOP('',(#10597,#10598,#10623,#10624,#10625,#10626,#10627,#10634,#10635));
#10637=FACE_BOUND('',#10636,.T.);
#10638=ADVANCED_FACE('',(#10637),#10596,.F.);
#10639=CARTESIAN_POINT('',(22.24882958,14.9,-5.740241366));
#10640=DIRECTION('',(0.866025404,-0.,0.5));
#10641=DIRECTION('',(-0.5,-0.,0.866025404));
#10642=AXIS2_PLACEMENT_3D('',#10639,#10640,#10641);
#10643=CYLINDRICAL_SURFACE('',#10642,3.5);
#10644=ORIENTED_EDGE('',*,*,#1823,.T.);
#10645=ORIENTED_EDGE('',*,*,#7352,.F.);
#10646=ORIENTED_EDGE('',*,*,#1976,.F.);
#10647=ORIENTED_EDGE('',*,*,#1935,.T.);
#10648=ORIENTED_EDGE('',*,*,#9453,.T.);
#10649=ORIENTED_EDGE('',*,*,#9425,.T.);
#10650=CARTESIAN_POINT('',(22.560710762,16.739148472,-2.121662876));
#10651=CARTESIAN_POINT('',(22.51768373,16.643802342,-2.078507846));
#10652=CARTESIAN_POINT('',(22.466634163,16.54906874,-2.047746547));
#10653=CARTESIAN_POINT('',(22.403973839,16.456499289,-2.030851118));
#10654=CARTESIAN_POINT('',(22.372643677,16.410214563,-2.022403404));
#10655=CARTESIAN_POINT('',(22.338387166,16.364544671,-2.017549142));
#10656=CARTESIAN_POINT('',(22.29946864,16.323740959,-2.019038535));
#10657=CARTESIAN_POINT('',(22.280009376,16.303339104,-2.019783232));
#10658=CARTESIAN_POINT('',(22.259517037,16.284288651,-2.022097332));
#10659=CARTESIAN_POINT('',(22.236922206,16.267923578,-2.027118765));
#10660=CARTESIAN_POINT('',(22.214327375,16.251558504,-2.032140197));
#10661=CARTESIAN_POINT('',(22.190031153,16.238266215,-2.039828577));
#10662=CARTESIAN_POINT('',(22.164469334,16.232392331,-2.051794443));
#10663=B_SPLINE_CURVE_WITH_KNOTS('',3,(#10650,#10651,#10652,#10653,#10654,#10655,#10656,#10657,#10658,#10659,#10660,#10661,#10662),.UNSPECIFIED.,.F.,.F.,(4,3,3,3,4),(0.,0.000335702,0.000503553,0.000587479,0.000671404),.UNSPECIFIED.);
#10664=EDGE_CURVE('',#9402,#1871,#10663,.T.);
#10665=ORIENTED_EDGE('',*,*,#10664,.T.);
#10666=ORIENTED_EDGE('',*,*,#1892,.T.);
#10667=CARTESIAN_POINT('',(21.645712737,14.9,-2.046999154));
#10668=VERTEX_POINT('',#10667);
#10669=CARTESIAN_POINT('',(22.164469334,16.232392331,-2.051794443));
#10670=CARTESIAN_POINT('',(22.107333295,16.219262965,-2.078540668));
#10671=CARTESIAN_POINT('',(22.053646105,16.183840261,-2.092809388));
#10672=CARTESIAN_POINT('',(22.007821154,16.140681687,-2.10037385));
#10673=CARTESIAN_POINT('',(21.961996203,16.097523113,-2.107938312));
#10674=CARTESIAN_POINT('',(21.923174515,16.046345814,-2.10917037));
#10675=CARTESIAN_POINT('',(21.889874238,15.992718484,-2.108045774));
#10676=CARTESIAN_POINT('',(21.856573961,15.939091155,-2.106921179));
#10677=CARTESIAN_POINT('',(21.828227638,15.881846821,-2.103283924));
#10678=CARTESIAN_POINT('',(21.80402388,15.823869175,-2.09893671));
#10679=CARTESIAN_POINT('',(21.779820123,15.765891528,-2.094589496));
#10680=CARTESIAN_POINT('',(21.75951049,15.706695713,-2.089467767));
#10681=CARTESIAN_POINT('',(21.742065228,15.646556845,-2.084378684));
#10682=CARTESIAN_POINT('',(21.707174705,15.526279107,-2.074200519));
#10683=CARTESIAN_POINT('',(21.683589877,15.401717945,-2.064244052));
#10684=CARTESIAN_POINT('',(21.668253131,15.276922456,-2.057489358));
#10685=CARTESIAN_POINT('',(21.652916385,15.152126967,-2.050734664));
#10686=CARTESIAN_POINT('',(21.645712737,15.026467294,-2.046999154));
#10687=CARTESIAN_POINT('',(21.645712737,14.9,-2.046999154));
#10688=B_SPLINE_CURVE_WITH_KNOTS('',3,(#10669,#10670,#10671,#10672,#10673,#10674,#10675,#10676,#10677,#10678,#10679,#10680,#10681,#10682,#10683,#10684,#10685,#10686,#10687),.UNSPECIFIED.,.F.,.F.,(4,3,3,3,3,3,4),(0.,0.000189884,0.000379768,0.000569651,0.000759535,0.001139303,0.001519071),.UNSPECIFIED.);
#10689=EDGE_CURVE('',#1861,#10668,#10688,.T.);
#10690=ORIENTED_EDGE('',*,*,#10689,.T.);
#10691=CARTESIAN_POINT('',(21.279984495,14.9,-2.258152452));
#10692=VERTEX_POINT('',#10691);
#10693=CARTESIAN_POINT('',(21.645712737,14.9,-2.046999154));
#10694=DIRECTION('',(-0.866025404,0.,-0.5));
#10695=VECTOR('',#10694,0.422306597);
#10696=LINE('',#10693,#10695);
#10697=EDGE_CURVE('',#10668,#10692,#10696,.T.);
#10698=ORIENTED_EDGE('',*,*,#10697,.T.);
#10699=CARTESIAN_POINT('',(21.656404563,17.068666106,-2.910131135));
#10700=CARTESIAN_POINT('',(21.59633161,16.916471166,-2.806081728));
#10701=CARTESIAN_POINT('',(21.541836146,16.751915375,-2.711692816));
#10702=CARTESIAN_POINT('',(21.495062747,16.581089203,-2.630678912));
#10703=CARTESIAN_POINT('',(21.448289348,16.410263031,-2.549665008));
#10704=CARTESIAN_POINT('',(21.409028232,16.233260854,-2.481662761));
#10705=CARTESIAN_POINT('',(21.377175298,16.050168258,-2.42649186));
#10706=CARTESIAN_POINT('',(21.345322363,15.867075662,-2.371320959));
#10707=CARTESIAN_POINT('',(21.320781034,15.676338264,-2.32881413));
#10708=CARTESIAN_POINT('',(21.304484505,15.48360871,-2.300587713));
#10709=CARTESIAN_POINT('',(21.288187975,15.290879156,-2.272361296));
#10710=CARTESIAN_POINT('',(21.279984495,15.0963511,-2.258152452));
#10711=CARTESIAN_POINT('',(21.279984495,14.9,-2.258152452));
#10712=B_SPLINE_CURVE_WITH_KNOTS('',3,(#10699,#10700,#10701,#10702,#10703,#10704,#10705,#10706,#10707,#10708,#10709,#10710,#10711),.UNSPECIFIED.,.F.,.F.,(4,3,3,3,4),(0.003144787,0.00372548,0.004306172,0.004886865,0.005467558),.UNSPECIFIED.);
#10713=EDGE_CURVE('',#1814,#10692,#10712,.T.);
#10714=ORIENTED_EDGE('',*,*,#10713,.F.);
#10715=EDGE_LOOP('',(#10644,#10645,#10646,#10647,#10648,#10649,#10665,#10666,#10690,#10698,#10714));
#10716=FACE_BOUND('',#10715,.T.);
#10717=ADVANCED_FACE('',(#10716),#10643,.F.);
#10718=CARTESIAN_POINT('',(20.49882958,3.604,-2.709152453));
#10719=DIRECTION('',(0.5,-0.,-0.866025404));
#10720=DIRECTION('',(0.866025404,-0.,0.5));
#10721=AXIS2_PLACEMENT_3D('',#10718,#10719,#10720);
#10722=PLANE('',#10721);
#10723=ORIENTED_EDGE('',*,*,#2666,.F.);
#10724=CARTESIAN_POINT('',(21.279984495,14.9,-2.258152452));
#10725=DIRECTION('',(-0.,-1.,0.));
#10726=VECTOR('',#10725,1.39);
#10727=LINE('',#10724,#10726);
#10728=EDGE_CURVE('',#10692,#2652,#10727,.T.);
#10729=ORIENTED_EDGE('',*,*,#10728,.F.);
#10730=ORIENTED_EDGE('',*,*,#10697,.F.);
#10731=CARTESIAN_POINT('',(21.645712737,13.51,-2.046999154));
#10732=DIRECTION('',(-0.,1.,-0.));
#10733=VECTOR('',#10732,1.39);
#10734=LINE('',#10731,#10733);
#10735=EDGE_CURVE('',#2661,#10668,#10734,.T.);
#10736=ORIENTED_EDGE('',*,*,#10735,.F.);
#10737=EDGE_LOOP('',(#10723,#10729,#10730,#10736));
#10738=FACE_BOUND('',#10737,.T.);
#10739=ADVANCED_FACE('',(#10738),#10722,.T.);
#10740=CARTESIAN_POINT('',(21.729984496,-0.,-3.037575316));
#10741=DIRECTION('',(-0.,-1.,0.));
#10742=DIRECTION('',(0.5,-0.,-0.866025404));
#10743=AXIS2_PLACEMENT_3D('',#10740,#10741,#10742);
#10744=CYLINDRICAL_SURFACE('',#10743,0.9);
#10745=ORIENTED_EDGE('',*,*,#1843,.T.);
#10746=CARTESIAN_POINT('',(21.729984496,14.9,-3.037575316));
#10747=DIRECTION('',(0.,-1.,-0.));
#10748=DIRECTION('',(0.866025404,0.,0.5));
#10749=AXIS2_PLACEMENT_3D('',#10746,#10747,#10748);
#10750=CIRCLE('',#10749,0.9);
#10751=EDGE_CURVE('',#10692,#1826,#10750,.T.);
#10752=ORIENTED_EDGE('',*,*,#10751,.F.);
#10753=ORIENTED_EDGE('',*,*,#10728,.T.);
#10754=ORIENTED_EDGE('',*,*,#2658,.T.);
#10755=EDGE_LOOP('',(#10745,#10752,#10753,#10754));
#10756=FACE_BOUND('',#10755,.T.);
#10757=ADVANCED_FACE('',(#10756),#10744,.F.);
#10758=CARTESIAN_POINT('',(23.029984496,14.9,-5.289241366));
#10759=DIRECTION('',(-0.866025404,0.,-0.5));
#10760=DIRECTION('',(0.5,0.,-0.866025404));
#10761=AXIS2_PLACEMENT_3D('',#10758,#10759,#10760);
#10762=TOROIDAL_SURFACE('',#10761,2.6,0.9);
#10763=ORIENTED_EDGE('',*,*,#1835,.T.);
#10764=ORIENTED_EDGE('',*,*,#10713,.T.);
#10765=ORIENTED_EDGE('',*,*,#10751,.T.);
#10766=EDGE_LOOP('',(#10763,#10764,#10765));
#10767=FACE_BOUND('',#10766,.T.);
#10768=ADVANCED_FACE('',(#10767),#10762,.F.);
#10769=CARTESIAN_POINT('',(16.66,14.9,-4.));
#10770=DIRECTION('',(0.,0.,-1.));
#10771=DIRECTION('',(-1.,0.,0.));
#10772=AXIS2_PLACEMENT_3D('',#10769,#10770,#10771);
#10773=CYLINDRICAL_SURFACE('',#10772,3.5);
#10774=CARTESIAN_POINT('',(20.16,14.9,-1.6));
#10775=VERTEX_POINT('',#10774);
#10776=CARTESIAN_POINT('',(16.66,14.9,-1.6));
#10777=DIRECTION('',(0.,0.,1.));
#10778=DIRECTION('',(1.,0.,-0.));
#10779=AXIS2_PLACEMENT_3D('',#10776,#10777,#10778);
#10780=CIRCLE('',#10779,3.5);
#10781=EDGE_CURVE('',#10775,#1759,#10780,.T.);
#10782=ORIENTED_EDGE('',*,*,#10781,.F.);
#10783=CARTESIAN_POINT('',(20.16,14.9,-1.201814446));
#10784=VERTEX_POINT('',#10783);
#10785=CARTESIAN_POINT('',(20.16,14.9,-1.6));
#10786=DIRECTION('',(0.,0.,1.));
#10787=VECTOR('',#10786,0.398185554);
#10788=LINE('',#10785,#10787);
#10789=EDGE_CURVE('',#10775,#10784,#10788,.T.);
#10790=ORIENTED_EDGE('',*,*,#10789,.T.);
#10791=CARTESIAN_POINT('',(19.863374033,16.310104537,-0.976800295));
#10792=CARTESIAN_POINT('',(19.907029152,16.210931978,-1.039748177));
#10793=CARTESIAN_POINT('',(19.949480308,16.101632194,-1.078352954));
#10794=CARTESIAN_POINT('',(19.987000087,15.98677064,-1.107668271));
#10795=CARTESIAN_POINT('',(20.024519865,15.871909086,-1.136983589));
#10796=CARTESIAN_POINT('',(20.056420836,15.753962496,-1.155292914));
#10797=CARTESIAN_POINT('',(20.082060207,15.634509317,-1.168475366));
#10798=CARTESIAN_POINT('',(20.133338951,15.39560296,-1.194840271));
#10799=CARTESIAN_POINT('',(20.16,15.147962047,-1.201814446));
#10800=CARTESIAN_POINT('',(20.16,14.9,-1.201814446));
#10801=B_SPLINE_CURVE_WITH_KNOTS('',3,(#10791,#10792,#10793,#10794,#10795,#10796,#10797,#10798,#10799,#10800),.UNSPECIFIED.,.F.,.F.,(4,3,3,4),(0.,0.000370067,0.000740133,0.001480266),.UNSPECIFIED.);
#10802=EDGE_CURVE('',#588,#10784,#10801,.T.);
#10803=ORIENTED_EDGE('',*,*,#10802,.F.);
#10804=ORIENTED_EDGE('',*,*,#600,.T.);
#10805=ORIENTED_EDGE('',*,*,#561,.T.);
#10806=ORIENTED_EDGE('',*,*,#7122,.T.);
#10807=ORIENTED_EDGE('',*,*,#1786,.F.);
#10808=EDGE_LOOP('',(#10782,#10790,#10803,#10804,#10805,#10806,#10807));
#10809=FACE_BOUND('',#10808,.T.);
#10810=ADVANCED_FACE('',(#10809),#10773,.F.);
#10811=CARTESIAN_POINT('',(20.16,0.,-4.));
#10812=DIRECTION('',(1.,0.,0.));
#10813=DIRECTION('',(0.,0.,-1.));
#10814=AXIS2_PLACEMENT_3D('',#10811,#10812,#10813);
#10815=PLANE('',#10814);
#10816=ORIENTED_EDGE('',*,*,#2726,.T.);
#10817=CARTESIAN_POINT('',(20.16,13.51,-1.201814446));
#10818=DIRECTION('',(-0.,1.,-0.));
#10819=VECTOR('',#10818,1.39);
#10820=LINE('',#10817,#10819);
#10821=EDGE_CURVE('',#2714,#10784,#10820,.T.);
#10822=ORIENTED_EDGE('',*,*,#10821,.T.);
#10823=ORIENTED_EDGE('',*,*,#10789,.F.);
#10824=CARTESIAN_POINT('',(20.16,13.51,-1.6));
#10825=DIRECTION('',(0.,1.,0.));
#10826=VECTOR('',#10825,1.39);
#10827=LINE('',#10824,#10826);
#10828=EDGE_CURVE('',#2642,#10775,#10827,.T.);
#10829=ORIENTED_EDGE('',*,*,#10828,.F.);
#10830=EDGE_LOOP('',(#10816,#10822,#10823,#10829));
#10831=FACE_BOUND('',#10830,.T.);
#10832=ADVANCED_FACE('',(#10831),#10815,.F.);
#10833=CARTESIAN_POINT('',(19.26,0.,-1.6));
#10834=DIRECTION('',(0.,-1.,0.));
#10835=DIRECTION('',(0.,0.,-1.));
#10836=AXIS2_PLACEMENT_3D('',#10833,#10834,#10835);
#10837=CYLINDRICAL_SURFACE('',#10836,0.9);
#10838=ORIENTED_EDGE('',*,*,#1756,.T.);
#10839=ORIENTED_EDGE('',*,*,#2648,.T.);
#10840=ORIENTED_EDGE('',*,*,#10828,.T.);
#10841=CARTESIAN_POINT('',(19.26,14.9,-1.6));
#10842=DIRECTION('',(-0.,-1.,-0.));
#10843=DIRECTION('',(0.,-0.,1.));
#10844=AXIS2_PLACEMENT_3D('',#10841,#10842,#10843);
#10845=CIRCLE('',#10844,0.9);
#10846=EDGE_CURVE('',#1749,#10775,#10845,.T.);
#10847=ORIENTED_EDGE('',*,*,#10846,.F.);
#10848=EDGE_LOOP('',(#10838,#10839,#10840,#10847));
#10849=FACE_BOUND('',#10848,.T.);
#10850=ADVANCED_FACE('',(#10849),#10837,.F.);
#10851=CARTESIAN_POINT('',(16.66,14.9,-1.6));
#10852=DIRECTION('',(0.,0.,1.));
#10853=DIRECTION('',(1.,0.,-0.));
#10854=AXIS2_PLACEMENT_3D('',#10851,#10852,#10853);
#10855=TOROIDAL_SURFACE('',#10854,2.6,0.9);
#10856=ORIENTED_EDGE('',*,*,#1774,.T.);
#10857=ORIENTED_EDGE('',*,*,#10846,.T.);
#10858=ORIENTED_EDGE('',*,*,#10781,.T.);
#10859=EDGE_LOOP('',(#10856,#10857,#10858));
#10860=FACE_BOUND('',#10859,.T.);
#10861=ADVANCED_FACE('',(#10860),#10855,.F.);
#10862=CARTESIAN_POINT('',(-24.78,0.,-1.6));
#10863=DIRECTION('',(0.,1.,0.));
#10864=DIRECTION('',(0.,-0.,1.));
#10865=AXIS2_PLACEMENT_3D('',#10862,#10863,#10864);
#10866=CYLINDRICAL_SURFACE('',#10865,0.9);
#10867=ORIENTED_EDGE('',*,*,#3515,.T.);
#10868=ORIENTED_EDGE('',*,*,#40,.T.);
#10869=CARTESIAN_POINT('',(-25.68,14.9,-1.6));
#10870=VERTEX_POINT('',#10869);
#10871=CARTESIAN_POINT('',(-24.78,14.9,-1.6));
#10872=DIRECTION('',(-0.,-1.,-0.));
#10873=DIRECTION('',(0.,-0.,1.));
#10874=AXIS2_PLACEMENT_3D('',#10871,#10872,#10873);
#10875=CIRCLE('',#10874,0.9);
#10876=EDGE_CURVE('',#10870,#35,#10875,.T.);
#10877=ORIENTED_EDGE('',*,*,#10876,.F.);
#10878=CARTESIAN_POINT('',(-25.68,14.9,-1.6));
#10879=DIRECTION('',(-0.,-1.,-0.));
#10880=VECTOR('',#10879,1.39);
#10881=LINE('',#10878,#10880);
#10882=EDGE_CURVE('',#10870,#3509,#10881,.T.);
#10883=ORIENTED_EDGE('',*,*,#10882,.T.);
#10884=EDGE_LOOP('',(#10867,#10868,#10877,#10883));
#10885=FACE_BOUND('',#10884,.T.);
#10886=ADVANCED_FACE('',(#10885),#10866,.F.);
#10887=CARTESIAN_POINT('',(-25.68,0.,-4.));
#10888=DIRECTION('',(1.,0.,0.));
#10889=DIRECTION('',(0.,0.,-1.));
#10890=AXIS2_PLACEMENT_3D('',#10887,#10888,#10889);
#10891=PLANE('',#10890);
#10892=ORIENTED_EDGE('',*,*,#10882,.F.);
#10893=CARTESIAN_POINT('',(-25.68,14.9,-1.6));
#10894=DIRECTION('',(-0.,-0.,1.));
#10895=VECTOR('',#10894,0.395863691);
#10896=LINE('',#10893,#10895);
#10897=EDGE_CURVE('',#10870,#167,#10896,.T.);
#10898=ORIENTED_EDGE('',*,*,#10897,.T.);
#10899=ORIENTED_EDGE('',*,*,#172,.F.);
#10900=ORIENTED_EDGE('',*,*,#3521,.F.);
#10901=EDGE_LOOP('',(#10892,#10898,#10899,#10900));
#10902=FACE_BOUND('',#10901,.T.);
#10903=ADVANCED_FACE('',(#10902),#10891,.T.);
#10904=CARTESIAN_POINT('',(-22.18,14.9,-4.));
#10905=DIRECTION('',(0.,0.,1.));
#10906=DIRECTION('',(1.,0.,-0.));
#10907=AXIS2_PLACEMENT_3D('',#10904,#10905,#10906);
#10908=CYLINDRICAL_SURFACE('',#10907,3.5);
#10909=ORIENTED_EDGE('',*,*,#7110,.F.);
#10910=ORIENTED_EDGE('',*,*,#261,.T.);
#10911=ORIENTED_EDGE('',*,*,#228,.T.);
#10912=ORIENTED_EDGE('',*,*,#187,.F.);
#10913=ORIENTED_EDGE('',*,*,#10897,.F.);
#10914=CARTESIAN_POINT('',(-22.18,14.9,-1.6));
#10915=DIRECTION('',(0.,0.,1.));
#10916=DIRECTION('',(1.,0.,-0.));
#10917=AXIS2_PLACEMENT_3D('',#10914,#10915,#10916);
#10918=CIRCLE('',#10917,3.5);
#10919=EDGE_CURVE('',#115,#10870,#10918,.T.);
#10920=ORIENTED_EDGE('',*,*,#10919,.F.);
#10921=ORIENTED_EDGE('',*,*,#124,.F.);
#10922=EDGE_LOOP('',(#10909,#10910,#10911,#10912,#10913,#10920,#10921));
#10923=FACE_BOUND('',#10922,.T.);
#10924=ADVANCED_FACE('',(#10923),#10908,.F.);
#10925=CARTESIAN_POINT('',(-22.18,14.9,-1.6));
#10926=DIRECTION('',(0.,0.,1.));
#10927=DIRECTION('',(1.,0.,-0.));
#10928=AXIS2_PLACEMENT_3D('',#10925,#10926,#10927);
#10929=TOROIDAL_SURFACE('',#10928,2.6,0.9);
#10930=ORIENTED_EDGE('',*,*,#137,.T.);
#10931=ORIENTED_EDGE('',*,*,#10919,.T.);
#10932=ORIENTED_EDGE('',*,*,#10876,.T.);
#10933=EDGE_LOOP('',(#10930,#10931,#10932));
#10934=FACE_BOUND('',#10933,.T.);
#10935=ADVANCED_FACE('',(#10934),#10929,.F.);
#10936=CARTESIAN_POINT('',(-25.891447688,18.9,-0.642629519));
#10937=DIRECTION('',(0.,-1.,0.));
#10938=DIRECTION('',(0.,0.,-1.));
#10939=AXIS2_PLACEMENT_3D('',#10936,#10937,#10938);
#10940=CYLINDRICAL_SURFACE('',#10939,0.6);
#10941=ORIENTED_EDGE('',*,*,#155,.T.);
#10942=ORIENTED_EDGE('',*,*,#8740,.T.);
#10943=ORIENTED_EDGE('',*,*,#9763,.T.);
#10944=ORIENTED_EDGE('',*,*,#3531,.F.);
#10945=EDGE_LOOP('',(#10941,#10942,#10943,#10944));
#10946=FACE_BOUND('',#10945,.T.);
#10947=ADVANCED_FACE('',(#10946),#10940,.F.);
#10948=CARTESIAN_POINT('',(-23.261709744,18.9,-0.3));
#10949=DIRECTION('',(0.,-1.,0.));
#10950=DIRECTION('',(0.,0.,-1.));
#10951=AXIS2_PLACEMENT_3D('',#10948,#10949,#10950);
#10952=CYLINDRICAL_SURFACE('',#10951,0.6);
#10953=ORIENTED_EDGE('',*,*,#328,.T.);
#10954=ORIENTED_EDGE('',*,*,#8751,.T.);
#10955=ORIENTED_EDGE('',*,*,#303,.T.);
#10956=ORIENTED_EDGE('',*,*,#7155,.F.);
#10957=EDGE_LOOP('',(#10953,#10954,#10955,#10956));
#10958=FACE_BOUND('',#10957,.T.);
#10959=ADVANCED_FACE('',(#10958),#10952,.F.);
#10960=CARTESIAN_POINT('',(-23.253606712,18.9,-0.3));
#10961=DIRECTION('',(0.,-1.,0.));
#10962=DIRECTION('',(0.,0.,-1.));
#10963=AXIS2_PLACEMENT_3D('',#10960,#10961,#10962);
#10964=CYLINDRICAL_SURFACE('',#10963,0.6);
#10965=ORIENTED_EDGE('',*,*,#370,.T.);
#10966=ORIENTED_EDGE('',*,*,#8759,.T.);
#10967=ORIENTED_EDGE('',*,*,#345,.T.);
#10968=ORIENTED_EDGE('',*,*,#7147,.F.);
#10969=EDGE_LOOP('',(#10965,#10966,#10967,#10968));
#10970=FACE_BOUND('',#10969,.T.);
#10971=ADVANCED_FACE('',(#10970),#10964,.F.);
#10972=CARTESIAN_POINT('',(17.733606712,18.9,-0.3));
#10973=DIRECTION('',(0.,-1.,0.));
#10974=DIRECTION('',(0.,0.,-1.));
#10975=AXIS2_PLACEMENT_3D('',#10972,#10973,#10974);
#10976=CYLINDRICAL_SURFACE('',#10975,0.6);
#10977=ORIENTED_EDGE('',*,*,#487,.T.);
#10978=ORIENTED_EDGE('',*,*,#8770,.T.);
#10979=ORIENTED_EDGE('',*,*,#462,.T.);
#10980=ORIENTED_EDGE('',*,*,#7131,.F.);
#10981=EDGE_LOOP('',(#10977,#10978,#10979,#10980));
#10982=FACE_BOUND('',#10981,.T.);
#10983=ADVANCED_FACE('',(#10982),#10976,.F.);
#10984=CARTESIAN_POINT('',(21.910092033,18.9,-1.508386503));
#10985=DIRECTION('',(0.,-1.,0.));
#10986=DIRECTION('',(0.,0.,-1.));
#10987=AXIS2_PLACEMENT_3D('',#10984,#10985,#10986);
#10988=CYLINDRICAL_SURFACE('',#10987,0.6);
#10989=ORIENTED_EDGE('',*,*,#1868,.T.);
#10990=ORIENTED_EDGE('',*,*,#8816,.T.);
#10991=ORIENTED_EDGE('',*,*,#9507,.T.);
#10992=ORIENTED_EDGE('',*,*,#2675,.F.);
#10993=ORIENTED_EDGE('',*,*,#10735,.T.);
#10994=ORIENTED_EDGE('',*,*,#10689,.F.);
#10995=EDGE_LOOP('',(#10989,#10990,#10991,#10992,#10993,#10994));
#10996=FACE_BOUND('',#10995,.T.);
#10997=ADVANCED_FACE('',(#10996),#10988,.F.);
#10998=CARTESIAN_POINT('',(23.116243976,18.9,-2.838647168));
#10999=DIRECTION('',(0.,-1.,0.));
#11000=DIRECTION('',(0.,0.,-1.));
#11001=AXIS2_PLACEMENT_3D('',#10998,#10999,#11000);
#11002=CYLINDRICAL_SURFACE('',#11001,0.6);
#11003=ORIENTED_EDGE('',*,*,#2008,.T.);
#11004=ORIENTED_EDGE('',*,*,#8852,.T.);
#11005=ORIENTED_EDGE('',*,*,#7833,.T.);
#11006=ORIENTED_EDGE('',*,*,#7340,.F.);
#11007=EDGE_LOOP('',(#11003,#11004,#11005,#11006));
#11008=FACE_BOUND('',#11007,.T.);
#11009=ADVANCED_FACE('',(#11008),#11002,.F.);
#11010=CARTESIAN_POINT('',(24.007446508,18.9,-4.382255233));
#11011=DIRECTION('',(0.,-1.,0.));
#11012=DIRECTION('',(0.,0.,-1.));
#11013=AXIS2_PLACEMENT_3D('',#11010,#11011,#11012);
#11014=CYLINDRICAL_SURFACE('',#11013,0.6);
#11015=ORIENTED_EDGE('',*,*,#2147,.T.);
#11016=ORIENTED_EDGE('',*,*,#8863,.T.);
#11017=ORIENTED_EDGE('',*,*,#2114,.T.);
#11018=ORIENTED_EDGE('',*,*,#7327,.F.);
#11019=EDGE_LOOP('',(#11015,#11016,#11017,#11018));
#11020=FACE_BOUND('',#11019,.T.);
#11021=ADVANCED_FACE('',(#11020),#11014,.F.);
#11022=CARTESIAN_POINT('',(29.420867218,18.9,-11.910610425));
#11023=DIRECTION('',(0.,-1.,0.));
#11024=DIRECTION('',(0.,0.,-1.));
#11025=AXIS2_PLACEMENT_3D('',#11022,#11023,#11024);
#11026=CYLINDRICAL_SURFACE('',#11025,0.376017739);
#11027=ORIENTED_EDGE('',*,*,#2222,.F.);
#11028=ORIENTED_EDGE('',*,*,#7311,.T.);
#11029=CARTESIAN_POINT('',(29.052018992,18.9,-11.983687964));
#11030=DIRECTION('',(0.,-1.,0.));
#11031=VECTOR('',#11030,1.);
#11032=LINE('',#11029,#11031);
#11033=EDGE_CURVE('',#8870,#7298,#11032,.T.);
#11034=ORIENTED_EDGE('',*,*,#11033,.F.);
#11035=ORIENTED_EDGE('',*,*,#8876,.F.);
#11036=EDGE_LOOP('',(#11027,#11028,#11034,#11035));
#11037=FACE_BOUND('',#11036,.T.);
#11038=ADVANCED_FACE('',(#11037),#11026,.T.);
#11039=CARTESIAN_POINT('',(28.463459166,18.9,-12.100295556));
#11040=DIRECTION('',(0.,-1.,0.));
#11041=DIRECTION('',(0.,0.,-1.));
#11042=AXIS2_PLACEMENT_3D('',#11039,#11040,#11041);
#11043=CYLINDRICAL_SURFACE('',#11042,0.6);
#11044=ORIENTED_EDGE('',*,*,#2264,.T.);
#11045=ORIENTED_EDGE('',*,*,#8883,.T.);
#11046=ORIENTED_EDGE('',*,*,#11033,.T.);
#11047=ORIENTED_EDGE('',*,*,#7304,.F.);
#11048=EDGE_LOOP('',(#11044,#11045,#11046,#11047));
#11049=FACE_BOUND('',#11048,.T.);
#11050=ADVANCED_FACE('',(#11049),#11043,.F.);
#11051=CARTESIAN_POINT('',(29.354661697,18.9,-13.643903621));
#11052=DIRECTION('',(0.,-1.,0.));
#11053=DIRECTION('',(0.,0.,-1.));
#11054=AXIS2_PLACEMENT_3D('',#11051,#11052,#11053);
#11055=CYLINDRICAL_SURFACE('',#11054,0.6);
#11056=ORIENTED_EDGE('',*,*,#2403,.T.);
#11057=ORIENTED_EDGE('',*,*,#8894,.T.);
#11058=ORIENTED_EDGE('',*,*,#2370,.T.);
#11059=ORIENTED_EDGE('',*,*,#7291,.F.);
#11060=ORIENTED_EDGE('',*,*,#10633,.F.);
#11061=EDGE_LOOP('',(#11056,#11057,#11058,#11059,#11060));
#11062=FACE_BOUND('',#11061,.T.);
#11063=ADVANCED_FACE('',(#11062),#11055,.F.);
#11064=CARTESIAN_POINT('',(-34.868713213,18.9,-13.66824156));
#11065=DIRECTION('',(0.,-1.,0.));
#11066=DIRECTION('',(0.,0.,-1.));
#11067=AXIS2_PLACEMENT_3D('',#11064,#11065,#11066);
#11068=CYLINDRICAL_SURFACE('',#11067,0.6);
#11069=ORIENTED_EDGE('',*,*,#2744,.T.);
#11070=ORIENTED_EDGE('',*,*,#8629,.T.);
#11071=ORIENTED_EDGE('',*,*,#9645,.T.);
#11072=ORIENTED_EDGE('',*,*,#10447,.F.);
#11073=EDGE_LOOP('',(#11069,#11070,#11071,#11072));
#11074=FACE_BOUND('',#11073,.T.);
#11075=ADVANCED_FACE('',(#11074),#11068,.F.);
#11076=CARTESIAN_POINT('',(-33.977510682,18.9,-12.124633495));
#11077=DIRECTION('',(0.,-1.,0.));
#11078=DIRECTION('',(0.,0.,-1.));
#11079=AXIS2_PLACEMENT_3D('',#11076,#11077,#11078);
#11080=CYLINDRICAL_SURFACE('',#11079,0.6);
#11081=ORIENTED_EDGE('',*,*,#2892,.T.);
#11082=ORIENTED_EDGE('',*,*,#8640,.T.);
#11083=ORIENTED_EDGE('',*,*,#2866,.T.);
#11084=ORIENTED_EDGE('',*,*,#7004,.F.);
#11085=EDGE_LOOP('',(#11081,#11082,#11083,#11084));
#11086=FACE_BOUND('',#11085,.T.);
#11087=ADVANCED_FACE('',(#11086),#11080,.F.);
#11088=CARTESIAN_POINT('',(-34.930867218,18.9,-11.927930933));
#11089=DIRECTION('',(0.,-1.,0.));
#11090=DIRECTION('',(0.,0.,-1.));
#11091=AXIS2_PLACEMENT_3D('',#11088,#11089,#11090);
#11092=CYLINDRICAL_SURFACE('',#11091,0.376017739);
#11093=ORIENTED_EDGE('',*,*,#2934,.F.);
#11094=ORIENTED_EDGE('',*,*,#6995,.T.);
#11095=ORIENTED_EDGE('',*,*,#7767,.F.);
#11096=ORIENTED_EDGE('',*,*,#8649,.F.);
#11097=EDGE_LOOP('',(#11093,#11094,#11095,#11096));
#11098=FACE_BOUND('',#11097,.T.);
#11099=ADVANCED_FACE('',(#11098),#11092,.T.);
#11100=CARTESIAN_POINT('',(-29.521498023,18.9,-4.406593172));
#11101=DIRECTION('',(0.,-1.,0.));
#11102=DIRECTION('',(0.,0.,-1.));
#11103=AXIS2_PLACEMENT_3D('',#11100,#11101,#11102);
#11104=CYLINDRICAL_SURFACE('',#11103,0.6);
#11105=ORIENTED_EDGE('',*,*,#3009,.T.);
#11106=ORIENTED_EDGE('',*,*,#8658,.T.);
#11107=ORIENTED_EDGE('',*,*,#2967,.T.);
#11108=ORIENTED_EDGE('',*,*,#6979,.F.);
#11109=EDGE_LOOP('',(#11105,#11106,#11107,#11108));
#11110=FACE_BOUND('',#11109,.T.);
#11111=ADVANCED_FACE('',(#11110),#11104,.F.);
#11112=CARTESIAN_POINT('',(-28.630295492,18.9,-2.862985107));
#11113=DIRECTION('',(0.,-1.,0.));
#11114=DIRECTION('',(0.,0.,-1.));
#11115=AXIS2_PLACEMENT_3D('',#11112,#11113,#11114);
#11116=CYLINDRICAL_SURFACE('',#11115,0.6);
#11117=ORIENTED_EDGE('',*,*,#3148,.T.);
#11118=ORIENTED_EDGE('',*,*,#8669,.T.);
#11119=ORIENTED_EDGE('',*,*,#3115,.T.);
#11120=ORIENTED_EDGE('',*,*,#6968,.F.);
#11121=EDGE_LOOP('',(#11117,#11118,#11119,#11120));
#11122=FACE_BOUND('',#11121,.T.);
#11123=ADVANCED_FACE('',(#11122),#11116,.F.);
#11124=CARTESIAN_POINT('',(-27.439694051,18.9,-1.525739341));
#11125=DIRECTION('',(0.,-1.,0.));
#11126=DIRECTION('',(0.,0.,-1.));
#11127=AXIS2_PLACEMENT_3D('',#11124,#11125,#11126);
#11128=CYLINDRICAL_SURFACE('',#11127,0.6);
#11129=ORIENTED_EDGE('',*,*,#3241,.T.);
#11130=ORIENTED_EDGE('',*,*,#8705,.T.);
#11131=ORIENTED_EDGE('',*,*,#9852,.T.);
#11132=ORIENTED_EDGE('',*,*,#10532,.F.);
#11133=EDGE_LOOP('',(#11129,#11130,#11131,#11132));
#11134=FACE_BOUND('',#11133,.T.);
#11135=ADVANCED_FACE('',(#11134),#11128,.F.);
#11136=CARTESIAN_POINT('',(-47.345548656,18.9,-35.278754465));
#11137=DIRECTION('',(0.,-1.,0.));
#11138=DIRECTION('',(0.,0.,-1.));
#11139=AXIS2_PLACEMENT_3D('',#11136,#11137,#11138);
#11140=CYLINDRICAL_SURFACE('',#11139,0.6);
#11141=ORIENTED_EDGE('',*,*,#3717,.T.);
#11142=ORIENTED_EDGE('',*,*,#9119,.T.);
#11143=ORIENTED_EDGE('',*,*,#3691,.T.);
#11144=ORIENTED_EDGE('',*,*,#6889,.F.);
#11145=EDGE_LOOP('',(#11141,#11142,#11143,#11144));
#11146=FACE_BOUND('',#11145,.T.);
#11147=ADVANCED_FACE('',(#11146),#11140,.F.);
#11148=CARTESIAN_POINT('',(-43.919217682,13.51,-30.044175133));
#11149=DIRECTION('',(0.,1.,0.));
#11150=DIRECTION('',(0.,-0.,1.));
#11151=AXIS2_PLACEMENT_3D('',#11148,#11149,#11150);
#11152=CYLINDRICAL_SURFACE('',#11151,0.35);
#11153=ORIENTED_EDGE('',*,*,#4111,.F.);
#11154=ORIENTED_EDGE('',*,*,#8510,.F.);
#11155=ORIENTED_EDGE('',*,*,#4167,.F.);
#11156=ORIENTED_EDGE('',*,*,#10360,.T.);
#11157=EDGE_LOOP('',(#11153,#11154,#11155,#11156));
#11158=FACE_BOUND('',#11157,.T.);
#11159=ADVANCED_FACE('',(#11158),#11152,.T.);
#11160=CARTESIAN_POINT('',(-42.889535998,18.9,-27.560714142));
#11161=DIRECTION('',(0.,-1.,0.));
#11162=DIRECTION('',(0.,0.,-1.));
#11163=AXIS2_PLACEMENT_3D('',#11160,#11161,#11162);
#11164=CYLINDRICAL_SURFACE('',#11163,0.6);
#11165=ORIENTED_EDGE('',*,*,#4412,.T.);
#11166=ORIENTED_EDGE('',*,*,#8522,.T.);
#11167=ORIENTED_EDGE('',*,*,#4379,.T.);
#11168=ORIENTED_EDGE('',*,*,#6843,.F.);
#11169=EDGE_LOOP('',(#11165,#11166,#11167,#11168));
#11170=FACE_BOUND('',#11169,.T.);
#11171=ADVANCED_FACE('',(#11170),#11164,.F.);
#11172=CARTESIAN_POINT('',(-43.666776119,18.9,-27.010297851));
#11173=DIRECTION('',(0.,-1.,0.));
#11174=DIRECTION('',(0.,0.,-1.));
#11175=AXIS2_PLACEMENT_3D('',#11172,#11173,#11174);
#11176=CYLINDRICAL_SURFACE('',#11175,0.351682165);
#11177=ORIENTED_EDGE('',*,*,#4487,.F.);
#11178=ORIENTED_EDGE('',*,*,#6833,.T.);
#11179=ORIENTED_EDGE('',*,*,#7473,.F.);
#11180=ORIENTED_EDGE('',*,*,#8532,.F.);
#11181=EDGE_LOOP('',(#11177,#11178,#11179,#11180));
#11182=FACE_BOUND('',#11181,.T.);
#11183=ADVANCED_FACE('',(#11182),#11176,.T.);
#11184=CARTESIAN_POINT('',(-38.43352334,18.9,-19.842673819));
#11185=DIRECTION('',(0.,-1.,0.));
#11186=DIRECTION('',(0.,0.,-1.));
#11187=AXIS2_PLACEMENT_3D('',#11184,#11185,#11186);
#11188=CYLINDRICAL_SURFACE('',#11187,0.6);
#11189=ORIENTED_EDGE('',*,*,#4595,.T.);
#11190=ORIENTED_EDGE('',*,*,#8542,.T.);
#11191=ORIENTED_EDGE('',*,*,#4569,.T.);
#11192=ORIENTED_EDGE('',*,*,#6816,.F.);
#11193=EDGE_LOOP('',(#11189,#11190,#11191,#11192));
#11194=FACE_BOUND('',#11193,.T.);
#11195=ADVANCED_FACE('',(#11194),#11188,.F.);
#11196=CARTESIAN_POINT('',(-37.542320808,18.9,-18.299065754));
#11197=DIRECTION('',(0.,-1.,0.));
#11198=DIRECTION('',(0.,0.,-1.));
#11199=AXIS2_PLACEMENT_3D('',#11196,#11197,#11198);
#11200=CYLINDRICAL_SURFACE('',#11199,0.6);
#11201=ORIENTED_EDGE('',*,*,#4734,.T.);
#11202=ORIENTED_EDGE('',*,*,#8553,.T.);
#11203=ORIENTED_EDGE('',*,*,#4708,.T.);
#11204=ORIENTED_EDGE('',*,*,#6805,.F.);
#11205=EDGE_LOOP('',(#11201,#11202,#11203,#11204));
#11206=FACE_BOUND('',#11205,.T.);
#11207=ADVANCED_FACE('',(#11206),#11200,.F.);
#11208=CARTESIAN_POINT('',(40.940294609,18.9,-33.710808461));
#11209=DIRECTION('',(0.,-1.,0.));
#11210=DIRECTION('',(0.,0.,-1.));
#11211=AXIS2_PLACEMENT_3D('',#11208,#11209,#11210);
#11212=CYLINDRICAL_SURFACE('',#11211,0.6);
#11213=ORIENTED_EDGE('',*,*,#5031,.T.);
#11214=ORIENTED_EDGE('',*,*,#9072,.T.);
#11215=ORIENTED_EDGE('',*,*,#9697,.T.);
#11216=ORIENTED_EDGE('',*,*,#10233,.F.);
#11217=ORIENTED_EDGE('',*,*,#9347,.F.);
#11218=EDGE_LOOP('',(#11213,#11214,#11215,#11216,#11217));
#11219=FACE_BOUND('',#11218,.T.);
#11220=ADVANCED_FACE('',(#11219),#11212,.F.);
#11221=CARTESIAN_POINT('',(41.83149714,18.9,-35.254416526));
#11222=DIRECTION('',(0.,-1.,0.));
#11223=DIRECTION('',(0.,0.,-1.));
#11224=AXIS2_PLACEMENT_3D('',#11221,#11222,#11223);
#11225=CYLINDRICAL_SURFACE('',#11224,0.6);
#11226=ORIENTED_EDGE('',*,*,#5170,.T.);
#11227=ORIENTED_EDGE('',*,*,#9083,.T.);
#11228=ORIENTED_EDGE('',*,*,#5144,.T.);
#11229=ORIENTED_EDGE('',*,*,#9372,.F.);
#11230=EDGE_LOOP('',(#11226,#11227,#11228,#11229));
#11231=FACE_BOUND('',#11230,.T.);
#11232=ADVANCED_FACE('',(#11231),#11225,.F.);
#11233=CARTESIAN_POINT('',(32.028269292,18.9,-18.274727815));
#11234=DIRECTION('',(0.,-1.,0.));
#11235=DIRECTION('',(0.,0.,-1.));
#11236=AXIS2_PLACEMENT_3D('',#11233,#11234,#11235);
#11237=CYLINDRICAL_SURFACE('',#11236,0.6);
#11238=ORIENTED_EDGE('',*,*,#5506,.T.);
#11239=ORIENTED_EDGE('',*,*,#8968,.T.);
#11240=ORIENTED_EDGE('',*,*,#5458,.T.);
#11241=ORIENTED_EDGE('',*,*,#7235,.F.);
#11242=EDGE_LOOP('',(#11238,#11239,#11240,#11241));
#11243=FACE_BOUND('',#11242,.T.);
#11244=ADVANCED_FACE('',(#11243),#11237,.F.);
#11245=CARTESIAN_POINT('',(32.919471824,18.9,-19.818335879));
#11246=DIRECTION('',(0.,-1.,0.));
#11247=DIRECTION('',(0.,0.,-1.));
#11248=AXIS2_PLACEMENT_3D('',#11245,#11246,#11247);
#11249=CYLINDRICAL_SURFACE('',#11248,0.6);
#11250=ORIENTED_EDGE('',*,*,#5645,.T.);
#11251=ORIENTED_EDGE('',*,*,#8979,.T.);
#11252=ORIENTED_EDGE('',*,*,#5619,.T.);
#11253=ORIENTED_EDGE('',*,*,#7224,.F.);
#11254=EDGE_LOOP('',(#11250,#11251,#11252,#11253));
#11255=FACE_BOUND('',#11254,.T.);
#11256=ADVANCED_FACE('',(#11255),#11249,.F.);
#11257=CARTESIAN_POINT('',(38.156776119,18.9,-26.992977342));
#11258=DIRECTION('',(0.,-1.,0.));
#11259=DIRECTION('',(0.,0.,-1.));
#11260=AXIS2_PLACEMENT_3D('',#11257,#11258,#11259);
#11261=CYLINDRICAL_SURFACE('',#11260,0.351682165);
#11262=ORIENTED_EDGE('',*,*,#5720,.F.);
#11263=ORIENTED_EDGE('',*,*,#7208,.T.);
#11264=CARTESIAN_POINT('',(37.868059629,18.9,-27.193783551));
#11265=DIRECTION('',(0.,-1.,0.));
#11266=VECTOR('',#11265,1.);
#11267=LINE('',#11264,#11266);
#11268=EDGE_CURVE('',#8986,#7195,#11267,.T.);
#11269=ORIENTED_EDGE('',*,*,#11268,.F.);
#11270=ORIENTED_EDGE('',*,*,#8992,.F.);
#11271=EDGE_LOOP('',(#11262,#11263,#11269,#11270));
#11272=FACE_BOUND('',#11271,.T.);
#11273=ADVANCED_FACE('',(#11272),#11261,.T.);
#11274=CARTESIAN_POINT('',(37.375484482,18.9,-27.536376203));
#11275=DIRECTION('',(0.,-1.,0.));
#11276=DIRECTION('',(0.,0.,-1.));
#11277=AXIS2_PLACEMENT_3D('',#11274,#11275,#11276);
#11278=CYLINDRICAL_SURFACE('',#11277,0.6);
#11279=ORIENTED_EDGE('',*,*,#5762,.T.);
#11280=ORIENTED_EDGE('',*,*,#8999,.T.);
#11281=ORIENTED_EDGE('',*,*,#11268,.T.);
#11282=ORIENTED_EDGE('',*,*,#7201,.F.);
#11283=EDGE_LOOP('',(#11279,#11280,#11281,#11282));
#11284=FACE_BOUND('',#11283,.T.);
#11285=ADVANCED_FACE('',(#11284),#11278,.F.);
#11286=CARTESIAN_POINT('',(-44.810425277,13.51,-31.587791968));
#11287=DIRECTION('',(0.,1.,0.));
#11288=DIRECTION('',(0.,-0.,1.));
#11289=AXIS2_PLACEMENT_3D('',#11286,#11287,#11288);
#11290=CYLINDRICAL_SURFACE('',#11289,0.35);
#11291=ORIENTED_EDGE('',*,*,#6392,.F.);
#11292=ORIENTED_EDGE('',*,*,#9144,.F.);
#11293=ORIENTED_EDGE('',*,*,#6417,.F.);
#11294=ORIENTED_EDGE('',*,*,#4273,.F.);
#11295=EDGE_LOOP('',(#11291,#11292,#11293,#11294));
#11296=FACE_BOUND('',#11295,.T.);
#11297=ADVANCED_FACE('',(#11296),#11290,.T.);
#11298=CARTESIAN_POINT('',(-45.701625277,13.51,-33.131395648));
#11299=DIRECTION('',(0.,1.,0.));
#11300=DIRECTION('',(0.,-0.,1.));
#11301=AXIS2_PLACEMENT_3D('',#11298,#11299,#11300);
#11302=CYLINDRICAL_SURFACE('',#11301,0.35);
#11303=ORIENTED_EDGE('',*,*,#6538,.F.);
#11304=ORIENTED_EDGE('',*,*,#9133,.F.);
#11305=ORIENTED_EDGE('',*,*,#6594,.F.);
#11306=ORIENTED_EDGE('',*,*,#10406,.T.);
#11307=EDGE_LOOP('',(#11303,#11304,#11305,#11306));
#11308=FACE_BOUND('',#11307,.T.);
#11309=ADVANCED_FACE('',(#11308),#11302,.T.);
#11310=CARTESIAN_POINT('',(-50.910358783,18.9,-41.453186773));
#11311=DIRECTION('',(0.,-1.,0.));
#11312=DIRECTION('',(0.,0.,-1.));
#11313=AXIS2_PLACEMENT_3D('',#11310,#11311,#11312);
#11314=CYLINDRICAL_SURFACE('',#11313,1.199999975);
#11315=ORIENTED_EDGE('',*,*,#7416,.F.);
#11316=ORIENTED_EDGE('',*,*,#6908,.T.);
#11317=ORIENTED_EDGE('',*,*,#7449,.F.);
#11318=ORIENTED_EDGE('',*,*,#9109,.F.);
#11319=EDGE_LOOP('',(#11315,#11316,#11317,#11318));
#11320=FACE_BOUND('',#11319,.T.);
#11321=ADVANCED_FACE('',(#11320),#11314,.T.);
#11322=CARTESIAN_POINT('',(-36.651113213,18.9,-16.755448919));
#11323=DIRECTION('',(0.,-1.,0.));
#11324=DIRECTION('',(0.,0.,-1.));
#11325=AXIS2_PLACEMENT_3D('',#11322,#11323,#11324);
#11326=CYLINDRICAL_SURFACE('',#11325,0.6);
#11327=ORIENTED_EDGE('',*,*,#7532,.T.);
#11328=ORIENTED_EDGE('',*,*,#8579,.T.);
#11329=ORIENTED_EDGE('',*,*,#9933,.T.);
#11330=ORIENTED_EDGE('',*,*,#10315,.F.);
#11331=EDGE_LOOP('',(#11327,#11328,#11329,#11330));
#11332=FACE_BOUND('',#11331,.T.);
#11333=ADVANCED_FACE('',(#11332),#11326,.F.);
#11334=CARTESIAN_POINT('',(-35.759913213,18.9,-15.21184524));
#11335=DIRECTION('',(0.,-1.,0.));
#11336=DIRECTION('',(0.,0.,-1.));
#11337=AXIS2_PLACEMENT_3D('',#11334,#11335,#11336);
#11338=CYLINDRICAL_SURFACE('',#11337,0.6);
#11339=ORIENTED_EDGE('',*,*,#7646,.T.);
#11340=ORIENTED_EDGE('',*,*,#8604,.T.);
#11341=ORIENTED_EDGE('',*,*,#9556,.T.);
#11342=ORIENTED_EDGE('',*,*,#10051,.F.);
#11343=EDGE_LOOP('',(#11339,#11340,#11341,#11342));
#11344=FACE_BOUND('',#11343,.T.);
#11345=ADVANCED_FACE('',(#11344),#11338,.F.);
#11346=CARTESIAN_POINT('',(20.356411272,18.9,-0.634872992));
#11347=DIRECTION('',(0.,-1.,0.));
#11348=DIRECTION('',(0.,0.,-1.));
#11349=AXIS2_PLACEMENT_3D('',#11346,#11347,#11348);
#11350=CYLINDRICAL_SURFACE('',#11349,0.6);
#11351=ORIENTED_EDGE('',*,*,#7800,.T.);
#11352=ORIENTED_EDGE('',*,*,#8781,.T.);
#11353=ORIENTED_EDGE('',*,*,#608,.T.);
#11354=ORIENTED_EDGE('',*,*,#10802,.T.);
#11355=ORIENTED_EDGE('',*,*,#10821,.F.);
#11356=ORIENTED_EDGE('',*,*,#2720,.F.);
#11357=EDGE_LOOP('',(#11351,#11352,#11353,#11354,#11355,#11356));
#11358=FACE_BOUND('',#11357,.T.);
#11359=ADVANCED_FACE('',(#11358),#11350,.F.);
#11360=CARTESIAN_POINT('',(30.245861697,18.9,-15.1875073));
#11361=DIRECTION('',(0.,-1.,0.));
#11362=DIRECTION('',(0.,0.,-1.));
#11363=AXIS2_PLACEMENT_3D('',#11360,#11361,#11362);
#11364=CYLINDRICAL_SURFACE('',#11363,0.6);
#11365=ORIENTED_EDGE('',*,*,#7916,.T.);
#11366=ORIENTED_EDGE('',*,*,#8919,.T.);
#11367=ORIENTED_EDGE('',*,*,#9810,.T.);
#11368=ORIENTED_EDGE('',*,*,#10622,.F.);
#11369=ORIENTED_EDGE('',*,*,#10579,.F.);
#11370=ORIENTED_EDGE('',*,*,#10029,.F.);
#11371=EDGE_LOOP('',(#11365,#11366,#11367,#11368,#11369,#11370));
#11372=FACE_BOUND('',#11371,.T.);
#11373=ADVANCED_FACE('',(#11372),#11364,.F.);
#11374=CARTESIAN_POINT('',(31.137061697,18.9,-16.73111098));
#11375=DIRECTION('',(0.,-1.,0.));
#11376=DIRECTION('',(0.,0.,-1.));
#11377=AXIS2_PLACEMENT_3D('',#11374,#11375,#11376);
#11378=CYLINDRICAL_SURFACE('',#11377,0.6);
#11379=ORIENTED_EDGE('',*,*,#7998,.T.);
#11380=ORIENTED_EDGE('',*,*,#8944,.T.);
#11381=ORIENTED_EDGE('',*,*,#9742,.T.);
#11382=ORIENTED_EDGE('',*,*,#10018,.F.);
#11383=ORIENTED_EDGE('',*,*,#10149,.F.);
#11384=ORIENTED_EDGE('',*,*,#10191,.F.);
#11385=EDGE_LOOP('',(#11379,#11380,#11381,#11382,#11383,#11384));
#11386=FACE_BOUND('',#11385,.T.);
#11387=ADVANCED_FACE('',(#11386),#11378,.F.);
#11388=CARTESIAN_POINT('',(38.266694609,18.9,-29.079997422));
#11389=DIRECTION('',(0.,-1.,0.));
#11390=DIRECTION('',(0.,0.,-1.));
#11391=AXIS2_PLACEMENT_3D('',#11388,#11389,#11390);
#11392=CYLINDRICAL_SURFACE('',#11391,0.6);
#11393=ORIENTED_EDGE('',*,*,#8110,.T.);
#11394=ORIENTED_EDGE('',*,*,#9011,.T.);
#11395=ORIENTED_EDGE('',*,*,#5908,.T.);
#11396=ORIENTED_EDGE('',*,*,#10132,.F.);
#11397=EDGE_LOOP('',(#11393,#11394,#11395,#11396));
#11398=FACE_BOUND('',#11397,.T.);
#11399=ADVANCED_FACE('',(#11398),#11392,.F.);
#11400=CARTESIAN_POINT('',(39.157894609,18.9,-30.623601102));
#11401=DIRECTION('',(0.,-1.,0.));
#11402=DIRECTION('',(0.,0.,-1.));
#11403=AXIS2_PLACEMENT_3D('',#11400,#11401,#11402);
#11404=CYLINDRICAL_SURFACE('',#11403,0.6);
#11405=ORIENTED_EDGE('',*,*,#8147,.T.);
#11406=ORIENTED_EDGE('',*,*,#9022,.T.);
#11407=ORIENTED_EDGE('',*,*,#6231,.T.);
#11408=ORIENTED_EDGE('',*,*,#10115,.F.);
#11409=ORIENTED_EDGE('',*,*,#10078,.F.);
#11410=ORIENTED_EDGE('',*,*,#6310,.F.);
#11411=EDGE_LOOP('',(#11405,#11406,#11407,#11408,#11409,#11410));
#11412=FACE_BOUND('',#11411,.T.);
#11413=ADVANCED_FACE('',(#11412),#11404,.F.);
#11414=CARTESIAN_POINT('',(40.049094609,18.9,-32.167204781));
#11415=DIRECTION('',(0.,-1.,0.));
#11416=DIRECTION('',(0.,0.,-1.));
#11417=AXIS2_PLACEMENT_3D('',#11414,#11415,#11416);
#11418=CYLINDRICAL_SURFACE('',#11417,0.6);
#11419=ORIENTED_EDGE('',*,*,#8212,.T.);
#11420=ORIENTED_EDGE('',*,*,#9047,.T.);
#11421=ORIENTED_EDGE('',*,*,#9901,.T.);
#11422=ORIENTED_EDGE('',*,*,#6266,.F.);
#11423=ORIENTED_EDGE('',*,*,#10208,.F.);
#11424=ORIENTED_EDGE('',*,*,#10265,.F.);
#11425=EDGE_LOOP('',(#11419,#11420,#11421,#11422,#11423,#11424));
#11426=FACE_BOUND('',#11425,.T.);
#11427=ADVANCED_FACE('',(#11426),#11418,.F.);
#11428=CARTESIAN_POINT('',(45.400358783,18.9,-41.435866215));
#11429=DIRECTION('',(0.,-1.,0.));
#11430=DIRECTION('',(0.,0.,-1.));
#11431=AXIS2_PLACEMENT_3D('',#11428,#11429,#11430);
#11432=CYLINDRICAL_SURFACE('',#11431,1.2);
#11433=ORIENTED_EDGE('',*,*,#8347,.F.);
#11434=ORIENTED_EDGE('',*,*,#9361,.T.);
#11435=ORIENTED_EDGE('',*,*,#8412,.F.);
#11436=ORIENTED_EDGE('',*,*,#9094,.F.);
#11437=EDGE_LOOP('',(#11433,#11434,#11435,#11436));
#11438=FACE_BOUND('',#11437,.T.);
#11439=ADVANCED_FACE('',(#11438),#11432,.T.);
#11440=CARTESIAN_POINT('',(22.312856093,18.9,-2.368782408));
#11441=DIRECTION('',(0.,1.,0.));
#11442=DIRECTION('',(0.,-0.,1.));
#11443=AXIS2_PLACEMENT_3D('',#11440,#11441,#11442);
#11444=CYLINDRICAL_SURFACE('',#11443,0.35);
#11445=ORIENTED_EDGE('',*,*,#9407,.F.);
#11446=ORIENTED_EDGE('',*,*,#8826,.F.);
#11447=ORIENTED_EDGE('',*,*,#1900,.F.);
#11448=ORIENTED_EDGE('',*,*,#10664,.F.);
#11449=EDGE_LOOP('',(#11445,#11446,#11447,#11448));
#11450=FACE_BOUND('',#11449,.T.);
#11451=ADVANCED_FACE('',(#11450),#11444,.T.);
#11452=CARTESIAN_POINT('',(21.012293725,18.9,-1.3221271));
#11453=DIRECTION('',(0.,1.,0.));
#11454=DIRECTION('',(0.,-0.,1.));
#11455=AXIS2_PLACEMENT_3D('',#11452,#11453,#11454);
#11456=CYLINDRICAL_SURFACE('',#11455,0.35);
#11457=ORIENTED_EDGE('',*,*,#9482,.F.);
#11458=ORIENTED_EDGE('',*,*,#8791,.F.);
#11459=ORIENTED_EDGE('',*,*,#7809,.F.);
#11460=ORIENTED_EDGE('',*,*,#2702,.F.);
#11461=EDGE_LOOP('',(#11457,#11458,#11459,#11460));
#11462=FACE_BOUND('',#11461,.T.);
#11463=ADVANCED_FACE('',(#11462),#11456,.T.);
#11464=CARTESIAN_POINT('',(-26.543409574,18.9,-1.333603975));
#11465=DIRECTION('',(0.,1.,0.));
#11466=DIRECTION('',(0.,-0.,1.));
#11467=AXIS2_PLACEMENT_3D('',#11464,#11465,#11466);
#11468=CYLINDRICAL_SURFACE('',#11467,0.35);
#11469=ORIENTED_EDGE('',*,*,#9756,.F.);
#11470=ORIENTED_EDGE('',*,*,#8724,.F.);
#11471=ORIENTED_EDGE('',*,*,#9781,.F.);
#11472=ORIENTED_EDGE('',*,*,#3549,.F.);
#11473=EDGE_LOOP('',(#11469,#11470,#11471,#11472));
#11474=FACE_BOUND('',#11473,.T.);
#11475=ADVANCED_FACE('',(#11474),#11468,.T.);
#11476=CARTESIAN_POINT('',(-27.835812695,18.9,-2.389214888));
#11477=DIRECTION('',(0.,1.,0.));
#11478=DIRECTION('',(0.,-0.,1.));
#11479=AXIS2_PLACEMENT_3D('',#11476,#11477,#11478);
#11480=CYLINDRICAL_SURFACE('',#11479,0.35);
#11481=ORIENTED_EDGE('',*,*,#9828,.F.);
#11482=ORIENTED_EDGE('',*,*,#8689,.F.);
#11483=ORIENTED_EDGE('',*,*,#9882,.F.);
#11484=ORIENTED_EDGE('',*,*,#10549,.F.);
#11485=EDGE_LOOP('',(#11481,#11482,#11483,#11484));
#11486=FACE_BOUND('',#11485,.T.);
#11487=ADVANCED_FACE('',(#11486),#11480,.T.);
#11488=CLOSED_SHELL('',(#141,#206,#248,#281,#314,#356,#398,#431,#473,#515,#548,#581,#620,#671,#722,#773,#824,#875,#926,#977,#1028,#1079,#1130,#1181,#1232,#1283,
#1334,#1385,#1436,#1487,#1538,#1589,#1640,#1691,#1742,#1854,#1911,#1962,#1994,#2036,#2069,#2100,#2133,#2175,#2208,#2250,#2292,#2325,#2356,#2389,#2431,
#2482,#2533,#2584,#2635,#2730,#2781,#2814,#2845,#2878,#2920,#2953,#2995,#3037,#3070,#3101,#3134,#3176,#3227,#3298,#3349,#3400,#3451,#3502,#3577,#3628,
#3670,#3703,#3745,#3778,#3809,#3833,#3884,#3935,#3986,#4037,#4097,#4136,#4177,#4216,#4301,#4334,#4365,#4398,#4440,#4473,#4506,#4548,#4581,#4623,#4656,
#4687,#4720,#4762,#4813,#4864,#4915,#4966,#5017,#5059,#5092,#5123,#5156,#5198,#5231,#5282,#5333,#5384,#5435,#5492,#5534,#5567,#5598,#5631,#5673,#5706,
#5748,#5790,#5823,#5854,#5887,#5920,#5961,#6012,#6063,#6114,#6165,#6204,#6243,#6328,#6380,#6405,#6436,#6461,#6524,#6563,#6604,#6631,#6762,#6850,#6919,
#7011,#7159,#7254,#7370,#7387,#7404,#7429,#7453,#7477,#7518,#7592,#7632,#7706,#7747,#7771,#7788,#7820,#7844,#7861,#7902,#7944,#7984,#8038,#8079,#8096,
#8135,#8167,#8198,#8261,#8302,#8333,#8366,#8479,#8496,#9333,#9395,#9436,#9460,#9472,#9494,#9511,#9535,#9560,#9578,#9599,#9623,#9651,#9675,#9703,#9721,
#9746,#9768,#9785,#9816,#9857,#9888,#9905,#9939,#9966,#9990,#10033,#10066,#10090,#10137,#10161,#10196,#10220,#10270,#10287,#10325,#10342,#10371,#10388,#10417,#10434,
#10457,#10482,#10499,#10556,#10567,#10591,#10638,#10717,#10739,#10757,#10768,#10810,#10832,#10850,#10861,#10886,#10903,#10924,#10935,#10947,#10959,#10971,#10983,#10997,#11009,
#11021,#11038,#11050,#11063,#11075,#11087,#11099,#11111,#11123,#11135,#11147,#11159,#11171,#11183,#11195,#11207,#11220,#11232,#11244,#11256,#11273,#11285,#11297,#11309,#11321,
#11333,#11345,#11359,#11373,#11387,#11399,#11413,#11427,#11439,#11451,#11463,#11475,#11487));
#11489=MANIFOLD_SOLID_BREP('Side TPU Piece 2',#11488);
#11490=COLOUR_RGB('',0.078431375,0.078431375,0.086274512);
#11491=FILL_AREA_STYLE_COLOUR('',#11490);
#11492=FILL_AREA_STYLE('',(#11491));
#11493=SURFACE_STYLE_FILL_AREA(#11492);
#11494=SURFACE_SIDE_STYLE('',(#11493));
#11495=SURFACE_STYLE_USAGE(.BOTH.,#11494);
#11496=PRESENTATION_STYLE_ASSIGNMENT((#11495));
#26=STYLED_ITEM('',(#11496),#11489);
#16=SHAPE_REPRESENTATION('Side TPU Piece 2',(#15),#10);
#17=ADVANCED_BREP_SHAPE_REPRESENTATION('Side TPU Piece 2',(#11489),#10);
#11504=SHAPE_REPRESENTATION_RELATIONSHIP('','',#16,#17);
#11505=CARTESIAN_POINT('',(0.,0.,0.));
#11506=DIRECTION('',(0.,0.,1.));
#11507=DIRECTION('',(1.,0.,0.));
#11508=AXIS2_PLACEMENT_3D('',#11505,#11506,#11507);
#11510=MAPPED_ITEM('',#11509,#11508);
#11509=REPRESENTATION_MAP(#11508,#16);
#11511=APPLICATION_CONTEXT('Managed model based 3d engineering');
#11512=APPLICATION_PROTOCOL_DEFINITION('international standard','ap242_managed_model_based_3d_engineering',2014,#11511);
#11513=PRODUCT_CONTEXT('',#11511,'mechanical');
#11514=PRODUCT_DEFINITION_CONTEXT('part definition',#11511,'design');
#24=PRODUCT('Side TPU Piece 2','Side TPU Piece 2','',(#11513));
#11515=PRODUCT_RELATED_PRODUCT_CATEGORY('part','',(#24));
#11516=PRODUCT_DEFINITION_FORMATION_WITH_SPECIFIED_SOURCE('','',#24,.NOT_KNOWN.);
#25=PRODUCT_DEFINITION('design','',#11516,#11514);
#23=PRODUCT_DEFINITION_SHAPE('','',#25);
#11517=SHAPE_DEFINITION_REPRESENTATION(#23,#16);
#11=DRAUGHTING_MODEL('',(#11510),#10);
#11518=DESCRIPTIVE_REPRESENTATION_ITEM('KEY','/Users/sanyamsaharan/Library/Containers/com.shapr3d.shapr/Data/tmp/F746EE28-0B7E-4782-A5B3-942DE263E6F6.tmp');
#11519=PROPERTY_DEFINITION('KEY','',#25);
#11520=REPRESENTATION('',(#11518),#10);
#11521=PROPERTY_DEFINITION_REPRESENTATION(#11519,#11520);
#11522=GENERAL_PROPERTY('','KEY','');
#11523=GENERAL_PROPERTY_ASSOCIATION('','',#11522,#11519);
#1=MECHANICAL_DESIGN_GEOMETRIC_PRESENTATION_REPRESENTATION('',(#26),#10);
ENDSEC;
END-ISO-10303-21;
