ISO-10303-21;
HEADER;

/* File generated by Shapr3D Version 26.10.0.10376 */

FILE_DESCRIPTION(('HOOPS Exchange Step'),'2;1');

FILE_NAME('/Users/sanyamsaharan/Library/Containers/com.shapr3d.shapr/Data/tmp/export/temp_export',
'2026-02-08T07:36:54-13:00',
('sanyamsaharan'),
('Shapr3D Limited'),
'HOOPS Exchange 2025.9',
'Shapr3D',
'Authorized');

FILE_SCHEMA( ('AP242_MANAGED_MODEL_BASED_3D_ENGINEERING_MIM_LF {1 0 10303 442 1 1 4}') );

ENDSEC;

DATA;
#3=(NAMED_UNIT(*)PLANE_ANGLE_UNIT()SI_UNIT($,.RADIAN.));
#4=PLANE_ANGLE_MEASURE_WITH_UNIT(PLANE_ANGLE_MEASURE(0.0174532925),#3);
#5=(CONVERSION_BASED_UNIT('DEGREE',#4)NAMED_UNIT(#6)PLANE_ANGLE_UNIT());
#6=DIMENSIONAL_EXPONENTS(0.,0.,0.,0.,0.,0.,0.);
#7=(NAMED_UNIT(*)SI_UNIT($,.STERADIAN.)SOLID_ANGLE_UNIT());
#8=(LENGTH_UNIT()NAMED_UNIT(*)SI_UNIT(.MILLI.,.METRE.));
#9=UNCERTAINTY_MEASURE_WITH_UNIT(LENGTH_MEASURE(1.000000E-05),#8,'DISTANCE_ACCURACY_VALUE','Maximum Tolerance applied to model');
#10=(GEOMETRIC_REPRESENTATION_CONTEXT(3)GLOBAL_UNCERTAINTY_ASSIGNED_CONTEXT((#9))GLOBAL_UNIT_ASSIGNED_CONTEXT((#8,#5,#7))REPRESENTATION_CONTEXT('','top plate (OLED 2)'));
#12=CARTESIAN_POINT('',(0.,0.,0.));
#13=DIRECTION('',(0.,0.,1.));
#14=DIRECTION('',(1.,0.,0.));
#15=AXIS2_PLACEMENT_3D('TS3D_PRODUCT_CSYS',#12,#13,#14);
#27=CARTESIAN_POINT('',(-46.337478245,0.,-30.315248064));
#28=DIRECTION('',(-0.866025404,0.,0.5));
#29=DIRECTION('',(0.5,0.,0.866025404));
#30=AXIS2_PLACEMENT_3D('',#27,#28,#29);
#31=PLANE('',#30);
#32=CARTESIAN_POINT('',(-34.687478242,-8.492,-10.136856157));
#33=VERTEX_POINT('',#32);
#34=CARTESIAN_POINT('',(-34.687478242,8.492,-10.136856157));
#35=VERTEX_POINT('',#34);
#36=CARTESIAN_POINT('',(-34.687478242,-8.492,-10.136856157));
#37=DIRECTION('',(-0.,1.,-0.));
#38=VECTOR('',#37,16.984);
#39=LINE('',#36,#38);
#40=EDGE_CURVE('',#33,#35,#39,.T.);
#41=ORIENTED_EDGE('',*,*,#40,.F.);
#42=CARTESIAN_POINT('',(-33.337478242,-11.192,-7.798587567));
#43=VERTEX_POINT('',#42);
#44=CARTESIAN_POINT('',(-33.337478242,-8.492,-7.798587567));
#45=DIRECTION('',(-0.866025404,0.,0.5));
#46=DIRECTION('',(0.5,0.,0.866025404));
#47=AXIS2_PLACEMENT_3D('',#44,#45,#46);
#48=CIRCLE('',#47,2.7);
#49=EDGE_CURVE('',#33,#43,#48,.T.);
#50=ORIENTED_EDGE('',*,*,#49,.T.);
#51=CARTESIAN_POINT('',(-33.245478242,-11.192,-7.639238892));
#52=VERTEX_POINT('',#51);
#53=CARTESIAN_POINT('',(-33.337478242,-11.192,-7.798587567));
#54=DIRECTION('',(0.5,0.,0.866025404));
#55=VECTOR('',#54,0.184);
#56=LINE('',#53,#55);
#57=EDGE_CURVE('',#43,#52,#56,.T.);
#58=ORIENTED_EDGE('',*,*,#57,.T.);
#59=CARTESIAN_POINT('',(-31.895478242,-8.492,-5.300970302));
#60=VERTEX_POINT('',#59);
#61=CARTESIAN_POINT('',(-33.245478242,-8.492,-7.639238892));
#62=DIRECTION('',(-0.866025404,0.,0.5));
#63=DIRECTION('',(0.5,0.,0.866025404));
#64=AXIS2_PLACEMENT_3D('',#61,#62,#63);
#65=CIRCLE('',#64,2.7);
#66=EDGE_CURVE('',#52,#60,#65,.T.);
#67=ORIENTED_EDGE('',*,*,#66,.T.);
#68=CARTESIAN_POINT('',(-31.895478242,8.492,-5.300970302));
#69=VERTEX_POINT('',#68);
#70=CARTESIAN_POINT('',(-31.895478242,-8.492,-5.300970302));
#71=DIRECTION('',(0.,1.,0.));
#72=VECTOR('',#71,16.984);
#73=LINE('',#70,#72);
#74=EDGE_CURVE('',#60,#69,#73,.T.);
#75=ORIENTED_EDGE('',*,*,#74,.T.);
#76=CARTESIAN_POINT('',(-33.245478242,11.192,-7.639238892));
#77=VERTEX_POINT('',#76);
#78=CARTESIAN_POINT('',(-33.245478242,8.492,-7.639238892));
#79=DIRECTION('',(-0.866025404,0.,0.5));
#80=DIRECTION('',(0.5,0.,0.866025404));
#81=AXIS2_PLACEMENT_3D('',#78,#79,#80);
#82=CIRCLE('',#81,2.7);
#83=EDGE_CURVE('',#69,#77,#82,.T.);
#84=ORIENTED_EDGE('',*,*,#83,.T.);
#85=CARTESIAN_POINT('',(-33.337478242,11.192,-7.798587567));
#86=VERTEX_POINT('',#85);
#87=CARTESIAN_POINT('',(-33.337478242,11.192,-7.798587567));
#88=DIRECTION('',(0.5,0.,0.866025404));
#89=VECTOR('',#88,0.184);
#90=LINE('',#87,#89);
#91=EDGE_CURVE('',#86,#77,#90,.T.);
#92=ORIENTED_EDGE('',*,*,#91,.F.);
#93=CARTESIAN_POINT('',(-33.337478242,8.492,-7.798587567));
#94=DIRECTION('',(-0.866025404,0.,0.5));
#95=DIRECTION('',(0.5,0.,0.866025404));
#96=AXIS2_PLACEMENT_3D('',#93,#94,#95);
#97=CIRCLE('',#96,2.7);
#98=EDGE_CURVE('',#86,#35,#97,.T.);
#99=ORIENTED_EDGE('',*,*,#98,.T.);
#100=EDGE_LOOP('',(#41,#50,#58,#67,#75,#84,#92,#99));
#101=FACE_BOUND('',#100,.T.);
#102=CARTESIAN_POINT('',(-29.333475986,14.9,-0.863452227));
#103=VERTEX_POINT('',#102);
#104=CARTESIAN_POINT('',(-29.333475986,13.885951488,-0.863452227));
#105=VERTEX_POINT('',#104);
#106=CARTESIAN_POINT('',(-29.333475986,14.9,-0.863452227));
#107=DIRECTION('',(-0.,-1.,-0.));
#108=VECTOR('',#107,1.014048512);
#109=LINE('',#106,#108);
#110=EDGE_CURVE('',#103,#105,#109,.T.);
#111=ORIENTED_EDGE('',*,*,#110,.T.);
#112=CARTESIAN_POINT('',(-29.510137267,13.425108471,-1.169438542));
#113=VERTEX_POINT('',#112);
#114=CARTESIAN_POINT('',(-29.333475986,13.885951488,-0.863452227));
#115=CARTESIAN_POINT('',(-29.333475986,13.780699892,-0.863452228));
#116=CARTESIAN_POINT('',(-29.350291321,13.677917634,-0.892577242));
#117=CARTESIAN_POINT('',(-29.381928436,13.594383311,-0.947374332));
#118=CARTESIAN_POINT('',(-29.41356555,13.510848987,-1.002171422));
#119=CARTESIAN_POINT('',(-29.459044225,13.45057823,-1.080942797));
#120=CARTESIAN_POINT('',(-29.510137267,13.425108471,-1.169438542));
#121=B_SPLINE_CURVE_WITH_KNOTS('',3,(#114,#115,#116,#117,#118,#119,#120),.UNSPECIFIED.,.F.,.F.,(4,3,4),(0.,0.000311402,0.000622804),.UNSPECIFIED.);
#122=EDGE_CURVE('',#105,#113,#121,.T.);
#123=ORIENTED_EDGE('',*,*,#122,.T.);
#124=CARTESIAN_POINT('',(-29.799497634,12.78,-1.670625398));
#125=VERTEX_POINT('',#124);
#126=CARTESIAN_POINT('',(-29.510137267,13.425108471,-1.169438542));
#127=CARTESIAN_POINT('',(-29.547834813,13.406316341,-1.234732608));
#128=CARTESIAN_POINT('',(-29.585091256,13.379386053,-1.299262659));
#129=CARTESIAN_POINT('',(-29.619398571,13.342819972,-1.358684672));
#130=CARTESIAN_POINT('',(-29.653705887,13.306253892,-1.418106686));
#131=CARTESIAN_POINT('',(-29.685840413,13.258947044,-1.473765317));
#132=CARTESIAN_POINT('',(-29.712576458,13.203018306,-1.520073505));
#133=CARTESIAN_POINT('',(-29.739312503,13.147089569,-1.566381694));
#134=CARTESIAN_POINT('',(-29.761557435,13.080416734,-1.604911047));
#135=CARTESIAN_POINT('',(-29.77648279,13.008805562,-1.63076252));
#136=CARTESIAN_POINT('',(-29.791408144,12.93719439,-1.656613992));
#137=CARTESIAN_POINT('',(-29.799497634,12.858969389,-1.670625398));
#138=CARTESIAN_POINT('',(-29.799497634,12.78,-1.670625398));
#139=B_SPLINE_CURVE_WITH_KNOTS('',3,(#126,#127,#128,#129,#130,#131,#132,#133,#134,#135,#136,#137,#138),.UNSPECIFIED.,.F.,.F.,(4,3,3,3,4),(0.000355698,0.000587833,0.000819967,0.001052102,0.001284237),.UNSPECIFIED.);
#140=EDGE_CURVE('',#113,#125,#139,.T.);
#141=ORIENTED_EDGE('',*,*,#140,.T.);
#142=CARTESIAN_POINT('',(-29.799497634,-12.78,-1.670625398));
#143=VERTEX_POINT('',#142);
#144=CARTESIAN_POINT('',(-29.799497634,-12.78,-1.670625398));
#145=DIRECTION('',(0.,1.,0.));
#146=VECTOR('',#145,25.56);
#147=LINE('',#144,#146);
#148=EDGE_CURVE('',#143,#125,#147,.T.);
#149=ORIENTED_EDGE('',*,*,#148,.F.);
#150=CARTESIAN_POINT('',(-29.510137267,-13.425108471,-1.169438542));
#151=VERTEX_POINT('',#150);
#152=CARTESIAN_POINT('',(-29.799497634,-12.78,-1.670625398));
#153=CARTESIAN_POINT('',(-29.799497634,-12.858881889,-1.670625398));
#154=CARTESIAN_POINT('',(-29.791607674,-12.936082115,-1.656959587));
#155=CARTESIAN_POINT('',(-29.776570551,-13.00838403,-1.630914526));
#156=CARTESIAN_POINT('',(-29.761533428,-13.080685946,-1.604869465));
#157=CARTESIAN_POINT('',(-29.739495381,-13.146724972,-1.566698448));
#158=CARTESIAN_POINT('',(-29.712531383,-13.203112587,-1.519995435));
#159=CARTESIAN_POINT('',(-29.685567386,-13.259500201,-1.473292421));
#160=CARTESIAN_POINT('',(-29.653483343,-13.306545207,-1.417721229));
#161=CARTESIAN_POINT('',(-29.619183345,-13.343049259,-1.35831189));
#162=CARTESIAN_POINT('',(-29.584883348,-13.37955331,-1.298902552));
#163=CARTESIAN_POINT('',(-29.548070049,-13.40620304,-1.235140047));
#164=CARTESIAN_POINT('',(-29.510137267,-13.425108472,-1.169438542));
#165=B_SPLINE_CURVE_WITH_KNOTS('',3,(#152,#153,#154,#155,#156,#157,#158,#159,#160,#161,#162,#163,#164),.UNSPECIFIED.,.F.,.F.,(4,3,3,3,4),(0.,0.00023312,0.000466241,0.000699361,0.000932481),.UNSPECIFIED.);
#166=EDGE_CURVE('',#143,#151,#165,.T.);
#167=ORIENTED_EDGE('',*,*,#166,.T.);
#168=CARTESIAN_POINT('',(-29.333475986,-13.885951488,-0.863452227));
#169=VERTEX_POINT('',#168);
#170=CARTESIAN_POINT('',(-29.510137267,-13.425108471,-1.169438542));
#171=CARTESIAN_POINT('',(-29.459052869,-13.450573923,-1.080957769));
#172=CARTESIAN_POINT('',(-29.413816689,-13.510298197,-1.002606406));
#173=CARTESIAN_POINT('',(-29.382019457,-13.594143138,-0.947531986));
#174=CARTESIAN_POINT('',(-29.350222226,-13.677988079,-0.892457567));
#175=CARTESIAN_POINT('',(-29.333475819,-13.780705113,-0.863451938));
#176=CARTESIAN_POINT('',(-29.333475986,-13.885951488,-0.863452227));
#177=B_SPLINE_CURVE_WITH_KNOTS('',3,(#170,#171,#172,#173,#174,#175,#176),.UNSPECIFIED.,.F.,.F.,(4,3,4),(0.,0.000311453,0.000622907),.UNSPECIFIED.);
#178=EDGE_CURVE('',#151,#169,#177,.T.);
#179=ORIENTED_EDGE('',*,*,#178,.T.);
#180=CARTESIAN_POINT('',(-29.333475986,-14.9,-0.863452227));
#181=VERTEX_POINT('',#180);
#182=CARTESIAN_POINT('',(-29.333475986,-13.885951488,-0.863452227));
#183=DIRECTION('',(-0.,-1.,-0.));
#184=VECTOR('',#183,1.014048512);
#185=LINE('',#182,#184);
#186=EDGE_CURVE('',#169,#181,#185,.T.);
#187=ORIENTED_EDGE('',*,*,#186,.T.);
#188=CARTESIAN_POINT('',(-31.059049448,-18.351146923,-3.852233135));
#189=VERTEX_POINT('',#188);
#190=CARTESIAN_POINT('',(-31.059049448,-14.9,-3.852233135));
#191=DIRECTION('',(0.866025404,-0.,-0.5));
#192=DIRECTION('',(0.5,0.,0.866025404));
#193=AXIS2_PLACEMENT_3D('',#190,#191,#192);
#194=CIRCLE('',#193,3.451146923);
#195=EDGE_CURVE('',#181,#189,#194,.T.);
#196=ORIENTED_EDGE('',*,*,#195,.T.);
#197=CARTESIAN_POINT('',(-35.523907036,-18.351146923,-11.585593324));
#198=VERTEX_POINT('',#197);
#199=CARTESIAN_POINT('',(-31.059049448,-18.351146923,-3.852233135));
#200=CARTESIAN_POINT('',(-32.547335311,-18.351146923,-6.430019865));
#201=CARTESIAN_POINT('',(-34.035621173,-18.351146923,-9.007806595));
#202=CARTESIAN_POINT('',(-35.523907036,-18.351146923,-11.585593324));
#203=B_SPLINE_CURVE_WITH_KNOTS('',3,(#199,#200,#201,#202),.UNSPECIFIED.,.F.,.F.,(4,4),(0.008985734,0.017915449),.UNSPECIFIED.);
#204=EDGE_CURVE('',#189,#198,#203,.T.);
#205=ORIENTED_EDGE('',*,*,#204,.T.);
#206=CARTESIAN_POINT('',(-37.249480498,-14.9,-14.574374231));
#207=VERTEX_POINT('',#206);
#208=CARTESIAN_POINT('',(-35.523907036,-14.9,-11.585593324));
#209=DIRECTION('',(0.866025404,-0.,-0.5));
#210=DIRECTION('',(0.5,0.,0.866025404));
#211=AXIS2_PLACEMENT_3D('',#208,#209,#210);
#212=CIRCLE('',#211,3.451146923);
#213=EDGE_CURVE('',#198,#207,#212,.T.);
#214=ORIENTED_EDGE('',*,*,#213,.T.);
#215=CARTESIAN_POINT('',(-37.249480498,14.9,-14.574374231));
#216=VERTEX_POINT('',#215);
#217=CARTESIAN_POINT('',(-37.249480498,-14.9,-14.574374231));
#218=DIRECTION('',(-0.,1.,-0.));
#219=VECTOR('',#218,29.8);
#220=LINE('',#217,#219);
#221=EDGE_CURVE('',#207,#216,#220,.T.);
#222=ORIENTED_EDGE('',*,*,#221,.T.);
#223=CARTESIAN_POINT('',(-35.523907036,18.351146923,-11.585593324));
#224=VERTEX_POINT('',#223);
#225=CARTESIAN_POINT('',(-35.523907036,14.9,-11.585593324));
#226=DIRECTION('',(0.866025404,-0.,-0.5));
#227=DIRECTION('',(0.5,0.,0.866025404));
#228=AXIS2_PLACEMENT_3D('',#225,#226,#227);
#229=CIRCLE('',#228,3.451146923);
#230=EDGE_CURVE('',#216,#224,#229,.T.);
#231=ORIENTED_EDGE('',*,*,#230,.T.);
#232=CARTESIAN_POINT('',(-31.059049448,18.351146923,-3.852233135));
#233=VERTEX_POINT('',#232);
#234=CARTESIAN_POINT('',(-35.523907036,18.351146923,-11.585593324));
#235=CARTESIAN_POINT('',(-34.035621173,18.351146923,-9.007806595));
#236=CARTESIAN_POINT('',(-32.547335311,18.351146923,-6.430019865));
#237=CARTESIAN_POINT('',(-31.059049448,18.351146923,-3.852233135));
#238=B_SPLINE_CURVE_WITH_KNOTS('',3,(#234,#235,#236,#237),.UNSPECIFIED.,.F.,.F.,(4,4),(0.008985734,0.017915449),.UNSPECIFIED.);
#239=EDGE_CURVE('',#224,#233,#238,.T.);
#240=ORIENTED_EDGE('',*,*,#239,.T.);
#241=CARTESIAN_POINT('',(-31.059049448,14.9,-3.852233135));
#242=DIRECTION('',(0.866025404,-0.,-0.5));
#243=DIRECTION('',(0.5,0.,0.866025404));
#244=AXIS2_PLACEMENT_3D('',#241,#242,#243);
#245=CIRCLE('',#244,3.451146923);
#246=EDGE_CURVE('',#233,#103,#245,.T.);
#247=ORIENTED_EDGE('',*,*,#246,.T.);
#248=EDGE_LOOP('',(#111,#123,#141,#149,#167,#179,#187,#196,#205,#214,#222,#231,#240,#247));
#249=FACE_BOUND('',#248,.T.);
#250=CARTESIAN_POINT('',(-36.824480499,14.9,-13.83825264));
#251=VERTEX_POINT('',#250);
#252=CARTESIAN_POINT('',(-36.521743101,16.568309948,-13.313896085));
#253=VERTEX_POINT('',#252);
#254=CARTESIAN_POINT('',(-35.523907037,14.9,-11.585593326));
#255=DIRECTION('',(0.866025404,0.,-0.5));
#256=DIRECTION('',(-0.5,0.,-0.866025404));
#257=AXIS2_PLACEMENT_3D('',#254,#255,#256);
#258=CIRCLE('',#257,2.601146923);
#259=EDGE_CURVE('',#251,#253,#258,.T.);
#260=ORIENTED_EDGE('',*,*,#259,.F.);
#261=CARTESIAN_POINT('',(-36.824480498,-14.9,-13.838252638));
#262=VERTEX_POINT('',#261);
#263=CARTESIAN_POINT('',(-36.824480498,-14.9,-13.838252638));
#264=DIRECTION('',(-0.,1.,-0.));
#265=VECTOR('',#264,29.8);
#266=LINE('',#263,#265);
#267=EDGE_CURVE('',#262,#251,#266,.T.);
#268=ORIENTED_EDGE('',*,*,#267,.F.);
#269=CARTESIAN_POINT('',(-35.523907036,-17.501146923,-11.585593324));
#270=VERTEX_POINT('',#269);
#271=CARTESIAN_POINT('',(-35.523907036,-14.9,-11.585593324));
#272=DIRECTION('',(0.866025404,0.,-0.5));
#273=DIRECTION('',(-0.5,0.,-0.866025404));
#274=AXIS2_PLACEMENT_3D('',#271,#272,#273);
#275=CIRCLE('',#274,2.601146923);
#276=EDGE_CURVE('',#270,#262,#275,.T.);
#277=ORIENTED_EDGE('',*,*,#276,.F.);
#278=CARTESIAN_POINT('',(-31.059049448,-17.501146923,-3.852233135));
#279=VERTEX_POINT('',#278);
#280=CARTESIAN_POINT('',(-31.059049448,-17.501146923,-3.852233135));
#281=DIRECTION('',(-0.5,0.,-0.866025404));
#282=VECTOR('',#281,8.929715175);
#283=LINE('',#280,#282);
#284=EDGE_CURVE('',#279,#270,#283,.T.);
#285=ORIENTED_EDGE('',*,*,#284,.F.);
#286=CARTESIAN_POINT('',(-29.758475986,-14.9,-1.59957382));
#287=VERTEX_POINT('',#286);
#288=CARTESIAN_POINT('',(-31.059049448,-14.9,-3.852233135));
#289=DIRECTION('',(0.866025404,0.,-0.5));
#290=DIRECTION('',(-0.5,0.,-0.866025404));
#291=AXIS2_PLACEMENT_3D('',#288,#289,#290);
#292=CIRCLE('',#291,2.601146923);
#293=EDGE_CURVE('',#287,#279,#292,.T.);
#294=ORIENTED_EDGE('',*,*,#293,.F.);
#295=CARTESIAN_POINT('',(-29.758475986,-14.592,-1.59957382));
#296=VERTEX_POINT('',#295);
#297=CARTESIAN_POINT('',(-29.758475986,-14.592,-1.59957382));
#298=DIRECTION('',(0.,-1.,0.));
#299=VECTOR('',#298,0.308);
#300=LINE('',#297,#299);
#301=EDGE_CURVE('',#296,#287,#300,.T.);
#302=ORIENTED_EDGE('',*,*,#301,.F.);
#303=CARTESIAN_POINT('',(-29.933475986,-14.242,-1.902682712));
#304=VERTEX_POINT('',#303);
#305=CARTESIAN_POINT('',(-29.933475986,-14.592,-1.902682712));
#306=DIRECTION('',(0.866025404,0.,-0.5));
#307=DIRECTION('',(-0.5,0.,-0.866025404));
#308=AXIS2_PLACEMENT_3D('',#305,#306,#307);
#309=CIRCLE('',#308,0.35);
#310=EDGE_CURVE('',#304,#296,#309,.T.);
#311=ORIENTED_EDGE('',*,*,#310,.F.);
#312=CARTESIAN_POINT('',(-35.987478243,-14.242,-12.388522206));
#313=VERTEX_POINT('',#312);
#314=CARTESIAN_POINT('',(-35.987478243,-14.242,-12.388522206));
#315=DIRECTION('',(0.5,0.,0.866025404));
#316=VECTOR('',#315,12.108004511);
#317=LINE('',#314,#316);
#318=EDGE_CURVE('',#313,#304,#317,.T.);
#319=ORIENTED_EDGE('',*,*,#318,.F.);
#320=CARTESIAN_POINT('',(-36.212478243,-13.792,-12.778233638));
#321=VERTEX_POINT('',#320);
#322=CARTESIAN_POINT('',(-35.987478242,-13.792,-12.388522206));
#323=DIRECTION('',(0.866025404,0.,-0.5));
#324=DIRECTION('',(-0.5,0.,-0.866025404));
#325=AXIS2_PLACEMENT_3D('',#322,#323,#324);
#326=CIRCLE('',#325,0.45);
#327=EDGE_CURVE('',#313,#321,#326,.T.);
#328=ORIENTED_EDGE('',*,*,#327,.T.);
#329=CARTESIAN_POINT('',(-36.212478243,16.343828786,-12.778233638));
#330=VERTEX_POINT('',#329);
#331=CARTESIAN_POINT('',(-36.212478243,16.343828786,-12.778233638));
#332=DIRECTION('',(0.,-1.,0.));
#333=VECTOR('',#332,30.135828786);
#334=LINE('',#331,#333);
#335=EDGE_CURVE('',#330,#321,#334,.T.);
#336=ORIENTED_EDGE('',*,*,#335,.F.);
#337=CARTESIAN_POINT('',(-36.387478243,16.343828786,-13.081342529));
#338=DIRECTION('',(0.866025404,0.,-0.5));
#339=DIRECTION('',(-0.5,0.,-0.866025404));
#340=AXIS2_PLACEMENT_3D('',#337,#338,#339);
#341=CIRCLE('',#340,0.35);
#342=EDGE_CURVE('',#253,#330,#341,.T.);
#343=ORIENTED_EDGE('',*,*,#342,.F.);
#344=EDGE_LOOP('',(#260,#268,#277,#285,#294,#302,#311,#319,#328,#336,#343));
#345=FACE_BOUND('',#344,.T.);
#346=ADVANCED_FACE('',(#101,#249,#345),#31,.F.);
#347=CARTESIAN_POINT('',(-16.752341454,0.,22.310234776));
#348=DIRECTION('',(-0.866025404,0.,0.5));
#349=DIRECTION('',(-0.5,0.,-0.866025404));
#350=AXIS2_PLACEMENT_3D('',#347,#348,#349);
#351=PLANE('',#350);
#352=CARTESIAN_POINT('',(-33.936128164,-11.792,-7.452956873));
#353=VERTEX_POINT('',#352);
#354=CARTESIAN_POINT('',(-35.586128164,-8.492,-10.310840705));
#355=VERTEX_POINT('',#354);
#356=CARTESIAN_POINT('',(-33.936128164,-8.492,-7.452956873));
#357=DIRECTION('',(0.866025404,-0.,-0.5));
#358=DIRECTION('',(0.5,0.,0.866025404));
#359=AXIS2_PLACEMENT_3D('',#356,#357,#358);
#360=CIRCLE('',#359,3.3);
#361=EDGE_CURVE('',#353,#355,#360,.T.);
#362=ORIENTED_EDGE('',*,*,#361,.T.);
#363=CARTESIAN_POINT('',(-35.586128164,8.492,-10.310840705));
#364=VERTEX_POINT('',#363);
#365=CARTESIAN_POINT('',(-35.586128164,-8.492,-10.310840705));
#366=DIRECTION('',(-0.,1.,-0.));
#367=VECTOR('',#366,16.984);
#368=LINE('',#365,#367);
#369=EDGE_CURVE('',#355,#364,#368,.T.);
#370=ORIENTED_EDGE('',*,*,#369,.T.);
#371=CARTESIAN_POINT('',(-33.936128164,11.792,-7.452956873));
#372=VERTEX_POINT('',#371);
#373=CARTESIAN_POINT('',(-33.936128164,8.492,-7.452956873));
#374=DIRECTION('',(0.866025404,-0.,-0.5));
#375=DIRECTION('',(0.5,0.,0.866025404));
#376=AXIS2_PLACEMENT_3D('',#373,#374,#375);
#377=CIRCLE('',#376,3.3);
#378=EDGE_CURVE('',#364,#372,#377,.T.);
#379=ORIENTED_EDGE('',*,*,#378,.T.);
#380=CARTESIAN_POINT('',(-33.844128164,11.792,-7.293608199));
#381=VERTEX_POINT('',#380);
#382=CARTESIAN_POINT('',(-33.936128164,11.792,-7.452956873));
#383=DIRECTION('',(0.5,0.,0.866025404));
#384=VECTOR('',#383,0.184);
#385=LINE('',#382,#384);
#386=EDGE_CURVE('',#372,#381,#385,.T.);
#387=ORIENTED_EDGE('',*,*,#386,.T.);
#388=CARTESIAN_POINT('',(-32.194128164,8.492,-4.435724366));
#389=VERTEX_POINT('',#388);
#390=CARTESIAN_POINT('',(-33.844128164,8.492,-7.293608199));
#391=DIRECTION('',(0.866025404,-0.,-0.5));
#392=DIRECTION('',(0.5,0.,0.866025404));
#393=AXIS2_PLACEMENT_3D('',#390,#391,#392);
#394=CIRCLE('',#393,3.3);
#395=EDGE_CURVE('',#381,#389,#394,.T.);
#396=ORIENTED_EDGE('',*,*,#395,.T.);
#397=CARTESIAN_POINT('',(-32.194128164,-8.492,-4.435724366));
#398=VERTEX_POINT('',#397);
#399=CARTESIAN_POINT('',(-32.194128164,8.492,-4.435724366));
#400=DIRECTION('',(-0.,-1.,-0.));
#401=VECTOR('',#400,16.984);
#402=LINE('',#399,#401);
#403=EDGE_CURVE('',#389,#398,#402,.T.);
#404=ORIENTED_EDGE('',*,*,#403,.T.);
#405=CARTESIAN_POINT('',(-33.844128164,-11.792,-7.293608199));
#406=VERTEX_POINT('',#405);
#407=CARTESIAN_POINT('',(-33.844128164,-8.492,-7.293608199));
#408=DIRECTION('',(0.866025404,-0.,-0.5));
#409=DIRECTION('',(0.5,0.,0.866025404));
#410=AXIS2_PLACEMENT_3D('',#407,#408,#409);
#411=CIRCLE('',#410,3.3);
#412=EDGE_CURVE('',#398,#406,#411,.T.);
#413=ORIENTED_EDGE('',*,*,#412,.T.);
#414=CARTESIAN_POINT('',(-33.844128164,-11.792,-7.293608199));
#415=DIRECTION('',(-0.5,-0.,-0.866025404));
#416=VECTOR('',#415,0.184);
#417=LINE('',#414,#416);
#418=EDGE_CURVE('',#406,#353,#417,.T.);
#419=ORIENTED_EDGE('',*,*,#418,.T.);
#420=EDGE_LOOP('',(#362,#370,#379,#387,#396,#404,#413,#419));
#421=FACE_BOUND('',#420,.T.);
#422=CARTESIAN_POINT('',(-33.844128164,-12.092,-7.293608199));
#423=VERTEX_POINT('',#422);
#424=CARTESIAN_POINT('',(-32.044128164,-8.492,-4.175916745));
#425=VERTEX_POINT('',#424);
#426=CARTESIAN_POINT('',(-33.844128164,-8.492,-7.293608199));
#427=DIRECTION('',(-0.866025404,0.,0.5));
#428=DIRECTION('',(0.5,0.,0.866025404));
#429=AXIS2_PLACEMENT_3D('',#426,#427,#428);
#430=CIRCLE('',#429,3.6);
#431=EDGE_CURVE('',#423,#425,#430,.T.);
#432=ORIENTED_EDGE('',*,*,#431,.T.);
#433=CARTESIAN_POINT('',(-32.044128164,8.492,-4.175916745));
#434=VERTEX_POINT('',#433);
#435=CARTESIAN_POINT('',(-32.044128164,-8.492,-4.175916745));
#436=DIRECTION('',(0.,1.,0.));
#437=VECTOR('',#436,16.984);
#438=LINE('',#435,#437);
#439=EDGE_CURVE('',#425,#434,#438,.T.);
#440=ORIENTED_EDGE('',*,*,#439,.T.);
#441=CARTESIAN_POINT('',(-33.844128164,12.092,-7.293608199));
#442=VERTEX_POINT('',#441);
#443=CARTESIAN_POINT('',(-33.844128164,8.492,-7.293608199));
#444=DIRECTION('',(-0.866025404,0.,0.5));
#445=DIRECTION('',(0.5,0.,0.866025404));
#446=AXIS2_PLACEMENT_3D('',#443,#444,#445);
#447=CIRCLE('',#446,3.6);
#448=EDGE_CURVE('',#434,#442,#447,.T.);
#449=ORIENTED_EDGE('',*,*,#448,.T.);
#450=CARTESIAN_POINT('',(-33.936128164,12.092,-7.452956873));
#451=VERTEX_POINT('',#450);
#452=CARTESIAN_POINT('',(-33.844128164,12.092,-7.293608199));
#453=DIRECTION('',(-0.5,-0.,-0.866025404));
#454=VECTOR('',#453,0.184);
#455=LINE('',#452,#454);
#456=EDGE_CURVE('',#442,#451,#455,.T.);
#457=ORIENTED_EDGE('',*,*,#456,.T.);
#458=CARTESIAN_POINT('',(-35.736128164,8.492,-10.570648326));
#459=VERTEX_POINT('',#458);
#460=CARTESIAN_POINT('',(-33.936128164,8.492,-7.452956873));
#461=DIRECTION('',(-0.866025404,0.,0.5));
#462=DIRECTION('',(0.5,0.,0.866025404));
#463=AXIS2_PLACEMENT_3D('',#460,#461,#462);
#464=CIRCLE('',#463,3.6);
#465=EDGE_CURVE('',#451,#459,#464,.T.);
#466=ORIENTED_EDGE('',*,*,#465,.T.);
#467=CARTESIAN_POINT('',(-35.736128164,-8.492,-10.570648326));
#468=VERTEX_POINT('',#467);
#469=CARTESIAN_POINT('',(-35.736128164,8.492,-10.570648326));
#470=DIRECTION('',(-0.,-1.,-0.));
#471=VECTOR('',#470,16.984);
#472=LINE('',#469,#471);
#473=EDGE_CURVE('',#459,#468,#472,.T.);
#474=ORIENTED_EDGE('',*,*,#473,.T.);
#475=CARTESIAN_POINT('',(-33.936128164,-12.092,-7.452956873));
#476=VERTEX_POINT('',#475);
#477=CARTESIAN_POINT('',(-33.936128164,-8.492,-7.452956873));
#478=DIRECTION('',(-0.866025404,0.,0.5));
#479=DIRECTION('',(0.5,0.,0.866025404));
#480=AXIS2_PLACEMENT_3D('',#477,#478,#479);
#481=CIRCLE('',#480,3.6);
#482=EDGE_CURVE('',#468,#476,#481,.T.);
#483=ORIENTED_EDGE('',*,*,#482,.T.);
#484=CARTESIAN_POINT('',(-33.936128164,-12.092,-7.452956873));
#485=DIRECTION('',(0.5,-0.,0.866025404));
#486=VECTOR('',#485,0.184);
#487=LINE('',#484,#486);
#488=EDGE_CURVE('',#476,#423,#487,.T.);
#489=ORIENTED_EDGE('',*,*,#488,.T.);
#490=EDGE_LOOP('',(#432,#440,#449,#457,#466,#474,#483,#489));
#491=FACE_BOUND('',#490,.T.);
#492=ADVANCED_FACE('',(#421,#491),#351,.T.);
#493=CARTESIAN_POINT('',(-29.541673967,-3.604,-1.841538931));
#494=DIRECTION('',(0.,1.,0.));
#495=DIRECTION('',(-0.5,0.,-0.866025404));
#496=AXIS2_PLACEMENT_3D('',#493,#494,#495);
#497=CYLINDRICAL_SURFACE('',#496,1.);
#498=CARTESIAN_POINT('',(-29.599132961,-13.913911295,-0.843191064));
#499=VERTEX_POINT('',#498);
#500=CARTESIAN_POINT('',(-29.991086952,-13.913911295,-0.948214819));
#501=VERTEX_POINT('',#500);
#502=CARTESIAN_POINT('',(-29.599128819,-13.913934831,-0.843190826));
#503=CARTESIAN_POINT('',(-29.73403483,-13.922208502,-0.850954656));
#504=CARTESIAN_POINT('',(-29.869649427,-13.922241343,-0.887121954));
#505=CARTESIAN_POINT('',(-29.9910878,-13.913917631,-0.948215246));
#506=B_SPLINE_CURVE_WITH_KNOTS('',3,(#502,#503,#504,#505),.UNSPECIFIED.,.F.,.F.,(4,4),(0.002944679,0.003147821),.UNSPECIFIED.);
#507=EDGE_CURVE('',#499,#501,#506,.T.);
#508=ORIENTED_EDGE('',*,*,#507,.T.);
#509=CARTESIAN_POINT('',(-30.407699371,-13.819861832,-1.341538931));
#510=VERTEX_POINT('',#509);
#511=CARTESIAN_POINT('',(-29.991087377,-13.913912373,-0.948215033));
#512=CARTESIAN_POINT('',(-30.082624414,-13.907638105,-0.994265488));
#513=CARTESIAN_POINT('',(-30.163723485,-13.896853522,-1.052411545));
#514=CARTESIAN_POINT('',(-30.234614652,-13.88091809,-1.120544336));
#515=CARTESIAN_POINT('',(-30.305505819,-13.864982657,-1.188677127));
#516=CARTESIAN_POINT('',(-30.362398621,-13.84472283,-1.263075732));
#517=CARTESIAN_POINT('',(-30.407699371,-13.819861832,-1.341538931));
#518=B_SPLINE_CURVE_WITH_KNOTS('',3,(#511,#512,#513,#514,#515,#516,#517),.UNSPECIFIED.,.F.,.F.,(4,3,4),(-0.,0.000153058,0.000306117),.UNSPECIFIED.);
#519=EDGE_CURVE('',#501,#510,#518,.T.);
#520=ORIENTED_EDGE('',*,*,#519,.T.);
#521=CARTESIAN_POINT('',(-30.407699371,-14.9,-1.341538931));
#522=VERTEX_POINT('',#521);
#523=CARTESIAN_POINT('',(-30.407699371,-14.9,-1.341538931));
#524=DIRECTION('',(0.,1.,0.));
#525=VECTOR('',#524,1.080138168);
#526=LINE('',#523,#525);
#527=EDGE_CURVE('',#522,#510,#526,.T.);
#528=ORIENTED_EDGE('',*,*,#527,.F.);
#529=CARTESIAN_POINT('',(-29.541673967,-14.9,-1.841538931));
#530=DIRECTION('',(0.,1.,0.));
#531=DIRECTION('',(-0.866025404,0.,0.5));
#532=AXIS2_PLACEMENT_3D('',#529,#530,#531);
#533=CIRCLE('',#532,1.);
#534=EDGE_CURVE('',#522,#181,#533,.T.);
#535=ORIENTED_EDGE('',*,*,#534,.T.);
#536=ORIENTED_EDGE('',*,*,#186,.F.);
#537=CARTESIAN_POINT('',(-29.333475091,-13.885952932,-0.863452418));
#538=CARTESIAN_POINT('',(-29.419267395,-13.899139038,-0.845190371));
#539=CARTESIAN_POINT('',(-29.509022863,-13.908402824,-0.838005395));
#540=CARTESIAN_POINT('',(-29.599127059,-13.913928836,-0.843190725));
#541=B_SPLINE_CURVE_WITH_KNOTS('',3,(#537,#538,#539,#540),.UNSPECIFIED.,.F.,.F.,(4,4),(0.002839537,0.002975017),.UNSPECIFIED.);
#542=EDGE_CURVE('',#169,#499,#541,.T.);
#543=ORIENTED_EDGE('',*,*,#542,.T.);
#544=EDGE_LOOP('',(#508,#520,#528,#535,#536,#543));
#545=FACE_BOUND('',#544,.T.);
#546=ADVANCED_FACE('',(#545),#497,.T.);
#547=CARTESIAN_POINT('',(-16.752341454,0.,22.310234776));
#548=DIRECTION('',(-0.866025404,0.,0.5));
#549=DIRECTION('',(-0.5,0.,-0.866025404));
#550=AXIS2_PLACEMENT_3D('',#547,#548,#549);
#551=PLANE('',#550);
#552=CARTESIAN_POINT('',(-36.836128164,-8.492,-12.475904215));
#553=VERTEX_POINT('',#552);
#554=CARTESIAN_POINT('',(-36.836128164,8.492,-12.475904215));
#555=VERTEX_POINT('',#554);
#556=CARTESIAN_POINT('',(-36.836128164,-8.492,-12.475904215));
#557=DIRECTION('',(-0.,1.,-0.));
#558=VECTOR('',#557,16.984);
#559=LINE('',#556,#558);
#560=EDGE_CURVE('',#553,#555,#559,.T.);
#561=ORIENTED_EDGE('',*,*,#560,.T.);
#562=CARTESIAN_POINT('',(-33.936128164,14.292,-7.452956873));
#563=VERTEX_POINT('',#562);
#564=CARTESIAN_POINT('',(-33.936128164,8.492,-7.452956873));
#565=DIRECTION('',(0.866025404,-0.,-0.5));
#566=DIRECTION('',(0.5,0.,0.866025404));
#567=AXIS2_PLACEMENT_3D('',#564,#565,#566);
#568=CIRCLE('',#567,5.8);
#569=EDGE_CURVE('',#555,#563,#568,.T.);
#570=ORIENTED_EDGE('',*,*,#569,.T.);
#571=CARTESIAN_POINT('',(-33.844128164,14.292,-7.293608199));
#572=VERTEX_POINT('',#571);
#573=CARTESIAN_POINT('',(-33.936128164,14.292,-7.452956873));
#574=DIRECTION('',(0.5,-0.,0.866025404));
#575=VECTOR('',#574,0.184);
#576=LINE('',#573,#575);
#577=EDGE_CURVE('',#563,#572,#576,.T.);
#578=ORIENTED_EDGE('',*,*,#577,.T.);
#579=CARTESIAN_POINT('',(-30.944128164,8.492,-2.270660857));
#580=VERTEX_POINT('',#579);
#581=CARTESIAN_POINT('',(-33.844128164,8.492,-7.293608199));
#582=DIRECTION('',(0.866025404,-0.,-0.5));
#583=DIRECTION('',(0.5,0.,0.866025404));
#584=AXIS2_PLACEMENT_3D('',#581,#582,#583);
#585=CIRCLE('',#584,5.8);
#586=EDGE_CURVE('',#572,#580,#585,.T.);
#587=ORIENTED_EDGE('',*,*,#586,.T.);
#588=CARTESIAN_POINT('',(-30.944128164,-8.492,-2.270660857));
#589=VERTEX_POINT('',#588);
#590=CARTESIAN_POINT('',(-30.944128164,8.492,-2.270660857));
#591=DIRECTION('',(-0.,-1.,-0.));
#592=VECTOR('',#591,16.984);
#593=LINE('',#590,#592);
#594=EDGE_CURVE('',#580,#589,#593,.T.);
#595=ORIENTED_EDGE('',*,*,#594,.T.);
#596=CARTESIAN_POINT('',(-33.844128164,-14.292,-7.293608199));
#597=VERTEX_POINT('',#596);
#598=CARTESIAN_POINT('',(-33.844128164,-8.492,-7.293608199));
#599=DIRECTION('',(0.866025404,-0.,-0.5));
#600=DIRECTION('',(0.5,0.,0.866025404));
#601=AXIS2_PLACEMENT_3D('',#598,#599,#600);
#602=CIRCLE('',#601,5.8);
#603=EDGE_CURVE('',#589,#597,#602,.T.);
#604=ORIENTED_EDGE('',*,*,#603,.T.);
#605=CARTESIAN_POINT('',(-33.936128164,-14.292,-7.452956873));
#606=VERTEX_POINT('',#605);
#607=CARTESIAN_POINT('',(-33.844128164,-14.292,-7.293608199));
#608=DIRECTION('',(-0.5,-0.,-0.866025404));
#609=VECTOR('',#608,0.184);
#610=LINE('',#607,#609);
#611=EDGE_CURVE('',#597,#606,#610,.T.);
#612=ORIENTED_EDGE('',*,*,#611,.T.);
#613=CARTESIAN_POINT('',(-33.936128164,-8.492,-7.452956873));
#614=DIRECTION('',(0.866025404,-0.,-0.5));
#615=DIRECTION('',(0.5,0.,0.866025404));
#616=AXIS2_PLACEMENT_3D('',#613,#614,#615);
#617=CIRCLE('',#616,5.8);
#618=EDGE_CURVE('',#606,#553,#617,.T.);
#619=ORIENTED_EDGE('',*,*,#618,.T.);
#620=EDGE_LOOP('',(#561,#570,#578,#587,#595,#604,#612,#619));
#621=FACE_BOUND('',#620,.T.);
#622=CARTESIAN_POINT('',(-30.882699371,-14.9,-2.164263065));
#623=VERTEX_POINT('',#622);
#624=CARTESIAN_POINT('',(-31.657699371,-14.9,-3.506602441));
#625=DIRECTION('',(0.866025404,-0.,-0.5));
#626=DIRECTION('',(0.5,0.,0.866025404));
#627=AXIS2_PLACEMENT_3D('',#624,#625,#626);
#628=CIRCLE('',#627,1.55);
#629=EDGE_CURVE('',#623,#623,#628,.T.);
#630=ORIENTED_EDGE('',*,*,#629,.T.);
#631=EDGE_LOOP('',(#630));
#632=FACE_BOUND('',#631,.T.);
#633=CARTESIAN_POINT('',(-35.347556958,-14.9,-9.897623255));
#634=VERTEX_POINT('',#633);
#635=CARTESIAN_POINT('',(-36.122556958,-14.9,-11.239962631));
#636=DIRECTION('',(0.866025404,-0.,-0.5));
#637=DIRECTION('',(0.5,0.,0.866025404));
#638=AXIS2_PLACEMENT_3D('',#635,#636,#637);
#639=CIRCLE('',#638,1.55);
#640=EDGE_CURVE('',#634,#634,#639,.T.);
#641=ORIENTED_EDGE('',*,*,#640,.T.);
#642=EDGE_LOOP('',(#641));
#643=FACE_BOUND('',#642,.T.);
#644=CARTESIAN_POINT('',(-35.347556958,14.9,-9.897623255));
#645=VERTEX_POINT('',#644);
#646=CARTESIAN_POINT('',(-36.122556958,14.9,-11.239962631));
#647=DIRECTION('',(0.866025404,-0.,-0.5));
#648=DIRECTION('',(0.5,0.,0.866025404));
#649=AXIS2_PLACEMENT_3D('',#646,#647,#648);
#650=CIRCLE('',#649,1.55);
#651=EDGE_CURVE('',#645,#645,#650,.T.);
#652=ORIENTED_EDGE('',*,*,#651,.T.);
#653=EDGE_LOOP('',(#652));
#654=FACE_BOUND('',#653,.T.);
#655=CARTESIAN_POINT('',(-30.882699371,14.9,-2.164263065));
#656=VERTEX_POINT('',#655);
#657=CARTESIAN_POINT('',(-31.657699371,14.9,-3.506602441));
#658=DIRECTION('',(0.866025404,-0.,-0.5));
#659=DIRECTION('',(0.5,0.,0.866025404));
#660=AXIS2_PLACEMENT_3D('',#657,#658,#659);
#661=CIRCLE('',#660,1.55);
#662=EDGE_CURVE('',#656,#656,#661,.T.);
#663=ORIENTED_EDGE('',*,*,#662,.T.);
#664=EDGE_LOOP('',(#663));
#665=FACE_BOUND('',#664,.T.);
#666=CARTESIAN_POINT('',(-30.720103211,-12.78,-1.882638255));
#667=VERTEX_POINT('',#666);
#668=CARTESIAN_POINT('',(-30.720103211,12.78,-1.882638255));
#669=VERTEX_POINT('',#668);
#670=CARTESIAN_POINT('',(-30.720103211,-12.78,-1.882638255));
#671=DIRECTION('',(0.,1.,0.));
#672=VECTOR('',#671,25.56);
#673=LINE('',#670,#672);
#674=EDGE_CURVE('',#667,#669,#673,.T.);
#675=ORIENTED_EDGE('',*,*,#674,.T.);
#676=CARTESIAN_POINT('',(-30.407699371,13.819861832,-1.341538931));
#677=VERTEX_POINT('',#676);
#678=CARTESIAN_POINT('',(-30.720103211,12.78,-1.882638255));
#679=CARTESIAN_POINT('',(-30.720103211,12.887280493,-1.882638255));
#680=CARTESIAN_POINT('',(-30.712839711,12.991774318,-1.870057504));
#681=CARTESIAN_POINT('',(-30.698636146,13.093605563,-1.845456208));
#682=CARTESIAN_POINT('',(-30.684432581,13.195436808,-1.820854912));
#683=CARTESIAN_POINT('',(-30.662893595,13.294964171,-1.783548294));
#684=CARTESIAN_POINT('',(-30.635578647,13.385366672,-1.736237416));
#685=CARTESIAN_POINT('',(-30.608263699,13.475769172,-1.688926538));
#686=CARTESIAN_POINT('',(-30.574374054,13.559920067,-1.630227953));
#687=CARTESIAN_POINT('',(-30.535913565,13.633001064,-1.563612431));
#688=CARTESIAN_POINT('',(-30.497453075,13.70608206,-1.496996909));
#689=CARTESIAN_POINT('',(-30.454684244,13.768291345,-1.422919119));
#690=CARTESIAN_POINT('',(-30.407699371,13.819861832,-1.341538931));
#691=B_SPLINE_CURVE_WITH_KNOTS('',3,(#678,#679,#680,#681,#682,#683,#684,#685,#686,#687,#688,#689,#690),.UNSPECIFIED.,.F.,.F.,(4,3,3,3,4),(-0.,0.000317029,0.000634059,0.000951088,0.001268118),.UNSPECIFIED.);
#692=EDGE_CURVE('',#669,#677,#691,.T.);
#693=ORIENTED_EDGE('',*,*,#692,.T.);
#694=CARTESIAN_POINT('',(-30.407699371,14.9,-1.341538931));
#695=VERTEX_POINT('',#694);
#696=CARTESIAN_POINT('',(-30.407699371,13.819861832,-1.341538931));
#697=DIRECTION('',(0.,1.,0.));
#698=VECTOR('',#697,1.080138168);
#699=LINE('',#696,#698);
#700=EDGE_CURVE('',#677,#695,#699,.T.);
#701=ORIENTED_EDGE('',*,*,#700,.T.);
#702=CARTESIAN_POINT('',(-31.657699371,17.4,-3.506602441));
#703=VERTEX_POINT('',#702);
#704=CARTESIAN_POINT('',(-31.657699371,14.9,-3.506602441));
#705=DIRECTION('',(-0.866025404,0.,0.5));
#706=DIRECTION('',(0.5,0.,0.866025404));
#707=AXIS2_PLACEMENT_3D('',#704,#705,#706);
#708=CIRCLE('',#707,2.5);
#709=EDGE_CURVE('',#695,#703,#708,.T.);
#710=ORIENTED_EDGE('',*,*,#709,.T.);
#711=CARTESIAN_POINT('',(-36.122556958,17.4,-11.239962631));
#712=VERTEX_POINT('',#711);
#713=CARTESIAN_POINT('',(-31.657699371,17.4,-3.506602441));
#714=DIRECTION('',(-0.5,0.,-0.866025404));
#715=VECTOR('',#714,8.929715175);
#716=LINE('',#713,#715);
#717=EDGE_CURVE('',#703,#712,#716,.T.);
#718=ORIENTED_EDGE('',*,*,#717,.T.);
#719=CARTESIAN_POINT('',(-37.372556958,14.9,-13.40502614));
#720=VERTEX_POINT('',#719);
#721=CARTESIAN_POINT('',(-36.122556958,14.9,-11.239962631));
#722=DIRECTION('',(-0.866025404,0.,0.5));
#723=DIRECTION('',(0.5,0.,0.866025404));
#724=AXIS2_PLACEMENT_3D('',#721,#722,#723);
#725=CIRCLE('',#724,2.5);
#726=EDGE_CURVE('',#712,#720,#725,.T.);
#727=ORIENTED_EDGE('',*,*,#726,.T.);
#728=CARTESIAN_POINT('',(-37.372556958,-14.9,-13.40502614));
#729=VERTEX_POINT('',#728);
#730=CARTESIAN_POINT('',(-37.372556958,14.9,-13.40502614));
#731=DIRECTION('',(0.,-1.,0.));
#732=VECTOR('',#731,29.8);
#733=LINE('',#730,#732);
#734=EDGE_CURVE('',#720,#729,#733,.T.);
#735=ORIENTED_EDGE('',*,*,#734,.T.);
#736=CARTESIAN_POINT('',(-36.122556958,-17.4,-11.239962631));
#737=VERTEX_POINT('',#736);
#738=CARTESIAN_POINT('',(-36.122556958,-14.9,-11.239962631));
#739=DIRECTION('',(-0.866025404,0.,0.5));
#740=DIRECTION('',(0.5,0.,0.866025404));
#741=AXIS2_PLACEMENT_3D('',#738,#739,#740);
#742=CIRCLE('',#741,2.5);
#743=EDGE_CURVE('',#729,#737,#742,.T.);
#744=ORIENTED_EDGE('',*,*,#743,.T.);
#745=CARTESIAN_POINT('',(-31.657699371,-17.4,-3.506602441));
#746=VERTEX_POINT('',#745);
#747=CARTESIAN_POINT('',(-36.122556958,-17.4,-11.239962631));
#748=DIRECTION('',(0.5,-0.,0.866025404));
#749=VECTOR('',#748,8.929715175);
#750=LINE('',#747,#749);
#751=EDGE_CURVE('',#737,#746,#750,.T.);
#752=ORIENTED_EDGE('',*,*,#751,.T.);
#753=CARTESIAN_POINT('',(-31.657699371,-14.9,-3.506602441));
#754=DIRECTION('',(-0.866025404,0.,0.5));
#755=DIRECTION('',(0.5,0.,0.866025404));
#756=AXIS2_PLACEMENT_3D('',#753,#754,#755);
#757=CIRCLE('',#756,2.5);
#758=EDGE_CURVE('',#746,#522,#757,.T.);
#759=ORIENTED_EDGE('',*,*,#758,.T.);
#760=ORIENTED_EDGE('',*,*,#527,.T.);
#761=CARTESIAN_POINT('',(-30.407699371,-13.819861832,-1.341538931));
#762=CARTESIAN_POINT('',(-30.454600066,-13.768383739,-1.422773319));
#763=CARTESIAN_POINT('',(-30.497856557,-13.705392699,-1.497695761));
#764=CARTESIAN_POINT('',(-30.536128106,-13.632600531,-1.563984028));
#765=CARTESIAN_POINT('',(-30.574399655,-13.559808362,-1.630272296));
#766=CARTESIAN_POINT('',(-30.608340732,-13.475550608,-1.689059963));
#767=CARTESIAN_POINT('',(-30.635645686,-13.385134274,-1.736353531));
#768=CARTESIAN_POINT('',(-30.66295064,-13.294717939,-1.783647098));
#769=CARTESIAN_POINT('',(-30.684335075,-13.196032498,-1.820686026));
#770=CARTESIAN_POINT('',(-30.698600179,-13.093843497,-1.845393912));
#771=CARTESIAN_POINT('',(-30.712865284,-12.991654496,-1.870101797));
#772=CARTESIAN_POINT('',(-30.720103211,-12.887064004,-1.882638255));
#773=CARTESIAN_POINT('',(-30.720103211,-12.78,-1.882638255));
#774=B_SPLINE_CURVE_WITH_KNOTS('',3,(#761,#762,#763,#764,#765,#766,#767,#768,#769,#770,#771,#772,#773),.UNSPECIFIED.,.F.,.F.,(4,3,3,3,4),(-0.,0.000316603,0.000633207,0.00094981,0.001266413),.UNSPECIFIED.);
#775=EDGE_CURVE('',#510,#667,#774,.T.);
#776=ORIENTED_EDGE('',*,*,#775,.T.);
#777=EDGE_LOOP('',(#675,#693,#701,#710,#718,#727,#735,#744,#752,#759,#760,#776));
#778=FACE_BOUND('',#777,.T.);
#779=ADVANCED_FACE('',(#621,#632,#643,#654,#665,#778),#551,.T.);
#780=CARTESIAN_POINT('',(-15.88631605,17.4,21.810234776));
#781=DIRECTION('',(-0.5,0.,-0.866025404));
#782=DIRECTION('',(-0.866025404,0.,0.5));
#783=AXIS2_PLACEMENT_3D('',#780,#781,#782);
#784=CYLINDRICAL_SURFACE('',#783,1.);
#785=ORIENTED_EDGE('',*,*,#239,.F.);
#786=CARTESIAN_POINT('',(-35.256531554,17.4,-11.739962631));
#787=DIRECTION('',(0.5,0.,0.866025404));
#788=DIRECTION('',(0.866025404,0.,-0.5));
#789=AXIS2_PLACEMENT_3D('',#786,#787,#788);
#790=CIRCLE('',#789,1.);
#791=EDGE_CURVE('',#224,#712,#790,.T.);
#792=ORIENTED_EDGE('',*,*,#791,.T.);
#793=ORIENTED_EDGE('',*,*,#717,.F.);
#794=CARTESIAN_POINT('',(-30.791673967,17.4,-4.006602441));
#795=DIRECTION('',(-0.5,0.,-0.866025404));
#796=DIRECTION('',(-0.866025404,0.,0.5));
#797=AXIS2_PLACEMENT_3D('',#794,#795,#796);
#798=CIRCLE('',#797,1.);
#799=EDGE_CURVE('',#703,#233,#798,.T.);
#800=ORIENTED_EDGE('',*,*,#799,.T.);
#801=EDGE_LOOP('',(#785,#792,#793,#800));
#802=FACE_BOUND('',#801,.T.);
#803=ADVANCED_FACE('',(#802),#784,.T.);
#804=CARTESIAN_POINT('',(-35.256531554,14.9,-11.739962631));
#805=DIRECTION('',(-0.866025404,0.,0.5));
#806=DIRECTION('',(0.5,0.,0.866025404));
#807=AXIS2_PLACEMENT_3D('',#804,#805,#806);
#808=TOROIDAL_SURFACE('',#807,2.5,1.);
#809=ORIENTED_EDGE('',*,*,#230,.F.);
#810=CARTESIAN_POINT('',(-36.506531554,14.9,-13.90502614));
#811=DIRECTION('',(0.,1.,0.));
#812=DIRECTION('',(-0.866025404,0.,0.5));
#813=AXIS2_PLACEMENT_3D('',#810,#811,#812);
#814=CIRCLE('',#813,1.);
#815=EDGE_CURVE('',#216,#720,#814,.T.);
#816=ORIENTED_EDGE('',*,*,#815,.T.);
#817=ORIENTED_EDGE('',*,*,#726,.F.);
#818=ORIENTED_EDGE('',*,*,#791,.F.);
#819=EDGE_LOOP('',(#809,#816,#817,#818));
#820=FACE_BOUND('',#819,.T.);
#821=ADVANCED_FACE('',(#820),#808,.T.);
#822=CARTESIAN_POINT('',(-30.791673967,14.9,-4.006602441));
#823=DIRECTION('',(-0.866025404,0.,0.5));
#824=DIRECTION('',(0.5,0.,0.866025404));
#825=AXIS2_PLACEMENT_3D('',#822,#823,#824);
#826=TOROIDAL_SURFACE('',#825,2.5,1.);
#827=ORIENTED_EDGE('',*,*,#246,.F.);
#828=ORIENTED_EDGE('',*,*,#799,.F.);
#829=ORIENTED_EDGE('',*,*,#709,.F.);
#830=CARTESIAN_POINT('',(-29.541673967,14.9,-1.841538931));
#831=DIRECTION('',(0.,1.,0.));
#832=DIRECTION('',(-0.866025404,0.,0.5));
#833=AXIS2_PLACEMENT_3D('',#830,#831,#832);
#834=CIRCLE('',#833,1.);
#835=EDGE_CURVE('',#695,#103,#834,.T.);
#836=ORIENTED_EDGE('',*,*,#835,.T.);
#837=EDGE_LOOP('',(#827,#828,#829,#836));
#838=FACE_BOUND('',#837,.T.);
#839=ADVANCED_FACE('',(#838),#826,.T.);
#840=CARTESIAN_POINT('',(-36.506531554,0.,-13.90502614));
#841=DIRECTION('',(0.,-1.,0.));
#842=DIRECTION('',(0.866025404,0.,-0.5));
#843=AXIS2_PLACEMENT_3D('',#840,#841,#842);
#844=CYLINDRICAL_SURFACE('',#843,1.);
#845=ORIENTED_EDGE('',*,*,#221,.F.);
#846=CARTESIAN_POINT('',(-36.506531554,-14.9,-13.90502614));
#847=DIRECTION('',(0.,1.,0.));
#848=DIRECTION('',(-0.866025404,0.,0.5));
#849=AXIS2_PLACEMENT_3D('',#846,#847,#848);
#850=CIRCLE('',#849,1.);
#851=EDGE_CURVE('',#207,#729,#850,.T.);
#852=ORIENTED_EDGE('',*,*,#851,.T.);
#853=ORIENTED_EDGE('',*,*,#734,.F.);
#854=ORIENTED_EDGE('',*,*,#815,.F.);
#855=EDGE_LOOP('',(#845,#852,#853,#854));
#856=FACE_BOUND('',#855,.T.);
#857=ADVANCED_FACE('',(#856),#844,.T.);
#858=CARTESIAN_POINT('',(-29.541673967,-3.604,-1.841538931));
#859=DIRECTION('',(0.,1.,0.));
#860=DIRECTION('',(-0.5,0.,-0.866025404));
#861=AXIS2_PLACEMENT_3D('',#858,#859,#860);
#862=CYLINDRICAL_SURFACE('',#861,1.);
#863=CARTESIAN_POINT('',(-30.118380018,13.901308477,-1.0245872));
#864=VERTEX_POINT('',#863);
#865=CARTESIAN_POINT('',(-29.599132961,13.913911295,-0.843191064));
#866=VERTEX_POINT('',#865);
#867=CARTESIAN_POINT('',(-30.118393165,13.90133898,-1.024596483));
#868=CARTESIAN_POINT('',(-30.044357267,13.911221968,-0.972330235));
#869=CARTESIAN_POINT('',(-29.960402744,13.917219358,-0.928647349));
#870=CARTESIAN_POINT('',(-29.872351033,13.919291706,-0.897794963));
#871=CARTESIAN_POINT('',(-29.784299322,13.921364055,-0.866942577));
#872=CARTESIAN_POINT('',(-29.691357774,13.919591513,-0.848498453));
#873=CARTESIAN_POINT('',(-29.599128819,13.913934831,-0.843190826));
#874=B_SPLINE_CURVE_WITH_KNOTS('',3,(#867,#868,#869,#870,#871,#872,#873),.UNSPECIFIED.,.F.,.F.,(4,3,4),(0.002870064,0.003008942,0.003147821),.UNSPECIFIED.);
#875=EDGE_CURVE('',#864,#866,#874,.T.);
#876=ORIENTED_EDGE('',*,*,#875,.T.);
#877=CARTESIAN_POINT('',(-29.599127007,13.913929033,-0.843190722));
#878=CARTESIAN_POINT('',(-29.509029973,13.908403464,-0.838005809));
#879=CARTESIAN_POINT('',(-29.419266677,13.89913892,-0.845190525));
#880=CARTESIAN_POINT('',(-29.333475098,13.885952925,-0.863452416));
#881=B_SPLINE_CURVE_WITH_KNOTS('',3,(#877,#878,#879,#880),.UNSPECIFIED.,.F.,.F.,(4,4),(0.002838779,0.002974249),.UNSPECIFIED.);
#882=EDGE_CURVE('',#866,#105,#881,.T.);
#883=ORIENTED_EDGE('',*,*,#882,.T.);
#884=ORIENTED_EDGE('',*,*,#110,.F.);
#885=ORIENTED_EDGE('',*,*,#835,.F.);
#886=ORIENTED_EDGE('',*,*,#700,.F.);
#887=CARTESIAN_POINT('',(-30.407699371,13.819861832,-1.341538931));
#888=CARTESIAN_POINT('',(-30.37353621,13.838610534,-1.282366601));
#889=CARTESIAN_POINT('',(-30.332718926,13.854742769,-1.225531002));
#890=CARTESIAN_POINT('',(-30.284346396,13.8683898,-1.171884048));
#891=CARTESIAN_POINT('',(-30.235973866,13.882036832,-1.118237094));
#892=CARTESIAN_POINT('',(-30.179758824,13.893148156,-1.067917235));
#893=CARTESIAN_POINT('',(-30.118391074,13.901339188,-1.024595007));
#894=B_SPLINE_CURVE_WITH_KNOTS('',3,(#887,#888,#889,#890,#891,#892,#893),.UNSPECIFIED.,.F.,.F.,(4,3,4),(0.000074997,0.000190323,0.000305649),.UNSPECIFIED.);
#895=EDGE_CURVE('',#677,#864,#894,.T.);
#896=ORIENTED_EDGE('',*,*,#895,.T.);
#897=EDGE_LOOP('',(#876,#883,#884,#885,#886,#896));
#898=FACE_BOUND('',#897,.T.);
#899=ADVANCED_FACE('',(#898),#862,.T.);
#900=CARTESIAN_POINT('',(-35.256531554,-14.9,-11.739962631));
#901=DIRECTION('',(-0.866025404,0.,0.5));
#902=DIRECTION('',(0.5,0.,0.866025404));
#903=AXIS2_PLACEMENT_3D('',#900,#901,#902);
#904=TOROIDAL_SURFACE('',#903,2.5,1.);
#905=ORIENTED_EDGE('',*,*,#213,.F.);
#906=CARTESIAN_POINT('',(-35.256531554,-17.4,-11.739962631));
#907=DIRECTION('',(-0.5,0.,-0.866025404));
#908=DIRECTION('',(-0.866025404,0.,0.5));
#909=AXIS2_PLACEMENT_3D('',#906,#907,#908);
#910=CIRCLE('',#909,1.);
#911=EDGE_CURVE('',#198,#737,#910,.T.);
#912=ORIENTED_EDGE('',*,*,#911,.T.);
#913=ORIENTED_EDGE('',*,*,#743,.F.);
#914=ORIENTED_EDGE('',*,*,#851,.F.);
#915=EDGE_LOOP('',(#905,#912,#913,#914));
#916=FACE_BOUND('',#915,.T.);
#917=ADVANCED_FACE('',(#916),#904,.T.);
#918=CARTESIAN_POINT('',(-30.791673967,-14.9,-4.006602441));
#919=DIRECTION('',(-0.866025404,0.,0.5));
#920=DIRECTION('',(0.5,0.,0.866025404));
#921=AXIS2_PLACEMENT_3D('',#918,#919,#920);
#922=TOROIDAL_SURFACE('',#921,2.5,1.);
#923=ORIENTED_EDGE('',*,*,#195,.F.);
#924=ORIENTED_EDGE('',*,*,#534,.F.);
#925=ORIENTED_EDGE('',*,*,#758,.F.);
#926=CARTESIAN_POINT('',(-30.791673967,-17.4,-4.006602441));
#927=DIRECTION('',(0.5,0.,0.866025404));
#928=DIRECTION('',(0.866025404,0.,-0.5));
#929=AXIS2_PLACEMENT_3D('',#926,#927,#928);
#930=CIRCLE('',#929,1.);
#931=EDGE_CURVE('',#746,#189,#930,.T.);
#932=ORIENTED_EDGE('',*,*,#931,.T.);
#933=EDGE_LOOP('',(#923,#924,#925,#932));
#934=FACE_BOUND('',#933,.T.);
#935=ADVANCED_FACE('',(#934),#922,.T.);
#936=CARTESIAN_POINT('',(-33.024102761,-17.4,-7.873282536));
#937=DIRECTION('',(0.5,0.,0.866025404));
#938=DIRECTION('',(0.866025404,0.,-0.5));
#939=AXIS2_PLACEMENT_3D('',#936,#937,#938);
#940=CYLINDRICAL_SURFACE('',#939,1.);
#941=ORIENTED_EDGE('',*,*,#204,.F.);
#942=ORIENTED_EDGE('',*,*,#931,.F.);
#943=ORIENTED_EDGE('',*,*,#751,.F.);
#944=ORIENTED_EDGE('',*,*,#911,.F.);
#945=EDGE_LOOP('',(#941,#942,#943,#944));
#946=FACE_BOUND('',#945,.T.);
#947=ADVANCED_FACE('',(#946),#940,.T.);
#948=CARTESIAN_POINT('',(-33.891860216,-11.192,-7.372282535));
#949=DIRECTION('',(0.,1.,0.));
#950=DIRECTION('',(-0.866025404,0.,0.5));
#951=AXIS2_PLACEMENT_3D('',#948,#949,#950);
#952=PLANE('',#951);
#953=CARTESIAN_POINT('',(-33.416512922,-11.192,-7.752956873));
#954=VERTEX_POINT('',#953);
#955=CARTESIAN_POINT('',(-33.337478242,-11.192,-7.798587567));
#956=DIRECTION('',(-0.866025404,-0.,0.5));
#957=VECTOR('',#956,0.091261388);
#958=LINE('',#955,#957);
#959=EDGE_CURVE('',#43,#954,#958,.T.);
#960=ORIENTED_EDGE('',*,*,#959,.T.);
#961=CARTESIAN_POINT('',(-33.324512922,-11.192,-7.593608199));
#962=VERTEX_POINT('',#961);
#963=CARTESIAN_POINT('',(-33.416512922,-11.192,-7.752956873));
#964=DIRECTION('',(0.5,0.,0.866025404));
#965=VECTOR('',#964,0.184);
#966=LINE('',#963,#965);
#967=EDGE_CURVE('',#954,#962,#966,.T.);
#968=ORIENTED_EDGE('',*,*,#967,.T.);
#969=CARTESIAN_POINT('',(-33.324512922,-11.192,-7.593608199));
#970=DIRECTION('',(0.866025404,0.,-0.5));
#971=VECTOR('',#970,0.091261388);
#972=LINE('',#969,#971);
#973=EDGE_CURVE('',#962,#52,#972,.T.);
#974=ORIENTED_EDGE('',*,*,#973,.T.);
#975=ORIENTED_EDGE('',*,*,#57,.F.);
#976=EDGE_LOOP('',(#960,#968,#974,#975));
#977=FACE_BOUND('',#976,.T.);
#978=ADVANCED_FACE('',(#977),#952,.T.);
#979=CARTESIAN_POINT('',(-32.495860215,0.,-4.954339608));
#980=DIRECTION('',(-0.5,0.,-0.866025404));
#981=DIRECTION('',(-0.866025404,0.,0.5));
#982=AXIS2_PLACEMENT_3D('',#979,#980,#981);
#983=PLANE('',#982);
#984=CARTESIAN_POINT('',(-31.974512922,-8.492,-5.255339608));
#985=VERTEX_POINT('',#984);
#986=CARTESIAN_POINT('',(-31.895478242,-8.492,-5.300970302));
#987=DIRECTION('',(-0.866025404,-0.,0.5));
#988=VECTOR('',#987,0.091261388);
#989=LINE('',#986,#988);
#990=EDGE_CURVE('',#60,#985,#989,.T.);
#991=ORIENTED_EDGE('',*,*,#990,.T.);
#992=CARTESIAN_POINT('',(-31.974512922,8.492,-5.255339608));
#993=VERTEX_POINT('',#992);
#994=CARTESIAN_POINT('',(-31.974512922,-8.492,-5.255339608));
#995=DIRECTION('',(0.,1.,0.));
#996=VECTOR('',#995,16.984);
#997=LINE('',#994,#996);
#998=EDGE_CURVE('',#985,#993,#997,.T.);
#999=ORIENTED_EDGE('',*,*,#998,.T.);
#1000=CARTESIAN_POINT('',(-31.974512922,8.492,-5.255339608));
#1001=DIRECTION('',(0.866025404,0.,-0.5));
#1002=VECTOR('',#1001,0.091261388);
#1003=LINE('',#1000,#1002);
#1004=EDGE_CURVE('',#993,#69,#1003,.T.);
#1005=ORIENTED_EDGE('',*,*,#1004,.T.);
#1006=ORIENTED_EDGE('',*,*,#74,.F.);
#1007=EDGE_LOOP('',(#991,#999,#1005,#1006));
#1008=FACE_BOUND('',#1007,.T.);
#1009=ADVANCED_FACE('',(#1008),#983,.T.);
#1010=CARTESIAN_POINT('',(-35.287860216,0.,-9.790225462));
#1011=DIRECTION('',(-0.5,-0.,-0.866025404));
#1012=DIRECTION('',(-0.866025404,-0.,0.5));
#1013=AXIS2_PLACEMENT_3D('',#1010,#1011,#1012);
#1014=PLANE('',#1013);
#1015=CARTESIAN_POINT('',(-34.766512922,8.492,-10.091225463));
#1016=VERTEX_POINT('',#1015);
#1017=CARTESIAN_POINT('',(-34.687478242,8.492,-10.136856157));
#1018=DIRECTION('',(-0.866025404,-0.,0.5));
#1019=VECTOR('',#1018,0.091261387);
#1020=LINE('',#1017,#1019);
#1021=EDGE_CURVE('',#35,#1016,#1020,.T.);
#1022=ORIENTED_EDGE('',*,*,#1021,.T.);
#1023=CARTESIAN_POINT('',(-34.766512922,-8.492,-10.091225463));
#1024=VERTEX_POINT('',#1023);
#1025=CARTESIAN_POINT('',(-34.766512922,8.492,-10.091225463));
#1026=DIRECTION('',(0.,-1.,0.));
#1027=VECTOR('',#1026,16.984);
#1028=LINE('',#1025,#1027);
#1029=EDGE_CURVE('',#1016,#1024,#1028,.T.);
#1030=ORIENTED_EDGE('',*,*,#1029,.T.);
#1031=CARTESIAN_POINT('',(-34.766512922,-8.492,-10.091225463));
#1032=DIRECTION('',(0.866025404,0.,-0.5));
#1033=VECTOR('',#1032,0.091261387);
#1034=LINE('',#1031,#1033);
#1035=EDGE_CURVE('',#1024,#33,#1034,.T.);
#1036=ORIENTED_EDGE('',*,*,#1035,.T.);
#1037=ORIENTED_EDGE('',*,*,#40,.T.);
#1038=EDGE_LOOP('',(#1022,#1030,#1036,#1037));
#1039=FACE_BOUND('',#1038,.T.);
#1040=ADVANCED_FACE('',(#1039),#1014,.F.);
#1041=CARTESIAN_POINT('',(-33.891860216,11.192,-7.372282535));
#1042=DIRECTION('',(0.,1.,0.));
#1043=DIRECTION('',(-0.866025404,0.,0.5));
#1044=AXIS2_PLACEMENT_3D('',#1041,#1042,#1043);
#1045=PLANE('',#1044);
#1046=CARTESIAN_POINT('',(-33.324512922,11.192,-7.593608199));
#1047=VERTEX_POINT('',#1046);
#1048=CARTESIAN_POINT('',(-33.245478242,11.192,-7.639238892));
#1049=DIRECTION('',(-0.866025404,-0.,0.5));
#1050=VECTOR('',#1049,0.091261388);
#1051=LINE('',#1048,#1050);
#1052=EDGE_CURVE('',#77,#1047,#1051,.T.);
#1053=ORIENTED_EDGE('',*,*,#1052,.T.);
#1054=CARTESIAN_POINT('',(-33.416512922,11.192,-7.752956873));
#1055=VERTEX_POINT('',#1054);
#1056=CARTESIAN_POINT('',(-33.324512922,11.192,-7.593608199));
#1057=DIRECTION('',(-0.5,-0.,-0.866025404));
#1058=VECTOR('',#1057,0.184);
#1059=LINE('',#1056,#1058);
#1060=EDGE_CURVE('',#1047,#1055,#1059,.T.);
#1061=ORIENTED_EDGE('',*,*,#1060,.T.);
#1062=CARTESIAN_POINT('',(-33.416512922,11.192,-7.752956873));
#1063=DIRECTION('',(0.866025404,0.,-0.5));
#1064=VECTOR('',#1063,0.091261387);
#1065=LINE('',#1062,#1064);
#1066=EDGE_CURVE('',#1055,#86,#1065,.T.);
#1067=ORIENTED_EDGE('',*,*,#1066,.T.);
#1068=ORIENTED_EDGE('',*,*,#91,.T.);
#1069=EDGE_LOOP('',(#1053,#1061,#1067,#1068));
#1070=FACE_BOUND('',#1069,.T.);
#1071=ADVANCED_FACE('',(#1070),#1045,.F.);
#1072=CARTESIAN_POINT('',(-33.937860216,8.492,-7.451956872));
#1073=DIRECTION('',(-0.866025404,0.,0.5));
#1074=DIRECTION('',(0.5,0.,0.866025404));
#1075=AXIS2_PLACEMENT_3D('',#1072,#1073,#1074);
#1076=CYLINDRICAL_SURFACE('',#1075,2.7);
#1077=ORIENTED_EDGE('',*,*,#1066,.F.);
#1078=CARTESIAN_POINT('',(-33.416512922,11.192,-7.752956873));
#1079=CARTESIAN_POINT('',(-33.505649546,11.192,-7.907346035));
#1080=CARTESIAN_POINT('',(-33.593297471,11.174517036,-8.059156694));
#1081=CARTESIAN_POINT('',(-33.679517592,11.140266258,-8.208494324));
#1082=CARTESIAN_POINT('',(-33.722627653,11.123140869,-8.283163139));
#1083=CARTESIAN_POINT('',(-33.765378111,11.101792389,-8.357209105));
#1084=CARTESIAN_POINT('',(-33.807760782,11.076124697,-8.430618045));
#1085=CARTESIAN_POINT('',(-33.850143453,11.050457005,-8.504026985));
#1086=CARTESIAN_POINT('',(-33.892275214,11.020324038,-8.577001334));
#1087=CARTESIAN_POINT('',(-33.933128839,10.986480302,-8.647761889));
#1088=CARTESIAN_POINT('',(-34.01483609,10.918792829,-8.789282999));
#1089=CARTESIAN_POINT('',(-34.092344052,10.835950634,-8.923530727));
#1090=CARTESIAN_POINT('',(-34.16569101,10.738091887,-9.050571386));
#1091=CARTESIAN_POINT('',(-34.239037969,10.640233141,-9.177612045));
#1092=CARTESIAN_POINT('',(-34.308502953,10.526307308,-9.297928927));
#1093=CARTESIAN_POINT('',(-34.370765748,10.401870723,-9.40577125));
#1094=CARTESIAN_POINT('',(-34.433028542,10.277434137,-9.513613574));
#1095=CARTESIAN_POINT('',(-34.488912352,10.141640419,-9.610407171));
#1096=CARTESIAN_POINT('',(-34.538266974,9.994222149,-9.695891885));
#1097=CARTESIAN_POINT('',(-34.587621597,9.846803879,-9.781376599));
#1098=CARTESIAN_POINT('',(-34.629591646,9.689760351,-9.854070856));
#1099=CARTESIAN_POINT('',(-34.663292107,9.527454806,-9.912441768));
#1100=CARTESIAN_POINT('',(-34.696992569,9.365149261,-9.970812679));
#1101=CARTESIAN_POINT('',(-34.722924929,9.195406521,-10.015728845));
#1102=CARTESIAN_POINT('',(-34.740347656,9.02100509,-10.045905893));
#1103=CARTESIAN_POINT('',(-34.757770383,8.84660366,-10.076082942));
#1104=CARTESIAN_POINT('',(-34.766512922,8.670273249,-10.091225463));
#1105=CARTESIAN_POINT('',(-34.766512922,8.492,-10.091225463));
#1106=B_SPLINE_CURVE_WITH_KNOTS('',3,(#1078,#1079,#1080,#1081,#1082,#1083,#1084,#1085,#1086,#1087,#1088,#1089,#1090,#1091,#1092,#1093,#1094,#1095,#1096,#1097,#1098,#1099,#1100,#1101,#1102,#1103,
#1104,#1105),.UNSPECIFIED.,.F.,.F.,(4,3,3,3,3,3,3,3,3,4),(0.,0.000527229,0.000790843,0.001054458,0.001581686,0.002108915,0.002636144,0.003163373,0.003690601,0.00421783),.UNSPECIFIED.);
#1107=EDGE_CURVE('',#1055,#1016,#1106,.T.);
#1108=ORIENTED_EDGE('',*,*,#1107,.T.);
#1109=ORIENTED_EDGE('',*,*,#1021,.F.);
#1110=ORIENTED_EDGE('',*,*,#98,.F.);
#1111=EDGE_LOOP('',(#1077,#1108,#1109,#1110));
#1112=FACE_BOUND('',#1111,.T.);
#1113=ADVANCED_FACE('',(#1112),#1076,.F.);
#1114=CARTESIAN_POINT('',(-33.937860216,-8.492,-7.451956872));
#1115=DIRECTION('',(0.866025404,-0.,-0.5));
#1116=DIRECTION('',(-0.5,0.,-0.866025404));
#1117=AXIS2_PLACEMENT_3D('',#1114,#1115,#1116);
#1118=CYLINDRICAL_SURFACE('',#1117,2.7);
#1119=ORIENTED_EDGE('',*,*,#1035,.F.);
#1120=CARTESIAN_POINT('',(-33.416512922,-8.492,-7.752956873));
#1121=DIRECTION('',(-0.866025404,0.,0.5));
#1122=DIRECTION('',(0.5,0.,0.866025404));
#1123=AXIS2_PLACEMENT_3D('',#1120,#1121,#1122);
#1124=CIRCLE('',#1123,2.7);
#1125=EDGE_CURVE('',#1024,#954,#1124,.T.);
#1126=ORIENTED_EDGE('',*,*,#1125,.T.);
#1127=ORIENTED_EDGE('',*,*,#959,.F.);
#1128=ORIENTED_EDGE('',*,*,#49,.F.);
#1129=EDGE_LOOP('',(#1119,#1126,#1127,#1128));
#1130=FACE_BOUND('',#1129,.T.);
#1131=ADVANCED_FACE('',(#1130),#1118,.F.);
#1132=CARTESIAN_POINT('',(-33.845860216,8.492,-7.292608198));
#1133=DIRECTION('',(0.866025404,0.,-0.5));
#1134=DIRECTION('',(-0.5,0.,-0.866025404));
#1135=AXIS2_PLACEMENT_3D('',#1132,#1133,#1134);
#1136=CYLINDRICAL_SURFACE('',#1135,2.7);
#1137=ORIENTED_EDGE('',*,*,#1004,.F.);
#1138=CARTESIAN_POINT('',(-33.324512922,8.492,-7.593608199));
#1139=DIRECTION('',(-0.866025404,0.,0.5));
#1140=DIRECTION('',(0.5,0.,0.866025404));
#1141=AXIS2_PLACEMENT_3D('',#1138,#1139,#1140);
#1142=CIRCLE('',#1141,2.7);
#1143=EDGE_CURVE('',#993,#1047,#1142,.T.);
#1144=ORIENTED_EDGE('',*,*,#1143,.T.);
#1145=ORIENTED_EDGE('',*,*,#1052,.F.);
#1146=ORIENTED_EDGE('',*,*,#83,.F.);
#1147=EDGE_LOOP('',(#1137,#1144,#1145,#1146));
#1148=FACE_BOUND('',#1147,.T.);
#1149=ADVANCED_FACE('',(#1148),#1136,.F.);
#1150=CARTESIAN_POINT('',(-33.845860216,-8.492,-7.292608198));
#1151=DIRECTION('',(-0.866025404,0.,0.5));
#1152=DIRECTION('',(0.5,0.,0.866025404));
#1153=AXIS2_PLACEMENT_3D('',#1150,#1151,#1152);
#1154=CYLINDRICAL_SURFACE('',#1153,2.7);
#1155=ORIENTED_EDGE('',*,*,#973,.F.);
#1156=CARTESIAN_POINT('',(-33.324512922,-11.192,-7.593608199));
#1157=CARTESIAN_POINT('',(-33.235376298,-11.192,-7.439219037));
#1158=CARTESIAN_POINT('',(-33.147728373,-11.174517036,-7.287408378));
#1159=CARTESIAN_POINT('',(-33.061508252,-11.140266258,-7.138070747));
#1160=CARTESIAN_POINT('',(-33.018398191,-11.123140869,-7.063401932));
#1161=CARTESIAN_POINT('',(-32.975647733,-11.101792389,-6.989355966));
#1162=CARTESIAN_POINT('',(-32.933265062,-11.076124697,-6.915947027));
#1163=CARTESIAN_POINT('',(-32.890882391,-11.050457005,-6.842538087));
#1164=CARTESIAN_POINT('',(-32.84875063,-11.020324038,-6.769563737));
#1165=CARTESIAN_POINT('',(-32.807897005,-10.986480302,-6.698803182));
#1166=CARTESIAN_POINT('',(-32.726189754,-10.918792829,-6.557282072));
#1167=CARTESIAN_POINT('',(-32.648681792,-10.835950634,-6.423034345));
#1168=CARTESIAN_POINT('',(-32.575334834,-10.738091887,-6.295993685));
#1169=CARTESIAN_POINT('',(-32.501987875,-10.640233141,-6.168953026));
#1170=CARTESIAN_POINT('',(-32.432522891,-10.526307308,-6.048636145));
#1171=CARTESIAN_POINT('',(-32.370260096,-10.401870723,-5.940793821));
#1172=CARTESIAN_POINT('',(-32.307997302,-10.277434137,-5.832951497));
#1173=CARTESIAN_POINT('',(-32.252113492,-10.141640419,-5.7361579));
#1174=CARTESIAN_POINT('',(-32.20275887,-9.994222149,-5.650673187));
#1175=CARTESIAN_POINT('',(-32.153404247,-9.846803879,-5.565188473));
#1176=CARTESIAN_POINT('',(-32.111434199,-9.689760351,-5.492494216));
#1177=CARTESIAN_POINT('',(-32.077733737,-9.527454806,-5.434123304));
#1178=CARTESIAN_POINT('',(-32.044033275,-9.365149261,-5.375752392));
#1179=CARTESIAN_POINT('',(-32.018100915,-9.195406521,-5.330836226));
#1180=CARTESIAN_POINT('',(-32.000678188,-9.02100509,-5.300659178));
#1181=CARTESIAN_POINT('',(-31.983255461,-8.84660366,-5.27048213));
#1182=CARTESIAN_POINT('',(-31.974512922,-8.670273249,-5.255339608));
#1183=CARTESIAN_POINT('',(-31.974512922,-8.492,-5.255339608));
#1184=B_SPLINE_CURVE_WITH_KNOTS('',3,(#1156,#1157,#1158,#1159,#1160,#1161,#1162,#1163,#1164,#1165,#1166,#1167,#1168,#1169,#1170,#1171,#1172,#1173,#1174,#1175,#1176,#1177,#1178,#1179,#1180,#1181,
#1182,#1183),.UNSPECIFIED.,.F.,.F.,(4,3,3,3,3,3,3,3,3,4),(0.,0.000527229,0.000790843,0.001054458,0.001581686,0.002108915,0.002636144,0.003163373,0.003690601,0.00421783),.UNSPECIFIED.);
#1185=EDGE_CURVE('',#962,#985,#1184,.T.);
#1186=ORIENTED_EDGE('',*,*,#1185,.T.);
#1187=ORIENTED_EDGE('',*,*,#990,.F.);
#1188=ORIENTED_EDGE('',*,*,#66,.F.);
#1189=EDGE_LOOP('',(#1155,#1186,#1187,#1188));
#1190=FACE_BOUND('',#1189,.T.);
#1191=ADVANCED_FACE('',(#1190),#1154,.F.);
#1192=CARTESIAN_POINT('',(-29.90769937,-13.502,-0.475513527));
#1193=DIRECTION('',(0.,1.,0.));
#1194=DIRECTION('',(-0.866025404,0.,0.5));
#1195=AXIS2_PLACEMENT_3D('',#1192,#1193,#1194);
#1196=CYLINDRICAL_SURFACE('',#1195,1.2);
#1197=CARTESIAN_POINT('',(-30.17550488,12.78,-1.645248629));
#1198=VERTEX_POINT('',#1197);
#1199=CARTESIAN_POINT('',(-29.90769937,12.78,-0.475513527));
#1200=DIRECTION('',(0.,1.,0.));
#1201=DIRECTION('',(-0.866025404,0.,0.5));
#1202=AXIS2_PLACEMENT_3D('',#1199,#1200,#1201);
#1203=CIRCLE('',#1202,1.2);
#1204=EDGE_CURVE('',#125,#1198,#1203,.T.);
#1205=ORIENTED_EDGE('',*,*,#1204,.T.);
#1206=CARTESIAN_POINT('',(-30.17550488,-12.78,-1.645248629));
#1207=VERTEX_POINT('',#1206);
#1208=CARTESIAN_POINT('',(-30.17550488,12.78,-1.645248629));
#1209=DIRECTION('',(-0.,-1.,-0.));
#1210=VECTOR('',#1209,25.56);
#1211=LINE('',#1208,#1210);
#1212=EDGE_CURVE('',#1198,#1207,#1211,.T.);
#1213=ORIENTED_EDGE('',*,*,#1212,.T.);
#1214=CARTESIAN_POINT('',(-29.90769937,-12.78,-0.475513527));
#1215=DIRECTION('',(0.,-1.,0.));
#1216=DIRECTION('',(0.866025404,0.,-0.5));
#1217=AXIS2_PLACEMENT_3D('',#1214,#1215,#1216);
#1218=CIRCLE('',#1217,1.2);
#1219=EDGE_CURVE('',#1207,#143,#1218,.T.);
#1220=ORIENTED_EDGE('',*,*,#1219,.T.);
#1221=ORIENTED_EDGE('',*,*,#148,.T.);
#1222=EDGE_LOOP('',(#1205,#1213,#1220,#1221));
#1223=FACE_BOUND('',#1222,.T.);
#1224=ADVANCED_FACE('',(#1223),#1196,.F.);
#1225=CARTESIAN_POINT('',(-29.90769937,12.78,-0.475513527));
#1226=DIRECTION('',(0.,1.,0.));
#1227=DIRECTION('',(-0.866025404,0.,0.5));
#1228=AXIS2_PLACEMENT_3D('',#1225,#1226,#1227);
#1229=DEGENERATE_TOROIDAL_SURFACE('',#1228,0.48,0.72,.T.);
#1230=ORIENTED_EDGE('',*,*,#140,.F.);
#1231=CARTESIAN_POINT('',(-29.637304235,13.449193551,-1.17042982));
#1232=VERTEX_POINT('',#1231);
#1233=CARTESIAN_POINT('',(-29.510137488,13.425108532,-1.169438527));
#1234=CARTESIAN_POINT('',(-29.548374345,13.436976687,-1.16374859));
#1235=CARTESIAN_POINT('',(-29.591794322,13.444960708,-1.164165213));
#1236=CARTESIAN_POINT('',(-29.637319235,13.449196093,-1.170428788));
#1237=B_SPLINE_CURVE_WITH_KNOTS('',3,(#1233,#1234,#1235,#1236),.UNSPECIFIED.,.F.,.F.,(4,4),(0.002798273,0.002974249),.UNSPECIFIED.);
#1238=EDGE_CURVE('',#113,#1232,#1237,.T.);
#1239=ORIENTED_EDGE('',*,*,#1238,.T.);
#1240=CARTESIAN_POINT('',(-29.845954971,13.441755822,-1.236702028));
#1241=VERTEX_POINT('',#1240);
#1242=CARTESIAN_POINT('',(-29.637317939,13.449195991,-1.17042856));
#1243=CARTESIAN_POINT('',(-29.709068699,13.455872309,-1.180300185));
#1244=CARTESIAN_POINT('',(-29.786309381,13.453426663,-1.204545853));
#1245=CARTESIAN_POINT('',(-29.845927564,13.441762733,-1.236683637));
#1246=B_SPLINE_CURVE_WITH_KNOTS('',3,(#1242,#1243,#1244,#1245),.UNSPECIFIED.,.F.,.F.,(4,4),(0.002870064,0.003147821),.UNSPECIFIED.);
#1247=EDGE_CURVE('',#1232,#1241,#1246,.T.);
#1248=ORIENTED_EDGE('',*,*,#1247,.T.);
#1249=CARTESIAN_POINT('',(-29.959019467,13.39368895,-1.330519366));
#1250=VERTEX_POINT('',#1249);
#1251=CARTESIAN_POINT('',(-29.845928359,13.44176193,-1.236685578));
#1252=CARTESIAN_POINT('',(-29.895345731,13.432095843,-1.263323664));
#1253=CARTESIAN_POINT('',(-29.933490763,13.415818566,-1.295920125));
#1254=CARTESIAN_POINT('',(-29.959019467,13.39368895,-1.330519366));
#1255=B_SPLINE_CURVE_WITH_KNOTS('',3,(#1251,#1252,#1253,#1254),.UNSPECIFIED.,.F.,.F.,(4,4),(0.000074997,0.000305649),.UNSPECIFIED.);
#1256=EDGE_CURVE('',#1241,#1250,#1255,.T.);
#1257=ORIENTED_EDGE('',*,*,#1256,.T.);
#1258=CARTESIAN_POINT('',(-29.959019467,13.39368895,-1.330519366));
#1259=CARTESIAN_POINT('',(-29.994129301,13.363253909,-1.378103984));
#1260=CARTESIAN_POINT('',(-30.024494964,13.32653798,-1.421138646));
#1261=CARTESIAN_POINT('',(-30.051288037,13.283409663,-1.45985666));
#1262=CARTESIAN_POINT('',(-30.07808111,13.240281347,-1.498574674));
#1263=CARTESIAN_POINT('',(-30.101053642,13.190617261,-1.532668474));
#1264=CARTESIAN_POINT('',(-30.119400349,13.137265414,-1.560155811));
#1265=CARTESIAN_POINT('',(-30.137747057,13.083913567,-1.587643148));
#1266=CARTESIAN_POINT('',(-30.152000149,13.025175783,-1.609328954));
#1267=CARTESIAN_POINT('',(-30.161373937,12.965078692,-1.623628842));
#1268=CARTESIAN_POINT('',(-30.170747726,12.904981601,-1.637928729));
#1269=CARTESIAN_POINT('',(-30.17550488,12.843313078,-1.645248629));
#1270=CARTESIAN_POINT('',(-30.17550488,12.78,-1.645248629));
#1271=B_SPLINE_CURVE_WITH_KNOTS('',3,(#1258,#1259,#1260,#1261,#1262,#1263,#1264,#1265,#1266,#1267,#1268,#1269,#1270),.UNSPECIFIED.,.F.,.F.,(4,3,3,3,4),(-0.,0.000317029,0.000634059,0.000951088,0.001268118),.UNSPECIFIED.);
#1272=EDGE_CURVE('',#1250,#1198,#1271,.T.);
#1273=ORIENTED_EDGE('',*,*,#1272,.T.);
#1274=ORIENTED_EDGE('',*,*,#1204,.F.);
#1275=EDGE_LOOP('',(#1230,#1239,#1248,#1257,#1273,#1274));
#1276=FACE_BOUND('',#1275,.T.);
#1277=ADVANCED_FACE('',(#1276),#1229,.F.);
#1278=CARTESIAN_POINT('',(-29.90769937,-12.78,-0.475513527));
#1279=DIRECTION('',(0.,-1.,0.));
#1280=DIRECTION('',(0.866025404,0.,-0.5));
#1281=AXIS2_PLACEMENT_3D('',#1278,#1279,#1280);
#1282=DEGENERATE_TOROIDAL_SURFACE('',#1281,0.48,0.72,.T.);
#1283=ORIENTED_EDGE('',*,*,#1219,.F.);
#1284=CARTESIAN_POINT('',(-29.959019467,-13.39368895,-1.330519366));
#1285=VERTEX_POINT('',#1284);
#1286=CARTESIAN_POINT('',(-30.17550488,-12.78,-1.645248629));
#1287=CARTESIAN_POINT('',(-30.17550488,-12.843185314,-1.645248629));
#1288=CARTESIAN_POINT('',(-30.170765287,-12.90491086,-1.637957439));
#1289=CARTESIAN_POINT('',(-30.161350847,-12.965219111,-1.623595677));
#1290=CARTESIAN_POINT('',(-30.151936407,-13.025527362,-1.609233914));
#1291=CARTESIAN_POINT('',(-30.1377865,-13.08376819,-1.587703532));
#1292=CARTESIAN_POINT('',(-30.119447036,-13.137128368,-1.560226481));
#1293=CARTESIAN_POINT('',(-30.101107573,-13.190488546,-1.532749431));
#1294=CARTESIAN_POINT('',(-30.078095333,-13.240215713,-1.498596406));
#1295=CARTESIAN_POINT('',(-30.051436201,-13.283173321,-1.46006851));
#1296=CARTESIAN_POINT('',(-30.024777069,-13.326130928,-1.421540615));
#1297=CARTESIAN_POINT('',(-29.994066398,-13.363308436,-1.378018731));
#1298=CARTESIAN_POINT('',(-29.959019467,-13.39368895,-1.330519366));
#1299=B_SPLINE_CURVE_WITH_KNOTS('',3,(#1286,#1287,#1288,#1289,#1290,#1291,#1292,#1293,#1294,#1295,#1296,#1297,#1298),.UNSPECIFIED.,.F.,.F.,(4,3,3,3,4),(-0.,0.000316603,0.000633207,0.00094981,0.001266413),.UNSPECIFIED.);
#1300=EDGE_CURVE('',#1207,#1285,#1299,.T.);
#1301=ORIENTED_EDGE('',*,*,#1300,.T.);
#1302=CARTESIAN_POINT('',(-29.794410281,-13.449193551,-1.212526258));
#1303=VERTEX_POINT('',#1302);
#1304=CARTESIAN_POINT('',(-29.959019467,-13.39368895,-1.330519366));
#1305=CARTESIAN_POINT('',(-29.925168108,-13.423033079,-1.284640369));
#1306=CARTESIAN_POINT('',(-29.86880629,-13.441788124,-1.242834887));
#1307=CARTESIAN_POINT('',(-29.794409426,-13.449193738,-1.212525651));
#1308=B_SPLINE_CURVE_WITH_KNOTS('',3,(#1304,#1305,#1306,#1307),.UNSPECIFIED.,.F.,.F.,(4,4),(-0.,0.000306117),.UNSPECIFIED.);
#1309=EDGE_CURVE('',#1285,#1303,#1308,.T.);
#1310=ORIENTED_EDGE('',*,*,#1309,.T.);
#1311=CARTESIAN_POINT('',(-29.637304235,-13.449193551,-1.17042982));
#1312=VERTEX_POINT('',#1311);
#1313=CARTESIAN_POINT('',(-29.794407523,-13.449194176,-1.212524242));
#1314=CARTESIAN_POINT('',(-29.745057855,-13.454106363,-1.19241919));
#1315=CARTESIAN_POINT('',(-29.689793965,-13.454078143,-1.177648517));
#1316=CARTESIAN_POINT('',(-29.637317939,-13.449195991,-1.17042856));
#1317=B_SPLINE_CURVE_WITH_KNOTS('',3,(#1313,#1314,#1315,#1316),.UNSPECIFIED.,.F.,.F.,(4,4),(0.002944679,0.003147821),.UNSPECIFIED.);
#1318=EDGE_CURVE('',#1303,#1312,#1317,.T.);
#1319=ORIENTED_EDGE('',*,*,#1318,.T.);
#1320=CARTESIAN_POINT('',(-29.637319089,-13.449196069,-1.170428796));
#1321=CARTESIAN_POINT('',(-29.591790103,-13.444960296,-1.164164659));
#1322=CARTESIAN_POINT('',(-29.548371119,-13.43697568,-1.163749073));
#1323=CARTESIAN_POINT('',(-29.510137529,-13.425108543,-1.169438524));
#1324=B_SPLINE_CURVE_WITH_KNOTS('',3,(#1320,#1321,#1322,#1323),.UNSPECIFIED.,.F.,.F.,(4,4),(0.002799026,0.002975017),.UNSPECIFIED.);
#1325=EDGE_CURVE('',#1312,#151,#1324,.T.);
#1326=ORIENTED_EDGE('',*,*,#1325,.T.);
#1327=ORIENTED_EDGE('',*,*,#166,.F.);
#1328=EDGE_LOOP('',(#1283,#1301,#1310,#1319,#1326,#1327));
#1329=FACE_BOUND('',#1328,.T.);
#1330=ADVANCED_FACE('',(#1329),#1282,.F.);
#1331=CARTESIAN_POINT('',(-16.492533832,0.,22.160234776));
#1332=DIRECTION('',(-0.866025404,0.,0.5));
#1333=DIRECTION('',(0.,-1.,0.));
#1334=AXIS2_PLACEMENT_3D('',#1331,#1332,#1333);
#1335=PLANE('',#1334);
#1336=CARTESIAN_POINT('',(-35.237749337,-14.9,-10.307430876));
#1337=VERTEX_POINT('',#1336);
#1338=CARTESIAN_POINT('',(-35.862749337,-14.9,-11.389962631));
#1339=DIRECTION('',(-0.866025404,0.,0.5));
#1340=DIRECTION('',(0.5,0.,0.866025404));
#1341=AXIS2_PLACEMENT_3D('',#1338,#1339,#1340);
#1342=CIRCLE('',#1341,1.25);
#1343=EDGE_CURVE('',#1337,#1337,#1342,.T.);
#1344=ORIENTED_EDGE('',*,*,#1343,.T.);
#1345=EDGE_LOOP('',(#1344));
#1346=FACE_BOUND('',#1345,.T.);
#1347=ADVANCED_FACE('',(#1346),#1335,.T.);
#1348=CARTESIAN_POINT('',(-16.492533832,0.,22.160234776));
#1349=DIRECTION('',(-0.866025404,0.,0.5));
#1350=DIRECTION('',(0.,-1.,0.));
#1351=AXIS2_PLACEMENT_3D('',#1348,#1349,#1350);
#1352=PLANE('',#1351);
#1353=CARTESIAN_POINT('',(-30.772891749,-14.9,-2.574070686));
#1354=VERTEX_POINT('',#1353);
#1355=CARTESIAN_POINT('',(-31.397891749,-14.9,-3.656602441));
#1356=DIRECTION('',(-0.866025404,0.,0.5));
#1357=DIRECTION('',(0.5,0.,0.866025404));
#1358=AXIS2_PLACEMENT_3D('',#1355,#1356,#1357);
#1359=CIRCLE('',#1358,1.25);
#1360=EDGE_CURVE('',#1354,#1354,#1359,.T.);
#1361=ORIENTED_EDGE('',*,*,#1360,.T.);
#1362=EDGE_LOOP('',(#1361));
#1363=FACE_BOUND('',#1362,.T.);
#1364=ADVANCED_FACE('',(#1363),#1352,.T.);
#1365=CARTESIAN_POINT('',(-16.492533832,0.,22.160234776));
#1366=DIRECTION('',(-0.866025404,0.,0.5));
#1367=DIRECTION('',(0.,-1.,0.));
#1368=AXIS2_PLACEMENT_3D('',#1365,#1366,#1367);
#1369=PLANE('',#1368);
#1370=CARTESIAN_POINT('',(-30.772891749,14.9,-2.574070686));
#1371=VERTEX_POINT('',#1370);
#1372=CARTESIAN_POINT('',(-31.397891749,14.9,-3.656602441));
#1373=DIRECTION('',(-0.866025404,0.,0.5));
#1374=DIRECTION('',(0.5,0.,0.866025404));
#1375=AXIS2_PLACEMENT_3D('',#1372,#1373,#1374);
#1376=CIRCLE('',#1375,1.25);
#1377=EDGE_CURVE('',#1371,#1371,#1376,.T.);
#1378=ORIENTED_EDGE('',*,*,#1377,.T.);
#1379=EDGE_LOOP('',(#1378));
#1380=FACE_BOUND('',#1379,.T.);
#1381=ADVANCED_FACE('',(#1380),#1369,.T.);
#1382=CARTESIAN_POINT('',(-16.492533832,0.,22.160234776));
#1383=DIRECTION('',(-0.866025404,0.,0.5));
#1384=DIRECTION('',(0.,-1.,0.));
#1385=AXIS2_PLACEMENT_3D('',#1382,#1383,#1384);
#1386=PLANE('',#1385);
#1387=CARTESIAN_POINT('',(-35.237749337,14.9,-10.307430876));
#1388=VERTEX_POINT('',#1387);
#1389=CARTESIAN_POINT('',(-35.862749337,14.9,-11.389962631));
#1390=DIRECTION('',(-0.866025404,0.,0.5));
#1391=DIRECTION('',(0.5,0.,0.866025404));
#1392=AXIS2_PLACEMENT_3D('',#1389,#1390,#1391);
#1393=CIRCLE('',#1392,1.25);
#1394=EDGE_CURVE('',#1388,#1388,#1393,.T.);
#1395=ORIENTED_EDGE('',*,*,#1394,.T.);
#1396=EDGE_LOOP('',(#1395));
#1397=FACE_BOUND('',#1396,.T.);
#1398=ADVANCED_FACE('',(#1397),#1386,.T.);
#1399=CARTESIAN_POINT('',(-31.397891749,-14.9,-3.656602441));
#1400=DIRECTION('',(-0.866025404,0.,0.5));
#1401=DIRECTION('',(0.5,0.,0.866025404));
#1402=AXIS2_PLACEMENT_3D('',#1399,#1400,#1401);
#1403=TOROIDAL_SURFACE('',#1402,1.55,0.3);
#1404=CARTESIAN_POINT('',(-30.622891749,-14.9,-2.314263065));
#1405=DIRECTION('',(-0.,1.,-0.));
#1406=DIRECTION('',(0.5,0.,0.866025404));
#1407=AXIS2_PLACEMENT_3D('',#1404,#1405,#1406);
#1408=CIRCLE('',#1407,0.3);
#1409=EDGE_CURVE('',#1354,#623,#1408,.T.);
#1410=ORIENTED_EDGE('',*,*,#1409,.T.);
#1411=ORIENTED_EDGE('',*,*,#629,.F.);
#1412=ORIENTED_EDGE('',*,*,#1409,.F.);
#1413=ORIENTED_EDGE('',*,*,#1360,.F.);
#1414=EDGE_LOOP('',(#1410,#1411,#1412,#1413));
#1415=FACE_BOUND('',#1414,.T.);
#1416=ADVANCED_FACE('',(#1415),#1403,.T.);
#1417=CARTESIAN_POINT('',(-35.862749337,-14.9,-11.389962631));
#1418=DIRECTION('',(-0.866025404,0.,0.5));
#1419=DIRECTION('',(0.5,0.,0.866025404));
#1420=AXIS2_PLACEMENT_3D('',#1417,#1418,#1419);
#1421=TOROIDAL_SURFACE('',#1420,1.55,0.3);
#1422=CARTESIAN_POINT('',(-35.087749337,-14.9,-10.047623255));
#1423=DIRECTION('',(-0.,1.,-0.));
#1424=DIRECTION('',(0.5,0.,0.866025404));
#1425=AXIS2_PLACEMENT_3D('',#1422,#1423,#1424);
#1426=CIRCLE('',#1425,0.3);
#1427=EDGE_CURVE('',#1337,#634,#1426,.T.);
#1428=ORIENTED_EDGE('',*,*,#1427,.T.);
#1429=ORIENTED_EDGE('',*,*,#640,.F.);
#1430=ORIENTED_EDGE('',*,*,#1427,.F.);
#1431=ORIENTED_EDGE('',*,*,#1343,.F.);
#1432=EDGE_LOOP('',(#1428,#1429,#1430,#1431));
#1433=FACE_BOUND('',#1432,.T.);
#1434=ADVANCED_FACE('',(#1433),#1421,.T.);
#1435=CARTESIAN_POINT('',(-35.862749337,14.9,-11.389962631));
#1436=DIRECTION('',(-0.866025404,0.,0.5));
#1437=DIRECTION('',(0.5,0.,0.866025404));
#1438=AXIS2_PLACEMENT_3D('',#1435,#1436,#1437);
#1439=TOROIDAL_SURFACE('',#1438,1.55,0.3);
#1440=CARTESIAN_POINT('',(-35.087749337,14.9,-10.047623255));
#1441=DIRECTION('',(-0.,1.,-0.));
#1442=DIRECTION('',(0.5,0.,0.866025404));
#1443=AXIS2_PLACEMENT_3D('',#1440,#1441,#1442);
#1444=CIRCLE('',#1443,0.3);
#1445=EDGE_CURVE('',#1388,#645,#1444,.T.);
#1446=ORIENTED_EDGE('',*,*,#1445,.T.);
#1447=ORIENTED_EDGE('',*,*,#651,.F.);
#1448=ORIENTED_EDGE('',*,*,#1445,.F.);
#1449=ORIENTED_EDGE('',*,*,#1394,.F.);
#1450=EDGE_LOOP('',(#1446,#1447,#1448,#1449));
#1451=FACE_BOUND('',#1450,.T.);
#1452=ADVANCED_FACE('',(#1451),#1439,.T.);
#1453=CARTESIAN_POINT('',(-31.397891749,14.9,-3.656602441));
#1454=DIRECTION('',(-0.866025404,0.,0.5));
#1455=DIRECTION('',(0.5,0.,0.866025404));
#1456=AXIS2_PLACEMENT_3D('',#1453,#1454,#1455);
#1457=TOROIDAL_SURFACE('',#1456,1.55,0.3);
#1458=CARTESIAN_POINT('',(-30.622891749,14.9,-2.314263065));
#1459=DIRECTION('',(-0.,1.,-0.));
#1460=DIRECTION('',(0.5,0.,0.866025404));
#1461=AXIS2_PLACEMENT_3D('',#1458,#1459,#1460);
#1462=CIRCLE('',#1461,0.3);
#1463=EDGE_CURVE('',#1371,#656,#1462,.T.);
#1464=ORIENTED_EDGE('',*,*,#1463,.T.);
#1465=ORIENTED_EDGE('',*,*,#662,.F.);
#1466=ORIENTED_EDGE('',*,*,#1463,.F.);
#1467=ORIENTED_EDGE('',*,*,#1377,.F.);
#1468=EDGE_LOOP('',(#1464,#1465,#1466,#1467));
#1469=FACE_BOUND('',#1468,.T.);
#1470=ADVANCED_FACE('',(#1469),#1457,.T.);
#1471=CARTESIAN_POINT('',(-16.492533832,0.,22.160234776));
#1472=DIRECTION('',(-0.866025404,0.,0.5));
#1473=DIRECTION('',(0.,-1.,0.));
#1474=AXIS2_PLACEMENT_3D('',#1471,#1472,#1473);
#1475=PLANE('',#1474);
#1476=CARTESIAN_POINT('',(-31.271973005,8.492,-3.438504777));
#1477=VERTEX_POINT('',#1476);
#1478=CARTESIAN_POINT('',(-31.271973005,-8.492,-3.438504777));
#1479=VERTEX_POINT('',#1478);
#1480=CARTESIAN_POINT('',(-31.271973005,8.492,-3.438504777));
#1481=DIRECTION('',(0.,-1.,0.));
#1482=VECTOR('',#1481,16.984);
#1483=LINE('',#1480,#1482);
#1484=EDGE_CURVE('',#1477,#1479,#1483,.T.);
#1485=ORIENTED_EDGE('',*,*,#1484,.T.);
#1486=CARTESIAN_POINT('',(-33.584320543,-13.116695077,-7.443608199));
#1487=VERTEX_POINT('',#1486);
#1488=CARTESIAN_POINT('',(-33.584320543,-8.492,-7.443608199));
#1489=DIRECTION('',(0.866025404,-0.,-0.5));
#1490=DIRECTION('',(0.5,0.,0.866025404));
#1491=AXIS2_PLACEMENT_3D('',#1488,#1489,#1490);
#1492=CIRCLE('',#1491,4.624695077);
#1493=EDGE_CURVE('',#1479,#1487,#1492,.T.);
#1494=ORIENTED_EDGE('',*,*,#1493,.T.);
#1495=CARTESIAN_POINT('',(-33.676320543,-13.116695077,-7.602956873));
#1496=VERTEX_POINT('',#1495);
#1497=CARTESIAN_POINT('',(-33.584320543,-13.116695077,-7.443608199));
#1498=DIRECTION('',(-0.5,0.,-0.866025404));
#1499=VECTOR('',#1498,0.184);
#1500=LINE('',#1497,#1499);
#1501=EDGE_CURVE('',#1487,#1496,#1500,.T.);
#1502=ORIENTED_EDGE('',*,*,#1501,.T.);
#1503=CARTESIAN_POINT('',(-35.988668081,-8.492,-11.608060294));
#1504=VERTEX_POINT('',#1503);
#1505=CARTESIAN_POINT('',(-33.676320543,-8.492,-7.602956873));
#1506=DIRECTION('',(0.866025404,-0.,-0.5));
#1507=DIRECTION('',(0.5,0.,0.866025404));
#1508=AXIS2_PLACEMENT_3D('',#1505,#1506,#1507);
#1509=CIRCLE('',#1508,4.624695077);
#1510=EDGE_CURVE('',#1496,#1504,#1509,.T.);
#1511=ORIENTED_EDGE('',*,*,#1510,.T.);
#1512=CARTESIAN_POINT('',(-35.988668081,8.492,-11.608060294));
#1513=VERTEX_POINT('',#1512);
#1514=CARTESIAN_POINT('',(-35.988668081,-8.492,-11.608060294));
#1515=DIRECTION('',(0.,1.,0.));
#1516=VECTOR('',#1515,16.984);
#1517=LINE('',#1514,#1516);
#1518=EDGE_CURVE('',#1504,#1513,#1517,.T.);
#1519=ORIENTED_EDGE('',*,*,#1518,.T.);
#1520=CARTESIAN_POINT('',(-33.676320543,13.116695077,-7.602956873));
#1521=VERTEX_POINT('',#1520);
#1522=CARTESIAN_POINT('',(-33.676320543,8.492,-7.602956873));
#1523=DIRECTION('',(0.866025404,-0.,-0.5));
#1524=DIRECTION('',(0.5,0.,0.866025404));
#1525=AXIS2_PLACEMENT_3D('',#1522,#1523,#1524);
#1526=CIRCLE('',#1525,4.624695077);
#1527=EDGE_CURVE('',#1513,#1521,#1526,.T.);
#1528=ORIENTED_EDGE('',*,*,#1527,.T.);
#1529=CARTESIAN_POINT('',(-33.584320543,13.116695077,-7.443608199));
#1530=VERTEX_POINT('',#1529);
#1531=CARTESIAN_POINT('',(-33.676320543,13.116695077,-7.602956873));
#1532=DIRECTION('',(0.5,0.,0.866025404));
#1533=VECTOR('',#1532,0.184);
#1534=LINE('',#1531,#1533);
#1535=EDGE_CURVE('',#1521,#1530,#1534,.T.);
#1536=ORIENTED_EDGE('',*,*,#1535,.T.);
#1537=CARTESIAN_POINT('',(-33.584320543,8.492,-7.443608199));
#1538=DIRECTION('',(0.866025404,-0.,-0.5));
#1539=DIRECTION('',(0.5,0.,0.866025404));
#1540=AXIS2_PLACEMENT_3D('',#1537,#1538,#1539);
#1541=CIRCLE('',#1540,4.624695077);
#1542=EDGE_CURVE('',#1530,#1477,#1541,.T.);
#1543=ORIENTED_EDGE('',*,*,#1542,.T.);
#1544=EDGE_LOOP('',(#1485,#1494,#1502,#1511,#1519,#1528,#1536,#1543));
#1545=FACE_BOUND('',#1544,.T.);
#1546=CARTESIAN_POINT('',(-36.063973005,8.492,-11.738492247));
#1547=VERTEX_POINT('',#1546);
#1548=CARTESIAN_POINT('',(-36.063973005,-8.492,-11.738492247));
#1549=VERTEX_POINT('',#1548);
#1550=CARTESIAN_POINT('',(-36.063973005,8.492,-11.738492247));
#1551=DIRECTION('',(0.,-1.,0.));
#1552=VECTOR('',#1551,16.984);
#1553=LINE('',#1550,#1552);
#1554=EDGE_CURVE('',#1547,#1549,#1553,.T.);
#1555=ORIENTED_EDGE('',*,*,#1554,.T.);
#1556=CARTESIAN_POINT('',(-33.676320543,-13.267304923,-7.602956873));
#1557=VERTEX_POINT('',#1556);
#1558=CARTESIAN_POINT('',(-33.676320543,-8.492,-7.602956873));
#1559=DIRECTION('',(-0.866025404,0.,0.5));
#1560=DIRECTION('',(0.5,0.,0.866025404));
#1561=AXIS2_PLACEMENT_3D('',#1558,#1559,#1560);
#1562=CIRCLE('',#1561,4.775304923);
#1563=EDGE_CURVE('',#1549,#1557,#1562,.T.);
#1564=ORIENTED_EDGE('',*,*,#1563,.T.);
#1565=CARTESIAN_POINT('',(-33.584320543,-13.267304923,-7.443608199));
#1566=VERTEX_POINT('',#1565);
#1567=CARTESIAN_POINT('',(-33.676320543,-13.267304923,-7.602956873));
#1568=DIRECTION('',(0.5,0.,0.866025404));
#1569=VECTOR('',#1568,0.184);
#1570=LINE('',#1567,#1569);
#1571=EDGE_CURVE('',#1557,#1566,#1570,.T.);
#1572=ORIENTED_EDGE('',*,*,#1571,.T.);
#1573=CARTESIAN_POINT('',(-31.196668081,-8.492,-3.308072824));
#1574=VERTEX_POINT('',#1573);
#1575=CARTESIAN_POINT('',(-33.584320543,-8.492,-7.443608199));
#1576=DIRECTION('',(-0.866025404,0.,0.5));
#1577=DIRECTION('',(0.5,0.,0.866025404));
#1578=AXIS2_PLACEMENT_3D('',#1575,#1576,#1577);
#1579=CIRCLE('',#1578,4.775304923);
#1580=EDGE_CURVE('',#1566,#1574,#1579,.T.);
#1581=ORIENTED_EDGE('',*,*,#1580,.T.);
#1582=CARTESIAN_POINT('',(-31.196668081,8.492,-3.308072824));
#1583=VERTEX_POINT('',#1582);
#1584=CARTESIAN_POINT('',(-31.196668081,-8.492,-3.308072824));
#1585=DIRECTION('',(0.,1.,0.));
#1586=VECTOR('',#1585,16.984);
#1587=LINE('',#1584,#1586);
#1588=EDGE_CURVE('',#1574,#1583,#1587,.T.);
#1589=ORIENTED_EDGE('',*,*,#1588,.T.);
#1590=CARTESIAN_POINT('',(-33.584320543,13.267304923,-7.443608199));
#1591=VERTEX_POINT('',#1590);
#1592=CARTESIAN_POINT('',(-33.584320543,8.492,-7.443608199));
#1593=DIRECTION('',(-0.866025404,0.,0.5));
#1594=DIRECTION('',(0.5,0.,0.866025404));
#1595=AXIS2_PLACEMENT_3D('',#1592,#1593,#1594);
#1596=CIRCLE('',#1595,4.775304923);
#1597=EDGE_CURVE('',#1583,#1591,#1596,.T.);
#1598=ORIENTED_EDGE('',*,*,#1597,.T.);
#1599=CARTESIAN_POINT('',(-33.676320543,13.267304923,-7.602956873));
#1600=VERTEX_POINT('',#1599);
#1601=CARTESIAN_POINT('',(-33.584320543,13.267304923,-7.443608199));
#1602=DIRECTION('',(-0.5,0.,-0.866025404));
#1603=VECTOR('',#1602,0.184);
#1604=LINE('',#1601,#1603);
#1605=EDGE_CURVE('',#1591,#1600,#1604,.T.);
#1606=ORIENTED_EDGE('',*,*,#1605,.T.);
#1607=CARTESIAN_POINT('',(-33.676320543,8.492,-7.602956873));
#1608=DIRECTION('',(-0.866025404,0.,0.5));
#1609=DIRECTION('',(0.5,0.,0.866025404));
#1610=AXIS2_PLACEMENT_3D('',#1607,#1608,#1609);
#1611=CIRCLE('',#1610,4.775304923);
#1612=EDGE_CURVE('',#1600,#1547,#1611,.T.);
#1613=ORIENTED_EDGE('',*,*,#1612,.T.);
#1614=EDGE_LOOP('',(#1555,#1564,#1572,#1581,#1589,#1598,#1606,#1613));
#1615=FACE_BOUND('',#1614,.T.);
#1616=ADVANCED_FACE('',(#1545,#1615),#1475,.T.);
#1617=CARTESIAN_POINT('',(-35.476320543,0.,-10.720648326));
#1618=DIRECTION('',(0.,-1.,0.));
#1619=DIRECTION('',(0.866025404,0.,-0.5));
#1620=AXIS2_PLACEMENT_3D('',#1617,#1618,#1619);
#1621=CYLINDRICAL_SURFACE('',#1620,0.3);
#1622=CARTESIAN_POINT('',(-35.776002888,8.492,-10.734450216));
#1623=VERTEX_POINT('',#1622);
#1624=CARTESIAN_POINT('',(-35.476320543,8.492,-10.720648326));
#1625=DIRECTION('',(0.,1.,0.));
#1626=DIRECTION('',(-0.866025404,0.,0.5));
#1627=AXIS2_PLACEMENT_3D('',#1624,#1625,#1626);
#1628=CIRCLE('',#1627,0.3);
#1629=EDGE_CURVE('',#1623,#459,#1628,.T.);
#1630=ORIENTED_EDGE('',*,*,#1629,.F.);
#1631=CARTESIAN_POINT('',(-35.776002888,-8.492,-10.734450216));
#1632=VERTEX_POINT('',#1631);
#1633=CARTESIAN_POINT('',(-35.776002888,8.492,-10.734450216));
#1634=DIRECTION('',(0.,-1.,0.));
#1635=VECTOR('',#1634,16.984);
#1636=LINE('',#1633,#1635);
#1637=EDGE_CURVE('',#1623,#1632,#1636,.T.);
#1638=ORIENTED_EDGE('',*,*,#1637,.T.);
#1639=CARTESIAN_POINT('',(-35.476320543,-8.492,-10.720648326));
#1640=DIRECTION('',(0.,-1.,0.));
#1641=DIRECTION('',(0.866025404,0.,-0.5));
#1642=AXIS2_PLACEMENT_3D('',#1639,#1640,#1641);
#1643=CIRCLE('',#1642,0.3);
#1644=EDGE_CURVE('',#468,#1632,#1643,.T.);
#1645=ORIENTED_EDGE('',*,*,#1644,.F.);
#1646=ORIENTED_EDGE('',*,*,#473,.F.);
#1647=EDGE_LOOP('',(#1630,#1638,#1645,#1646));
#1648=FACE_BOUND('',#1647,.T.);
#1649=ADVANCED_FACE('',(#1648),#1621,.T.);
#1650=CARTESIAN_POINT('',(-33.676320543,-8.492,-7.602956873));
#1651=DIRECTION('',(-0.866025404,0.,0.5));
#1652=DIRECTION('',(0.5,0.,0.866025404));
#1653=AXIS2_PLACEMENT_3D('',#1650,#1651,#1652);
#1654=TOROIDAL_SURFACE('',#1653,3.6,0.3);
#1655=ORIENTED_EDGE('',*,*,#1644,.T.);
#1656=CARTESIAN_POINT('',(-33.895105908,-12.253793959,-7.476641083));
#1657=VERTEX_POINT('',#1656);
#1658=CARTESIAN_POINT('',(-33.895105908,-8.492,-7.476641083));
#1659=DIRECTION('',(-0.866025404,-0.,0.5));
#1660=DIRECTION('',(-0.5,0.,-0.866025404));
#1661=AXIS2_PLACEMENT_3D('',#1658,#1659,#1660);
#1662=CIRCLE('',#1661,3.761793959);
#1663=EDGE_CURVE('',#1632,#1657,#1662,.T.);
#1664=ORIENTED_EDGE('',*,*,#1663,.T.);
#1665=CARTESIAN_POINT('',(-33.676320543,-12.092,-7.602956873));
#1666=DIRECTION('',(0.5,0.,0.866025404));
#1667=DIRECTION('',(0.866025404,0.,-0.5));
#1668=AXIS2_PLACEMENT_3D('',#1665,#1666,#1667);
#1669=CIRCLE('',#1668,0.3);
#1670=EDGE_CURVE('',#476,#1657,#1669,.T.);
#1671=ORIENTED_EDGE('',*,*,#1670,.F.);
#1672=ORIENTED_EDGE('',*,*,#482,.F.);
#1673=EDGE_LOOP('',(#1655,#1664,#1671,#1672));
#1674=FACE_BOUND('',#1673,.T.);
#1675=ADVANCED_FACE('',(#1674),#1654,.T.);
#1676=CARTESIAN_POINT('',(-33.676320543,8.492,-7.602956873));
#1677=DIRECTION('',(-0.866025404,0.,0.5));
#1678=DIRECTION('',(0.5,0.,0.866025404));
#1679=AXIS2_PLACEMENT_3D('',#1676,#1677,#1678);
#1680=TOROIDAL_SURFACE('',#1679,3.6,0.3);
#1681=CARTESIAN_POINT('',(-33.895105908,12.253793959,-7.476641083));
#1682=VERTEX_POINT('',#1681);
#1683=CARTESIAN_POINT('',(-33.676320543,12.092,-7.602956873));
#1684=DIRECTION('',(0.5,0.,0.866025404));
#1685=DIRECTION('',(0.866025404,0.,-0.5));
#1686=AXIS2_PLACEMENT_3D('',#1683,#1684,#1685);
#1687=CIRCLE('',#1686,0.3);
#1688=EDGE_CURVE('',#1682,#451,#1687,.T.);
#1689=ORIENTED_EDGE('',*,*,#1688,.F.);
#1690=CARTESIAN_POINT('',(-33.895105908,8.492,-7.476641083));
#1691=DIRECTION('',(-0.866025404,-0.,0.5));
#1692=DIRECTION('',(-0.5,0.,-0.866025404));
#1693=AXIS2_PLACEMENT_3D('',#1690,#1691,#1692);
#1694=CIRCLE('',#1693,3.761793959);
#1695=EDGE_CURVE('',#1682,#1623,#1694,.T.);
#1696=ORIENTED_EDGE('',*,*,#1695,.T.);
#1697=ORIENTED_EDGE('',*,*,#1629,.T.);
#1698=ORIENTED_EDGE('',*,*,#465,.F.);
#1699=EDGE_LOOP('',(#1689,#1696,#1697,#1698));
#1700=FACE_BOUND('',#1699,.T.);
#1701=ADVANCED_FACE('',(#1700),#1680,.T.);
#1702=CARTESIAN_POINT('',(-33.630320543,-12.092,-7.523282536));
#1703=DIRECTION('',(0.5,0.,0.866025404));
#1704=DIRECTION('',(0.866025404,0.,-0.5));
#1705=AXIS2_PLACEMENT_3D('',#1702,#1703,#1704);
#1706=CYLINDRICAL_SURFACE('',#1705,0.3);
#1707=ORIENTED_EDGE('',*,*,#1670,.T.);
#1708=CARTESIAN_POINT('',(-33.803105908,-12.253793959,-7.317292409));
#1709=VERTEX_POINT('',#1708);
#1710=CARTESIAN_POINT('',(-33.895105908,-12.253793959,-7.476641083));
#1711=DIRECTION('',(0.5,0.,0.866025404));
#1712=VECTOR('',#1711,0.184);
#1713=LINE('',#1710,#1712);
#1714=EDGE_CURVE('',#1657,#1709,#1713,.T.);
#1715=ORIENTED_EDGE('',*,*,#1714,.T.);
#1716=CARTESIAN_POINT('',(-33.584320543,-12.092,-7.443608199));
#1717=DIRECTION('',(0.5,0.,0.866025404));
#1718=DIRECTION('',(0.866025404,0.,-0.5));
#1719=AXIS2_PLACEMENT_3D('',#1716,#1717,#1718);
#1720=CIRCLE('',#1719,0.3);
#1721=EDGE_CURVE('',#423,#1709,#1720,.T.);
#1722=ORIENTED_EDGE('',*,*,#1721,.F.);
#1723=ORIENTED_EDGE('',*,*,#488,.F.);
#1724=EDGE_LOOP('',(#1707,#1715,#1722,#1723));
#1725=FACE_BOUND('',#1724,.T.);
#1726=ADVANCED_FACE('',(#1725),#1706,.T.);
#1727=CARTESIAN_POINT('',(-33.630320543,12.092,-7.523282536));
#1728=DIRECTION('',(-0.5,0.,-0.866025404));
#1729=DIRECTION('',(-0.866025404,0.,0.5));
#1730=AXIS2_PLACEMENT_3D('',#1727,#1728,#1729);
#1731=CYLINDRICAL_SURFACE('',#1730,0.3);
#1732=CARTESIAN_POINT('',(-33.803105908,12.253793959,-7.317292409));
#1733=VERTEX_POINT('',#1732);
#1734=CARTESIAN_POINT('',(-33.584320543,12.092,-7.443608199));
#1735=DIRECTION('',(0.5,0.,0.866025404));
#1736=DIRECTION('',(0.866025404,0.,-0.5));
#1737=AXIS2_PLACEMENT_3D('',#1734,#1735,#1736);
#1738=CIRCLE('',#1737,0.3);
#1739=EDGE_CURVE('',#1733,#442,#1738,.T.);
#1740=ORIENTED_EDGE('',*,*,#1739,.F.);
#1741=CARTESIAN_POINT('',(-33.803105908,12.253793959,-7.317292409));
#1742=DIRECTION('',(-0.5,0.,-0.866025404));
#1743=VECTOR('',#1742,0.184);
#1744=LINE('',#1741,#1743);
#1745=EDGE_CURVE('',#1733,#1682,#1744,.T.);
#1746=ORIENTED_EDGE('',*,*,#1745,.T.);
#1747=ORIENTED_EDGE('',*,*,#1688,.T.);
#1748=ORIENTED_EDGE('',*,*,#456,.F.);
#1749=EDGE_LOOP('',(#1740,#1746,#1747,#1748));
#1750=FACE_BOUND('',#1749,.T.);
#1751=ADVANCED_FACE('',(#1750),#1731,.T.);
#1752=CARTESIAN_POINT('',(-33.584320543,-8.492,-7.443608199));
#1753=DIRECTION('',(-0.866025404,0.,0.5));
#1754=DIRECTION('',(0.5,0.,0.866025404));
#1755=AXIS2_PLACEMENT_3D('',#1752,#1753,#1754);
#1756=TOROIDAL_SURFACE('',#1755,3.6,0.3);
#1757=ORIENTED_EDGE('',*,*,#1721,.T.);
#1758=CARTESIAN_POINT('',(-31.922208929,-8.492,-4.059483276));
#1759=VERTEX_POINT('',#1758);
#1760=CARTESIAN_POINT('',(-33.803105908,-8.492,-7.317292409));
#1761=DIRECTION('',(-0.866025404,-0.,0.5));
#1762=DIRECTION('',(-0.5,0.,-0.866025404));
#1763=AXIS2_PLACEMENT_3D('',#1760,#1761,#1762);
#1764=CIRCLE('',#1763,3.761793959);
#1765=EDGE_CURVE('',#1709,#1759,#1764,.T.);
#1766=ORIENTED_EDGE('',*,*,#1765,.T.);
#1767=CARTESIAN_POINT('',(-31.784320543,-8.492,-4.325916745));
#1768=DIRECTION('',(0.,1.,0.));
#1769=DIRECTION('',(-0.866025404,0.,0.5));
#1770=AXIS2_PLACEMENT_3D('',#1767,#1768,#1769);
#1771=CIRCLE('',#1770,0.3);
#1772=EDGE_CURVE('',#425,#1759,#1771,.T.);
#1773=ORIENTED_EDGE('',*,*,#1772,.F.);
#1774=ORIENTED_EDGE('',*,*,#431,.F.);
#1775=EDGE_LOOP('',(#1757,#1766,#1773,#1774));
#1776=FACE_BOUND('',#1775,.T.);
#1777=ADVANCED_FACE('',(#1776),#1756,.T.);
#1778=CARTESIAN_POINT('',(-33.584320543,8.492,-7.443608199));
#1779=DIRECTION('',(-0.866025404,0.,0.5));
#1780=DIRECTION('',(0.5,0.,0.866025404));
#1781=AXIS2_PLACEMENT_3D('',#1778,#1779,#1780);
#1782=TOROIDAL_SURFACE('',#1781,3.6,0.3);
#1783=CARTESIAN_POINT('',(-31.922208929,8.492,-4.059483276));
#1784=VERTEX_POINT('',#1783);
#1785=CARTESIAN_POINT('',(-31.784320543,8.492,-4.325916745));
#1786=DIRECTION('',(0.,-1.,0.));
#1787=DIRECTION('',(0.866025404,0.,-0.5));
#1788=AXIS2_PLACEMENT_3D('',#1785,#1786,#1787);
#1789=CIRCLE('',#1788,0.3);
#1790=EDGE_CURVE('',#1784,#434,#1789,.T.);
#1791=ORIENTED_EDGE('',*,*,#1790,.F.);
#1792=CARTESIAN_POINT('',(-33.803105908,8.492,-7.317292409));
#1793=DIRECTION('',(-0.866025404,-0.,0.5));
#1794=DIRECTION('',(-0.5,0.,-0.866025404));
#1795=AXIS2_PLACEMENT_3D('',#1792,#1793,#1794);
#1796=CIRCLE('',#1795,3.761793959);
#1797=EDGE_CURVE('',#1784,#1733,#1796,.T.);
#1798=ORIENTED_EDGE('',*,*,#1797,.T.);
#1799=ORIENTED_EDGE('',*,*,#1739,.T.);
#1800=ORIENTED_EDGE('',*,*,#448,.F.);
#1801=EDGE_LOOP('',(#1791,#1798,#1799,#1800));
#1802=FACE_BOUND('',#1801,.T.);
#1803=ADVANCED_FACE('',(#1802),#1782,.T.);
#1804=CARTESIAN_POINT('',(-31.784320543,0.,-4.325916745));
#1805=DIRECTION('',(0.,1.,0.));
#1806=DIRECTION('',(-0.866025404,0.,0.5));
#1807=AXIS2_PLACEMENT_3D('',#1804,#1805,#1806);
#1808=CYLINDRICAL_SURFACE('',#1807,0.3);
#1809=ORIENTED_EDGE('',*,*,#1772,.T.);
#1810=CARTESIAN_POINT('',(-31.922208929,-8.492,-4.059483276));
#1811=DIRECTION('',(0.,1.,0.));
#1812=VECTOR('',#1811,16.984);
#1813=LINE('',#1810,#1812);
#1814=EDGE_CURVE('',#1759,#1784,#1813,.T.);
#1815=ORIENTED_EDGE('',*,*,#1814,.T.);
#1816=ORIENTED_EDGE('',*,*,#1790,.T.);
#1817=ORIENTED_EDGE('',*,*,#439,.F.);
#1818=EDGE_LOOP('',(#1809,#1815,#1816,#1817));
#1819=FACE_BOUND('',#1818,.T.);
#1820=ADVANCED_FACE('',(#1819),#1808,.T.);
#1821=CARTESIAN_POINT('',(-33.584320543,-8.492,-7.443608199));
#1822=DIRECTION('',(-0.866025404,0.,0.5));
#1823=DIRECTION('',(0.5,0.,0.866025404));
#1824=AXIS2_PLACEMENT_3D('',#1821,#1822,#1823);
#1825=TOROIDAL_SURFACE('',#1824,5.8,0.3);
#1826=CARTESIAN_POINT('',(-30.984002888,-8.492,-2.434462746));
#1827=VERTEX_POINT('',#1826);
#1828=CARTESIAN_POINT('',(-30.684320543,-8.492,-2.420660857));
#1829=DIRECTION('',(0.,1.,0.));
#1830=DIRECTION('',(-0.866025404,0.,0.5));
#1831=AXIS2_PLACEMENT_3D('',#1828,#1829,#1830);
#1832=CIRCLE('',#1831,0.3);
#1833=EDGE_CURVE('',#1827,#589,#1832,.T.);
#1834=ORIENTED_EDGE('',*,*,#1833,.F.);
#1835=CARTESIAN_POINT('',(-33.803105908,-14.130206041,-7.317292409));
#1836=VERTEX_POINT('',#1835);
#1837=CARTESIAN_POINT('',(-33.803105908,-8.492,-7.317292409));
#1838=DIRECTION('',(0.866025404,0.,-0.5));
#1839=DIRECTION('',(-0.5,0.,-0.866025404));
#1840=AXIS2_PLACEMENT_3D('',#1837,#1838,#1839);
#1841=CIRCLE('',#1840,5.638206041);
#1842=EDGE_CURVE('',#1827,#1836,#1841,.T.);
#1843=ORIENTED_EDGE('',*,*,#1842,.T.);
#1844=CARTESIAN_POINT('',(-33.584320543,-14.292,-7.443608199));
#1845=DIRECTION('',(-0.5,0.,-0.866025404));
#1846=DIRECTION('',(-0.866025404,0.,0.5));
#1847=AXIS2_PLACEMENT_3D('',#1844,#1845,#1846);
#1848=CIRCLE('',#1847,0.3);
#1849=EDGE_CURVE('',#597,#1836,#1848,.T.);
#1850=ORIENTED_EDGE('',*,*,#1849,.F.);
#1851=ORIENTED_EDGE('',*,*,#603,.F.);
#1852=EDGE_LOOP('',(#1834,#1843,#1850,#1851));
#1853=FACE_BOUND('',#1852,.T.);
#1854=ADVANCED_FACE('',(#1853),#1825,.T.);
#1855=CARTESIAN_POINT('',(-30.684320543,-0.,-2.420660857));
#1856=DIRECTION('',(0.,-1.,0.));
#1857=DIRECTION('',(0.866025404,0.,-0.5));
#1858=AXIS2_PLACEMENT_3D('',#1855,#1856,#1857);
#1859=CYLINDRICAL_SURFACE('',#1858,0.3);
#1860=CARTESIAN_POINT('',(-30.984002888,8.492,-2.434462746));
#1861=VERTEX_POINT('',#1860);
#1862=CARTESIAN_POINT('',(-30.684320543,8.492,-2.420660857));
#1863=DIRECTION('',(0.,1.,0.));
#1864=DIRECTION('',(-0.866025404,0.,0.5));
#1865=AXIS2_PLACEMENT_3D('',#1862,#1863,#1864);
#1866=CIRCLE('',#1865,0.3);
#1867=EDGE_CURVE('',#1861,#580,#1866,.T.);
#1868=ORIENTED_EDGE('',*,*,#1867,.F.);
#1869=CARTESIAN_POINT('',(-30.984002888,8.492,-2.434462746));
#1870=DIRECTION('',(0.,-1.,0.));
#1871=VECTOR('',#1870,16.984);
#1872=LINE('',#1869,#1871);
#1873=EDGE_CURVE('',#1861,#1827,#1872,.T.);
#1874=ORIENTED_EDGE('',*,*,#1873,.T.);
#1875=ORIENTED_EDGE('',*,*,#1833,.T.);
#1876=ORIENTED_EDGE('',*,*,#594,.F.);
#1877=EDGE_LOOP('',(#1868,#1874,#1875,#1876));
#1878=FACE_BOUND('',#1877,.T.);
#1879=ADVANCED_FACE('',(#1878),#1859,.T.);
#1880=CARTESIAN_POINT('',(-33.630320543,-14.292,-7.523282536));
#1881=DIRECTION('',(-0.5,0.,-0.866025404));
#1882=DIRECTION('',(-0.866025404,0.,0.5));
#1883=AXIS2_PLACEMENT_3D('',#1880,#1881,#1882);
#1884=CYLINDRICAL_SURFACE('',#1883,0.3);
#1885=ORIENTED_EDGE('',*,*,#1849,.T.);
#1886=CARTESIAN_POINT('',(-33.895105908,-14.130206041,-7.476641083));
#1887=VERTEX_POINT('',#1886);
#1888=CARTESIAN_POINT('',(-33.803105908,-14.130206041,-7.317292409));
#1889=DIRECTION('',(-0.5,0.,-0.866025404));
#1890=VECTOR('',#1889,0.184);
#1891=LINE('',#1888,#1890);
#1892=EDGE_CURVE('',#1836,#1887,#1891,.T.);
#1893=ORIENTED_EDGE('',*,*,#1892,.T.);
#1894=CARTESIAN_POINT('',(-33.676320543,-14.292,-7.602956873));
#1895=DIRECTION('',(-0.5,0.,-0.866025404));
#1896=DIRECTION('',(-0.866025404,0.,0.5));
#1897=AXIS2_PLACEMENT_3D('',#1894,#1895,#1896);
#1898=CIRCLE('',#1897,0.3);
#1899=EDGE_CURVE('',#606,#1887,#1898,.T.);
#1900=ORIENTED_EDGE('',*,*,#1899,.F.);
#1901=ORIENTED_EDGE('',*,*,#611,.F.);
#1902=EDGE_LOOP('',(#1885,#1893,#1900,#1901));
#1903=FACE_BOUND('',#1902,.T.);
#1904=ADVANCED_FACE('',(#1903),#1884,.T.);
#1905=CARTESIAN_POINT('',(-33.584320543,8.492,-7.443608199));
#1906=DIRECTION('',(-0.866025404,0.,0.5));
#1907=DIRECTION('',(0.5,0.,0.866025404));
#1908=AXIS2_PLACEMENT_3D('',#1905,#1906,#1907);
#1909=TOROIDAL_SURFACE('',#1908,5.8,0.3);
#1910=CARTESIAN_POINT('',(-33.803105908,14.130206041,-7.317292409));
#1911=VERTEX_POINT('',#1910);
#1912=CARTESIAN_POINT('',(-33.584320543,14.292,-7.443608199));
#1913=DIRECTION('',(-0.5,0.,-0.866025404));
#1914=DIRECTION('',(-0.866025404,0.,0.5));
#1915=AXIS2_PLACEMENT_3D('',#1912,#1913,#1914);
#1916=CIRCLE('',#1915,0.3);
#1917=EDGE_CURVE('',#1911,#572,#1916,.T.);
#1918=ORIENTED_EDGE('',*,*,#1917,.F.);
#1919=CARTESIAN_POINT('',(-33.803105908,8.492,-7.317292409));
#1920=DIRECTION('',(0.866025404,0.,-0.5));
#1921=DIRECTION('',(-0.5,0.,-0.866025404));
#1922=AXIS2_PLACEMENT_3D('',#1919,#1920,#1921);
#1923=CIRCLE('',#1922,5.638206041);
#1924=EDGE_CURVE('',#1911,#1861,#1923,.T.);
#1925=ORIENTED_EDGE('',*,*,#1924,.T.);
#1926=ORIENTED_EDGE('',*,*,#1867,.T.);
#1927=ORIENTED_EDGE('',*,*,#586,.F.);
#1928=EDGE_LOOP('',(#1918,#1925,#1926,#1927));
#1929=FACE_BOUND('',#1928,.T.);
#1930=ADVANCED_FACE('',(#1929),#1909,.T.);
#1931=CARTESIAN_POINT('',(-33.676320543,-8.492,-7.602956873));
#1932=DIRECTION('',(-0.866025404,0.,0.5));
#1933=DIRECTION('',(0.5,0.,0.866025404));
#1934=AXIS2_PLACEMENT_3D('',#1931,#1932,#1933);
#1935=TOROIDAL_SURFACE('',#1934,5.8,0.3);
#1936=ORIENTED_EDGE('',*,*,#1899,.T.);
#1937=CARTESIAN_POINT('',(-36.714208929,-8.492,-12.359470746));
#1938=VERTEX_POINT('',#1937);
#1939=CARTESIAN_POINT('',(-33.895105908,-8.492,-7.476641083));
#1940=DIRECTION('',(0.866025404,0.,-0.5));
#1941=DIRECTION('',(-0.5,0.,-0.866025404));
#1942=AXIS2_PLACEMENT_3D('',#1939,#1940,#1941);
#1943=CIRCLE('',#1942,5.638206041);
#1944=EDGE_CURVE('',#1887,#1938,#1943,.T.);
#1945=ORIENTED_EDGE('',*,*,#1944,.T.);
#1946=CARTESIAN_POINT('',(-36.576320543,-8.492,-12.625904215));
#1947=DIRECTION('',(0.,1.,0.));
#1948=DIRECTION('',(-0.866025404,0.,0.5));
#1949=AXIS2_PLACEMENT_3D('',#1946,#1947,#1948);
#1950=CIRCLE('',#1949,0.3);
#1951=EDGE_CURVE('',#553,#1938,#1950,.T.);
#1952=ORIENTED_EDGE('',*,*,#1951,.F.);
#1953=ORIENTED_EDGE('',*,*,#618,.F.);
#1954=EDGE_LOOP('',(#1936,#1945,#1952,#1953));
#1955=FACE_BOUND('',#1954,.T.);
#1956=ADVANCED_FACE('',(#1955),#1935,.T.);
#1957=CARTESIAN_POINT('',(-33.630320543,14.292,-7.523282536));
#1958=DIRECTION('',(0.5,0.,0.866025404));
#1959=DIRECTION('',(0.866025404,0.,-0.5));
#1960=AXIS2_PLACEMENT_3D('',#1957,#1958,#1959);
#1961=CYLINDRICAL_SURFACE('',#1960,0.3);
#1962=CARTESIAN_POINT('',(-33.895105908,14.130206041,-7.476641083));
#1963=VERTEX_POINT('',#1962);
#1964=CARTESIAN_POINT('',(-33.676320543,14.292,-7.602956873));
#1965=DIRECTION('',(-0.5,0.,-0.866025404));
#1966=DIRECTION('',(-0.866025404,0.,0.5));
#1967=AXIS2_PLACEMENT_3D('',#1964,#1965,#1966);
#1968=CIRCLE('',#1967,0.3);
#1969=EDGE_CURVE('',#1963,#563,#1968,.T.);
#1970=ORIENTED_EDGE('',*,*,#1969,.F.);
#1971=CARTESIAN_POINT('',(-33.895105908,14.130206041,-7.476641083));
#1972=DIRECTION('',(0.5,0.,0.866025404));
#1973=VECTOR('',#1972,0.184);
#1974=LINE('',#1971,#1973);
#1975=EDGE_CURVE('',#1963,#1911,#1974,.T.);
#1976=ORIENTED_EDGE('',*,*,#1975,.T.);
#1977=ORIENTED_EDGE('',*,*,#1917,.T.);
#1978=ORIENTED_EDGE('',*,*,#577,.F.);
#1979=EDGE_LOOP('',(#1970,#1976,#1977,#1978));
#1980=FACE_BOUND('',#1979,.T.);
#1981=ADVANCED_FACE('',(#1980),#1961,.T.);
#1982=CARTESIAN_POINT('',(-36.576320543,0.,-12.625904215));
#1983=DIRECTION('',(0.,1.,0.));
#1984=DIRECTION('',(-0.866025404,0.,0.5));
#1985=AXIS2_PLACEMENT_3D('',#1982,#1983,#1984);
#1986=CYLINDRICAL_SURFACE('',#1985,0.3);
#1987=ORIENTED_EDGE('',*,*,#1951,.T.);
#1988=CARTESIAN_POINT('',(-36.714208929,8.492,-12.359470746));
#1989=VERTEX_POINT('',#1988);
#1990=CARTESIAN_POINT('',(-36.714208929,-8.492,-12.359470746));
#1991=DIRECTION('',(0.,1.,0.));
#1992=VECTOR('',#1991,16.984);
#1993=LINE('',#1990,#1992);
#1994=EDGE_CURVE('',#1938,#1989,#1993,.T.);
#1995=ORIENTED_EDGE('',*,*,#1994,.T.);
#1996=CARTESIAN_POINT('',(-36.576320543,8.492,-12.625904215));
#1997=DIRECTION('',(0.,1.,0.));
#1998=DIRECTION('',(-0.866025404,0.,0.5));
#1999=AXIS2_PLACEMENT_3D('',#1996,#1997,#1998);
#2000=CIRCLE('',#1999,0.3);
#2001=EDGE_CURVE('',#555,#1989,#2000,.T.);
#2002=ORIENTED_EDGE('',*,*,#2001,.F.);
#2003=ORIENTED_EDGE('',*,*,#560,.F.);
#2004=EDGE_LOOP('',(#1987,#1995,#2002,#2003));
#2005=FACE_BOUND('',#2004,.T.);
#2006=ADVANCED_FACE('',(#2005),#1986,.T.);
#2007=CARTESIAN_POINT('',(-33.676320543,8.492,-7.602956873));
#2008=DIRECTION('',(-0.866025404,0.,0.5));
#2009=DIRECTION('',(0.5,0.,0.866025404));
#2010=AXIS2_PLACEMENT_3D('',#2007,#2008,#2009);
#2011=TOROIDAL_SURFACE('',#2010,5.8,0.3);
#2012=ORIENTED_EDGE('',*,*,#2001,.T.);
#2013=CARTESIAN_POINT('',(-33.895105908,8.492,-7.476641083));
#2014=DIRECTION('',(0.866025404,0.,-0.5));
#2015=DIRECTION('',(-0.5,0.,-0.866025404));
#2016=AXIS2_PLACEMENT_3D('',#2013,#2014,#2015);
#2017=CIRCLE('',#2016,5.638206041);
#2018=EDGE_CURVE('',#1989,#1963,#2017,.T.);
#2019=ORIENTED_EDGE('',*,*,#2018,.T.);
#2020=ORIENTED_EDGE('',*,*,#1969,.T.);
#2021=ORIENTED_EDGE('',*,*,#569,.F.);
#2022=EDGE_LOOP('',(#2012,#2019,#2020,#2021));
#2023=FACE_BOUND('',#2022,.T.);
#2024=ADVANCED_FACE('',(#2023),#2011,.T.);
#2025=CARTESIAN_POINT('',(-35.061961189,8.492,-6.802956873));
#2026=DIRECTION('',(-0.866025404,0.,0.5));
#2027=DIRECTION('',(0.5,0.,0.866025404));
#2028=AXIS2_PLACEMENT_3D('',#2025,#2026,#2027);
#2029=TOROIDAL_SURFACE('',#2028,4.624695077,1.6);
#2030=CARTESIAN_POINT('',(-35.061961189,13.116695077,-6.802956873));
#2031=DIRECTION('',(-0.5,0.,-0.866025404));
#2032=DIRECTION('',(-0.866025404,0.,0.5));
#2033=AXIS2_PLACEMENT_3D('',#2030,#2031,#2032);
#2034=CIRCLE('',#2033,1.6);
#2035=EDGE_CURVE('',#1521,#1682,#2034,.T.);
#2036=ORIENTED_EDGE('',*,*,#2035,.F.);
#2037=ORIENTED_EDGE('',*,*,#1527,.F.);
#2038=CARTESIAN_POINT('',(-37.374308727,8.492,-10.808060294));
#2039=DIRECTION('',(0.,1.,0.));
#2040=DIRECTION('',(-0.866025404,0.,0.5));
#2041=AXIS2_PLACEMENT_3D('',#2038,#2039,#2040);
#2042=CIRCLE('',#2041,1.6);
#2043=EDGE_CURVE('',#1623,#1513,#2042,.T.);
#2044=ORIENTED_EDGE('',*,*,#2043,.F.);
#2045=ORIENTED_EDGE('',*,*,#1695,.F.);
#2046=EDGE_LOOP('',(#2036,#2037,#2044,#2045));
#2047=FACE_BOUND('',#2046,.T.);
#2048=ADVANCED_FACE('',(#2047),#2029,.F.);
#2049=CARTESIAN_POINT('',(-37.374308727,0.,-10.808060294));
#2050=DIRECTION('',(0.,-1.,0.));
#2051=DIRECTION('',(0.866025404,0.,-0.5));
#2052=AXIS2_PLACEMENT_3D('',#2049,#2050,#2051);
#2053=CYLINDRICAL_SURFACE('',#2052,1.6);
#2054=ORIENTED_EDGE('',*,*,#2043,.T.);
#2055=ORIENTED_EDGE('',*,*,#1518,.F.);
#2056=CARTESIAN_POINT('',(-37.374308727,-8.492,-10.808060294));
#2057=DIRECTION('',(0.,1.,0.));
#2058=DIRECTION('',(-0.866025404,0.,0.5));
#2059=AXIS2_PLACEMENT_3D('',#2056,#2057,#2058);
#2060=CIRCLE('',#2059,1.6);
#2061=EDGE_CURVE('',#1632,#1504,#2060,.T.);
#2062=ORIENTED_EDGE('',*,*,#2061,.F.);
#2063=ORIENTED_EDGE('',*,*,#1637,.F.);
#2064=EDGE_LOOP('',(#2054,#2055,#2062,#2063));
#2065=FACE_BOUND('',#2064,.T.);
#2066=ADVANCED_FACE('',(#2065),#2053,.F.);
#2067=CARTESIAN_POINT('',(-35.015961189,13.116695077,-6.723282536));
#2068=DIRECTION('',(-0.5,0.,-0.866025404));
#2069=DIRECTION('',(-0.866025404,0.,0.5));
#2070=AXIS2_PLACEMENT_3D('',#2067,#2068,#2069);
#2071=CYLINDRICAL_SURFACE('',#2070,1.6);
#2072=ORIENTED_EDGE('',*,*,#2035,.T.);
#2073=ORIENTED_EDGE('',*,*,#1745,.F.);
#2074=CARTESIAN_POINT('',(-34.969961189,13.116695077,-6.643608199));
#2075=DIRECTION('',(-0.5,0.,-0.866025404));
#2076=DIRECTION('',(-0.866025404,0.,0.5));
#2077=AXIS2_PLACEMENT_3D('',#2074,#2075,#2076);
#2078=CIRCLE('',#2077,1.6);
#2079=EDGE_CURVE('',#1530,#1733,#2078,.T.);
#2080=ORIENTED_EDGE('',*,*,#2079,.F.);
#2081=ORIENTED_EDGE('',*,*,#1535,.F.);
#2082=EDGE_LOOP('',(#2072,#2073,#2080,#2081));
#2083=FACE_BOUND('',#2082,.T.);
#2084=ADVANCED_FACE('',(#2083),#2071,.F.);
#2085=CARTESIAN_POINT('',(-35.061961189,-8.492,-6.802956873));
#2086=DIRECTION('',(-0.866025404,0.,0.5));
#2087=DIRECTION('',(0.5,0.,0.866025404));
#2088=AXIS2_PLACEMENT_3D('',#2085,#2086,#2087);
#2089=TOROIDAL_SURFACE('',#2088,4.624695077,1.6);
#2090=ORIENTED_EDGE('',*,*,#2061,.T.);
#2091=ORIENTED_EDGE('',*,*,#1510,.F.);
#2092=CARTESIAN_POINT('',(-35.061961189,-13.116695077,-6.802956873));
#2093=DIRECTION('',(-0.5,0.,-0.866025404));
#2094=DIRECTION('',(-0.866025404,0.,0.5));
#2095=AXIS2_PLACEMENT_3D('',#2092,#2093,#2094);
#2096=CIRCLE('',#2095,1.6);
#2097=EDGE_CURVE('',#1657,#1496,#2096,.T.);
#2098=ORIENTED_EDGE('',*,*,#2097,.F.);
#2099=ORIENTED_EDGE('',*,*,#1663,.F.);
#2100=EDGE_LOOP('',(#2090,#2091,#2098,#2099));
#2101=FACE_BOUND('',#2100,.T.);
#2102=ADVANCED_FACE('',(#2101),#2089,.F.);
#2103=CARTESIAN_POINT('',(-34.969961189,8.492,-6.643608199));
#2104=DIRECTION('',(-0.866025404,0.,0.5));
#2105=DIRECTION('',(0.5,0.,0.866025404));
#2106=AXIS2_PLACEMENT_3D('',#2103,#2104,#2105);
#2107=TOROIDAL_SURFACE('',#2106,4.624695077,1.6);
#2108=ORIENTED_EDGE('',*,*,#2079,.T.);
#2109=ORIENTED_EDGE('',*,*,#1797,.F.);
#2110=CARTESIAN_POINT('',(-32.657613651,8.492,-2.638504777));
#2111=DIRECTION('',(0.,1.,0.));
#2112=DIRECTION('',(-0.866025404,0.,0.5));
#2113=AXIS2_PLACEMENT_3D('',#2110,#2111,#2112);
#2114=CIRCLE('',#2113,1.6);
#2115=EDGE_CURVE('',#1477,#1784,#2114,.T.);
#2116=ORIENTED_EDGE('',*,*,#2115,.F.);
#2117=ORIENTED_EDGE('',*,*,#1542,.F.);
#2118=EDGE_LOOP('',(#2108,#2109,#2116,#2117));
#2119=FACE_BOUND('',#2118,.T.);
#2120=ADVANCED_FACE('',(#2119),#2107,.F.);
#2121=CARTESIAN_POINT('',(-35.015961189,-13.116695077,-6.723282536));
#2122=DIRECTION('',(0.5,0.,0.866025404));
#2123=DIRECTION('',(0.866025404,0.,-0.5));
#2124=AXIS2_PLACEMENT_3D('',#2121,#2122,#2123);
#2125=CYLINDRICAL_SURFACE('',#2124,1.6);
#2126=ORIENTED_EDGE('',*,*,#2097,.T.);
#2127=ORIENTED_EDGE('',*,*,#1501,.F.);
#2128=CARTESIAN_POINT('',(-34.969961189,-13.116695077,-6.643608199));
#2129=DIRECTION('',(-0.5,0.,-0.866025404));
#2130=DIRECTION('',(-0.866025404,0.,0.5));
#2131=AXIS2_PLACEMENT_3D('',#2128,#2129,#2130);
#2132=CIRCLE('',#2131,1.6);
#2133=EDGE_CURVE('',#1709,#1487,#2132,.T.);
#2134=ORIENTED_EDGE('',*,*,#2133,.F.);
#2135=ORIENTED_EDGE('',*,*,#1714,.F.);
#2136=EDGE_LOOP('',(#2126,#2127,#2134,#2135));
#2137=FACE_BOUND('',#2136,.T.);
#2138=ADVANCED_FACE('',(#2137),#2125,.F.);
#2139=CARTESIAN_POINT('',(-32.657613651,0.,-2.638504777));
#2140=DIRECTION('',(0.,1.,0.));
#2141=DIRECTION('',(-0.866025404,0.,0.5));
#2142=AXIS2_PLACEMENT_3D('',#2139,#2140,#2141);
#2143=CYLINDRICAL_SURFACE('',#2142,1.6);
#2144=ORIENTED_EDGE('',*,*,#2115,.T.);
#2145=ORIENTED_EDGE('',*,*,#1814,.F.);
#2146=CARTESIAN_POINT('',(-32.657613651,-8.492,-2.638504777));
#2147=DIRECTION('',(0.,1.,0.));
#2148=DIRECTION('',(-0.866025404,0.,0.5));
#2149=AXIS2_PLACEMENT_3D('',#2146,#2147,#2148);
#2150=CIRCLE('',#2149,1.6);
#2151=EDGE_CURVE('',#1479,#1759,#2150,.T.);
#2152=ORIENTED_EDGE('',*,*,#2151,.F.);
#2153=ORIENTED_EDGE('',*,*,#1484,.F.);
#2154=EDGE_LOOP('',(#2144,#2145,#2152,#2153));
#2155=FACE_BOUND('',#2154,.T.);
#2156=ADVANCED_FACE('',(#2155),#2143,.F.);
#2157=CARTESIAN_POINT('',(-34.969961189,-8.492,-6.643608199));
#2158=DIRECTION('',(-0.866025404,0.,0.5));
#2159=DIRECTION('',(0.5,0.,0.866025404));
#2160=AXIS2_PLACEMENT_3D('',#2157,#2158,#2159);
#2161=TOROIDAL_SURFACE('',#2160,4.624695077,1.6);
#2162=ORIENTED_EDGE('',*,*,#2133,.T.);
#2163=ORIENTED_EDGE('',*,*,#1493,.F.);
#2164=ORIENTED_EDGE('',*,*,#2151,.T.);
#2165=ORIENTED_EDGE('',*,*,#1765,.F.);
#2166=EDGE_LOOP('',(#2162,#2163,#2164,#2165));
#2167=FACE_BOUND('',#2166,.T.);
#2168=ADVANCED_FACE('',(#2167),#2161,.F.);
#2169=CARTESIAN_POINT('',(-34.969961189,8.492,-6.643608199));
#2170=DIRECTION('',(0.866025404,0.,-0.5));
#2171=DIRECTION('',(-0.5,0.,-0.866025404));
#2172=AXIS2_PLACEMENT_3D('',#2169,#2170,#2171);
#2173=TOROIDAL_SURFACE('',#2172,4.775304923,1.6);
#2174=CARTESIAN_POINT('',(-32.582308727,8.492,-2.508072824));
#2175=DIRECTION('',(0.,1.,0.));
#2176=DIRECTION('',(-0.866025404,0.,0.5));
#2177=AXIS2_PLACEMENT_3D('',#2174,#2175,#2176);
#2178=CIRCLE('',#2177,1.6);
#2179=EDGE_CURVE('',#1861,#1583,#2178,.T.);
#2180=ORIENTED_EDGE('',*,*,#2179,.F.);
#2181=ORIENTED_EDGE('',*,*,#1924,.F.);
#2182=CARTESIAN_POINT('',(-34.969961189,13.267304923,-6.643608199));
#2183=DIRECTION('',(0.5,0.,0.866025404));
#2184=DIRECTION('',(0.866025404,0.,-0.5));
#2185=AXIS2_PLACEMENT_3D('',#2182,#2183,#2184);
#2186=CIRCLE('',#2185,1.6);
#2187=EDGE_CURVE('',#1591,#1911,#2186,.T.);
#2188=ORIENTED_EDGE('',*,*,#2187,.F.);
#2189=ORIENTED_EDGE('',*,*,#1597,.F.);
#2190=EDGE_LOOP('',(#2180,#2181,#2188,#2189));
#2191=FACE_BOUND('',#2190,.T.);
#2192=ADVANCED_FACE('',(#2191),#2173,.F.);
#2193=CARTESIAN_POINT('',(-35.015961189,13.267304923,-6.723282536));
#2194=DIRECTION('',(0.5,0.,0.866025404));
#2195=DIRECTION('',(0.866025404,0.,-0.5));
#2196=AXIS2_PLACEMENT_3D('',#2193,#2194,#2195);
#2197=CYLINDRICAL_SURFACE('',#2196,1.6);
#2198=ORIENTED_EDGE('',*,*,#2187,.T.);
#2199=ORIENTED_EDGE('',*,*,#1975,.F.);
#2200=CARTESIAN_POINT('',(-35.061961189,13.267304923,-6.802956873));
#2201=DIRECTION('',(0.5,0.,0.866025404));
#2202=DIRECTION('',(0.866025404,0.,-0.5));
#2203=AXIS2_PLACEMENT_3D('',#2200,#2201,#2202);
#2204=CIRCLE('',#2203,1.6);
#2205=EDGE_CURVE('',#1600,#1963,#2204,.T.);
#2206=ORIENTED_EDGE('',*,*,#2205,.F.);
#2207=ORIENTED_EDGE('',*,*,#1605,.F.);
#2208=EDGE_LOOP('',(#2198,#2199,#2206,#2207));
#2209=FACE_BOUND('',#2208,.T.);
#2210=ADVANCED_FACE('',(#2209),#2197,.F.);
#2211=CARTESIAN_POINT('',(-32.582308727,-0.,-2.508072824));
#2212=DIRECTION('',(0.,-1.,0.));
#2213=DIRECTION('',(0.866025404,0.,-0.5));
#2214=AXIS2_PLACEMENT_3D('',#2211,#2212,#2213);
#2215=CYLINDRICAL_SURFACE('',#2214,1.6);
#2216=ORIENTED_EDGE('',*,*,#2179,.T.);
#2217=ORIENTED_EDGE('',*,*,#1588,.F.);
#2218=CARTESIAN_POINT('',(-32.582308727,-8.492,-2.508072824));
#2219=DIRECTION('',(0.,1.,0.));
#2220=DIRECTION('',(-0.866025404,0.,0.5));
#2221=AXIS2_PLACEMENT_3D('',#2218,#2219,#2220);
#2222=CIRCLE('',#2221,1.6);
#2223=EDGE_CURVE('',#1827,#1574,#2222,.T.);
#2224=ORIENTED_EDGE('',*,*,#2223,.F.);
#2225=ORIENTED_EDGE('',*,*,#1873,.F.);
#2226=EDGE_LOOP('',(#2216,#2217,#2224,#2225));
#2227=FACE_BOUND('',#2226,.T.);
#2228=ADVANCED_FACE('',(#2227),#2215,.F.);
#2229=CARTESIAN_POINT('',(-35.061961189,8.492,-6.802956873));
#2230=DIRECTION('',(0.866025404,0.,-0.5));
#2231=DIRECTION('',(-0.5,0.,-0.866025404));
#2232=AXIS2_PLACEMENT_3D('',#2229,#2230,#2231);
#2233=TOROIDAL_SURFACE('',#2232,4.775304923,1.6);
#2234=ORIENTED_EDGE('',*,*,#2205,.T.);
#2235=ORIENTED_EDGE('',*,*,#2018,.F.);
#2236=CARTESIAN_POINT('',(-37.449613651,8.492,-10.938492247));
#2237=DIRECTION('',(0.,1.,0.));
#2238=DIRECTION('',(-0.866025404,0.,0.5));
#2239=AXIS2_PLACEMENT_3D('',#2236,#2237,#2238);
#2240=CIRCLE('',#2239,1.6);
#2241=EDGE_CURVE('',#1547,#1989,#2240,.T.);
#2242=ORIENTED_EDGE('',*,*,#2241,.F.);
#2243=ORIENTED_EDGE('',*,*,#1612,.F.);
#2244=EDGE_LOOP('',(#2234,#2235,#2242,#2243));
#2245=FACE_BOUND('',#2244,.T.);
#2246=ADVANCED_FACE('',(#2245),#2233,.F.);
#2247=CARTESIAN_POINT('',(-34.969961189,-8.492,-6.643608199));
#2248=DIRECTION('',(0.866025404,0.,-0.5));
#2249=DIRECTION('',(-0.5,0.,-0.866025404));
#2250=AXIS2_PLACEMENT_3D('',#2247,#2248,#2249);
#2251=TOROIDAL_SURFACE('',#2250,4.775304923,1.6);
#2252=ORIENTED_EDGE('',*,*,#2223,.T.);
#2253=ORIENTED_EDGE('',*,*,#1580,.F.);
#2254=CARTESIAN_POINT('',(-34.969961189,-13.267304923,-6.643608199));
#2255=DIRECTION('',(0.5,0.,0.866025404));
#2256=DIRECTION('',(0.866025404,0.,-0.5));
#2257=AXIS2_PLACEMENT_3D('',#2254,#2255,#2256);
#2258=CIRCLE('',#2257,1.6);
#2259=EDGE_CURVE('',#1836,#1566,#2258,.T.);
#2260=ORIENTED_EDGE('',*,*,#2259,.F.);
#2261=ORIENTED_EDGE('',*,*,#1842,.F.);
#2262=EDGE_LOOP('',(#2252,#2253,#2260,#2261));
#2263=FACE_BOUND('',#2262,.T.);
#2264=ADVANCED_FACE('',(#2263),#2251,.F.);
#2265=CARTESIAN_POINT('',(-37.449613651,0.,-10.938492247));
#2266=DIRECTION('',(0.,1.,0.));
#2267=DIRECTION('',(-0.866025404,0.,0.5));
#2268=AXIS2_PLACEMENT_3D('',#2265,#2266,#2267);
#2269=CYLINDRICAL_SURFACE('',#2268,1.6);
#2270=ORIENTED_EDGE('',*,*,#2241,.T.);
#2271=ORIENTED_EDGE('',*,*,#1994,.F.);
#2272=CARTESIAN_POINT('',(-37.449613651,-8.492,-10.938492247));
#2273=DIRECTION('',(0.,1.,0.));
#2274=DIRECTION('',(-0.866025404,0.,0.5));
#2275=AXIS2_PLACEMENT_3D('',#2272,#2273,#2274);
#2276=CIRCLE('',#2275,1.6);
#2277=EDGE_CURVE('',#1549,#1938,#2276,.T.);
#2278=ORIENTED_EDGE('',*,*,#2277,.F.);
#2279=ORIENTED_EDGE('',*,*,#1554,.F.);
#2280=EDGE_LOOP('',(#2270,#2271,#2278,#2279));
#2281=FACE_BOUND('',#2280,.T.);
#2282=ADVANCED_FACE('',(#2281),#2269,.F.);
#2283=CARTESIAN_POINT('',(-35.015961189,-13.267304923,-6.723282536));
#2284=DIRECTION('',(-0.5,0.,-0.866025404));
#2285=DIRECTION('',(-0.866025404,0.,0.5));
#2286=AXIS2_PLACEMENT_3D('',#2283,#2284,#2285);
#2287=CYLINDRICAL_SURFACE('',#2286,1.6);
#2288=ORIENTED_EDGE('',*,*,#2259,.T.);
#2289=ORIENTED_EDGE('',*,*,#1571,.F.);
#2290=CARTESIAN_POINT('',(-35.061961189,-13.267304923,-6.802956873));
#2291=DIRECTION('',(0.5,0.,0.866025404));
#2292=DIRECTION('',(0.866025404,0.,-0.5));
#2293=AXIS2_PLACEMENT_3D('',#2290,#2291,#2292);
#2294=CIRCLE('',#2293,1.6);
#2295=EDGE_CURVE('',#1887,#1557,#2294,.T.);
#2296=ORIENTED_EDGE('',*,*,#2295,.F.);
#2297=ORIENTED_EDGE('',*,*,#1892,.F.);
#2298=EDGE_LOOP('',(#2288,#2289,#2296,#2297));
#2299=FACE_BOUND('',#2298,.T.);
#2300=ADVANCED_FACE('',(#2299),#2287,.F.);
#2301=CARTESIAN_POINT('',(-35.061961189,-8.492,-6.802956873));
#2302=DIRECTION('',(0.866025404,0.,-0.5));
#2303=DIRECTION('',(-0.5,0.,-0.866025404));
#2304=AXIS2_PLACEMENT_3D('',#2301,#2302,#2303);
#2305=TOROIDAL_SURFACE('',#2304,4.775304923,1.6);
#2306=ORIENTED_EDGE('',*,*,#2277,.T.);
#2307=ORIENTED_EDGE('',*,*,#1944,.F.);
#2308=ORIENTED_EDGE('',*,*,#2295,.T.);
#2309=ORIENTED_EDGE('',*,*,#1563,.F.);
#2310=EDGE_LOOP('',(#2306,#2307,#2308,#2309));
#2311=FACE_BOUND('',#2310,.T.);
#2312=ADVANCED_FACE('',(#2311),#2305,.F.);
#2313=CARTESIAN_POINT('',(-29.503229017,-13.42290554,-1.170539057));
#2314=CARTESIAN_POINT('',(-29.482692479,-13.437807187,-1.124391399));
#2315=CARTESIAN_POINT('',(-29.460259739,-13.460196894,-1.081515508));
#2316=CARTESIAN_POINT('',(-29.413808569,-13.517749942,-1.006524929));
#2317=CARTESIAN_POINT('',(-29.38979782,-13.552903767,-0.974422642));
#2318=CARTESIAN_POINT('',(-29.342567928,-13.632507945,-0.924161976));
#2319=CARTESIAN_POINT('',(-29.319356596,-13.676945135,-0.906011909));
#2320=CARTESIAN_POINT('',(-29.276024475,-13.770718461,-0.885457764));
#2321=CARTESIAN_POINT('',(-29.255910851,-13.820039091,-0.883057085));
#2322=CARTESIAN_POINT('',(-29.238338976,-13.869367871,-0.888650903));
#2323=CARTESIAN_POINT('',(-29.50588209,-13.423774591,-1.170088132));
#2324=CARTESIAN_POINT('',(-29.485792885,-13.438775339,-1.123867444));
#2325=CARTESIAN_POINT('',(-29.463831862,-13.461250653,-1.080895745));
#2326=CARTESIAN_POINT('',(-29.418319679,-13.518946304,-1.005664426));
#2327=CARTESIAN_POINT('',(-29.394775998,-13.55415716,-0.973417169));
#2328=CARTESIAN_POINT('',(-29.348422161,-13.633851912,-0.922821884));
#2329=CARTESIAN_POINT('',(-29.325619622,-13.678322712,-0.90448217));
#2330=CARTESIAN_POINT('',(-29.282999352,-13.772150063,-0.883517183));
#2331=CARTESIAN_POINT('',(-29.263188624,-13.821491196,-0.880895356));
#2332=CARTESIAN_POINT('',(-29.245848651,-13.870840432,-0.886262795));
#2333=CARTESIAN_POINT('',(-29.508565652,-13.424626618,-1.169665068));
#2334=CARTESIAN_POINT('',(-29.488926756,-13.43972382,-1.1233732));
#2335=CARTESIAN_POINT('',(-29.46744007,-13.462282542,-1.080308158));
#2336=CARTESIAN_POINT('',(-29.422871791,-13.520117375,-1.004842336));
#2337=CARTESIAN_POINT('',(-29.399797477,-13.555384039,-0.972453883));
#2338=CARTESIAN_POINT('',(-29.354324404,-13.635167731,-0.921532639));
#2339=CARTESIAN_POINT('',(-29.331933072,-13.679671728,-0.903008165));
#2340=CARTESIAN_POINT('',(-29.290029959,-13.773552736,-0.881642752));
#2341=CARTESIAN_POINT('',(-29.270525022,-13.822914413,-0.878805303));
#2342=CARTESIAN_POINT('',(-29.253420186,-13.872284149,-0.883951854));
#2343=CARTESIAN_POINT('',(-29.530253552,-13.431297829,-1.166512364));
#2344=CARTESIAN_POINT('',(-29.514236464,-13.447144278,-1.119667707));
#2345=CARTESIAN_POINT('',(-29.496560788,-13.47035173,-1.075877622));
#2346=CARTESIAN_POINT('',(-29.459573705,-13.529271151,-0.998589911));
#2347=CARTESIAN_POINT('',(-29.440268011,-13.564973942,-0.965104326));
#2348=CARTESIAN_POINT('',(-29.401869507,-13.645455226,-0.911649556));
#2349=CARTESIAN_POINT('',(-29.382782634,-13.690221187,-0.891688707));
#2350=CARTESIAN_POINT('',(-29.346650742,-13.784528041,-0.867208882));
#2351=CARTESIAN_POINT('',(-29.329611315,-13.83405425,-0.862693735));
#2352=CARTESIAN_POINT('',(-29.314409915,-13.883588166,-0.866120416));
#2353=CARTESIAN_POINT('',(-29.550557121,-13.436216166,-1.165207914));
#2354=CARTESIAN_POINT('',(-29.537821213,-13.452580212,-1.117990224));
#2355=CARTESIAN_POINT('',(-29.52357353,-13.476240428,-1.073708203));
#2356=CARTESIAN_POINT('',(-29.493390012,-13.535928855,-0.995178124));
#2357=CARTESIAN_POINT('',(-29.477458704,-13.571948063,-0.96094191));
#2358=CARTESIAN_POINT('',(-29.445410722,-13.652950544,-0.905745721));
#2359=CARTESIAN_POINT('',(-29.429298857,-13.6979216,-0.884794073));
#2360=CARTESIAN_POINT('',(-29.39841053,-13.792576068,-0.858153785));
#2361=CARTESIAN_POINT('',(-29.383638706,-13.842245207,-0.852469168));
#2362=CARTESIAN_POINT('',(-29.370232201,-13.891921836,-0.854687707));
#2363=CARTESIAN_POINT('',(-29.592883763,-13.444117072,-1.165632056));
#2364=CARTESIAN_POINT('',(-29.586776666,-13.461265081,-1.118042507));
#2365=CARTESIAN_POINT('',(-29.579419268,-13.485619036,-1.073208652));
#2366=CARTESIAN_POINT('',(-29.562875288,-13.54650332,-0.993167359));
#2367=CARTESIAN_POINT('',(-29.553691058,-13.583024899,-0.957971424));
#2368=CARTESIAN_POINT('',(-29.53433728,-13.664874807,-0.900459689));
#2369=CARTESIAN_POINT('',(-29.52417049,-13.710191374,-0.878152156));
#2370=CARTESIAN_POINT('',(-29.503786889,-13.805448522,-0.848481833));
#2371=CARTESIAN_POINT('',(-29.493572987,-13.855375415,-0.841123311));
#2372=CARTESIAN_POINT('',(-29.483804422,-13.905309483,-0.841579565));
#2373=CARTESIAN_POINT('',(-29.614766393,-13.447096286,-1.167328869));
#2374=CARTESIAN_POINT('',(-29.611986211,-13.464511953,-1.119739819));
#2375=CARTESIAN_POINT('',(-29.608069983,-13.489107699,-1.074845297));
#2376=CARTESIAN_POINT('',(-29.59832041,-13.550419593,-0.994533291));
#2377=CARTESIAN_POINT('',(-29.592488434,-13.587127068,-0.959127164));
#2378=CARTESIAN_POINT('',(-29.579439582,-13.669302444,-0.901038686));
#2379=CARTESIAN_POINT('',(-29.57222454,-13.714758722,-0.878364549));
#2380=CARTESIAN_POINT('',(-29.557068839,-13.810269178,-0.8478212));
#2381=CARTESIAN_POINT('',(-29.549130315,-13.860309848,-0.839956307));
#2382=CARTESIAN_POINT('',(-29.541192025,-13.910357596,-0.839856327));
#2383=CARTESIAN_POINT('',(-29.637304235,-13.449193551,-1.17042982));
#2384=CARTESIAN_POINT('',(-29.637870372,-13.466789562,-1.123090448));
#2385=CARTESIAN_POINT('',(-29.637404699,-13.491549893,-1.07840925));
#2386=CARTESIAN_POINT('',(-29.634451919,-13.55315624,-0.998410725));
#2387=CARTESIAN_POINT('',(-29.631965224,-13.589993634,-0.963104593));
#2388=CARTESIAN_POINT('',(-29.625196489,-13.672399888,-0.905076854));
#2389=CARTESIAN_POINT('',(-29.620915394,-13.717957215,-0.882363368));
#2390=CARTESIAN_POINT('',(-29.610947563,-13.813653383,-0.851594702));
#2391=CARTESIAN_POINT('',(-29.605262221,-13.863778831,-0.843543828));
#2392=CARTESIAN_POINT('',(-29.599132961,-13.913911295,-0.843191064));
#2393=B_SPLINE_SURFACE_WITH_KNOTS('',3,3,((#2313,#2314,#2315,#2316,#2317,#2318,#2319,#2320,#2321,#2322),(#2323,#2324,#2325,#2326,#2327,#2328,#2329,#2330,#2331,#2332),(#2333,#2334,#2335,#2336,#2337,#2338,#2339,#2340,#2341,#2342),(#2343,#2344,#2345,#2346,#2347,#2348,#2349,#2350,#2351,#2352),(#2353,#2354,#2355,#2356,#2357,#2358,#2359,#2360,#2361,#2362),(#2363,#2364,#2365,#2366,#2367,#2368,#2369,#2370,#2371,#2372),(#2373,#2374,#2375,#2376,#2377,#2378,#2379,#2380,#2381,#2382),(#2383,#2384,#2385,#2386,#2387,#2388,#2389,#2390,#2391,#2392)),.UNSPECIFIED.,.F.,.F.,.U.,(4,2,2,4),(4,2,2,2,4),(0.002788313,0.002800777,0.002887897,0.002975017),(0.,0.25,0.5,0.75,1.),.UNSPECIFIED.);
#2394=ORIENTED_EDGE('',*,*,#178,.F.);
#2395=ORIENTED_EDGE('',*,*,#1325,.F.);
#2396=CARTESIAN_POINT('',(-29.570403464,-13.913911295,-1.342364998));
#2397=DIRECTION('',(-0.990944753,-0.121555513,-0.057032915));
#2398=DIRECTION('',(-0.057458994,0.,0.998347867));
#2399=AXIS2_PLACEMENT_3D('',#2396,#2397,#2398);
#2400=CIRCLE('',#2399,0.5);
#2401=EDGE_CURVE('',#499,#1312,#2400,.T.);
#2402=ORIENTED_EDGE('',*,*,#2401,.F.);
#2403=ORIENTED_EDGE('',*,*,#542,.F.);
#2404=EDGE_LOOP('',(#2394,#2395,#2402,#2403));
#2405=FACE_BOUND('',#2404,.T.);
#2406=ADVANCED_FACE('',(#2405),#2393,.T.);
#2407=CARTESIAN_POINT('',(-29.991086952,-13.913911295,-0.948214819));
#2408=CARTESIAN_POINT('',(-29.980117998,-13.813646367,-0.942696564));
#2409=CARTESIAN_POINT('',(-29.955010402,-13.713607224,-0.965341028));
#2410=CARTESIAN_POINT('',(-29.885257505,-13.548792492,-1.059078531));
#2411=CARTESIAN_POINT('',(-29.840767017,-13.484386611,-1.129963293));
#2412=CARTESIAN_POINT('',(-29.794407523,-13.449194176,-1.212524242));
#2413=CARTESIAN_POINT('',(-29.869648547,-13.922235143,-0.887121656));
#2414=CARTESIAN_POINT('',(-29.865426716,-13.821573351,-0.886866244));
#2415=CARTESIAN_POINT('',(-29.85105805,-13.721132672,-0.916328222));
#2416=CARTESIAN_POINT('',(-29.806925801,-13.555236345,-1.02452928));
#2417=CARTESIAN_POINT('',(-29.77725648,-13.490143718,-1.103033142));
#2418=CARTESIAN_POINT('',(-29.745057855,-13.454106363,-1.19241919));
#2419=CARTESIAN_POINT('',(-29.734038814,-13.922185495,-0.850955446));
#2420=CARTESIAN_POINT('',(-29.73787328,-13.821526071,-0.852838106));
#2421=CARTESIAN_POINT('',(-29.735660588,-13.721083681,-0.885535899));
#2422=CARTESIAN_POINT('',(-29.719953641,-13.55519605,-1.001308533));
#2423=CARTESIAN_POINT('',(-29.706494827,-13.490108506,-1.084133793));
#2424=CARTESIAN_POINT('',(-29.689779857,-13.454076686,-1.177649869));
#2425=CARTESIAN_POINT('',(-29.599132961,-13.913911295,-0.843191064));
#2426=CARTESIAN_POINT('',(-29.611391481,-13.813646367,-0.843896592));
#2427=CARTESIAN_POINT('',(-29.62181212,-13.713603015,-0.876062984));
#2428=CARTESIAN_POINT('',(-29.635349592,-13.548790507,-0.992118462));
#2429=CARTESIAN_POINT('',(-29.638436508,-13.484385572,-1.075751076));
#2430=CARTESIAN_POINT('',(-29.637304235,-13.449193551,-1.17042982));
#2431=B_SPLINE_SURFACE_WITH_KNOTS('',3,3,((#2407,#2408,#2409,#2410,#2411,#2412),(#2413,#2414,#2415,#2416,#2417,#2418),(#2419,#2420,#2421,#2422,#2423,#2424),(#2425,#2426,#2427,#2428,#2429,#2430)),.UNSPECIFIED.,.F.,.F.,.U.,(4,4),(4,2,4),(0.002944679,0.003147821),(0.,0.5,1.),.UNSPECIFIED.);
#2432=ORIENTED_EDGE('',*,*,#2401,.T.);
#2433=ORIENTED_EDGE('',*,*,#1318,.F.);
#2434=CARTESIAN_POINT('',(-29.766380459,-13.913911295,-1.394876875));
#2435=DIRECTION('',(-0.886699788,0.121555513,-0.446080423));
#2436=DIRECTION('',(-0.449412985,0.,0.893324112));
#2437=AXIS2_PLACEMENT_3D('',#2434,#2435,#2436);
#2438=CIRCLE('',#2437,0.5);
#2439=EDGE_CURVE('',#501,#1303,#2438,.T.);
#2440=ORIENTED_EDGE('',*,*,#2439,.F.);
#2441=ORIENTED_EDGE('',*,*,#507,.F.);
#2442=EDGE_LOOP('',(#2432,#2433,#2440,#2441));
#2443=FACE_BOUND('',#2442,.T.);
#2444=ADVANCED_FACE('',(#2443),#2431,.T.);
#2445=CARTESIAN_POINT('',(-30.407699371,-13.819861832,-1.341538931));
#2446=CARTESIAN_POINT('',(-30.394321237,-13.771107595,-1.318367324));
#2447=CARTESIAN_POINT('',(-30.372836601,-13.722363379,-1.299882358));
#2448=CARTESIAN_POINT('',(-30.316007203,-13.630233188,-1.274310081));
#2449=CARTESIAN_POINT('',(-30.280674123,-13.586866149,-1.267228026));
#2450=CARTESIAN_POINT('',(-30.200040683,-13.510277506,-1.265247671));
#2451=CARTESIAN_POINT('',(-30.154756897,-13.477071642,-1.270349778));
#2452=CARTESIAN_POINT('',(-30.059214424,-13.424473357,-1.292179806));
#2453=CARTESIAN_POINT('',(-30.008975375,-13.405091746,-1.308903241));
#2454=CARTESIAN_POINT('',(-29.959019467,-13.39368895,-1.330519366));
#2455=CARTESIAN_POINT('',(-30.362398621,-13.84472283,-1.263075732));
#2456=CARTESIAN_POINT('',(-30.34874992,-13.795721319,-1.244283805));
#2457=CARTESIAN_POINT('',(-30.327872667,-13.746728771,-1.230649677));
#2458=CARTESIAN_POINT('',(-30.273819003,-13.653835654,-1.215079675));
#2459=CARTESIAN_POINT('',(-30.240652411,-13.609952081,-1.213146417));
#2460=CARTESIAN_POINT('',(-30.165460743,-13.531857595,-1.221152782));
#2461=CARTESIAN_POINT('',(-30.123449288,-13.49766099,-1.231090713));
#2462=CARTESIAN_POINT('',(-30.034925343,-13.442515612,-1.26177822));
#2463=CARTESIAN_POINT('',(-29.988428873,-13.421576976,-1.282521985));
#2464=CARTESIAN_POINT('',(-29.942093787,-13.408361014,-1.307579867));
#2465=CARTESIAN_POINT('',(-30.305505819,-13.864982657,-1.188677127));
#2466=CARTESIAN_POINT('',(-30.292507619,-13.815732728,-1.173996608));
#2467=CARTESIAN_POINT('',(-30.273072147,-13.766491063,-1.164856813));
#2468=CARTESIAN_POINT('',(-30.22324664,-13.672906522,-1.158552696));
#2469=CARTESIAN_POINT('',(-30.192864906,-13.628579355,-1.161389347));
#2470=CARTESIAN_POINT('',(-30.12416472,-13.549250696,-1.178745803));
#2471=CARTESIAN_POINT('',(-30.085857715,-13.514262524,-1.193262608));
#2472=CARTESIAN_POINT('',(-30.005114183,-13.457108866,-1.23252138));
#2473=CARTESIAN_POINT('',(-29.962691113,-13.434952985,-1.257256678));
#2474=CARTESIAN_POINT('',(-29.920312412,-13.420317616,-1.285866014));
#2475=CARTESIAN_POINT('',(-30.163723485,-13.896853522,-1.052411545));
#2476=CARTESIAN_POINT('',(-30.153585455,-13.847105423,-1.044856026));
#2477=CARTESIAN_POINT('',(-30.138540619,-13.797364659,-1.043570424));
#2478=CARTESIAN_POINT('',(-30.100029832,-13.702524637,-1.05364658));
#2479=CARTESIAN_POINT('',(-30.076569501,-13.657439369,-1.065006771));
#2480=CARTESIAN_POINT('',(-30.023410253,-13.576132571,-1.099301776));
#2481=CARTESIAN_POINT('',(-29.993719095,-13.53992304,-1.122231447));
#2482=CARTESIAN_POINT('',(-29.930861892,-13.479761201,-1.177509694));
#2483=CARTESIAN_POINT('',(-29.897705023,-13.455817778,-1.209850038));
#2484=CARTESIAN_POINT('',(-29.864354641,-13.439126635,-1.24538189));
#2485=CARTESIAN_POINT('',(-30.082624414,-13.907638105,-0.994265488));
#2486=CARTESIAN_POINT('',(-30.074596981,-13.857655147,-0.989522691));
#2487=CARTESIAN_POINT('',(-30.062366825,-13.807679298,-0.991378687));
#2488=CARTESIAN_POINT('',(-30.030616431,-13.712310842,-1.008116683));
#2489=CARTESIAN_POINT('',(-30.011100699,-13.66693183,-1.022996285));
#2490=CARTESIAN_POINT('',(-29.966568619,-13.584933036,-1.06441416));
#2491=CARTESIAN_POINT('',(-29.941558593,-13.548324943,-1.090946514));
#2492=CARTESIAN_POINT('',(-29.888332696,-13.487238349,-1.153230071));
#2493=CARTESIAN_POINT('',(-29.860124384,-13.462768557,-1.188972382));
#2494=CARTESIAN_POINT('',(-29.831607858,-13.445490931,-1.227680269));
#2495=CARTESIAN_POINT('',(-29.991087377,-13.913912373,-0.948215033));
#2496=CARTESIAN_POINT('',(-29.985602831,-13.863779845,-0.945455743));
#2497=CARTESIAN_POINT('',(-29.976653656,-13.813654316,-0.94958519));
#2498=CARTESIAN_POINT('',(-29.952636729,-13.717957976,-0.971247482));
#2499=CARTESIAN_POINT('',(-29.937572338,-13.672400556,-0.988777296));
#2500=CARTESIAN_POINT('',(-29.902696337,-13.589994128,-1.035646288));
#2501=CARTESIAN_POINT('',(-29.882889609,-13.553156652,-1.064978907));
#2502=CARTESIAN_POINT('',(-29.840332926,-13.491550168,-1.132783237));
#2503=CARTESIAN_POINT('',(-29.817588927,-13.466789783,-1.171245459));
#2504=CARTESIAN_POINT('',(-29.794409426,-13.449193738,-1.212525651));
#2505=B_SPLINE_SURFACE_WITH_KNOTS('',3,3,((#2445,#2446,#2447,#2448,#2449,#2450,#2451,#2452,#2453,#2454),(#2455,#2456,#2457,#2458,#2459,#2460,#2461,#2462,#2463,#2464),(#2465,#2466,#2467,#2468,#2469,#2470,#2471,#2472,#2473,#2474),(#2475,#2476,#2477,#2478,#2479,#2480,#2481,#2482,#2483,#2484),(#2485,#2486,#2487,#2488,#2489,#2490,#2491,#2492,#2493,#2494),(#2495,#2496,#2497,#2498,#2499,#2500,#2501,#2502,#2503,#2504)),.UNSPECIFIED.,.F.,.F.,.U.,(4,2,4),(4,2,2,2,4),(-0.,0.000153058,0.000306117),(0.,0.25,0.5,0.75,1.),.UNSPECIFIED.);
#2506=ORIENTED_EDGE('',*,*,#2439,.T.);
#2507=ORIENTED_EDGE('',*,*,#1309,.F.);
#2508=CARTESIAN_POINT('',(-29.974686669,-13.819861832,-1.591538931));
#2509=DIRECTION('',(-0.438330096,0.48111008,-0.759209996));
#2510=DIRECTION('',(-0.24055504,-0.876660191,-0.416653552));
#2511=AXIS2_PLACEMENT_3D('',#2508,#2509,#2510);
#2512=CIRCLE('',#2511,0.5);
#2513=EDGE_CURVE('',#510,#1285,#2512,.T.);
#2514=ORIENTED_EDGE('',*,*,#2513,.F.);
#2515=ORIENTED_EDGE('',*,*,#519,.F.);
#2516=EDGE_LOOP('',(#2506,#2507,#2514,#2515));
#2517=FACE_BOUND('',#2516,.T.);
#2518=ADVANCED_FACE('',(#2517),#2505,.T.);
#2519=CARTESIAN_POINT('',(-30.720103211,-12.78,-1.882638255));
#2520=CARTESIAN_POINT('',(-30.693597708,-12.78,-1.836729378));
#2521=CARTESIAN_POINT('',(-30.659734747,-12.78,-1.795078722));
#2522=CARTESIAN_POINT('',(-30.580668485,-12.78,-1.724444504));
#2523=CARTESIAN_POINT('',(-30.535478605,-12.78,-1.695472931));
#2524=CARTESIAN_POINT('',(-30.438288696,-12.78,-1.65310799));
#2525=CARTESIAN_POINT('',(-30.386305165,-12.78,-1.639721813));
#2526=CARTESIAN_POINT('',(-30.280741311,-12.78,-1.629876031));
#2527=CARTESIAN_POINT('',(-30.227178908,-12.78,-1.633418097));
#2528=CARTESIAN_POINT('',(-30.17550488,-12.78,-1.645248629));
#2529=CARTESIAN_POINT('',(-30.720103211,-12.887064004,-1.882638255));
#2530=CARTESIAN_POINT('',(-30.693597708,-12.882196609,-1.836729378));
#2531=CARTESIAN_POINT('',(-30.659734747,-12.877330039,-1.795078722));
#2532=CARTESIAN_POINT('',(-30.580668485,-12.868083525,-1.724444504));
#2533=CARTESIAN_POINT('',(-30.535478605,-12.863705151,-1.695472931));
#2534=CARTESIAN_POINT('',(-30.438288696,-12.855874488,-1.65310799));
#2535=CARTESIAN_POINT('',(-30.386305165,-12.852423529,-1.639721813));
#2536=CARTESIAN_POINT('',(-30.280741311,-12.846794258,-1.629876031));
#2537=CARTESIAN_POINT('',(-30.227178908,-12.844616901,-1.633418097));
#2538=CARTESIAN_POINT('',(-30.17550488,-12.843185314,-1.645248629));
#2539=CARTESIAN_POINT('',(-30.712865284,-12.991654496,-1.870101797));
#2540=CARTESIAN_POINT('',(-30.686668734,-12.982032295,-1.824727353));
#2541=CARTESIAN_POINT('',(-30.653103388,-12.972411718,-1.783617525));
#2542=CARTESIAN_POINT('',(-30.574585206,-12.954132509,-1.714030323));
#2543=CARTESIAN_POINT('',(-30.529645741,-12.945476979,-1.685564799));
#2544=CARTESIAN_POINT('',(-30.432891309,-12.929996598,-1.644131164));
#2545=CARTESIAN_POINT('',(-30.381092819,-12.923174376,-1.631170111));
#2546=CARTESIAN_POINT('',(-30.275823043,-12.912045709,-1.622053347));
#2547=CARTESIAN_POINT('',(-30.222369683,-12.907741155,-1.62589919));
#2548=CARTESIAN_POINT('',(-30.170765287,-12.90491086,-1.637957439));
#2549=CARTESIAN_POINT('',(-30.691467627,-13.144937998,-1.833039969));
#2550=CARTESIAN_POINT('',(-30.666182229,-13.128316227,-1.789243693));
#2551=CARTESIAN_POINT('',(-30.633492259,-13.111697303,-1.749732425));
#2552=CARTESIAN_POINT('',(-30.556581193,-13.080131238,-1.68324196));
#2553=CARTESIAN_POINT('',(-30.512373317,-13.06518952,-1.656274194));
#2554=CARTESIAN_POINT('',(-30.416885845,-13.038486657,-1.617597854));
#2555=CARTESIAN_POINT('',(-30.365622664,-13.026730101,-1.60589593));
#2556=CARTESIAN_POINT('',(-30.261197828,-13.007585364,-1.598938041));
#2557=CARTESIAN_POINT('',(-30.208054126,-13.000200473,-1.603683274));
#2558=CARTESIAN_POINT('',(-30.156643627,-12.995373237,-1.616414795));
#2559=CARTESIAN_POINT('',(-30.682476818,-13.195679472,-1.817467431));
#2560=CARTESIAN_POINT('',(-30.657574255,-13.176735265,-1.774333742));
#2561=CARTESIAN_POINT('',(-30.625251742,-13.157794279,-1.735493794));
#2562=CARTESIAN_POINT('',(-30.549014591,-13.121821333,-1.670304097));
#2563=CARTESIAN_POINT('',(-30.505113112,-13.104795577,-1.643965602));
#2564=CARTESIAN_POINT('',(-30.410155528,-13.074375706,-1.606447912));
#2565=CARTESIAN_POINT('',(-30.359115813,-13.060986838,-1.595275195));
#2566=CARTESIAN_POINT('',(-30.25504292,-13.039196124,-1.589224772));
#2567=CARTESIAN_POINT('',(-30.202027706,-13.030798037,-1.59434811));
#2568=CARTESIAN_POINT('',(-30.150697148,-13.025319009,-1.607362665));
#2569=CARTESIAN_POINT('',(-30.66140388,-13.293003483,-1.780968031));
#2570=CARTESIAN_POINT('',(-30.637397325,-13.269587517,-1.739386259));
#2571=CARTESIAN_POINT('',(-30.605933378,-13.246175583,-1.702119583));
#2572=CARTESIAN_POINT('',(-30.531267736,-13.201723145,-1.639979448));
#2573=CARTESIAN_POINT('',(-30.488079057,-13.180690386,-1.615116824));
#2574=CARTESIAN_POINT('',(-30.394350856,-13.143134982,-1.580317036));
#2575=CARTESIAN_POINT('',(-30.343827673,-13.12661888,-1.57038594));
#2576=CARTESIAN_POINT('',(-30.240564554,-13.099777131,-1.566464243));
#2577=CARTESIAN_POINT('',(-30.187842621,-13.08945616,-1.572474327));
#2578=CARTESIAN_POINT('',(-30.136692011,-13.082756032,-1.586151978));
#2579=CARTESIAN_POINT('',(-30.649292983,-13.339920366,-1.759991344));
#2580=CARTESIAN_POINT('',(-30.625800585,-13.314339972,-1.719301316));
#2581=CARTESIAN_POINT('',(-30.594828787,-13.288764061,-1.682939036));
#2582=CARTESIAN_POINT('',(-30.521062822,-13.240210318,-1.622552409));
#2583=CARTESIAN_POINT('',(-30.47828159,-13.217240994,-1.598538652));
#2584=CARTESIAN_POINT('',(-30.385254858,-13.17624269,-1.565302245));
#2585=CARTESIAN_POINT('',(-30.335025671,-13.158220894,-1.556085423));
#2586=CARTESIAN_POINT('',(-30.232222027,-13.128956416,-1.553388132));
#2587=CARTESIAN_POINT('',(-30.179665597,-13.117718862,-1.559908137));
#2588=CARTESIAN_POINT('',(-30.128615549,-13.110444806,-1.57396678));
#2589=CARTESIAN_POINT('',(-30.60833591,-13.475545263,-1.689051611));
#2590=CARTESIAN_POINT('',(-30.586580835,-13.443671622,-1.651370716));
#2591=CARTESIAN_POINT('',(-30.557267118,-13.411803676,-1.618062806));
#2592=CARTESIAN_POINT('',(-30.486522115,-13.351336512,-1.563601943));
#2593=CARTESIAN_POINT('',(-30.445103499,-13.322748099,-1.542458751));
#2594=CARTESIAN_POINT('',(-30.354412007,-13.271783747,-1.514511233));
#2595=CARTESIAN_POINT('',(-30.305155372,-13.249416915,-1.50771192));
#2596=CARTESIAN_POINT('',(-30.203859982,-13.213200166,-1.509158911));
#2597=CARTESIAN_POINT('',(-30.151839364,-13.199356721,-1.517404963));
#2598=CARTESIAN_POINT('',(-30.101106937,-13.190485729,-1.532752166));
#2599=CARTESIAN_POINT('',(-30.574389741,-13.55978633,-1.630255122));
#2600=CARTESIAN_POINT('',(-30.55407184,-13.523952245,-1.595063485));
#2601=CARTESIAN_POINT('',(-30.526124887,-13.488124678,-1.564285055));
#2602=CARTESIAN_POINT('',(-30.457859814,-13.420176763,-1.514735504));
#2603=CARTESIAN_POINT('',(-30.417554151,-13.388068773,-1.495973442));
#2604=CARTESIAN_POINT('',(-30.328758937,-13.330895453,-1.472414964));
#2605=CARTESIAN_POINT('',(-30.280285584,-13.305840523,-1.467622866));
#2606=CARTESIAN_POINT('',(-30.180192435,-13.265377732,-1.472510493));
#2607=CARTESIAN_POINT('',(-30.128590892,-13.24997723,-1.482189344));
#2608=CARTESIAN_POINT('',(-30.078098111,-13.240201768,-1.498604659));
#2609=CARTESIAN_POINT('',(-30.516983598,-13.668977206,-1.530824766));
#2610=CARTESIAN_POINT('',(-30.499076842,-13.627873056,-1.499809355));
#2611=CARTESIAN_POINT('',(-30.473398453,-13.586776674,-1.473288723));
#2612=CARTESIAN_POINT('',(-30.409197937,-13.508917994,-1.432025491));
#2613=CARTESIAN_POINT('',(-30.370687955,-13.472170411,-1.417290701));
#2614=CARTESIAN_POINT('',(-30.284896702,-13.406900332,-1.401164385));
#2615=CARTESIAN_POINT('',(-30.237631658,-13.378390173,-1.399775915));
#2616=CARTESIAN_POINT('',(-30.139331016,-13.3326156,-1.410495002));
#2617=CARTESIAN_POINT('',(-30.08831401,-13.315359839,-1.422600537));
#2618=CARTESIAN_POINT('',(-30.038111579,-13.304642285,-1.440816109));
#2619=CARTESIAN_POINT('',(-30.496692721,-13.702806514,-1.495679935));
#2620=CARTESIAN_POINT('',(-30.479635309,-13.66004377,-1.466135632));
#2621=CARTESIAN_POINT('',(-30.454752363,-13.617289218,-1.441116961));
#2622=CARTESIAN_POINT('',(-30.391969187,-13.536319473,-1.402779654));
#2623=CARTESIAN_POINT('',(-30.354080998,-13.498119792,-1.389468376));
#2624=CARTESIAN_POINT('',(-30.269321252,-13.43033196,-1.375970409));
#2625=CARTESIAN_POINT('',(-30.222465947,-13.400756797,-1.375786315));
#2626=CARTESIAN_POINT('',(-30.124763012,-13.3533728,-1.388568439));
#2627=CARTESIAN_POINT('',(-30.073934114,-13.335573044,-1.401532214));
#2628=CARTESIAN_POINT('',(-30.0238172,-13.324607123,-1.420383165));
#2629=CARTESIAN_POINT('',(-30.453811391,-13.765355199,-1.421407293));
#2630=CARTESIAN_POINT('',(-30.438537358,-13.719456427,-1.394951892));
#2631=CARTESIAN_POINT('',(-30.415312183,-13.673566729,-1.37309407));
#2632=CARTESIAN_POINT('',(-30.355456292,-13.586736049,-1.340923992));
#2633=CARTESIAN_POINT('',(-30.31883742,-13.545812235,-1.33061811));
#2634=CARTESIAN_POINT('',(-30.236153856,-13.473344698,-1.322673497));
#2635=CARTESIAN_POINT('',(-30.190105523,-13.441815305,-1.325036345));
#2636=CARTESIAN_POINT('',(-30.093544997,-13.391552988,-1.342179465));
#2637=CARTESIAN_POINT('',(-30.043051908,-13.372830004,-1.356956351));
#2638=CARTESIAN_POINT('',(-29.993059361,-13.361521101,-1.377144888));
#2639=CARTESIAN_POINT('',(-30.431149718,-13.794122785,-1.382156125));
#2640=CARTESIAN_POINT('',(-30.416812721,-13.746743724,-1.357323718));
#2641=CARTESIAN_POINT('',(-30.394452613,-13.699374198,-1.337130132));
#2642=CARTESIAN_POINT('',(-30.336111387,-13.609788443,-1.308211835));
#2643=CARTESIAN_POINT('',(-30.300142022,-13.567590244,-1.29949296));
#2644=CARTESIAN_POINT('',(-30.218506234,-13.492956988,-1.294482843));
#2645=CARTESIAN_POINT('',(-30.172856253,-13.460536952,-1.298192621));
#2646=CARTESIAN_POINT('',(-30.076841825,-13.409004135,-1.317641168));
#2647=CARTESIAN_POINT('',(-30.026496712,-13.389901726,-1.333376031));
#2648=CARTESIAN_POINT('',(-29.976542932,-13.378498693,-1.354269049));
#2649=CARTESIAN_POINT('',(-30.407699371,-13.819861832,-1.341538931));
#2650=CARTESIAN_POINT('',(-30.394321237,-13.771107595,-1.318367324));
#2651=CARTESIAN_POINT('',(-30.372836601,-13.722363379,-1.299882358));
#2652=CARTESIAN_POINT('',(-30.316007203,-13.630233188,-1.274310081));
#2653=CARTESIAN_POINT('',(-30.280674123,-13.586866149,-1.267228026));
#2654=CARTESIAN_POINT('',(-30.200040683,-13.510277506,-1.265247671));
#2655=CARTESIAN_POINT('',(-30.154756897,-13.477071642,-1.270349778));
#2656=CARTESIAN_POINT('',(-30.059214424,-13.424473357,-1.292179806));
#2657=CARTESIAN_POINT('',(-30.008975375,-13.405091746,-1.308903241));
#2658=CARTESIAN_POINT('',(-29.959019467,-13.39368895,-1.330519366));
#2659=B_SPLINE_SURFACE_WITH_KNOTS('',3,3,((#2519,#2520,#2521,#2522,#2523,#2524,#2525,#2526,#2527,#2528),(#2529,#2530,#2531,#2532,#2533,#2534,#2535,#2536,#2537,#2538),(#2539,#2540,#2541,#2542,#2543,#2544,#2545,#2546,#2547,#2548),(#2549,#2550,#2551,#2552,#2553,#2554,#2555,#2556,#2557,#2558),(#2559,#2560,#2561,#2562,#2563,#2564,#2565,#2566,#2567,#2568),(#2569,#2570,#2571,#2572,#2573,#2574,#2575,#2576,#2577,#2578),(#2579,#2580,#2581,#2582,#2583,#2584,#2585,#2586,#2587,#2588),(#2589,#2590,#2591,#2592,#2593,#2594,#2595,#2596,#2597,#2598),(#2599,#2600,#2601,#2602,#2603,#2604,#2605,#2606,#2607,#2608),(#2609,#2610,#2611,#2612,#2613,#2614,#2615,#2616,#2617,#2618),(#2619,#2620,#2621,#2622,#2623,#2624,#2625,#2626,#2627,#2628),(#2629,#2630,#2631,#2632,#2633,#2634,#2635,#2636,#2637,#2638),(#2639,#2640,#2641,#2642,#2643,#2644,#2645,#2646,#2647,#2648),(#2649,#2650,#2651,#2652,#2653,#2654,#2655,#2656,#2657,#2658)),.UNSPECIFIED.,.F.,.F.,.U.,(4,2,2,2,2,2,4),(4,2,2,2,4),(-0.,0.000316603,0.000474905,0.000633207,0.00094981,0.001108112,0.001266413),(0.,0.25,0.5,0.75,1.),.UNSPECIFIED.);
#2660=ORIENTED_EDGE('',*,*,#2513,.T.);
#2661=ORIENTED_EDGE('',*,*,#1300,.F.);
#2662=CARTESIAN_POINT('',(-30.287090509,-12.78,-2.132638255));
#2663=DIRECTION('',(0.,1.,0.));
#2664=DIRECTION('',(-0.866025404,0.,0.5));
#2665=AXIS2_PLACEMENT_3D('',#2662,#2663,#2664);
#2666=CIRCLE('',#2665,0.5);
#2667=EDGE_CURVE('',#667,#1207,#2666,.T.);
#2668=ORIENTED_EDGE('',*,*,#2667,.F.);
#2669=ORIENTED_EDGE('',*,*,#775,.F.);
#2670=EDGE_LOOP('',(#2660,#2661,#2668,#2669));
#2671=FACE_BOUND('',#2670,.T.);
#2672=ADVANCED_FACE('',(#2671),#2659,.T.);
#2673=CARTESIAN_POINT('',(-30.287090509,-13.502,-2.132638255));
#2674=DIRECTION('',(0.,1.,0.));
#2675=DIRECTION('',(-0.866025404,0.,0.5));
#2676=AXIS2_PLACEMENT_3D('',#2673,#2674,#2675);
#2677=CYLINDRICAL_SURFACE('',#2676,0.5);
#2678=ORIENTED_EDGE('',*,*,#2667,.T.);
#2679=ORIENTED_EDGE('',*,*,#1212,.F.);
#2680=CARTESIAN_POINT('',(-30.287090509,12.78,-2.132638255));
#2681=DIRECTION('',(0.,1.,0.));
#2682=DIRECTION('',(-0.866025404,0.,0.5));
#2683=AXIS2_PLACEMENT_3D('',#2680,#2681,#2682);
#2684=CIRCLE('',#2683,0.5);
#2685=EDGE_CURVE('',#669,#1198,#2684,.T.);
#2686=ORIENTED_EDGE('',*,*,#2685,.F.);
#2687=ORIENTED_EDGE('',*,*,#674,.F.);
#2688=EDGE_LOOP('',(#2678,#2679,#2686,#2687));
#2689=FACE_BOUND('',#2688,.T.);
#2690=ADVANCED_FACE('',(#2689),#2677,.T.);
#2691=CARTESIAN_POINT('',(-30.407699371,13.819861832,-1.341538931));
#2692=CARTESIAN_POINT('',(-30.394321237,13.771107595,-1.318367324));
#2693=CARTESIAN_POINT('',(-30.372836601,13.722363379,-1.299882358));
#2694=CARTESIAN_POINT('',(-30.316007203,13.630233188,-1.274310081));
#2695=CARTESIAN_POINT('',(-30.280674123,13.586866149,-1.267228026));
#2696=CARTESIAN_POINT('',(-30.200040683,13.510277506,-1.265247671));
#2697=CARTESIAN_POINT('',(-30.154756897,13.477071642,-1.270349778));
#2698=CARTESIAN_POINT('',(-30.059214424,13.424473357,-1.292179806));
#2699=CARTESIAN_POINT('',(-30.008975375,13.405091746,-1.308903241));
#2700=CARTESIAN_POINT('',(-29.959019467,13.39368895,-1.330519366));
#2701=CARTESIAN_POINT('',(-30.454684244,13.768291345,-1.422919119));
#2702=CARTESIAN_POINT('',(-30.439384942,13.722292396,-1.39641995));
#2703=CARTESIAN_POINT('',(-30.41614622,13.676302494,-1.374511611));
#2704=CARTESIAN_POINT('',(-30.356287737,13.589270309,-1.342235283));
#2705=CARTESIAN_POINT('',(-30.319679805,13.548245145,-1.331873714));
#2706=CARTESIAN_POINT('',(-30.23703807,13.475574297,-1.323822959));
#2707=CARTESIAN_POINT('',(-30.19102058,13.443942908,-1.32613541));
#2708=CARTESIAN_POINT('',(-30.0945325,13.393479384,-1.343193927));
#2709=CARTESIAN_POINT('',(-30.044080944,13.374657181,-1.357936669));
#2710=CARTESIAN_POINT('',(-29.994129301,13.363253909,-1.378103984));
#2711=CARTESIAN_POINT('',(-30.497446854,13.706066359,-1.496986132));
#2712=CARTESIAN_POINT('',(-30.480360625,13.663171722,-1.467391916));
#2713=CARTESIAN_POINT('',(-30.455454186,13.620285281,-1.442320271));
#2714=CARTESIAN_POINT('',(-30.392636643,13.539059574,-1.403877032));
#2715=CARTESIAN_POINT('',(-30.354737577,13.500735828,-1.390512821));
#2716=CARTESIAN_POINT('',(-30.269968183,13.432715363,-1.376915872));
#2717=CARTESIAN_POINT('',(-30.22311409,13.40303164,-1.37668576));
#2718=CARTESIAN_POINT('',(-30.125422935,13.355453346,-1.389389464));
#2719=CARTESIAN_POINT('',(-30.074604578,13.337567867,-1.402320866));
#2720=CARTESIAN_POINT('',(-30.024500699,13.326530966,-1.421149096));
#2721=CARTESIAN_POINT('',(-30.555136651,13.5964425,-1.596907792));
#2722=CARTESIAN_POINT('',(-30.535627432,13.55883941,-1.563116833));
#2723=CARTESIAN_POINT('',(-30.508441368,13.521243256,-1.533766423));
#2724=CARTESIAN_POINT('',(-30.441539629,13.449968527,-1.486995994));
#2725=CARTESIAN_POINT('',(-30.401836306,13.416303101,-1.469584614));
#2726=CARTESIAN_POINT('',(-30.314048803,13.35641171,-1.448518754));
#2727=CARTESIAN_POINT('',(-30.265980828,13.330196793,-1.444868169));
#2728=CARTESIAN_POINT('',(-30.166489129,13.287950527,-1.451711561));
#2729=CARTESIAN_POINT('',(-30.11508377,13.271926972,-1.462204279));
#2730=CARTESIAN_POINT('',(-30.064688498,13.261834918,-1.479223379));
#2731=CARTESIAN_POINT('',(-30.573403409,13.556826754,-1.628546746));
#2732=CARTESIAN_POINT('',(-30.553124241,13.521109274,-1.593421254));
#2733=CARTESIAN_POINT('',(-30.52520987,13.485398271,-1.562712427));
#2734=CARTESIAN_POINT('',(-30.456994964,13.417677714,-1.513301321));
#2735=CARTESIAN_POINT('',(-30.416706888,13.385680519,-1.494608069));
#2736=CARTESIAN_POINT('',(-30.327932037,13.328717207,-1.471177983));
#2737=CARTESIAN_POINT('',(-30.279461477,13.303761486,-1.466445431));
#2738=CARTESIAN_POINT('',(-30.179361912,13.263479544,-1.471434714));
#2739=CARTESIAN_POINT('',(-30.127751189,13.248160675,-1.48115564));
#2740=CARTESIAN_POINT('',(-30.077245607,13.238455047,-1.497600868));
#2741=CARTESIAN_POINT('',(-30.606758926,13.473905508,-1.686320195));
#2742=CARTESIAN_POINT('',(-30.585070247,13.442095304,-1.648753353));
#2743=CARTESIAN_POINT('',(-30.555818501,13.410290758,-1.615561954));
#2744=CARTESIAN_POINT('',(-30.485183492,13.349947661,-1.561328202));
#2745=CARTESIAN_POINT('',(-30.443812891,13.321419919,-1.540295574));
#2746=CARTESIAN_POINT('',(-30.35320057,13.270571412,-1.512552332));
#2747=CARTESIAN_POINT('',(-30.303975093,13.248259754,-1.505846694));
#2748=CARTESIAN_POINT('',(-30.202724553,13.212144891,-1.507454263));
#2749=CARTESIAN_POINT('',(-30.150717637,13.198348155,-1.515767185));
#2750=CARTESIAN_POINT('',(-30.099990916,13.189518072,-1.531163943));
#2751=CARTESIAN_POINT('',(-30.621914142,13.430559214,-1.712569799));
#2752=CARTESIAN_POINT('',(-30.5995831,13.400772965,-1.6738913));
#2753=CARTESIAN_POINT('',(-30.569719683,13.37099201,-1.639570792));
#2754=CARTESIAN_POINT('',(-30.497973137,13.314476396,-1.583145398));
#2755=CARTESIAN_POINT('',(-30.456102767,13.28775178,-1.561050547));
#2756=CARTESIAN_POINT('',(-30.364637051,13.240093097,-1.531349642));
#2757=CARTESIAN_POINT('',(-30.315057971,13.219167499,-1.523748871));
#2758=CARTESIAN_POINT('',(-30.213262515,13.185256842,-1.52382194));
#2759=CARTESIAN_POINT('',(-30.161064239,13.172277809,-1.531495768));
#2760=CARTESIAN_POINT('',(-30.110226492,13.163936585,-1.546415783));
#2761=CARTESIAN_POINT('',(-30.649228721,13.340156257,-1.759880038));
#2762=CARTESIAN_POINT('',(-30.625739051,13.31456496,-1.719194737));
#2763=CARTESIAN_POINT('',(-30.594769862,13.288978149,-1.682837251));
#2764=CARTESIAN_POINT('',(-30.52100866,13.240403752,-1.622459923));
#2765=CARTESIAN_POINT('',(-30.478229581,13.21742468,-1.598450669));
#2766=CARTESIAN_POINT('',(-30.38520655,13.176409058,-1.565222556));
#2767=CARTESIAN_POINT('',(-30.33497891,13.158379696,-1.556009526));
#2768=CARTESIAN_POINT('',(-30.232177677,13.129103065,-1.553318733));
#2769=CARTESIAN_POINT('',(-30.17962211,13.117860927,-1.559841444));
#2770=CARTESIAN_POINT('',(-30.128572582,13.11058402,-1.573902109));
#2771=CARTESIAN_POINT('',(-30.66138731,13.293098635,-1.780939331));
#2772=CARTESIAN_POINT('',(-30.637381175,13.269678262,-1.739359136));
#2773=CARTESIAN_POINT('',(-30.605917737,13.246261956,-1.702094056));
#2774=CARTESIAN_POINT('',(-30.531253212,13.201801254,-1.639956965));
#2775=CARTESIAN_POINT('',(-30.488065143,13.180764605,-1.615095787));
#2776=CARTESIAN_POINT('',(-30.394338166,13.143202276,-1.580298579));
#2777=CARTESIAN_POINT('',(-30.343815598,13.126683141,-1.570368615));
#2778=CARTESIAN_POINT('',(-30.240553618,13.099836471,-1.566448749));
#2779=CARTESIAN_POINT('',(-30.187832206,13.089513614,-1.572459532));
#2780=CARTESIAN_POINT('',(-30.136682024,13.082812263,-1.586137631));
#2781=CARTESIAN_POINT('',(-30.682588627,13.195124394,-1.81766109));
#2782=CARTESIAN_POINT('',(-30.657681022,13.176205579,-1.774519507));
#2783=CARTESIAN_POINT('',(-30.625353776,13.157290013,-1.735671557));
#2784=CARTESIAN_POINT('',(-30.549108137,13.12136533,-1.6704663));
#2785=CARTESIAN_POINT('',(-30.505202904,13.104362409,-1.64412025));
#2786=CARTESIAN_POINT('',(-30.410239005,13.073983249,-1.606588564));
#2787=CARTESIAN_POINT('',(-30.35919673,13.06061225,-1.595409408));
#2788=CARTESIAN_POINT('',(-30.255119981,13.038850451,-1.58934783));
#2789=CARTESIAN_POINT('',(-30.202103471,13.030463406,-1.594466456));
#2790=CARTESIAN_POINT('',(-30.150772216,13.024991431,-1.60747741));
#2791=CARTESIAN_POINT('',(-30.691534363,13.144521186,-1.83315556));
#2792=CARTESIAN_POINT('',(-30.666246549,13.127918483,-1.789353968));
#2793=CARTESIAN_POINT('',(-30.633554128,13.111318605,-1.749837299));
#2794=CARTESIAN_POINT('',(-30.556638336,13.079788679,-1.683336403));
#2795=CARTESIAN_POINT('',(-30.512428185,13.064864048,-1.656363608));
#2796=CARTESIAN_POINT('',(-30.41693656,13.038191682,-1.617678081));
#2797=CARTESIAN_POINT('',(-30.365671501,13.02644853,-1.605972));
#2798=CARTESIAN_POINT('',(-30.26124349,13.007325569,-1.599007087));
#2799=CARTESIAN_POINT('',(-30.20809849,12.999949046,-1.603749454));
#2800=CARTESIAN_POINT('',(-30.156687043,12.995127238,-1.616478898));
#2801=CARTESIAN_POINT('',(-30.712839711,12.991774318,-1.870057504));
#2802=CARTESIAN_POINT('',(-30.686644679,12.982146661,-1.82468455));
#2803=CARTESIAN_POINT('',(-30.653080659,12.97252061,-1.783576219));
#2804=CARTESIAN_POINT('',(-30.574564679,12.954230995,-1.713991953));
#2805=CARTESIAN_POINT('',(-30.52962609,12.945570535,-1.685527869));
#2806=CARTESIAN_POINT('',(-30.432872958,12.93008136,-1.644096963));
#2807=CARTESIAN_POINT('',(-30.381074891,12.923255274,-1.631137198));
#2808=CARTESIAN_POINT('',(-30.275805569,12.912120358,-1.622022756));
#2809=CARTESIAN_POINT('',(-30.222352239,12.907813417,-1.625869631));
#2810=CARTESIAN_POINT('',(-30.170747726,12.904981601,-1.637928729));
#2811=CARTESIAN_POINT('',(-30.720103211,12.887280493,-1.882638255));
#2812=CARTESIAN_POINT('',(-30.693597708,12.882403255,-1.836729378));
#2813=CARTESIAN_POINT('',(-30.659734747,12.877526845,-1.795078722));
#2814=CARTESIAN_POINT('',(-30.580668485,12.868261635,-1.724444504));
#2815=CARTESIAN_POINT('',(-30.535478605,12.863874407,-1.695472931));
#2816=CARTESIAN_POINT('',(-30.438288696,12.85602791,-1.65310799));
#2817=CARTESIAN_POINT('',(-30.386305165,12.852569973,-1.639721813));
#2818=CARTESIAN_POINT('',(-30.280741311,12.846929319,-1.629876031));
#2819=CARTESIAN_POINT('',(-30.227178908,12.844747559,-1.633418097));
#2820=CARTESIAN_POINT('',(-30.17550488,12.843313078,-1.645248629));
#2821=CARTESIAN_POINT('',(-30.720103211,12.78,-1.882638255));
#2822=CARTESIAN_POINT('',(-30.693597708,12.78,-1.836729378));
#2823=CARTESIAN_POINT('',(-30.659734747,12.78,-1.795078722));
#2824=CARTESIAN_POINT('',(-30.580668485,12.78,-1.724444504));
#2825=CARTESIAN_POINT('',(-30.535478605,12.78,-1.695472931));
#2826=CARTESIAN_POINT('',(-30.438288696,12.78,-1.65310799));
#2827=CARTESIAN_POINT('',(-30.386305165,12.78,-1.639721813));
#2828=CARTESIAN_POINT('',(-30.280741311,12.78,-1.629876031));
#2829=CARTESIAN_POINT('',(-30.227178908,12.78,-1.633418097));
#2830=CARTESIAN_POINT('',(-30.17550488,12.78,-1.645248629));
#2831=B_SPLINE_SURFACE_WITH_KNOTS('',3,3,((#2691,#2692,#2693,#2694,#2695,#2696,#2697,#2698,#2699,#2700),(#2701,#2702,#2703,#2704,#2705,#2706,#2707,#2708,#2709,#2710),(#2711,#2712,#2713,#2714,#2715,#2716,#2717,#2718,#2719,#2720),(#2721,#2722,#2723,#2724,#2725,#2726,#2727,#2728,#2729,#2730),(#2731,#2732,#2733,#2734,#2735,#2736,#2737,#2738,#2739,#2740),(#2741,#2742,#2743,#2744,#2745,#2746,#2747,#2748,#2749,#2750),(#2751,#2752,#2753,#2754,#2755,#2756,#2757,#2758,#2759,#2760),(#2761,#2762,#2763,#2764,#2765,#2766,#2767,#2768,#2769,#2770),(#2771,#2772,#2773,#2774,#2775,#2776,#2777,#2778,#2779,#2780),(#2781,#2782,#2783,#2784,#2785,#2786,#2787,#2788,#2789,#2790),(#2791,#2792,#2793,#2794,#2795,#2796,#2797,#2798,#2799,#2800),(#2801,#2802,#2803,#2804,#2805,#2806,#2807,#2808,#2809,#2810),(#2811,#2812,#2813,#2814,#2815,#2816,#2817,#2818,#2819,#2820),(#2821,#2822,#2823,#2824,#2825,#2826,#2827,#2828,#2829,#2830)),.UNSPECIFIED.,.F.,.F.,.U.,(4,2,2,2,2,2,4),(4,2,2,2,4),(-0.,0.000317029,0.000475544,0.000634059,0.000792574,0.000951088,0.001268118),(0.,0.25,0.5,0.75,1.),.UNSPECIFIED.);
#2832=ORIENTED_EDGE('',*,*,#2685,.T.);
#2833=ORIENTED_EDGE('',*,*,#1272,.F.);
#2834=CARTESIAN_POINT('',(-29.974686669,13.819861832,-1.591538931));
#2835=DIRECTION('',(0.438330096,0.48111008,0.759209996));
#2836=DIRECTION('',(-0.24055504,0.876660191,-0.416653552));
#2837=AXIS2_PLACEMENT_3D('',#2834,#2835,#2836);
#2838=CIRCLE('',#2837,0.5);
#2839=EDGE_CURVE('',#677,#1250,#2838,.T.);
#2840=ORIENTED_EDGE('',*,*,#2839,.F.);
#2841=ORIENTED_EDGE('',*,*,#692,.F.);
#2842=EDGE_LOOP('',(#2832,#2833,#2840,#2841));
#2843=FACE_BOUND('',#2842,.T.);
#2844=ADVANCED_FACE('',(#2843),#2831,.T.);
#2845=CARTESIAN_POINT('',(-30.118380018,13.901308477,-1.024587201));
#2846=CARTESIAN_POINT('',(-30.109496295,13.851450429,-1.018315965));
#2847=CARTESIAN_POINT('',(-30.096073643,13.801599651,-1.018477244));
#2848=CARTESIAN_POINT('',(-30.061391366,13.706521179,-1.031649925));
#2849=CARTESIAN_POINT('',(-30.040136797,13.66130735,-1.044659406));
#2850=CARTESIAN_POINT('',(-29.991765715,13.579710377,-1.082321962));
#2851=CARTESIAN_POINT('',(-29.964656256,13.543339132,-1.106969546));
#2852=CARTESIAN_POINT('',(-29.907095682,13.482813529,-1.165618736));
#2853=CARTESIAN_POINT('',(-29.876652961,13.458667997,-1.199611789));
#2854=CARTESIAN_POINT('',(-29.845954972,13.441755823,-1.236702027));
#2855=CARTESIAN_POINT('',(-30.149064048,13.897212577,-1.046247802));
#2856=CARTESIAN_POINT('',(-30.139403791,13.847436115,-1.038928451));
#2857=CARTESIAN_POINT('',(-30.124930131,13.797667016,-1.03791806));
#2858=CARTESIAN_POINT('',(-30.087702889,13.70277736,-1.048608498));
#2859=CARTESIAN_POINT('',(-30.064954808,13.657670839,-1.06030774));
#2860=CARTESIAN_POINT('',(-30.013306705,13.576334137,-1.095324148));
#2861=CARTESIAN_POINT('',(-29.984414317,13.540115986,-1.118636129));
#2862=CARTESIAN_POINT('',(-29.923181726,13.479952286,-1.174696297));
#2863=CARTESIAN_POINT('',(-29.890850573,13.456015637,-1.207436187));
#2864=CARTESIAN_POINT('',(-29.858309039,13.43933857,-1.243361343));
#2865=CARTESIAN_POINT('',(-30.178288179,13.892441795,-1.069461059));
#2866=CARTESIAN_POINT('',(-30.167928105,13.84275365,-1.060981168));
#2867=CARTESIAN_POINT('',(-30.152478556,13.793072985,-1.058682047));
#2868=CARTESIAN_POINT('',(-30.112850626,13.698392719,-1.066659858));
#2869=CARTESIAN_POINT('',(-30.088678204,13.653407373,-1.076935579));
#2870=CARTESIAN_POINT('',(-30.033885346,13.572371415,-1.109094001));
#2871=CARTESIAN_POINT('',(-30.003273148,13.536333003,-1.13097185));
#2872=CARTESIAN_POINT('',(-29.938490628,13.476600258,-1.184268512));
#2873=CARTESIAN_POINT('',(-29.904330047,13.452914918,-1.215679292));
#2874=CARTESIAN_POINT('',(-29.870003423,13.436523027,-1.250376763));
#2875=CARTESIAN_POINT('',(-30.233854171,13.88144287,-1.118857493));
#2876=CARTESIAN_POINT('',(-30.222279471,13.831938382,-1.107838054));
#2877=CARTESIAN_POINT('',(-30.20504875,13.782441676,-1.102732239));
#2878=CARTESIAN_POINT('',(-30.1609276,13.688212985,-1.104836322));
#2879=CARTESIAN_POINT('',(-30.134044099,13.643495813,-1.11204588));
#2880=CARTESIAN_POINT('',(-30.073209264,13.563146434,-1.138086738));
#2881=CARTESIAN_POINT('',(-30.039267483,13.527526858,-1.156913934));
#2882=CARTESIAN_POINT('',(-29.96759012,13.46881574,-1.204373902));
#2883=CARTESIAN_POINT('',(-29.929865795,13.445733429,-1.232999204));
#2884=CARTESIAN_POINT('',(-29.892064691,13.430031858,-1.26514586));
#2885=CARTESIAN_POINT('',(-30.260153739,13.875203034,-1.145053985));
#2886=CARTESIAN_POINT('',(-30.248066711,13.825793854,-1.132654284));
#2887=CARTESIAN_POINT('',(-30.23003309,13.776392642,-1.126029193));
#2888=CARTESIAN_POINT('',(-30.183823899,13.682406261,-1.124969717));
#2889=CARTESIAN_POINT('',(-30.15565577,13.637836247,-1.130535486));
#2890=CARTESIAN_POINT('',(-30.091927687,13.557873355,-1.153314857));
#2891=CARTESIAN_POINT('',(-30.056377995,13.522493372,-1.17052477));
#2892=CARTESIAN_POINT('',(-29.981359293,13.464374333,-1.214910551));
#2893=CARTESIAN_POINT('',(-29.941902363,13.441644651,-1.242079247));
#2894=CARTESIAN_POINT('',(-29.902413574,13.426349331,-1.272902818));
#2895=CARTESIAN_POINT('',(-30.332712998,13.854731916,-1.225523422));
#2896=CARTESIAN_POINT('',(-30.319451049,13.805605465,-1.208805665));
#2897=CARTESIAN_POINT('',(-30.29935901,13.756487645,-1.197433959));
#2898=CARTESIAN_POINT('',(-30.247548005,13.663249837,-1.186526704));
#2899=CARTESIAN_POINT('',(-30.215838106,13.619146233,-1.186993009));
#2900=CARTESIAN_POINT('',(-30.144017914,13.540442146,-1.199708625));
#2901=CARTESIAN_POINT('',(-30.103920186,13.505855497,-1.211955638));
#2902=CARTESIAN_POINT('',(-30.019406416,13.449721205,-1.246977031));
#2903=CARTESIAN_POINT('',(-29.975005159,13.428183436,-1.2697452));
#2904=CARTESIAN_POINT('',(-29.930705799,13.414268016,-1.296612479));
#2905=CARTESIAN_POINT('',(-30.37353621,13.838610534,-1.282366601));
#2906=CARTESIAN_POINT('',(-30.35995403,13.789669818,-1.262497891));
#2907=CARTESIAN_POINT('',(-30.338927446,13.740738325,-1.247671142));
#2908=CARTESIAN_POINT('',(-30.284191344,13.64803278,-1.229641992));
#2909=CARTESIAN_POINT('',(-30.250492101,13.604276201,-1.226442858));
#2910=CARTESIAN_POINT('',(-30.173962526,13.52655194,-1.231993899));
#2911=CARTESIAN_POINT('',(-30.13114654,13.492598917,-1.2407429));
#2912=CARTESIAN_POINT('',(-30.040897028,13.438079764,-1.269252718));
#2913=CARTESIAN_POINT('',(-29.993480411,13.417523936,-1.289008049));
#2914=CARTESIAN_POINT('',(-29.946255115,13.404753758,-1.313219745));
#2915=CARTESIAN_POINT('',(-30.407699371,13.819861832,-1.341538931));
#2916=CARTESIAN_POINT('',(-30.394321237,13.771107595,-1.318367324));
#2917=CARTESIAN_POINT('',(-30.372836601,13.722363379,-1.299882358));
#2918=CARTESIAN_POINT('',(-30.316007203,13.630233188,-1.274310081));
#2919=CARTESIAN_POINT('',(-30.280674123,13.586866149,-1.267228026));
#2920=CARTESIAN_POINT('',(-30.200040683,13.510277506,-1.265247671));
#2921=CARTESIAN_POINT('',(-30.154756897,13.477071642,-1.270349778));
#2922=CARTESIAN_POINT('',(-30.059214424,13.424473357,-1.292179806));
#2923=CARTESIAN_POINT('',(-30.008975375,13.405091746,-1.308903241));
#2924=CARTESIAN_POINT('',(-29.959019467,13.39368895,-1.330519366));
#2925=B_SPLINE_SURFACE_WITH_KNOTS('',3,3,((#2845,#2846,#2847,#2848,#2849,#2850,#2851,#2852,#2853,#2854),(#2855,#2856,#2857,#2858,#2859,#2860,#2861,#2862,#2863,#2864),(#2865,#2866,#2867,#2868,#2869,#2870,#2871,#2872,#2873,#2874),(#2875,#2876,#2877,#2878,#2879,#2880,#2881,#2882,#2883,#2884),(#2885,#2886,#2887,#2888,#2889,#2890,#2891,#2892,#2893,#2894),(#2895,#2896,#2897,#2898,#2899,#2900,#2901,#2902,#2903,#2904),(#2905,#2906,#2907,#2908,#2909,#2910,#2911,#2912,#2913,#2914),(#2915,#2916,#2917,#2918,#2919,#2920,#2921,#2922,#2923,#2924)),.UNSPECIFIED.,.F.,.F.,.U.,(4,2,2,4),(4,2,2,2,4),(0.000074997,0.00013266,0.000190323,0.000305649),(0.,0.25,0.5,0.75,1.),.UNSPECIFIED.);
#2926=ORIENTED_EDGE('',*,*,#2839,.T.);
#2927=ORIENTED_EDGE('',*,*,#1256,.F.);
#2928=CARTESIAN_POINT('',(-29.830026992,13.901308477,-1.433063066));
#2929=DIRECTION('',(0.798187674,0.21309437,0.563460048));
#2930=DIRECTION('',(0.576706051,0.,-0.816951731));
#2931=AXIS2_PLACEMENT_3D('',#2928,#2929,#2930);
#2932=CIRCLE('',#2931,0.5);
#2933=EDGE_CURVE('',#864,#1241,#2932,.T.);
#2934=ORIENTED_EDGE('',*,*,#2933,.F.);
#2935=ORIENTED_EDGE('',*,*,#895,.F.);
#2936=EDGE_LOOP('',(#2926,#2927,#2934,#2935));
#2937=FACE_BOUND('',#2936,.T.);
#2938=ADVANCED_FACE('',(#2937),#2925,.T.);
#2939=CARTESIAN_POINT('',(-29.845954973,13.441755823,-1.236702028));
#2940=CARTESIAN_POINT('',(-29.907350951,13.475580171,-1.162521552));
#2941=CARTESIAN_POINT('',(-29.967580175,13.53891189,-1.101153241));
#2942=CARTESIAN_POINT('',(-30.064322339,13.702105836,-1.025828128));
#2943=CARTESIAN_POINT('',(-30.100612573,13.801592381,-1.012044729));
#2944=CARTESIAN_POINT('',(-30.118380019,13.901308477,-1.024587201));
#2945=CARTESIAN_POINT('',(-29.831050525,13.444672094,-1.228667959));
#2946=CARTESIAN_POINT('',(-29.887998248,13.47906373,-1.151676278));
#2947=CARTESIAN_POINT('',(-29.943569015,13.542828124,-1.087063086));
#2948=CARTESIAN_POINT('',(-30.032404118,13.70665007,-1.005353132));
#2949=CARTESIAN_POINT('',(-30.065467797,13.806336984,-0.988441476));
#2950=CARTESIAN_POINT('',(-30.081361559,13.906249938,-0.998454972));
#2951=CARTESIAN_POINT('',(-29.814953529,13.447040149,-1.221045916));
#2952=CARTESIAN_POINT('',(-29.867217062,13.481859317,-1.141389047));
#2953=CARTESIAN_POINT('',(-29.9178866,13.545962774,-1.073752857));
#2954=CARTESIAN_POINT('',(-29.998312001,13.71030311,-0.986196967));
#2955=CARTESIAN_POINT('',(-30.02788836,13.810172833,-0.966472973));
#2956=CARTESIAN_POINT('',(-30.041655564,13.910265912,-0.974256195));
#2957=CARTESIAN_POINT('',(-29.781388727,13.450576843,-1.207100107));
#2958=CARTESIAN_POINT('',(-29.824004881,13.486009134,-1.122688835));
#2959=CARTESIAN_POINT('',(-29.86457765,13.55060882,-1.04973291));
#2960=CARTESIAN_POINT('',(-29.92756537,13.715726802,-0.952051108));
#2961=CARTESIAN_POINT('',(-29.94984227,13.815882748,-0.927539689));
#2962=CARTESIAN_POINT('',(-29.959039937,13.916258703,-0.931612215));
#2963=CARTESIAN_POINT('',(-29.764023343,13.4517499,-1.200797586));
#2964=CARTESIAN_POINT('',(-29.801703229,13.487370157,-1.11430523));
#2965=CARTESIAN_POINT('',(-29.837108624,13.552128179,-1.039060467));
#2966=CARTESIAN_POINT('',(-29.891118503,13.717505984,-0.937110343));
#2967=CARTESIAN_POINT('',(-29.909605147,13.817764771,-0.910627544));
#2968=CARTESIAN_POINT('',(-29.916375137,13.918242886,-0.91322041));
#2969=CARTESIAN_POINT('',(-29.72833556,13.452972914,-1.189515374));
#2970=CARTESIAN_POINT('',(-29.755860789,13.488788544,-1.099509506));
#2971=CARTESIAN_POINT('',(-29.780619536,13.553711956,-1.020467613));
#2972=CARTESIAN_POINT('',(-29.816059581,13.719362271,-0.911598479));
#2973=CARTESIAN_POINT('',(-29.826663999,13.819729562,-0.882007601));
#2974=CARTESIAN_POINT('',(-29.828323345,13.920315216,-0.88236826));
#2975=CARTESIAN_POINT('',(-29.709878614,13.453012759,-1.184513718));
#2976=CARTESIAN_POINT('',(-29.732145001,13.488834456,-1.093072184));
#2977=CARTESIAN_POINT('',(-29.751381745,13.553763145,-1.012519199));
#2978=CARTESIAN_POINT('',(-29.777153641,13.719422403,-0.900995178));
#2979=CARTESIAN_POINT('',(-29.783632804,13.8197934,-0.870266201));
#2980=CARTESIAN_POINT('',(-29.782586125,13.92038273,-0.869873636));
#2981=CARTESIAN_POINT('',(-29.673380295,13.451952095,-1.176225629));
#2982=CARTESIAN_POINT('',(-29.685127065,13.487604889,-1.082654073));
#2983=CARTESIAN_POINT('',(-29.693282978,13.552390343,-0.99995227));
#2984=CARTESIAN_POINT('',(-29.699589269,13.717813149,-0.884899541));
#2985=CARTESIAN_POINT('',(-29.697725845,13.818089738,-0.852799518));
#2986=CARTESIAN_POINT('',(-29.691167373,13.918585494,-0.851678418));
#2987=CARTESIAN_POINT('',(-29.655241811,13.450862738,-1.172897826));
#2988=CARTESIAN_POINT('',(-29.661700668,13.486341825,-1.078616513));
#2989=CARTESIAN_POINT('',(-29.664269527,13.550980094,-0.995259875));
#2990=CARTESIAN_POINT('',(-29.660728583,13.716160107,-0.879301081));
#2991=CARTESIAN_POINT('',(-29.654626355,13.816339861,-0.846953041));
#2992=CARTESIAN_POINT('',(-29.645247403,13.916739639,-0.845845138));
#2993=CARTESIAN_POINT('',(-29.637304235,13.449193551,-1.17042982));
#2994=CARTESIAN_POINT('',(-29.638436508,13.484385572,-1.075751076));
#2995=CARTESIAN_POINT('',(-29.635349592,13.548790507,-0.992118462));
#2996=CARTESIAN_POINT('',(-29.62181212,13.713603015,-0.876062984));
#2997=CARTESIAN_POINT('',(-29.611391481,13.813646367,-0.843896592));
#2998=CARTESIAN_POINT('',(-29.599132961,13.913911295,-0.843191064));
#2999=B_SPLINE_SURFACE_WITH_KNOTS('',3,3,((#2939,#2940,#2941,#2942,#2943,#2944),(#2945,#2946,#2947,#2948,#2949,#2950),(#2951,#2952,#2953,#2954,#2955,#2956),(#2957,#2958,#2959,#2960,#2961,#2962),(#2963,#2964,#2965,#2966,#2967,#2968),(#2969,#2970,#2971,#2972,#2973,#2974),(#2975,#2976,#2977,#2978,#2979,#2980),(#2981,#2982,#2983,#2984,#2985,#2986),(#2987,#2988,#2989,#2990,#2991,#2992),(#2993,#2994,#2995,#2996,#2997,#2998)),.UNSPECIFIED.,.F.,.F.,.U.,(4,2,2,2,4),(4,2,4),(0.002870064,0.002939503,0.003008942,0.003078382,0.003147821),(0.,0.5,1.),.UNSPECIFIED.);
#3000=ORIENTED_EDGE('',*,*,#2933,.T.);
#3001=ORIENTED_EDGE('',*,*,#1247,.F.);
#3002=CARTESIAN_POINT('',(-29.570403464,13.913911295,-1.342364998));
#3003=DIRECTION('',(0.990944753,-0.121555513,0.057032915));
#3004=DIRECTION('',(0.057458994,-0.,-0.998347867));
#3005=AXIS2_PLACEMENT_3D('',#3002,#3003,#3004);
#3006=CIRCLE('',#3005,0.5);
#3007=EDGE_CURVE('',#866,#1232,#3006,.T.);
#3008=ORIENTED_EDGE('',*,*,#3007,.F.);
#3009=ORIENTED_EDGE('',*,*,#875,.F.);
#3010=EDGE_LOOP('',(#3000,#3001,#3008,#3009));
#3011=FACE_BOUND('',#3010,.T.);
#3012=ADVANCED_FACE('',(#3011),#2999,.T.);
#3013=CARTESIAN_POINT('',(-29.238398666,13.869379632,-0.888631634));
#3014=CARTESIAN_POINT('',(-29.255968688,13.820050682,-0.883039621));
#3015=CARTESIAN_POINT('',(-29.276079897,13.770729884,-0.885442072));
#3016=CARTESIAN_POINT('',(-29.319406347,13.676956119,-0.905999519));
#3017=CARTESIAN_POINT('',(-29.342614426,13.632518658,-0.924151115));
#3018=CARTESIAN_POINT('',(-29.389837345,13.552913755,-0.974414488));
#3019=CARTESIAN_POINT('',(-29.41384438,13.517759476,-1.006517953));
#3020=CARTESIAN_POINT('',(-29.46028808,13.460205297,-1.081510495));
#3021=CARTESIAN_POINT('',(-29.482717068,13.437814913,-1.124387171));
#3022=CARTESIAN_POINT('',(-29.503250049,13.422912486,-1.170535431));
#3023=CARTESIAN_POINT('',(-29.246134309,13.870896249,-0.886172283));
#3024=CARTESIAN_POINT('',(-29.263465444,13.821546231,-0.880813419));
#3025=CARTESIAN_POINT('',(-29.283264642,13.772204316,-0.883443628));
#3026=CARTESIAN_POINT('',(-29.325857826,13.678374908,-0.904424192));
#3027=CARTESIAN_POINT('',(-29.348644816,13.63390283,-0.922771101));
#3028=CARTESIAN_POINT('',(-29.394965336,13.554204644,-0.973379087));
#3029=CARTESIAN_POINT('',(-29.418491256,13.518991627,-1.005631849));
#3030=CARTESIAN_POINT('',(-29.463967732,13.461290581,-1.080872316));
#3031=CARTESIAN_POINT('',(-29.485910817,13.43881203,-1.123847659));
#3032=CARTESIAN_POINT('',(-29.505983008,13.423807537,-1.170071126));
#3033=CARTESIAN_POINT('',(-29.253935593,13.872382267,-0.883794821));
#3034=CARTESIAN_POINT('',(-29.271024412,13.823011135,-0.87866328));
#3035=CARTESIAN_POINT('',(-29.290508527,13.773648057,-0.881515384));
#3036=CARTESIAN_POINT('',(-29.332362815,13.679763398,-0.902908014));
#3037=CARTESIAN_POINT('',(-29.354726156,13.635257144,-0.921445049));
#3038=CARTESIAN_POINT('',(-29.400139278,13.555467407,-0.972388455));
#3039=CARTESIAN_POINT('',(-29.423181645,13.520196951,-1.00478651));
#3040=CARTESIAN_POINT('',(-29.467685678,13.462352666,-1.08026828));
#3041=CARTESIAN_POINT('',(-29.489140079,13.43978828,-1.123339672));
#3042=CARTESIAN_POINT('',(-29.508748322,13.42468453,-1.169636383));
#3043=CARTESIAN_POINT('',(-29.315057359,13.883689441,-0.865976533));
#3044=CARTESIAN_POINT('',(-29.330238049,13.83415386,-0.862564726));
#3045=CARTESIAN_POINT('',(-29.34725119,13.784625983,-0.86709429));
#3046=CARTESIAN_POINT('',(-29.383322157,13.690315013,-0.891600768));
#3047=CARTESIAN_POINT('',(-29.402374404,13.645546599,-0.911573852));
#3048=CARTESIAN_POINT('',(-29.440698953,13.565059005,-0.965050137));
#3049=CARTESIAN_POINT('',(-29.459965334,13.529352355,-0.998545001));
#3050=CARTESIAN_POINT('',(-29.49687319,13.470423492,-1.075848079));
#3051=CARTESIAN_POINT('',(-29.514508967,13.447210456,-1.119644253));
#3052=CARTESIAN_POINT('',(-29.53048792,13.431357604,-1.166493533));
#3053=CARTESIAN_POINT('',(-29.370759712,13.891992133,-0.854603735));
#3054=CARTESIAN_POINT('',(-29.384149294,13.84231423,-0.852394957));
#3055=CARTESIAN_POINT('',(-29.398899827,13.792643816,-0.85808895));
#3056=CARTESIAN_POINT('',(-29.429738999,13.697986305,-0.884746416));
#3057=CARTESIAN_POINT('',(-29.445823009,13.653013479,-0.905705865));
#3058=CARTESIAN_POINT('',(-29.477811521,13.572006576,-0.960915609));
#3059=CARTESIAN_POINT('',(-29.493711223,13.535984713,-0.995157577));
#3060=CARTESIAN_POINT('',(-29.523830931,13.476289897,-1.073696998));
#3061=CARTESIAN_POINT('',(-29.53804642,13.452625946,-1.11798261));
#3062=CARTESIAN_POINT('',(-29.550751433,13.436257652,-1.165202914));
#3063=CARTESIAN_POINT('',(-29.484078758,13.905333648,-0.841571154));
#3064=CARTESIAN_POINT('',(-29.493838561,13.855399038,-0.841117571));
#3065=CARTESIAN_POINT('',(-29.504041575,13.805471601,-0.848478524));
#3066=CARTESIAN_POINT('',(-29.524400168,13.710213242,-0.878153039));
#3067=CARTESIAN_POINT('',(-29.534552841,13.664896006,-0.900462333));
#3068=CARTESIAN_POINT('',(-29.553876468,13.583044541,-0.957976842));
#3069=CARTESIAN_POINT('',(-29.563044669,13.546522072,-0.99317379));
#3070=CARTESIAN_POINT('',(-29.579556165,13.48563574,-1.073216392));
#3071=CARTESIAN_POINT('',(-29.586897112,13.461280626,-1.118050545));
#3072=CARTESIAN_POINT('',(-29.592988304,13.444131333,-1.1656401));
#3073=CARTESIAN_POINT('',(-29.541332669,13.910366222,-0.839864421));
#3074=CARTESIAN_POINT('',(-29.549266568,13.860318268,-0.839965015));
#3075=CARTESIAN_POINT('',(-29.557199623,13.810277393,-0.847830359));
#3076=CARTESIAN_POINT('',(-29.572342731,13.714766486,-0.878374256));
#3077=CARTESIAN_POINT('',(-29.579550651,13.669309962,-0.901048488));
#3078=CARTESIAN_POINT('',(-29.592584259,13.587134026,-0.959136819));
#3079=CARTESIAN_POINT('',(-29.598408114,13.550426236,-0.994542703));
#3080=CARTESIAN_POINT('',(-29.608141189,13.489113628,-1.074853948));
#3081=CARTESIAN_POINT('',(-29.612049042,13.464517482,-1.119747952));
#3082=CARTESIAN_POINT('',(-29.614821101,13.447101377,-1.167336396));
#3083=CARTESIAN_POINT('',(-29.599132961,13.913911295,-0.843191064));
#3084=CARTESIAN_POINT('',(-29.605262221,13.863778831,-0.843543828));
#3085=CARTESIAN_POINT('',(-29.610947563,13.813653383,-0.851594702));
#3086=CARTESIAN_POINT('',(-29.620915394,13.717957215,-0.882363368));
#3087=CARTESIAN_POINT('',(-29.625196489,13.672399888,-0.905076854));
#3088=CARTESIAN_POINT('',(-29.631965224,13.589993634,-0.963104593));
#3089=CARTESIAN_POINT('',(-29.634451919,13.55315624,-0.998410725));
#3090=CARTESIAN_POINT('',(-29.637404699,13.491549893,-1.07840925));
#3091=CARTESIAN_POINT('',(-29.637870372,13.466789562,-1.123090448));
#3092=CARTESIAN_POINT('',(-29.637304235,13.449193551,-1.17042982));
#3093=B_SPLINE_SURFACE_WITH_KNOTS('',3,3,((#3013,#3014,#3015,#3016,#3017,#3018,#3019,#3020,#3021,#3022),(#3023,#3024,#3025,#3026,#3027,#3028,#3029,#3030,#3031,#3032),(#3033,#3034,#3035,#3036,#3037,#3038,#3039,#3040,#3041,#3042),(#3043,#3044,#3045,#3046,#3047,#3048,#3049,#3050,#3051,#3052),(#3053,#3054,#3055,#3056,#3057,#3058,#3059,#3060,#3061,#3062),(#3063,#3064,#3065,#3066,#3067,#3068,#3069,#3070,#3071,#3072),(#3073,#3074,#3075,#3076,#3077,#3078,#3079,#3080,#3081,#3082),(#3083,#3084,#3085,#3086,#3087,#3088,#3089,#3090,#3091,#3092)),.UNSPECIFIED.,.F.,.F.,.U.,(4,2,2,4),(4,2,2,2,4),(0.002787592,0.002800431,0.00288734,0.002974249),(0.,0.25,0.5,0.75,1.),.UNSPECIFIED.);
#3094=ORIENTED_EDGE('',*,*,#3007,.T.);
#3095=ORIENTED_EDGE('',*,*,#1238,.F.);
#3096=ORIENTED_EDGE('',*,*,#122,.F.);
#3097=ORIENTED_EDGE('',*,*,#882,.F.);
#3098=EDGE_LOOP('',(#3094,#3095,#3096,#3097));
#3099=FACE_BOUND('',#3098,.T.);
#3100=ADVANCED_FACE('',(#3099),#3093,.T.);
#3101=CARTESIAN_POINT('',(-35.108214844,14.9,-11.825593327));
#3102=DIRECTION('',(-0.866025404,0.,0.5));
#3103=DIRECTION('',(0.5,0.,0.866025404));
#3104=AXIS2_PLACEMENT_3D('',#3101,#3102,#3103);
#3105=CYLINDRICAL_SURFACE('',#3104,2.601146923);
#3106=ORIENTED_EDGE('',*,*,#259,.T.);
#3107=CARTESIAN_POINT('',(-36.106050907,16.568309948,-13.553896085));
#3108=VERTEX_POINT('',#3107);
#3109=CARTESIAN_POINT('',(-36.106050907,16.568309948,-13.553896085));
#3110=DIRECTION('',(-0.866025404,0.,0.5));
#3111=VECTOR('',#3110,0.48);
#3112=LINE('',#3109,#3111);
#3113=EDGE_CURVE('',#3108,#253,#3112,.T.);
#3114=ORIENTED_EDGE('',*,*,#3113,.F.);
#3115=CARTESIAN_POINT('',(-36.408788305,14.9,-14.078252641));
#3116=VERTEX_POINT('',#3115);
#3117=CARTESIAN_POINT('',(-35.108214844,14.9,-11.825593327));
#3118=DIRECTION('',(0.866025404,0.,-0.5));
#3119=DIRECTION('',(-0.5,0.,-0.866025404));
#3120=AXIS2_PLACEMENT_3D('',#3117,#3118,#3119);
#3121=CIRCLE('',#3120,2.601146923);
#3122=EDGE_CURVE('',#3116,#3108,#3121,.T.);
#3123=ORIENTED_EDGE('',*,*,#3122,.F.);
#3124=CARTESIAN_POINT('',(-36.408788305,14.9,-14.078252641));
#3125=DIRECTION('',(-0.866025404,0.,0.5));
#3126=VECTOR('',#3125,0.48);
#3127=LINE('',#3124,#3126);
#3128=EDGE_CURVE('',#3116,#251,#3127,.T.);
#3129=ORIENTED_EDGE('',*,*,#3128,.T.);
#3130=EDGE_LOOP('',(#3106,#3114,#3123,#3129));
#3131=FACE_BOUND('',#3130,.T.);
#3132=ADVANCED_FACE('',(#3131),#3105,.T.);
#3133=CARTESIAN_POINT('',(-35.971786049,16.343828786,-13.321342529));
#3134=DIRECTION('',(-0.866025404,0.,0.5));
#3135=DIRECTION('',(0.5,0.,0.866025404));
#3136=AXIS2_PLACEMENT_3D('',#3133,#3134,#3135);
#3137=CYLINDRICAL_SURFACE('',#3136,0.35);
#3138=ORIENTED_EDGE('',*,*,#342,.T.);
#3139=CARTESIAN_POINT('',(-35.796786049,16.343828786,-13.018233638));
#3140=VERTEX_POINT('',#3139);
#3141=CARTESIAN_POINT('',(-35.796786049,16.343828786,-13.018233638));
#3142=DIRECTION('',(-0.866025404,0.,0.5));
#3143=VECTOR('',#3142,0.48);
#3144=LINE('',#3141,#3143);
#3145=EDGE_CURVE('',#3140,#330,#3144,.T.);
#3146=ORIENTED_EDGE('',*,*,#3145,.F.);
#3147=CARTESIAN_POINT('',(-35.971786049,16.343828786,-13.321342529));
#3148=DIRECTION('',(0.866025404,0.,-0.5));
#3149=DIRECTION('',(-0.5,0.,-0.866025404));
#3150=AXIS2_PLACEMENT_3D('',#3147,#3148,#3149);
#3151=CIRCLE('',#3150,0.35);
#3152=EDGE_CURVE('',#3108,#3140,#3151,.T.);
#3153=ORIENTED_EDGE('',*,*,#3152,.F.);
#3154=ORIENTED_EDGE('',*,*,#3113,.T.);
#3155=EDGE_LOOP('',(#3138,#3146,#3153,#3154));
#3156=FACE_BOUND('',#3155,.T.);
#3157=ADVANCED_FACE('',(#3156),#3137,.T.);
#3158=CARTESIAN_POINT('',(-35.796786049,1.275914393,-13.018233638));
#3159=DIRECTION('',(-0.5,-0.,-0.866025404));
#3160=DIRECTION('',(-0.866025404,0.,0.5));
#3161=AXIS2_PLACEMENT_3D('',#3158,#3159,#3160);
#3162=PLANE('',#3161);
#3163=ORIENTED_EDGE('',*,*,#335,.T.);
#3164=CARTESIAN_POINT('',(-35.796786049,-13.792,-13.018233638));
#3165=VERTEX_POINT('',#3164);
#3166=CARTESIAN_POINT('',(-35.796786049,-13.792,-13.018233638));
#3167=DIRECTION('',(-0.866025404,0.,0.5));
#3168=VECTOR('',#3167,0.48);
#3169=LINE('',#3166,#3168);
#3170=EDGE_CURVE('',#3165,#321,#3169,.T.);
#3171=ORIENTED_EDGE('',*,*,#3170,.F.);
#3172=CARTESIAN_POINT('',(-35.796786049,16.343828786,-13.018233638));
#3173=DIRECTION('',(0.,-1.,0.));
#3174=VECTOR('',#3173,30.135828786);
#3175=LINE('',#3172,#3174);
#3176=EDGE_CURVE('',#3140,#3165,#3175,.T.);
#3177=ORIENTED_EDGE('',*,*,#3176,.F.);
#3178=ORIENTED_EDGE('',*,*,#3145,.T.);
#3179=EDGE_LOOP('',(#3163,#3171,#3177,#3178));
#3180=FACE_BOUND('',#3179,.T.);
#3181=ADVANCED_FACE('',(#3180),#3162,.F.);
#3182=CARTESIAN_POINT('',(-35.571786049,-13.792,-12.628522206));
#3183=DIRECTION('',(-0.866025404,0.,0.5));
#3184=DIRECTION('',(0.5,0.,0.866025404));
#3185=AXIS2_PLACEMENT_3D('',#3182,#3183,#3184);
#3186=CYLINDRICAL_SURFACE('',#3185,0.45);
#3187=ORIENTED_EDGE('',*,*,#327,.F.);
#3188=CARTESIAN_POINT('',(-35.571786049,-14.242,-12.628522206));
#3189=VERTEX_POINT('',#3188);
#3190=CARTESIAN_POINT('',(-35.571786049,-14.242,-12.628522206));
#3191=DIRECTION('',(-0.866025404,0.,0.5));
#3192=VECTOR('',#3191,0.48);
#3193=LINE('',#3190,#3192);
#3194=EDGE_CURVE('',#3189,#313,#3193,.T.);
#3195=ORIENTED_EDGE('',*,*,#3194,.F.);
#3196=CARTESIAN_POINT('',(-35.571786049,-13.792,-12.628522206));
#3197=DIRECTION('',(0.866025404,0.,-0.5));
#3198=DIRECTION('',(-0.5,0.,-0.866025404));
#3199=AXIS2_PLACEMENT_3D('',#3196,#3197,#3198);
#3200=CIRCLE('',#3199,0.45);
#3201=EDGE_CURVE('',#3189,#3165,#3200,.T.);
#3202=ORIENTED_EDGE('',*,*,#3201,.T.);
#3203=ORIENTED_EDGE('',*,*,#3170,.T.);
#3204=EDGE_LOOP('',(#3187,#3195,#3202,#3203));
#3205=FACE_BOUND('',#3204,.T.);
#3206=ADVANCED_FACE('',(#3205),#3186,.F.);
#3207=CARTESIAN_POINT('',(-32.54478492,-14.242,-7.385602459));
#3208=DIRECTION('',(0.,-1.,0.));
#3209=DIRECTION('',(0.866025404,0.,-0.5));
#3210=AXIS2_PLACEMENT_3D('',#3207,#3208,#3209);
#3211=PLANE('',#3210);
#3212=ORIENTED_EDGE('',*,*,#318,.T.);
#3213=CARTESIAN_POINT('',(-29.517783792,-14.242,-2.142682712));
#3214=VERTEX_POINT('',#3213);
#3215=CARTESIAN_POINT('',(-29.517783792,-14.242,-2.142682712));
#3216=DIRECTION('',(-0.866025404,0.,0.5));
#3217=VECTOR('',#3216,0.48);
#3218=LINE('',#3215,#3217);
#3219=EDGE_CURVE('',#3214,#304,#3218,.T.);
#3220=ORIENTED_EDGE('',*,*,#3219,.F.);
#3221=CARTESIAN_POINT('',(-35.571786049,-14.242,-12.628522206));
#3222=DIRECTION('',(0.5,0.,0.866025404));
#3223=VECTOR('',#3222,12.108004511);
#3224=LINE('',#3221,#3223);
#3225=EDGE_CURVE('',#3189,#3214,#3224,.T.);
#3226=ORIENTED_EDGE('',*,*,#3225,.F.);
#3227=ORIENTED_EDGE('',*,*,#3194,.T.);
#3228=EDGE_LOOP('',(#3212,#3220,#3226,#3227));
#3229=FACE_BOUND('',#3228,.T.);
#3230=ADVANCED_FACE('',(#3229),#3211,.F.);
#3231=CARTESIAN_POINT('',(-29.517783792,-14.592,-2.142682712));
#3232=DIRECTION('',(-0.866025404,0.,0.5));
#3233=DIRECTION('',(0.5,0.,0.866025404));
#3234=AXIS2_PLACEMENT_3D('',#3231,#3232,#3233);
#3235=CYLINDRICAL_SURFACE('',#3234,0.35);
#3236=ORIENTED_EDGE('',*,*,#310,.T.);
#3237=CARTESIAN_POINT('',(-29.342783792,-14.592,-1.83957382));
#3238=VERTEX_POINT('',#3237);
#3239=CARTESIAN_POINT('',(-29.342783792,-14.592,-1.83957382));
#3240=DIRECTION('',(-0.866025404,0.,0.5));
#3241=VECTOR('',#3240,0.48);
#3242=LINE('',#3239,#3241);
#3243=EDGE_CURVE('',#3238,#296,#3242,.T.);
#3244=ORIENTED_EDGE('',*,*,#3243,.F.);
#3245=CARTESIAN_POINT('',(-29.517783792,-14.592,-2.142682712));
#3246=DIRECTION('',(0.866025404,0.,-0.5));
#3247=DIRECTION('',(-0.5,0.,-0.866025404));
#3248=AXIS2_PLACEMENT_3D('',#3245,#3246,#3247);
#3249=CIRCLE('',#3248,0.35);
#3250=EDGE_CURVE('',#3214,#3238,#3249,.T.);
#3251=ORIENTED_EDGE('',*,*,#3250,.F.);
#3252=ORIENTED_EDGE('',*,*,#3219,.T.);
#3253=EDGE_LOOP('',(#3236,#3244,#3251,#3252));
#3254=FACE_BOUND('',#3253,.T.);
#3255=ADVANCED_FACE('',(#3254),#3235,.T.);
#3256=CARTESIAN_POINT('',(-29.342783792,-14.746,-1.83957382));
#3257=DIRECTION('',(-0.5,0.,-0.866025404));
#3258=DIRECTION('',(-0.866025404,0.,0.5));
#3259=AXIS2_PLACEMENT_3D('',#3256,#3257,#3258);
#3260=PLANE('',#3259);
#3261=ORIENTED_EDGE('',*,*,#301,.T.);
#3262=CARTESIAN_POINT('',(-29.342783792,-14.9,-1.83957382));
#3263=VERTEX_POINT('',#3262);
#3264=CARTESIAN_POINT('',(-29.342783792,-14.9,-1.83957382));
#3265=DIRECTION('',(-0.866025404,0.,0.5));
#3266=VECTOR('',#3265,0.48);
#3267=LINE('',#3264,#3266);
#3268=EDGE_CURVE('',#3263,#287,#3267,.T.);
#3269=ORIENTED_EDGE('',*,*,#3268,.F.);
#3270=CARTESIAN_POINT('',(-29.342783792,-14.592,-1.83957382));
#3271=DIRECTION('',(0.,-1.,0.));
#3272=VECTOR('',#3271,0.308);
#3273=LINE('',#3270,#3272);
#3274=EDGE_CURVE('',#3238,#3263,#3273,.T.);
#3275=ORIENTED_EDGE('',*,*,#3274,.F.);
#3276=ORIENTED_EDGE('',*,*,#3243,.T.);
#3277=EDGE_LOOP('',(#3261,#3269,#3275,#3276));
#3278=FACE_BOUND('',#3277,.T.);
#3279=ADVANCED_FACE('',(#3278),#3260,.F.);
#3280=CARTESIAN_POINT('',(-30.643357254,-14.9,-4.092233135));
#3281=DIRECTION('',(-0.866025404,0.,0.5));
#3282=DIRECTION('',(0.5,0.,0.866025404));
#3283=AXIS2_PLACEMENT_3D('',#3280,#3281,#3282);
#3284=CYLINDRICAL_SURFACE('',#3283,2.601146923);
#3285=ORIENTED_EDGE('',*,*,#293,.T.);
#3286=CARTESIAN_POINT('',(-30.643357254,-17.501146923,-4.092233135));
#3287=VERTEX_POINT('',#3286);
#3288=CARTESIAN_POINT('',(-30.643357254,-17.501146923,-4.092233135));
#3289=DIRECTION('',(-0.866025404,0.,0.5));
#3290=VECTOR('',#3289,0.48);
#3291=LINE('',#3288,#3290);
#3292=EDGE_CURVE('',#3287,#279,#3291,.T.);
#3293=ORIENTED_EDGE('',*,*,#3292,.F.);
#3294=CARTESIAN_POINT('',(-30.643357254,-14.9,-4.092233135));
#3295=DIRECTION('',(0.866025404,0.,-0.5));
#3296=DIRECTION('',(-0.5,0.,-0.866025404));
#3297=AXIS2_PLACEMENT_3D('',#3294,#3295,#3296);
#3298=CIRCLE('',#3297,2.601146923);
#3299=EDGE_CURVE('',#3263,#3287,#3298,.T.);
#3300=ORIENTED_EDGE('',*,*,#3299,.F.);
#3301=ORIENTED_EDGE('',*,*,#3268,.T.);
#3302=EDGE_LOOP('',(#3285,#3293,#3300,#3301));
#3303=FACE_BOUND('',#3302,.T.);
#3304=ADVANCED_FACE('',(#3303),#3284,.T.);
#3305=CARTESIAN_POINT('',(-32.875786048,-17.501146923,-7.95891323));
#3306=DIRECTION('',(0.,1.,0.));
#3307=DIRECTION('',(-0.5,0.,-0.866025404));
#3308=AXIS2_PLACEMENT_3D('',#3305,#3306,#3307);
#3309=PLANE('',#3308);
#3310=ORIENTED_EDGE('',*,*,#284,.T.);
#3311=CARTESIAN_POINT('',(-35.108214842,-17.501146923,-11.825593324));
#3312=VERTEX_POINT('',#3311);
#3313=CARTESIAN_POINT('',(-35.108214842,-17.501146923,-11.825593324));
#3314=DIRECTION('',(-0.866025404,0.,0.5));
#3315=VECTOR('',#3314,0.48);
#3316=LINE('',#3313,#3315);
#3317=EDGE_CURVE('',#3312,#270,#3316,.T.);
#3318=ORIENTED_EDGE('',*,*,#3317,.F.);
#3319=CARTESIAN_POINT('',(-30.643357254,-17.501146923,-4.092233135));
#3320=DIRECTION('',(-0.5,0.,-0.866025404));
#3321=VECTOR('',#3320,8.929715175);
#3322=LINE('',#3319,#3321);
#3323=EDGE_CURVE('',#3287,#3312,#3322,.T.);
#3324=ORIENTED_EDGE('',*,*,#3323,.F.);
#3325=ORIENTED_EDGE('',*,*,#3292,.T.);
#3326=EDGE_LOOP('',(#3310,#3318,#3324,#3325));
#3327=FACE_BOUND('',#3326,.T.);
#3328=ADVANCED_FACE('',(#3327),#3309,.F.);
#3329=CARTESIAN_POINT('',(-35.108214842,-14.9,-11.825593324));
#3330=DIRECTION('',(-0.866025404,0.,0.5));
#3331=DIRECTION('',(0.5,0.,0.866025404));
#3332=AXIS2_PLACEMENT_3D('',#3329,#3330,#3331);
#3333=CYLINDRICAL_SURFACE('',#3332,2.601146923);
#3334=ORIENTED_EDGE('',*,*,#276,.T.);
#3335=CARTESIAN_POINT('',(-36.408788304,-14.9,-14.078252638));
#3336=VERTEX_POINT('',#3335);
#3337=CARTESIAN_POINT('',(-36.408788304,-14.9,-14.078252638));
#3338=DIRECTION('',(-0.866025404,0.,0.5));
#3339=VECTOR('',#3338,0.48);
#3340=LINE('',#3337,#3339);
#3341=EDGE_CURVE('',#3336,#262,#3340,.T.);
#3342=ORIENTED_EDGE('',*,*,#3341,.F.);
#3343=CARTESIAN_POINT('',(-35.108214842,-14.9,-11.825593324));
#3344=DIRECTION('',(0.866025404,0.,-0.5));
#3345=DIRECTION('',(-0.5,0.,-0.866025404));
#3346=AXIS2_PLACEMENT_3D('',#3343,#3344,#3345);
#3347=CIRCLE('',#3346,2.601146923);
#3348=EDGE_CURVE('',#3312,#3336,#3347,.T.);
#3349=ORIENTED_EDGE('',*,*,#3348,.F.);
#3350=ORIENTED_EDGE('',*,*,#3317,.T.);
#3351=EDGE_LOOP('',(#3334,#3342,#3349,#3350));
#3352=FACE_BOUND('',#3351,.T.);
#3353=ADVANCED_FACE('',(#3352),#3333,.T.);
#3354=CARTESIAN_POINT('',(-36.408788305,-0.,-14.078252639));
#3355=DIRECTION('',(0.5,0.,0.866025404));
#3356=DIRECTION('',(0.866025404,0.,-0.5));
#3357=AXIS2_PLACEMENT_3D('',#3354,#3355,#3356);
#3358=PLANE('',#3357);
#3359=ORIENTED_EDGE('',*,*,#267,.T.);
#3360=ORIENTED_EDGE('',*,*,#3128,.F.);
#3361=CARTESIAN_POINT('',(-36.408788304,-14.9,-14.078252638));
#3362=DIRECTION('',(-0.,1.,-0.));
#3363=VECTOR('',#3362,29.8);
#3364=LINE('',#3361,#3363);
#3365=EDGE_CURVE('',#3336,#3116,#3364,.T.);
#3366=ORIENTED_EDGE('',*,*,#3365,.F.);
#3367=ORIENTED_EDGE('',*,*,#3341,.T.);
#3368=EDGE_LOOP('',(#3359,#3360,#3366,#3367));
#3369=FACE_BOUND('',#3368,.T.);
#3370=ADVANCED_FACE('',(#3369),#3358,.F.);
#3371=CARTESIAN_POINT('',(-45.921786051,0.,-30.555248064));
#3372=DIRECTION('',(0.866025404,0.,-0.5));
#3373=DIRECTION('',(-0.5,0.,-0.866025404));
#3374=AXIS2_PLACEMENT_3D('',#3371,#3372,#3373);
#3375=PLANE('',#3374);
#3376=ORIENTED_EDGE('',*,*,#3122,.T.);
#3377=ORIENTED_EDGE('',*,*,#3152,.T.);
#3378=ORIENTED_EDGE('',*,*,#3176,.T.);
#3379=ORIENTED_EDGE('',*,*,#3201,.F.);
#3380=ORIENTED_EDGE('',*,*,#3225,.T.);
#3381=ORIENTED_EDGE('',*,*,#3250,.T.);
#3382=ORIENTED_EDGE('',*,*,#3274,.T.);
#3383=ORIENTED_EDGE('',*,*,#3299,.T.);
#3384=ORIENTED_EDGE('',*,*,#3323,.T.);
#3385=ORIENTED_EDGE('',*,*,#3348,.T.);
#3386=ORIENTED_EDGE('',*,*,#3365,.T.);
#3387=EDGE_LOOP('',(#3376,#3377,#3378,#3379,#3380,#3381,#3382,#3383,#3384,#3385,#3386));
#3388=FACE_BOUND('',#3387,.T.);
#3389=ADVANCED_FACE('',(#3388),#3375,.T.);
#3390=CARTESIAN_POINT('',(-31.674512922,0.,-4.735724366));
#3391=DIRECTION('',(0.,1.,0.));
#3392=DIRECTION('',(-0.866025404,0.,0.5));
#3393=AXIS2_PLACEMENT_3D('',#3390,#3391,#3392);
#3394=CYLINDRICAL_SURFACE('',#3393,0.6);
#3395=CARTESIAN_POINT('',(-31.674512922,8.492,-4.735724366));
#3396=DIRECTION('',(0.,1.,0.));
#3397=DIRECTION('',(-0.866025404,0.,0.5));
#3398=AXIS2_PLACEMENT_3D('',#3395,#3396,#3397);
#3399=CIRCLE('',#3398,0.6);
#3400=EDGE_CURVE('',#993,#389,#3399,.T.);
#3401=ORIENTED_EDGE('',*,*,#3400,.F.);
#3402=ORIENTED_EDGE('',*,*,#998,.F.);
#3403=CARTESIAN_POINT('',(-31.674512922,-8.492,-4.735724366));
#3404=DIRECTION('',(0.,-1.,0.));
#3405=DIRECTION('',(0.866025404,0.,-0.5));
#3406=AXIS2_PLACEMENT_3D('',#3403,#3404,#3405);
#3407=CIRCLE('',#3406,0.6);
#3408=EDGE_CURVE('',#398,#985,#3407,.T.);
#3409=ORIENTED_EDGE('',*,*,#3408,.F.);
#3410=ORIENTED_EDGE('',*,*,#403,.F.);
#3411=EDGE_LOOP('',(#3401,#3402,#3409,#3410));
#3412=FACE_BOUND('',#3411,.T.);
#3413=ADVANCED_FACE('',(#3412),#3394,.T.);
#3414=CARTESIAN_POINT('',(-33.324512922,-8.492,-7.593608199));
#3415=DIRECTION('',(-0.866025404,0.,0.5));
#3416=DIRECTION('',(0.5,0.,0.866025404));
#3417=AXIS2_PLACEMENT_3D('',#3414,#3415,#3416);
#3418=TOROIDAL_SURFACE('',#3417,3.3,0.6);
#3419=ORIENTED_EDGE('',*,*,#3408,.T.);
#3420=ORIENTED_EDGE('',*,*,#1185,.F.);
#3421=CARTESIAN_POINT('',(-33.324512922,-11.792,-7.593608199));
#3422=DIRECTION('',(-0.5,0.,-0.866025404));
#3423=DIRECTION('',(-0.866025404,0.,0.5));
#3424=AXIS2_PLACEMENT_3D('',#3421,#3422,#3423);
#3425=CIRCLE('',#3424,0.6);
#3426=EDGE_CURVE('',#406,#962,#3425,.T.);
#3427=ORIENTED_EDGE('',*,*,#3426,.F.);
#3428=ORIENTED_EDGE('',*,*,#412,.F.);
#3429=EDGE_LOOP('',(#3419,#3420,#3427,#3428));
#3430=FACE_BOUND('',#3429,.T.);
#3431=ADVANCED_FACE('',(#3430),#3418,.T.);
#3432=CARTESIAN_POINT('',(-33.324512922,8.492,-7.593608199));
#3433=DIRECTION('',(-0.866025404,0.,0.5));
#3434=DIRECTION('',(0.5,0.,0.866025404));
#3435=AXIS2_PLACEMENT_3D('',#3432,#3433,#3434);
#3436=TOROIDAL_SURFACE('',#3435,3.3,0.6);
#3437=ORIENTED_EDGE('',*,*,#3400,.T.);
#3438=ORIENTED_EDGE('',*,*,#395,.F.);
#3439=CARTESIAN_POINT('',(-33.324512922,11.792,-7.593608199));
#3440=DIRECTION('',(-0.5,0.,-0.866025404));
#3441=DIRECTION('',(-0.866025404,0.,0.5));
#3442=AXIS2_PLACEMENT_3D('',#3439,#3440,#3441);
#3443=CIRCLE('',#3442,0.6);
#3444=EDGE_CURVE('',#1047,#381,#3443,.T.);
#3445=ORIENTED_EDGE('',*,*,#3444,.F.);
#3446=ORIENTED_EDGE('',*,*,#1143,.F.);
#3447=EDGE_LOOP('',(#3437,#3438,#3445,#3446));
#3448=FACE_BOUND('',#3447,.T.);
#3449=ADVANCED_FACE('',(#3448),#3436,.T.);
#3450=CARTESIAN_POINT('',(-33.370512922,-11.792,-7.673282536));
#3451=DIRECTION('',(0.5,0.,0.866025404));
#3452=DIRECTION('',(0.866025404,0.,-0.5));
#3453=AXIS2_PLACEMENT_3D('',#3450,#3451,#3452);
#3454=CYLINDRICAL_SURFACE('',#3453,0.6);
#3455=ORIENTED_EDGE('',*,*,#3426,.T.);
#3456=ORIENTED_EDGE('',*,*,#967,.F.);
#3457=CARTESIAN_POINT('',(-33.416512922,-11.792,-7.752956873));
#3458=DIRECTION('',(-0.5,0.,-0.866025404));
#3459=DIRECTION('',(-0.866025404,0.,0.5));
#3460=AXIS2_PLACEMENT_3D('',#3457,#3458,#3459);
#3461=CIRCLE('',#3460,0.6);
#3462=EDGE_CURVE('',#353,#954,#3461,.T.);
#3463=ORIENTED_EDGE('',*,*,#3462,.F.);
#3464=ORIENTED_EDGE('',*,*,#418,.F.);
#3465=EDGE_LOOP('',(#3455,#3456,#3463,#3464));
#3466=FACE_BOUND('',#3465,.T.);
#3467=ADVANCED_FACE('',(#3466),#3454,.T.);
#3468=CARTESIAN_POINT('',(-16.232726211,11.792,22.010234776));
#3469=DIRECTION('',(-0.5,0.,-0.866025404));
#3470=DIRECTION('',(-0.866025404,0.,0.5));
#3471=AXIS2_PLACEMENT_3D('',#3468,#3469,#3470);
#3472=CYLINDRICAL_SURFACE('',#3471,0.6);
#3473=ORIENTED_EDGE('',*,*,#3444,.T.);
#3474=ORIENTED_EDGE('',*,*,#386,.F.);
#3475=CARTESIAN_POINT('',(-33.416512922,11.792,-7.752956873));
#3476=DIRECTION('',(-0.5,0.,-0.866025404));
#3477=DIRECTION('',(-0.866025404,0.,0.5));
#3478=AXIS2_PLACEMENT_3D('',#3475,#3476,#3477);
#3479=CIRCLE('',#3478,0.6);
#3480=EDGE_CURVE('',#1055,#372,#3479,.T.);
#3481=ORIENTED_EDGE('',*,*,#3480,.F.);
#3482=ORIENTED_EDGE('',*,*,#1060,.F.);
#3483=EDGE_LOOP('',(#3473,#3474,#3481,#3482));
#3484=FACE_BOUND('',#3483,.T.);
#3485=ADVANCED_FACE('',(#3484),#3472,.T.);
#3486=CARTESIAN_POINT('',(-33.416512922,-8.492,-7.752956873));
#3487=DIRECTION('',(-0.866025404,0.,0.5));
#3488=DIRECTION('',(0.5,0.,0.866025404));
#3489=AXIS2_PLACEMENT_3D('',#3486,#3487,#3488);
#3490=TOROIDAL_SURFACE('',#3489,3.3,0.6);
#3491=ORIENTED_EDGE('',*,*,#3462,.T.);
#3492=ORIENTED_EDGE('',*,*,#1125,.F.);
#3493=CARTESIAN_POINT('',(-35.066512922,-8.492,-10.610840705));
#3494=DIRECTION('',(0.,1.,0.));
#3495=DIRECTION('',(-0.866025404,0.,0.5));
#3496=AXIS2_PLACEMENT_3D('',#3493,#3494,#3495);
#3497=CIRCLE('',#3496,0.6);
#3498=EDGE_CURVE('',#355,#1024,#3497,.T.);
#3499=ORIENTED_EDGE('',*,*,#3498,.F.);
#3500=ORIENTED_EDGE('',*,*,#361,.F.);
#3501=EDGE_LOOP('',(#3491,#3492,#3499,#3500));
#3502=FACE_BOUND('',#3501,.T.);
#3503=ADVANCED_FACE('',(#3502),#3490,.T.);
#3504=CARTESIAN_POINT('',(-33.416512922,8.492,-7.752956873));
#3505=DIRECTION('',(-0.866025404,0.,0.5));
#3506=DIRECTION('',(0.5,0.,0.866025404));
#3507=AXIS2_PLACEMENT_3D('',#3504,#3505,#3506);
#3508=TOROIDAL_SURFACE('',#3507,3.3,0.6);
#3509=ORIENTED_EDGE('',*,*,#3480,.T.);
#3510=ORIENTED_EDGE('',*,*,#378,.F.);
#3511=CARTESIAN_POINT('',(-35.066512922,8.492,-10.610840705));
#3512=DIRECTION('',(0.,-1.,0.));
#3513=DIRECTION('',(0.866025404,0.,-0.5));
#3514=AXIS2_PLACEMENT_3D('',#3511,#3512,#3513);
#3515=CIRCLE('',#3514,0.6);
#3516=EDGE_CURVE('',#1016,#364,#3515,.T.);
#3517=ORIENTED_EDGE('',*,*,#3516,.F.);
#3518=ORIENTED_EDGE('',*,*,#1107,.F.);
#3519=EDGE_LOOP('',(#3509,#3510,#3517,#3518));
#3520=FACE_BOUND('',#3519,.T.);
#3521=ADVANCED_FACE('',(#3520),#3508,.T.);
#3522=CARTESIAN_POINT('',(-35.066512922,-0.,-10.610840705));
#3523=DIRECTION('',(0.,-1.,0.));
#3524=DIRECTION('',(0.5,0.,0.866025404));
#3525=AXIS2_PLACEMENT_3D('',#3522,#3523,#3524);
#3526=CYLINDRICAL_SURFACE('',#3525,0.6);
#3527=ORIENTED_EDGE('',*,*,#3498,.T.);
#3528=ORIENTED_EDGE('',*,*,#1029,.F.);
#3529=ORIENTED_EDGE('',*,*,#3516,.T.);
#3530=ORIENTED_EDGE('',*,*,#369,.F.);
#3531=EDGE_LOOP('',(#3527,#3528,#3529,#3530));
#3532=FACE_BOUND('',#3531,.T.);
#3533=ADVANCED_FACE('',(#3532),#3526,.T.);
#3534=CLOSED_SHELL('',(#346,#492,#546,#779,#803,#821,#839,#857,#899,#917,#935,#947,#978,#1009,#1040,#1071,#1113,#1131,#1149,#1191,#1224,#1277,#1330,#1347,#1364,#1381,
#1398,#1416,#1434,#1452,#1470,#1616,#1649,#1675,#1701,#1726,#1751,#1777,#1803,#1820,#1854,#1879,#1904,#1930,#1956,#1981,#2006,#2024,#2048,#2066,#2084,
#2102,#2120,#2138,#2156,#2168,#2192,#2210,#2228,#2246,#2264,#2282,#2300,#2312,#2406,#2444,#2518,#2672,#2690,#2844,#2938,#3012,#3100,#3132,#3157,#3181,
#3206,#3230,#3255,#3279,#3304,#3328,#3353,#3370,#3389,#3413,#3431,#3449,#3467,#3485,#3503,#3521,#3533));
#3535=MANIFOLD_SOLID_BREP('top plate (OLED 2)',#3534);
#3536=DRAUGHTING_PRE_DEFINED_COLOUR('white');
#3537=FILL_AREA_STYLE_COLOUR('',#3536);
#3538=FILL_AREA_STYLE('',(#3537));
#3539=SURFACE_STYLE_FILL_AREA(#3538);
#3540=SURFACE_SIDE_STYLE('',(#3539));
#3541=SURFACE_STYLE_USAGE(.BOTH.,#3540);
#3542=PRESENTATION_STYLE_ASSIGNMENT((#3541));
#26=STYLED_ITEM('',(#3542),#3535);
#16=SHAPE_REPRESENTATION('top plate (OLED 2)',(#15),#10);
#17=ADVANCED_BREP_SHAPE_REPRESENTATION('top plate (OLED 2)',(#3535),#10);
#3550=SHAPE_REPRESENTATION_RELATIONSHIP('','',#16,#17);
#3551=CARTESIAN_POINT('',(0.,0.,0.));
#3552=DIRECTION('',(0.,0.,1.));
#3553=DIRECTION('',(1.,0.,0.));
#3554=AXIS2_PLACEMENT_3D('',#3551,#3552,#3553);
#3556=MAPPED_ITEM('',#3555,#3554);
#3555=REPRESENTATION_MAP(#3554,#16);
#3557=APPLICATION_CONTEXT('Managed model based 3d engineering');
#3558=APPLICATION_PROTOCOL_DEFINITION('international standard','ap242_managed_model_based_3d_engineering',2014,#3557);
#3559=PRODUCT_CONTEXT('',#3557,'mechanical');
#3560=PRODUCT_DEFINITION_CONTEXT('part definition',#3557,'design');
#24=PRODUCT('top plate (OLED 2)','top plate (OLED 2)','',(#3559));
#3561=PRODUCT_RELATED_PRODUCT_CATEGORY('part','',(#24));
#3562=PRODUCT_DEFINITION_FORMATION_WITH_SPECIFIED_SOURCE('','',#24,.NOT_KNOWN.);
#25=PRODUCT_DEFINITION('design','',#3562,#3560);
#23=PRODUCT_DEFINITION_SHAPE('','',#25);
#3563=SHAPE_DEFINITION_REPRESENTATION(#23,#16);
#11=DRAUGHTING_MODEL('',(#3556),#10);
#3564=DESCRIPTIVE_REPRESENTATION_ITEM('KEY','/Users/sanyamsaharan/Library/Containers/com.shapr3d.shapr/Data/tmp/30C68AF8-6E3B-4412-9B33-C1EA608D51BC.tmp');
#3565=PROPERTY_DEFINITION('KEY','',#25);
#3566=REPRESENTATION('',(#3564),#10);
#3567=PROPERTY_DEFINITION_REPRESENTATION(#3565,#3566);
#3568=GENERAL_PROPERTY('','KEY','');
#3569=GENERAL_PROPERTY_ASSOCIATION('','',#3568,#3565);
#1=MECHANICAL_DESIGN_GEOMETRIC_PRESENTATION_REPRESENTATION('',(#26),#10);
ENDSEC;
END-ISO-10303-21;
